Date,Open,High,Low,Raw_Close,Adj_Close,Volume,Return,LogReturn,Volatility,RSI_14,Turnover,OBV,MFI_14,VWAP
2015-01-22,112.45999908447266,114.4000015258789,111.9000015258789,114.25,78.35404205322266,3008100,0.023012249924071,0.0227514614081289,2.5,64.9190401119835,235696793.90029907,0,,78.35404205322266
2015-01-23,103.6999969482422,104.9800033569336,102.6999969482422,102.93000030517578,70.59065246582031,19275400,-0.0990809074294979,-0.1043398227748563,2.280006408691392,34.66451471960188,1360663062.5396729,-19275400,,71.63864996252707
2015-01-26,101.6999969482422,102.5,99.5999984741211,102.3499984741211,70.19287109375,10903700,-0.0056350431420494,-0.0056509798953829,2.9000015258789062,37.15801442171741,765362008.5449219,-30179100,,71.1636373356262
2015-01-27,100.55999755859376,101.94000244140624,100.55999755859376,100.8499984741211,69.1641616821289,4766300,-0.0146554685054433,-0.0147639208011078,1.3800048828124716,35.90622318176837,329657143.825531,-34945400,,70.91253794275693
2015-01-28,101.16000366210938,101.91000366210938,99.1999969482422,99.3000030517578,68.10115814208984,5481400,-0.0153692825039145,-0.0154886142002529,2.7100067138671733,30.916713791728853,373289688.24005127,-40426800,,70.55774727351682
2015-01-29,99.26000213623048,100.6999969482422,98.29000091552734,100.41999816894533,68.86925506591797,4648300,0.0112787644848202,0.0112156334703987,2.409996032714858,28.44197871104346,320124958.3229065,-35778500,,70.3945173235846
2015-01-30,99.54000091552734,101.2699966430664,98.80999755859376,98.83999633789062,67.78567504882812,5916300,-0.0157338716100922,-0.0158589628156277,2.459999084472642,27.527164429896644,401040389.29138184,-41694800,,70.10868701867173
2015-02-02,99.0,100.26000213623048,98.33999633789062,100.12999725341795,68.67037200927734,3811800,0.0130513852640981,0.0129669498083648,1.920005798339858,31.123487480518705,261757724.02496338,-37883000,,70.01385142160318
2015-02-03,100.88999938964844,101.63999938964844,99.23999786376952,100.56999969482422,68.97213745117188,5581600,0.0043944052298676,0.0043847780247949,2.4000015258789205,31.04135292135756,384974882.39746094,-32301400,,69.92213088669534
2015-02-04,100.06999969482422,101.26000213623048,99.83999633789062,100.52999877929688,68.94469451904297,4278600,-0.0003978843217427,-0.0003979634987123,1.420005798339858,31.929719396978896,294986769.96917725,-36580000,,69.86033146976742
2015-02-05,100.98999786376952,102.23999786376952,100.6999969482422,101.45999908447266,69.58248901367188,4026400,0.0092508132653013,0.0092082865621329,1.540000915527315,34.53179701424311,280166933.76464844,-32553600,,69.84472843445923
2015-02-06,101.12999725341795,101.55999755859376,100.31999969482422,100.66999816894533,69.04071807861328,2965400,-0.0077860240807445,-0.0078164934259873,1.2399978637695457,30.809105081415083,204733345.39031982,-35519000,,69.81279557977392
2015-02-09,100.31999969482422,100.9800033569336,99.87000274658205,100.45999908447266,68.89669799804688,2626200,-0.0020860165504422,-0.002088195313451,1.1100006103515483,27.665809001001165,180936508.2824707,-38145200,,69.78166773615827
2015-02-10,100.83999633789062,101.30999755859376,100.1500015258789,101.08000183105467,69.3218994140625,2750900,0.0061715790215037,0.0061526128219592,1.159996032714858,28.402590308330105,190697613.09814453,-35394300,31.543201663405274,69.76586600756555
2015-02-11,101.0999984741211,101.7699966430664,100.5199966430664,100.91000366210938,69.205322265625,2826100,-0.001681678508853,-0.0016830941174449,1.25,19.87347846294924,195581161.2548828,-38220400,44.61932539797895,69.74674908252227
2015-02-12,100.87000274658205,101.68000030517578,100.55999755859376,101.41000366210938,69.5481948852539,2981600,0.0049544255904609,0.0049421928116192,1.120002746582017,43.28600082747532,207364897.86987305,-35238800,55.73047500347707,69.73985307440357
2015-02-13,101.16999816894533,101.97000122070312,101.0999984741211,101.79000091552734,69.808837890625,2106000,0.0037476602491426,0.003740655266546,0.8700027465820312,47.48213746200896,147017412.59765625,-33132800,63.884743561556334,69.74150486804324
2015-02-17,101.9000015258789,102.81999969482422,101.66000366210938,102.51000213623048,70.30261993408203,3814800,0.0070733457020253,0.0070484469350912,1.1599960327148438,58.02720707848825,268190434.52453613,-29318000,72.4627803013489,69.76483021850429
2015-02-18,102.51000213623048,102.8000030517578,102.0500030517578,102.62000274658205,70.37804412841797,2348400,0.0010728504059545,0.0010722753132466,0.75,68.65178370540737,165275798.83117676,-26969600,75.64616860286316,69.78013103510273
2015-02-19,102.05999755859376,102.45999908447266,101.63999938964844,101.6999969482422,70.2468032836914,2435200,-0.001864798124925,-0.0018665390255705,0.8199996948242188,62.59919111962107,171065015.3564453,-29404800,66.90078942184063,69.7919012146399
2015-02-20,101.48999786376952,102.0500030517578,100.9499969482422,101.95999908447266,70.42639923095703,3411700,0.0025566422793692,0.0025533796292665,1.1000061035155966,78.93736236725809,240273746.2562561,-25993100,73.92288240228451,69.81355613592442
2015-02-23,102.08999633789062,102.08999633789062,101.4499969482422,101.7699966430664,70.29515075683594,1728100,-0.001863626077072,-0.0018653647886909,0.6399993896484233,71.32602848370628,121477050.02288818,-27721200,72.14946505300513,69.82174007575465
2015-02-24,101.75,102.41999816894533,101.63999938964844,102.31999969482422,70.675048828125,2715800,0.0054043282815225,0.0053897773014083,0.7799987792968892,71.9023283563343,191939297.60742188,-25005400,70.71682087349765,69.84393582407003
2015-02-25,102.4499969482422,102.58000183105467,101.75,101.95999908447266,70.42639923095703,2215100,-0.0035182090609184,-0.0035244125127173,0.8300018310546733,68.03122528029591,156001516.93649292,-27220500,63.46793523131329,69.85603651784582
2015-02-26,101.68000030517578,102.18000030517578,101.5,101.86000061035156,70.35731506347656,2125500,-0.0009809413548733,-0.0009814227927114,0.6800003051757812,60.94384434348572,149544473.16741943,-29346000,70.77884615551561,69.86583403771262
2015-02-27,101.80999755859376,102.44000244140624,101.6999969482422,101.7300033569336,70.26753997802734,2130900,-0.0012759879391108,-0.0012768027048825,0.7400054931640341,69.86426256077796,149733100.93917847,-31476900,71.30731074085563,69.87355407988645
2015-03-02,101.7300033569336,102.37000274658205,101.4800033569336,101.93000030517578,70.40567779541016,2315600,0.0019658837839777,0.00196395396324,0.8899993896484517,74.47949284743589,163031387.50305176,-29161300,63.65164777569886,69.88443957393271
2015-03-03,101.37999725341795,101.91000366210938,101.19000244140624,101.5,70.10868072509766,2767400,-0.0042183681716059,-0.0042272905874854,0.7200012207031392,63.317552437257376,194018763.03863525,-31928700,53.37741163495625,69.88979099725138
2015-03-04,101.0,101.3499984741211,100.3000030517578,100.41999816894533,69.36267852783203,4511700,-0.0106406537614188,-0.0106976703408021,1.0499954223632957,52.19565786700222,312943596.7140198,-36440400,45.98937302496391,69.87005090888168
2015-03-05,100.66999816894533,100.9499969482422,100.31999969482422,100.72000122070312,69.56990051269531,2589300,0.0029875141684463,0.00298306041622,0.629997253417983,50.31478412116036,180137343.39752197,-33851100,47.23479730375627,69.86373564245972
2015-03-06,100.37999725341795,101.22000122070312,100.16999816894533,100.62000274658205,69.50081634521484,3008500,-0.0009930180576851,-0.0009935114267599,1.0500030517577983,45.27014520055579,209093205.97457886,-36859600,46.87481290302427,69.85507517986917
2015-03-09,100.77999877929688,101.45999908447266,100.5,100.5500030517578,69.45247650146484,3602000,-0.0006955291504763,-0.000695771143091,0.9599990844726562,34.87665714813086,250167820.35827637,-40461600,39.42970653754689,69.84389206435411
2015-03-10,100.0,100.41999816894533,99.45999908447266,99.47000122070312,68.70648956298828,3579600,-0.0107409695961069,-0.0107990702226168,0.9599990844726703,25.99211915072672,245941750.03967285,-44041200,38.870177903537176,69.81333797096767
2015-03-11,99.51000213623048,99.93000030517578,98.6999969482422,98.72000122070312,68.18844604492188,3079300,-0.0075399503214537,-0.0075685194439852,1.2300033569335795,23.392932869160447,209972681.90612793,-47120500,45.42205275705303,69.77663717433096
2015-03-12,99.26000213623048,99.75,99.06999969482422,99.66999816894533,68.84464263916016,1951700,0.0096232812492307,0.0095772724133729,0.6800003051757812,31.796566595956904,134364089.03884888,-45168800,39.20648449826064,69.76348334216952
2015-03-13,99.45999908447266,99.7300033569336,97.8499984741211,98.52999877929688,68.05720520019531,3449500,-0.0114378898455772,-0.0115038056145315,1.8800048828125,27.624368394073272,234763329.33807373,-48618300,39.105581227000755,69.7219562693054
2015-03-16,98.70999908447266,100.4000015258789,98.62000274658205,100.26000213623048,69.2521743774414,2714200,0.0175583051600636,0.0174059390615078,1.7799987792968608,37.767429047428514,187964251.69525146,-45904100,38.68111943277965,69.71312902019154
2015-03-17,99.7699966430664,100.1999969482422,99.55999755859376,99.5999984741211,68.7962875366211,1987000,-0.0065829967783482,-0.0066047602668714,0.6399993896484375,36.46797590275983,136698223.3352661,-47891100,37.88358012514263,69.70068828504243
2015-03-18,98.91000366210938,100.56999969482422,98.4000015258789,100.26000213623048,69.2521743774414,3016000,0.0066266197951108,0.0066047602668713,2.1699981689453125,41.3795114542704,208864557.92236328,-44875100,37.820336252978954,69.69163706206743
2015-03-19,100.08999633789062,100.58999633789062,99.87999725341795,99.91000366210938,69.01038360595703,2128400,-0.003491453859146,-0.0034975632086578,0.7099990844726705,40.42090846095535,146881700.46691895,-47003500,45.978252872963644,69.68207127654729
2015-03-20,100.29000091552734,100.69000244140624,99.95999908447266,100.25,69.24525451660156,4137400,0.0034034140715057,0.0033976355652226,0.7300033569335795,41.286431377761176,286495316.0369873,-42866100,46.12602153676369,69.67046507207792
2015-03-23,100.16999816894533,100.47000122070312,99.87999725341795,99.87999725341795,68.98967742919922,2670900,-0.0036908967868848,-0.0036977249529792,0.5900039672851705,41.54485773777817,184264529.4456482,-45537000,48.28960084743946,69.65898494373896
2015-03-24,99.73999786376952,100.08000183105467,99.0999984741211,99.26000213623048,68.5614242553711,2656000,-0.0062074963934658,-0.006226843003431,0.9800033569335797,43.64038009238288,182099142.82226562,-48193000,47.33818412046597,69.64088355915979
2015-03-25,99.3499984741211,99.52999877929688,97.38999938964844,97.45999908447266,67.318115234375,3483600,-0.0181342356069665,-0.0183006761088801,2.139999389648437,34.651730220406534,234509386.23046875,-51676600,39.87506962391213,69.59170280882887
2015-03-26,97.16999816894533,97.19000244140624,96.4000015258789,96.63999938964844,66.75171661376953,3278700,-0.0084137623080131,-0.0084493578081093,0.7900009155273295,32.451688939104685,218858853.26156616,-54955300,32.05490434419478,69.53621349055649
2015-03-27,96.73999786376952,96.87999725341795,96.31999969482422,96.58999633789062,66.71719360351562,2506900,-0.0005171853550023,-0.0005173191414783,0.5599975585937358,32.50903286176087,167253332.64465332,-57462200,39.18632286819776,69.49471936793176
2015-03-30,97.08000183105467,97.72000122070312,96.95999908447266,97.2699966430664,67.18685913085938,2488000,0.0070396475327614,0.0070149848906278,0.7600021362304688,39.92662729314996,167160905.51757812,-54974200,39.60579108639005,69.46149070431734
2015-03-31,97.08999633789062,97.51000213623048,96.77999877929688,96.94000244140624,66.95895385742188,2718100,-0.0033921108440805,-0.0033978770956054,0.730003356933608,41.52386542705724,182001132.4798584,-57692300,33.441702688426986,69.42273632500914
2015-04-01,96.48999786376952,97.01000213623048,95.66999816894533,96.54000091552734,66.68266296386719,3394700,-0.0041262725541232,-0.0041348091075753,1.3400039672851562,34.27139728271911,226367635.96343994,-61087000,41.21452340779771,69.3707464201382
2015-04-02,97.0,97.0,96.2300033569336,96.47000122070312,66.63430786132812,3010600,-0.0007251525417523,-0.0007254155920321,0.7699966430664062,38.40095328837221,200609247.24731445,-64097600,34.61622770820363,69.32546217932234
2015-04-06,96.0,97.11000061035156,95.81999969482422,96.83999633789062,66.88986206054688,2513600,0.0038351745132638,0.0038278389808729,1.2900009155273438,27.260389264169987,168134357.27539062,-61584000,35.376178273874814,69.29226883250364
2015-04-07,97.3000030517578,97.9000015258789,96.55999755859376,96.68000030517578,66.77935791015625,2518300,-0.0016520313689778,-0.0016533974775767,1.340003967285142,29.202127910654184,168170457.02514648,-64102300,35.48364127219666,69.25841999498869
2015-04-08,96.6500015258789,96.76000213623048,96.0199966430664,96.66999816894533,66.77244567871094,2992000,-0.0001035085041489,-0.0001035138615238,0.7400054931640767,21.820688220147204,199783157.47070312,-67094300,37.27114409276178,69.2192618482358
2015-04-09,96.41999816894533,96.95999908447266,95.91999816894533,96.6999969482422,66.79315948486328,3378400,0.000310214878934,0.0003101667722471,1.0400009155273295,23.47077381474016,225654010.0036621,-63715900,35.56507243386882,69.17686557547299
2015-04-10,96.8000030517578,97.12000274658205,96.41999816894533,96.79000091552734,66.8553237915039,3173700,0.0009306986990893,0.0009302658675914,0.7000045776367188,20.171551216836704,212178741.11709595,-60542200,35.203761235427486,69.13937015097942
2015-04-13,96.4800033569336,97.13999938964844,96.12999725341795,96.1500015258789,66.41326904296875,3192000,-0.0066121099033751,-0.0066340667429394,1.010002136230483,19.274365688684757,211991154.78515625,-63734200,34.80314872236851,69.0957946234976
2015-04-14,96.0999984741211,96.8000030517578,95.8000030517578,96.5500030517578,66.68955993652344,3221200,0.0041601760843292,0.0041515464773137,1.0,26.837042002209145,214820410.4675293,-60513000,42.088421641729354,69.05759633755622
2015-04-15,96.66000366210938,96.91999816894533,96.1999969482422,96.62000274658205,66.7379150390625,2705000,0.0007250775471465,0.0007248148054196,0.720001220703125,39.80562481567871,180526060.18066406,-57808000,42.89154117571663,69.0270799895336
2015-04-16,96.29000091552734,96.73999786376952,96.08000183105467,96.13999938964844,66.40636444091797,2520800,-0.0049679495973236,-0.0049803308823459,0.6599960327148438,43.38618617916589,167397163.48266602,-60328800,41.70752183589918,68.99534025052682
2015-04-17,95.51000213623048,95.86000061035156,94.87999725341795,95.37999725341795,65.88142395019531,3699300,-0.0079049725902357,-0.0079363825253504,0.980003356933608,36.52530948023067,243715151.61895752,-64028100,45.06823646578042,68.94096258366748
2015-04-20,95.80999755859376,98.02999877929688,95.80999755859376,97.45999908447266,67.318115234375,5021400,0.0218072287761386,0.0215728524404643,2.220001220703111,51.613163352949336,338031183.8378906,-59006700,51.9048144060822,68.90338557246702
2015-04-21,97.62999725341795,97.9800033569336,97.16000366210938,97.61000061035156,67.4217300415039,3277600,0.0015391816417937,0.0015379983158107,0.8199996948242188,55.86684901933854,220981462.3840332,-55729100,59.08871477420243,68.88132543669634
2015-04-22,97.61000061035156,98.2699966430664,97.12999725341795,98.13999938964844,67.78781127929688,2904900,0.0054297218058274,0.0054150340094943,1.1399993896484517,63.698658637151134,196916812.9852295,-52824200,58.570654193457614,68.86708356091447
2015-04-23,97.55999755859376,98.5999984741211,97.5,98.22000122070312,67.84309387207031,2420200,0.0008155240850846,0.0008151917260036,1.0999984741210938,64.95759255622858,164193855.78918457,-50404000,64.14741238398601,68.85609169641451
2015-04-24,98.48999786376952,98.51000213623048,97.75,98.0999984741211,67.76020050048828,2253000,-0.0012218394953853,-0.001222586549844,0.760002136230483,61.25035256897038,152663731.7276001,-52657000,56.4663029361131,68.84524906005976
2015-04-27,98.04000091552734,98.36000061035156,97.23999786376952,97.43000030517578,67.29740905761719,3906300,-0.0068298416984134,-0.0068532718108062,1.1200027465820457,56.13755676394874,262883869.00177002,-56563300,67.24146338021396,68.81914481711287
2015-04-28,99.1999969482422,101.7699966430664,98.70999908447266,100.7699966430664,69.60442352294922,8282700,0.0342808809081618,0.0337063841763003,3.05999755859375,71.7161588351682,576512558.7135315,-48280600,68.69875037279162,68.8462564872559
2015-04-29,101.41000366210938,101.9800033569336,100.8000030517578,101.25,69.93596649169922,5454500,0.0047632456670039,0.0047519373078059,1.1800003051757957,73.00310033192315,381465729.2289734,-42826100,61.4679686509216,68.87048143390253
2015-04-30,100.94000244140624,101.3000030517578,100.08000183105467,100.52999877929688,69.43865203857422,4045700,-0.0071109970745028,-0.0071364007159831,1.220001220703125,67.77580153377068,280927954.5524597,-46871800,67.26425945076332,68.8796979494109
2015-05-01,100.9499969482422,101.41999816894533,100.29000091552734,101.37999725341795,70.02576446533203,2846100,0.0084551241926709,0.008419579844166,1.129997253417983,74.37095766374969,199300328.2447815,-44025700,73.22545081923558,68.89262877917423
2015-05-04,101.31999969482422,101.95999908447266,101.12999725341795,101.43000030517578,70.06031799316406,2993000,0.0004934402086982,0.0004933185071117,0.8300018310547017,73.50684010249512,209690531.75354004,-41032700,67.84951758277828,68.9063211219542
2015-05-05,101.01000213623048,101.33999633789062,99.91999816894533,100.11000061035156,69.14852142333984,2845200,-0.0130144509180387,-0.0130998809101849,1.4199981689452983,65.00406011824205,196741373.15368652,-43877900,66.62087445952568,68.90899115707963
2015-05-06,100.4000015258789,100.66000366210938,98.58000183105467,99.22000122070312,68.53382110595703,3403200,-0.0088895656006801,-0.0089293135254897,2.0800018310547017,62.7908384845299,233234299.98779297,-47281100,73.09248893024737,68.90410850364526
2015-05-07,99.3000030517578,100.2300033569336,99.27999877929688,99.63999938964844,68.82391357421875,3151700,0.004232836628403,0.0042239033752371,0.9500045776367188,68.20513643538484,216912328.41186523,-44129400,72.0889620028916,68.90315344748852
2015-05-08,100.41999816894533,101.3499984741211,100.2699966430664,100.36000061035156,69.32122039794922,2964400,0.0072257853107144,0.0071998044039331,1.0800018310546875,64.02322756799543,205495825.74768066,-41165000,64.61952342638219,68.90778452540837
2015-05-11,100.36000061035156,100.87000274658205,100.2300033569336,100.52999877929688,69.43865203857422,4080400,0.0016940215413241,0.0016925883052264,0.6399993896484517,64.09269249632173,283337475.77819824,-37084600,59.57267078897682,68.91575742607365
2015-05-12,100.2300033569336,100.37000274658205,99.68000030517578,99.97000122070312,69.05184936523438,2438400,-0.0055704231286771,-0.0055859957934065,0.6900024414062642,58.80662006089368,168376029.4921875,-39523000,54.06596868552391,68.91696798080581
2015-05-13,99.62999725341795,100.13999938964844,99.16000366210938,99.43000030517578,68.6788558959961,3205100,-0.0054016434413713,-0.0054162850670017,0.9799957275390624,55.57594988898492,220122601.03225708,-42728100,57.19112845646603,68.91421614963754
2015-05-14,99.41000366210938,101.31999969482422,99.4000015258789,100.66999816894533,70.0496597290039,5966400,0.0199596195237103,0.0197630378102816,1.9199981689453125,63.034571908109406,417944289.8071289,-36761700,65.07341324097916,68.93812906775355
2015-05-15,102.02999877929688,102.56999969482422,101.68000030517578,102.12999725341795,71.06556701660156,5347800,0.0145026726971668,0.014398514777223,0.8899993896484375,70.18215013656356,380044439.29138184,-31413900,55.94026330239045,68.97754438356438
2015-05-18,101.75,102.23999786376952,101.33000183105467,101.91000366210938,70.91248321533203,2769300,-0.0021541205916751,-0.0021564440467047,0.9099960327148438,59.10722139710991,196377939.768219,-34183200,53.94184406935231,68.9959319140725
2015-05-19,102.1500015258789,102.83999633789062,101.6999969482422,102.08000183105467,71.03079223632812,3198300,0.0016683807368138,0.001666990535714,1.1399993896484233,57.85586262244932,227177782.80944824,-30984900,55.48986154074376,69.01802210841002
2015-05-20,102.1999969482422,102.5,101.63999938964844,101.95999908447266,70.94728088378906,2627600,-0.0011757063367843,-0.0011763980216781,0.8600006103515625,61.50851066058743,186421075.25024414,-33612500,50.230326056839004,69.03507661937175
2015-05-21,101.91999816894533,102.4499969482422,101.62000274658205,102.0500030517578,71.00990295410156,2159500,0.0008826563827735,0.0008822670706975,0.8299942016601562,58.16046753792293,153345885.42938232,-31453000,44.59616704748863,69.04932048461984
2015-05-22,102.2699966430664,102.2699966430664,101.18000030517578,101.43000030517578,70.5784912109375,2200500,-0.0060753743522634,-0.0060939045289847,1.089996337890625,54.03136388997709,155307969.90966797,-33653500,45.050925076634755,69.0604773667091
2015-05-26,101.4000015258789,101.41999816894533,100.19000244140624,100.5199966430664,69.94528198242188,2364900,-0.0089717025350281,-0.0090121906047522,1.229995727539091,56.47963963740375,165413597.3602295,-36018400,46.351790172896756,69.06736125129956
2015-05-27,100.5199966430664,101.13999938964844,99.9800033569336,100.91999816894533,70.22361755371094,2068600,0.0039793330357722,0.0039714364319462,1.1599960327148438,64.5375817014914,145264575.27160645,-33949800,39.73574175318015,69.07517678323642
2015-05-28,100.5999984741211,100.93000030517578,99.76000213623048,99.87000274658205,69.49298095703125,2722100,-0.0104044283409474,-0.0104589327935675,1.1699981689452983,55.350514331734814,189166843.46313477,-36671900,32.166738440353285,69.07886026829003
2015-05-29,99.75,99.76000213623048,98.77999877929688,99.22000122070312,69.04070281982422,4231800,-0.0065082563876009,-0.0065295274300321,0.980003356933608,47.74043519729403,292166446.1929321,-40903700,39.45740437273971,69.07834435756834
2015-06-01,99.7699966430664,100.12000274658205,98.88999938964844,99.4800033569336,69.22161865234375,2857600,0.002620422810464,0.0026169954886604,1.230003356933608,48.26949773033924,197807697.4609375,-38046100,39.56840795505398,69.07964061925675
2015-06-02,98.94000244140624,100.0,98.56999969482422,99.43000030517578,69.18681335449219,2324900,-0.0005028096500656,-0.0005029361012267,1.4300003051757812,51.14012518819478,160852422.3678589,-40371000,47.27121022594704,69.08042373597927
2015-06-03,99.8499984741211,101.4000015258789,99.5,100.5999984741211,70.00093841552734,3611600,0.0117670553326951,0.0116983618916473,1.9000015258789065,60.39380431183812,252815389.18151855,-36759400,36.21586376244746,69.09075530596449
2015-06-04,100.0500030517578,100.68000030517578,99.9000015258789,100.0999984741211,69.65301513671875,3125800,-0.004970265923341,-0.0049826587759173,0.779998779296875,46.28406340729136,217721394.71435547,-39885200,31.72517144334438,69.09616454077903
2015-06-05,100.1500015258789,100.6999969482422,99.7699966430664,100.51000213623048,69.93832397460938,2692100,0.004096144830638,0.0040877784681745,0.9300003051757956,37.76458312630429,188280961.9720459,-37193100,31.7310257501449,69.10308507294924
2015-06-08,100.5199966430664,100.58000183105467,99.20999908447266,99.2699966430664,69.07545471191406,2819900,-0.0123375742176574,-0.0124143139276052,1.370002746582017,32.72255253561572,194785874.74212646,-40013000,23.961771368082704,69.10284926851436
2015-06-09,99.16000366210938,100.19000244140624,99.0199966430664,99.62000274658205,69.31903839111328,2348300,0.0035263420301048,0.0035201390642903,1.1700057983398295,34.27140920288322,162781897.85385132,-37664700,30.981204960652082,69.10437487846033
2015-06-10,99.94000244140624,100.81999969482422,99.5999984741211,100.45999908447266,69.90353393554688,2682400,0.0084319626757622,0.0083966122550923,1.220001220703125,41.217977193419415,187509239.42871094,-34982300,36.25627291158973,69.1107652501876
2015-06-11,100.80999755859376,101.16000366210938,100.45999908447266,101.0,70.27928924560547,1899000,0.0053753406859953,0.0053609451066366,0.7000045776367188,44.16037251460776,133460370.27740479,-33083300,36.075978625476694,69.11734304527857
2015-06-12,100.48999786376952,100.97000122070312,99.69000244140624,100.05999755859376,69.62519073486328,2420400,-0.0093071304186971,-0.0093507123831437,1.2799987792968892,42.64240180231743,168520811.6546631,-35503700,36.30081578725009,69.12096075360932
2015-06-15,99.62000274658205,100.16999816894533,99.0,99.95999908447266,69.55561828613281,2152500,-0.0009992424867517,-0.0009997420623512,1.1699981689453267,46.7059743154484,149718468.36090088,-37656200,43.24377687453474,69.12369703437678
2015-06-16,99.93000030517578,100.47000122070312,98.81999969482422,100.3499984741211,69.8270034790039,3061900,0.0039017005320072,0.0038941086396061,1.6500015258789062,46.64327473296649,213803301.95236206,-34594300,50.40923705630894,69.12993918334166
2015-06-17,99.91000366210938,100.6999969482422,99.5,100.41999816894533,69.87570190429688,2846600,0.0006974153675034,0.0006971722864184,1.1999969482422017,53.66183036040166,198908173.04077148,-31747700,59.91555826349778,69.13604237252368
2015-06-18,100.48999786376952,101.68000030517578,100.48999786376952,101.4000015258789,70.5576171875,2948900,0.0097589757901408,0.0097116645430862,1.1900024414062642,63.902737823697976,208067357.32421875,-28798800,51.32983550116402,69.14799306539626
2015-06-19,101.08000183105467,101.36000061035156,100.45999908447266,100.83999633789062,70.16793060302734,3600600,-0.0055229555646288,-0.0055382634729961,0.9000015258789062,58.353414033277616,252646650.92926025,-32399400,58.35526024443829,69.15835585487687
2015-06-22,101.16000366210938,101.68000030517578,101.02999877929688,101.38999938964844,70.55064392089844,3236200,0.0054542483237289,0.0054394277768793,0.6500015258789062,61.34232293007048,228315993.85681152,-29163200,51.97296718006819,69.1709551056402
2015-06-23,101.29000091552734,101.68000030517578,100.58999633789062,100.75,70.10533905029297,1493300,-0.0063118470060279,-0.006331850931243,1.0900039672851562,50.924994592256105,104688302.80380249,-30656500,52.78093018360466,69.17484057061696
2015-06-24,100.6999969482422,100.8000030517578,99.01000213623048,99.38999938964844,69.15899658203125,2565500,-0.013498864438596,-0.0135908024188584,1.790000915527315,46.04261498369425,177427405.73120117,-33222000,46.075145979672754,69.17472818375943
2015-06-25,99.37000274658205,99.76000213623048,98.86000061035156,98.94000244140624,68.84587097167969,2227900,-0.0045276193384349,-0.0045379000500408,0.9000015258789205,41.28762342381371,153381715.93780518,-35449900,53.73841033098613,69.17271485340454
2015-06-26,99.43000030517578,99.70999908447266,99.02999877929688,99.3499984741211,69.13115692138672,2782500,0.0041438352900551,0.0041352732495733,0.6800003051757812,50.48930577690445,192357444.13375854,-32667400,52.16728012998261,69.17239950328805
2015-06-29,98.70999908447266,99.0,97.23999786376952,97.30999755859376,67.71166229248047,3507600,-0.0205333556115724,-0.0207470958900648,1.760002136230483,38.29786288611465,237505426.6571045,-36175000,44.64219532138025,69.15855901258294
2015-06-30,98.26000213623048,98.26000213623048,96.80999755859376,96.91000366210938,67.43333435058594,3059400,-0.0041104875064548,-0.0041189587822432,1.4500045776367188,31.17715590612704,206305543.11218262,-39234400,38.651365015365585,69.14441811855242
2015-07-01,97.5199966430664,97.94000244140624,96.5199966430664,96.94000244140624,67.45419311523438,2893300,0.0003093242362892,0.0003092764054109,1.4200057983398295,27.2419638148878,195165216.94030762,-36341100,39.30611908998667,69.13141703758878
2015-07-02,97.22000122070312,97.36000061035156,96.8000030517578,97.1999969482422,67.63509368896484,1836000,0.0026818284435101,0.0026782387581246,0.5599975585937642,32.64534620686719,124178032.01293945,-34505100,38.80878066991121,69.12414886983112
2015-07-06,96.58000183105467,97.41999816894533,96.1500015258789,96.66000366210938,67.25936126708984,2721000,-0.0055552879634186,-0.0055707759624265,1.2699966430664205,30.990532372464926,183012722.00775146,-37226100,39.7269506759291,69.11082072932157
2015-07-07,96.95999908447266,97.52999877929688,96.0999984741211,97.5,67.84383392333984,3755900,0.0086898335821095,0.0086522942949477,1.4300003051757812,34.391520412354296,254814655.83267212,-33470200,32.58078510396773,69.09844319438865
2015-07-08,96.81999969482422,96.91000366210938,95.27999877929688,95.48999786376952,66.44523620605469,2782300,-0.0206149569740634,-0.0208304113989035,1.6300048828125,27.73222690607122,184870580.69610596,-36252500,30.76481282358192,69.07938018278188
2015-07-09,96.58000183105467,96.81999969482422,95.72000122070312,95.75,66.62615203857422,2042100,0.0027227810878494,0.0027190810341922,1.0999984741210938,22.704828332886635,136057265.0779724,-34210400,37.48444251437643,69.0665111128039
2015-07-10,97.01000213623048,97.31999969482422,96.62999725341795,96.95999908447266,67.46810913085938,1951700,0.0126370361565784,0.0125578551925128,0.6900024414062642,32.36339858596591,131677508.59069824,-32258700,35.97649036055954,69.05853742232242
2015-07-13,97.62000274658205,97.94000244140624,97.05999755859376,97.76000213623048,68.02476501464844,2489900,0.0082506519148088,0.008216801351651,0.8800048828124716,33.86632723473434,169374862.40997314,-29768800,41.66766880688869,69.05199991821648
2015-07-14,97.9000015258789,98.11000061035156,97.2699966430664,97.87000274658205,68.10132598876953,2419200,0.0011254867856522,0.0011248539002248,0.8400039672851562,36.56688786698524,164750727.83203125,-27349600,42.27742894519951,69.04619430374434
2015-07-15,97.91000366210938,97.95999908447266,96.98999786376952,97.18000030517578,67.62118530273438,2092900,-0.0070503867445156,-0.0070753581624623,0.9700012207031392,39.00468039145092,141524378.72009277,-29442500,47.45274614724917,69.03870532643171
2015-07-16,97.87000274658205,97.9800033569336,97.37000274658205,97.4800033569336,67.82994079589844,1548400,0.0030871315288172,0.0030823761228079,0.6100006103515483,42.62606461330586,105027880.32836914,-27894100,39.73387112810428,69.03402370831317
2015-07-17,97.16999816894533,98.12000274658205,97.05999755859376,97.5999984741211,67.9134292602539,2653400,0.0012308497306032,0.0012300928560758,1.0600051879882812,40.894621545763634,180201493.1991577,-25240700,41.778479676867036,69.02663532526117
2015-07-20,97.5999984741211,97.87000274658205,97.3000030517578,97.58999633789062,67.906494140625,1777000,-0.0001021170585029,-0.0001021222728047,0.5699996948242472,51.84699260682208,120669840.08789062,-27017700,49.50756279649994,69.02171101992388
2015-07-21,97.62999725341795,98.63999938964844,97.56999969482422,97.95999908447266,68.16394805908203,2178900,0.00379130040087,0.0037841315353405,1.0699996948242188,56.95368854899307,148522426.42593384,-24838800,49.7929523141892,69.01711211290727
2015-07-22,98.43000030517578,98.62999725341795,96.83000183105467,97.2300033569336,67.6559829711914,2691000,-0.0074521077835799,-0.0074800134626467,1.7999954223632812,51.75758848413724,182062250.17547607,-27529800,49.65188252793362,69.00815853079989
2015-07-23,97.6500015258789,97.6500015258789,95.81999969482422,96.11000061035156,66.87665557861328,1940400,-0.0115189722823179,-0.0115858295574925,1.8300018310546875,44.01764436848566,129767462.48474121,-29470200,49.3694912125451,68.99809603059389
2015-07-24,96.06999969482422,96.06999969482422,94.5199966430664,94.75,65.9303207397461,2959700,-0.0141504510158223,-0.0142515232592608,1.5500030517578125,40.38259813393695,195133970.2934265,-32429900,38.32850964825268,68.97616374438937
2015-07-27,94.5,95.2300033569336,94.1500015258789,95.12000274658205,66.1877670288086,3628300,0.0039048238530303,0.0038972198168886,1.0800018310546875,37.420750916217926,240149075.11062622,-28801600,53.68423613591254,68.95193779944057
2015-07-28,97.88999938964844,100.47000122070312,97.83000183105467,99.94000244140624,69.54168701171875,7592900,0.0506728075816538,0.0494307280899352,2.639999389648452,68.13365335983144,528023075.3112793,-21208700,57.85521466035678,68.96246887686395
2015-07-29,100.36000061035156,101.9499969482422,100.20999908447266,100.88999938964844,70.20272827148438,5563700,0.0095056833989981,0.0094607886697147,1.7399978637695457,69.83024606494897,390586919.2840576,-15645000,58.87584035594672,68.97848761342176
2015-07-30,100.4000015258789,101.54000091552734,100.2699966430664,101.4000015258789,70.5576171875,2871000,0.0050552011973554,0.0050424665671633,1.2700042724609375,68.10771944008214,202570918.9453125,-12774000,60.65935559930813,68.98894247094223
2015-07-31,101.91000366210938,102.76000213623048,101.56999969482422,102.36000061035156,71.22561645507812,4222900,0.0094674295165464,0.0094228942745773,1.1900024414062642,68.51860679862777,300778655.7281494,-8551100,61.0741448256026,69.01051354962652
2015-08-03,102.48999786376952,103.1500015258789,101.9000015258789,102.75,71.49695587158203,2756900,0.0038095762452969,0.0038023381865131,1.25,69.21249292058624,197109957.6423645,-5794200,66.06277538245897,69.02607076786124
2015-08-04,102.91999816894533,103.12000274658205,102.2300033569336,102.63999938964844,71.42044067382812,2431500,-0.0010701881894291,-0.0010707612497009,0.8899993896484517,72.52502297844006,173658801.4984131,-8225700,67.37869157572551,69.03921115236076
2015-08-05,103.0500030517578,104.06999969482422,102.94000244140624,102.94000244140624,71.62919616699219,3196700,0.0029229096207545,0.0029186462260868,1.129997253417983,72.52502297844006,228977051.38702393,-5029000,68.10431150050101,69.05776437872812
2015-08-06,103.12000274658205,103.22000122070312,102.1999969482422,102.43000030517578,71.27433013916016,2043100,-0.0049542092724971,-0.004966522050809,1.0200042724609233,69.30489748052945,145620583.90731812,-7072100,66.21011169768954,69.06786636413044
2015-08-07,102.33000183105467,102.4000015258789,101.5,102.13999938964844,71.0725326538086,2982900,-0.00283127859578,-0.0028352942464316,0.9000015258789062,67.7874315792181,212002257.65304565,-10055000,66.66378511007323,69.08111701162667
2015-08-10,102.7699966430664,103.4800033569336,102.7699966430664,103.43000030517578,71.97014617919922,2690800,0.0126295418479438,0.0125504543804755,0.7100067138671875,69.94902439375497,193657269.33898926,-7364200,65.37149274021262,69.09824111408956
2015-08-11,102.62999725341795,103.47000122070312,102.52999877929688,102.98999786376952,71.66400909423828,3465200,-0.0042536676832458,-0.0042627402645968,0.94000244140625,71.4608790569534,248330124.3133545,-10829400,62.81235412463831,69.11767759874758
2015-08-12,102.55999755859376,103.12000274658205,101.5500030517578,102.81999969482422,71.54569244384766,3762500,-0.0016509912281775,-0.0016523556161304,1.5699996948242472,76.90476106736259,269190667.8199768,-14591900,64.01125466171533,69.13748567569249
2015-08-13,101.9499969482422,102.38999938964844,101.5,101.83999633789062,71.37049102783203,1829900,-0.002448804533594,-0.0024518077592929,0.8899993896484375,84.40603184222869,130600861.53182983,-16421800,70.27608424751996,69.14631061722143
2015-08-14,101.73999786376952,102.76000213623048,101.37999725341795,102.7300033569336,71.99420166015625,2278800,0.0087390548018086,0.0087010902847269,1.3800048828125284,85.09648685117054,164060386.74316406,-14143000,66.62955501244343,69.16025798140804
2015-08-17,102.23999786376952,102.91999816894533,101.54000091552734,102.9000015258789,72.11334991455078,2181600,0.0016549701454704,0.0016536021914533,1.379997253417983,75.52604834813322,157322484.17358398,-11961400,63.70910227307195,69.17403905982968
2015-08-18,102.9800033569336,102.9800033569336,102.33999633789062,102.76000213623048,72.01522827148438,2080900,-0.0013606585075117,-0.0013615850438605,0.6400070190429688,70.25406244138661,149856488.51013184,-14042300,57.46588835747176,69.18662986819648
2015-08-19,102.36000061035156,103.0,101.6999969482422,102.30999755859376,71.69986724853516,2119900,-0.0043790880140012,-0.004388704303907,1.3000030517577983,62.87801764698799,151996548.58016968,-16162200,46.98431705335921,69.19792509319325
2015-08-20,101.37999725341795,101.95999908447266,101.0500030517578,101.0500030517578,70.81684875488281,3779400,-0.0123154829644456,-0.0123919469674182,0.909996032714858,45.60455607476636,267645198.1842041,-19941600,36.156986162635874,69.21079363406204
2015-08-21,100.16000366210938,100.87999725341795,98.72000122070312,99.13999938964844,69.47831726074219,6566500,-0.0189013139905965,-0.0190822271171202,2.159996032714829,32.34558971696842,456229370.2926636,-26508100,26.995932530330613,69.21443797769535
2015-08-24,94.72000122070312,97.4499969482422,94.0,95.51000213623048,66.93435668945312,7929500,-0.0366151724967941,-0.0373023338168143,3.4499969482422017,22.594158640670276,530755981.36901855,-34437600,30.614622338251003,69.17753738923172
2015-08-25,97.5500030517578,97.91000366210938,94.41000366210938,94.45999908447266,66.19853210449219,6023000,-0.0109932271161558,-0.0110540991686734,3.5,18.83087766497817,398713758.86535645,-40460600,28.585405825646028,69.14136183807148
2015-08-26,95.61000061035156,96.7699966430664,93.63999938964844,96.62999725341795,67.71926879882812,5886900,0.0229723627698497,0.0227124707393048,3.1299972534179688,32.00420805137408,398656563.4918213,-34573700,36.23645956224487,69.12468086595042
2015-08-27,97.48999786376952,99.23999786376952,97.4000015258789,99.1500015258789,69.48533630371094,4739800,0.0260792465159247,0.0257449820854671,1.8399963378906108,43.06401376815121,329346597.0123291,-29833900,31.21063002763296,69.12805511284756
2015-08-28,98.62999725341795,99.08999633789062,97.88999938964844,98.63999938964844,69.12791442871094,2778400,-0.0051438460834061,-0.0051571212026853,1.1999969482421875,36.9641028799298,192064997.44873047,-32612300,31.63259757182397,69.12805434550555
2015-08-31,98.27999877929688,98.3000030517578,97.5,97.6500015258789,68.4341049194336,2892700,-0.01003660409852,-0.0100873103739395,0.8000030517577983,35.69475475467357,197959335.30044556,-35505000,31.006015585515755,69.12413583497671
2015-09-01,95.80999755859376,96.76000213623048,94.8000030517578,95.1999969482422,66.71710968017578,5168600,-0.0250897595764452,-0.0254098733262197,1.959999084472685,31.267004648233183,344834053.09295654,-40673600,36.19999091482601,69.10009310678554
2015-09-02,96.29000091552734,96.7300033569336,95.18000030517578,96.70999908447266,67.77534484863281,3578900,0.0158615259793166,0.0157370465400663,1.5500030517578125,36.94662282512044,242561181.67877197,-37094700,37.180396959599506,69.0909935649905
2015-09-03,97.19000244140624,97.4499969482422,96.41999816894533,96.7699966430664,67.8173828125,3320200,0.0006202545182334,0.0006200622399033,1.029998779296875,34.16584526106816,225167274.4140625,-33774500,32.77540026422215,69.08292903870864
2015-09-04,95.19000244140624,95.91000366210938,94.6500015258789,95.3000030517578,66.78717803955078,3334000,-0.0151908659730721,-0.0153074291478711,1.2600021362304688,31.113303083394385,222668451.5838623,-37108500,33.50699077698329,69.068424109004
2015-09-08,96.83000183105467,97.9800033569336,96.33999633789062,97.93000030517578,68.63031005859375,2857800,0.0275970938306673,0.0272231581361895,1.6400070190429688,39.31888216940796,196131700.08544922,-34250700,37.729967390414856,69.06606418190054
2015-09-09,98.6500015258789,98.86000061035156,96.88999938964844,97.0500030517578,68.01362609863281,2773200,-0.008985591926285,-0.0090262058338069,1.970001220703125,38.58512787195086,188615387.89672852,-37023900,38.366188083361884,69.06059158911782
2015-09-10,97.0500030517578,97.54000091552734,96.4800033569336,96.81999969482422,67.85242462158203,2928200,-0.0023701350199591,-0.0023729482359792,1.05999755859375,40.39074768828227,198685469.7769165,-39952100,41.52728640300566,69.05399430654704
2015-09-11,96.47000122070312,97.19000244140624,96.19000244140624,97.18000030517578,68.10470581054688,2129000,0.0037180865734987,0.0037111915751303,1.0,45.210089667487495,144994918.6706543,-37823100,50.10748208841704,69.0502403395814
2015-09-14,97.26000213623048,97.38999938964844,96.5199966430664,97.01000213623048,67.9855728149414,1788100,-0.0017492623187723,-0.0017507940646465,0.8700027465820312,54.411771298079294,121565002.75039673,-39611200,49.50284294984004,69.0467159626947
2015-09-15,97.9000015258789,100.8000030517578,97.66000366210938,100.5199966430664,70.4454345703125,5206700,0.0361821141386409,0.0355429142368785,3.1399993896484237,65.57033320764808,366788244.1772461,-34404500,59.19640262225149,69.06006971314262
2015-09-16,99.9499969482422,100.30999755859376,98.9499969482422,100.08000183105467,70.1370849609375,3237200,-0.0043771411342098,-0.0043867488629712,1.3600006103515625,59.72931750975056,227047771.43554688,-37641700,58.50341991137435,69.06642494594057
2015-09-17,100.37000274658205,101.79000091552734,99.86000061035156,100.62000274658205,70.5155029296875,3879700,0.0053954048555162,0.0053809018019149,1.9300003051757808,54.66655423012534,273578996.7163086,-33762000,55.61045464314527,69.07660076767533
2015-09-18,99.91000366210938,99.9499969482422,98.08000183105467,98.31999969482422,68.90364074707031,5127500,-0.0228582668441634,-0.0231235677006304,1.8699951171875284,49.08774029211179,353303417.930603,-38889500,61.76937175666527,69.07501032150581
2015-09-21,98.48999786376952,99.72000122070312,98.23999786376952,99.6500015258789,69.83572387695312,3044700,0.0135273422387689,0.0134366645813095,1.480003356933608,55.59283850718006,212628828.48815918,-35844800,63.632823881205944,69.07914144650587
2015-09-22,98.48999786376952,99.27999877929688,98.0500030517578,98.51000213623048,69.03678894042969,3606800,-0.0114402041272045,-0.0115061466756672,1.2299957275390767,59.98792428434302,249001890.3503418,-39451600,56.28287186004266,69.07887072739923
2015-09-23,98.3499984741211,98.48999786376952,97.56999969482422,97.56999969482422,68.37803649902344,3395600,-0.0095420492684656,-0.0095878663125275,0.9199981689452984,52.68748358510773,232184460.73608398,-42847200,48.72193554463763,69.0746785088142
2015-09-24,97.19000244140624,97.94000244140624,96.55999755859376,97.5,68.32897186279297,3826000,-0.0007175496510661,-0.0007178072130334,1.3800048828124716,52.27981610514727,261426646.3470459,-46673200,55.65054662092067,69.06968612733176
2015-09-25,98.08000183105467,99.52999877929688,97.68000030517578,98.76000213623048,69.21199798583984,3294200,0.0129231583466531,0.0128403668579318,1.8499984741210935,60.949458841946566,227998163.7649536,-43379000,50.020514236530076,69.07050175064674
2015-09-28,97.91999816894533,98.4800033569336,97.19000244140624,97.2699966430664,68.16778564453125,2499000,-0.0150871578873106,-0.0152021268898736,1.290000915527358,47.74902422071326,170351296.3256836,-45878000,49.856012907943494,69.06659395437921
2015-09-29,97.23999786376952,98.30999755859376,96.93000030517578,98.13999938964844,68.77749633789062,2616000,0.0089442643265365,0.0089045013190453,1.379997253417983,53.720065809518005,179921930.41992188,-43262000,56.14295301539646,69.0652897876663
2015-09-30,98.9499969482422,99.3000030517578,97.9800033569336,98.69000244140624,69.16294860839844,2985000,0.0056043370438225,0.0055886911762295,1.3199996948242043,56.245859376988506,206451401.59606934,-40277000,55.01156257437868,69.06578991072753
2015-10-01,99.0,99.11000061035156,97.81999969482422,98.58000183105467,69.08587646484375,3053300,-0.0011143559536634,-0.0011149773099101,1.2900009155273438,54.75560781877482,210939906.61010742,-43330300,49.45715142052774,69.06589458186856
2015-10-02,97.05999755859376,99.37999725341795,96.95999908447266,99.37999725341795,69.64651489257812,3554600,0.0081150946680059,0.0080823443492576,2.4199981689452983,57.71997001416313,247565501.8371582,-39775700,47.22122877291057,69.069395712268
2015-10-05,99.75,101.98999786376952,99.75,101.52999877929688,71.15325164794922,3088100,0.0216340581821654,0.0214033632601361,2.239997863769517,53.609722731273216,219728356.41403198,-36687600,46.23293177137036,69.08025534676698
2015-10-06,101.9000015258789,101.94000244140624,100.80999755859376,101.43000030517578,71.08316040039062,2339000,-0.000985074412416,-0.00098555991708,1.1300048828124716,54.94496116735601,166263512.17651367,-39026600,45.101875288085246,69.08813008060768
2015-10-07,101.98999786376952,102.9800033569336,101.44000244140624,102.23999786376952,71.65080261230469,2901800,0.0079856074028883,0.0079538911770895,1.540000915527358,55.81889877088541,207916299.02038574,-36124800,54.045789899297105,69.10056928754238
2015-10-08,102.20999908447266,103.54000091552734,102.06999969482422,103.37999725341795,72.44973754882812,2689600,0.0111503975865614,0.0110886901876983,1.470001220703125,69.82753913515322,194860814.11132812,-33435200,53.487487335410734,69.11556983950274
2015-10-09,103.37999725341795,104.18000030517578,103.29000091552734,103.68000030517578,72.65998840332031,2418200,0.002902023687118,0.002897820945385,0.8899993896484375,67.17813787726918,175706383.95690918,-31017000,60.35239970699126,69.12978574184905
2015-10-12,103.58000183105467,104.41000366210938,103.3499984741211,104.41000366210938,73.17157745361328,1792500,0.0070408633628351,0.0070161922207887,1.0600051879882812,76.06011442398038,131160052.5856018,-29224500,60.57527464333037,69.14176641055768
2015-10-13,103.6500015258789,104.58999633789062,103.27999877929688,103.3000030517578,72.39368438720703,3060800,-0.0106310823611721,-0.0106879960460326,1.30999755859375,74.93474242325188,221582589.17236328,-32285300,62.80660067203474,69.15814324073853
2015-10-14,103.3499984741211,103.63999938964844,102.5500030517578,102.86000061035156,72.08531188964844,2227500,-0.0042596602199332,-0.0042687584185432,1.0899963378906392,72.59691157045808,160570032.2341919,-34512800,62.51525509100146,69.16883211557818
2015-10-15,103.3499984741211,103.9800033569336,102.91999816894533,103.8000030517578,72.74408721923828,2847400,0.0091388288726326,0.0090973224643733,1.060005187988267,71.83706468131031,207131513.94805908,-31665400,68.6338303743087,69.18544325999247
2015-10-16,104.05999755859376,104.19000244140624,103.33999633789062,103.9499969482422,72.84919738769531,2083200,0.0014449307493575,0.0014438878414213,0.8500061035156108,82.74506957770951,151759447.99804688,-29582200,68.49511928053123,69.19785485456867
2015-10-19,103.5500030517578,104.31999969482422,103.5500030517578,104.26000213623048,73.06644439697266,2296800,0.0029821469153761,0.002977709135815,0.7699966430664205,81.742682358043,167819009.4909668,-27285400,67.99196945611465,69.21225036430121
2015-10-20,103.98999786376952,104.7699966430664,103.8499984741211,104.55999755859376,73.27668762207031,2248700,0.0028774251550465,0.0028732932914728,0.9199981689453124,81.2565794660372,164777287.4557495,-25036700,76.31896082712966,69.22700416161024
2015-10-21,104.81999969482422,106.41999816894533,104.81999969482422,105.26000213623048,73.76728820800781,3286500,0.0066951796247642,0.0066728664481085,1.599998474121108,83.46674171569943,242436192.69561768,-21750200,85.66904755311154,69.2509643694349
2015-10-22,105.80999755859376,106.62000274658205,105.6500015258789,106.43000030517578,74.58722686767578,3570200,0.0111152067479547,0.0110538868082265,0.9700012207031392,84.05778351377533,266291317.36297607,-18180000,86.10675747576188,69.28138169588316
2015-10-23,107.25,107.25,105.47000122070312,106.8000030517578,74.84652709960938,4060200,0.0034764696694464,0.0034704407177032,1.779998779296875,80.74660481163389,303891869.329834,-14119800,86.56482148147285,69.31722508336831
2015-10-26,106.94000244140624,107.31999969482422,105.95999908447266,106.18000030517578,74.41201782226562,3486800,-0.0058053365223676,-0.005822252990736,1.3600006103515625,76.12750933553059,259459823.74267578,-17606600,74.96617785332444,69.34524992403259
2015-10-27,102.79000091552734,104.55999755859376,101.95999908447266,103.0999984741211,72.25352478027344,5144600,-0.0290073177043496,-0.0294363469749767,2.599998474121108,53.785345060555926,371715483.5845947,-22751200,67.18620789758278,69.36866341405991
2015-10-28,103.19000244140624,103.4000015258789,101.7699966430664,102.62999725341795,71.92414093017578,3542700,-0.0045587236207413,-0.0045691462893732,1.6300048828125,46.49214371767284,254805654.07333374,-26293900,67.4386982182025,69.38275255485428
2015-10-29,102.7699966430664,103.62000274658205,102.38999938964844,103.47000122070312,72.51280975341797,2762500,0.0081845791361438,0.008151267108179,1.230003356933608,49.06495352153501,200316636.94381714,-23531400,68.48748569736101,69.39615146709475
2015-10-30,103.47000122070312,103.7699966430664,102.93000030517578,103.0199966430664,72.19744110107422,3232500,-0.0043491440121569,-0.004358629050164,0.839996337890625,43.65292881330319,233378228.3592224,-26763900,75.20229506483305,69.4101132720424
2015-11-02,103.01000213623048,104.7300033569336,103.0,104.56999969482422,73.28369903564453,2648200,0.0150456569928785,0.0149335937410727,1.7300033569335938,55.57494752698203,194069891.78619385,-24115700,80.52929601799114,69.42586540231936
2015-11-03,104.27999877929688,105.02999877929688,103.7300033569336,104.4800033569336,73.22064971923828,2785900,-0.0008603457144757,-0.0008607160242615,1.2999954223632812,57.33711863855233,203985408.05282593,-26901600,74.1327697839944,69.44203033903815
2015-11-04,104.63999938964844,104.76000213623048,103.72000122070312,104.0,72.88424682617188,2817500,-0.0045943718658101,-0.004604958430419,1.040000915527358,50.94516295327537,205351365.43273926,-29719100,74.40297197777946,69.45679612368454
2015-11-05,104.12000274658205,104.6500015258789,103.70999908447266,104.2300033569336,73.04542541503906,2540900,0.002211432454692,0.0022089908369271,0.94000244140625,51.31332772326572,185601121.43707275,-27178200,74.73790600931383,69.47062521904236
2015-11-06,103.7699966430664,105.02999877929688,103.37000274658205,104.98999786376952,73.57804107666016,2877700,0.0072915676593683,0.0072651127008115,1.6599960327148295,53.285358167536806,211735528.80630493,-24300500,67.99760730467518,69.48847366827441
2015-11-09,104.5,104.7699966430664,103.5,104.01000213623048,72.89125061035156,3416800,-0.0093341771030983,-0.0093780135321033,1.2699966430664062,47.66756849093713,249054825.08544922,-27717300,67.16209679352588,69.50594010693834
2015-11-10,103.9800033569336,104.91999816894533,103.58999633789062,104.33999633789062,73.12252044677734,2148900,0.0031728065369884,0.0031677838076226,1.3300018310547017,45.97182647457243,157132984.18807983,-25568400,66.3828044002788,69.51757777302926
2015-11-11,104.58999633789062,105.37000274658205,103.9499969482422,104.8000030517578,73.44488525390625,2581000,0.0044085571060634,0.0043988678847377,1.4200057983398438,42.390125444585735,189561248.84033203,-22987400,58.138506648045606,69.53269803111435
2015-11-12,103.48999786376952,103.6500015258789,102.4499969482422,102.5999984741211,72.407470703125,3296100,-0.0141250755201646,-0.0142257838661552,1.2000045776367043,35.27809757130885,238662264.1845703,-26283500,50.475148763948596,69.54676336686894
2015-11-13,103.13999938964844,103.13999938964844,101.43000030517578,101.77999877929688,71.82878112792969,3114400,-0.0079921252541463,-0.0080242334769034,1.7099990844726562,34.67458096007125,223703555.94482422,-29397900,59.676495922225236,69.55726450874425
2015-11-16,101.70999908447266,103.18000030517578,101.63999938964844,103.13999938964844,72.78857421875,2226500,0.0133622355238198,0.0132737482417854,1.5400009155273438,53.70058846374658,162063760.49804688,-27171400,67.29330891774867,69.56785992480619
2015-11-17,103.3499984741211,104.23999786376952,102.81999969482422,103.13999938964844,72.78857421875,2098200,0.0,0.0,1.4199981689452983,56.26413262581285,152724986.42578125,-27171400,61.13437317112476,69.57778139191416
2015-11-18,103.22000122070312,103.86000061035156,102.5999984741211,103.68000030517578,73.16966247558594,2141600,0.0052355505094887,0.0052218926650688,1.2600021362304688,54.90753798290185,156700149.15771484,-25029800,59.36033717864887,69.58903971582643
2015-11-19,104.0,104.69000244140624,103.63999938964844,104.0999984741211,73.466064453125,1552700,0.0040508862212937,0.0040427034725173,1.0500030517577983,59.505193298158765,114070758.27636719,-23477100,59.37349372614006,69.59783021927088
2015-11-20,104.58000183105467,105.0,103.94000244140624,104.0999984741211,73.466064453125,2646800,0.0,0.0,1.0599975585937642,51.6320341059146,194449979.39453125,-23477100,52.37961474020677,69.61272335692675
2015-11-23,104.12999725341795,104.58999633789062,103.2699966430664,103.58999633789062,73.10614013671875,2290400,-0.0048991914714023,-0.0049112318514546,1.3199996948242188,49.02693009378659,167442303.36914062,-25767500,54.31659700277643,69.62432366502706
2015-11-24,103.06999969482422,103.73999786376952,102.66999816894533,103.4000015258789,72.9720687866211,1557700,-0.0018339273533922,-0.0018356110570026,1.0699996948241903,50.77286259280595,113668591.54891968,-27325200,52.67150588914128,69.6318670158985
2015-11-25,103.36000061035156,103.6500015258789,103.04000091552734,103.48999786376952,73.03558349609375,1354700,0.0008703975442765,0.0008700189679926,0.6100006103515625,49.91187296590509,98941304.9621582,-25970500,49.74924297138214,69.63852395207718
2015-11-27,103.79000091552734,104.41000366210938,103.70999908447266,104.18000030517578,73.52253723144531,954100,0.0066673491473865,0.0066452206794187,0.7000045776367188,49.498906893801326,70147852.77252197,-25016400,48.86341361426423,69.64386657699418
2015-11-30,104.0500030517578,104.4000015258789,103.0,103.01000213623048,72.69682312011719,3998700,-0.0112307619190129,-0.0112943031176366,1.4000015258789062,48.28764638056663,290692786.6104126,-29015100,50.83073044262232,69.66136597111499
2015-12-01,103.45999908447266,104.5,103.1500015258789,104.37999725341795,73.66365051269531,3424200,0.0132994448874421,0.0132117836455189,1.3499984741210938,54.21916807549495,252239072.0855713,-25590900,41.77186824570882,69.68091495379427
2015-12-02,103.7300033569336,103.93000030517578,103.04000091552734,103.3000030517578,72.90149688720703,3577100,-0.010346400432014,-0.0104002965088656,0.8899993896484375,46.03513561358174,260775944.51522827,-29168000,41.02974319294852,69.69726474201833
2015-12-03,103.44000244140624,103.7300033569336,101.9000015258789,102.29000091552734,72.1886978149414,3927900,-0.0097775642847013,-0.0098256785501375,1.8300018310546875,48.32433215797968,283549986.14730835,-33095900,50.52045490701095,69.71107628144749
2015-12-04,102.44000244140624,103.38999938964844,102.20999908447266,103.26000213623048,72.87324523925781,3560900,0.0094827506941774,0.0094380716452539,1.1800003051757812,57.87230421021639,259494338.97247314,-29535000,43.903815969559936,69.72688876703337
2015-12-07,103.0,103.26000213623048,101.91999816894533,102.4499969482422,72.3016128540039,2521500,-0.0078442010284723,-0.0078751286143283,1.3400039672851562,46.10158228350641,182308516.81137085,-32056500,36.411476673472635,69.73597345223905
2015-12-08,101.70999908447266,101.98999786376952,100.8000030517578,101.16000366210938,71.39125061035156,3738100,-0.0125911747707565,-0.0126711153512124,1.1899948120117188,40.23668639053254,266867633.90655518,-35794600,35.548982031630935,69.74458688067075
2015-12-09,101.12000274658205,101.94000244140624,100.08999633789062,100.45999908447266,70.897216796875,3118900,-0.0069200890760825,-0.0069441439312198,1.8500061035156108,34.36878774583995,221121329.46777344,-38913500,30.184903499359137,69.74956957530576
2015-12-10,100.5500030517578,101.41000366210938,100.37000274658205,100.4499969482422,70.89017486572266,3232400,-9.932591814598712e-05,-9.933085129165708e-05,1.0400009155273295,31.546948220811142,229145401.2359619,-42145900,21.918157495201957,69.75465693015012
2015-12-11,98.8000030517578,99.0,97.26000213623048,97.45999908447266,68.780029296875,5746600,-0.0297664037766108,-0.0302184156285398,1.739997863769517,24.223439829176897,395251316.3574219,-47892500,21.13065659226983,69.7469894773744
2015-12-14,97.45999908447266,97.91000366210938,95.81999969482422,97.87000274658205,69.06941223144531,4132600,0.0042073685854544,0.0041985423583805,2.090003967285156,27.62142582827057,285436252.9876709,-43759900,27.50926992336502,69.7431776475194
2015-12-15,98.54000091552734,99.56999969482422,98.12000274658205,98.9000015258789,69.79627990722656,3434200,0.0105237275415863,0.0104687385770434,1.4499969482421733,33.48004263962453,239694384.45739746,-40325700,30.573193707698103,69.7434247427343
2015-12-16,99.58999633789062,100.86000061035156,99.18000030517578,100.51000213623048,70.93251037597656,3483100,0.0162792411036847,0.0161481549996942,1.6800003051757812,40.15847604793839,247065026.89056396,-36842600,35.58385905678379,69.74901021645682
2015-12-17,102.4000015258789,102.45999908447266,99.9800033569336,100.0,70.57260131835938,4792100,-0.0050739647547999,-0.005086881023619,2.4799957275390625,36.02938838512746,338190962.77770996,-41634700,33.82229405551638,69.754298574094
2015-12-18,98.91999816894533,99.08999633789062,96.9000015258789,98.0,69.16114807128906,7053500,-0.0200000172971253,-0.0202027249676474,2.1899948120117188,34.135545596082665,487828157.9208374,-48688200,27.63140831354824,69.74874506439122
2015-12-21,98.51000213623048,98.8000030517578,96.33999633789062,96.88999938964844,68.37779235839844,3311100,-0.0113265284735176,-0.01139116211043,2.4600067138671733,25.885496937776796,226405708.27789307,-51999300,32.70535410913389,69.742745936231
2015-12-22,97.5500030517578,98.3000030517578,96.61000061035156,98.0,69.16114807128906,2458600,0.0114562884508571,0.01139116211043,1.6900024414062358,32.96917913149083,170039598.6480713,-49540700,32.32023808038342,69.74086230790502
2015-12-23,97.4800033569336,97.69000244140624,96.87999725341795,97.23999786376952,68.62480926513672,4812200,-0.0077549147333341,-0.0077851404512432,0.8100051879882812,33.50762751838032,330236307.1456909,-54352900,26.732491671280457,69.73383209162861
2015-12-24,96.98999786376952,97.70999908447266,96.69000244140624,97.33999633789062,68.69536590576172,1497600,0.0010281506262903,0.0010276224414399,1.0199966430664205,29.501441554348204,102878179.98046875,-52855300,26.927844893207347,69.73180030624445
2015-12-28,97.1500015258789,97.2699966430664,96.3000030517578,97.0,68.45541381835938,2274600,-0.003492987980172,-0.0034991027059484,0.969993591308608,30.49394190075041,155708684.27124023,-55129900,31.350414961805356,69.7280185962187
2015-12-29,97.30999755859376,97.86000061035156,97.16000366210938,97.72000122070312,68.96353912353516,1688900,0.0074227190638864,0.0073953062528875,0.6999969482421875,37.164132745469,116472521.22573853,-53441000,32.29138778544275,69.72634050178483
2015-12-30,97.5,97.70999908447266,97.02999877929688,97.08999633789062,68.51893615722656,1727300,-0.0064469279268306,-0.0064677991184151,0.6800003051757812,37.35941205285166,118352758.42437744,-55168300,33.07454761018918,69.72363596280039
2015-12-31,96.9000015258789,97.05999755859376,96.01000213623048,96.2300033569336,67.91197967529297,2178600,-0.0088582297971008,-0.0088976971615284,1.0499954223632812,35.11978640936579,147953038.92059326,-57346900,34.59411856779072,69.7185320787232
2016-01-04,95.33999633789062,95.4000015258789,94.05999755859376,94.83999633789062,66.9310531616211,3730800,-0.0144440865714998,-0.014549417896815,1.340003967285142,39.58676897613476,249706373.13537598,-61077700,41.73441068515524,69.7051485432499
2016-01-05,94.83999633789062,96.0999984741211,94.5199966430664,95.77999877929688,67.59442901611328,2839600,0.00991133148451,0.009862536389951,1.5800018310546875,42.02884687538912,191941140.63415527,-58238100,34.918228614687116,69.69746324363236
2016-01-06,94.88999938964844,95.54000091552734,94.0999984741211,94.41999816894533,66.63463592529297,2443000,-0.0141992928232519,-0.0143010673478099,1.44000244140625,33.33333333333333,162788415.56549072,-60681100,26.818755671423244,69.6878987767282
2016-01-07,93.02999877929688,93.97000122070312,92.2699966430664,92.5999984741211,65.3502197265625,3790800,-0.0192755041112625,-0.0194636989323748,1.7000045776367188,21.02552446001685,247729612.93945312,-64471900,16.083711795916745,69.66698156701773
2016-01-08,92.83999633789062,93.0,91.20999908447266,91.38999938964844,64.49629211425781,3941100,-0.0130669432463682,-0.0131530668198639,1.7900009155273438,19.999864394930185,254186336.85150146,-68413000,17.649581438311444,69.64118811206694
2016-01-11,91.77999877929688,91.94000244140624,90.70999908447266,91.66000366210938,64.68682861328125,3484000,0.002954224076725,0.0029498689320511,1.2300033569335795,24.88092749769565,225368910.88867188,-64929000,27.734681382148967,69.61943615599156
2016-01-12,91.66000366210938,93.0999984741211,91.66000366210938,93.0,65.63251495361328,4436200,0.0146194574785176,0.0145136234537713,1.4399948120117188,34.86374684196046,291158962.83721924,-60492800,20.803168785925557,69.59727153543965
2016-01-13,93.31999969482422,93.7699966430664,90.0999984741211,90.61000061035156,63.945838928222656,4274500,-0.0256987870506365,-0.026034769607181,3.669998168945313,23.849895144193,273336488.49868774,-64767300,21.35176316718106,69.56715983845872
2016-01-14,90.80999755859376,91.88999938964844,89.5999984741211,91.1500015258789,64.32691955566406,4001900,0.0059594280695756,0.005941740913553,2.290000915527344,28.10909913319753,257429899.369812,-60765400,19.65200376593467,69.54114939481374
2016-01-15,89.56999969482422,90.11000061035156,88.41999816894531,90.04000091552734,63.543556213378906,5459500,-0.0121778463463851,-0.0122526038608367,1.69000244140625,25.536115909433438,346916045.14694214,-66224900,26.82286183159064,69.50081000737528
2016-01-19,90.83999633789062,91.4499969482422,89.58000183105469,90.3499984741211,63.7623291015625,3772000,0.0034428807769109,0.0034369676311726,1.8699951171875144,27.66950112390876,240511505.37109375,-62452900,21.805781111227038,69.47426672879563
2016-01-20,89.05999755859375,89.4000015258789,87.30000305175781,88.69999694824219,62.59788513183594,4836900,-0.0182622558826514,-0.0184310693123057,2.0999984741210938,21.49168933708087,302779710.59417725,-67289800,27.562689290815577,69.43372104043742
2016-01-21,88.80999755859375,90.19000244140624,87.91999816894531,89.06999969482422,62.85901641845703,3467600,0.0041715672353968,0.0041628903711754,2.2700042724609237,24.22878137000083,217969925.3326416,-63822200,32.578360667374376,69.4060458329021
2016-01-22,90.2699966430664,90.69000244140624,89.30999755859375,89.9000015258789,63.44475173950195,2866000,0.0093182387256212,0.0092750917678092,1.3800048828124858,29.62006054165886,181832658.4854126,-60956200,33.74016989049738,69.38537804169314
2016-01-25,89.97000122070312,90.26000213623048,89.16000366210938,89.41999816894531,63.10599136352539,2069800,-0.005339454670222,-0.0053537605046025,1.099998474121108,31.46359165060525,130616780.92422485,-63026000,32.860627377038455,69.36969476159263
2016-01-26,89.91999816894531,91.31999969482422,89.87999725341797,90.93000030517578,64.17164611816406,2307700,0.0168867445327007,0.0167457485571185,1.44000244140625,34.03549526044257,148088907.7468872,-60718300,38.792230867691636,69.35526020987346
2016-01-27,91.01000213623048,92.13999938964844,90.37000274658205,90.87000274658205,64.12930297851562,3333900,-0.0006598418804851,-0.0006600596719493,1.769996643066392,37.2209860083419,213800683.20007324,-64052200,40.01740411278516,69.33437863608705
2016-01-28,90.97000122070312,91.61000061035156,90.26000213623048,91.0,64.22105407714844,2286100,0.0014307203473511,0.0014296978421581,1.3499984741210795,43.44260406623943,146815751.72576904,-61766100,49.2772053927566,69.32040674861042
2016-01-29,91.62999725341795,93.25,91.62999725341795,93.1999969482422,65.77364349365234,5220900,0.0241757074656356,0.023888101219462,1.6200027465820457,56.86119104621228,343397615.3160095,-56545200,57.82991332334537,69.29841132214413
2016-02-01,92.04000091552734,94.5,92.04000091552734,94.08000183105467,66.39469909667969,5521800,0.0094423171659523,0.0093980171341933,2.459999084472656,58.76816271789778,366618249.4720459,-51023400,60.372579141224804,69.27949007167865
2016-02-02,95.11000061035156,96.0,94.01000213623048,94.69000244140624,66.82518005371094,7634600,0.0064836645528645,0.0064627360135574,1.989997863769517,56.4651232808955,510183519.6380615,-43388800,68.31113338628852,69.2575753463687
2016-02-03,95.2300033569336,95.7300033569336,93.97000122070312,95.33000183105467,67.27685546875,4857500,0.0067590602026965,0.0067363201652977,1.7600021362304688,70.84794095766169,326797325.4394531,-38531300,75.96818851522924,69.24638622717622
2016-02-04,95.33000183105467,97.0,95.16999816894533,96.25,67.92611694335938,5545600,0.0096505918727274,0.0096043223582684,1.8300018310546733,71.79477465756969,376691074.12109375,-32985700,77.08979045825325,69.23792605473896
2016-02-05,95.87000274658205,96.68000030517578,95.08000183105467,95.37000274658205,67.30508422851562,4273300,-0.0091427678011036,-0.0091848194109471,1.599998474121108,73.23454481534647,287614816.4337158,-37259000,77.492845274413,69.22842900571614
2016-02-08,94.38999938964844,97.41999816894533,94.31999969482422,97.3000030517578,68.66712188720703,4545100,0.020236772218678,0.0200347299844216,3.099998474121108,76.54696709796612,312098935.6895447,-32713900,85.5867646849307,69.22551084473584
2016-02-09,96.3499984741211,98.91000366210938,96.30999755859376,97.52999877929688,68.8294448852539,5427500,0.0023639114846476,0.0023611218413423,2.600006103515611,87.83199797681677,373571812.1147156,-27286400,79.43137475880111,69.22306716237075
2016-02-10,97.54000091552734,98.0,95.88999938964844,96.12000274658205,67.83438110351562,3634400,-0.0144569491065511,-0.0145624690274628,2.1100006103515625,77.73408693655188,246537274.6826172,-30920800,73.36722544762159,69.21735338120567
2016-02-11,94.5999984741211,95.6999969482422,94.22000122070312,95.08999633789062,67.10748291015625,3897000,-0.0107157783639261,-0.0107736057985703,1.4799957275390767,70.10075888417857,261517860.9008789,-34817800,77.13057835145469,69.20808591115761
2016-02-12,96.25,97.31999969482422,95.91000366210938,97.25,68.63185119628906,3266700,0.0227153250282632,0.0224611735892341,1.4099960327148438,76.83358804079025,224199668.30291748,-31551100,77.53722027129457,69.205971996135
2016-02-16,97.91000366210938,99.0199966430664,97.51000213623048,98.55999755859376,69.55635070800781,3205700,0.013470414910923,0.0133804954734157,1.5099945068359233,76.51158527698436,222976793.46466064,-28345400,77.50979771194584,69.20722883265934
2016-02-17,98.80999755859376,99.5,98.27999877929688,98.3000030517578,69.37286376953125,3004300,-0.00263796097134,-0.0026414465215629,1.220001220703125,75.46277154623714,208416894.62280273,-31349700,76.84237855737149,69.20778378529799
2016-02-18,97.81999969482422,98.0500030517578,97.23999786376952,97.45999908447266,69.33016967773438,2654700,-0.0006154292828203,-0.0006156187371558,0.8100051879882812,74.92867544797477,184050801.44348145,-34004400,71.8836996641137,69.20814504841377
2016-02-19,97.22000122070312,97.48999786376952,96.48999786376952,97.37000274658205,69.26615142822266,2313000,-0.0009233822707962,-0.000923808850823,1.0,69.93691890394635,160212608.253479,-36317400,70.53454333662316,69.20829385175574
2016-02-22,97.37000274658205,98.91000366210938,97.37000274658205,98.0199966430664,69.7285385131836,2574300,0.006675512864896,0.0066533302941929,1.5400009155273295,69.3822749011088,179502176.69448853,-33743100,61.41885218854443,69.20977497055584
2016-02-23,97.11000061035156,97.22000122070312,96.01000213623048,96.97000122070312,68.98158264160156,3699700,-0.0107123408508096,-0.0107701310568641,1.209999084472642,62.09192884584122,255211161.2991333,-37442800,54.90049375720714,69.20884511104707
2016-02-24,96.19000244140624,97.02999877929688,95.33000183105467,96.87000274658205,68.91048431396484,2366700,-0.0010306856542581,-0.0010312171759696,1.6999969482422017,59.56891335455161,163090443.2258606,-39809500,51.69830716391984,69.20806939254871
2016-02-25,97.16000366210938,97.8499984741211,96.4800033569336,97.72000122070312,69.51513671875,2146400,0.0087744616919289,0.0087361898167345,1.3699951171875,59.356513926325256,149207289.453125,-37663100,59.08681785666593,69.20879173080682
2016-02-26,97.97000122070312,98.5199966430664,97.41000366210938,97.44000244140624,69.3159408569336,2372900,-0.0028655034172244,-0.0028696168320236,1.1099929809570312,62.45933427814266,164479796.05941772,-40036000,50.65518070349925,69.209069661464
2016-02-29,97.44000244140624,97.70999908447266,96.51000213623048,96.5500030517578,68.68282318115234,3124000,-0.009133796179554,-0.0091757650480762,1.1999969482421733,50.10694598032776,214565139.61791992,-43160000,47.333606073412426,69.20727869248579
2016-03-01,97.43000030517578,98.4499969482422,97.02999877929688,98.36000061035156,69.97042083740234,2666900,0.0187470112120162,0.0185734517890159,1.4199981689453267,56.7385505470144,186604115.3312683,-40493100,55.10054932968615,69.20948944469139
2016-03-02,98.08999633789062,98.97000122070312,98.06999969482422,98.7699966430664,70.26206970214844,2605000,0.004168173654748,0.0041595108825564,0.9000015258789062,65.63704590441708,183032691.57409668,-37888100,63.52012840047271,69.21245949407647
2016-03-03,98.44000244140624,99.7699966430664,98.3499984741211,99.62000274658205,70.86674499511719,2541400,0.0086059988772329,0.0085691783695827,1.4199981689453125,74.60122503350169,180100745.73059082,-35346700,64.13870004866708,69.21700090009541
2016-03-04,99.5500030517578,101.22000122070312,99.51000213623048,100.4000015258789,71.42160034179688,3789700,0.0078295587968364,0.0077990668569036,1.709999084472642,70.90989356859713,270666438.8153076,-31557000,64.35221695214274,69.22598898450957
2016-03-07,99.95999908447266,101.37000274658205,99.7699966430664,101.3000030517578,72.06183624267578,3349700,0.008964177473131,0.0089242377413553,1.6000061035156392,69.61511491362513,241385532.86209106,-28207300,64.40023695782197,69.23617159541695
2016-03-08,100.54000091552734,101.63999938964844,100.37000274658205,100.62000274658205,71.5781021118164,2985100,-0.0067127644267952,-0.0067353963687103,1.269996643066392,66.48932468187404,213667792.61398315,-31192400,63.03374869718324,69.24364151339036
2016-03-09,99.5,100.1500015258789,98.88999938964844,99.55999755859376,70.82403564453125,3442800,-0.010534876520017,-0.0105907611701088,1.2600021362304688,60.09609137652598,243832989.9169922,-34635200,68.8923396740333,69.24943400530516
2016-03-10,100.05999755859376,100.05999755859376,98.8499984741211,99.87000274658205,71.04456329345703,2455200,0.0031137402284249,0.0031089025788412,1.2099990844726705,61.77015923798444,174428611.7980957,-32180000,68.73859654842028,69.25411391159267
2016-03-11,100.16999816894533,101.0999984741211,100.16999816894533,100.81999969482422,71.72039031982422,2315100,0.0095127198343891,0.0094677588244986,0.930000305175767,62.8205682228892,166039875.62942505,-29864900,76.96939113335198,69.26016174419856
2016-03-14,100.55999755859376,101.5999984741211,100.4800033569336,101.29000091552734,72.0547103881836,2097100,0.0046614368224786,0.0046506059710312,1.1199951171875,70.8898493631931,151105933.1550598,-27767800,82.770908965942,69.26635551946657
2016-03-15,100.97000122070312,101.54000091552734,100.58999633789062,101.41999816894533,72.1471939086914,1796300,0.0012835180380237,0.0012826950328994,0.9500045776367188,71.93802939260118,129598004.41818237,-25971500,82.86097214649539,69.2718143383133
2016-03-16,101.1999969482422,102.12999725341795,100.6999969482422,101.66999816894533,72.32503509521484,2252200,0.0024649771791334,0.0024619441061678,1.4300003051757528,70.21472786610272,162890444.04144287,-23719300,83.92170312201674,69.27905095399105
2016-03-17,103.12999725341795,104.37999725341795,102.5999984741211,103.75,73.80469512939453,4641200,0.0204584765459392,0.0202520131169889,1.7799987792968608,77.26872450871339,342542351.0345459,-19078100,91.90317668159707,69.30104803145315
2016-03-18,103.9000015258789,105.41000366210938,103.83000183105467,104.98999786376952,74.68675994873047,4963700,0.011951337483198,0.0118804842182185,1.5800018310547017,85.40249948264848,370722670.3575134,-14114400,91.9636170351876,69.32889969900603
2016-03-21,104.62000274658205,105.47000122070312,104.43000030517578,105.1500015258789,74.80059814453125,2789700,0.0015242085194073,0.0015230480926073,1.0400009155273438,83.05723890252855,208671228.64379883,-11324700,85.87157481047839,69.34475672721769
2016-03-22,104.45999908447266,105.31999969482422,104.30999755859376,104.86000061035156,74.59431457519531,2482600,-0.0027577796762714,-0.0027615893564272,1.0100021362304543,79.99997886715258,185187845.36437988,-13807300,85.80407841852158,69.35826043468766
2016-03-23,104.73999786376952,105.20999908447266,104.55999755859376,104.87999725341795,74.60853576660156,2210400,0.0001906471222001,0.000190628951347,0.650001525878892,78.21880732150214,164914707.4584961,-11596900,85.20977053335078,69.37025771934276
2016-03-24,104.33000183105467,105.48999786376952,104.30999755859376,105.43000030517578,74.99978637695312,1996700,0.0052440462251599,0.0052303440969411,1.1800003051757528,77.66772303488375,149752073.4588623,-9600200,84.70540591317511,69.38185401651702
2016-03-28,105.37999725341795,105.56999969482422,104.87999725341795,105.05999755859376,74.736572265625,1930900,-0.003509531480599,-0.003515704332984,0.6900024414062642,71.96247279616009,144308847.3876953,-11531100,84.34326383121275,69.3924995303133
2016-03-29,104.91999816894533,106.3000030517578,104.62000274658205,106.0999984741211,75.47640991210938,1988400,0.0098992718565533,0.009850595044622,1.6800003051757528,80.71741438411752,150077293.46923828,-9542700,93.05949621581482,69.40492945725306
2016-03-30,106.36000061035156,106.61000061035156,105.66999816894533,105.7300033569336,75.21321105957031,2277700,-0.0034871670876444,-0.003493261426904,0.9400024414062358,87.48504632706518,171313130.8303833,-11820400,84.19854981488331,69.41849105913546
2016-03-31,105.6500015258789,105.9000015258789,105.26000213623048,105.47000122070312,75.02824401855469,3303900,-0.00245923606252,-0.0024622649503781,0.6399993896484233,84.22989633005511,247885815.41290283,-15124300,77.01412562162292,69.43742622169965
2016-04-01,104.91999816894533,105.31999969482422,104.41000366210938,104.9499969482422,74.65831756591797,2764400,-0.0049304959415714,-0.0049426909381203,0.9099960327148438,76.6449307652495,206385453.07922363,-17888700,77.4855504511401,69.45212966768108
2016-04-04,105.04000091552734,105.73999786376952,104.6500015258789,104.87999725341795,74.60853576660156,2796200,-0.000666795086461,-0.0006670174931766,1.0899963378906108,74.42183858903664,208620387.7105713,-20684900,72.11774255383632,69.46677683133491
2016-04-05,104.4000015258789,104.73999786376952,103.73999786376952,103.91999816894533,73.92559051513672,2178700,-0.0091537147116961,-0.0091958673911277,1.0,65.28086617229046,161061684.05532837,-22863600,72.27489427746796,69.4766236240659
2016-04-06,104.0199966430664,104.83000183105467,103.47000122070312,104.66999816894533,74.45915222167969,2411100,0.0072175508213725,0.0071916289549698,1.3600006103515483,67.28099666764277,179528461.9216919,-20452500,64.59958489925639,69.48877101362821
2016-04-07,103.88999938964844,104.4499969482422,103.41000366210938,103.98999786376952,73.9754409790039,2107700,-0.0064963302460882,-0.0065175232337137,1.0399932861328267,51.648507062504784,155918036.95144653,-22560200,61.138981726859676,69.49831272482415
2016-04-08,104.4800033569336,105.31999969482422,104.04000091552734,104.30999755859376,74.20304870605469,1735100,0.0030768012199533,0.0030720775537874,1.279998779296875,44.65435107037764,128749709.80987549,-20825100,54.11790545699711,69.506535027291
2016-04-11,104.61000061035156,105.30999755859376,103.8000030517578,103.86000061035156,73.88294219970703,1922500,-0.0043139266098851,-0.0043232584388367,1.509994506835966,40.30087847612535,142039956.37893677,-22747600,61.932821613412514,69.51499322022798
2016-04-12,104.06999969482422,105.62999725341795,104.0,105.2300033569336,74.85753631591797,2555700,0.0131910571939135,0.0131048128074906,1.6299972534179543,52.39339303924357,191313405.56259155,-20191900,61.70309840142796,69.52868427955589
2016-04-13,105.56999969482422,106.16000366210938,105.47000122070312,105.54000091552734,75.07804107666016,2000900,0.0029456588019622,0.0029413288500302,0.69000244140625,54.11470821470648,150223652.3902893,-18191000,55.2799936773671,69.53979588236501
2016-04-14,105.62000274658205,105.9800033569336,104.8000030517578,105.08000183105467,74.75079345703125,2092000,-0.0043587660910699,-0.0043682932063789,1.1800003051757957,47.79308740553203,156378659.91210938,-20283000,56.29963439236481,69.55068224977464
2016-04-15,105.27999877929688,105.9800033569336,105.12999725341795,105.54000091552734,75.07804107666016,2668400,0.0043778481069505,0.004368293206379,0.8500061035156392,52.99259023505042,200338244.80895996,-17614600,55.407213417749105,69.56537196220194
2016-04-18,105.51000213623048,106.26000213623048,105.08000183105467,106.18000030517578,75.53330993652344,1333400,0.0060639416443806,0.0060456299403627,1.1800003051758097,50.524843138193205,100716115.46936035,-16281200,55.07744527481218,69.57328700166497
2016-04-19,106.26000213623048,107.01000213623048,106.16999816894533,106.83999633789062,76.00282287597656,2032000,0.0062159719976218,0.0061967325305141,0.8400039672851562,57.016297421156814,154437736.08398438,-14249200,57.49039897286094,69.58625565212779
2016-04-20,106.9499969482422,107.20999908447266,106.13999938964844,106.16999816894533,75.52621459960938,1952800,-0.0062709286093877,-0.0062906734712271,1.0699996948242188,54.20680978542498,147487591.8701172,-16202000,58.575498370181734,69.59774754674248
2016-04-21,105.8000030517578,106.06999969482422,104.93000030517578,104.98999786376952,74.68675994873047,2187300,-0.0111147454606211,-0.0111769757897765,1.1399993896484375,50.222618200232176,163362350.03585815,-18389300,57.70042688197729,69.60875158747704
2016-04-22,105.4000015258789,106.0,105.19000244140624,105.5199966430664,75.0638198852539,2166400,0.0050485512664129,0.005035850061986,0.8099975585937642,53.38983532245329,162618259.39941406,-16222900,58.55792941080416,69.62040948016546
2016-04-25,105.08999633789062,105.30999755859376,104.41999816894533,105.06999969482422,74.74369812011719,1732100,-0.004264661265921,-0.0042737808710309,0.8899993896484375,56.43914782819651,129463559.51385498,-17955000,58.32962938209205,69.62914847683804
2016-04-26,105.33000183105467,106.3499984741211,105.30999755859376,106.2300033569336,75.5688705444336,2216300,0.0110400267189123,0.0109795304701642,1.0400009155273295,58.35100721002307,167483287.78762817,-15738700,66.52507228055016,69.64208410767249
2016-04-27,106.27999877929688,106.83000183105467,105.4499969482422,106.45999908447266,75.7325210571289,2871900,0.0021655810324581,0.0021632395417033,1.3800048828124716,63.891811031221344,217496227.2239685,-12866800,55.985711028734706,69.65922316139222
2016-04-28,105.0999984741211,106.54000091552734,104.05999755859376,104.91000366210938,74.62989807128906,4210000,-0.0145594385403871,-0.0146664672883169,2.4800033569335795,52.96457222793315,314191870.88012695,-17076800,54.9513853484821,69.67964423822696
2016-04-29,104.62999725341795,105.44000244140624,104.37000274658205,105.06999969482422,74.74369812011719,2516700,0.0015248586929519,0.0015236972764493,1.0699996948241903,56.15452846430546,188107465.05889893,-14560100,55.430285997228545,69.69205063507708
2016-05-02,105.31999969482422,105.5999984741211,104.58000183105467,104.76000213623048,74.52317810058594,2905300,-0.0029503493281382,-0.0029547101882031,1.0199966430664205,47.32032905686589,216512189.33563232,-17465400,49.13435292204033,69.70567539483909
2016-05-03,104.18000030517578,104.58000183105467,103.16000366210938,104.37999725341795,74.25284576416016,2171900,-0.0036274933962278,-0.003634088704854,1.4199981689452983,43.43897935365211,161269755.71517944,-19637300,48.56667704443818,69.71524195423403
2016-05-04,103.63999938964844,104.0,103.0,103.11000061035156,73.34939575195312,2524800,-0.0121672106019551,-0.0122418370571825,1.0,39.79290631327893,185192554.39453125,-22162100,39.21440114507024,69.72410828953741
2016-05-05,103.3000030517578,103.43000030517578,101.98999786376952,102.13999938964844,72.65937042236328,3945400,-0.0094073757870251,-0.0094519046330516,1.4400024414062642,33.26781627637924,286670280.0643921,-26107500,33.24351422076134,69.73525634750845
2016-05-06,102.37999725341795,102.66000366210938,100.63999938964844,102.11000061035156,72.63803100585938,3658500,-0.0002936911836678,-0.0002937343193694,2.020004272460937,28.691350537924208,265746236.43493652,-29766000,33.87554028913618,69.74544345429155
2016-05-09,102.27999877929688,102.87999725341795,102.0,102.69000244140624,73.05062103271484,2476200,0.0056800827492444,0.0056640119063185,0.8799972534179545,28.088820032638765,180887947.8012085,-27289800,39.71302116076891,69.75327566987191
2016-05-10,102.69000244140624,103.66999816894533,102.69000244140624,103.6500015258789,73.73355102539062,2346300,0.0093487226120902,0.0093052937645281,0.9799957275390908,37.0902661635397,173001030.77087402,-24943500,39.29307140916804,69.76219283308657
2016-05-11,103.83000183105467,104.06999969482422,102.4499969482422,102.4499969482422,72.87991333007812,2646500,-0.0115773305834483,-0.0116448696627156,1.620002746582017,37.014654003011294,192876690.62805176,-27590000,32.61630058397477,69.77005139473638
2016-05-12,102.12000274658205,102.37000274658205,100.72000122070312,101.79000091552734,72.9659423828125,3391700,0.0011804219956292,0.0011797258453656,1.6500015258789205,34.2648682983216,247478586.77978516,-24198300,31.799816795087093,69.7803420423917
2016-05-13,101.66999816894533,102.1500015258789,100.12999725341795,100.66000366210938,72.15589904785156,2838500,-0.0111016634406101,-0.0111637468196606,2.020004272460952,31.919037922321607,204814519.44732666,-27036800,31.47492457715663,69.78672642526651
2016-05-16,100.81999969482422,101.9499969482422,100.68000030517578,101.6500015258789,72.86557006835938,2113900,0.009835246041868,0.0097871948163846,1.2699966430664205,30.80217287889114,154030528.56750488,-24922900,30.572518129375915,69.79287632851319
2016-05-17,101.58000183105467,102.3499984741211,100.72000122070312,101.08999633789062,72.4641342163086,2465100,-0.0055092666080038,-0.0055244985877347,1.6299972534179688,27.547437206367302,178631337.2566223,-27388000,31.283517877697275,69.79908410585625
2016-05-18,100.83999633789062,101.83000183105467,100.0500030517578,101.3000030517578,72.61467742919922,3444600,0.0020774858420475,0.0020753308524597,1.779998779296875,34.07279485098414,250128517.87261963,-23943400,37.605453096106864,69.8081976329615
2016-05-19,100.75,101.86000061035156,100.45999908447266,101.29000091552734,72.60750579833984,2475700,-9.87628274788932e-05,-9.876770484807683e-05,1.4000015258789062,32.82726000360634,179754402.10494995,-26419100,37.48786454111499,69.81469469994042
2016-05-20,101.62999725341795,102.4000015258789,101.33999633789062,101.51000213623048,72.7652359008789,2917000,0.0021723663525523,0.0021700101764689,1.0600051879882812,35.72387146979992,212256193.12286377,-23502100,37.171572407835015,69.8227414534383
2016-05-23,101.77999877929688,101.8000030517578,101.01000213623048,101.08999633789062,72.4641342163086,2562500,-0.0041379881593522,-0.0041465733240806,0.7900009155273153,35.54622864146263,185689343.92929077,-26064600,43.439643808745195,69.82905451775726
2016-05-24,101.5,102.3499984741211,101.4800033569336,101.9800033569336,73.10214233398438,2444600,0.0088044675421263,0.0087659342294708,0.8699951171875,47.91250666673538,178705497.1496582,-23620000,50.55635733422219,69.83650046097297
2016-05-25,102.1500015258789,102.66999816894533,102.1500015258789,102.3000030517578,73.33150482177734,1650500,0.0031375617795861,0.0031326499041523,0.5199966430664205,56.15328093962244,121033648.7083435,-21969500,58.30564512775241,69.84186029046344
2016-05-26,102.5500030517578,102.8000030517578,102.1999969482422,102.4499969482422,73.43903350830078,1835500,0.0014663368327811,0.0014652628107181,0.6000061035155966,57.219122640302885,134797346.00448608,-20134000,57.73845918059061,69.84798468868142
2016-05-27,102.80999755859376,103.31999969482422,102.61000061035156,102.9800033569336,73.8189697265625,1987700,0.0051734915359251,0.0051601550064278,0.7099990844726562,56.96582692262467,146729966.12548828,-18146300,58.75729626304207,69.85529265913873
2016-05-31,103.37999725341795,103.62000274658205,102.83999633789062,103.08999633789062,73.8978042602539,3200100,0.0010679441068253,0.0010673742601911,0.7800064086914205,51.672287823967416,236480363.41323853,-14946200,60.24955123129734,69.8672346756614
2016-06-01,103.08000183105467,103.0999984741211,102.33000183105467,102.88999938964844,73.75442504882812,1765400,-0.0019402364232748,-0.0019421211201969,0.7699966430664205,60.40893273568663,130206061.98120117,-16711600,68.89225362101601,69.87355929781447
2016-06-02,102.73999786376952,103.1999969482422,102.69000244140624,103.0500030517578,73.86912536621094,2229400,0.0015551652298404,0.0015539572126764,0.5099945068359659,60.67731915246716,164683828.09143066,-14482200,70.54572138183049,69.88175206371734
2016-06-03,102.62000274658205,103.25,101.9499969482422,103.12000274658205,73.91930389404297,2001900,0.0006792895893008,0.0006790589765571,1.3000030517577983,75.41235583213307,147979054.46548462,-12480300,70.63299834852106,69.88917243821949
2016-06-06,103.0,103.91999816894533,102.80999755859376,103.11000061035156,73.9121322631836,2172300,-9.701972937481428e-05,-9.702443609319043e-05,1.1100006103515625,68.91093422151883,160559324.91531372,-14652600,70.18780505068783,69.89717936010899
2016-06-07,103.25,104.47000122070312,103.11000061035156,103.87000274658205,74.4569320678711,1921000,0.0073709117570521,0.0073438793414131,1.3600006103515625,84.23526389464136,143031766.50238037,-12731600,79.71413592429943,69.9051906977646
2016-06-08,103.9000015258789,104.9499969482422,103.80999755859376,104.69000244140624,75.04473876953125,1908400,0.0078945866467388,0.0078635874413019,1.1399993896484375,86.29438616562327,143215379.46777344,-10823200,79.17950132602223,69.9141458576957
2016-06-09,104.18000030517578,105.0999984741211,104.11000061035156,104.97000122070312,75.24544525146484,1610900,0.0026744910466005,0.0026709209594487,0.9899978637695312,87.245937805661,121212887.75558472,-9212300,70.1076106126924,69.92197550821496
2016-06-10,104.33000183105467,104.54000091552734,103.81999969482422,104.5199966430664,74.9228515625,2640800,-0.0042872188195146,-0.0042964352935779,0.720001220703125,79.10891435605959,197856266.40625,-11853100,69.87665763320126,69.93398647579262
2016-06-13,104.4499969482422,104.73999786376952,103.61000061035156,103.63999938964844,74.29206848144531,2593700,-0.0084191013542576,-0.008454742171481,1.1299972534179543,72.646551186342,192691338.0203247,-14446800,62.852815554756226,69.94424271794855
2016-06-14,103.63999938964844,104.02999877929688,103.08999633789062,103.7300033569336,74.35657501220703,1916700,0.0008682828743398,0.0008679061348267,0.94000244140625,68.11566099394238,142519247.32589722,-12530100,64.32625678677887,69.9519029310334
2016-06-15,104.13999938964844,104.66999816894533,103.86000061035156,103.88999938964844,74.47126007080078,2829300,0.0015423660728715,0.0015411778479484,0.8099975585937642,67.02341502992402,210701536.11831665,-9700800,56.828554207749825,69.96345507562135
2016-06-16,103.4499969482422,104.33999633789062,102.91000366210938,104.20999908447266,74.70064544677734,2653000,0.0030801865814877,0.003075452525492,1.42999267578125,68.18163826278175,198180812.3703003,-7047800,58.76662308988602,69.9747823479112
2016-06-17,104.25,105.05999755859376,104.0999984741211,105.0199966430664,75.28128814697266,3417200,0.0077729274857338,0.0077428739205455,0.9599990844726703,69.92165169616075,257251217.85583496,-3630600,58.906300995689485,69.99107571199866
2016-06-20,105.31999969482422,106.6999969482422,105.30999755859376,106.0999984741211,76.05546569824219,3223800,0.0102837978776093,0.0102312793810672,1.3899993896484375,74.71255529127207,245187610.31799316,-406800,66.29016719033251,70.0085915428548
2016-06-21,106.33000183105467,106.9499969482422,105.93000030517578,106.66999816894533,76.46405029296875,3688100,0.0053721923990008,0.0053578136473732,1.0199966430664205,79.25704908741626,282007063.88549805,3281300,57.57384234507333,70.0298520029517
2016-06-22,106.52999877929688,106.7699966430664,105.47000122070312,105.9499969482422,75.94792938232422,3590700,-0.006749850533251,-0.0067727338049341,1.2999954223632812,70.65525726492746,272706230.0331116,-309400,64.14593694226721,70.04876726287858
2016-06-23,106.7699966430664,107.58000183105467,106.63999938964844,107.22000122070312,76.85830688476562,3040500,0.0119868640244098,0.0119155905679963,0.9400024414062358,74.93917684486114,233687682.08312988,2731100,56.168516680472244,70.06714709369969
2016-06-24,104.62000274658205,105.56999969482422,103.79000091552734,104.41000366210938,74.84400177001953,3627400,-0.0262080339314025,-0.0265575853511613,1.779998779296875,55.89830017384586,271489132.02056885,-896300,49.154118217273016,70.08247984135078
2016-06-27,103.4000015258789,103.87999725341795,102.52999877929688,103.7699966430664,74.38523864746094,3609400,-0.0061295910388153,-0.0061484541033839,1.3499984741210795,49.54121721707256,268486080.3741455,-4505700,50.72257837841793,70.0961785508409
2016-06-28,104.4499969482422,105.0500030517578,103.6999969482422,104.69000244140624,75.04473876953125,3198400,0.0088660080153257,0.0088269357398403,1.3500061035155966,50.0,240023092.48046875,-1307300,52.04870944074028,70.1101000427412
2016-06-29,105.51000213623048,106.68000030517578,105.30999755859376,106.33999633789062,76.22749328613281,2728600,0.0157606587216447,0.0156377492804534,1.370002746582017,55.53754434328911,207994338.180542,1421300,58.28541045784297,70.1247467280956
2016-06-30,106.73999786376952,107.73999786376952,106.12999725341795,107.72000122070312,77.21672058105469,2673000,0.0129773032311142,0.0128938195181201,1.6100006103515625,62.03017566996581,206400294.11315918,4094300,64.534126345575,70.14134189885816
2016-07-01,107.5999984741211,108.55999755859376,107.33999633789062,108.36000061035156,77.67548370361328,2793400,0.0059412406938084,0.0059236611186108,1.2200012207031392,68.07033671293138,216978696.17767334,6887700,69.63092189032798,70.15972089706776
2016-07-05,108.1999969482422,108.51000213623048,107.54000091552734,108.4499969482422,77.739990234375,2823100,0.0008304619126398,0.0008301172699408,0.9700012207031392,68.07033671293138,219467766.43066406,9710800,62.51017965341599,70.17836306599058
2016-07-06,108.30999755859376,108.48999786376952,106.68000030517578,107.72000122070312,77.21672058105469,3267500,-0.0067310228846534,-0.0067537783885515,1.809997558593736,64.04991945326611,252305634.4985962,6443300,68.2213403975165,70.1983404227203
2016-07-07,107.69000244140624,108.20999908447266,107.52999877929688,107.8499984741211,77.30990600585938,2343800,0.0012068037091379,0.001206076106865,0.6800003051757812,63.54168728930266,181198957.6965332,8787100,67.59311795996791,70.21278994744696
2016-07-08,108.4499969482422,109.8499984741211,108.44000244140624,109.5199966430664,78.50699615478516,2445700,0.0154843048035144,0.0153656462847066,1.409996032714858,65.73420067432289,192004560.49575806,11232800,66.89983581714785,70.23033788180187
2016-07-11,109.08999633789062,110.30999755859376,109.06999969482422,110.01000213623048,78.85824584960938,2239500,0.0044741196584785,0.0044641405392304,1.2399978637695457,64.2595968127589,176603041.5802002,13472300,65.90172015703638,70.2470204923279
2016-07-12,110.5,110.73999786376952,109.87000274658205,110.29000091552734,79.05897521972656,2370400,0.0025454455390752,0.0025422113796675,0.8699951171874716,63.48735656979345,187401394.86083984,15842700,73.53702185265254,70.26501804382895
2016-07-13,110.33000183105467,110.9000015258789,109.9800033569336,110.79000091552734,79.41740417480469,1792800,0.0045336908817998,0.0045234446624162,0.9199981689453124,68.333436809348,142379522.20458984,17635500,73.24490174573164,70.27913416439154
2016-07-14,111.37000274658205,111.83000183105467,110.98999786376952,111.5,79.92633819580078,2514500,0.0064083436909607,0.0063878975605948,0.8400039672851562,66.93041878402332,200974777.39334106,20150000,75.5492625934755,70.29995814854144
2016-07-15,111.8000030517578,111.8000030517578,110.70999908447266,111.02999877929688,79.58940887451172,2280500,-0.0042154980309953,-0.0042244082924294,1.090003967285142,82.13594861472201,181503646.93832397,17869500,78.59501997836823,70.31810835026707
2016-07-18,111.02999877929688,111.37999725341795,110.62000274658205,110.9000015258789,79.49622344970703,1964400,-0.0011708269494954,-0.0011715129028423,0.7599945068359091,86.41467834852271,156162381.3446045,15905100,73.25628715696247,70.33352941833616
2016-07-19,110.5999984741211,110.79000091552734,110.27999877929688,110.63999938964844,79.30985260009766,1431900,-0.0023443987842678,-0.0023471511897632,0.5100021362304688,82.58486367138912,113563777.93807983,14473200,72.1766896659667,70.34450962783424
2016-07-20,110.6999969482422,110.9499969482422,110.33000183105467,110.58999633789062,79.27401733398438,1329300,-0.000451838768305,-0.0004519408782005,0.6199951171875284,78.22054932380479,105378951.24206543,13143900,66.99326365755402,70.35463840638985
2016-07-21,110.37000274658205,110.5,109.58999633789062,109.88999938964844,78.7722396850586,1198600,-0.0063296609128785,-0.0063497781516434,0.910003662109375,65.8394927260382,94416406.48651123,11945300,66.18873624263303,70.3632389364804
2016-07-22,109.7699966430664,110.47000122070312,109.56999969482422,110.36000061035156,79.10913848876953,2012400,0.0042768722212025,0.0042677523968401,0.9000015258789062,64.9701094923075,159199230.2947998,13957700,64.4677837487896,70.37821635685613
2016-07-25,110.1999969482422,110.41999816894533,109.91000366210938,110.0999984741211,78.92274475097656,1323600,-0.0023561593686098,-0.002358939479877,0.5099945068359517,62.04366065879428,104462144.95239258,12634100,74.05986131251414,70.38782969430679
2016-07-26,110.25,110.43000030517578,109.81999969482422,110.37000274658205,79.11629486083984,1404100,0.0024523996279397,0.0024493974034065,0.6100006103515625,70.73518070964701,111087189.61410522,14038200,59.97340705540568,70.39823481750436
2016-07-27,110.11000061035156,110.4800033569336,108.66000366210938,108.8000030517578,77.99089813232422,4763800,-0.014224588379614,-0.0143267275859537,1.8199996948242188,56.06645307655398,371533040.5227661,9274400,48.32331003467782,70.42881964286833
2016-07-28,108.2699966430664,109.01000213623048,108.20999908447266,108.7300033569336,77.9406967163086,4481700,-0.0006436830093999,-0.0006438902622498,0.8000030517578267,43.65971244652791,349306820.4734802,4792700,39.0544223276039,70.45717968529136
2016-07-29,107.0,108.44000244140624,105.95999908447266,108.0999984741211,77.4891128540039,3993900,-0.0057939418215413,-0.0058107918192505,2.4800033569335795,35.00801165574775,309483767.8276062,798800,39.80353011390398,70.48075887289028
2016-08-01,108.13999938964844,108.55999755859376,107.62999725341795,108.01000213623048,77.42459106445312,2834700,-0.0008326561909716,-0.0008330030416894,0.9300003051758096,31.553259278394904,219475488.29040527,-2035900,33.78458257608055,70.49724546430467
2016-08-02,107.91000366210938,108.12999725341795,106.91999816894533,107.45999908447266,77.03034210205078,2440300,-0.0050920380331637,-0.0051050466378256,1.2099990844726278,23.274137474480867,187977143.83163452,-4476200,33.28126192450253,70.51057147297404
2016-08-03,107.4000015258789,108.37000274658205,107.4000015258789,108.29000091552734,77.62528991699219,2335000,0.007723551508485,0.007693877578678,0.9700012207031392,24.72398632963416,181255051.95617676,-2141200,39.897038101422424,70.52443059067585
2016-08-04,108.38999938964844,109.0,107.77999877929688,107.83999633789062,77.3027572631836,2196000,-0.0041549945147192,-0.0041636504897676,1.220001220703125,24.80243201980052,169756854.94995117,-4337200,46.47163415344263,70.53682571580978
2016-08-05,108.06999969482422,108.91000366210938,107.94000244140624,108.79000091552734,77.98372650146484,2413000,0.0088091196535569,0.0087705457283822,0.9700012207031392,35.244591186917035,188174732.04803467,-1924200,51.560978544507705,70.551759064453
2016-08-08,109.08999633789062,109.41000366210938,108.55999755859376,108.95999908447266,78.10558319091797,2037000,0.0015625912599961,0.0015613716845731,0.8500061035156108,38.10178526739814,159101072.9598999,112800,52.18158069924592,70.56452485293642
2016-08-09,109.06999969482422,110.0,109.0,109.6500015258789,78.60018920898438,1790400,0.0063325308878037,0.0063125646609151,1.0,43.89591540534937,140725778.75976562,1903200,56.02544639604028,70.57644322631029
2016-08-10,109.62000274658205,110.0,109.38999938964844,109.87999725341795,78.76508331298828,1519500,0.0020978843138084,0.0020956868273562,0.6100006103515625,49.930957729642834,119683544.0940857,3422700,56.9890765339857,70.58673786916087
2016-08-11,109.94000244140624,111.02999877929688,109.9000015258789,110.9000015258789,79.49622344970703,2786800,0.009282541272932,0.0092397232560692,1.1299972534179688,53.470466559411626,221540075.50964355,6209500,52.746575515195936,70.60723329865756
2016-08-12,109.97000122070312,110.05999755859376,109.62000274658205,109.91000366210938,79.34463500976562,1700600,-0.0019068634126664,-0.0019086837912139,0.4399948120117187,53.806273626594496,134933486.29760742,4508900,52.937856437443955,70.6194815430057
2016-08-15,110.04000091552734,110.75,109.80999755859376,109.8499984741211,79.30130767822266,1548800,-0.0005460650431832,-0.0005462141909976,0.9400024414062358,51.715682112758174,122821865.33203125,2960100,58.509536147769325,70.63055139165674
2016-08-16,109.33999633789062,109.97000122070312,109.33999633789062,109.80999755859376,79.27242279052734,1267300,-0.0003642422620887,-0.0003643086144142,0.6300048828125,64.91774335072843,100461941.4024353,1692800,69.24749272380204,70.63955817309335
2016-08-17,109.80999755859376,110.30999755859376,109.5199966430664,110.23999786376952,79.58283233642578,1542700,0.0039157317888298,0.0039080852657644,0.790000915527358,68.02361413498576,122772435.44540405,3235500,80.904658089471,70.65089025663826
2016-08-18,110.02999877929688,110.5199966430664,109.97000122070312,110.48999786376952,79.76333618164062,1833400,0.0022681254224754,0.0022655571087813,0.5499954223632812,76.54054978105985,146238100.55541992,5068900,80.07881824326874,70.66459182977819
2016-08-19,110.41999816894533,110.73999786376952,110.08000183105467,110.56999969482422,79.82110595703125,1613300,0.0007242647832466,0.0007240026300797,0.6599960327148438,78.01185694615862,128775390.24047852,6682200,81.04449138001253,70.67669082512293
2016-08-22,110.37999725341795,110.37999725341795,109.66999816894533,109.83000183105467,79.28688049316406,2061500,-0.006692784539402,-0.0067152816569396,0.7099990844726278,75.53999699497955,163449904.1366577,4620700,72.80464435686173,70.69120416610245
2016-08-23,109.83000183105467,110.23999786376952,109.4000015258789,109.44000244140624,79.00533294677734,2150000,-0.0035509979032533,-0.0035573176617093,0.8399963378906108,66.81234234217487,169861465.8355713,2470700,63.17341352309298,70.70579445008293
2016-08-24,109.45999908447266,109.7699966430664,109.05999755859376,109.63999938964844,79.14970397949219,2774100,0.001827358069766,0.0018256904822191,0.709999084472642,73.52142728055328,219569193.80950928,5244800,55.47537809861348,70.72487065451045
2016-08-25,109.69000244140624,109.69000244140624,109.0199966430664,109.33000183105467,78.92594909667969,1845000,-0.0028269831921351,-0.0028309866560497,0.6700057983398295,63.58107914919074,145618376.08337402,3399800,48.04434700355172,70.73717451987984
2016-08-26,109.22000122070312,109.81999969482422,108.58999633789062,108.9499969482422,78.65161895751953,1922900,-0.0034757914513529,-0.0034818460482081,1.2300033569335938,57.53911237143375,151239198.0934143,1476900,41.07814657932696,70.74953037556683
2016-08-29,109.25,109.37000274658205,108.91000366210938,109.12000274658205,78.77433013916016,1924600,0.0015601863415792,0.0015589705153151,0.4599990844726704,52.67953783988749,151609075.78582764,3401500,40.71642469688581,70.76205002875824
2016-08-30,109.29000091552734,109.58000183105467,109.04000091552734,109.37999725341795,78.96202087402344,1360100,0.0023826382849807,0.0023798043030587,0.5400009155273295,53.009202589875045,107396244.59075928,4761600,30.70992537003437,70.77108074517274
2016-08-31,109.05999755859376,109.41000366210938,108.68000030517578,109.22000122070312,78.84651184082031,2272800,-0.0014628429202364,-0.0014639139195376,0.7300033569335938,37.77185540867697,179202352.1118164,2488800,39.72016330125564,70.7859150593684
2016-09-01,109.51000213623048,110.0,109.13999938964844,109.5,79.04866790771484,2739200,0.0025639189632467,0.0025606377303684,0.8600006103515625,44.53368729867516,216530111.1328125,5228000,40.53055311807313,70.80416782202266
2016-09-02,110.29000091552734,110.41999816894533,109.19000244140624,109.58999633789062,79.11359405517578,1920300,0.0008213439793411,0.0008210068609558,1.229995727539091,46.56049744455752,151921834.66415405,7148300,39.77784435650327,70.81701619620758
2016-09-06,109.5199966430664,109.52999877929688,108.76000213623048,109.5,79.04866790771484,1789600,-0.0008206699270375,-0.0008210068609557,0.769996643066392,45.95355305856641,141465496.08764648,5358700,39.70486800245248,70.82886093935154
2016-09-07,109.37999725341795,109.66000366210938,109.02999877929688,109.4800033569336,79.03421020507812,1517800,-0.0001828962210166,-0.0001829129485701,0.6300048828125,38.88924941517486,119958124.24926758,3840900,32.2676638555636,70.83886242753167
2016-09-08,109.2300033569336,109.45999908447266,108.94000244140624,108.94000244140624,78.64437866210938,2524900,-0.0049324405464066,-0.0049446451802384,0.5199966430664205,29.109953908123916,198569191.68395996,1316000,24.90669406676953,70.8546574084398
2016-09-09,108.44000244140624,109.0,107.61000061035156,107.62999725341795,77.69866943359375,3533700,-0.0120251344673826,-0.0120980213021794,1.3899993896484375,20.2418799286298,274563788.17749023,-2217700,33.104448064584744,70.87398534631123
2016-09-12,107.3499984741211,108.9000015258789,107.11000061035156,108.5500030517578,78.36284637451172,2718400,0.0085481121589297,0.0085117839265876,1.7900009155273438,37.49987098904956,213021561.58447266,500700,32.26627094776658,70.8902195778206
2016-09-13,107.73999786376952,107.7699966430664,106.52999877929688,106.86000061035156,77.14281463623047,3023600,-0.015569007440726,-0.0156914772557646,1.2399978637695312,29.90629897409559,233249014.33410645,-2522900,33.17432283552174,70.90525935307583
2016-09-14,106.06999969482422,107.33999633789062,106.06999969482422,106.86000061035156,77.14281463623047,1955300,0.0,0.0,1.2699966430664062,27.652618933940037,150837345.45822144,-2522900,39.62563120668528,70.91494680353281
2016-09-15,106.62999725341795,107.31999969482422,106.41000366210938,107.08000183105467,77.30162811279297,2134200,0.0020586943490639,0.0020565781417707,0.9099960327148438,31.647210742911128,164977134.71832275,-388700,37.67238365194069,70.92575508042212
2016-09-16,106.62000274658205,107.1999969482422,106.16000366210938,106.86000061035156,77.14281463623047,3618600,-0.00205446483392,-0.0020565781417707,1.0399932861328267,32.49546812819533,279148989.0426636,-4007300,43.89846552957502,70.94354308939181
2016-09-19,107.16000366210938,107.72000122070312,106.9499969482422,107.12000274658205,77.33052825927734,2168900,0.0024333260839917,0.0024303703399645,0.7700042724609233,33.49848624365198,167722182.74154663,-1838400,46.88113850406578,70.95447744091766
2016-09-20,107.58999633789062,108.72000122070312,107.58999633789062,108.3499984741211,78.21846771240234,3242400,0.0114823921821389,0.0114169698440338,1.1300048828125,42.6743596951853,253615559.71069336,1404000,54.28419372819353,70.97302084073455
2016-09-21,109.16000366210938,109.9000015258789,108.66999816894533,109.66000366210938,79.1641616821289,2937500,0.0120904179969842,0.0120179127209937,1.2300033569335795,52.68958210864271,232544724.94125366,4341500,54.23964034367239,70.9919210467951
2016-09-22,110.0199966430664,110.72000122070312,109.51000213623048,109.66999816894533,79.17137145996094,2693800,9.107375962602582e-05,9.106961266296404e-05,1.209999084472642,51.074416162404326,213271840.43884277,7035300,49.17695941471304,71.00919197820622
2016-09-23,109.52999877929688,109.93000030517578,109.1999969482422,109.20999908447266,78.83927917480469,1651600,-0.0041946006369764,-0.0042034226527596,0.7300033569335795,47.7054032631712,130210953.48510742,5383700,48.400246500426405,71.01931559951635
2016-09-26,109.08999633789062,109.27999877929688,108.62999725341795,108.83999633789062,78.57218933105469,2360800,-0.0033877763285709,-0.0033935278363522,0.6500015258789205,46.144728995801074,185493224.5727539,3022900,49.740632274854605,71.03324825710567
2016-09-27,108.86000061035156,110.2300033569336,108.51000213623048,110.01000213623048,79.41679382324219,2466000,0.0107494076387366,0.010692043477465,1.7200012207031108,52.72895084557968,195841813.56811523,5488900,49.430596660506765,71.04937131133306
2016-09-28,109.76000213623048,109.79000091552734,108.66000366210938,109.25,78.86817932128906,2752700,-0.0069080414298036,-0.0069320124067892,1.1299972534179688,51.56100001064294,217100437.2177124,2736200,50.858659136110695,71.06612053239368
2016-09-29,109.36000061035156,109.54000091552734,108.1999969482422,108.20999908447266,78.11739349365234,2473400,-0.0095195024672524,-0.0095651025550428,1.340003967285142,53.002217624811145,193215561.0671997,262800,51.21421109067978,71.07966687114576
2016-09-30,108.81999969482422,109.79000091552734,108.62999725341795,109.36000061035156,78.94757080078125,2952500,0.0106273042404616,0.0105712313619341,1.1600036621093892,54.09494987705693,233092702.78930664,3215300,53.46645301996923,71.09766859936867
2016-10-03,109.36000061035156,109.36000061035156,108.30999755859376,109.18000030517578,78.8176498413086,1445300,-0.0016456612680395,-0.0016470168559739,1.0500030517577983,63.84282824410151,113915149.31564331,1770000,53.74072540992265,71.10630540906372
2016-10-04,109.19000244140624,109.41000366210938,108.22000122070312,108.5199966430664,78.34119415283203,1742000,-0.006045038001461,-0.0060633832127105,1.19000244140625,59.18168363016533,136470360.2142334,28000,54.94918371850888,71.11604798704512
2016-10-05,108.5199966430664,109.52999877929688,108.38999938964844,109.16000366210938,78.80319213867188,3019100,0.005897254832988,0.0058799340889062,1.1399993896484375,60.99384988353321,237914717.38586426,3047100,63.20092039678645,71.13394679105775
2016-10-06,108.91000366210938,109.45999908447266,108.6500015258789,109.12000274658205,78.77433013916016,1861600,-0.0003662541926084,-0.0003663212800565,0.80999755859375,62.177019652146974,146646292.98706055,1185500,58.0708755433744,71.1449004681389
2016-10-07,109.04000091552734,109.36000061035156,108.4800033569336,108.8000030517578,78.54330444335938,1443000,-0.0029327535428439,-0.0029370624913002,0.8799972534179688,58.99356038875291,113337988.31176758,-257500,55.50312455136104,71.15311306359125
2016-10-10,109.27999877929688,109.61000061035156,108.95999908447266,109.0500030517578,78.7237777709961,1307700,0.002297755727439,0.0022951199235976,0.6500015258789062,54.18649338828349,102947084.19113159,1050200,47.58061971348147,71.16072125669875
2016-10-11,108.9000015258789,109.43000030517578,108.3000030517578,108.6999969482422,78.47113037109375,1944400,-0.0032092895825869,-0.0032144503970561,1.129997253417983,43.51332012722425,152579265.8935547,-894200,40.217132487929824,71.17162858092065
2016-10-12,109.02999877929688,109.05999755859376,108.44000244140624,108.73999786376952,78.50000762939453,1483900,0.0003679985003939,0.000367930805553,0.6199951171875284,43.74150985532437,116486161.32125854,589700,39.6511370805199,71.17996365095597
2016-10-13,108.19000244140624,108.72000122070312,107.36000061035156,108.3000030517578,78.1823501586914,2088600,-0.0040465915901921,-0.0040548011967087,1.3600006103515625,43.85954653138011,163291656.54144287,-1498900,46.23115646165931,71.19115553907068
2016-10-14,108.70999908447266,109.05999755859376,108.41000366210938,108.41999816894533,78.26900482177734,1566000,0.0011083660558943,0.0011077522717272,0.6499938964843892,47.067141564535575,122569261.55090332,67100,38.53195142913531,71.19962732432154
2016-10-17,108.30999755859376,108.7699966430664,107.91000366210938,108.02999877929688,77.98746490478516,1759900,-0.0035970805765739,-0.0036035656270812,0.8599929809570312,34.483009953998575,137250139.4859314,-1692800,46.379770316723054,71.20874570051994
2016-10-18,108.4499969482422,108.97000122070312,108.0500030517578,108.12999725341795,78.05962371826172,1692300,0.0009252616887169,0.0009248338979792,0.9199981689453268,40.20937610281823,132100301.2184143,-500,47.247549238923305,71.21758384360045
2016-10-19,108.2300033569336,108.52999877929688,107.8000030517578,108.0500030517578,78.00187683105469,1991400,-0.0007397792156346,-0.0007400529873072,0.7299957275390767,48.319119694308704,155332937.5213623,-1991900,37.45257765713574,71.22786736227248
2016-10-20,107.91000366210938,107.91000366210938,107.19000244140624,107.4000015258789,77.53264617919922,1946100,-0.0060156328401146,-0.0060337996525714,0.7200012207031392,26.99495632369833,150886282.7293396,-3938000,35.59114910562405,71.23719283390746
2016-10-21,106.73999786376952,107.22000122070312,106.38999938964844,107.16000366210938,77.35939025878906,2816400,-0.0022346189501866,-0.0022371194368973,0.8300018310546875,26.619842009594905,217874986.72485352,-6754400,42.270579100951785,71.25026985480578
2016-10-24,107.81999969482422,108.5199966430664,107.75,108.4499969482422,78.29064178466797,1808300,0.0120379894769542,0.0119661091695508,0.7699966430664062,49.29265324422998,141572967.5392151,-4946100,31.85991661722667,71.25991209697771
2016-10-25,108.41000366210938,108.7300033569336,107.77999877929688,107.83999633789062,77.85026550292969,2242500,-0.0056248904300657,-0.0056407697003402,0.9500045776367188,36.5851405691504,174579220.39031982,-7188600,35.43855302712212,71.27108628869047
2016-10-26,107.5999984741211,109.04000091552734,107.58999633789062,108.61000061035156,78.40613555908203,3310100,0.0071402461194101,0.0071148752599531,1.4500045776367188,45.4864462451273,259532149.31411743,-3878500,32.957284293614265,71.28889889559613
2016-10-27,109.25,109.25,105.87000274658205,108.08000183105467,78.02354431152344,3532000,-0.0048796085259207,-0.004891552686664,3.3799972534179545,43.85674454171311,275579158.5083008,-7410500,35.29928282039346,71.3067913312794
2016-10-28,108.3000030517578,108.45999908447266,106.98999786376952,107.6999969482422,77.74921417236328,2397500,-0.0035159917635225,-0.0035221873893391,1.4700012207031392,38.73125374925015,186403740.97824097,-9808000,42.392244000584775,71.31838869757905
2016-10-31,108.08000183105467,108.1999969482422,107.52999877929688,107.76000213623048,77.79252624511719,2328700,0.0005570740902651,0.0005569189820959,0.6699981689453267,41.75421161341042,181155455.8670044,-7479300,40.575459398959055,71.32968895399323
2016-11-01,108.0199966430664,108.02999877929688,106.16000366210938,106.83999633789062,77.12837982177734,2906600,-0.0085374065530046,-0.0085740589684742,1.8699951171875,35.562183589031946,224181348.78997803,-10385900,40.01390296528619,71.34229453689325
2016-11-02,106.91999816894533,107.41999816894533,106.5999984741211,106.9000015258789,77.17168426513672,2568900,0.0005614592638849,0.0005613017046051,0.819999694824233,38.70958394130722,198246339.70870972,-7817000,41.19430977570225,71.35347305894905
2016-11-03,107.22000122070312,108.16999816894533,106.68000030517578,107.4800033569336,77.59039306640625,2245500,0.0054256791886384,0.0054110132159683,1.4899978637695457,42.94262985761008,174229227.63061523,-5571500,40.25666710621355,71.36390992174205
2016-11-04,107.38999938964844,108.0500030517578,106.88999938964844,106.94000244140624,77.2005615234375,2559300,-0.0050242243602904,-0.0050368882106593,1.1600036621093608,41.99669442008799,197579397.1069336,-8130800,43.48268498150256,71.37502069252078
2016-11-07,107.95999908447266,109.8000030517578,107.95999908447266,109.8000030517578,79.2652359008789,3615400,0.0267442922266127,0.0263929147707693,1.840003967285142,58.72540661360002,286575533.8760376,-4515400,54.09673387003346,71.39618178603851
2016-11-08,109.61000061035156,112.87999725341795,109.51000213623048,112.02999877929688,80.87507629394531,5834300,0.0203095389141276,0.0201060507822721,3.369995117187472,66.97963143979425,471849457.62176514,1318900,63.50283476674906,71.4370291282719
2016-11-09,110.33000183105467,112.6999969482422,110.23999786376952,112.6999969482422,81.92916107177734,6744000,0.0130334934584901,0.0129492883512399,2.4599990844726847,74.30201193972447,552530262.2680664,8062900,70.93230252387534,71.48903360371298
2016-11-10,112.91000366210938,114.11000061035156,112.81999969482422,113.30999755859376,82.37261962890625,4532600,0.0054127071646736,0.0053981111110025,1.2900009155273438,76.90718880165892,373362135.72998047,12595500,71.79941787771433,71.52516913847447
2016-11-11,113.12999725341795,114.30999755859376,113.0,114.2300033569336,83.04143524169922,3092600,0.0081193922908611,0.0080866073681504,1.3099975585937642,76.23778062428369,256813942.628479,15688100,69.88715222213264,71.55119875656068
2016-11-14,114.51000213623048,114.75,112.83999633789062,112.91000366210938,82.08181762695312,3396800,-0.0115558890805902,-0.011623177252208,1.910003662109375,72.10245015135116,278815518.1152344,12291300,62.57087355130258,71.57727706348243
2016-11-15,113.0199966430664,113.33000183105467,112.1500015258789,113.18000030517578,82.27812194824219,3690800,0.00239156888778,0.0023887136383518,1.180000305175767,71.01366464359387,303672092.48657227,15982100,68.8462493502824,71.6059932711676
2016-11-16,113.18000030517578,113.38999938964844,112.36000061035156,112.80999755859376,82.0091552734375,2297800,-0.0032689938520216,-0.0032743486855537,1.029998779296875,71.90041553615568,188440636.9873047,13684300,68.40601343431226,71.62334493469363
2016-11-17,112.91999816894533,113.55999755859376,112.51000213623048,113.48999786376952,82.50348663330078,1621400,0.006027758220592,0.0060096639614813,1.0499954223632812,75.50740393872512,133771153.22723389,15305700,68.26239438842063,71.63613513699514
2016-11-18,113.7300033569336,114.30999755859376,113.25,114.08999633789062,82.93964385986328,1992400,0.0052865308408245,0.0052726061904955,1.0599975585937642,76.49809152060129,165248946.4263916,17298100,73.75091355236192,71.6524399415708
2016-11-21,114.08999633789062,114.7300033569336,113.62000274658205,114.6999969482422,83.38310241699219,1942500,0.0053467622537441,0.0053325190678407,1.1100006103515483,82.94888499666821,161971676.44500732,19240600,78.89121842177364,71.66891394021316
2016-11-22,114.94000244140624,115.0,114.4000015258789,114.62999725341795,83.33222961425781,1987300,-0.0006101092578681,-0.0006102954502571,0.5999984741210938,82.42691770496253,165606139.91241455,17253300,78.78014845410134,71.6856470785154
2016-11-23,114.8499984741211,115.75,114.8499984741211,115.68000030517578,84.09552764892578,1855400,0.009159697732813,0.0091180021209316,0.9000015258789062,83.04208148128055,156030841.9998169,19108700,83.70627044716376,71.70224737182343
2016-11-25,115.79000091552734,116.38999938964844,115.7699966430664,116.26000213623048,84.51717376708984,1077600,0.005013894673737,0.005001366961474,0.6200027465820312,87.04416314831911,91075706.45141602,20186300,77.04855637867806,71.71219562963012
2016-11-28,116.26000213623048,116.47000122070312,115.4499969482422,115.69000244140624,84.1028060913086,2659100,-0.00490276303989,-0.0049148210103282,1.0200042724609233,79.40693593149405,223637771.67739868,17527200,75.38612881391725,71.73588587514641
2016-11-29,115.94000244140624,116.4800033569336,115.7699966430664,116.27999877929688,84.53168487548828,2772400,0.0050994586757791,0.0050865004709362,0.7100067138671875,75.9545329008291,234355643.1488037,20299600,73.22627812469005,71.76134248808881
2016-11-30,116.45999908447266,116.95999908447266,115.91999816894533,115.91999816894533,84.27000427246094,3353600,-0.0030956510971333,-0.0031004525366057,1.0400009155273295,68.72119232210171,282607886.328125,16946000,71.69082471037585,71.79137250315075
2016-12-01,116.04000091552734,116.76000213623048,115.87999725341795,116.43000030517578,84.6407470703125,2485200,0.0043994633802662,0.0043898140321997,0.8800048828125284,68.35310502869447,210349184.61914062,19431200,70.88392018044968,71.81419193442427
2016-12-02,116.69000244140624,117.01000213623048,116.0,116.3499984741211,84.58258819580078,2088700,-0.0006871261954175,-0.000687362374818,1.010002136230483,63.838179845233135,176667651.9645691,17342500,80.40037620415751,71.83322138131825
2016-12-05,116.91000366210938,116.9499969482422,116.36000061035156,116.55999755859376,84.7352523803711,2310000,0.0018049126637849,0.0018032857662341,0.5899963378906392,77.8632693641915,195738432.99865723,19652500,85.29483904583832,71.8544522892124
2016-12-06,116.5,116.72000122070312,116.02999877929688,116.54000091552734,84.72071075439453,1755400,-0.00017161247023,-0.0001716271973349,0.69000244140625,76.66718309319499,148718735.65826416,17897100,85.4611036512303,71.870521114776
2016-12-07,116.2699966430664,118.79000091552734,116.2699966430664,118.62000274658205,86.23281860351562,2539300,0.0178481487661819,0.0176907407604691,2.520004272460937,86.26765545976258,218970996.27990723,20436400,85.75542198157774,71.89642171323034
2016-12-08,119.0,119.2699966430664,118.1500015258789,118.9800033569336,86.4945297241211,2157800,0.0030349364063904,0.0030303402838399,1.1199951171875,85.69623189988127,186637896.2387085,22594200,86.34132633347613,71.91875818683151
2016-12-09,118.91000366210938,119.79000091552734,118.44000244140624,119.5999984741211,86.94524383544922,3196800,0.0052108972991204,0.0051973675548413,1.349998474121108,85.7333816110792,277946555.49316406,25791000,86.72699419986148,71.9527438986279
2016-12-12,119.41000366210938,120.44000244140624,119.33000183105467,120.12999725341795,87.33053588867188,2760200,0.0044314333507633,0.004421643461498,1.1100006103515625,85.58377142668505,241049745.1599121,28551200,87.21310304546812,71.98271555473384
2016-12-13,120.33000183105467,120.43000030517578,119.36000061035156,120.16000366210938,87.35234069824219,3123400,0.0002496813897729,0.0002496502245622,1.0699996948242188,86.42983169340877,272836300.93688965,31674600,74.87426495495463,72.01653841364863
2016-12-14,119.8499984741211,119.91999816894533,116.93000030517578,117.26000213623048,85.2441177368164,4983900,-0.0241347048582089,-0.0244307193670598,2.989997863769545,58.368557153752256,424848158.3885193,26690700,68.4013754783485,72.06282410840814
2016-12-15,117.20999908447266,117.87999725341795,116.44000244140624,117.27999877929688,85.2586669921875,3045700,0.0001706775289294,0.000170662965177,1.4399948120117188,55.74316857871218,259672322.05810547,29736400,63.76085432861637,72.09098158023225
2016-12-16,117.37999725341795,117.52999877929688,115.08999633789062,115.80999755859376,84.19004821777344,5543300,-0.0125338433277637,-0.0126130545184668,2.44000244140625,50.6135440040091,466690694.2855835,24193100,63.28596744555017,72.13778809218208
2016-12-19,116.26000213623048,117.3000030517578,116.05999755859376,116.9800033569336,85.04058837890625,2209900,0.0101026211427357,0.0100519307835379,1.240005493164034,53.37856797707337,187931196.25854492,26403000,62.15273304680555,72.15765697018756
2016-12-20,117.19000244140624,117.7699966430664,117.11000061035156,117.5199966430664,85.43315887451172,2074900,0.0046162721012268,0.0046056497949299,0.6599960327148438,57.59017429964005,177265261.34872437,28477900,55.30780995686263,72.17682323165145
2016-12-21,117.04000091552734,117.41999816894533,116.0199966430664,116.0999984741211,84.4008560180664,3028400,-0.0120831638446332,-0.0121567587089084,1.4000015258789205,48.559005038418285,255599552.3651123,25449500,50.39328914037643,72.20252735853099
2016-12-22,116.63999938964844,116.73999786376952,115.79000091552734,116.3000030517578,84.54625701904297,1969700,0.0017227432023372,0.0017212609823454,0.9499969482421732,49.78402687826771,166530762.45040894,27419200,45.98354450871261,72.2193862122333
2016-12-23,116.31999969482422,116.54000091552734,115.87999725341795,115.97000122070312,84.30634307861328,1229800,-0.0028376648344781,-0.0028416986381971,0.6600036621093892,47.47649673934902,103679940.71807861,26189400,49.39943432170807,72.22968444809693
2016-12-27,116.3000030517578,116.77999877929688,116.06999969482422,116.12999725341795,84.42266082763672,990800,0.0013797034099198,0.0013787524937246,0.7099990844726562,48.2671651165514,83645972.34802246,27180200,44.02309220507956,72.23804835312032
2016-12-28,116.18000030517578,116.27999877929688,115.12999725341795,115.1999969482422,83.7465591430664,1541700,-0.008008533229611,-0.0080407737802409,1.1500015258789205,33.98866605545517,129112070.23086548,25638500,39.091362527964705,72.2503190452532
2016-12-29,115.2300033569336,115.5,114.52999877929688,114.9800033569336,83.58665466308594,1412300,-0.0019093856704882,-0.0019112108710188,0.970001220703125,31.024676717378256,118049432.38067627,24226200,31.669250125052006,72.26138084338007
2016-12-30,115.23999786376952,115.43000030517578,114.36000061035156,114.63999938964844,83.33950805664062,1734000,-0.0029567711190439,-0.0029611510024415,1.0699996948242188,25.82861526658995,144510706.97021484,22492200,30.74938810213593,72.27463711884806
2017-01-03,115.5199966430664,116.06999969482422,114.63999938964844,115.08000183105467,83.65934753417969,2390700,0.0038377893630197,0.0038304438371447,1.4300003051757812,25.17197326029931,200004402.14996338,24882900,27.887600838592636,72.29338867179492
2017-01-04,115.3000030517578,115.8499984741211,114.95999908447266,115.11000061035156,83.68115997314453,1830800,0.00026072925032,0.000260695266356,0.8899993896484375,25.172050478459767,153203467.678833,26713700,36.77779478926196,72.30773439228084
2017-01-05,115.0,115.9800033569336,114.8499984741211,115.16999816894533,83.72476959228516,1856200,0.0005211402322173,0.0005210044858064,1.1300048828125,35.743534822187925,155409917.3171997,28569900,38.42287128206197,72.3222979169132
2017-01-06,115.0,115.66000366210938,114.5199966430664,115.4000015258789,83.8919906616211,1767000,0.0019972711797267,0.0019952792854384,1.1400070190429688,37.5332836890785,148237147.49908447,30336900,43.760302222317826,72.33632992152776
2017-01-09,115.0,115.19000244140624,114.5,114.7699966430664,83.43399047851562,1965200,-0.0054594029715281,-0.0054743599743065,0.6900024414062358,42.23868673736314,163964478.0883789,28371700,34.37185514966922,72.35127898985117
2017-01-10,114.62999725341795,114.80999755859376,113.41000366210938,113.91999816894533,82.81609344482422,2892600,-0.007405819021092,-0.0074333782488538,1.3999938964843892,26.019012463872546,239553831.89849854,25479100,34.7735736157608,72.37198686849351
2017-01-11,113.63999938964844,114.47000122070312,113.63999938964844,114.18000030517578,83.00508880615234,2302700,0.0022821091102787,0.0022795090542727,0.8300018310546875,22.622730260101772,191135817.993927,27781800,36.353411303941236,72.38871045593855
2017-01-12,114.20999908447266,114.20999908447266,113.3000030517578,113.91000366210938,82.80879211425781,1917000,-0.0023648753915914,-0.0023676761258633,0.909996032714858,27.878521891968106,158744454.48303223,25864800,43.602051308682185,72.40233610103351
2017-01-13,114.1999969482422,114.5999984741211,114.02999877929688,114.23999786376952,83.04872131347656,1788000,0.0028973879837264,0.002893198645304,0.5699996948242188,29.72459285978428,148491113.7084961,27652800,41.63705012571092,72.41530503168956
2017-01-17,113.69000244140624,114.11000061035156,113.41000366210938,114.06999969482422,82.92510986328125,2474700,-0.001488420871993,-0.0014895296707151,0.6999969482421875,30.691143188076865,205214769.3786621,25178100,43.805174514773284,72.43299471606574
2017-01-18,114.37000274658205,115.4499969482422,114.0199966430664,114.95999908447266,83.57211303710938,2040000,0.0078022588682105,0.0077719786472531,1.4300003051757957,39.6460739169442,170487110.59570312,27218100,43.35257176014105,72.44842882969094
2017-01-19,114.97000122070312,115.1500015258789,114.01000213623048,114.2699966430664,83.07051849365234,1848000,-0.0060019368330953,-0.0060200208517021,1.1399993896484233,41.40523154758209,153514318.17626953,25370100,50.07037937792654,72.46174464819032
2017-01-20,114.44000244140624,115.0,114.31999969482422,114.95999908447266,83.57211303710938,2372900,0.0060381775935991,0.0060200208517021,0.6800003051757812,49.8299046537944,198308267.02575684,27743000,50.15390045908211,72.47959987313993
2017-01-23,114.98999786376952,115.04000091552734,114.13999938964844,114.45999908447266,83.20862579345703,1689500,-0.0043493843872409,-0.0043588704752696,0.9000015258789062,48.50961647058415,140580973.27804565,26053500,49.75358504695965,72.49186238018294
2017-01-24,114.5999984741211,116.26000213623048,114.1500015258789,116.0500030517578,84.36450958251953,2157200,0.0138913938073159,0.0137957927337599,2.1100006103515767,56.745462374380566,181991120.07141113,28210700,50.165430075188844,72.5091631504829
2017-01-25,116.2300033569336,117.12999725341795,115.87000274658205,116.98999786376952,85.04786682128906,2045000,0.0081000558428081,0.008067426471873,1.259994506835909,61.604918277048256,173922887.64953613,30255700,50.10517399232097,72.52646027431054
2017-01-26,116.97000122070312,117.36000061035156,116.54000091552734,116.93000030517578,85.00424194335938,1796400,-0.0005129449986247,-0.0005130765999153,0.8199996948242188,60.86416857882115,152701620.22705078,28459300,57.04434561510081,72.5415625506458
2017-01-27,117.0,118.19000244140624,116.58999633789062,118.08999633789062,85.84751892089844,2283800,0.009920410537876,0.0098715263005234,1.6000061035156108,64.89460490057866,196058563.71154785,30743100,55.17710731598889,72.56200525759134
2017-01-30,117.91000366210938,117.91999816894533,116.26000213623048,117.02999877929688,85.07691955566406,2910300,-0.0089763731662928,-0.0090169035299864,1.6599960327148438,61.94483704274009,247599358.98284912,27832800,42.27811047693875,72.58645928759569
2017-01-31,111.80999755859376,111.80999755859376,108.68000030517578,109.12999725341795,79.33390808105469,12755500,-0.0675037543037961,-0.0698901535353232,3.129997253417983,35.493633518756184,1011943664.5278931,15077300,28.52917404784488,72.64375450555953
2017-02-01,107.79000091552734,108.5500030517578,103.2300033569336,105.3499984741211,76.58597564697266,14684600,-0.0346375528516066,-0.0352516552606181,5.3199996948242045,27.958163354057447,1124634417.9855347,392700,27.413359713373488,72.6819190008164
2017-02-02,105.29000091552734,105.6999969482422,104.41000366210938,105.0999984741211,76.40421295166016,4353400,-0.0023733156596495,-0.0023761364372072,1.2899932861328267,27.986097161477588,332618100.6637573,-3960700,30.94603684975531,72.69257148774378
2017-02-03,105.6999969482422,107.1999969482422,105.33000183105467,106.9499969482422,77.74909973144531,4859700,0.0176022594544105,0.0174491339770521,1.8699951171875284,33.070061272538496,377837299.9649048,899000,30.545242685073443,72.70867380826267
2017-02-06,106.62000274658205,107.0,105.75,106.05999755859376,77.10208129882812,3444300,-0.0083218768429739,-0.0083566969738616,1.25,31.999949058862484,265562698.6175537,-2545300,26.360708776154475,72.71856730781109
2017-02-07,106.37999725341795,106.48999786376952,105.30999755859376,105.69000244140624,76.83312225341797,3589500,-0.0034883500014446,-0.0034944484808618,1.1800003051757528,28.670015546646468,275792492.3286438,-6134800,31.07628558542092,72.72820085621011
2017-02-08,105.80999755859376,106.4000015258789,105.51000213623048,106.16000366210938,77.17481231689453,3398500,0.0044471713950342,0.0044373119486172,0.8899993896484233,31.148320829983064,262278599.65896606,-2736300,30.92450157873491,72.73803608031355
2017-02-09,106.16000366210938,107.01000213623048,106.0199966430664,106.45999908447266,77.39288330078125,2416000,0.0028256755972566,0.0028216908805458,0.9900054931640768,29.87688466931887,186981206.0546875,-320300,35.99503170415202,72.7453438998338
2017-02-10,106.5,107.5,106.26000213623048,107.33999633789062,78.03262329101562,4012800,0.0082661345972609,0.0082321572193095,1.239997863769517,33.441893635310606,313129310.7421875,3692500,37.50966639549707,72.75909489898375
2017-02-13,107.66000366210938,108.52999877929688,107.52999877929688,108.5,78.87591552734375,3877700,0.0108069189623825,0.0107489415444687,1.0,32.083585907766206,305857137.64038086,7570200,40.79872025170284,72.77442921215426
2017-02-14,108.68000030517578,109.33999633789062,107.62000274658205,108.98999786376952,79.23212432861328,5878800,0.0045160655047615,0.004505898678816,1.7199935913085795,30.60135516513561,465789812.50305176,13449000,41.561850188364325,72.79887945318892
2017-02-15,108.87000274658205,109.16999816894533,108.27999877929688,109.0199966430664,79.25392150878906,2843000,0.0002751053358784,0.0002750675013444,0.8899993896484517,30.79160291102889,225318898.8494873,16292000,36.71319849281016,72.81067718126697
2017-02-16,108.0999984741211,108.12999725341795,106.66000366210938,107.22000122070312,78.54336547851562,5150000,-0.0089655630503361,-0.0090059955589695,1.4699935913085795,25.382896156484733,404498332.21435547,11142000,36.844266468183854,72.82959419275033
2017-02-17,106.95999908447266,107.0500030517578,106.41000366210938,106.9000015258789,78.30894470214844,2919000,-0.0029846031544358,-0.0029890659644538,0.6399993896484233,26.334671472871197,228583809.5855713,8223000,47.991527587461036,72.8398233210782
2017-02-21,106.9000015258789,107.87000274658205,106.5999984741211,107.72000122070312,78.90962982177734,3822500,0.0076707089070557,0.007641438606831,1.2700042724609517,47.68331710032002,301632059.9937439,12045500,56.010877585290444,72.85462589955289
2017-02-22,105.44000244140624,106.83000183105467,105.23999786376952,105.62000274658205,77.3713150024414,5234400,-0.0194946399167037,-0.0196871666770513,1.5900039672851562,54.94085527061041,404992411.2487793,6811100,56.3651226573701,72.86965919611829
2017-02-23,106.0,106.08999633789062,104.88999938964844,105.08999633789062,76.98303985595703,3976300,-0.0050183345917298,-0.0050309687186751,1.1999969482421875,53.54938011695906,306107661.37924194,2834800,54.60797025873533,72.88003324952142
2017-02-24,104.86000061035156,106.19000244140624,104.7699966430664,106.18000030517578,77.78153991699219,2717400,0.0103724153076993,0.0103189909171202,1.4200057983398295,50.21321106290629,211363556.57043457,5552200,60.544184638791066,72.88846670815437
2017-02-27,106.13999938964844,106.7699966430664,105.75,106.7300033569336,78.18441772460938,2776200,0.0051796069870451,0.0051662389636435,1.0199966430664062,57.34944577644141,217055580.48706055,8328400,60.29300333261667,72.89775967783528
2017-02-28,106.68000030517578,106.98999786376952,105.4800033569336,105.76000213623048,77.47384643554688,3793900,-0.0090884003455185,-0.009129951805074,1.5099945068359233,54.10457499728744,293928025.9918213,4534500,60.31237073982856,72.90870679476146
2017-03-01,106.97000122070312,107.37999725341795,106.69000244140624,106.87000274658205,78.28697204589844,3386200,0.0104954852219456,0.0104407899860907,0.6899948120117188,56.71883253180975,265095344.7418213,7920700,55.6850902337428,72.92016583242722
2017-03-02,106.98999786376952,106.98999786376952,105.86000061035156,105.9499969482422,77.613037109375,2490900,-0.0086085196414075,-0.0086457869784905,1.1299972534179543,51.26057174809534,193326314.1357422,5429800,49.31417915345232,72.92750941742155
2017-03-03,106.12999725341795,106.5999984741211,105.76000213623048,105.93000030517578,77.59840393066406,2732500,-0.000188540215097,-0.0001885579910377,0.8399963378906108,47.322011695554224,212037638.74053955,2697300,42.9376657805385,72.93551381299497
2017-03-06,105.5199966430664,106.37000274658205,105.2300033569336,106.0999984741211,77.72290802001953,2481900,0.0016044671417045,0.0016031813594467,1.1399993896484517,42.19718240048409,192900485.41488647,5179200,33.59045106814178,72.942953871025
2017-03-07,106.0,106.38999938964844,105.51000213623048,105.63999938964844,77.38594818115234,2186500,-0.0043353992722505,-0.0043448243665714,0.8799972534179545,37.47362536106596,169204375.6980896,2992700,27.743828518705683,72.94902855790276
2017-03-08,105.63999938964844,106.11000061035156,105.23999786376952,105.7300033569336,77.45187377929688,2269800,0.0008519065759873,0.0008515439095375,0.8700027465820455,37.8458207176481,175800263.10424805,5262500,34.94491417246212,72.95541056517393
2017-03-09,106.12999725341795,106.23999786376952,105.62000274658205,105.9000015258789,77.57640075683594,2301000,0.0016077981262778,0.001606507002596,0.6199951171874716,42.91834942147504,178503298.1414795,7563500,41.79496936287165,72.96204052350078
2017-03-10,106.2699966430664,106.8499984741211,105.75,106.7300033569336,78.18441772460938,2957100,0.0078376537431694,0.0078070988835028,1.0999984741210938,49.13533157454204,231199141.65344238,10520600,40.13066952934706,72.97165207164318
2017-03-13,106.52999877929688,107.5,106.30999755859376,107.48999786376952,78.74117279052734,2644500,0.0071210489522226,0.0070958140118072,1.1900024414062358,48.82311805490411,208231031.44454956,13165100,42.62604880197306,72.9811325050018
2017-03-14,107.19000244140624,107.41999816894533,106.44000244140624,106.83000183105467,78.25765991210938,2748900,-0.006140534377158,-0.0061594649942324,0.9799957275390908,57.26259881947996,215122481.33239746,10416200,51.833646230842824,72.99012977702775
2017-03-15,107.29000091552734,108.29000091552734,106.8499984741211,107.73999786376952,78.92430114746094,3253800,0.0085185429273026,0.0084824648839526,1.44000244140625,65.2124887750014,256803891.0736084,13670000,51.50714569546666,73.00208283372419
2017-03-16,107.8000030517578,107.91999816894533,107.29000091552734,107.8000030517578,78.96826171875,2409400,0.0005569966493199,0.000556841584264,0.629997253417983,60.54686440540056,190266129.78515625,16079400,53.57490648092652,73.01096841675405
2017-03-17,107.91000366210938,108.97000122070312,107.6500015258789,108.1500015258789,79.22461700439453,4412200,0.0032463078212048,0.0032410499400306,1.3199996948242188,59.49186785278175,349554855.14678955,20491600,55.49309763925447,73.02786892571889
2017-03-20,108.0500030517578,108.1999969482422,106.93000030517578,107.12000274658205,78.47013092041016,2370900,-0.009523379380206,-0.0095690167366453,1.2699966430664205,59.01886166957891,186044833.39920044,18120700,47.07877706984991,73.03581140903468
2017-03-21,107.51000213623048,108.13999938964844,106.37000274658205,106.51000213623048,78.02325439453125,3088500,-0.0056948614796139,-0.0057111390316032,1.769996643066392,47.443154079443744,240974821.19750977,15032200,47.329100285235754,73.04527518201394
2017-03-22,106.95999908447266,107.16999816894533,105.87999725341795,106.5199966430664,78.03059387207031,2282200,9.40678211389656e-05,9.406339703892016e-05,1.2900009155273722,54.64934129376225,178081421.33483887,17314400,47.72782708834583,73.05225552679771
2017-03-23,106.52999877929688,106.88999938964844,105.37000274658205,105.6500015258789,77.3932876586914,2414200,-0.0081673889913456,-0.0082009248378407,1.519996643066392,47.99423449663007,186842875.0656128,14900200,47.69046987086736,73.0586758029331
2017-03-24,105.69000244140624,105.83999633789062,104.8000030517578,105.0500030517578,76.95374298095703,2526900,-0.0056793643354807,-0.0056955532493664,1.0399932861328267,42.91511006541239,194454413.13858032,12373300,47.77340649424296,73.06469611070611
2017-03-27,104.4800033569336,104.9800033569336,103.75,104.77999877929688,76.75595092773438,2148400,-0.0025702720304534,-0.0025735808505365,1.2300033569335938,44.044313337997394,164902484.97314453,10224900,54.805960459037706,73.06954044965008
2017-03-28,104.72000122070312,106.5199966430664,104.5,106.19000244140624,77.78883361816406,3191600,0.0134567115376127,0.0133669741453604,2.0199966430664062,52.693094760154445,248270841.37573242,13416500,54.32458309450349,73.07872345574461
2017-03-29,105.6500015258789,106.3499984741211,105.45999908447266,106.02999877929688,77.671630859375,1889300,-0.0015066784439058,-0.0015078146252558,0.8899993896484375,50.76200267146586,146745012.1826172,11527200,52.80454300008426,73.08400776363757
2017-03-30,105.80999755859376,106.83999633789062,105.3499984741211,106.66000366210938,78.13313293457031,1721600,0.0059417070311149,0.0059241247015514,1.4899978637695312,49.57978150138406,134514001.66015625,13248800,52.59374912383377,73.0892957802417
2017-03-31,106.4800033569336,107.6999969482422,106.4800033569336,107.3000030517578,78.60195922851562,2478100,0.0060003519164899,0.0059824214950707,1.219993591308608,48.84263164771653,194783515.16418457,15726900,52.7458170744346,73.09759372446058
2017-04-03,107.66000366210938,107.7300033569336,106.08000183105467,106.4000015258789,77.94268798828125,2645900,-0.0083874657413781,-0.0084228384626876,1.6500015258789205,47.45579502399752,206228558.14819336,13081000,45.25065626071677,73.10536815224012
2017-04-04,106.3000030517578,106.6999969482422,105.6999969482422,106.62999725341795,78.11117553710938,2138600,0.0021616851198851,0.002159352040257,1.0,42.85708541096992,167048560.0036621,15219600,45.55642988168161,73.11185201152976
2017-04-05,106.94000244140624,107.77999877929688,106.54000091552734,106.73999786376952,78.19173431396484,2622900,0.001031334841673,0.0010308033812729,1.2399978637695312,43.22216406490357,205089099.9320984,17842500,34.677348420622785,73.11990905857098
2017-04-06,106.7699966430664,106.94000244140624,106.51000213623048,106.66999816894533,78.14045715332031,2824600,-0.0006557874830942,-0.0006560026057607,0.4300003051757528,40.18567401102551,220715535.27526855,15017900,33.89506511425709,73.12846972242195
2017-04-07,106.30999755859376,106.5999984741211,104.91000366210938,104.98999786376952,76.9097900390625,3212200,-0.015749423014548,-0.0158747629400703,1.6899948120117188,36.99615067188388,247049627.56347656,11805700,43.662350068978924,73.13578791906617
2017-04-10,105.4499969482422,106.87999725341795,105.37000274658205,106.41999816894533,77.95732879638672,3687700,0.0136203564824735,0.0135284331720525,1.509994506835909,49.50057854516409,287483241.4024353,15493400,42.79333390933602,73.14647688274272
2017-04-11,106.1500015258789,106.16000366210938,105.2300033569336,105.75,77.46651458740234,3029400,-0.0062959341547772,-0.0063158371307458,0.9300003051757812,46.01845399587064,234677059.29107666,12464000,42.12254565376403,73.15433010914377
2017-04-12,105.05999755859376,105.33999633789062,104.18000030517578,104.2300033569336,76.3530502319336,3036000,-0.0143734923585915,-0.0144777916361667,1.1599960327148438,43.11996786701142,231807860.5041504,9428000,41.808464708720514,73.16014700759602
2017-04-13,104.18000030517578,104.55999755859376,103.6999969482422,103.73999786376952,75.99410247802734,2840900,-0.0047011580128873,-0.0047122432120452,0.8600006103515625,43.584632741620574,215891645.72982788,6587100,46.87418839071129,73.16496120676454
2017-04-17,104.05999755859376,104.87000274658205,103.91999816894533,104.87000274658205,76.8218765258789,1723800,0.0108926090427992,0.0108337118867288,0.9500045776367188,50.406485707377335,132425550.75531006,8310900,38.47498720360517,73.16872676559919
2017-04-18,104.5199966430664,104.73999786376952,103.55999755859376,104.0999984741211,76.25784301757812,3042300,-0.0073420949058797,-0.0073691807439816,1.1800003051757528,39.98090745507959,231999235.81237793,5268600,38.69597821183609,73.17433047253733
2017-04-19,104.58000183105467,105.08999633789062,104.33000183105467,104.45999908447266,76.52154541015625,2047100,0.0034580363427973,0.0034520710832239,0.7599945068359517,42.61522182160213,156647255.60913086,7315700,39.80734982771767,73.17841114748346
2017-04-20,104.75,105.73999786376952,104.56999969482422,105.52999877929688,77.30537414550781,2424700,0.0102432423593934,0.0101911358765124,1.1699981689452983,44.89616968109528,187442340.6906128,9740400,40.642764448409494,73.1843618913921
2017-04-21,105.70999908447266,106.12999725341795,105.4499969482422,105.7699966430664,77.4811782836914,3040600,0.0022741515726019,0.0022715696036991,0.6800003051757528,42.830369718911335,235589270.6893921,12781000,47.345343670639565,73.19211729111043
2017-04-24,106.75,107.2300033569336,106.27999877929688,106.97000122070312,78.36023712158203,2441500,0.0113454500481655,0.0112815731174081,0.9500045776367188,52.59800491602969,191316518.93234253,15222500,53.628821767708914,73.19959654783104
2017-04-25,107.08999633789062,107.81999969482422,107.08000183105467,107.36000061035156,78.64592742919922,2626100,0.0036458581304943,0.0036392280996219,0.7399978637695455,53.27941488849026,206532070.02182007,17848600,55.91144861094529,73.20806119610123
2017-04-26,107.2300033569336,108.58999633789062,106.95999908447266,107.62000274658205,78.83636474609375,4565600,0.0024214517282661,0.0024185247381213,1.6299972534179688,53.90068630067042,359935306.8847656,22414200,64.60999189631855,73.22322810605378
2017-04-27,107.8000030517578,109.27999877929688,105.58000183105467,108.83000183105467,79.7227554321289,4672800,0.0112434241341534,0.0111806866590666,3.6999969482422017,58.69571233185717,372528491.58325195,27087000,72.1416293994113,73.241104690946
2017-04-28,109.0,109.3000030517578,107.08000183105467,107.45999908447266,78.71918487548828,3112000,-0.0125882572823891,-0.0126681606641742,2.220001220703125,60.19830625234897,244974103.33251953,23975000,66.07112649139864,73.2511207937225
2017-05-01,107.41999816894533,107.41999816894533,106.51000213623048,106.54000091552734,78.04523468017578,1976600,-0.0085614478399198,-0.0085983075670185,0.9099960327148438,50.517247571333655,154264210.86883545,21998400,72.77101756470007,73.25668180629843
2017-05-02,106.61000061035156,107.12000274658205,106.55999755859376,106.91999816894533,78.32361602783203,1908800,0.0035669230645156,0.0035605766813379,0.5600051879882812,55.17258843983439,149504118.27392578,23907200,79.80448645048627,73.26235132532605
2017-05-03,106.88999938964844,107.47000122070312,106.58999633789062,107.3499984741211,78.63859558105469,1909000,0.0040215144447715,0.0040134497697975,0.8800048828125,65.26434431867861,150121078.9642334,25816200,86.69735675529525,73.26836084446042
2017-05-04,107.41000366210938,107.83000183105467,106.5999984741211,107.0500030517578,78.41883087158203,1744300,-0.0027946164074883,-0.0027985286384106,1.2300033569335795,66.50066352797512,136785966.68930054,24071900,86.88976142336762,73.2736159265631
2017-05-05,107.31999969482422,107.55999755859376,107.0199966430664,107.43000030517578,78.69720458984375,2221500,0.0035498325487353,0.0035435467644355,0.540000915527358,63.79330275424989,174825839.9963379,26293400,87.933254128102,73.28065443356888
2017-05-08,107.36000061035156,107.58999633789062,106.7300033569336,107.5199966430664,78.76314544677734,2508200,0.000837905962191,0.0008375551149612,0.8599929809570312,69.88375233276454,197553721.40960693,28801600,81.82542116175514,73.28867586168909
2017-05-09,107.55999755859376,107.66000366210938,106.08999633789062,106.51000213623048,78.02325439453125,2336500,-0.0093938738486016,-0.0094382745634575,1.57000732421875,61.08098613750799,182301333.89282227,26465100,72.99657084278523,73.29512003480792
2017-05-10,106.06999969482422,106.12999725341795,104.7699966430664,105.0999984741211,76.99037170410156,3713100,-0.013238139045147,-0.0133265442886177,1.3600006103515483,47.75802675076781,285872949.1744995,22752000,65.27504399203625,73.30309561693649
2017-05-11,104.12999725341795,104.25,102.9800033569336,104.1500015258789,76.90178680419922,3076700,-0.0011505971193749,-0.0011512595644274,1.2699966430664062,45.82444433692119,236603727.46047974,19675300,64.87851066075288,73.30952005953918
2017-05-12,103.8000030517578,104.30999755859376,103.6500015258789,104.12999725341795,76.88700866699219,2052300,-0.0001921689705943,-0.0001921874374168,0.659996032714858,37.87189996997793,157795207.88726807,17623000,64.79821954438886,73.31377514186102
2017-05-15,104.5500030517578,105.4800033569336,104.22000122070312,105.29000091552734,77.74352264404297,2592900,0.0111399050619911,0.011078313314945,1.2600021362304688,43.2093236881387,201581179.863739,20215900,55.98393238423821,73.3204217714069
2017-05-16,105.29000091552734,105.36000061035156,103.93000030517578,104.5,77.16018676757812,2458300,-0.0075033373408573,-0.0075316289865028,1.4300003051757812,38.09082413448425,189682887.1307373,17757600,45.09393084845153,73.32587632091646
2017-05-17,104.5,104.5,102.77999877929688,102.87000274658205,75.95665740966797,3073100,-0.0155978025498489,-0.0157207281941083,1.720001220703125,24.39588118253134,233422403.88565063,14684500,36.319266297640674,73.33053980206907
2017-05-18,102.94000244140624,103.63999938964844,102.12000274658205,103.19000244140624,76.19293212890625,2890800,0.0031106518809003,0.0031058238130393,1.519996643066392,30.82447778826609,220258528.1982422,17575300,42.657507885983115,73.33530490671343
2017-05-19,103.23999786376952,103.88999938964844,103.01000213623048,103.41999816894533,76.36274719238281,2361200,0.0022287508661467,0.0022262708850914,0.8799972534179545,36.17068242618683,180307718.6706543,19936500,42.579299725568134,73.3394158714851
2017-05-22,103.3499984741211,104.04000091552734,103.11000061035156,103.77999877929688,76.62854766845703,1916000,0.0034807610496854,0.0034747172216299,0.9300003051757812,36.038397924762585,146820297.33276367,21852500,42.801432958088235,73.3430360802545
2017-05-23,103.66999816894533,104.31999969482422,103.38999938964844,104.1999969482422,76.93869018554688,2099600,0.0040473495391262,0.0040391810530414,0.9300003051757812,35.987391734189984,161540473.91357422,23952100,42.92862941339112,73.34736767488738
2017-05-24,103.81999969482422,104.80999755859376,103.7300033569336,104.72000122070312,77.32264709472656,1865300,0.0049904269003504,0.0049780159933833,1.0799942016601705,41.20212355566985,144229933.62579346,25817400,43.15600076670059,73.35161763774826
2017-05-25,105.18000030517578,105.98999786376952,105.02999877929688,105.94000244140624,78.22345733642578,2391800,0.0116500181453391,0.0115826791794466,0.959999084472642,46.54312973826991,187094865.25726318,28209200,49.39325444814523,73.35828711331521
2017-05-26,105.80999755859376,106.08999633789062,105.52999877929688,105.87000274658205,78.1717758178711,1826000,-0.0006606907993392,-0.0006609091516863,0.55999755859375,45.67585660571033,142741662.64343262,26383200,56.353481041758144,73.36331263212618
2017-05-30,105.51000213623048,107.41000366210938,105.2699966430664,106.80999755859376,78.86585235595703,2400800,0.0088788636413099,0.0088396783082046,2.1400070190429688,56.20270368935092,189341138.33618164,28784000,54.23908850932102,73.37085562319778
2017-05-31,107.0999984741211,107.19000244140624,105.33000183105467,105.97000122070312,78.24562072753906,5007300,-0.0078643875630556,-0.0078954749550602,1.8600006103515625,59.83809667319638,391799296.66900635,23776700,64.57986393192458,73.38475328740981
2017-06-01,106.48999786376952,108.0999984741211,105.6999969482422,107.66000366210938,79.49346923828125,4832300,0.0159478383472393,0.0158220076289263,2.400001525878892,67.18896900695762,384136291.4001465,28609000,66.5829576766127,73.40151410091039
2017-06-02,107.73999786376952,108.87999725341795,106.97000122070312,107.66999816894533,79.50084686279297,4182800,9.280793230459494e-05,9.28036259148883e-05,1.909996032714829,67.35294862508928,332536142.2576904,32791800,66.66610349695787,73.41596551971097
2017-06-05,107.48999786376952,108.4800033569336,107.25,107.9499969482422,79.70759582519531,2619900,0.0026005881768675,0.0025972124986673,1.2300033569335938,64.2704068453163,208825930.3024292,35411700,66.32107719493132,73.42528871835353
2017-06-06,107.83000183105467,107.94000244140624,107.3499984741211,107.43000030517578,79.32364654541016,2593900,-0.0048169722823805,-0.0048286112849089,0.590003967285142,66.1881247466761,205757606.7741394,32817800,67.225076288899,73.43392973158004
2017-06-07,107.41000366210938,107.48999786376952,106.27999877929688,106.68000030517578,78.76986694335938,2442300,-0.0069812675812093,-0.007005750644815,1.209999084472642,73.3171365299466,192379646.0357666,30375500,68.03683926776216,73.44127980042641
2017-06-08,106.68000030517578,107.18000030517578,106.22000122070312,106.75,78.82154846191406,2322100,0.0006561077295186,0.0006558925849424,0.9599990844726562,72.47487266730681,183031517.68341064,32697600,61.25955691471348,73.44831697227563
2017-06-09,106.51000213623048,107.05999755859376,105.93000030517578,107.02999877929688,79.02828216552734,2834200,0.0026228069309393,0.0026193733752329,1.129997253417983,72.64755261980852,223981957.3135376,35531800,62.709086256681815,73.45721067279399
2017-06-12,107.02999877929688,108.9499969482422,107.02999877929688,108.94000244140624,80.43858337402344,3337500,0.0178455252961486,0.017688163290129,1.9199981689453267,77.1010270831728,268463772.0108032,38869300,63.187208857477486,73.47028948340161
2017-06-13,109.05999755859376,109.98999786376952,108.9499969482422,109.8499984741211,81.11051177978516,2507300,0.0083533097871375,0.0083186139775973,1.040000915527315,78.22190475109082,203368386.18545532,41376600,63.77936858795468,73.48102709422659
2017-06-14,109.93000030517578,110.2300033569336,109.05999755859376,109.38999938964844,80.77085876464844,2434300,-0.0041875338680993,-0.0041963261419284,1.1700057983398295,73.46743374594999,196620501.4907837,38942300,63.78813921379155,73.49096042226196
2017-06-15,108.81999969482422,110.33000183105467,108.81999969482422,110.26000213623048,81.41325378417969,2311600,0.0079533018387618,0.0079218410351123,1.5100021362304543,72.50015875766476,188194877.44750977,41253900,65.78174168198935,73.50119818816108
2017-06-16,110.55999755859376,111.08000183105467,110.02999877929688,110.58999633789062,81.65691375732422,4107600,0.0029928784542927,0.0029884087096192,1.0500030517577983,73.93518693175388,335413938.94958496,45361500,65.65563316729579,73.51988329886892
2017-06-19,110.79000091552734,111.18000030517578,110.22000122070312,110.87000274658205,81.86365509033203,2150900,0.0025318288861886,0.0025286292069897,0.9599990844726562,72.06528477856546,176080535.73379517,47512400,70.1519377195647,73.52988116674712
2017-06-20,110.8499984741211,110.87000274658205,109.58999633789062,109.61000061035156,80.93330383300781,2081000,-0.0113646435197356,-0.0114297145567478,1.2800064086914205,68.91895375414597,168422205.27648926,45431400,61.38237872881819,73.53845403587128
2017-06-21,109.81999969482422,109.86000061035156,108.87000274658205,109.19000244140624,80.62318420410156,2796900,-0.0038317925281553,-0.0038391526528078,0.989997863769517,59.16170243307257,225494983.90045166,42634500,54.20387848667472,73.5494629997614
2017-06-22,108.76000213623048,109.5500030517578,108.68000030517578,109.06999969482422,80.53459167480469,1613600,-0.0010988468164765,-0.0010994509912771,0.870002746582017,58.27441286141587,129950617.12646484,41020900,56.386640127947885,73.55571944037897
2017-06-23,109.22000122070312,111.3000030517578,108.95999908447266,110.2699966430664,81.42062377929688,4352100,0.0110018823721109,0.0109418019279076,2.340003967285142,62.36679246613219,354350696.7498779,45373000,62.831495083388,73.57467346542515
2017-06-26,110.66000366210938,111.5500030517578,110.51000213623048,111.01000213623048,81.967041015625,2199700,0.0067110421287028,0.0066886233319082,1.040000915527315,68.64595318640087,180302900.1220703,47572700,63.18990470967869,73.58488352816612
2017-06-27,110.72000122070312,111.44000244140624,109.66999816894533,109.66999816894533,80.97760009765625,2154600,-0.0120712045440329,-0.0121446532079431,1.770004272460909,64.6711796485877,174474337.17041016,45418100,61.936372286711105,73.59368254107218
2017-06-28,110.38999938964844,110.87999725341795,109.5999984741211,110.08000183105467,81.28034973144531,2996400,0.0037386837029493,0.0037317121958045,1.2799987792968608,65.81199097242666,243548439.93530273,48414500,62.839204888848045,73.60638485490918
2017-06-29,109.72000122070312,110.23999786376952,109.41999816894533,109.77999877929688,81.058837890625,2208800,-0.002725281590842,-0.0027290019315714,0.8199996948241903,63.03326911757361,179042761.1328125,46205700,61.709998153389854,73.61545202785241
2017-06-30,110.20999908447266,111.01000213623048,109.75,110.58999633789062,81.65691375732422,2178100,0.0073782931295687,0.0073512066777373,1.260002136230483,58.730210796903926,177856923.85482788,48383800,60.3964362392897,73.62508828400203
2017-07-03,110.9000015258789,111.62999725341795,110.58000183105467,110.61000061035156,81.67167663574219,1288200,0.0001807915305473,0.0001807751897281,1.0499954223632812,54.43924190135447,105209453.84216309,49672000,54.68418716125167,73.63078707741101
2017-07-05,110.56999969482422,111.1500015258789,110.23999786376952,110.5199966430664,81.60520935058594,1628700,-0.0008138351983723,-0.0008141665420223,0.9100036621093892,56.89851810545599,132910404.46929932,48043300,48.894389298852516,73.63792118173953
2017-07-06,110.11000061035156,110.3499984741211,109.08999633789062,109.23999786376952,80.66007995605469,1637200,-0.0115817286917414,-0.0116493192956653,1.2600021362304688,44.06954586850636,132056682.90405273,46406100,44.97061438325924,73.64423048102734
2017-07-07,109.44000244140624,110.62000274658205,109.16000366210938,110.36000061035156,81.48706817626953,1742700,0.0102527572581803,0.0102005542557507,1.4599990844726705,48.77516032624245,142007513.7107849,48148800,44.136852214733615,73.65172406285558
2017-07-10,110.08999633789062,110.58999633789062,109.79000091552734,110.20999908447266,81.37633514404297,1698700,-0.0013589031327895,-0.0013598272789633,0.7999954223632812,46.43635040861962,138233980.5091858,46450100,44.56842032774286,73.65891164159582
2017-07-11,110.25,110.37000274658205,109.55999755859376,110.06999969482422,81.27295684814453,1785900,-0.0012703729618132,-0.0012711805695921,0.8100051879882812,52.82554471658236,145145373.63510132,44664200,52.84924035580444,73.66635274357593
2017-07-12,110.62999725341795,111.11000061035156,110.13999938964844,110.56999969482422,81.64213562011719,2196000,0.004542455280204,0.0045321694670195,0.970001220703125,58.39408901671326,179286129.82177734,46860200,59.1980393930109,73.67592575875041
2017-07-13,110.41999816894533,111.58000183105467,110.18000030517578,111.16000366210938,82.07778930664062,2285900,0.0053361378069596,0.0053219510694911,1.400001525878892,62.02519303802736,187621618.5760498,49146100,57.77505318067831,73.68640991954602
2017-07-14,111.02999877929688,112.61000061035156,110.8499984741211,112.41000366210938,83.0007553100586,3275700,0.0112450153837573,0.0111822602152588,1.7600021362304688,62.24252748954624,271885574.16915894,52421800,49.48935793180246,73.70303567500717
2017-07-17,111.87999725341795,112.26000213623048,111.37999725341795,112.02999877929688,82.72016906738281,2615100,-0.0033805263774723,-0.0033862532670099,0.8800048828125284,56.08576318333366,216321514.1281128,49806700,49.46055784857693,73.71586675751841
2017-07-18,111.95999908447266,112.1500015258789,111.52999877929688,111.83000183105467,82.57247924804688,2142400,-0.001785414863159,-0.0017870106159459,0.6200027465820312,64.91692521985345,176903279.54101562,47664300,58.95034177671255,73.72617937050195
2017-07-19,111.72000122070312,112.98999786376952,111.26000213623048,112.98999786376952,83.42900085449219,2541800,0.0103729670496186,0.0103195369947449,1.729995727539034,68.21000985415336,212059834.37194824,50206100,66.53233443982661,73.73956504876186
2017-07-20,113.20999908447266,113.20999908447266,112.43000030517578,112.58000183105467,83.12625885009766,2237100,-0.0036287382240444,-0.0036353380654957,0.779998779296875,67.28360493669675,185961753.67355347,47969000,59.88694488042216,73.75094844933804
2017-07-21,112.3499984741211,113.0999984741211,112.1500015258789,112.68000030517578,83.20011901855469,1772900,0.0008885299239824,0.0008881354149409,0.9499969482421876,64.14057311437818,147505491.0079956,49741900,53.52164023370746,73.76002111085123
2017-07-24,112.4800033569336,112.58000183105467,111.9800033569336,112.1500015258789,82.80876159667969,2296000,-0.0047038084379148,-0.0047149061595386,0.5999984741210795,59.74657849579374,190128916.62597656,47445900,59.79728938063544,73.77125880241464
2017-07-25,112.83000183105467,113.76000213623048,112.41999816894533,113.22000122070312,83.59881591796875,2219400,0.0095407092927801,0.0094954841516137,1.3400039672851562,65.20249750412489,185539212.04833984,49665300,57.16536682963502,73.7830423810153
2017-07-26,113.54000091552734,113.63999938964844,112.18000030517578,112.29000091552734,82.91213989257812,2978400,-0.0082139443944329,-0.0082478647097822,1.4599990844726562,67.87807282972884,246945517.4560547,46686900,44.103743389883185,73.79770827896772
2017-07-27,111.0,111.0,106.9800033569336,107.79000091552734,79.58943176269531,7446500,-0.0400750497356328,-0.0409001743841718,4.019996643066406,39.21074799962868,592662703.6209106,39240400,47.61210538484416,73.82087779399971
2017-07-28,108.37999725341795,109.91000366210938,107.93000030517578,109.66000366210938,80.97021484375,4274800,0.017348824466691,0.017200051833474,1.9800033569335935,47.982342894440194,346131474.4140625,43515200,54.06237646527815,73.83725886434105
2017-07-31,110.04000091552734,111.0,109.95999908447266,110.29000091552734,81.4354019165039,3564200,0.0057451628805924,0.0057287223712111,1.0400009155273438,50.77904097319384,290252059.5108032,47079400,48.308430319088366,73.85174662799392
2017-08-01,110.8000030517578,110.8000030517578,109.6500015258789,110.16999816894533,81.34680938720703,2663500,-0.0010878871745203,-0.001088479353294,1.150001525878892,48.544528209659525,216667226.80282593,44415900,48.26851188800661,73.86241115036623
2017-08-02,109.87000274658205,111.4499969482422,109.8499984741211,111.26000213623048,82.15160369873047,2256100,0.0098933728020316,0.0098447537969698,1.599998474121108,50.35101174828159,185342233.1047058,46672000,47.297439719027345,73.87238955007018
2017-08-03,110.97000122070312,111.77999877929688,110.83000183105467,111.5199966430664,82.34358978271484,2515300,0.0023369730515356,0.002334246576986,0.9499969482422016,46.64147329742005,207118831.38046265,49187300,53.155540876514905,73.8837433854115
2017-08-04,111.62000274658205,112.08999633789062,111.12000274658205,112.0500030517578,82.73493194580078,2185400,0.0047525516451079,0.0047412939260416,0.9699935913085797,50.07460298489048,180808920.27435303,51372700,57.94964733581545,73.89403858911778
2017-08-07,112.0,112.02999877929688,111.41999816894533,111.86000061035156,82.59467315673828,1696000,-0.0016952789561051,-0.001696717567603,0.6100006103515483,50.11223937815758,140080565.67382812,49676700,58.227724317855426,73.90188529441495
2017-08-08,113.0,113.1999969482422,111.8000030517578,111.88999938964844,82.61680603027344,2809500,0.0002679697453751,0.0002679338478957,1.3999938964844034,45.51396261017457,232111916.54205322,52486200,53.142574523428145,73.9148856343398
2017-08-09,111.97000122070312,112.5,111.72000122070312,112.41000366210938,83.0007553100586,1888700,0.0046473508022624,0.004636585208963,0.779998779296875,49.31296307124302,156763526.55410767,54374900,52.7939140903116,73.92398804469566
2017-08-10,111.54000091552734,111.81999969482422,110.88999938964844,110.91999816894533,82.50979614257812,2058200,-0.0059151168642554,-0.0059326804627546,0.9300003051757812,46.38603974948875,169821662.4206543,52316700,58.25475676924685,73.93335119090928
2017-08-11,111.48999786376952,112.4800033569336,111.29000091552734,111.44000244140624,82.8965835571289,2077900,0.0046877756658423,0.0046768222635517,1.19000244140625,50.45998332855142,172250810.97335815,54394600,58.47461492832503,73.94320863830208
2017-08-14,112.18000030517578,113.79000091552734,112.08999633789062,113.69000244140624,84.57030487060547,2424900,0.020190473981634,0.0199893490602665,1.7000045776367188,54.65724014585992,205074532.2807312,56819500,65.05148420992288,73.95683019025834
2017-08-15,113.68000030517578,114.43000030517578,113.5,114.18000030517578,84.934814453125,1985800,0.0043101367918354,0.0043008747564756,0.9300003051757812,60.00560068476297,168663554.54101562,58805300,80.96950243961315,73.96834139098416
2017-08-16,114.2699966430664,115.33999633789062,114.22000122070312,114.76000213623048,85.36624908447266,2196300,0.0050795970312711,0.0050667394009438,1.1199951171875,90.02540510195344,187489892.8642273,61001600,72.42928587799676,73.98154449195098
2017-08-17,114.5999984741211,114.80999755859376,112.91000366210938,112.91999816894533,83.9975357055664,2439900,-0.0160334253125243,-0.0161633513203778,1.8999938964843888,71.01031355800278,204945587.36801147,58561700,64.12160206082872,73.99441710138329
2017-08-18,112.93000030517578,114.1999969482422,112.68000030517578,113.33999633789062,84.30995178222656,2249300,0.0037193481217741,0.0037124484494453,1.5199966430664205,70.38225967171823,189638374.5437622,60811000,71.39258377175028,74.00662456690448
2017-08-21,113.33999633789062,114.1999969482422,113.18000030517578,113.83000183105467,84.6744384765625,1455200,0.0043231752199006,0.0043138571440398,1.0199966430664205,72.7064676306109,123218242.87109375,62266200,70.81644224541854,74.01478573123487
2017-08-22,114.0,114.83999633789062,113.83999633789062,114.5999984741211,85.24723052978516,1594100,0.0067646395243732,0.0067418620138266,1.0,71.81404700974173,135892610.18753052,63860300,64.47675219877901,74.02419119148757
2017-08-23,114.12000274658205,114.12000274658205,113.26000213623048,113.5500030517578,84.4661865234375,1528400,-0.0091621041703491,-0.0092043343897878,0.8600006103515625,63.810811642635386,129098119.48242188,62331900,58.99920805593474,74.03256768379107
2017-08-24,113.83999633789062,113.95999908447266,113.23999786376952,113.3499984741211,84.31739044189453,1147500,-0.0017616052963593,-0.0017631587476161,0.7200012207031392,60.63194175334568,96754205.53207397,61184400,59.51684169069126,74.03875824027176
2017-08-25,113.73999786376952,114.11000061035156,113.33000183105467,113.4000015258789,84.35459899902344,2015100,0.0004412916117766,0.0004411942712693,0.7799987792968892,61.99030907622272,169982952.44293213,63199500,58.2520002564227,74.04965061585955
2017-08-28,113.79000091552734,114.05999755859376,113.58000183105467,113.79000091552734,84.64470672607422,1928000,0.0034391453518038,0.0034332450156342,0.4799957275390909,63.32930480264378,163194994.5678711,65127500,65.46620288624106,74.0603434576754
2017-08-29,113.5500030517578,115.01000213623048,112.95999908447266,114.88999938964844,85.46296691894531,2083100,0.0096669977901764,0.0096205713302313,2.0500030517578267,65.30990596604683,178027906.38885498,67210600,72.86905258285599,74.07276353927756
2017-08-30,114.87999725341795,115.63999938964844,114.87000274658205,114.97000122070312,85.5224609375,1968500,0.0006961379963688,0.0006958958047065,0.769996643066392,69.7947119992621,168350964.35546875,69179100,62.465268110250285,74.0845366758678
2017-08-31,115.47000122070312,115.47000122070312,113.88999938964844,114.36000061035156,85.0687255859375,3262200,-0.005305452469312,-0.0053195763601676,1.5800018310546875,64.14759248382285,277511196.6064453,65916900,61.30248287917277,74.10322205512088
2017-09-01,114.72000122070312,115.04000091552734,114.38999938964844,114.38999938964844,85.09103393554688,1548400,0.0002622391420079,0.0002622047633343,0.6500015258789062,54.32118305942775,131754956.94580078,67465300,54.4897703222148,74.11208681948489
2017-09-05,114.11000061035156,114.37000274658205,113.54000091552734,113.91999816894533,84.74137115478516,1771500,-0.0041092787875461,-0.0041177450751402,0.8300018310547017,48.39077789752007,150119339.0007019,65693800,54.379462715883996,74.12188887863921
2017-09-06,114.25,114.55999755859376,113.7300033569336,113.80999755859376,84.6595687866211,2144400,-0.0009653179674735,-0.0009657841869202,0.8299942016601705,43.7581539025521,181543979.30603027,63549400,62.20906437036997,74.13363889332591
2017-09-07,113.87999725341795,114.77999877929688,113.87999725341795,114.66999816894533,85.29928588867188,1616300,0.0075563472767401,0.0075279410929032,0.9000015258789205,63.197432030011214,137869235.78186035,65165700,70.04446317206896,74.14301513142702
2017-09-08,114.61000061035156,115.41000366210938,114.05999755859376,115.0500030517578,85.58197021484375,1645400,0.0033140292234195,0.0033085499309256,1.3500061035156108,62.97422057871408,140816573.7915039,66811100,70.7309073482843,74.15278546759835
2017-09-11,115.5,116.37000274658205,115.30999755859376,116.1999969482422,86.43740844726562,2021500,0.0099955426391142,0.00994591761483,1.0600051879882812,66.3448289520964,174733221.17614746,68832600,71.38845216856839,74.16566297309707
2017-09-12,116.2300033569336,117.52999877929688,115.9800033569336,117.1500015258789,87.14407348632812,2151700,0.0081754537966467,0.0081422158084625,1.5499954223632812,67.16002346688754,187507902.92053223,70984300,77.73355314739989,74.18012786147466
2017-09-13,116.83999633789062,117.6500015258789,116.66000366210938,117.05999755859376,87.07714080810547,2302600,-0.00076806919329,-0.0007683643095557,0.9899978637695312,77.1250346768121,200503824.42474365,68681700,74.99100646429802,74.19549177388457
2017-09-14,116.6999969482422,117.4800033569336,116.5,117.37999725341795,87.31517791748047,2102800,0.0027336348801296,0.0027299052956361,0.9800033569335938,80.57685184320536,183606356.12487793,70784500,76.23711674213625,74.20974927403753
2017-09-15,117.36000061035156,118.0,117.0999984741211,117.9000015258789,87.70198059082031,3411300,0.0044299591727958,0.0044201757863533,0.9000015258789062,81.86982090350173,299177766.38946533,74195800,76.5798645657229,74.2334936464224
2017-09-18,117.93000030517578,118.36000061035156,117.4000015258789,117.58999633789062,87.47139739990234,2292400,-0.0026291674300238,-0.0026326297607409,0.9599990844726562,77.2209503601541,200519431.39953613,71903400,69.85952768986418,74.24913064212097
2017-09-19,117.58999633789062,117.9800033569336,116.88999938964844,116.97000122070312,87.01017761230469,2002700,-0.0052728068981114,-0.0052867572041921,1.0900039672851562,65.99983589588226,174255282.7041626,69900700,71.35257474668082,74.26228585749502
2017-09-20,116.95999908447266,118.38999938964844,116.6500015258789,117.83000183105467,87.64991760253906,3481800,0.0073524730990079,0.0073255754311261,1.7399978637695312,69.64291249059592,305179483.1085205,73382500,74.72339975750113,74.28623696868223
2017-09-21,117.83000183105467,118.0,117.08000183105467,117.26000213623048,87.2259292602539,1765700,-0.0048372931074253,-0.0048490306770699,0.9199981689453268,70.02758184952805,154014823.29483032,71616800,75.03533513896483,74.29796608010041
2017-09-22,117.38999938964844,118.0500030517578,117.13999938964844,117.66999816894533,87.53091430664062,1883300,0.0034964952391247,0.0034903967111611,0.9100036621093608,71.52230971128608,164846970.9136963,73500100,81.09966097194719,74.31074754659015
2017-09-25,118.06999969482422,118.29000091552734,117.16000366210938,118.22000122070312,87.94003295898438,2361100,0.0046739903905324,0.0046631012148655,1.1299972534179688,77.92267127365822,207635211.819458,75861200,81.57934699449537,74.327231692555
2017-09-26,118.0199966430664,119.0,116.98999786376952,118.91999816894533,88.46073150634766,2870700,0.0059210638186379,0.0059036032099499,2.010002136230483,80.82051789624754,253944221.93527222,78731900,82.00505179422947,74.34798457124019
2017-09-27,118.69000244140624,119.16999816894533,118.37999725341795,118.62000274658205,88.23758697509766,2302400,-0.0025225264074827,-0.0025257133377596,0.7900009155273722,75.5502747227231,203158220.25146484,76429500,82.02972816565624,74.36432262267137
2017-09-28,118.55999755859376,119.72000122070312,118.31999969482422,119.61000061035156,88.97400665283203,1629300,0.0083458728074943,0.0083112385795137,1.4000015258789062,77.33849356999586,144965349.03945923,78058800,82.30248102026424,74.37647357155451
2017-09-29,119.55999755859376,120.41999816894533,119.43000030517578,120.08999633789062,89.33106994628906,2445800,0.0040131191894083,0.0040050881058874,0.9899978637695456,75.35897771917766,218485930.8746338,80504600,82.24883055181999,74.39512113400212
2017-10-02,120.0,120.8000030517578,119.86000061035156,120.79000091552734,89.85176086425781,1989900,0.0058287773591183,0.005811855759352,0.9400024414062358,74.52871135488401,178796018.94378662,82494500,76.21857211853353,74.41078620602161
2017-10-03,120.33000183105467,120.56999969482422,119.51000213623048,119.70999908447266,89.04840087890625,1857000,-0.0089409487095665,-0.008981158848777,1.0599975585937358,65.75532917788155,165362880.4321289,80637500,75.64849348706989,74.42461733761517
2017-10-04,119.51000213623048,119.62000274658205,118.68000030517578,119.0,88.52027893066406,2309700,-0.0059307291655956,-0.0059483857855127,0.9400024414062642,59.20495484207839,204455288.2461548,78327800,63.199657850342625,74.4411638486167
2017-10-05,116.77999877929688,118.1999969482422,116.5199966430664,118.1999969482422,87.92514038085938,4480300,-0.0067231888217483,-0.0067458912681526,1.6800003051757957,51.651989842945184,393931006.44836426,73847500,63.77751323941547,74.4717977768582
2017-10-06,117.98999786376952,118.7300033569336,117.4000015258789,117.6999969482422,87.55322265625,2828300,-0.0042299360910698,-0.0042389075788884,1.3300018310546875,50.5933143841535,247626779.63867188,71019200,64.07242028276171,74.49053200148441
2017-10-09,118.13999938964844,118.62000274658205,116.91999816894533,117.1500015258789,87.14407348632812,1839200,-0.0046731480293794,-0.0046841013231961,1.7000045776367188,50.97826523195197,160275379.9560547,69180000,62.53019537590811,74.50230513270036
2017-10-10,117.62999725341795,118.5999984741211,117.2699966430664,118.12000274658205,87.86564636230469,2064200,0.0082802289026546,0.0082461358767299,1.3300018310546875,51.55752532162931,181372267.22106934,71244200,67.95549619322034,74.51624518782772
2017-10-11,118.12000274658205,118.91999816894533,117.9499969482422,118.91999816894533,88.46073150634766,1810000,0.0067726713303764,0.0067498398208034,0.970001220703125,58.70012084098444,160113924.02648926,73054200,68.37969944075971,74.52898848143421
2017-10-12,118.8000030517578,120.0199966430664,118.6500015258789,119.56999969482422,88.94424438476562,2290300,0.0054658476160496,0.0054509640804292,1.3699951171875,59.71361693380932,203709002.9144287,75344500,62.56706106891274,74.54563844981409
2017-10-13,120.04000091552734,120.11000061035156,118.23999786376952,118.36000061035156,88.04415893554688,1665500,-0.0101196592926806,-0.0101712111310281,1.8700027465820452,50.67039984281364,146637546.70715332,73679000,56.563653808389994,74.55696675306933
2017-10-16,118.61000061035156,118.69000244140624,117.45999908447266,118.33999633789062,88.029296875,1247300,-0.0001688023456246,-0.0001688165943441,1.2300033569335795,47.028737945289976,109798941.9921875,72431700,50.43977413410794,74.56542878831173
2017-10-17,118.0,118.2300033569336,117.4000015258789,117.68000030517578,87.53836059570312,1484400,-0.0055769646779525,-0.0055925740076344,0.8300018310546875,45.3557771924366,129941942.46826172,70947300,51.162334338215,74.5751188325023
2017-10-18,117.41000366210938,118.7699966430664,117.41000366210938,118.1500015258789,87.88794708251953,2089300,0.0039935233472212,0.0039855703993494,1.3599929809570312,42.3956939986923,183624287.83950806,73036600,50.59299342725529,74.58910025838685
2017-10-19,117.68000030517578,119.52999877929688,117.68000030517578,119.41999816894533,88.83268737792969,2119600,0.010749372658837,0.010692008869579,1.8499984741210935,46.7757920838993,188289764.16625977,75156200,51.2953542505458,74.60425997715006
2017-10-20,119.58999633789062,120.43000030517578,119.51000213623048,119.76000213623048,89.08560180664062,2427600,0.0028470874424291,0.0028430421653295,0.9199981689452984,44.865562424968765,216264206.94580078,77583800,57.728125916229864,74.6218908867807
2017-10-23,120.23999786376952,120.41000366210938,119.62999725341795,119.68000030517578,89.02606964111328,2052200,-0.0006682579936605,-0.0006684813775578,0.7800064086914205,49.833774594488375,182699300.11749268,75531600,64.76636003541685,74.63670072164828
2017-10-24,120.18000030517578,120.41999816894533,119.62000274658205,119.6999969482422,89.04093933105469,1845600,0.0001670262430022,0.0001670122956723,0.7999954223632812,54.196232466507126,164333957.62939453,77377200,67.0625142635552,74.65000736546295
2017-10-25,119.58000183105467,119.73999786376952,118.44000244140624,118.5500030517578,88.18550109863281,3397000,-0.0096072462717554,-0.009653693588825,1.2999954223632812,52.0138656116779,299566147.23205566,73980200,68.47221296996261,74.6729832622019
2017-10-26,118.29000091552734,120.79000091552734,117.0,119.33000183105467,88.76571655273438,4104500,0.0065794880890068,0.0065579377324791,3.790000915527344,59.08575335761933,364338883.59069824,78084700,75.93047096257777,74.70182812609623
2017-10-27,119.30999755859376,121.75,119.30999755859376,120.75,89.82202911376953,3638300,0.0119000060164851,0.011829757699308,2.440002441406236,68.2928863053378,326799488.5246277,81723000,66.71121017394405,74.72921117744815
2017-10-30,120.5199966430664,120.5199966430664,117.83999633789062,118.08999633789062,87.84333038330078,3442000,-0.0220291029939048,-0.0222753670525671,2.680000305175781,49.86990482815428,302356743.1793213,78281000,60.15032978022923,74.7516413346714
2017-10-31,118.5,118.79000091552734,117.4499969482422,117.52999877929688,87.4267807006836,2499000,-0.004741961407879,-0.004753240176659,1.340003967285142,43.84425169153397,218479524.9710083,75782000,53.82436216869081,74.76736168990416
2017-11-01,117.94000244140624,118.16999816894533,117.18000030517578,117.45999908447266,87.37469482421875,2088600,-0.0005957656915581,-0.0005959432304556,0.9899978637695456,40.149469272994025,182490787.60986328,73693400,51.14855666064862,74.78041654077616
2017-11-02,117.62000274658205,117.75,115.04000091552734,116.87000274658205,86.93582153320312,3522300,-0.0050228878269452,-0.0050355449292647,2.709999084472656,42.61661191165468,306214044.18640137,70171100,48.91152841593412,74.801606564364
2017-11-03,116.87000274658205,116.87000274658205,115.16999816894533,115.45999908447266,85.88695526123047,2957600,-0.012064834190036,-0.0121382050372979,1.7000045776367188,37.45645735523383,254019258.88061523,67213500,46.72415907542813,74.81780933240582
2017-11-06,115.58000183105467,116.0,113.5999984741211,113.91999816894533,84.74137115478516,3351100,-0.0133382782398205,-0.0134280320742473,2.4000015258789062,34.78949242020029,283976808.87680054,63862400,40.87807406585273,74.83421661822277
2017-11-07,113.83000183105467,114.86000061035156,113.62999725341795,113.9499969482422,84.7636947631836,2730400,0.0002634322302581,0.0002633975380807,1.230003356933608,32.38270682902318,231438792.18139648,66592800,35.440881493009975,74.84757487601215
2017-11-08,113.66000366210938,113.6999969482422,112.6500015258789,113.12999725341795,84.15375518798828,2371900,-0.0071957643764749,-0.0072217787596588,1.0499954223632957,22.58075188696033,199604291.9303894,64220900,29.23511794018413,74.85843807428728
2017-11-09,112.83000183105467,113.0,111.72000122070312,112.5500030517578,83.72232055664062,2713900,-0.0051267424773129,-0.0051399293111696,1.279998779296875,19.214491667046204,227214005.758667,61507000,30.318169920002013,74.8702610836204
2017-11-10,111.56999969482422,113.2699966430664,111.3000030517578,113.2300033569336,84.8538818359375,2840000,0.0135156463864536,0.0134251247645606,1.969993591308608,28.67579908675799,240985024.4140625,64347000,32.50482762549318,74.88417696903346
2017-11-13,114.06999969482422,114.86000061035156,113.52999877929688,114.80999755859376,86.03792572021484,3301300,0.013953915350233,0.0138574557636316,1.3300018310546875,36.29002202034008,284037004.18014526,67648300,32.726575809412765,74.90221990342616
2017-11-14,114.3000030517578,114.5,113.66999816894533,114.06999969482422,85.48338317871094,3238200,-0.0064453267191402,-0.00646618752217,0.8300018310546733,37.31522894562666,276812291.40930176,64410100,24.075972104625233,74.91898282989706
2017-11-15,113.75,114.29000091552734,112.66000366210938,112.88999938964844,84.5990982055664,2153400,-0.0103445247516216,-0.0103984012208418,1.6299972534179688,30.983204344013927,182175698.0758667,62256700,21.551309489678026,74.92917016768345
2017-11-16,113.69000244140624,114.20999908447266,112.97000122070312,113.6999969482422,85.20612335205078,2518400,0.0071753146234416,0.0071496945352629,1.2399978637695312,28.031659716866443,214583101.0498047,64775100,22.358932199905503,74.94180328010754
2017-11-17,113.33000183105467,113.5,112.55999755859376,112.94000244140624,84.63656616210938,2155400,-0.0066844631293473,-0.0067069042133158,0.9400024414062358,32.37397038879696,182425654.70581055,62619700,29.43275172146907,74.95199223569877
2017-11-20,113.18000030517578,113.51000213623048,112.81999969482422,113.1999969482422,84.8313980102539,2811100,0.0023019819562546,0.0022993364549441,0.6900024414062642,35.378050269157825,238469542.94662476,65430800,35.05581150516968,74.96551535378224
2017-11-21,113.0500030517578,114.13999938964844,112.8000030517578,113.91999816894533,85.3709487915039,2205400,0.0063602721858335,0.006340131011815,1.3399963378906392,39.29899417431107,188277090.4647827,67636200,41.68124710856558,74.9766775881256
2017-11-22,113.93000030517578,114.19000244140624,113.58999633789062,113.7699966430664,85.25856018066406,1846200,-0.0013164737235651,-0.0013173410363774,0.6000061035156108,40.71893802380699,157404353.805542,65790000,44.19905605432684,74.9859025621198
2017-11-24,114.0,114.19000244140624,112.95999908447266,113.13999938964844,84.78644561767578,891700,-0.0055374447092216,-0.0055528331910459,1.2300033569335795,43.495177504279546,75604073.5572815,64898300,53.41449898283225,74.99014772651465
2017-11-27,113.41999816894533,114.66000366210938,113.37000274658205,114.54000091552734,85.83560943603516,3060500,0.0123741927228595,0.0122982581774973,1.2900009155273295,56.54232550331897,262699882.6789856,67958800,60.5030970781732,75.00624754043365
2017-11-28,115.11000061035156,115.43000030517578,114.38999938964844,115.19000244140624,86.32270050048828,2025800,0.0056746968729348,0.0056586564351066,1.0400009155273438,58.830362251327095,174872526.67388916,69984600,69.14831464694427,75.01735617775762
2017-11-29,118.33999633789062,119.26000213623048,115.33000183105467,119.04000091552734,89.20787048339844,4122100,0.0334230737243193,0.0328766645917991,3.9300003051758097,72.76062507000462,367723762.9196167,74106700,78.56910783231612,75.04564428883502
2017-11-30,119.04000091552734,122.0,119.02999877929688,121.4499969482422,91.01390075683594,5654200,0.020245189843127,0.0200429806081522,2.970001220703125,79.21925216089694,514610797.65930176,79760900,70.49317431294949,75.08918846222083
2017-12-01,121.88999938964844,121.88999938964844,119.0999984741211,120.30999755859376,90.15959167480467,3141900,-0.0093865780383783,-0.0094309095945117,2.790000915527344,71.74452751936715,283272421.0830688,76619000,71.64031165521949,75.11198983707955
2017-12-04,122.0999984741211,125.16000366210938,122.0999984741211,123.72000122070312,92.71503448486328,4535000,0.0283435490621541,0.0279493028980696,3.060005187988281,74.59974005590142,420462681.388855,81154000,70.45031253620095,75.1503483259531
2017-12-05,123.83000183105467,124.0,120.27999877929688,120.37000274658205,90.2045669555664,3690900,-0.0270772431164519,-0.0274505865008048,3.720001220703125,65.20272345226118,332936036.17630005,77463100,68.26345735246575,75.17699956293181
2017-12-06,118.44000244140624,119.9499969482422,117.97000122070312,118.29000091552734,88.64583587646484,3347000,-0.0172799574534776,-0.0174309984350264,1.9799957275390767,62.48848659736333,296697612.67852783,74116100,68.92118707752225,75.19858774163605
2017-12-07,118.36000061035156,120.0199966430664,117.8499984741211,119.7300033569336,89.72494506835938,3280000,0.0121732643301863,0.0120997660229836,2.1699981689453125,63.55053720242927,294297819.82421875,77396100,74.34067576597137,75.22136907586084
2017-12-08,120.05999755859376,120.12999725341795,117.88999938964844,119.55999755859376,89.59757995605469,3030400,-0.0014195061608301,-0.0014205146141506,2.239997863769517,65.2818056619648,271516506.2988281,74365700,68.0639316604118,75.24216911597131
2017-12-11,118.08000183105467,119.41000366210938,117.55999755859376,118.0500030517578,88.46598052978516,2765500,-0.0126297990060061,-0.0127102328775195,1.8500061035156108,60.58501169170167,244652669.15512085,71600200,62.622068377177484,75.25960632774586
2017-12-12,117.91000366210938,118.87999725341795,117.61000061035156,118.16000366210938,88.54840850830078,2541000,0.0009317477523222,0.0009313139448305,1.269996643066392,59.50685674475596,225001506.0195923,74141200,63.42393580329796,75.27568726548819
2017-12-13,118.4800033569336,119.33000183105467,118.04000091552734,118.4000015258789,88.72825622558594,2738500,0.0020310666257574,0.0020290067985642,1.2900009155273295,60.33948091158762,242982329.6737671,76879700,60.816540706424625,75.29320882738689
2017-12-14,118.33999633789062,118.33999633789062,116.33000183105467,116.83999633789062,87.55918884277344,2817400,-0.0131758183079832,-0.0132633894670514,2.009994506835952,57.933083645225175,246689258.64562988,74062300,62.43564258186885,75.30962319081686
2017-12-15,117.4499969482422,118.5999984741211,117.30999755859376,118.0,88.42851257324219,4997200,0.0099284123340812,0.0098794494639945,1.2900009155273295,57.49568045084756,441894963.03100586,79059500,62.91152485046771,75.34068791351491
2017-12-18,118.77999877929688,119.91999816894533,118.61000061035156,118.80999755859376,89.03550720214844,2581000,0.0068642410829142,0.0068407894374264,1.3099975585937642,57.78831095155591,229800644.08874512,81640500,56.928687207757676,75.35741641988841
2017-12-19,119.16000366210938,119.48999786376952,118.5500030517578,119.0,89.17792510986328,2111200,0.0015995630528784,0.0015982851144789,0.9399948120117188,49.897958493934965,188272435.49194336,83751700,54.72299013910544,75.37121176409843
2017-12-20,120.68000030517578,120.7300033569336,118.22000122070312,118.33000183105467,88.6758041381836,3420000,-0.0056305523038475,-0.0056464636179035,2.5100021362304688,41.25567601098196,303271250.1525879,80331700,54.50898176354332,75.39269032281909
2017-12-21,118.8499984741211,118.8499984741211,117.5,118.58000183105467,88.86315155029297,3377700,0.0021127230131168,0.0021104943523283,1.3499984741210938,44.89681430418809,300153066.99142456,83709400,51.5326737600432,75.414133498642
2017-12-22,119.0,119.0,118.20999908447266,118.63999938964844,88.90811920166016,1933400,0.0005060325971191,0.0005059046058011,0.7900009155273438,31.323613737388257,171894957.66448975,85642800,54.70650607559653,75.42641784303392
2017-12-26,118.94000244140624,119.08000183105467,118.08999633789062,118.26000213623048,88.62332916259766,1309100,-0.003203194956993,-0.0032083361677618,0.9900054931640484,40.07522023035357,116016800.20675659,84333700,61.2635687657492,75.43454741215334
2017-12-27,118.1999969482422,119.12999725341795,118.0500030517578,119.08000183105467,89.23785400390625,1508000,0.006934120474995,0.0069101900223537,1.0799942016601562,54.21550998234415,134570683.83789062,85841700,59.22122323587189,75.44433552143202
2017-12-28,119.48999786376952,119.55999755859376,118.51000213623048,119.0500030517578,89.2153549194336,1367300,-0.0002521248939006,-0.000252156682725,1.0499954223632812,45.72870877100539,121984154.78134155,84474400,58.757576851729674,75.45318392855593
2017-12-29,119.0500030517578,120.31999969482422,119.0,119.1500015258789,89.29029846191406,2614400,0.0008400296400563,0.0008396770126227,1.3199996948242188,47.40158862056329,233440556.29882812,87088800,68.84569304816975,75.47016321835342
2018-01-02,120.04000091552734,123.70999908447266,119.61000061035156,123.66999816894533,92.67757415771484,5413000,0.0379355400771292,0.0372336826970321,4.099998474121094,75.77932655127452,501663708.91571045,92501800,77.37229929737124,75.51376994918448
2018-01-03,124.1500015258789,126.69000244140624,123.9000015258789,126.41000366210938,94.73091888427734,5655600,0.0221557884442271,0.0219139150414319,2.790000915527329,80.48735891647856,535760184.84191895,98157400,78.94066002116358,75.56451798355822
2018-01-04,127.01000213623048,128.9499969482422,126.70999908447266,127.2300033569336,95.3454132080078,5473100,0.0064867345420887,0.0064657862215739,2.2399978637695312,81.28942184895774,521834981.0287475,103630500,76.9327568368388,75.61494026154584
2018-01-05,127.81999969482422,128.66000366210938,125.7699966430664,127.62000274658205,95.63766479492188,3699200,0.003065187690534,0.0030604995802605,2.8900070190429688,91.65323938431716,353782849.609375,107329700,76.19356860461333,75.64937735863596
2018-01-08,128.11000061035156,129.52000427246094,127.73999786376952,129.1699981689453,96.79925537109376,3243000,0.0121457438203109,0.0120725761287364,1.7800064086914205,91.89744239898822,313919985.1684571,110572700,76.52209087160735,75.68121904288346
2018-01-09,129.22999572753906,130.0,128.86000061035156,129.11000061035156,96.7542724609375,2957700,-0.0004647030597891,-0.0004648110677184,1.1399993896484375,90.93727542874888,286170111.65771484,107615000,81.57577411938355,75.7101143220032
2018-01-10,128.52000427246094,130.4600067138672,128.49000549316406,129.7899932861328,97.26385498046876,2927900,0.0052667702063182,0.0052529492786428,1.970001220703125,91.27700062236468,284778840.9973145,110542900,82.0752854299071,75.73933128659286
2018-01-11,130.36000061035156,133.77000427246094,130.02000427246094,133.4600067138672,100.01412200927734,4252300,0.0282763522930573,0.0278839560937559,3.75,97.0748478601592,425290051.02005005,114795200,89.36255439945158,75.78702722922358
2018-01-12,133.4499969482422,134.3300018310547,133.0,134.08999633789062,100.48624420166016,4212500,0.0047205552865725,0.0047094484055142,1.3300018310546875,97.14242038658048,423298303.6994934,119007700,81.05868293686578,75.83500948220639
2018-01-16,134.41000366210938,134.7100067138672,131.75999450683594,132.8800048828125,99.57948303222656,4126500,-0.0090237343094828,-0.0090646947971582,2.95001220703125,90.45422599370062,410914736.7324829,114881200,84.34856813424538,75.88010945225261
2018-01-17,133.52999877929688,134.3000030517578,132.38999938964844,134.00999450683594,100.42630767822266,3508800,0.0085040072534021,0.0084680518830672,1.910003662109375,92.91534992720938,352375828.38134766,118390000,84.97898025865385,75.91968927651556
2018-01-18,134.64999389648438,135.52999877929688,133.52999877929688,133.58999633789062,100.11154174804688,3371100,-0.003134297550641,-0.0031392197489894,2.0,90.41750465929564,337486018.3868408,115018900,78.48347275940283,75.95710890662514
2018-01-19,133.86000061035156,134.02000427246094,131.9199981689453,133.0800018310547,99.72936248779295,3891700,-0.0038175344578725,-0.0038248398408353,2.100006103515625,88.0628254320034,388116759.99374384,111127200,73.11365034342913,75.99948233742157
2018-01-22,132.52000427246094,132.99000549316406,131.13999938964844,132.86000061035156,99.56450653076172,3100000,-0.0016530332985074,-0.0016544010655678,1.850006103515625,86.95413076658366,308649970.2453613,108027200,66.47879637215831,76.03289393972851
2018-01-23,132.8699951171875,132.8699951171875,130.91000366210938,132.07000732421875,98.97248077392578,2952700,-0.0059461526749295,-0.0059639014336065,1.959991455078125,78.33999225110799,292236043.98117065,105074500,59.12095932228753,76.06383153305534
2018-01-24,132.50999450683594,132.9600067138672,130.14999389648438,131.69000244140625,98.6877212524414,2862900,-0.0028771585723391,-0.0028813055493146,2.8100128173828125,71.18777984769743,282533077.1736145,102211600,50.769376114157026,76.09337677393921
2018-01-25,131.9600067138672,131.97000122070312,129.7100067138672,131.2899932861328,98.38792419433594,3166800,-0.0030378354500515,-0.0030424590383369,2.259994506835937,66.8601898139066,311574878.33862305,99044800,56.81467343766548,76.12553606511163
2018-01-26,131.2100067138672,132.72000122070312,131.0399932861328,132.72000122070312,99.45956420898438,2044500,0.0108919872374959,0.0108330967813368,1.6800079345703125,69.49520076463972,203345079.02526855,101089300,50.480535796837486,76.14724606130136
2018-01-29,132.75999450683594,133.55999755859375,130.61000061035156,130.63999938964844,97.90084075927734,2753800,-0.0156719312225402,-0.0157960342672641,2.9499969482421875,55.40030564592192,269599335.28289795,98335500,43.14953727122076,76.17447322688611
2018-01-30,130.3699951171875,130.74000549316406,128.10000610351562,128.11000061035156,96.00487518310548,4124900,-0.0193661827770584,-0.0195561641033274,2.639999389648437,46.89053742023352,396010509.6427918,94210600,35.066657711683504,76.2115814789264
2018-01-31,128.5,128.97000122070312,126.25,127.31999969482422,95.41283416748048,5788300,-0.0061667807441635,-0.0061858738724325,2.720001220703125,42.37178676959314,552278108.0116273,88422300,22.590187726301416,76.26186981150516
2018-02-01,119.22000122070312,121.0,118.06999969482422,119.51000213623048,89.56007385253906,14405900,-0.0613414365688784,-0.063303483117898,2.930000305175781,15.691185035286992,1290193467.9122925,74016400,14.376931796845824,76.34798869701896
2018-02-02,118.98999786376952,119.13999938964844,115.5199966430664,116.47000122070312,87.28191375732422,9235600,-0.0254372288589873,-0.0257663484188837,3.6200027465820312,11.257763140929214,806100842.6971436,64780800,13.747808037285466,76.39319582070581
2018-02-05,115.88999938964844,116.30999755859376,113.20999908447266,113.3000030517578,84.90634155273438,8119600,-0.027217233242557,-0.0275944830202377,3.099998474121108,10.364437182831082,689405530.871582,56661200,7.590697231794066,76.42402873582509
2018-02-06,112.62000274658205,115.88999938964844,109.68000030517578,112.70999908447266,84.46420288085938,11749100,-0.0052073692469766,-0.005220974847692,6.209999084472656,5.918902165892916,992378366.0675049,44912100,2.7338904101831827,76.46594570267834
2018-02-07,112.38999938964844,113.26000213623048,111.62000274658205,111.91000366210938,83.86469268798828,7219700,-0.0070978020560583,-0.0071231112841045,1.6399993896484375,5.827256619251912,605477921.799469,37692400,2.6650137171325428,76.4895726730811
2018-02-08,111.76000213623048,112.5,109.2300033569336,109.27999877929688,81.8937759399414,6999100,-0.0235011503038532,-0.0237817066526341,3.2699966430664062,5.363867917683393,573182727.1812439,30693300,2.470948742655982,76.50625137210584
2018-02-09,108.0999984741211,108.11000061035156,103.80999755859376,106.38999938964844,79.72804260253906,11369600,-0.0264456402522046,-0.0268016162344523,4.300003051757798,4.875580064624984,906475953.1738281,19323700,8.707285159488004,76.52232296860949
2018-02-12,107.0,107.08000183105467,105.41000366210938,106.30999755859376,79.66808319091797,6677300,-0.0007520492120947,-0.0007523321429642,1.6699981689452983,4.996531717884594,531967691.89071655,12646400,15.321169744389637,76.53151205785622
2018-02-13,105.98999786376952,108.7699966430664,105.5,107.55999755859376,80.60482025146484,7557900,0.0117579967162264,0.0116894085886382,3.2699966430664062,9.087820879734709,609203170.9785461,20204300,14.967369566132257,76.54493540498142
2018-02-14,106.69000244140624,107.0999984741211,105.08999633789062,106.5999984741211,79.88540649414062,6504000,-0.008925195231251,-0.0089652633750504,2.0100021362304688,8.91848141680947,519574683.8378906,13700300,17.208878688707337,76.55438190175383
2018-02-15,107.1500015258789,108.33000183105467,105.5199966430664,108.30999755859376,81.16685485839844,5535100,0.0160410821011696,0.0159137834777584,2.810005187988267,9.759239728432249,449266658.3267212,19235400,16.809774166224827,76.56545573316748
2018-02-16,107.11000061035156,107.66000366210938,105.9000015258789,106.4000015258789,80.4111328125,6119600,-0.009310722304281,-0.0093543380195096,1.7600021362304688,10.116653531183305,492083968.359375,13115800,16.78395579390924,76.57563656354075
2018-02-20,106.25,106.6500015258789,104.33000183105467,104.70999908447266,79.13389587402344,5228600,-0.0158838321735222,-0.0160113321638061,2.319999694824233,10.410423672039173,413759487.96691895,7887200,21.680809346818197,76.58141002290908
2018-02-21,104.73999786376952,107.0500030517578,104.51000213623048,104.6999969482422,79.12635040283203,5516000,-9.535068516552948e-05,-9.53552313310992e-05,2.5400009155273158,10.704053404295578,436460948.8220215,2371200,24.3575399794793,76.58745472977326
2018-02-22,105.3499984741211,106.4800033569336,104.6500015258789,105.08000183105467,79.41355895996094,3357000,0.0036297460411951,0.0036231744104663,1.8300018310546875,16.529286283068686,266591317.42858887,5728200,25.79209821506197,76.59153402899058
2018-02-23,104.4000015258789,105.62000274658205,104.33999633789062,105.61000061035156,79.8140869140625,4417000,0.005043571391927,0.0050308951900876,1.2800064086914205,21.882484877280334,352538821.89941406,10145200,31.475063020118927,76.59764273835631
2018-02-26,106.6999969482422,108.44000244140624,106.01000213623048,108.06999969482422,81.6732406616211,4092400,0.0232935540509331,0.0230263999125183,2.430000305175753,37.3343375744588,334239570.08361816,14237600,34.74860485692312,76.60654141063613
2018-02-27,108.23999786376952,108.55999755859376,105.68000030517578,105.69000244140624,79.87456512451172,3605100,-0.0220228256224267,-0.0222689483019162,2.879997253417983,33.74749893149057,287955794.7303772,10632500,36.43314013195164,76.6115809658427
2018-02-28,106.4000015258789,106.5999984741211,104.37999725341795,104.41000366210938,78.90719604492188,3729200,-0.0121111029284712,-0.0121850399142618,2.220001220703139,32.89060916044605,294260715.49072266,6903300,46.38159049132853,76.61523701660718
2018-03-01,104.95999908447266,109.29000091552734,103.9499969482422,106.43000030517578,80.43377685546875,8701900,0.0193465347530255,0.0191617697879501,5.340003967285142,44.80179933014068,699926682.8186035,15605200,50.485619047962736,76.62937533986589
2018-03-02,105.76000213623048,106.3000030517578,104.37000274658205,105.37000274658205,79.63272094726562,4670600,-0.0099591979827398,-0.0100091225439328,1.9300003051757528,49.62408548730484,371932586.4562988,10934600,49.347414853632884,76.63533199244426
2018-03-05,105.33999633789062,106.16999816894533,104.62999725341795,105.80999755859376,79.96524810791016,4997400,0.0041757603744914,0.0041670660822558,1.5400009155273722,51.1472483711724,399618330.8944702,15932000,50.13672833420727,76.64238348489015
2018-03-06,107.48999786376952,110.04000091552734,106.30999755859376,109.8000030517578,82.98065948486328,8590500,0.0377090229606233,0.0370154207446354,3.73000335693358,57.903721631922096,712845355.304718,24522500,59.19781303588888,76.66537222609331
2018-03-07,109.0199966430664,109.5500030517578,107.83000183105467,109.20999908447266,82.53475189208984,7097600,-0.0053736327903585,-0.0053881226872766,1.720001220703125,58.9769546988931,585798655.0292969,17424900,51.413033830826485,76.68290819795553
2018-03-08,109.41000366210938,110.54000091552734,106.97000122070312,108.8000030517578,82.22491455078125,6079000,-0.0037540228110661,-0.0037610868392562,3.5699996948242188,53.83778799598848,499845255.5541992,11345900,57.880083086883204,76.69705360242358
2018-03-09,109.52999877929688,110.41999816894533,108.91000366210938,110.37999725341795,83.41899108886719,3201900,0.0145220769715546,0.0144176414777637,1.5099945068359517,60.57383872995711,267099267.56744385,14547800,59.45951843237628,76.70607834812938
2018-03-12,110.22000122070312,110.75,108.88999938964844,108.91000366210938,82.30805206298828,3124800,-0.0133175792631609,-0.0134070534965986,1.8600006103515625,61.290452141300605,257196201.08642578,11423000,58.390245037417586,76.71340874300238
2018-03-13,109.6999969482422,110.55999755859376,109.12000274658205,109.33000183105467,82.62545013427734,3517900,0.0038562213943074,0.0038488052320479,1.4399948120117188,62.17783956819404,290668071.02737427,14940900,59.20007299579968,76.72210526744861
2018-03-14,110.02999877929688,110.16999816894533,108.5199966430664,108.76000213623048,82.19466400146484,2310900,-0.0052137220688348,-0.0052273609445997,1.6500015258789205,59.58324548198709,189943649.0409851,12630000,64.73665654172581,76.72738822230671
2018-03-15,109.04000091552734,110.01000213623048,108.91000366210938,109.72000122070312,82.92021179199219,2718300,0.0088271884719233,0.008788456605872,1.099998474121108,60.46871978639107,225402011.71417236,15348300,65.63864902202866,76.73441244916054
2018-03-16,109.56999969482422,111.1999969482422,109.56999969482422,110.91000366210938,83.81954193115234,5679200,0.0108457289209071,0.0107873358339823,1.629997253417983,57.73417232919224,476027942.5354004,21027500,65.81400315484754,76.75116262792287
2018-03-19,110.3000030517578,110.88999938964844,107.44000244140624,108.45999908447266,81.96794891357422,3351200,-0.0220902306898669,-0.0223378736226608,3.4499969482422017,57.51482511675498,274690990.3991699,17676300,66.91040305282063,76.75843008459256
2018-03-20,108.63999938964844,109.33000183105467,107.5199966430664,108.02999877929688,81.64299011230469,2513000,-0.0039644617875232,-0.0039723410978666,1.810005187988267,60.295816737643385,205168834.15222168,15163300,63.77781982231178,76.76352742395463
2018-03-21,108.19000244140624,109.58000183105467,107.63999938964844,107.6500015258789,81.35581970214844,2805100,-0.0035173921210042,-0.0035235926888261,1.940002441406236,53.82700302223483,228211209.84649658,12358200,64.3132119044305,76.76887058026956
2018-03-22,106.7300033569336,107.12000274658205,104.26000213623048,104.4499969482422,78.93742370605469,4150000,-0.0297261585581428,-0.0301769365620929,2.8600006103515625,47.45571070581456,327590308.38012695,8208200,57.00212341514492,76.77259699548904
2018-03-23,104.88999938964844,105.0,101.4499969482422,101.66000366210938,76.82889556884766,4278800,-0.0267113878083824,-0.0270746198219616,3.5500030517577983,39.84333924978357,328735478.35998535,3929400,53.08854061218098,76.772696564385
2018-03-26,103.05999755859376,103.91999816894533,101.9000015258789,103.6999969482422,78.37061309814453,3836100,0.0200668969387347,0.0198682103796159,2.0199966430664205,33.49568660356084,300637508.90579224,7765500,42.73083021306025,76.77522621331012
2018-03-27,103.7699966430664,104.66000366210938,101.69000244140624,102.16999816894533,77.21434783935547,3850200,-0.0147538115765543,-0.0148637315534864,2.970001220703139,31.874465868614596,297290682.0510864,3915300,44.922998530835265,76.77592283156334
2018-03-28,102.31999969482422,103.68000030517578,101.6999969482422,102.68000030517578,77.5997543334961,3811400,0.004991384437287,0.0049789687750764,1.9800033569335795,34.32373684376566,295763703.666687,7726700,45.409553727461706,76.77721455094475
2018-03-29,103.23999786376952,105.83000183105467,103.1500015258789,104.66000366210938,79.09613037109375,3813400,0.019283257407836,0.0190996914788298,2.680000305175767,35.64254626466898,301625183.5571289,11540100,44.283349811308064,76.78084668463613
2018-04-02,104.33000183105467,105.43000030517578,102.4000015258789,103.83999633789062,78.4764404296875,4594400,-0.0078346429654505,-0.0078654950295701,3.029998779296875,36.84485151320998,360552157.91015625,6945700,45.10388407769496,76.7840404007338
2018-04-03,104.41000366210938,105.62000274658205,103.76000213623048,105.54000091552734,79.7612075805664,4453200,0.016371373928842,0.0162388078886255,1.8600006103515625,40.77867261932248,355192609.5977783,11398900,51.015057916806704,76.78946576588939
2018-04-04,103.80999755859376,106.47000122070312,103.33000183105467,106.41000366210938,80.41868591308594,3832800,0.0082430839810871,0.0082092953191878,3.139999389648452,44.36455948223311,308228739.3676758,15231700,51.34524328948669,76.7951490895266
2018-04-05,106.61000061035156,107.37000274658205,105.3499984741211,107.18000030517578,81.00060272216797,3154700,0.0072360895042595,0.0072100346234016,2.020004272460952,43.85276361406397,255532601.4076233,18386400,41.54923857885724,76.80056266772654
2018-04-06,106.4800033569336,106.62999725341795,104.38999938964844,105.33000183105467,79.60247802734375,4397200,-0.0172606702646372,-0.0174113722966152,2.239997863769517,36.913597959735455,350028016.38183594,13989200,41.18690405084271,76.8055810782394
2018-04-09,105.55999755859376,106.26000213623048,104.36000061035156,104.5999984741211,79.05078125,3938500,-0.0069306482789924,-0.0069547767704617,1.9000015258789205,40.1530154730639,311341501.953125,10050700,46.24063882591482,76.80917711995401
2018-04-10,105.55999755859376,106.8499984741211,105.55999755859376,106.0199966430664,80.1239242553711,2751100,0.0135753624240253,0.013484042728608,1.2900009155273295,45.11889521756802,220428928.01895142,12801800,41.81146087194519,76.81288145257678
2018-04-11,105.23999786376952,106.75,105.0500030517578,106.08999633789062,80.17682647705078,1623900,0.0006602550008794,0.0006600371284419,1.6999969482422017,46.1537197907473,130199148.51608276,14425700,47.65313861482437,76.81509901053694
2018-04-12,106.58999633789062,107.63999938964844,106.52999877929688,106.98999786376952,80.85700988769531,2000000,0.0084835411992669,0.0084477581989028,1.1100006103515625,57.06343288610199,161714019.77539062,16425700,55.90008780361757,76.81837793250321
2018-04-13,107.4800033569336,108.33999633789062,106.5999984741211,107.25,81.05352020263672,3970800,0.0024303435807773,0.0024273950721101,1.7399978637695312,68.09078553599664,321847318.0206299,20396500,56.76403635678273,76.82518815733759
2018-04-16,108.3000030517578,109.38999938964844,108.16000366210938,109.25,82.56497955322266,4595600,0.0186476706601665,0.0184759345501497,1.2299957275390625,68.00787970027265,379435620.03479004,24992100,63.57604458119336,76.83585034373372
2018-04-17,109.54000091552734,109.8499984741211,108.66000366210938,109.5199966430664,82.76903533935547,2832900,0.0024714568723567,0.0024684078454797,1.1899948120117188,75.97175035636673,234476400.2128601,27825000,71.00986513449342,76.84263659684596
2018-04-18,109.87000274658205,111.02999877929688,108.61000061035156,110.9000015258789,83.81195068359375,3559500,0.0126003080736931,0.0125215847938912,2.4199981689453125,77.3635644466729,298328638.45825195,31384500,64.64610066045043,76.85263812263605
2018-04-19,110.6999969482422,110.6999969482422,108.98999786376952,109.68000030517578,82.88997650146484,2737200,-0.0110005097675096,-0.0110614627968779,1.709999084472685,67.60188568244841,226886443.67980957,28647300,65.687794938321,76.85929330974798
2018-04-20,109.91000366210938,109.91000366210938,107.98999786376952,108.5500030517578,82.03597259521484,3632400,-0.0103028610007497,-0.0103563028594097,1.920005798339858,66.16333541428345,297987466.8548584,25014900,64.11791129090496,76.86685498986438
2018-04-23,108.6999969482422,109.22000122070312,108.41999816894533,109.11000061035156,82.45919036865234,2246600,0.0051589291873914,0.0051456675033822,0.8000030517577983,63.29110308300371,185252817.08221436,27261500,55.943652649104,76.87190276681473
2018-04-24,109.1500015258789,109.56999969482422,107.3000030517578,108.22000122070312,81.78656768798828,3626100,-0.0081570371678032,-0.0081904878251769,2.2699966430664205,56.728571632299065,296566273.0934143,23635400,48.91887945421522,76.87905238142889
2018-04-25,107.9800033569336,108.87999725341795,107.41000366210938,108.66000366210938,82.11910247802734,3195100,0.0040658851378585,0.0040576417637352,1.4699935913085795,55.64024671751214,262378744.32754517,26830500,61.257172196163225,76.88576068176039
2018-04-26,108.0500030517578,114.27999877929688,107.70999908447266,113.27999877929688,85.61064910888672,7309000,0.0425180807570761,0.0416390181922917,6.569999694824219,75.01577178841598,625728234.336853,34139500,69.79285848445626,76.91123722255125
2018-04-27,113.06999969482422,114.0,112.7300033569336,113.98999786376952,86.147216796875,4557400,0.0062675343964022,0.0062479750859218,1.2699966430664062,79.5841682410641,392607325.8300781,38696900,70.97620403836665,76.92802266230215
2018-04-30,114.18000030517578,114.45999908447266,112.86000061035156,113.5,85.77689361572266,4479400,-0.004298724844768,-0.0043079909268395,1.5999984741210938,75.03348176578305,384229017.26226807,34217500,67.08880871111683,76.9438011448703
2018-05-01,113.5500030517578,113.9000015258789,111.4800033569336,112.4499969482422,84.98336029052734,4376200,-0.0092511315314157,-0.0092941890080467,2.4199981689453125,69.97487612445514,371904181.30340576,29841300,61.514710340211764,76.95778191287859
2018-05-02,112.08000183105467,112.25,110.58000183105467,111.1500015258789,84.00090789794922,3563800,-0.011560526545661,-0.0116278689448373,1.6699981689453267,62.74513563919448,299362435.5667114,26277500,54.26721105733678,76.96774206139402
2018-05-03,110.77999877929688,110.97000122070312,108.16000366210938,109.80999755859376,82.98822021484375,4079400,-0.0120556754497911,-0.0121289344919133,2.80999755859375,57.3563327092458,338542145.5444336,22198100,52.43332569875463,76.97747203940017
2018-05-04,109.19000244140624,111.80999755859376,108.80999755859376,111.30999755859376,84.1218490600586,2412800,0.013660117571868,0.0135676592090104,3.0,56.09482336355925,202969197.41210938,24610900,52.26919575530563,76.98429472460768
2018-05-07,111.79000091552734,112.75,111.47000122070312,112.12000274658205,84.73397827148438,2583800,0.0072766970562991,0.0072503496338756,1.279998779296875,57.45418214381432,218935653.05786133,27194700,46.10417467729226,76.99221186965285
2018-05-08,112.0,113.20999908447266,110.62999725341795,111.2699966430664,84.09161376953125,2848700,-0.0075809553033732,-0.0076098368038602,2.5800018310547017,51.09417890613153,239551780.14526367,24346000,45.66122524437372,77.00019926765911
2018-05-09,111.33999633789062,111.69000244140624,110.31999969482422,111.4000015258789,84.18986511230469,3205400,0.0011683845554768,0.0011677025254393,1.370002746582017,55.436196898816206,269862193.63098145,27551400,51.52776547366802,77.00928957015981
2018-05-10,111.93000030517578,114.12000274658205,111.54000091552734,113.98999786376952,86.147216796875,2477900,0.0232492555007579,0.0229831088071719,2.5800018310547017,65.74078239314551,213464188.50097656,30029300,52.735919191290435,77.01821223534328
2018-05-11,113.94000244140624,115.98999786376952,113.72000122070312,115.4499969482422,87.25060272216797,3388100,0.0128081436211064,0.012726813075593,2.269996643066392,67.43678533668583,295613767.0829773,33417400,60.49432291515436,77.03185545916877
2018-05-14,117.9499969482422,118.7699966430664,116.12000274658205,116.33999633789062,87.92320251464844,4618600,0.0077088268905398,0.007679265708686,2.649993896484361,72.33232177116854,406082103.1341553,38036000,59.92680634510014,77.05161546087457
2018-05-15,115.77999877929688,116.47000122070312,114.8499984741211,115.61000061035156,87.37152862548828,3480400,-0.0062744972132725,-0.0062942646012395,1.6200027465820312,68.81444144191416,304087868.2281494,34555600,55.60003024593716,77.06570532747027
2018-05-16,115.54000091552734,116.66999816894533,115.52999877929688,116.31999969482422,87.90808868408203,1970000,0.0061411316367563,0.0061223517352121,1.1399993896484517,60.43957644017827,173178934.7076416,36525600,54.89070983218076,77.07407786627866
2018-05-17,116.58999633789062,117.44000244140624,116.4000015258789,116.58999633789062,88.11214447021484,3697200,0.0023212401633043,0.0023185502471798,1.0400009155273295,59.20686023641046,325768220.5352783,40222800,47.37463649422654,77.09005148079085
2018-05-18,115.66999816894533,115.93000030517578,115.0999984741211,115.37999725341795,87.8836441040039,2450900,-0.0025932902619136,-0.0025966586638611,0.8300018310546875,60.00434757405368,215394023.33450317,37771900,56.10414702281757,77.1003960505423
2018-05-21,116.0,117.27999877929688,115.5,117.08000183105467,89.17852020263672,3333300,0.0147339827772778,0.0146264922095139,1.779998779296875,69.01615170093623,297258761.391449,41105200,57.964490469945694,77.11611881817204
2018-05-22,117.01000213623048,117.13999938964844,115.29000091552734,115.36000061035156,87.86839294433594,2027100,-0.0146910629972759,-0.0148000453581702,1.8499984741210935,67.025090328002,178118019.33746338,39078100,60.65454452266016,77.12462406526146
2018-05-23,114.8499984741211,115.41999816894533,113.77999877929688,115.27999877929688,87.80747985839844,2013600,-0.0006932309092768,-0.0006934713049298,1.6399993896484517,73.15522841076547,176809141.4428711,37064500,60.64802026446673,77.13301153350142
2018-05-24,115.37999725341795,115.80999755859376,114.41000366210938,115.62999725341795,88.07408905029297,2303400,0.0030362924926723,0.0030316922660252,1.3999938964843892,70.71535284576774,202869856.71844482,39367900,59.72613460037627,77.14282923671627
2018-05-25,115.48999786376952,115.9000015258789,115.1999969482422,115.48999786376952,87.96743774414062,1583600,-0.0012109271557886,-0.0012116609204938,0.7000045776367045,67.89621432082251,139305234.4116211,37784300,59.821944809356694,77.14950299223017
2018-05-29,114.87000274658205,114.9499969482422,113.01000213623048,113.83000183105467,86.70301055908203,2724100,-0.0143738094172558,-0.0144781133185817,1.9399948120117188,63.52216960894544,236187671.06399536,35060200,67.54925377719704,77.15962433534635
2018-05-30,114.12000274658205,116.75,113.91000366210938,116.69000244140624,88.88147735595703,2911700,0.0251256188548438,0.0248151600614589,2.839996337890625,69.98778511422121,258796197.6173401,37971900,70.23062603771605,77.1728831174038
2018-05-31,116.45999908447266,116.83000183105467,115.91000366210938,116.12000274658205,88.44728088378906,5893000,-0.0048851176317544,-0.0048970888219201,0.9199981689452984,61.26042472830715,521219826.24816895,32078900,69.43871799718555,77.19863431590082
2018-06-01,116.69000244140624,117.29000091552734,116.31999969482422,117.25,89.3079833984375,2237800,0.0097312490112535,0.0096842053570515,0.970001220703125,60.31748460976328,199853405.24902344,34316700,67.56769286679324,77.20912812607267
2018-06-04,117.61000061035156,118.2699966430664,116.91999816894533,116.97000122070312,89.09473419189453,2248500,-0.0023877955634893,-0.0023906508935176,1.3499984741210795,56.15881895707377,200329509.83047485,32068200,67.72563941292293,77.21946828871651
2018-06-05,116.8000030517578,117.77999877929688,116.5500030517578,116.80999755859376,88.97285461425781,3341000,-0.001367977341671,-0.0013689138768781,1.2299957275390767,58.81669471298243,297258307.26623535,28727200,61.32559313286146,77.23464199222002
2018-06-06,117.0,117.51000213623048,115.9000015258789,117.0199966430664,89.1328125,2783700,0.0017978279604007,0.0017962138020762,1.6100006103515767,57.03491271601876,248119010.15625,31510900,52.73415969044121,77.24742661218711
2018-06-07,117.16999816894533,117.33999633789062,115.8000030517578,116.19000244140624,88.5006103515625,3106400,-0.007092810500482,-0.007118084058825,1.5399932861328267,52.12677175286893,274918295.99609375,28404500,52.135691811508714,77.26090374652534
2018-06-08,116.1500015258789,116.6500015258789,115.73999786376952,116.5999984741211,88.81291961669922,2879800,0.0035288939126645,0.0035226819764275,0.9100036621093892,55.04133161814983,255763445.9121704,31284300,50.46929429639165,77.27371533438065
2018-06-11,116.5999984741211,117.75,116.55999755859376,116.8499984741211,89.00333404541016,2004700,0.0021439946973111,0.0021416996205163,1.1900024414062358,48.92021781861615,178424983.76083374,33289000,57.41319211326626,77.28276392588702
2018-06-12,117.61000061035156,119.16999816894533,117.31999969482422,118.33999633789062,90.13823699951172,3414600,0.0127512409088239,0.0126706283863343,1.849998474121108,64.29934355663687,307786024.0585327,36703600,57.851210821405694,77.29963354660184
2018-06-13,118.48999786376952,118.5999984741211,117.11000061035156,117.33000183105467,89.36894989013672,1668400,-0.0085345258015104,-0.0085711534152762,1.4899978637695312,59.03079113022007,149103155.9967041,35035200,52.55891025903527,77.30736715007818
2018-06-14,117.44000244140624,117.7300033569336,116.5500030517578,117.19000244140624,89.2623062133789,1869300,-0.0011932967422008,-0.0011940092876668,1.1800003051757957,57.00162922681859,166858029.0046692,33165900,45.31023200511068,77.31594372219112
2018-06-15,116.61000061035156,117.36000061035156,116.0500030517578,116.7699966430664,88.94239044189453,4286900,-0.003583996258394,-0.0035904341598635,1.3099975585937642,55.60410722571059,381287133.58535767,28879000,45.84709586903816,77.3350406627146
2018-06-18,116.19000244140624,117.3000030517578,115.8000030517578,116.7699966430664,88.94239044189453,2177100,0.0,0.0,1.5,65.06148361155411,193636478.23104858,28879000,38.962125676245115,77.34471503430166
2018-06-19,116.0,116.0,114.11000061035156,114.81999969482422,87.45710754394531,2739000,-0.0166993813700064,-0.0168403880596501,1.8899993896484373,39.43493796043004,239545017.5628662,26140000,26.35983610795855,77.35530762300569
2018-06-20,114.75,114.77999877929688,113.52999877929688,113.6500015258789,86.56591796875,3112600,-0.0101900188586445,-0.0102422925170581,1.25,36.93123521381147,269445076.26953125,23027400,20.222017824516332,77.36625855851322
2018-06-21,113.66000366210938,114.06999969482422,112.31999969482422,113.41999816894533,86.39073181152344,2721900,-0.0020237312944547,-0.0020257818055535,1.75,27.602402073111875,235146932.91778564,20305500,22.659050969433974,77.3756316362915
2018-06-22,114.9000015258789,115.79000091552734,113.62999725341795,113.6999969482422,86.6040267944336,3536300,0.0024689567785523,0.0024659139122063,2.160003662109389,30.877387822427792,306257819.9531555,23841800,22.379384009963704,77.38806755399838
2018-06-25,113.04000091552734,113.04000091552734,109.38999938964844,110.1999969482422,83.93809509277344,4044300,-0.0307829993631602,-0.0312667492971556,3.650001525878906,22.203670256500104,339470837.9837036,19797500,22.715238641747085,77.39814661899625
2018-06-26,110.38999938964844,110.6999969482422,109.1999969482422,109.56999969482422,83.4582290649414,2332300,-0.00571690395525,-0.0057333080007783,1.5,19.740159985418885,194649627.64816284,17465200,22.92140039784805,77.40351955268409
2018-06-27,109.66999816894533,110.16000366210938,108.25,108.37999725341795,82.55180358886719,2940800,-0.0108608280600933,-0.0109202374011869,1.910003662109375,19.179243120172657,242768343.99414062,14524400,21.41870470521774,77.40926853914294
2018-06-28,106.75,106.9499969482422,105.0999984741211,105.87999725341795,80.64759826660156,6173000,-0.0230667924803816,-0.0233369941487867,1.849998474121108,13.685622051828773,497837624.09973145,8351400,23.44075502991781,77.41684146736647
2018-06-29,106.3000030517578,107.25,106.1500015258789,106.2300033569336,80.91422271728516,3409300,0.0033060432847882,0.0033005903388327,1.0999984741210938,14.2667831423079,275860859.5100403,11760700,15.887673163293675,77.4213526887595
2018-07-02,105.87000274658205,106.47000122070312,105.41999816894533,105.87999725341795,80.64759826660156,2252300,-0.0032951493783136,-0.0033005903388326,1.0500030517577983,4.592320580537546,181642585.5758667,9508400,18.690679842861417,77.42409956872089
2018-07-03,106.26000213623048,106.8499984741211,105.45999908447266,105.76000213623048,80.55619812011719,1145700,-0.0011333275689404,-0.0011339702702697,1.3899993896484375,4.910872166962164,92293236.18621826,8362700,18.365105655114043,77.42545548945606
2018-07-05,105.98999786376952,106.33999633789062,104.94000244140624,106.29000091552734,80.95989227294922,2866800,0.0050113357165897,0.0049988207674178,1.3999938964843892,8.775025609009532,232095819.16809082,11229500,24.219506064570943,77.4292799958669
2018-07-06,106.4800033569336,106.69000244140624,105.12000274658205,106.02999877929688,80.7618637084961,2022400,-0.0024460082504246,-0.0024490046156918,1.5699996948241903,8.88254368526971,163332793.1640625,9207100,29.370077909379827,77.43182198980233
2018-07-09,106.3000030517578,108.72000122070312,106.2699966430664,108.58999633789062,82.71178436279297,2103600,0.0241440769783987,0.0238572168941923,2.4500045776367188,23.815866086291848,173992509.5855713,11310700,34.11464101720488,77.4360077654333
2018-07-10,108.6999969482422,108.97000122070312,107.97000122070312,108.51000213623048,82.65084838867188,1503900,-0.0007367266295914,-0.0007369981460186,1.0,27.05476558174773,124298610.89172363,9806800,35.45143130213934,77.43896166607286
2018-07-11,107.6999969482422,108.16999816894533,107.04000091552734,107.33000183105467,81.7520751953125,1765000,-0.0108743371771917,-0.0109338949427468,1.129997253417983,27.03518970645399,144292412.71972656,8041800,41.37629138153221,77.44182705030616
2018-07-12,108.08000183105467,109.02999877929688,107.80999755859376,108.52999877929688,82.66608428955078,1920100,0.0111802555721629,0.0111182184802721,1.2200012207031108,33.40135577960727,158727148.44436646,9961900,38.57805864662521,77.445600007757
2018-07-13,108.37000274658205,109.41000366210938,107.93000030517578,108.97000122070312,83.00122833251953,1997900,0.0040541903714086,0.0040459942864825,1.4800033569335938,34.116862778864544,165828154.08554077,11959800,50.33623896038178,77.44977171865202
2018-07-16,111.12999725341795,111.56999969482422,109.83999633789062,110.6500015258789,84.28086853027344,4288800,0.0154171236192723,0.0152994873039443,1.7300033569335938,51.72156399920298,361463788.9526367,16248600,50.63952202789845,77.4607651691228
2018-07-17,110.66000366210938,111.18000030517578,109.66000366210938,111.06999969482422,84.60078430175781,2102400,0.0037958290779771,0.0037886430975443,1.5199966430664062,55.83213580549811,177864688.91601562,18351000,58.719352295723205,77.46639350533304
2018-07-18,110.95999908447266,112.62999725341795,110.80999755859376,112.16000366210938,85.43101501464844,2798600,0.0098135108290404,0.0097656710610738,1.8199996948241903,64.81205864159736,239087238.61999512,21149600,72.78149170645258,77.47474214674682
2018-07-19,111.88999938964844,112.9000015258789,111.4499969482422,112.83999633789062,85.94894409179688,2457900,0.006062541537867,0.0060442382718714,1.4500045776367043,81.80984173315291,211253909.68322754,23607500,65.56429649042194,77.48253637687198
2018-07-20,112.0199966430664,112.5500030517578,111.75,112.06999969482422,85.36245727539062,1776000,-0.006823665172429,-0.0068470528293688,0.8000030517577983,75.70421759038418,151603724.12109375,21831500,72.39857806387406,77.48776980775914
2018-07-23,112.47000122070312,113.0,112.1999969482422,112.70999908447266,85.84993743896484,1871000,0.005710709123585,0.0056944648391516,0.8000030517577983,79.31361498230129,160625232.94830322,23702500,73.78147842014245,77.49361650455886
2018-07-24,113.33999633789062,113.66999816894533,111.9499969482422,112.44000244140624,85.64427185058594,2646000,-0.0023956405154648,-0.0023985146533895,1.720001220703125,78.30527581031801,226614743.3166504,21056500,84.51643323607814,77.50166789833024
2018-07-25,112.25,120.44000244140624,112.25,120.1999969482422,91.55498504638672,6725700,0.0690146937802511,0.0667373772994717,8.190002441406236,86.54772532044264,615771362.9264832,27782200,85.31612159269719,77.53686573259988
2018-07-26,119.98999786376952,120.68000030517578,118.0500030517578,118.87000274658205,90.54193878173828,3630300,-0.011064894654673,-0.0111265659477405,2.629997253417983,81.94038166181458,328694400.3593445,24151900,79.54746130727099,77.55442345554759
2018-07-27,119.23999786376952,119.23999786376952,118.1500015258789,118.66000366210938,90.3819808959961,2094700,-0.0017666717533825,-0.0017682341583669,1.0899963378906108,78.3662625473736,189323135.38284302,22057200,79.91326992271475,77.56440828150876
2018-07-30,118.80999755859376,119.94000244140624,118.54000091552734,118.70999908447266,90.42008209228516,2020400,0.0004215574377917,0.0004214686074188,1.400001525878892,78.78113675328177,182684733.85925293,24077600,84.64276152345207,77.57405280923895
2018-07-31,119.62000274658205,121.36000061035156,119.30999755859376,119.88999938964844,91.31884765625,2395100,0.0099398888296466,0.0098908130717692,2.0500030517577983,85.44014154169658,218717772.02148438,26472700,79.5921148510757,77.58626587250093
2018-08-01,119.88999938964844,120.0,117.8000030517578,119.36000061035156,90.91516876220705,1913000,-0.0044205430138859,-0.0044303425041974,2.1999969482422017,81.75960521677838,173920717.84210208,24559700,75.06543014323748,77.59571874839878
2018-08-02,119.0,119.1999969482422,118.02999877929688,118.5999984741211,90.33628845214844,1653500,-0.0063672577188158,-0.0063876151643208,1.1699981689453267,77.72028553519397,149371052.95562744,22906200,73.59027445348116,77.6035239026438
2018-08-03,118.62000274658205,119.33999633789062,118.1999969482422,119.1500015258789,90.75521087646484,1912900,0.0046373659079241,0.0046266464538873,1.1399993896484233,76.17001093545981,173605642.8855896,24819100,78.94557745448824,77.61283829407292
2018-08-06,118.8499984741211,119.93000030517578,118.8499984741211,119.54000091552734,91.05226135253906,1603400,0.003273095541352,0.0032677506239152,1.0800018310546875,76.12588007172809,145993195.85266113,26422500,78.53611513639574,77.62081173022341
2018-08-07,119.5199966430664,120.13999938964844,118.63999938964844,120.01000213623048,91.41026306152344,1957400,0.0039318266637908,0.0039241172348187,1.5,75.17646061070212,178926448.91662598,28379900,78.08719459532882,77.63079183618937
2018-08-08,120.01000213623048,120.79000091552734,119.80999755859376,120.58000183105467,91.84442901611328,1603100,0.004749641233366,0.0047383972765608,0.9800033569335797,75.00011323496774,147235804.1557312,29983000,83.29895320291057,77.6392119327365
2018-08-09,120.2300033569336,121.8499984741211,120.12999725341795,120.87000274658205,92.0653076171875,2050100,0.0024049210544438,0.0024020338598616,1.7200012207031392,79.33334579823683,188743087.1459961,32033100,76.73876856593851,77.65013252517358
2018-08-10,120.5199966430664,120.79000091552734,119.0,119.2699966430664,90.84659576416016,2341400,-0.0132374711448834,-0.013325867428208,1.7900009155273438,70.5513178886168,212708219.3222046,29691700,69.81717710293478,77.66153187804652
2018-08-13,119.22000122070312,119.4800033569336,117.72000122070312,118.16000366210938,90.00112915039062,2339100,-0.0093065304941571,-0.0093501068227559,1.7600021362304688,67.02384032834857,210521641.1956787,27352600,64.99311736193431,77.67217140170361
2018-08-14,118.26000213623048,120.1500015258789,118.26000213623048,118.9800033569336,90.625732421875,1914800,0.0069399492804214,0.0069159786717175,1.8899993896484235,43.81342183565104,173530152.44140625,29267400,63.75425856484893,77.68130787474145
2018-08-15,118.4800033569336,120.4800033569336,117.86000061035156,120.0500030517578,91.44074249267578,2619100,0.0089931418927109,0.0089529444134974,2.6200027465820312,56.14592289007789,239492448.66256714,31886500,71.15246851014156,77.69456959508592
2018-08-16,120.4800033569336,121.5999984741211,119.88999938964844,121.11000061035156,92.24813079833984,2126800,0.008829634183348,0.008790880914503,1.7099990844726562,61.72259902385161,196193324.58190918,34013300,71.56114991851206,77.7059511959581
2018-08-17,120.4499969482422,121.87999725341795,119.9800033569336,121.8000030517578,93.47605895996094,2384200,0.0133111440957587,0.0132233292363495,1.8999938964843608,66.70032695789072,222865619.77233887,36397500,71.484934111296,77.71976471052041
2018-08-20,121.8000030517578,122.94000244140624,121.6999969482422,122.5500030517578,94.05166625976562,2272500,0.0061578045352901,0.0061389227309369,1.240005493164034,65.48112163750778,213732411.57531738,38670000,78.66953517057317,77.73338872361127
2018-08-21,122.5,123.22000122070312,122.20999908447266,123.01000213623048,94.40467834472656,2594900,0.0037533846980013,0.0037463583259523,1.0100021362304688,69.88182455993916,244970699.83673096,41264900,76.88144796851194,77.74925374791613
2018-08-22,123.01000213623048,123.01000213623048,121.6999969482422,121.87000274658205,93.52975463867188,2272200,-0.009267800297564,-0.009311013560566,1.3100051879882812,67.60131265337978,212518308.48999023,38992700,72.05221268972157,77.762392572528
2018-08-23,121.8499984741211,122.2300033569336,121.13999938964844,121.70999908447266,93.4069595336914,1263600,-0.001312898825137,-0.0013137614318925,1.0900039672851562,65.10874365777914,118029034.06677246,37729100,72.44325087500606,77.7696329515166
2018-08-24,122.0999984741211,122.9499969482422,121.83000183105467,122.73999786376952,94.19747924804688,1969600,0.0084631778863364,0.0084275659818863,1.1199951171875284,66.96630526755936,185531355.12695312,39698700,73.13877987198157,77.78147518507534
2018-08-27,122.9000015258789,124.06999969482422,122.8499984741211,123.8499984741211,95.0493392944336,2641100,0.0090433422761084,0.0090026961239364,1.220001220703125,68.63732662102359,251034810.01052856,42339800,66.64021103449186,77.79815068352929
2018-08-28,124.06999969482422,124.44000244140624,122.5999984741211,122.75,94.2051239013672,2126400,-0.0088818649275538,-0.0089215438129097,1.840003967285142,61.60283789003184,200317775.46386722,40213400,61.002429898331414,77.81089719253102
2018-08-29,122.95999908447266,123.51000213623048,122.4000015258789,123.47000122070312,94.75770568847656,1528000,0.0058657296357671,0.0058485932227437,1.1100006103515767,62.81530029879541,144789774.2919922,41741400,63.02066297387553,77.82035274080323
2018-08-30,123.26000213623048,123.62000274658205,122.43000030517578,122.8499984741211,94.28187561035156,1314400,-0.0050215449463215,-0.0050341952703619,1.1900024414062642,67.59562982467251,123924097.3022461,40427000,63.16651532492443,77.82824978570156
2018-08-31,122.87000274658205,123.12999725341795,121.86000061035156,122.87999725341795,94.3049087524414,2188500,0.0002443008472279,0.0002442710106352,1.269996643066392,74.07221857602639,206386292.80471802,42615500,63.87008455577553,77.84140009580904
2018-09-04,123.79000091552734,124.4000015258789,123.0999984741211,124.33999633789062,95.4253921508789,2396900,0.0118814960245481,0.011811465218703,1.3000030517578125,75.43489106800504,228725122.44644165,45012400,63.694197348661504,77.85675716093324
2018-09-05,124.0,124.98999786376952,123.48999786376952,124.66000366210938,95.67097473144533,2368300,0.0025735558956689,0.0025702499714673,1.5,73.8571304406943,226577569.45648196,47380700,56.18234161263891,77.8721163997452
2018-09-06,124.55999755859376,124.83000183105467,123.45999908447266,123.6999969482422,94.93421936035156,2282200,-0.0077009288675262,-0.0077307341376854,1.370002746582017,65.2703212626703,216658875.42419434,45098500,47.94432831968399,77.88628059170065
2018-09-07,123.38999938964844,124.38999938964844,122.16999816894533,122.98999786376952,94.3893051147461,2530000,-0.0057399139033005,-0.0057564505186357,2.220001220703111,55.62890363792486,238804941.94030762,42568500,48.330699027097026,77.9014542435858
2018-09-10,123.69000244140624,125.08999633789062,123.4499969482422,124.33999633789062,95.4253921508789,2458000,0.0109767418551633,0.010916934684854,1.6399993896484233,58.01231191489702,234555613.90686035,45026500,40.125720191048615,77.91709406755238
2018-09-11,123.8499984741211,124.3000030517578,122.8499984741211,123.06999969482422,94.4507293701172,2260400,-0.0102138724168997,-0.0102663919362792,1.4500045776367043,50.25043398599967,213496428.66821292,42766100,38.82673347958456,77.9306526920659
2018-09-12,122.91000366210938,123.95999908447266,122.5999984741211,123.3000030517578,94.62722778320312,3243100,0.001868682372947,0.0018669385581275,1.3600006103515625,56.45890132942519,306885562.42370605,46009200,34.634461196841876,77.95027450060431
2018-09-13,123.08999633789062,124.9499969482422,119.05999755859376,119.6999969482422,91.86437225341795,5029200,-0.0291972574332943,-0.0296319800752699,5.8899993896484375,43.073796829546616,462004300.9368896,40980000,27.58172465599933,77.97558580377806
2018-09-14,120.3000030517578,120.86000061035156,119.01000213623048,120.38999938964844,92.39395141601562,3730600,0.0057647937890086,0.0057482409506262,1.8499984741210795,41.70787147467378,344684875.1525879,44710600,20.10618169240857,77.99501566186454
2018-09-17,120.58000183105467,121.0199966430664,118.63999938964844,119.08999633789062,91.39623260498048,2945200,-0.0107985295113398,-0.0108572567926527,2.3799972534179688,33.42630552198038,269180184.26818854,41765400,19.77156733126056,78.00925770018065
2018-09-18,118.6999969482422,119.68000030517578,117.3499984741211,118.23999786376952,90.74390411376952,2851300,-0.0071373674014592,-0.0071629602579583,2.3300018310546875,34.01861534050029,258738093.79959103,38914100,19.590250334834572,78.02234639456077
2018-09-19,118.3000030517578,118.79000091552734,117.87000274658205,118.25,90.7515869140625,1944800,8.466464351530867e-05,8.466105966665997e-05,0.9199981689452984,30.522587700100857,176493686.23046875,40858900,24.200982793285025,78.03126382253494
2018-09-20,118.93000030517578,119.5999984741211,118.5500030517578,119.12000274658205,91.41926574707033,1905500,0.0073572138594126,0.0073302815785531,1.0499954223632957,36.3371136092849,174199410.8810425,42764400,22.96813639385054,78.04044691374243
2018-09-21,119.41000366210938,120.0500030517578,118.43000030517578,118.48999786376952,90.9357681274414,4348400,-0.0052887935128095,-0.0053028286891918,1.620002746582017,34.59655961926725,395425094.1253662,38416000,17.160250883473495,78.0606002321603
2018-09-24,118.3000030517578,118.68000030517578,117.05999755859376,117.33000183105467,90.04552459716797,1889400,-0.0097898060202868,-0.0098380412383726,1.620002746582017,24.8747210083892,170132014.17388916,36526600,11.160831645117378,78.06873320480013
2018-09-25,117.63999938964844,117.75,115.97000122070312,116.26000213623048,89.22435760498047,2108700,-0.0091194648025109,-0.0091613016691174,1.779998779296875,21.42879846028073,188147402.8816223,34417900,16.679440570468934,78.07717568380978
2018-09-26,116.26000213623048,117.3499984741211,116.25,116.6999969482422,89.5620346069336,2220600,0.0037845831678398,0.0037774396507794,1.0999984741210938,25.317529477994768,198881454.04815674,36638500,17.130220280177166,78.08632126552838
2018-09-27,116.5,117.33999633789062,116.19000244140624,116.7300033569336,89.58504486083984,1599800,0.0002569197317505,0.000256886733528,1.1499938964843892,26.81495379956949,143318154.76837158,38238300,10.515523875624192,78.09291424282613
2018-09-28,116.45999908447266,116.86000061035156,115.7300033569336,116.75,89.60040283203125,2641800,0.0001714345426211,0.0001714198493991,1.1299972534179688,18.81683408116456,236706344.20166016,40880100,15.369722181947559,78.10379942593383
2018-10-01,118.5500030517578,118.86000061035156,117.19000244140624,117.45999908447266,90.14527893066406,1820200,0.0060811791176236,0.0060627633698213,1.6699981689453267,25.83968818554068,164082436.70959473,42700300,16.2365502453511,78.11164222802978
2018-10-02,117.4800033569336,117.5500030517578,116.63999938964844,116.98999786376952,89.78459930419922,1336100,-0.0040010927997933,-0.0040091185866882,0.9100036621093608,23.37562866239125,119961203.13034058,41364200,23.310776610835056,78.11722030579953
2018-10-03,117.5,118.54000091552734,117.41000366210938,117.77999877929688,90.39088439941406,1802900,0.0067526624823561,0.0067299653770257,1.1299972534179688,39.38069981932151,162965725.4837036,43167100,24.809874081015497,78.12512947077154
2018-10-04,117.4800033569336,118.33999633789062,116.3000030517578,117.30999755859376,90.03018188476562,1799800,-0.0039904744493325,-0.0039984576373806,2.0399932861328267,32.53950005297496,162036321.35620117,41367300,25.597780665074964,78.13278298744456
2018-10-05,117.45999908447266,118.13999938964844,116.23999786376952,117.23999786376952,89.97645568847656,2039200,-0.0005967576113289,-0.000596935742023,1.9000015258789205,37.81289170813236,183479988.4399414,39328100,35.08800458390802,78.1414035472958
2018-10-08,117.11000061035156,119.22000122070312,116.95999908447266,118.77999877929688,91.15834045410156,2867100,0.013135489240841,0.0130499668072897,2.2600021362304688,53.260983103471965,261360077.9159546,42195200,32.209443825373214,78.1547110534676
2018-10-09,118.26000213623048,118.6999969482422,117.43000030517578,117.91999816894533,90.49832916259766,4652400,-0.0072402732236687,-0.0072666112083173,1.2699966430664205,48.19277108433736,421034426.59606934,37542800,24.369353578689402,78.17515405693875
2018-10-10,117.33999633789062,118.25,116.31999969482422,116.6500015258789,89.52367401123047,4669000,-0.0107698690173166,-0.0108282838486259,1.9300003051757808,37.04094693370018,417986033.95843506,32873800,23.886721702405033,78.19398478231523
2018-10-11,117.33000183105467,117.80999755859376,113.16999816894533,113.76000213623048,87.30571746826172,5239800,-0.0247750839927605,-0.0250871515031931,4.6399993896484375,29.940554988743383,457464498.39019775,27634000,31.036187179418484,78.21092081386698
2018-10-12,115.5500030517578,116.56999969482422,113.69000244140624,115.63999938964844,88.74851989746094,2993000,0.0165258641820762,0.0163907981128586,2.879997253417983,43.24532440132074,265624320.0531006,30627000,37.470086556445445,78.22209673979447
2018-10-15,115.37000274658205,116.62999725341795,115.26000213623048,115.7699966430664,88.84829711914062,2648300,0.0011242691347976,0.0011236376175398,1.3699951171874716,47.88239974360759,235296945.26062012,33275300,38.21816329400151,78.23205934553744
2018-10-16,116.5,117.6999969482422,115.75,117.4800033569336,90.16065216064452,2681100,0.0147707393845049,0.014662714453128,1.9499969482422017,53.03740958846194,241729724.50790402,35956400,43.09400375654328,78.24337078741681
2018-10-17,117.33000183105467,118.0500030517578,115.93000030517578,118.01000213623048,90.56741333007812,2104400,0.0045115153859895,0.0045013690060377,2.120002746582017,54.79773722644056,190590064.6118164,38060800,43.52151170666989,78.2525366660284
2018-10-18,117.58999633789062,117.75,114.18000030517578,114.7300033569336,88.0501480102539,2270000,-0.0277943824082719,-0.0281879561610531,3.5699996948242188,43.9156724994206,199873835.98327637,35790800,44.378774725017664,78.26039065711761
2018-10-19,114.7300033569336,116.77999877929688,114.0,116.48999786376952,89.40088653564453,2460000,0.0153405593961446,0.0152240827159874,2.779998779296875,47.25227252373907,219926180.87768555,38250800,43.289139721511745,78.27006022023407
2018-10-22,116.19000244140624,116.33999633789062,114.7300033569336,115.63999938964844,88.74851989746094,2358900,-0.0072970936135347,-0.0073238476316399,1.6099929809570312,46.25620492247534,209348883.5861206,35891900,37.65076659202766,78.27877412661388
2018-10-23,114.27999877929688,115.68000030517578,112.9499969482422,114.23999786376952,87.6740951538086,3120200,-0.0121063961956067,-0.0121802754901792,2.7300033569335795,40.504340971744085,273560711.6989136,32771700,34.65134424249023,78.28909752084898
2018-10-24,111.06999969482422,112.13999938964844,107.45999908447266,107.93000030517578,82.83145141601562,5794600,-0.0552346018433086,-0.056818638227841,4.680000305175781,30.841568196197517,479975128.37524414,26977100,33.269018342436276,78.29834764537274
2018-10-25,107.0500030517578,109.23999786376952,105.61000061035156,107.81999969482422,82.74703216552734,4269800,-0.0010191690359775,-0.0010196887418816,3.6299972534179545,30.79126429493202,353313277.94036865,22707300,26.737107422433184,78.30501312030007
2018-10-26,106.5,107.13999938964844,104.44000244140624,105.30999755859376,80.82071685791016,3965200,-0.0232795697586323,-0.0235548191255167,2.6999969482422017,23.57794855494824,320470306.48498535,18742100,27.702851811141805,78.30850864749841
2018-10-29,106.55999755859376,107.43000030517578,103.83000183105467,105.12999725341795,80.68257141113281,3355100,-0.0017092826214374,-0.0017107451117545,3.599998474121108,24.22417340594376,270698095.3414917,15387000,35.15117484948023,78.31129653639286
2018-10-30,105.4499969482422,107.5500030517578,104.70999908447266,107.06999969482422,82.17143249511719,3047400,0.0184533172151593,0.0182851207939798,2.840003967285142,31.20096009076541,250409223.38562012,18434400,44.49354591881441,78.31540942439476
2018-10-31,108.25,109.0199966430664,106.45999908447266,106.54000091552734,81.76468658447266,3620800,-0.0049499673827482,-0.0049622590503051,2.55999755859375,34.38585160889748,296053577.1850586,14813600,37.809469618832985,78.31977054399692
2018-11-01,106.88999938964844,108.16000366210938,105.94000244140624,107.5199966430664,82.51679229736328,2897800,0.0091984173646113,0.0091563695756598,2.220001220703139,31.72827371272136,239117160.71929932,17711400,31.607578828151322,78.32401317986906
2018-11-02,107.0999984741211,107.66999816894533,105.4800033569336,105.98999786376952,81.34258270263672,2854000,-0.0142299471663306,-0.0143321637139185,2.189994812011733,29.297273682664358,232151731.0333252,14857400,30.872516894606694,78.3270154455324
2018-11-05,106.41999816894533,107.4499969482422,106.02999877929688,106.81999969482422,81.97957611083984,2445600,0.0078309956118773,0.0078004925086958,1.4199981689453267,26.56120216763695,200489251.33666992,17303000,31.323469591645548,78.3301257782652
2018-11-06,106.76000213623048,108.88999938964844,106.45999908447266,108.6500015258789,83.38402557373047,2582900,0.0171316994978327,0.0169866067135773,2.430000305175781,30.532491232248944,215372599.65438843,19885900,38.512703883192025,78.33466694864678
2018-11-07,109.23999786376952,111.31999969482422,108.01000213623048,111.12999725341795,85.28730773925781,3720900,0.0228255010768747,0.0225688967373737,3.309997558593736,42.25474717047637,317345543.3670044,23606800,38.52809090414524,78.34365508317131
2018-11-08,110.83999633789062,111.9499969482422,110.75,111.5,85.5712661743164,2566400,0.0033294336822862,0.0033239033897256,1.1999969482422017,38.58119617677675,219610097.50976562,26173200,37.780627658422986,78.35009386675294
2018-11-09,111.88999938964844,112.12999725341795,109.22000122070312,109.51000213623048,84.04402923583984,3377000,-0.0178475440034443,-0.0180087321721262,2.909996032714829,36.66814119303453,283816686.72943115,22796200,38.99015268463725,78.35676069859868
2018-11-12,109.75,110.4499969482422,107.4800033569336,107.72000122070312,82.67027282714844,1810300,-0.0163456752512001,-0.0164807396357656,2.969993591308608,36.05643408716831,149657994.89898682,20985900,49.20035288891668,78.35946643184053
2018-11-13,108.06999969482422,110.5199966430664,108.0,109.4000015258789,83.95960235595703,3578300,0.0155960478260956,0.0154756793737957,2.5199966430664062,53.91996504959173,300432645.11032104,24564200,57.672201724215256,78.36640133784202
2018-11-14,110.45999908447266,112.06999969482422,108.37000274658205,109.5,84.03634643554688,2964400,0.0009140595886159,0.0009136420905428,3.699996948242173,54.4823470435177,249117345.37353516,27528600,58.39296936140828,78.37221213357832
2018-11-15,108.97000122070312,110.98999786376952,107.4000015258789,110.4499969482422,84.76543426513672,3303700,0.0086758630106442,0.0086384439836342,3.589996337890611,64.95921702237972,280039565.1817322,30832300,65.62368015786791,78.37950577830597
2018-11-16,109.44000244140624,110.79000091552734,108.80999755859376,110.08999633789062,85.19103240966797,2583900,0.005020892634137,0.0050083299856408,1.9800033569335795,66.73226306439565,220125108.64334106,33416200,65.63948805141017,78.38557813158373
2018-11-19,110.11000061035156,111.91000366210938,109.88999938964844,111.29000091552734,86.11963653564453,2932500,0.0109002567489859,0.01084127715844,2.020004272460937,65.28877373457456,252545834.1407776,36348700,57.08891468796536,78.3933951864516
2018-11-20,110.29000091552734,110.8000030517578,108.02999877929688,108.51000213623048,83.9683837890625,3485400,-0.0249798168352886,-0.0252971075167907,2.7700042724609237,57.517759624709335,292663404.85839844,32863300,58.779557796488334,78.40008436671066
2018-11-21,109.0,109.70999908447266,108.48999786376952,108.7699966430664,84.16958618164062,1660600,0.0023961684564939,0.0023933022225977,1.2200012207031392,55.85860066430016,139772014.81323242,34523900,61.7885873254377,78.40338070243153
2018-11-23,108.83000183105467,109.9800033569336,108.25,108.69000244140624,84.10768127441406,835900,-0.0007354783364738,-0.0007357489333524,1.7300033569335938,60.64039608448503,70305610.77728271,33688000,62.81330607235369,78.40502076317011
2018-11-26,109.91000366210938,110.91999816894533,109.04000091552734,110.63999938964844,85.61663055419922,3400000,0.0179406833825555,0.0177816486336002,1.879997253417983,63.11561825945328,291096543.88427734,37088000,62.24692212435535,78.41344453806413
2018-11-27,110.11000061035156,111.55999755859376,109.62999725341795,111.51000213623048,86.28987121582031,1933800,0.0078634332753249,0.007832677608764,1.9300003051758097,61.06217822748398,166867352.95715332,39021800,60.87315945828151,78.41867389121677
2018-11-28,111.63999938964844,113.62000274658205,110.93000030517578,113.5500030517578,87.86849975585938,2322000,0.0182944825133732,0.0181291518496371,2.690002441406264,60.07530825519993,204030656.43310547,41343800,60.29317898914158,78.42620132804167
2018-11-29,113.11000061035156,113.93000030517578,112.36000061035156,113.26000213623048,87.64408874511719,1998400,-0.0025539415304199,-0.0025572084025427,1.5699996948242188,58.12875001271572,175147946.9482422,39345400,69.90372908983453,78.43251638522156
2018-11-30,113.73999786376952,115.44000244140624,113.19000244140624,115.29000091552734,89.21495819091797,3564200,0.0179232788918499,0.0177645507419645,2.25,70.20907876532608,317979953.9840698,42909600,76.04361093710988,78.44567506527139
2018-12-03,116.62000274658205,117.29000091552734,113.77999877929688,115.2699966430664,89.19947052001953,3529800,-0.0001735994861454,-0.0001736145562804,3.5100021362304688,78.54840614364755,314856291.04156494,39379800,61.60996155193176,78.45865643252881
2018-12-04,113.5999984741211,113.77999877929688,105.8499984741211,106.7699966430664,82.62193298339844,6865900,-0.0737396477610801,-0.0765999259280408,7.930000305175781,46.000634128426974,567273929.6707153,32513900,52.99652696088286,78.4684090851133
2018-12-06,106.13999938964844,108.0999984741211,105.37999725341795,108.04000091552734,83.60467529296875,4269600,0.0118944482909613,0.0118242653178935,2.720001220703139,48.775714750624914,356958521.6308594,36783500,53.25999585893677,78.47588032270177
2018-12-07,108.02999877929688,109.33999633789062,104.47000122070312,105.31999969482422,81.4998779296875,3172100,-0.0251755940191812,-0.0254979206335287,4.8699951171875,41.40879379122002,258525762.78076172,33611400,45.94956490201827,78.47914482559476
2018-12-10,104.66000366210938,105.48999786376952,100.88999938964844,104.4000015258789,80.78794860839844,3993400,-0.0087353421793252,-0.0087737189336576,4.59999847412108,38.58805504901362,322618593.9727783,29618000,45.06836833038108,78.48227831883166
2018-12-11,105.77999877929688,106.4000015258789,102.27999877929688,103.58000183105467,80.15340423583984,2382600,-0.0078544434348049,-0.0078854520526549,4.120002746582031,34.29732052497148,190973500.932312,27235400,44.3572818717356,78.48363041539181
2018-12-12,104.66999816894533,104.9000015258789,101.16999816894533,101.20999908447266,78.31941986083984,4453700,-0.0228809292940792,-0.023146760561964,3.73000335693358,34.879832384095266,348811200.2342224,22781700,42.841029505700966,78.48338243742779
2018-12-13,101.33000183105467,101.8499984741211,99.75,100.77999877929688,77.98668670654297,3490500,-0.0042484118867081,-0.0042574620300741,2.0999984741210938,33.56639811493311,272212529.94918823,19291200,39.98834489643253,78.48279527881446
2018-12-14,99.87000274658205,100.04000091552734,97.54000091552734,98.66000366210938,76.34616088867188,4532200,-0.0210359727685861,-0.021260381527726,2.5,30.96769148337505,346016070.3796387,14759000,32.51629258902853,78.47952073692836
2018-12-17,98.4000015258789,98.83000183105467,96.36000061035156,96.87000274658205,74.96099090576172,4649200,-0.0181432827372945,-0.0183098903745542,2.470001220703111,23.711330891919246,348508638.9190674,10109800,33.95516230126804,78.47399782010076
2018-12-18,97.87999725341795,99.06999969482422,96.6999969482422,97.27999877929688,75.27827453613281,3404700,0.0042326498961302,0.0042237174300227,2.370002746582017,22.34746303063001,256299941.3131714,13514500,27.543634875646955,78.47032856319275
2018-12-19,93.70999908447266,98.5500030517578,93.26000213623048,94.31999969482422,72.98771667480469,6326000,-0.0304278741169695,-0.030900412138251,5.290000915527315,13.921130341296958,461720295.68481445,7188500,22.690697937361698,78.45865720803828
2018-12-20,94.4800033569336,95.77999877929688,92.69000244140624,93.94000244140624,72.69367980957031,5200000,-0.0040285801314274,-0.0040367167203174,3.089996337890639,13.874288023455776,378007135.0097656,1988500,15.23117951762966,78.44858681901765
2018-12-21,93.5500030517578,95.27999877929688,93.16000366210938,93.5,72.35317993164062,7889200,-0.0046840368904376,-0.0046950413682668,2.1199951171875,6.679875071592349,570808707.1166992,-5900700,9.175121673115228,78.43247548435549
2018-12-24,93.02999877929688,93.3499984741211,89.88999938964844,89.88999938964844,69.55964660644531,2728300,-0.0386096827787617,-0.039374795113209,3.459999084472656,5.845473023387456,189779583.83636475,-8629000,18.970364521780507,78.42437234555452
2018-12-26,90.83000183105467,96.77999877929688,89.94000244140625,96.61000061035156,74.75979614257812,6259400,0.0747581362158755,0.0720956466990492,6.839996337890625,31.1572404047851,467951467.9748535,-2369600,25.90955847272755,78.41671026846896
2018-12-27,95.23999786376952,97.77999877929688,94.08000183105467,97.77999877929688,75.66519165039062,4335500,0.0121107273498415,0.0120379792572711,3.6999969482422017,30.90105896819425,328046438.40026855,1965900,30.86642615525552,78.41273127515475
2018-12-28,98.18000030517578,98.81999969482422,96.13999938964844,96.52999877929688,74.69789123535156,2972200,-0.0127839551310258,-0.0128663730569175,2.680000305175781,32.690070424066576,222017072.3297119,-1006300,31.67513717430089,78.40905210923462
2018-12-31,96.86000061035156,97.55999755859376,96.44000244140624,97.52999877929688,75.47173309326172,2656700,0.0103596212036563,0.0103063280763159,1.1199951171875284,36.51360954349956,200505753.3088684,1650400,27.165565523127132,78.40645410076449
2019-01-02,96.12000274658205,97.36000061035156,95.77999877929688,97.20999908447266,75.2240982055664,3297300,-0.0032811607411917,-0.003286555553159,1.5800018310546875,37.2447444542453,248036419.0132141,-1646900,28.098689450505436,78.40296448466374
2019-01-03,96.47000122070312,96.6500015258789,94.19000244140624,94.4499969482422,73.08834075927734,2705000,-0.0283919315383832,-0.0288027775847541,2.4599990844726705,36.67201614796914,197703961.7538452,-4351900,33.85936521228436,78.39818787526504
2019-01-04,96.19000244140624,97.93000030517578,95.83000183105467,97.73999786376952,75.63421630859375,3347300,0.0348328546368492,0.0342399205714234,2.099998474121108,44.613706563234445,253170412.24975586,-1004600,40.806495734551156,78.39511726002294
2019-01-07,97.4800033569336,98.1500015258789,96.18000030517578,97.41000366210938,75.37887573242188,3795700,-0.003375992885681,-0.0033817044079918,1.970001220703125,47.6352745180984,286115598.6175537,-4800300,47.310872485048925,78.39132228935438
2019-01-08,98.45999908447266,99.11000061035156,96.52999877929688,97.41999816894533,75.38661193847656,3034300,0.0001026309556824,0.0001026256894861,2.5800018310546875,51.115654763976025,228745596.60491943,-1766000,47.566571329414295,78.38830320694541
2019-01-09,97.58999633789062,98.33000183105467,97.16000366210938,97.91999816894533,75.7735366821289,3678200,0.0051325392361194,0.0051194126525926,1.1699981689452983,51.29347842980506,278710222.62420654,1912200,55.49886131926821,78.38512228184722
2019-01-10,97.4000015258789,99.13999938964844,96.8499984741211,98.91000366210938,76.53961181640625,2432200,0.0101100617421494,0.0100592969380787,2.290000915527344,60.079099303659405,186159643.85986328,4344400,55.19637521001427,78.3836389040755
2019-01-11,98.29000091552734,98.95999908447266,97.30999755859376,97.91000366210938,75.7657699584961,5282800,-0.0101103446900978,-0.010161801348476,1.650001525878892,58.48648051691311,400255409.53674316,-938400,67.67345902580067,78.37907653409717
2019-01-14,97.33000183105467,99.6500015258789,96.62999725341795,99.13999938964844,76.71758270263672,4731000,0.0125625694117808,0.0124843150391112,3.020004272460952,61.66252874088131,362950883.7661743,3792600,64.80996932026977,78.37648741029089
2019-01-15,99.13999938964844,99.13999938964844,96.81999969482422,97.55999755859376,75.49494171142578,4777100,-0.0159369071357473,-0.0160652652209193,2.3199996948242188,67.31383230875579,360646886.0496521,-984500,55.04255162734335,78.37196043465178
2019-01-16,97.9000015258789,98.9499969482422,96.87000274658205,96.98999786376952,75.05387115478516,4463400,-0.0058423855511616,-0.0058595190518959,2.079994201660156,51.18758222493353,334995448.51226807,-5447900,54.832770902038774,78.36709708858186
2019-01-17,96.9499969482422,99.6500015258789,96.8000030517578,99.58000183105467,77.0580825805664,4004300,0.0267036382660119,0.0263533189670457,2.849998474121108,55.16648470534434,308563680.07736206,-1443600,56.071966527578866,78.3653780656649
2019-01-18,100.43000030517578,101.87000274658205,100.11000061035156,101.5999984741211,78.62120819091797,4249100,0.020285031212881,0.0200820306250037,1.760002136230483,63.93630196942473,334069375.72402954,2805500,63.33810362884811,78.36573406932749
2019-01-22,101.5,103.0,101.1500015258789,102.68000030517578,79.45695495605469,5593900,0.0106300422540857,0.0105739405801628,1.8499984741210935,64.09421343727621,444474260.3286743,8399400,61.71430338976879,78.36772950764922
2019-01-23,103.04000091552734,103.12999725341795,99.23999786376952,100.91999816894533,78.09501647949219,4573100,-0.0171405823104566,-0.0172891826030297,3.8899993896484375,59.41155196553688,357136319.8623657,3826300,61.466475552180135,78.36732242858483
2019-01-24,100.36000061035156,100.63999938964844,98.83000183105467,99.6999969482422,77.15093994140625,2807000,-0.0120888192441044,-0.012162483295687,1.809997558593764,64.44693685642459,216562688.41552734,1019300,61.61971188707385,78.36620896242239
2019-01-25,100.6999969482422,101.73999786376952,100.0,100.83000183105467,78.02535247802734,3445500,0.0113337898058687,0.0112700436152832,1.739997863769517,59.65027450280046,268836351.9630432,4464800,55.632739799298555,78.36582640153875
2019-01-28,99.87000274658205,100.62000274658205,98.91000366210938,100.33000183105467,77.63843536376953,3126200,-0.0049588640354655,-0.0049712000002051,1.7099990844726705,59.02341795793165,242713276.6342163,1338600,55.037448565050205,78.36508642250176
2019-01-29,100.37000274658205,101.33000183105467,99.77999877929688,101.3000030517578,78.3890609741211,2209000,0.0096682217619992,0.0096217835824725,1.5500030517577983,61.3185325198178,173161435.6918335,3547600,55.411942169389185,78.36510364391734
2019-01-30,101.88999938964844,102.0500030517578,100.25,101.19000244140624,78.30393981933594,4013000,-0.0010858805262797,-0.0010864705216868,1.8000030517577983,59.761140263875845,314233710.4949951,-465400,59.31802457329527,78.36502393258453
2019-01-31,105.5,108.0,102.75,105.4000015258789,81.561767578125,7327400,0.0416049022093341,0.0407626988832643,5.25,66.2493878066891,597635695.7519531,6862000,67.04750140802156,78.37261288383267
2019-02-01,105.72000122070312,106.5,105.26000213623048,106.08999633789062,82.09571075439453,3526100,0.0065464885340804,0.006525153341127,1.239997863769517,70.80373709918457,289477685.69107056,10388100,66.32484321290954,78.37686130216643
2019-02-04,106.0,106.58999633789062,105.41999816894533,106.58000183105467,82.47488403320312,3184700,0.0046186734401139,0.0046080400966638,1.1699981689452983,69.66179834007555,262657763.180542,13572800,74.0423250165198,78.38108044013684
2019-02-05,106.80999755859376,107.70999908447266,106.04000091552734,107.66000366210938,83.31063842773438,3690400,0.010133441281285,0.0100824422065591,1.6699981689453125,77.41590853254816,307449580.05371094,17263200,81.79184528806678,78.38695458208359
2019-02-06,107.4499969482422,108.83999633789062,107.16999816894533,108.81999969482422,84.20828247070312,4490600,0.0107746628751066,0.0107170298100441,1.6699981689452983,81.1151904662376,378145713.26293945,21753800,75.33625034909848,78.39538327399073
2019-02-07,108.3499984741211,108.9499969482422,107.38999938964844,107.94000244140624,83.52730560302734,3395700,-0.0080868157821969,-0.0081196914364776,1.5599975585937642,74.16182157841406,283633671.63619995,18358100,69.22799802084481,78.4009959231861
2019-02-08,107.38999938964844,108.12000274658205,106.73999786376952,108.0999984741211,83.651123046875,2951000,0.001482358887956,0.0014812612785864,1.3800048828125284,71.04923549451004,246854464.11132812,21309100,67.67438340674579,78.40598115043638
2019-02-11,108.20999908447266,109.0199966430664,107.88999938964844,108.93000030517578,84.29339599609375,2765300,0.0076779955346069,0.0076486697401183,1.1299972534179688,70.5727189057342,233096527.94799805,24074400,75.61275604600881,78.41121506421678
2019-02-12,109.55999755859376,110.79000091552734,109.55999755859376,110.66000366210938,85.63211822509766,2881600,0.01588169764884,0.0157569030546982,1.2300033569335795,82.12393904176717,246757511.8774414,26956000,81.04765063983405,78.41789823791392
2019-02-13,111.0,112.05999755859376,110.4800033569336,112.01000213623048,86.67679595947266,2731500,0.012199601691843,0.0121257862903961,1.5799942016601705,90.25501844497364,236757668.16329956,29687500,80.73854315999904,78.42513759462183
2019-02-14,111.41000366210938,112.16999816894533,110.61000061035156,111.8000030517578,86.5143051147461,2359400,-0.0018746752568303,-0.0018764346597062,1.5599975585937642,88.16987257772813,204121851.48773193,27328100,78.30087836030964,78.43125762234212
2019-02-15,110.93000030517578,111.9499969482422,109.62000274658205,110.87000274658205,85.79464721679688,4273400,-0.0083183688176737,-0.0083531595164815,2.329994201660156,85.60823220389453,366634845.41625977,23054700,78.59081023796146,78.4413340036946
2019-02-19,110.9000015258789,111.75,110.16999816894533,110.7699966430664,85.71723937988281,2658700,-0.0009022455295895,-0.0009026527980765,1.5800018310546733,83.9913114193684,227896424.33929443,20396000,71.54883516090985,78.44752328264458
2019-02-20,110.93000030517578,111.16000366210938,110.4000015258789,111.06999969482422,85.94937133789062,3346700,0.002708112856727,0.0027044525260078,0.7600021362304688,84.98573481417553,287646761.05651855,23742700,68.50135471243948,78.45554752321911
2019-02-21,110.7699966430664,112.27999877929688,110.70999908447266,111.76000213623048,86.48333740234375,2260100,0.0062125650966537,0.0061933466701914,1.5699996948242188,79.99992559080897,195460990.8630371,26002800,59.871903186543264,78.46134219640106
2019-02-22,111.88999938964844,111.88999938964844,107.8499984741211,110.36000061035156,85.39997863769531,4085000,-0.0125267918328401,-0.0126059135448762,4.040000915527344,68.87710314876271,348858912.73498535,21917800,59.927745105818964,78.47038296286908
2019-02-25,109.9000015258789,111.2300033569336,109.6500015258789,110.86000061035156,86.5396728515625,3112700,0.0133453688402227,0.0132571038244445,1.5800018310546875,71.36534833882993,269372039.6850586,25030500,59.36127261015134,78.4783864762047
2019-02-26,110.72000122070312,111.9000015258789,110.66999816894533,111.04000091552734,86.68020629882812,2927600,0.00162391932665,0.0016226021954107,1.2300033569335795,69.1075946519363,253764971.96044922,27958100,51.43523265430948,78.48603055406896
2019-02-27,110.93000030517578,111.1999969482422,110.41999816894533,111.12999725341795,86.7504653930664,2620800,0.0008105552263693,0.0008102269038854,0.779998779296875,65.90859394172035,227355619.70214844,30578900,52.01689088518718,78.49292005853518
2019-02-28,110.73999786376952,111.08999633789062,109.98999786376952,110.1999969482422,86.02446746826172,2843600,-0.0083688072624762,-0.0084040223397387,1.099998474121108,65.53929974685755,244619175.69274902,27735300,59.92091103418255,78.49972620081009
2019-03-01,110.94000244140624,112.37000274658205,110.3499984741211,112.12999725341795,87.53108215332031,3904100,0.0175137926382915,0.0173621936612075,2.020004272460952,70.59910499607909,341730097.83477783,31639400,53.543433534692255,78.51091758224284
2019-03-04,112.72000122070312,112.9000015258789,109.80999755859376,110.4800033569336,86.24305725097656,2730700,-0.0147150574476805,-0.0148243978649498,3.090003967285142,59.68675893523208,235503916.4352417,28908700,46.55567558902976,78.51761345562883
2019-03-05,109.88999938964844,110.8499984741211,109.01000213623048,109.97000122070312,85.84492492675781,3150900,-0.0046163985474232,-0.0046270870227246,1.8399963378906108,51.16632643759676,270488773.9517212,25757800,40.274679231128765,78.524927861905
2019-03-06,109.83000183105467,110.01000213623048,108.33000183105467,108.8499984741211,84.97064208984375,2679500,-0.010184444073543,-0.0102366603558264,1.6800003051758097,40.47113204122277,227678835.47973633,23078300,33.58431615722973,78.53039495036397
2019-03-07,108.6500015258789,109.02999877929688,106.22000122070312,106.86000061035156,83.41722106933594,3979700,-0.018281855736306,-0.0184510339611387,2.80999755859375,35.02881450070478,331975514.68963623,19098600,34.94507319624552,78.53654334534369
2019-03-08,106.19000244140624,106.7300033569336,104.94000244140624,106.68000030517578,83.27668762207031,2648600,-0.0016847054536713,-0.0016861261657827,1.790000915527358,37.10637473297318,220566634.83581543,16450000,35.304933982094006,78.54050912859141
2019-03-11,106.87000274658205,108.91999816894533,106.79000091552734,108.83000183105467,84.95503997802734,2963400,0.0201539278744347,0.0199535255912776,2.129997253417983,46.64681443511428,251755765.47088623,19413400,41.97435633028678,78.54650800439332
2019-03-12,109.08000183105467,109.83999633789062,108.62000274658205,109.01000213623048,85.09553527832031,2549600,0.0016537606283195,0.0016523946719808,1.2199935913085795,46.21313940535792,216959576.74560547,21963000,43.38922438586889,78.55177319681123
2019-03-13,109.72000122070312,111.7300033569336,109.58000183105467,110.86000061035156,86.5396728515625,3323800,0.0169707795893037,0.016828384686399,2.1500015258789205,50.23118925959324,287640564.62402344,25286800,44.962932956334065,78.56013650187504
2019-03-14,111.16000366210938,111.18000030517578,110.08000183105467,110.87999725341795,86.55529022216797,2539600,0.0001804648676249,0.0001804485857995,1.099998474121108,55.19657050848691,219815815.04821777,27826400,35.99150927110238,78.56652730304221
2019-03-15,110.8499984741211,111.25,109.41999816894533,109.5199966430664,85.49364471435547,4874400,-0.0122655184343729,-0.0123413607068641,1.8300018310546733,45.26171585293952,416730221.7956543,22952000,35.16218834959959,78.57713866418813
2019-03-18,109.5500030517578,110.87000274658205,109.5,110.69000244140624,86.40699005126953,2394600,0.0106831956920969,0.010626533554894,1.3700027465820457,48.84336849748041,206910178.37677002,25346600,41.716606403586184,78.58302652015261
2019-03-19,110.8000030517578,111.0199966430664,110.11000061035156,110.3499984741211,86.14157104492188,2940800,-0.0030717307267638,-0.0030764581750402,0.9099960327148438,47.46421225009579,253325132.12890625,22405800,40.53968347651565,78.59000038393435
2019-03-20,108.33000183105467,109.0,106.5,107.91999816894533,84.24467468261719,4199100,-0.0220206845463205,-0.0222667590138443,2.5,43.24655134978649,353751813.45977783,18206700,37.5183544449359,78.59744019374213
2019-03-21,107.2699966430664,109.97000122070312,106.93000030517578,109.8000030517578,85.71222686767578,1819900,0.0174201181331334,0.017270127275436,3.040000915527344,43.07780755572719,155987681.67648315,20026600,37.58603228167949,78.6014949042649
2019-03-22,109.2699966430664,109.58999633789062,107.3000030517578,107.3499984741211,83.79969787597656,2727900,-0.0223133742009972,-0.022566083812306,2.2899932861328267,41.123036155799234,228597195.83587646,17298700,38.60511179140973,78.60593161682057
2019-03-25,107.06999969482422,107.45999908447266,106.33999633789062,106.9000015258789,83.44843292236328,2088200,-0.0041917210027792,-0.0042005308929485,1.1200027465820312,41.26355816849927,174257017.628479,15210500,44.378430095923406,78.6090934415668
2019-03-26,107.69000244140624,108.79000091552734,107.27999877929688,108.41000366210938,84.62716674804688,2204400,0.0141252961188647,0.0140264637274925,1.5100021362304688,48.77504731658632,186552126.37939453,17414900,51.52867181994809,78.61323863299356
2019-03-27,108.5,109.13999938964844,108.16000366210938,108.9800033569336,85.07211303710938,1911300,0.0052577240401678,0.0052439504664658,0.9799957275390624,56.40861249447508,162598329.64782715,19326200,57.07462142124069,78.61709362185879
2019-03-28,109.30999755859376,110.41000366210938,109.0199966430664,110.3000030517578,86.10254669189453,1621000,0.0121124727951176,0.012039703815389,1.3900070190429688,60.23760443080134,139572228.18756104,20947200,57.704353680089284,78.62088082631826
2019-03-29,111.0,112.02999877929688,110.93000030517578,111.73999786376952,87.22662353515625,3428600,0.0130550940297278,0.0129706107863712,1.0999984741210938,58.57389437333953,299065201.4526367,24375800,59.115422731018285,78.63008020132062
2019-04-01,113.19000244140624,114.77999877929688,112.9000015258789,114.43000030517578,89.32649993896484,3721700,0.0240738013086365,0.0237885956107491,1.8799972534179688,63.91172133660254,332446434.82284546,28097500,51.75091537718052,78.64247756369261
2019-04-02,114.37999725341795,114.5500030517578,113.11000061035156,113.68000030517578,88.74104309082031,2456400,-0.006554122780413,-0.0065756953543185,1.4400024414062358,57.67145912408527,217983498.24829102,25641100,58.41998342607685,78.6501968326791
2019-04-03,114.5,115.02999877929688,113.87999725341795,114.3499984741211,89.26405334472656,2556500,0.0058936680896457,0.0058763683671391,1.1500015258789205,59.11723030005152,228203552.37579346,28197600,61.38009985379191,78.65863389088209
2019-04-04,114.3000030517578,114.56999969482422,113.48999786376952,113.97000122070312,88.9674072265625,2889400,-0.0033232427505667,-0.0033287769862302,1.0800018310547017,62.32688570517357,257062426.4404297,25308200,61.57215103121242,78.66788719191494
2019-04-05,114.16000366210938,114.91000366210938,114.04000091552734,114.33000183105467,89.24844360351562,2487300,0.0031588689129429,0.0031538901685834,0.8700027465820312,60.55684086462719,221987653.7750244,27795500,55.197877621481815,78.6760564620956
2019-04-08,113.7300033569336,114.05999755859376,113.31999969482422,113.97000122070312,88.9674072265625,1854500,-0.0031489218815021,-0.0031538901685835,0.7399978637695455,60.48664834275011,164990056.70166016,25941000,58.12018141439134,78.68197747302632
2019-04-09,113.06999969482422,113.2699966430664,112.41000366210938,112.91000366210938,88.13996887207031,2230000,-0.0093004660952414,-0.0093439854738814,0.8599929809570312,65.70171888435512,196552130.5847168,23711000,58.136336412410074,78.68851630333101
2019-04-10,113.16999816894533,113.2699966430664,112.30999755859376,113.08000183105467,88.27267456054688,1767700,0.0015056244082543,0.0015044920922441,0.959999084472642,61.565649638387136,156039606.8206787,25478700,65.68128514650364,78.6937658389364
2019-04-11,113.1999969482422,113.7300033569336,112.87999725341795,113.48999786376952,88.59270477294922,2384800,0.0036254731602454,0.0036189169738345,0.8500061035156392,75.28839597175495,211275882.3425293,27863500,72.35125163517255,78.70107517879805
2019-04-12,113.94000244140624,114.87999725341795,113.45999908447266,114.45999908447266,89.34991455078125,2853700,0.0085470895123098,0.0085107699470601,1.4199981689452983,79.85782850331613,254977851.15356445,30717200,66.8368370464024,78.71047597362916
2019-04-15,114.72000122070312,114.91000366210938,113.22000122070312,113.63999938964844,88.70980834960938,1768300,-0.007164038201828,-0.0071898231468637,1.69000244140625,71.84630508729214,156865554.10461426,28948900,60.97723210784112,78.71594290255787
2019-04-16,113.69000244140624,114.1500015258789,113.38999938964844,113.94000244140624,88.94400024414062,2072500,0.0026399774600829,0.0026364988405611,0.7600021362304688,71.19664459692227,184336440.50598145,31021400,61.60216918944194,78.72249267136415
2019-04-17,114.41999816894533,114.72000122070312,113.80999755859376,114.48999786376952,89.37332916259766,2108400,0.0048269576056685,0.0048153451992081,0.9100036621093608,69.16739841513119,188434727.2064209,33129800,54.2129397744009,78.7294268043519
2019-04-18,114.52999877929688,114.72000122070312,114.06999969482422,114.1500015258789,89.10792541503906,1859700,-0.0029696079361186,-0.0029740259704869,0.6500015258789062,62.25847055712096,165714008.89434814,31270100,44.47828417057913,78.73538320008166
2019-04-22,113.58000183105467,113.86000061035156,112.86000061035156,113.62000274658205,88.69419860839844,2585500,-0.0046429855112618,-0.0046537976485363,1.0,44.7196698145064,229318850.50201416,28684600,52.754047421223675,78.74332304387951
2019-04-23,113.33999633789062,114.0500030517578,112.81999969482422,113.5999984741211,88.67860412597656,2851300,-0.0001758230263821,-0.0001758384850625,1.2300033569335795,49.42372528088464,252849303.94439697,25833300,54.19445387431308,78.75205077039703
2019-04-24,113.5999984741211,114.9800033569336,113.4499969482422,114.43000030517578,89.32649993896484,3570600,0.0073061119914323,0.0072795516453325,1.530006408691392,50.56335837301276,318949200.6820679,29403900,45.25842366050908,78.76367059361249
2019-04-25,109.58999633789062,109.87999725341795,104.1999969482422,105.12999725341795,82.06671905517578,10116600,-0.0812724207122135,-0.0847656322491476,5.680000305175753,22.40935526950757,830236169.9935913,19287300,36.72120631061945,78.77392239202844
2019-04-26,104.91000366210938,105.0199966430664,103.1999969482422,103.9499969482422,81.14557647705078,5421700,-0.0112243134455721,-0.0112877814216079,1.8199996948242043,19.1802876230616,439946971.9856262,13865600,44.155877199470815,78.77786075350586
2019-04-29,104.01000213623048,104.97000122070312,103.0199966430664,104.83999633789062,81.84034729003906,4551000,0.008562029418631,0.0085255831331007,1.9500045776367188,23.71897450440231,372455420.5169678,18416600,51.816201449663915,78.78212365034081
2019-04-30,104.68000030517578,106.41999816894533,103.30999755859376,106.22000122070312,82.91761016845703,5101400,0.0131629802913737,0.0130771010631239,3.1100006103515625,31.090948970520884,422995896.5133667,23518000,47.42957124167029,78.78856627271708
2019-05-01,106.05999755859376,106.5,104.26000213623048,104.62000274658205,81.66862487792969,2615100,-0.0150629677819932,-0.0151775665356722,2.239997863769517,27.87651829519513,213571620.91827393,20902900,47.449733361669175,78.79086448224922
2019-05-02,104.62000274658205,106.02999877929688,104.0999984741211,105.51000213623048,82.36337280273438,2589800,0.0085069134669908,0.0084709335864421,1.9300003051757808,29.64290291165794,213304662.88452148,23492700,47.49049310630083,78.79368543884638
2019-05-03,106.13999938964844,106.9499969482422,105.31999969482422,106.6500015258789,83.25325775146484,3107500,0.0108043772182788,0.0107464269719508,1.629997253417983,30.24775918264237,258709498.462677,26600200,46.78493752462378,78.79790677549165
2019-05-06,104.5500030517578,105.88999938964844,104.01000213623048,104.62000274658205,81.66862487792969,2704900,-0.019033884274724,-0.0192173605583929,1.8799972534179543,28.503287971929723,220905463.432312,23895300,45.178284443682905,78.80027013459272
2019-05-07,103.87999725341795,104.08000183105467,101.0999984741211,102.08999633789062,79.69363403320312,4221600,-0.0241829815021201,-0.0244801911930672,2.9800033569335795,24.472098912658083,336434645.4345703,19673700,40.865110086828274,78.80141653352278
2019-05-08,102.23999786376952,103.13999938964844,101.75,101.8499984741211,79.50628662109375,2497800,-0.0023508453891225,-0.0023536129644228,1.3899993896484375,22.401683265295677,198590802.72216797,17175900,39.56023669067924,78.80195130399498
2019-05-09,101.08000183105467,101.08000183105467,99.7699966430664,100.75,78.64759826660156,3998700,-0.0108002573253669,-0.0108590034697327,1.310005187988267,21.682085633510525,314488151.18865967,13177200,39.46868764052604,78.80176406016209
2019-05-10,100.20999908447266,101.0,98.43000030517578,100.62999725341795,78.55394744873047,3071200,-0.001190765133776,-0.0011914746578849,2.5699996948242188,22.06446324418056,241254883.40454102,10106000,33.74693319296454,78.80153338141477
2019-05-13,98.62000274658205,99.4800033569336,97.87000274658205,99.3499984741211,77.55474853515625,3766300,-0.0127199070960293,-0.0128014977362788,1.6100006103515483,20.930154661579596,292094449.407959,6339700,32.40662421340143,78.80011177287818
2019-05-14,99.6500015258789,100.93000030517578,99.55999755859376,99.76000213623048,77.87480163574219,2889100,0.0041268021189038,0.0041183102259305,1.370002746582017,19.551676446257687,224988089.40582275,9228800,44.167056986378135,78.79930315414124
2019-05-15,99.41000366210938,102.01000213623048,98.87000274658205,101.54000091552734,79.26431274414062,3818300,0.0178428847228124,0.0176855690096652,3.139999389648437,39.16724027795227,302654925.35095215,13047100,53.02282486415157,78.79983959835249
2019-05-16,101.5999984741211,102.9000015258789,100.9800033569336,101.30999755859376,79.08475494384766,3337900,-0.0022653044488326,-0.0022678741324328,1.9199981689453125,41.549357463843656,263977003.5270691,9709200,45.4280299225869,78.80012663940472
2019-05-17,99.54000091552734,100.6500015258789,99.0,99.4000015258789,78.33607482910156,2587000,-0.0094668070385711,-0.0095119020860641,1.6500015258789062,35.69356816075113,202655425.58288574,7122200,36.65919966296618,78.79976458088028
2019-05-20,98.5999984741211,98.83999633789062,97.87999725341795,98.5199966430664,77.64253997802734,2088500,-0.008853326549578,-0.0088927501039612,0.9599990844726703,27.767581069192417,162156444.7441101,5033700,41.57566110095401,78.7990361395942
2019-05-21,99.3499984741211,99.75,98.54000091552734,99.41000366210938,78.34395599365234,1762100,0.0090339138289847,0.0089933521336653,1.2099990844726562,35.30973970416606,138049884.8564148,6795800,35.40959521436617,78.7987945766781
2019-05-22,98.72000122070312,98.81999969482422,97.44000244140624,97.5,76.83869934082031,2580700,-0.0192134368725774,-0.0194004138049008,1.379997253417983,27.220478762224488,198297631.38885498,4215100,27.909343935379372,78.79727196545865
2019-05-23,96.91999816894533,97.0,95.1500015258789,96.16999816894533,75.79053497314453,3111900,-0.0136410998190719,-0.0137349944833185,1.8499984741210935,19.625904713640367,235852565.78292847,1103200,28.25699880060822,78.79445819418582
2019-05-24,96.41000366210938,96.81999969482422,95.33999633789062,95.8499984741211,75.53833770751953,2401700,-0.0033275562141679,-0.0033331048416797,1.4800033569335938,22.01356569302133,181420425.67214966,-1298500,29.040767684403328,78.79210816428757
2019-05-28,95.87999725341795,95.9499969482422,94.06999969482422,94.06999969482422,74.13555145263672,3357400,-0.0185705205787599,-0.0187451176470029,1.879997253417983,23.227073507221064,248902700.44708252,-4655900,28.588249846228276,78.7874148007242
2019-05-29,93.95999908447266,95.12000274658205,93.04000091552734,94.7699966430664,74.68721771240234,3388100,0.0074413186245476,0.0074137686010299,2.0800018310547017,27.57396407687365,253047762.33139038,-1267800,35.77562836263992,78.78324864343413
2019-05-30,95.4000015258789,96.12999725341795,95.0199966430664,95.75,75.45953369140625,2518800,0.0103406714382889,0.0102875724345843,1.1100006103515483,35.043780655764934,190067473.46191406,1251000,35.01975212388715,78.7807398539009
2019-05-31,94.37999725341795,95.0,92.6500015258789,92.91999816894533,73.22926330566406,4192400,-0.0295558463806964,-0.0300014219553163,2.3499984741210938,29.191688804214635,307006363.482666,-2941400,45.42156791584377,78.77377402643215
2019-06-03,92.83999633789062,95.06999969482422,92.83000183105467,94.12999725341795,74.18282318115234,4971400,0.0130215685976253,0.0129375168440502,2.239997863769545,36.775695034149535,368792487.16278076,2030000,47.96533481196051,78.766953197987
2019-06-04,95.4800033569336,97.68000030517578,94.69000244140624,97.66000366210938,76.96479034423828,5096000,0.0375015002636454,0.0368154191589193,2.989997863769545,47.00868376267291,392212571.5942383,7126000,46.59635767631636,78.76421277044435
2019-06-05,98.33000183105467,98.6500015258789,97.58000183105467,98.20999908447266,77.39823150634766,2766900,0.0056316811904604,0.0056158825614192,1.069999694824233,43.45455781315313,214153166.75491333,9892900,39.38449645420648,78.76308589826859
2019-06-06,98.22000122070312,98.4499969482422,97.43000030517578,98.0,77.23271942138672,2643200,-0.0021384478913754,-0.0021407376359828,1.0199966430664205,43.49741718214089,204141523.97460938,7249700,45.785878752456235,78.76188080739317
2019-06-07,98.69000244140624,98.94000244140624,98.0500030517578,98.2300033569336,77.41400146484375,2803200,0.0023472181844064,0.0023444677708435,0.8899993896484375,46.62821477115226,217006928.90625,10052900,52.12223880788835,78.76075610687728
2019-06-10,99.1500015258789,100.43000030517578,98.91999816894533,100.08999633789062,78.87985229492188,3327200,0.0189352158826696,0.0187581760494389,1.5100021362304543,54.2826359639278,262449044.55566406,13380100,53.72141348800461,78.76087394305544
2019-06-11,100.98999786376952,101.33999633789062,99.86000061035156,100.01000213623048,78.81682586669922,3229200,-0.0007990180811572,-0.0007993374662452,1.4799957275390625,51.71239121425611,254515294.08874512,10150900,54.04166259688257,78.76092762089192
2019-06-12,99.58000183105467,100.43000030517578,99.37000274658205,100.4000015258789,79.12415313720703,2261700,0.0038992596711213,0.0038916772622592,1.0599975585937358,59.06252363506551,178955097.15042114,12412600,60.766987083049926,78.76117151688744
2019-06-13,101.0,102.29000091552734,100.95999908447266,102.0199966430664,80.40086364746094,2943100,0.0161355345951064,0.0160067404513096,1.3300018310546875,67.9559110971652,236627781.8008423,15355700,61.389887113853206,78.76260298389943
2019-06-14,101.8499984741211,101.88999938964844,100.6500015258789,101.62000274658205,80.08560943603516,1829500,-0.0039210301621646,-0.0039287375548072,1.2399978637695312,67.62375839465959,146516622.46322632,13526200,68.00979756255613,78.76332056793589
2019-06-17,101.6500015258789,101.93000030517578,100.97000122070312,101.4000015258789,79.91223907470703,2317800,-0.0021648129114456,-0.0021671595061537,0.9599990844726562,74.74686465151973,185220587.72735596,11208400,75.05112576640204,78.76410951025333
2019-06-18,101.88999938964844,103.58999633789062,101.63999938964844,102.1500015258789,80.50331115722656,2524200,0.0073965150941015,0.0073692950164032,1.9499969482421875,74.83183809029309,203206458.0230713,13732600,69.91836221426392,78.76540916833127
2019-06-19,102.26000213623048,102.5199966430664,100.97000122070312,101.55999755859376,80.0383529663086,2056500,-0.0057756405821605,-0.005792384095028,1.5499954223632812,70.07619624899561,164598872.87521362,11676100,78.57839853602538,78.76618368189816
2019-06-20,102.75,103.69000244140624,102.41000366210938,103.4000015258789,81.48843383789062,2622900,0.0181173252302233,0.017955162204789,1.2799987792968608,88.87249072127041,213736013.11340332,14299000,65.99153119509027,78.76829456391624
2019-06-21,103.41000366210938,103.63999938964844,102.13999938964844,102.16999816894533,80.51908874511719,5283100,-0.0118954929812715,-0.0119668104934458,1.5,79.77792773185534,425390397.7493286,9015900,55.82105785293342,78.77102480088004
2019-06-24,101.6500015258789,101.98999786376952,99.66000366210938,99.72000122070312,78.58824920654297,3704600,-0.0239798980423919,-0.0242720965131037,2.329994201660142,58.29304832174799,291138028.0105591,5311300,46.26870462476752,78.77082515456293
2019-06-25,99.72000122070312,99.72000122070312,96.98999786376952,97.12999725341795,76.54710388183594,5339400,-0.0259726529769426,-0.026315898708028,2.730003356933608,46.265600029993294,408715606.4666748,-28100,54.37858995950295,78.76732979867539
2019-06-26,97.61000061035156,100.37999725341795,97.13999938964844,99.97000122070312,78.78529357910156,4624000,0.0292393778962645,0.0288200613778141,3.239997863769517,55.76374369313056,364303197.5097656,4595900,54.265534765980526,78.76735421854706
2019-06-27,100.33999633789062,102.08999633789062,100.16999816894533,101.6999969482422,80.14865112304688,2613600,0.0173047212494865,0.0171566997676599,1.9199981689452983,59.33293894517137,209476514.5751953,7209500,54.166943646243794,78.76841474231412
2019-06-28,102.23999786376952,103.47000122070312,102.23999786376952,103.2699966430664,81.3859634399414,3130400,0.0154377185337151,0.0153197693191981,1.230003356933608,58.68850707208677,254770619.95239258,10339900,53.62723774464821,78.77081960155459
2019-07-01,104.58000183105467,105.12000274658205,102.37999725341795,102.97000122070312,81.14954376220703,2627600,-0.0029049195677193,-0.002909147035521,2.740005493164091,57.99128719330324,213228541.1895752,7712300,53.86838798150959,78.772652606364
2019-07-02,103.12999725341795,103.12999725341795,101.31999969482422,102.0,80.3851089477539,2020200,-0.0094200753203634,-0.0094647248524168,1.809997558593736,54.18852891087503,162393997.09625244,5692100,51.945886351950406,78.77360734692974
2019-07-03,102.22000122070312,103.20999908447266,101.86000061035156,103.1999969482422,81.33080291748047,1193300,0.011764541742939,0.011695877532362,1.3499984741210938,53.15844489946739,97052047.12142944,6885400,52.25251448684669,78.77450140301231
2019-07-05,102.79000091552734,102.79000091552734,101.25,102.41999816894533,80.71607971191406,1572000,-0.0075583073511534,-0.0075870161073805,1.5400009155273438,52.09863751222176,126885677.3071289,5313400,47.39873120127796,78.77539524067588
2019-07-08,101.70999908447266,102.68000030517578,101.70999908447266,101.91999816894533,80.32205963134766,1675300,-0.0048815562149786,-0.0048935099282004,0.970001220703125,51.34441515588068,134563546.50039673,3638100,41.78002485104243,78.7761536904949
2019-07-09,101.62999725341795,101.76000213623048,101.16000366210938,101.7300033569336,80.17231750488281,1952300,-0.0018642714984166,-0.0018660114153144,0.599998474121108,48.88179803082633,156520415.4647827,1685800,46.80599840517392,78.77695108455916
2019-07-10,102.43000030517578,102.4499969482422,101.26000213623048,101.62000274658205,80.08560943603516,1992400,-0.0010815212974525,-0.0010821065636342,1.1899948120117188,50.16383452131437,159562568.24035645,-306600,45.69443145174882,78.77771340895806
2019-07-11,101.63999938964844,103.38999938964844,101.45999908447266,103.33000183105467,81.43324279785156,1820000,0.0168274097095155,0.016687397364471,1.9300003051757808,49.80728799815014,148208501.89208984,1513400,57.43763243769319,78.77912571387567
2019-07-12,103.6999969482422,106.20999908447266,103.6999969482422,105.91000366210938,83.4665298461914,3541300,0.0249687594215943,0.0246621335128104,2.5100021362304545,59.57987390067285,295580022.1443176,5054700,65.98777081928252,78.783971362302
2019-07-15,105.72000122070312,106.25,104.5500030517578,105.79000091552734,83.3719711303711,2288200,-0.0011328938197689,-0.0011335360290548,1.6999969482422017,67.65572501973912,190771744.34051514,2766500,78.93039394535994,78.78703391913476
2019-07-16,106.25,107.52999877929688,105.55999755859376,105.61000061035156,83.23009490966797,2958400,-0.0017017256372801,-0.0017031752171105,1.9700012207031108,78.68739605992188,246227912.78076172,-191900,67.34393521448757,78.79086508814704
2019-07-17,105.08000183105467,105.08000183105467,102.08999633789062,102.2300033569336,80.56636047363281,3672300,-0.0320044623152981,-0.0325278015460388,2.9900054931640483,57.37593349249099,295863845.5673218,-3864200,59.99473924140234,78.79276347728316
2019-07-18,101.91000366210938,102.95999908447266,101.81999969482422,102.8000030517578,81.01557159423828,2359000,0.00557566604678,0.0055601795591685,1.1399993896484375,53.88427672783981,191115733.3908081,-1505200,59.87983126825905,78.79428914257329
2019-07-19,103.20999908447266,104.83000183105467,103.16000366210938,103.30999755859376,81.4175033569336,3011800,0.0049611667829534,0.0049489007475326,1.6699981689452983,50.152750845413486,245213236.6104126,1506600,59.73201900353378,78.79658586668062
2019-07-22,103.91000366210938,104.45999908447266,103.63999938964844,104.01000213623048,81.96915435791016,2495400,0.0067755823776385,0.0067527312809477,0.8199996948242188,53.851841015645725,204545827.784729,4002000,67.27481891666436,78.79888564083566
2019-07-23,104.4800033569336,105.30999755859376,104.01000213623048,105.2699966430664,82.9621353149414,3362300,0.0121140807759891,0.0120412925514608,1.2999954223632812,61.85629902741955,278943587.5694275,7364300,75.81737280600899,78.80294800592624
2019-07-24,110.06999969482422,115.0500030517578,109.61000061035156,114.38999938964844,90.14952850341795,12086000,0.0866346214594371,0.0830854168211783,5.440002441406236,75.77150323066837,1089547201.4923093,19450300,82.45824508204346,78.84260657292918
2019-07-25,115.3000030517578,118.29000091552734,114.87999725341795,118.25,93.19153594970705,8941300,0.0337440194839593,0.0331871820756284,3.410003662109389,81.92820063427499,833253480.3871156,28391600,87.3877725906133,78.87961392886021
2019-07-26,117.4800033569336,121.3000030517578,117.44000244140624,120.58000183105467,95.02780151367188,8526500,0.0197042096715287,0.0195125947226897,3.8600006103515625,85.04875158059421,810254549.6063232,36918100,83.55743062345596,78.91923221265523
2019-07-29,119.37999725341795,119.8000030517578,118.0999984741211,118.75,93.58561706542967,4171100,-0.015176447579235,-0.0152927884547748,1.7000045776367043,80.1132517573548,390354967.3416137,32747000,83.99638079227464,78.93681362784342
2019-07-30,117.68000030517578,120.58000183105467,117.16000366210938,119.80999755859376,94.42096710205078,3265900,0.0089260514896971,0.0088864497755966,3.4199981689452983,81.13665724760592,308369436.45858765,36012900,84.85267841642316,78.95133350898222
2019-07-31,119.6500015258789,121.1999969482422,118.19000244140624,119.47000122070312,94.15301513671876,4859500,-0.0028378438979809,-0.0028418782112842,3.009994506835966,78.98712344867637,457536577.0568848,31153400,77.37446904500798,78.97251470046089
2019-08-01,118.87000274658205,120.7699966430664,116.56999969482422,116.9800033569336,92.19065856933594,5106700,-0.0208422063226897,-0.0210624710152544,4.199996948242188,69.94592309085064,470790036.11602783,26046700,72.40319773659841,78.99184072593475
2019-08-02,116.6500015258789,118.08999633789062,116.3000030517578,117.1999969482422,92.3640594482422,3669300,0.0018808942424015,0.0018791275757545,1.7899932861328267,70.48470752469665,338911443.3334351,29716000,66.80191276210351,79.00587411007457
2019-08-05,115.4800033569336,115.72000122070312,113.62999725341795,114.8499984741211,90.51204681396484,4332900,-0.0200512260433417,-0.0202549801565181,2.0900039672851705,65.38976019668758,392179647.6402283,25383100,72.18506393899638,79.02011533726372
2019-08-06,115.61000061035156,115.93000030517578,113.58999633789062,115.0,90.63025665283205,4875200,0.0013060122163646,0.0013051601242244,2.340003967285156,73.83351564027313,441840627.2338868,30258300,70.78192007127794,79.03626128045117
2019-08-07,113.63999938964844,115.55999755859376,112.22000122070312,115.41000366210938,90.95338439941406,3529400,0.0035653407428799,0.0035589999824185,3.339996337890639,73.67631421576016,321010874.899292,33787700,70.65002107553357,79.04824712845426
2019-08-08,116.54000091552734,117.8000030517578,116.25,117.5500030517578,92.63990020751952,2349100,0.0185426393887584,0.0183728206967379,1.5500030517577983,75.19462804000324,217620389.5774841,36136800,67.6279493796503,79.0573395511311
2019-08-09,117.25,117.44000244140624,115.44000244140624,115.75,91.2213363647461,2113800,-0.015312665920362,-0.0154311155310838,2.0,69.99320097098837,192823660.8078003,34023000,64.56678432323876,79.06465742081797
2019-08-12,115.12999725341795,115.94000244140624,114.45999908447266,114.88999938964844,90.54357147216795,1724000,-0.0074298943601102,-0.0074576335099238,1.4800033569335795,66.60912527954477,156097117.21801755,32299000,59.36012767533146,79.07028691671097
2019-08-13,114.4000015258789,117.93000030517578,114.25,115.83000183105467,91.28437042236328,2804800,0.0081816846646372,0.0081483961302632,3.680000305175781,53.46484652704729,256034402.16064453,35103800,48.80147603501435,79.08002442524538
2019-08-14,114.76000213623048,115.3499984741211,113.9000015258789,114.04000091552734,89.8736801147461,3775700,-0.0154537989481667,-0.0155744535613667,1.4499969482421875,38.74936487223453,339336054.0092468,31328100,36.37474125112376,79.09159580831044
2019-08-15,114.6999969482422,114.83000183105467,112.70999908447266,113.9000015258789,89.76335906982422,3698000,-0.0012275122681192,-0.0012282662784045,2.120002746582017,29.78208090554777,331944901.84020996,27630100,43.06740024332821,79.10278932505801
2019-08-16,113.9000015258789,115.43000030517578,113.9000015258789,115.3000030517578,91.63907623291016,2723300,0.0208962452221386,0.0206809132765174,1.529998779296875,42.76528498261489,249560696.30508423,30353400,41.94221405260087,79.11246525111044
2019-08-19,116.68000030517578,117.5,116.26000213623048,116.79000091552734,92.8232650756836,2382600,0.0129223131818101,0.0128395324755913,1.239997863769517,44.211904217012,221160711.36932373,32736000,33.16790026131154,79.12171753374807
2019-08-20,116.25,116.4800033569336,114.95999908447266,115.04000091552734,91.43242645263672,2599100,-0.0149837287226737,-0.0150971188832109,1.5200042724609375,40.885499070895634,237642019.5930481,30136900,40.271311807225636,79.1307732213747
2019-08-21,116.31999969482422,116.5999984741211,115.30999755859376,115.93000030517578,92.13976287841795,1906900,0.0077361659667607,0.0077063952769148,1.2900009155273295,49.813834670899496,175701313.8328552,32043800,40.95879305547642,79.13779023868382
2019-08-22,116.33999633789062,116.94000244140624,114.11000061035156,115.22000122070312,91.57549285888672,3005000,-0.0061240663303617,-0.0061428953373229,2.8300018310546733,47.19578017264997,275184356.0409546,29038800,41.00046438004786,79.14835346796973
2019-08-23,114.33000183105467,114.6500015258789,110.51000213623048,111.27999877929688,88.44401550292969,4375800,-0.0341955828813553,-0.0347939320196641,4.139999389648423,43.25927163796656,387013323.0377197,24663000,38.539960072906915,79.15983535010851
2019-08-26,113.04000091552734,114.75,112.54000091552734,114.36000061035156,90.8919677734375,3215800,0.0276779865385772,0.0273018752954879,2.209999084472656,50.740570426837785,292290389.9658203,27878800,46.416765816381286,79.170475487405
2019-08-27,114.66999816894533,115.0,113.45999908447266,114.12999725341795,90.70919036865234,2883900,-0.0020109302203772,-0.0020129548552745,1.5400009155273438,49.30346550231568,261596234.1041565,24994900,46.72957602470866,79.17985252823786
2019-08-28,113.87000274658205,116.79000091552734,113.33999633789062,116.33000183105467,92.45769500732422,2609900,0.0192759369978472,0.0190925095338473,3.4500045776367188,49.4821126991466,241305338.19961548,27604800,52.87788619797165,79.18961051588066
2019-08-29,117.80999755859376,119.51000213623048,117.33999633789062,118.37000274658205,94.07906341552734,2708100,0.0175363273773447,0.017384340279448,2.170005798339858,58.03002706346021,254775511.6355896,30312900,57.73590272564246,79.20095595403333
2019-08-30,119.58999633789062,119.8499984741211,118.54000091552734,118.66000366210938,94.30955505371094,2209700,0.0024499780271574,0.0024469817239108,1.30999755859375,60.85502256043206,208395823.80218506,32522600,51.853922951830086,79.21034378827228
2019-09-03,117.66000366210938,118.37999725341795,116.19000244140624,117.33000183105467,93.2524871826172,1981800,-0.0112084917640817,-0.0112717802646992,2.1899948120117188,55.57129744614226,184807779.09851077,30540800,60.29215759130323,79.21816473223393
2019-09-04,118.56999969482422,119.94000244140624,118.44000244140624,119.47000122070312,94.95333862304688,2732900,0.0182392072513721,0.0180748681790133,1.5,64.14697361884485,259497979.1229248,33273700,69.09822293778981,79.23024086285112
2019-09-05,120.12000274658205,122.54000091552734,120.0,121.1999969482422,96.32830047607422,2854900,0.0144803950336678,0.0143765553396562,2.540000915527344,67.08036314033501,275007665.0291443,36128600,62.86150745275244,79.24393776011694
2019-09-06,121.5199966430664,121.88999938964844,119.76000213623048,120.08000183105467,95.43815612792967,2116500,-0.0092407355236754,-0.0092836959824895,2.1299972534179545,60.41858197666267,201994857.44476315,34012100,63.457205824790165,79.25354956375895
2019-09-09,121.0,122.19000244140624,120.27999877929688,121.66000366210938,96.69390869140624,2882300,0.0131577622035499,0.0130719507552636,1.9100036621093608,60.57333641780405,278700853.0212402,36894400,70.69198712651942,79.26763500118042
2019-09-10,121.1999969482422,122.47000122070312,120.7699966430664,122.4000015258789,97.28205871582033,3070200,0.0060825964362567,0.0060641721205903,1.7000045776367188,66.71217857757847,298675376.6693116,39964600,71.18192454758704,79.28311922062528
2019-09-11,122.43000030517578,122.9000015258789,121.20999908447266,122.8499984741211,97.63971710205078,2437000,0.0036765092243291,0.0036697673835313,1.69000244140625,66.0335167201051,237947990.57769775,42401600,78.37509565355217,79.29563488170847
2019-09-12,122.81999969482422,123.62999725341795,121.81999969482422,122.55999755859376,97.40924072265624,2224400,-0.0023604777465061,-0.0023632680659581,1.809997558593736,67.34413907956231,216677115.06347653,40177200,88.9568871480104,79.30690046494678
2019-09-13,123.19000244140624,123.4499969482422,122.33000183105467,122.66999816894533,97.49665069580078,3107300,0.0008973478542289,0.0008969454783392,1.1199951171875284,82.86234808170693,302951342.70706177,43284500,82.26052263976602,79.32268997490253
2019-09-16,122.05999755859376,122.95999908447266,121.4000015258789,122.56999969482422,97.41718292236328,2294400,-0.0008150820861061,-0.0008154144461224,1.55999755859375,78.60661039931439,223513984.4970703,40990100,76.14209024730357,79.33428031041827
2019-09-17,121.72000122070312,122.5199966430664,121.05999755859376,122.38999938964844,97.27411651611328,2007500,-0.0014685951898651,-0.0014696746327535,1.459999084472642,78.88126459204037,195277788.9060974,38982600,66.03206622654955,79.3443290398391
2019-09-18,119.12000274658205,121.3000030517578,118.72000122070312,121.04000091552734,96.20114135742188,4116500,-0.0110304282076277,-0.0110917144734029,2.5800018310546733,67.50936202618009,396011998.39782715,34866100,57.18832727383312,79.36366840241563
2019-09-19,120.61000061035156,120.76000213623048,118.9000015258789,119.12000274658205,94.67514038085938,3733700,-0.0158626078134859,-0.015989765470908,1.8600006103515767,52.81315014197354,353488571.64001465,31132400,60.44015879043052,79.37958474441318
2019-09-20,119.83000183105467,120.91999816894533,119.2699966430664,120.6999969482422,95.930908203125,5308400,0.013263965780393,0.0131767695849018,1.6500015258789205,56.97671212009789,509239633.10546875,36440800,58.93165986576741,79.40401015580403
2019-09-23,119.8000030517578,120.88999938964844,118.91000366210938,119.0500030517578,94.61951446533205,2999900,-0.0136701899560482,-0.0137644873646106,1.9799957275390625,55.75635184427242,283849081.4445496,33440900,52.00247005326703,79.41668891083371
2019-09-24,119.22000122070312,119.97000122070312,117.43000030517578,117.98999786376952,93.7770538330078,3160500,-0.0089036668290336,-0.0089435413331881,2.540000915527344,44.66086457854286,296382378.63922113,30280400,52.32736900933943,79.42928464996652
2019-09-25,118.2300033569336,119.9000015258789,117.9499969482422,119.0500030517578,94.61951446533205,3203000,0.0089836542937726,0.0089435413331882,1.9500045776367043,41.84987176613418,303066304.83245856,33483400,52.51718069991564,79.44277545267327
2019-09-26,119.0,119.0,117.66000366210938,118.4499969482422,94.14263916015624,1999400,-0.0050399255150536,-0.0050526687744021,1.339996337890625,43.567389255419485,188228792.73681638,31484000,51.977349943307146,79.45092040978187
2019-09-27,119.0,119.5,118.33000183105467,118.9499969482422,94.54004669189452,2456000,0.0042213340871208,0.0042124492515135,1.1699981689453267,38.30893199235714,232190354.67529294,33940000,51.41752031780218,79.46118337300956
2019-09-30,119.30999755859376,120.0,118.98999786376952,119.81999969482422,95.23151397705078,2639000,0.0073140146356152,0.0072873969399152,1.010002136230483,38.99318629133257,251315965.385437,36579000,43.688074144916186,79.47270047527793
2019-10-01,120.25,120.6999969482422,114.8499984741211,115.80999755859376,92.04440307617188,4295800,-0.0334669771358139,-0.0340398134428616,5.849998474121108,26.96328582476403,395404346.73461914,32283200,37.20415856175766,79.48762791090323
2019-10-02,114.88999938964844,115.9800033569336,114.33999633789062,115.23999786376952,91.59138488769533,3903400,-0.0049217353074868,-0.0049338869344958,1.6400070190429688,26.47808201600074,357517811.77062994,28379800,36.7032187392375,79.50067284802924
2019-10-03,115.4000015258789,116.47000122070312,114.01000213623048,115.9000015258789,92.11592864990234,2936300,0.005726998918623,0.0057106620049631,2.459999084472642,28.988147162993883,270480001.29470825,31316100,41.843569787529425,79.51089219790795
2019-10-04,116.13999938964844,117.5999984741211,115.93000030517578,117.48999786376952,93.379638671875,2321800,0.0137186916583724,0.0136254422796966,1.6699981689453125,35.56809523368004,216808845.06835938,33637900,41.2475356013419,79.51977010714337
2019-10-07,116.6999969482422,117.02999877929688,115.43000030517578,115.56999969482422,91.85364532470705,2775800,-0.0163418210744005,-0.0164768214206448,1.5999984741210938,32.36807674668401,254967348.6923218,30862100,42.126575229524754,79.52920211522053
2019-10-08,114.41000366210938,114.41000366210938,112.44000244140624,112.73999786376952,89.60441589355469,3373900,-0.0244871003562375,-0.0247918953838884,1.9700012207031392,30.06723205155048,302316338.78326416,27488200,49.038655132308136,79.53855831377797
2019-10-09,114.0,114.5,113.1500015258789,113.86000061035156,90.49456024169922,2553200,0.0099341571424558,0.0098851377800823,1.3499984741210938,36.86309164479812,231050711.20910645,30041400,44.92890895168772,79.54625218297032
2019-10-10,114.04000091552734,115.43000030517578,113.81999969482422,115.27999877929688,91.62317657470705,2209500,0.0124716483509443,0.0123945179778073,1.6100006103515625,36.35449227293588,202441408.64181522,32250900,52.460619323582414,79.55358708584693
2019-10-11,116.87999725341795,117.9800033569336,115.88999938964844,116.0199966430664,92.2113037109375,3083300,0.0064189777981655,0.0063984638988905,2.090003967285156,42.0052307460069,284315112.7319336,35334200,54.12887114641103,79.56430591232042
2019-10-14,115.94000244140624,116.66999816894533,115.51000213623048,115.87000274658205,92.0920867919922,1960300,-0.0012928666459267,-0.001293703119052,1.1599960327148438,44.124088756451975,180528117.73834231,33373900,53.36942017788899,79.57104714037364
2019-10-15,116.08999633789062,118.16000366210938,115.83000183105467,116.4800033569336,92.57691955566406,2616300,0.0052646517259071,0.0052508418951043,2.3300018310547017,42.694735118763326,242208994.6334839,35990200,58.82398438174916,79.58038092067459
2019-10-16,116.1500015258789,117.54000091552734,116.1500015258789,117.5,93.38758087158205,2260600,0.0087566244352141,0.008718507554649,1.3899993896484375,47.36253281277076,211111965.31829837,38250800,58.53348011949162,79.58893731248143
2019-10-17,117.80999755859376,118.91999816894533,117.66999816894533,118.38999938964844,94.09495544433594,2197500,0.0075746107368024,0.0075460674186292,1.25,48.47822128825972,206773664.58892822,40448300,51.53771914233178,79.5976705823797
2019-10-18,118.44000244140624,118.63999938964844,117.02999877929688,117.3499984741211,93.26837158203124,2720600,-0.0087845714831512,-0.0088233832951565,1.6100006103515625,43.34941145394208,253745931.7260742,37727700,61.605505105478564,79.60785254918387
2019-10-21,117.6999969482422,119.25,117.5999984741211,118.5199966430664,94.1982650756836,3251100,0.0099700839403473,0.0099207105534491,1.6500015258789062,58.6141073014149,306247979.58755493,40978800,55.36173383320598,79.62082696261987
2019-10-22,115.83000183105467,116.55999755859376,111.77999877929688,116.0999984741211,92.27488708496094,8275700,-0.020418401434223,-0.0206297387214552,4.779998779296889,52.44591777339244,763639283.0490112,32703100,56.08540147822433,79.64940566590028
2019-10-23,115.4000015258789,116.06999969482422,114.66000366210938,115.1500015258789,91.51985168457033,3644200,-0.0081824581339819,-0.0082161181849284,1.4099960327148438,47.901550771948095,333516643.5089112,29058900,49.98960954632231,79.66119923977209
2019-10-24,114.8000030517578,115.5,113.41999816894533,114.01000213623048,90.61377716064452,2969600,-0.009900305859855,-0.0099496397718604,2.0800018310546733,40.011450846497446,269086672.65624994,26089300,56.237736002946356,79.67005934808648
2019-10-25,114.0,115.97000122070312,113.87000274658205,115.72000122070312,91.97286987304688,2704400,0.0149987425200572,0.0148873735964879,2.0999984741210795,50.43581764544122,248731429.28466797,28793700,62.436698016179506,79.67911626027734
2019-10-28,116.08000183105467,117.27999877929688,115.9800033569336,116.25,92.39411926269533,1730400,0.0045801483658161,0.0045696914037575,1.2999954223632812,61.77062141072856,159878783.972168,30524100,62.776979118154216,79.6851026274265
2019-10-29,116.63999938964844,117.63999938964844,116.3000030517578,116.91000366210938,92.91866302490234,2867300,0.0056772418676953,0.0056611870660832,1.3399963378906392,60.55363643610658,266425682.4913025,33391400,57.31715257741414,79.69541863221035
2019-10-30,116.87000274658205,117.0,115.08000183105467,116.87999725341795,92.89483642578124,2417300,-0.0002564242569301,-0.0002564571392512,1.9199981689453267,56.12559380174963,224554688.092041,30974100,50.25255444780278,79.70408748649307
2019-10-31,116.04000091552734,116.87999725341795,114.51000213623048,115.16999816894533,91.53573608398438,2954200,-0.0146305262390199,-0.0147386078776109,2.369995117187472,46.97078339260766,270414871.53930664,28019900,57.160831772890944,79.71357632582111
2019-11-01,116.45999908447266,119.58000183105467,116.11000061035156,119.51000213623048,94.9851303100586,4171900,0.0376835799180048,0.0369909019691666,3.470001220703111,59.98907304778189,396268465.14053345,32191800,58.82320440138555,79.73085273459428
2019-11-04,120.0,123.0999984741211,120.0,123.0199966430664,97.77482604980467,4230700,0.0293698153662549,0.0289467852558497,3.0999984741210938,65.4829508008955,413655956.56890863,36422500,59.689402076510376,79.7515295099047
2019-11-05,123.31999969482422,123.77999877929688,121.27999877929688,121.38999938964844,96.47931671142578,3117800,-0.0132499273148181,-0.0133384907779905,2.5,58.95078525890215,300803213.6428833,33304700,54.18316775389701,79.76564378421236
2019-11-06,121.37999725341795,121.9499969482422,120.73999786376952,121.9499969482422,96.92440032958984,2820200,0.0046132542531922,0.0046026458095763,1.209999084472685,58.31775692550192,273346193.8095093,36124900,60.370470551334385,79.77872976231099
2019-11-07,122.3499984741211,124.66000366210938,122.0199966430664,123.48999786376952,98.14836883544922,3156200,0.0126280740628499,0.0125490049005848,2.6400070190429688,64.01827108479418,309775881.7184448,39281100,59.67786453565985,79.79439493164787
2019-11-08,123.5199966430664,125.30999755859376,123.51000213623048,124.3000030517578,98.79217529296876,2310700,0.0065595227425421,0.0065381026924168,1.7999954223632812,63.41698303995554,228279079.44946292,41591800,69.45474756673745,79.80624839670206
2019-11-11,123.41000366210938,123.76000213623048,122.73999786376952,123.13999938964844,97.87019348144533,1318700,-0.0093325388249554,-0.0093763598192665,1.020004272460966,67.35693195232946,129061424.14398195,40273100,63.74094329811246,79.81267827706537
2019-11-12,123.0,123.68000030517578,122.62000274658205,123.01000213623048,97.76687622070312,1555800,-0.0010556560385444,-0.0010562136358354,1.0599975585937358,70.19515164430123,152105706.02416992,38717300,65.77305269195371,79.82021498549327
2019-11-13,122.62000274658205,123.45999908447266,122.02999877929688,123.0199966430664,97.77482604980467,1613600,8.131413632983531e-05,8.13108305146569e-05,1.4300003051757812,74.57713305665021,157769459.3139648,40330900,64.85354181188107,79.82802847058147
2019-11-14,122.73999786376952,124.2300033569336,122.73999786376952,124.08000183105467,98.6173095703125,1580400,0.008616568850541,0.0085796580989665,1.4900054931640767,73.64247816823867,155854796.04492188,41911300,65.11694125304376,79.83603353843128
2019-11-15,123.54000091552734,124.0199966430664,123.0500030517578,123.7300033569336,99.10588073730467,1891000,0.0049542131003261,0.0049419813690385,0.969993591308608,73.7681532186772,187409220.47424313,43802300,58.990734819482526,79.84585183838256
2019-11-18,123.52999877929688,123.75,122.55999755859376,122.7699966430664,98.33694458007812,1772700,-0.0077587339066662,-0.0077889894808216,1.1900024414062358,68.86112216220698,174321901.6571045,42029600,56.810184690394664,79.85467972873046
2019-11-19,123.45999908447266,123.54000091552734,120.2300033569336,120.54000091552734,96.5507583618164,3642600,-0.0181639385470959,-0.0183309280949411,3.30999755859375,61.33550018569648,351695792.40875244,38387000,56.729234557916676,79.87104258960144
2019-11-20,120.1999969482422,120.31999969482422,118.83000183105467,119.01000213623048,95.32523345947266,2904600,-0.0126930634532272,-0.0127743086153099,1.4899978637695457,61.847800522575376,276881673.1063843,35482400,48.31572418852071,79.88311034826978
2019-11-21,118.79000091552734,119.70999908447266,118.6999969482422,119.5199966430664,95.73374938964844,1994700,0.0042854962463791,0.0042763396583681,1.0100021362304543,52.89007960140978,190960109.90753174,37477100,45.64245097665662,79.89160578178036
2019-11-22,119.95999908447266,121.11000061035156,119.05999755859376,119.31999969482422,95.57354736328124,2597800,-0.0016734122228427,-0.001674813941063,2.0500030517577983,39.33699452299823,248280961.340332,34879300,44.44177573423201,79.90254443075278
2019-11-25,119.83999633789062,120.4000015258789,119.25,120.3000030517578,96.3585205078125,2460400,0.0082132887832186,0.0081797432809954,1.1500015258789062,49.384415243080745,237080503.85742188,37339700,53.39123240712441,79.91340870426029
2019-11-26,120.37000274658205,121.68000030517578,119.91000366210938,121.1999969482422,97.07939910888672,2872800,0.0074812128421561,0.0074533673617671,1.7699966430664062,50.76828709341216,278889697.76000977,40212500,45.23675332278378,79.92663112371228
2019-11-27,121.44000244140624,121.6999969482422,119.75,119.87000274658205,96.01410675048828,1862700,-0.0109734131873187,-0.0110340652003476,1.9499969482422017,39.25196947203092,178845476.64413452,38349800,38.7500677995729,79.93466177265005
2019-11-29,120.0199966430664,120.25,119.62000274658205,119.7300033569336,95.9019546508789,1372000,-0.0011680793938001,-0.0011687621302472,0.6299972534179545,34.621520704664064,131577481.78100586,36977800,37.40614364357476,79.94053052216537
2019-12-02,120.08999633789062,120.66000366210938,118.1500015258789,118.22000122070312,94.69245910644533,2438300,-0.0126117924169181,-0.0126919961261171,2.5100021362304688,33.59367368225348,230888623.03924564,34539500,36.941031686923374,79.9501602169357
2019-12-03,116.83000183105467,117.4000015258789,115.72000122070312,116.93000030517578,93.65918731689452,2037000,-0.0109118698500509,-0.010971840965565,1.6800003051757812,30.65045588335707,190783764.56451413,32502500,43.137023069928716,79.95763222740851
2019-12-04,117.22000122070312,118.2300033569336,116.37999725341795,116.47000122070312,93.2907485961914,2202200,-0.0039338235923028,-0.0039415814283197,1.8500061035156392,29.57125626952991,205444886.5585327,30300300,34.65206601680209,79.96548408483265
2019-12-05,116.08000183105467,116.4000015258789,114.25,115.01000213623048,92.12130737304688,4889400,-0.0125354468770151,-0.0126146784227824,2.1500015258789062,21.261408435491703,450417920.2697754,25410900,36.02921384146663,79.9813569912951
2019-12-06,116.0,117.8499984741211,116.0,117.52999877929688,94.13978576660156,2762700,0.0219110914848486,0.0216744933640395,1.8499984741210935,30.649246561007715,260079986.13739014,28173600,41.34289862724758,79.99179565691269
2019-12-09,117.0,118.36000061035156,116.55999755859376,118.13999938964844,94.62838745117188,1974100,0.0051901720467231,0.0051767495272108,1.8000030517577983,35.22658198917544,186805899.6673584,30147700,49.89765347672279,79.99950250095932
2019-12-10,118.12999725341795,119.37000274658205,117.81999969482422,118.54000091552734,94.94879913330078,2438800,0.0033859996007459,0.0033802800114792,1.5500030517578267,42.77464484364313,231561131.32629395,32586500,49.33569844852834,80.0092206150422
2019-12-11,118.54000091552734,118.54000091552734,116.76000213623048,116.79000091552734,93.54705810546876,3354200,-0.0147631253962894,-0.0148731848899905,1.7799987792968608,42.10534516526114,313775542.29736334,29232300,46.38782063205873,80.02131364642341
2019-12-12,115.18000030517578,117.5500030517578,114.77999877929688,116.9499969482422,93.67522430419922,4320600,0.001370071933058,0.0013691342408799,2.7700042724609237,40.62734259986814,404733174.12872314,33552900,46.877739345679984,80.03700638051382
2019-12-13,118.02999877929688,119.62999725341795,117.8000030517578,118.62000274658205,95.01287078857422,2968100,0.0142796186965206,0.0141786252380731,1.829994201660156,47.694394752347264,282007701.78756714,36521000,47.58144204230312,80.04882114766518
2019-12-16,119.12000274658205,119.93000030517578,118.73999786376952,119.12000274658205,95.41336059570312,2978200,0.0042151111086843,0.0042062524127223,1.1900024414062642,45.98641359987765,284160070.52612305,39499200,47.469387612346075,80.06097417545558
2019-12-17,120.02999877929688,121.31999969482422,119.5500030517578,120.29000091552734,96.35050201416016,2804800,0.0098219097682556,0.0097739883436185,1.7699966430664205,46.96059056255384,270243888.0493164,42304000,43.96978717374751,80.0730996315434
2019-12-18,118.54000091552734,118.75,117.0500030517578,117.9499969482422,94.47618865966795,4957500,-0.0194530730542197,-0.0196447742709282,1.6999969482422017,43.99240862755657,468365705.2803039,37346500,49.56513576127136,80.09202459454123
2019-12-19,118.36000061035156,119.55999755859376,118.2699966430664,118.55999755859376,94.96480560302734,3201000,0.0051718528265312,0.0051585247299198,1.290000915527358,46.44379567791791,303982342.7352905,40547500,44.89171526475295,80.1046320147374
2019-12-20,119.88999938964844,119.88999938964844,117.33000183105467,117.4000015258789,94.03565216064452,6945000,-0.0097841872731976,-0.0098323669571116,2.559997558593764,47.45342967166037,653077604.2556762,33602500,49.15854191353398,80.13020641954768
2019-12-23,118.2300033569336,119.41999816894533,117.55999755859376,118.94000244140624,95.26917266845705,2047500,0.0131175833789642,0.0130322929420463,1.8600006103515625,56.14678364617205,195063631.0386658,35650000,45.84514502701823,80.13839550702897
2019-12-24,117.43000030517578,118.36000061035156,117.33999633789062,118.33000183105467,94.78057861328124,872000,-0.0051285640621248,-0.0051417602845782,1.0200042724609375,55.63632858027722,82648664.55078124,34778000,52.5588484684129,80.14176789599445
2019-12-26,119.08999633789062,119.2300033569336,118.5999984741211,119.04000091552734,95.34928131103516,1274600,0.006000202848247,0.0059822733159437,0.6300048828125,62.79360333440367,121532193.95904541,36052600,51.06704145550531,80.14688590775229
2019-12-27,119.4499969482422,119.48999786376952,118.56999969482422,118.94000244140624,95.26917266845705,1419500,-0.0008401598992319,-0.0008405130313655,0.9199981689452984,55.28877449743944,135234590.6028748,34633100,45.84780058657697,80.15255168215594
2019-12-30,119.22000122070312,119.22000122070312,116.25,116.44000244140624,93.26670837402344,2430700,-0.0210190163128876,-0.0212430608618192,2.970001220703125,44.41526045304239,226703388.04473877,32202400,39.66157360462351,80.16095981576943
2019-12-31,116.04000091552734,117.08999633789062,115.56999969482422,117.05999755859376,93.7633285522461,2875100,0.0053247314811528,0.0053106052219828,1.5199966430664062,45.207229593511215,269578945.92056274,35077500,48.45252950971245,80.17126761954368
2020-01-02,117.68000030517578,117.97000122070312,115.2300033569336,116.79000091552734,93.54705810546876,4158100,-0.0023065568396157,-0.0023092210393835,2.7399978637695312,50.0,388978022.30834967,30919400,50.58452976765335,80.18591086437789
2020-01-03,114.97000122070312,116.86000061035156,114.83999633789062,116.72000122070312,93.49098205566406,2477800,-0.0005994421517936,-0.0005996218890719,2.020004272460937,49.17080594132704,231651955.3375244,28441600,43.042870173709765,80.19458493917425
2020-01-06,115.4499969482422,116.2300033569336,114.37000274658205,116.1999969482422,93.07449340820312,3381600,-0.0044548537014292,-0.0044648061309238,1.8600006103515483,40.4874816071169,314740706.9091797,25060000,41.511071533467565,80.20603449098483
2020-01-07,115.86000061035156,116.44000244140624,115.06999969482422,116.0,92.9142837524414,1952300,-0.0017213056971374,-0.0017227888460017,1.370002746582017,37.439654094778966,181396556.16989136,23107700,40.230938267236574,80.21255321994951
2020-01-08,115.37999725341795,117.55999755859376,115.31999969482422,116.66000366210938,93.44293212890624,2016000,0.0056896351681874,0.0056735103280735,2.239997863769545,34.76082434486921,188380951.17187497,25123700,49.06783397465445,80.21955749956888
2020-01-09,117.02999877929688,117.83000183105467,116.37999725341795,116.93000030517578,93.65918731689452,2151500,0.0023143022490983,0.0023116283762868,1.4500045776367188,44.81711861880181,201507741.51229855,27275200,41.15165523398767,80.22714649023845
2020-01-10,117.06999969482422,117.06999969482422,115.5999984741211,115.87000274658205,92.8101577758789,2545000,-0.0090650961783699,-0.0091064341743102,1.470001220703125,36.92907802731437,236201851.53961182,24730200,53.770450121963954,80.23554568680152
2020-01-13,116.12000274658205,117.22000122070312,115.9000015258789,116.75,93.5150146484375,1826200,0.0075946091403131,0.007565915283825,1.3199996948242188,46.75325787528022,170777119.75097656,26556400,54.54021874772328,80.24190318801922
2020-01-14,116.75,118.18000030517578,116.69000244140624,117.2699966430664,93.93153381347656,2598600,0.0044540351793231,0.0044441453202797,1.4899978637695457,40.71192980931919,244090483.7677002,29155000,60.1843040144741,80.25122269233619
2020-01-15,117.51000213623048,118.6999969482422,117.2699966430664,117.93000030517578,94.46019744873048,3168400,0.0056281805884668,0.0056124015572385,1.4300003051757957,47.78770199803829,299287689.5965577,32323400,61.49406922406959,80.26300699972725
2020-01-16,118.51000213623048,119.11000061035156,118.0999984741211,118.61000061035156,95.00485229492188,2426800,0.0057659719215281,0.005749412329697,1.0100021362304688,47.6137215372401,230557775.5493164,34750200,63.56170425438879,80.27236560992802
2020-01-17,118.73999786376952,119.23999786376952,118.16999816894533,118.5999984741211,94.99684143066406,3403400,-8.432058009988364e-05,-8.432413527984912e-05,1.0699996948241903,48.09419111373549,323312250.1251221,31346800,62.66217480590714,80.28546321462112
2020-01-21,118.20999908447266,118.54000091552734,116.75,117.38999938964844,94.02764129638672,2960700,-0.0102024458885271,-0.0102548475610872,1.7900009155273438,56.22541498813431,278387637.58621216,28386100,69.87845383940227,80.29608880539851
2020-01-22,117.79000091552734,119.23999786376952,117.25,117.26000213623048,93.92353057861328,2425300,-0.0011072352378304,-0.0011078486756214,1.989997863769517,51.400613660619,227792738.7123108,25960800,61.55653505931995,80.30471477499108
2020-01-23,117.02999877929688,117.12000274658205,115.5500030517578,116.93000030517578,93.65918731689452,2493700,-0.0028144519279703,-0.0028184199447415,1.5699996948242472,50.972151115026726,233557915.41213986,23467100,68.01132349856609,80.31340070854547
2020-01-24,117.04000091552734,117.11000061035156,115.93000030517578,116.66000366210938,93.44293212890624,2015400,-0.0023089586209689,-0.002311628376287,1.1800003051757812,49.59466904193085,188324885.41259763,21451700,68.97949166680361,80.3202987818755
2020-01-27,114.9499969482422,115.4499969482422,113.3499984741211,114.91999816894533,92.04922485351562,2903800,-0.0149150635969766,-0.0150274116768429,2.099998474121108,42.57532194010486,267292539.12963867,18547900,69.04941304351132,80.32917062079487
2020-01-28,115.4499969482422,116.36000061035156,114.44000244140624,115.37000274658205,92.40965270996094,2039600,0.0039155990397408,0.003907953034449,1.9199981689453267,46.44860264705091,188478727.66723633,20587500,69.75375189826619,80.33558548239738
2020-01-29,115.76000213623048,116.98999786376952,115.33000183105467,115.76000213623048,92.72203826904295,2845400,0.0033804429507215,0.0033747420974435,1.6599960327148438,44.767349777766434,263831287.69073483,23432900,53.66918070623324,80.3447545820814
2020-01-30,112.26000213623048,113.06999969482422,107.33999633789062,108.0,86.50640106201172,9473000,-0.0670351657822264,-0.0693877699300358,5.730003356933594,22.249782445256088,819475137.260437,13959900,49.096474731356906,80.3599024580396
2020-01-31,107.83999633789062,107.9000015258789,103.08999633789062,103.5199966430664,82.91798400878906,7234300,-0.0414815205484079,-0.0423664371292426,4.810005187988281,18.349479345423703,599853571.7147827,6725600,42.33646443205176,80.36469607945841
2020-02-03,104.16000366210938,104.4800033569336,101.66000366210938,102.02999877929688,81.7245101928711,5627100,-0.0143934253851548,-0.014498015552601,2.8199996948242188,13.419440419138796,459871991.30630493,1098500,44.22730267025883,80.36667525558691
2020-02-04,103.33999633789062,103.86000061035156,102.62000274658205,103.37999725341795,82.80583953857422,4858700,0.0132313958584906,0.0131446254976053,1.239997863769517,16.8495668727315,402328732.56607056,5957200,45.09842430650624,80.36973676752199
2020-02-05,104.62999725341795,106.58999633789062,104.33999633789062,106.04000091552734,84.93647003173828,4439900,0.0257304376724727,0.0254049809152804,2.25,24.09578649330416,377109433.2939148,10397100,46.19174668243243,80.37496862400609
2020-02-06,106.5999984741211,107.79000091552734,105.5,106.51000213623048,85.31295013427734,3861800,0.0044324905708748,0.0044226960167247,2.290000915527344,23.39495827886327,329461550.82855225,14258900,38.48544289227807,80.37988430483743
2020-02-07,106.0500030517578,106.37000274658205,103.0,103.12000274658205,82.59760284423828,5754400,-0.0318280786887016,-0.0323456028149683,3.370002746582045,20.36758069544952,475299645.80688477,8504500,37.71006957983682,80.38316909157847
2020-02-10,103.4000015258789,103.75,101.62999725341795,103.06999969482422,82.55754089355469,4669400,-0.0004850255855384,-0.0004851432484956,2.120002746582045,21.31414543416045,385494181.44836426,3835100,37.777810979455815,80.38577929247042
2020-02-11,103.41999816894533,105.4499969482422,103.22000122070312,104.87000274658205,83.99932861328125,2806300,0.0174640342253595,0.0173132905112222,2.2299957275390767,26.73682659328999,235727315.88745117,6641400,41.97714607985564,80.38838444956295
2020-02-12,105.7699966430664,106.7699966430664,105.48999786376952,105.54000091552734,84.53598022460938,2493300,0.0063887607221098,0.0063684390977336,1.2799987792968892,28.88399944199089,210773559.49401855,9134700,38.049733121463014,80.39103941397435
2020-02-13,104.98999786376952,106.12999725341795,104.37000274658205,105.23999786376952,84.2956771850586,2768300,-0.0028426125646418,-0.0028466604606247,1.759994506835909,28.85188173342217,233355723.1513977,6366400,42.68235119268803,80.39381256226446
2020-02-14,104.98999786376952,106.19000244140624,104.68000030517578,105.9499969482422,84.86437225341797,2694600,0.0067464321700729,0.0067237768346024,1.5100021362304543,32.73007150897243,228675537.47406006,9061000,43.74258490573858,80.39690097449935
2020-02-18,105.9499969482422,106.91999816894533,105.6999969482422,106.41999816894533,85.2408447265625,3371600,0.004436166357542,0.0044263555757054,1.220001220703125,32.78191785279998,287398032.0800781,12432600,43.34758502200543,80.40108446661826
2020-02-19,106.9800033569336,106.9800033569336,105.9499969482422,106.76000213623048,85.51316833496094,2663200,0.0031947549237927,0.0031896625373496,1.030006408691392,32.65231260026667,227738669.90966797,15095800,54.19756651183617,80.40456951971348
2020-02-20,106.4800033569336,107.61000061035156,105.9499969482422,106.4800033569336,85.28888702392578,3171200,-0.0026227692810613,-0.0026262147662057,1.6600036621093608,45.88295329772392,270468118.53027344,11924600,55.43775538236196,80.40853123046494
2020-02-21,105.62000274658205,105.7300033569336,102.75,102.94000244140624,82.45343017578125,6034600,-0.0332453259396984,-0.0338105136884182,2.9800033569335938,48.34481551312079,497573469.73876953,5890000,54.08341487119364,80.41168264672119
2020-02-24,99.76000213623048,100.13999938964844,97.62000274658205,98.48999786376952,79.67070007324219,7300400,-0.0337491126397846,-0.034331760726241,2.519996643066392,43.42677734156574,581627978.8146973,-1410400,43.930612139132954,80.41030375186794
2020-02-25,99.06999969482422,99.22000122070312,93.22000122070312,93.9000015258789,75.95777893066406,7609100,-0.0466033452594842,-0.0477242449856441,6.0,31.24244809114076,577970335.6613159,-9019500,34.997487479021785,80.401684400132
2020-02-26,95.08000183105467,95.38999938964844,93.18000030517578,93.7300033569336,75.82026672363281,7411700,-0.0018103768826202,-0.0018120175953533,2.209999084472656,21.96916060834255,561957070.8755493,-16431200,26.7703332701603,80.39306187355814
2020-02-27,91.51000213623048,93.13999938964844,89.88999938964844,90.23999786376952,72.99713134765625,9143800,-0.0372345745797357,-0.0379454841664326,3.25,17.08352144101289,667471169.6166992,-25575000,25.160751120478764,80.37592904205349
2020-02-28,88.62999725341797,91.3499984741211,87.66999816894531,90.48999786376952,73.1993408203125,11498000,0.0027701016317094,0.0027662719709206,3.680000305175781,20.98324218159273,841646020.7519531,-14077000,34.70434812178817,80.35508477162303
2020-03-02,92.0500030517578,93.13999938964844,89.41000366210938,92.75,75.02751159667969,8738800,0.024975235512775,0.024668451823161,3.7299957275390634,29.06307196114419,655650418.3410645,-5338200,39.26359882414266,80.34335012684866
2020-03-03,94.86000061035156,96.0,90.56999969482422,91.3000030517578,73.85456848144531,9263400,-0.0156335068333292,-0.0157569988679099,5.430000305175781,21.364821189223463,684144409.6710205,-14601600,41.865037338424045,80.32823508094427
2020-03-04,92.29000091552734,95.87999725341795,91.43000030517578,95.81999969482422,77.51091766357422,6644800,0.0495074205605508,0.0483209308210157,4.449996948242173,33.13998774668224,515044545.69091797,-7956800,40.89711679135903,80.32353539845917
2020-03-05,92.77999877929688,94.25,91.94000244140624,92.98999786376952,75.22164916992188,5277200,-0.0295347876487362,-0.0299797220940759,2.309997558593764,30.17253307575791,396959686.9995117,-13234000,36.63154051893442,80.31678529904411
2020-03-06,90.2699966430664,94.4800033569336,90.13999938964844,94.0,76.03866577148438,5598400,0.0108614555859696,0.0108028936409519,4.340003967285156,30.922168653001066,425694866.4550781,-7635600,31.181555763782132,80.3107889964349
2020-03-09,88.44000244140625,92.0,87.0999984741211,87.18000030517578,70.52181243896484,8648300,-0.0725532632187299,-0.0753199128004418,4.900001525878906,23.968124647320423,609893790.5158997,-16283900,34.86359091675874,80.2896397245351
2020-03-10,90.4800033569336,92.9499969482422,87.19000244140625,92.81999969482422,75.08415222167969,8914200,0.0646940233798365,0.0626874558915011,5.759994506835952,33.985510302587244,669315149.7344971,-7369700,30.946429933450187,80.27807314116666
2020-03-11,89.81999969482422,91.16999816894533,87.30999755859375,87.98999786376953,71.17704772949219,5557200,-0.0520363402473014,-0.053439111056066,3.8600006103515767,30.53217768375407,395545089.642334,-12926900,30.360522934386164,80.26548369893315
2020-03-12,82.22000122070312,92.44000244140624,82.0,86.16999816894531,69.70479583740234,9412800,-0.0206843629941653,-0.0209012808490839,10.440002441406236,31.72543038480525,656117302.2583008,-22339700,39.120115548065485,80.24079746753463
2020-03-13,91.0,94.5999984741211,87.51000213623047,94.2300033569336,76.22472381591797,10918900,0.0935362897227962,0.0894167473446904,7.089996337890625,45.53838117690382,832290136.8736267,-11420800,38.84240263574404,80.22993700593713
2020-03-16,85.86000061035156,94.20999908447266,85.5,87.05999755859375,70.42475128173828,9006300,-0.076090436853357,-0.0791410875129817,8.709999084472656,43.203512909225424,634266437.4687195,-20427100,46.88093616940687,80.20811461564968
2020-03-17,89.05000305175781,97.20999908447266,87.79000091552734,96.79000091552734,78.29554748535156,10476100,0.1117617891488989,0.1059459544890757,9.419998168945312,52.55508425855777,820231985.0112915,-9951000,55.58516358562991,80.20317613272648
2020-03-18,91.0,101.8499984741211,90.30999755859376,99.26000213623048,80.2936019897461,11152100,0.0255193886314972,0.025199204866928,11.54000091552733,57.66222570470127,895442278.7498474,1201100,64.00615435966128,80.20342400867916
2020-03-19,98.66999816894533,103.8000030517578,95.45999908447266,96.25,77.8587417602539,7690300,-0.030324461341305,-0.0307937596691998,8.340003967285142,54.673804753816654,598757081.7588806,-6489200,57.17595033250831,80.19900024195253
2020-03-20,96.1500015258789,97.7300033569336,90.91000366210938,93.45999908447266,75.6018295288086,7355300,-0.0289872682298784,-0.029415698758111,6.819999694824219,50.5711804314648,556074136.7332458,-13844500,50.081647078502,80.19071942910834
2020-03-23,94.18000030517578,96.12999725341795,90.25,91.9000015258789,74.33993530273438,7117800,-0.0166913186352635,-0.0168321884292069,5.8799972534179545,50.48186269950364,529136791.49780273,-20962300,49.83285221158914,80.18053854642429
2020-03-24,93.93000030517578,96.69000244140624,92.16000366210938,95.26000213623048,77.05790710449219,6067100,0.0365613958458455,0.035908884951162,4.529998779296861,49.5417212916487,467518028.19366455,-14895200,49.61693725059993,80.17591384413618
2020-03-25,95.62999725341795,97.79000091552734,91.0500030517578,94.5,76.44313049316406,5682000,-0.0079781119735639,-0.0080101073979043,6.7399978637695455,51.27901841635692,434349867.4621582,-20577200,55.00430731377346,80.17074356543041
2020-03-26,94.5,100.02999877929688,93.52999877929688,99.77999877929688,80.71421813964844,6373900,0.0558727464316275,0.0543676727496459,6.5,54.56554078095024,514464355.0003052,-14203300,56.68171370504883,80.17158668690217
2020-03-27,95.5999984741211,99.5500030517578,95.0,97.5199966430664,78.88606262207031,4671100,-0.0226497333396097,-0.0229101787429221,4.550003051757798,58.801489587961264,368484687.11395264,-18874400,54.83617610485404,80.17012682566526
2020-03-30,98.12999725341795,98.80999755859376,95.91000366210938,97.83999633789062,79.14491271972656,3994200,0.0032813159771498,0.0032759442076533,2.899993896484389,54.69858212375644,316120610.38513184,-14880200,54.74356580493356,80.16913225633162
2020-03-31,96.91000366210938,97.30999755859376,93.16000366210938,93.41999816894533,75.56949615478516,5391300,-0.0451755702555756,-0.0462277986021949,4.149993896484389,55.12168069361937,407417824.6192932,-20271500,56.4260438436476,80.1631172048602
2020-04-01,90.91000366210938,92.87999725341795,89.08000183105469,90.38999938964844,73.11845397949219,5762800,-0.0324342797029191,-0.0329719284295601,3.799995422363267,53.8915641420329,421367026.5930176,-26034300,53.34060776130769,80.15328367342015
2020-04-02,89.76000213623047,93.55999755859376,88.3499984741211,93.04000091552734,75.2620849609375,4039900,0.0293172361391358,0.0288957049062725,5.209999084472671,48.78095815577881,304051297.0336914,-21994400,55.80761569143119,80.14850203343174
2020-04-03,92.16999816894533,93.4000015258789,88.81999969482422,90.0,72.80298614501953,4471900,-0.0326738067008679,-0.033219515385182,4.580001831054688,53.29007640677892,325567673.74191284,-26466300,53.37327128034982,80.14056175693786
2020-04-06,93.20999908447266,96.4800033569336,92.41999816894533,95.68000030517578,77.39765167236328,5642700,0.0631109487486052,0.0611994671481158,4.060005187988267,48.63402235955753,436731729.0916443,-20823600,43.23356116982507,80.1368255768072
2020-04-07,96.25,97.4499969482422,92.69000244140624,92.91000366210938,75.1569595336914,5113900,-0.0289503891947147,-0.0293777195085683,4.759994506835966,42.24284334983997,384345175.3593445,-25937500,42.35877923690055,80.13068564748508
2020-04-08,97.0,99.5,93.76000213623048,98.79000091552734,79.91339874267578,6628400,0.0632867433501238,0.0613648121375055,5.739997863769517,52.89954874757857,529697972.22595215,-19309100,50.755779871806105,80.13033895673622
2020-04-09,98.58000183105467,100.02999877929688,96.12000274658205,98.69000244140624,79.8324966430664,5588500,-0.0010123721538847,-0.0010128849486957,3.9099960327148295,56.36102093490107,446143907.4897766,-24897600,57.95342884540878,80.12993882977912
2020-04-13,98.58000183105467,100.25,98.19000244140624,98.41999816894533,79.61410522460938,3355100,-0.0027356205510328,-0.002739369199079,2.059997558593764,58.18687742422032,267113284.4390869,-28252700,56.95123112507532,80.12952312872207
2020-04-14,100.55999755859376,101.83000183105467,99.55999755859376,101.4000015258789,82.02467346191406,4093100,0.0302781552402546,0.0298288194149413,2.270004272460909,57.78399324291362,335735190.94696045,-24159600,58.394741328112886,80.13138450975336
2020-04-15,99.94000244140624,99.9800033569336,97.94000244140624,99.91999816894533,80.8274917602539,3721200,-0.0145953851582967,-0.0147029456665739,2.040000915527358,56.74805267517469,300775262.33825684,-27880800,57.188143855106354,80.13200553721677
2020-04-16,100.18000030517578,102.48999786376952,99.5999984741211,102.22000122070312,82.68799591064453,4303400,0.0230182096446731,0.0227572870502392,2.8899993896484237,53.28136728477819,355839521.6018677,-23577400,65.05054250023015,80.13463989480044
2020-04-17,102.16000366210938,103.75,99.83000183105467,102.75,83.11674499511719,5850100,0.0051851430156315,0.0051717464503685,3.919998168945327,57.37666143959594,486241269.89593506,-17727300,58.62744267605451,80.1388122566898
2020-04-20,101.73999786376952,103.0,101.0500030517578,101.1999969482422,81.86289978027344,4359500,-0.0150853503095845,-0.0152002916248734,1.9499969482422017,54.58018839542984,356881311.59210205,-22086800,59.77888601423038,80.1406079788856
2020-04-21,100.36000061035156,102.11000061035156,100.25,100.62000274658205,81.39373016357422,3793800,-0.0057311629316638,-0.0057476490659289,1.8600006103515625,60.96228164295939,308791533.4945679,-25880600,59.94918106317216,80.14174277423237
2020-04-22,101.5,101.7699966430664,97.37999725341795,97.61000061035156,78.95886993408203,5099500,-0.0299145920035723,-0.0303711618799833,4.389999389648452,60.99943933414392,402650757.2288513,-30980100,60.153757744059455,80.14030468103714
2020-04-23,98.36000061035156,100.23999786376952,98.05999755859376,99.4499969482422,80.44729614257812,4061800,0.0188506523679821,0.0186751805629615,2.180000305175753,60.012575458644775,326760827.4719238,-26918300,65.72697606694462,80.14060167379137
2020-04-24,100.19000244140624,100.4499969482422,98.58999633789062,100.18000030517578,81.03781127929688,2792400,0.0073403975650365,0.0073135879623189,1.8600006103515767,67.13809779824852,226289984.2163086,-24125900,65.2337607377114,80.14119799989179
2020-04-27,101.0,103.48999786376952,99.8000030517578,102.5500030517578,82.9549560546875,4362300,0.0236574105979143,0.0233819106766717,3.689994812011719,63.01635606289391,361874404.7973633,-19763600,60.160957059679276,80.14411652783443
2020-04-28,99.25,99.31999969482422,96.18000030517578,96.43000030517578,78.00434112548828,10400900,-0.0596783503319025,-0.0615332817505064,3.139999389648437,55.91791300376756,811315351.6120911,-30164500,48.4875327128017,80.13883781566699
2020-04-29,96.0999984741211,97.1500015258789,94.11000061035156,96.11000061035156,77.74547576904297,9974000,-0.0033186019227938,-0.0033241206952767,3.040000915527344,44.45820042172862,775433375.3204346,-40138500,40.53942685630814,80.1331892206291
2020-04-30,95.5999984741211,95.73999786376952,92.81999969482422,94.66000366210938,76.57255554199219,6262500,-0.0150866685868018,-0.0152016300942524,2.9199981689452983,42.1073514140148,479535629.0817261,-46401000,35.082272160209406,80.12792062801564
2020-05-01,93.2300033569336,93.70999908447266,91.25,91.9000015258789,74.33993530273438,5415600,-0.0291569247422263,-0.029590435226355,2.459999084472656,38.365451806133954,402595353.6254883,-51816600,29.367547857295524,80.12052392421722
2020-05-04,91.61000061035156,91.8000030517578,89.5999984741211,90.44000244140624,73.1589126586914,4784400,-0.0158867860085362,-0.0160143336788137,2.2000045776367045,29.32081771936461,350021501.72424316,-56601000,35.218271458515915,80.11267316897514
2020-05-05,91.52999877929688,93.8499984741211,91.4000015258789,92.70999908447266,74.99517822265625,5001000,0.0250996836507342,0.0247898602038487,2.4499969482421875,36.790090005712834,375050886.2915039,-51600000,34.360782475564896,80.10664789457299
2020-05-06,93.13999938964844,94.43000030517578,92.6999969482422,92.93000030517578,75.17311096191406,3630300,0.002372589058053,0.0023697789126363,1.7300033569335795,31.57479858358477,272900944.7250366,-47969700,27.30923613902813,80.10243488518343
2020-05-07,93.98999786376952,94.2699966430664,92.4499969482422,92.83000183105467,75.09222412109375,3309800,-0.0010760076280639,-0.0010765869398716,1.8199996948242043,29.98382400517632,248540243.3959961,-51279500,32.432863884119236,80.09853715940577
2020-05-08,93.54000091552734,94.9800033569336,93.30999755859376,94.83000183105467,76.71007537841797,3418000,0.0215448573572047,0.0213160475342945,1.6700057983398295,37.37615702969016,262195037.64343262,-47861500,32.860139269961095,80.09581709356308
2020-05-11,94.20999908447266,94.86000061035156,93.0999984741211,93.91000366210938,75.96586608886719,3118400,-0.0097015846468606,-0.0097489516246553,1.7600021362304688,36.87916134750661,236891956.81152344,-50979900,33.72994061113804,80.09279461286633
2020-05-12,94.76000213623048,95.16000366210938,92.83000183105467,92.8499984741211,75.10840606689453,3504600,-0.0112874382419279,-0.0113516248314801,2.3300018310547017,39.923804823431794,263224919.90203857,-54484500,27.96362069834731,80.08869842271568
2020-05-13,92.55999755859376,93.2300033569336,90.37999725341795,90.73999786376952,73.40158081054688,3690800,-0.0227248233017685,-0.0229870118389516,2.850006103515639,31.77059152367326,270910554.4555664,-58175300,23.440211708554653,80.08291595080567
2020-05-14,90.0,91.8000030517578,88.8499984741211,91.69000244140624,74.17005920410156,4031700,0.0104695074011849,0.010415081652837,2.9500045776367045,32.39317610149004,299031427.69317627,-54143600,22.50717895115762,80.07733601004112
2020-05-15,90.83999633789062,91.88999938964844,90.63999938964844,91.02999877929688,73.63616180419922,3990600,-0.0071982873632763,-0.0072243200360924,1.25,24.28567518805224,293852467.2958374,-58134200,32.87183909897211,80.07132507836926
2020-05-18,93.33000183105467,97.0500030517578,93.05999755859376,96.0999984741211,77.73741149902344,5509500,0.0556961361692041,0.0542003940363721,3.990005493164034,49.227208652117774,428294268.6538696,-52624700,42.85776234943333,80.06832193323324
2020-05-19,95.93000030517578,97.47000122070312,95.41000366210938,96.43000030517578,78.00434112548828,3674300,0.0034337344313064,0.0034278526257605,2.05999755859375,50.7490945956567,286611350.5973816,-48950400,51.16319367318922,80.06655228434187
2020-05-20,97.5,98.45999908447266,96.47000122070312,97.18000030517578,78.61103057861328,3291700,0.0077776370439306,0.0077475471431177,1.9899978637695312,56.09872007384558,258763929.35562134,-45658700,50.86746305265288,80.06543513222175
2020-05-21,96.7300033569336,97.98999786376952,96.5999984741211,97.30999755859376,78.7161865234375,5452100,0.0013376741667197,0.0013367802776975,1.3899993896484233,65.00272537148226,429168520.5444336,-40206600,52.87038104498527,80.06372205311656
2020-05-22,96.79000091552734,97.56999969482422,95.6999969482422,96.72000122070312,79.05951690673828,2406600,0.0043616236820436,0.0043521393694728,1.870002746582017,71.46117251652174,190264633.38775635,-37800000,53.61359172436381,80.06315957626317
2020-05-26,98.1500015258789,98.94000244140624,96.77999877929688,97.06999969482422,79.34558868408203,5563700,0.0036184356866386,0.0036119048976481,2.160003662109361,67.83398313985091,441455051.7616272,-32236300,54.49601189104209,80.062231583036
2020-05-27,97.77999877929688,99.73999786376952,96.91999816894533,99.62000274658205,81.42999267578125,4436400,0.0262699417354927,0.0259308132502693,2.8199996948241903,72.1821130541187,361256019.50683594,-27799900,62.06406097357182,80.06364057855866
2020-05-28,100.0,101.0999984741211,98.33000183105467,99.72000122070312,81.51171875,5460800,0.0010036360256613,0.0010031327197544,2.7699966430664205,72.75725979024989,445119193.75,-22339100,53.55652737285642,80.06547444036215
2020-05-29,99.33000183105467,100.41000366210938,98.3499984741211,99.70999908447266,81.50355529785156,5962400,-0.000100150656539,-0.0001001556719508,2.060005187988281,69.18222057763033,485956798.10791016,-28301500,53.96274192208841,80.06746018153446
2020-06-01,99.4800033569336,99.68000030517578,98.36000061035156,99.27999877929688,81.1520767211914,2510300,-0.0043124324500408,-0.0043217578064957,1.3199996948242188,71.42732857777791,203716058.1932068,-30811800,59.40252099213416,80.0680903659641
2020-06-02,99.75,101.18000030517578,98.9800033569336,101.16999816894533,82.69696044921875,2860500,0.0190368970264924,0.0188579626395135,2.1999969482421875,79.66762849747393,236554655.36499023,-27951300,65.56775142922142,80.06982972587087
2020-06-03,102.5999984741211,104.22000122070312,102.08000183105467,103.6500015258789,84.72412872314453,3633800,0.0245132138220556,0.024217586438976,2.139999389648452,93.18409711896317,307870538.9541626,-24317500,66.48945656377856,80.07373839407771
2020-06-04,103.3000030517578,103.81999969482422,102.29000091552734,103.1999969482422,84.35627746582031,2768400,-0.0043417532038158,-0.0043512059852759,1.529998779296875,90.0748231774157,233531918.53637695,-27085900,67.4743124171613,80.07647659876298
2020-06-05,104.9800033569336,107.16999816894533,104.66999816894533,106.6500015258789,87.17633819580078,5026800,0.0334303600715797,0.0328837152584224,2.5,95.14848029404013,438218016.84265137,-22059100,67.32767597022232,80.08470988674141
2020-06-08,106.66999816894533,110.48999786376952,106.66999816894533,110.4499969482422,90.28248596191406,4561100,0.0356306290261558,0.0350105445742924,3.8199996948241903,94.80364203908849,411787446.72088623,-17498000,59.77542590922218,80.09542878514854
2020-06-09,109.08000183105467,109.1999969482422,106.52999877929688,107.83000183105467,88.1408920288086,4567900,-0.0237210341550508,-0.0240069077486082,2.6699981689453267,81.92669695088074,402618780.6983948,-22065900,53.60326370637255,80.10388908595027
2020-06-10,107.88999938964844,108.08999633789062,105.62000274658205,106.62999725341795,87.1600112915039,3793300,-0.0111285546892818,-0.0111909403271354,2.4699935913085795,76.30630985952527,330624070.83206177,-25859200,53.51167082841325,80.11004542269194
2020-06-11,103.47000122070312,103.70999908447266,100.4499969482422,100.47000122070312,82.12476348876953,5306100,-0.0577701600553279,-0.0595060427181502,3.2600021362304545,58.04706454488963,435762207.54776,-31165300,52.58758828400343,80.11250125715002
2020-06-12,102.91000366210938,102.97000122070312,99.95999908447266,101.4800033569336,82.95035552978516,3334400,0.0100529000747566,0.0100027057932172,3.0100021362304688,58.98109528576149,276589665.4785156,-27830900,53.53302461177154,80.1146733811984
2020-06-15,99.91999816894533,106.18000030517578,99.58999633789062,105.63999938964844,86.35076141357422,6440200,0.0409932647313135,0.0401753196131631,6.590003967285156,64.1372389132435,556116173.6557007,-21390700,53.65795237853923,80.12387887022791
2020-06-16,107.83999633789062,108.81999969482422,103.77999877929688,105.83000183105467,86.50607299804688,4283300,0.0017986127965774,0.0017969972294778,5.040000915527344,61.10909262129918,370531462.4725342,-17107400,53.12518249343926,80.13013862909587
2020-06-17,106.51000213623048,108.54000091552734,106.16999816894533,106.98999786376952,87.45427703857422,4413500,0.0109611268627203,0.010901489113865,2.370002746582017,62.53017510003671,385979451.7097473,-12693900,61.142057932626145,80.13753315075228
2020-06-18,106.54000091552734,108.5199966430664,106.22000122070312,107.58000183105467,87.93653869628906,3204500,0.0055144433645266,0.0054992944879469,2.299995422363281,63.29838340824856,281792638.2522583,-9489400,69.09117993861689,80.1432459856846
2020-06-19,108.30999755859376,109.04000091552734,106.37000274658205,107.7699966430664,88.0918197631836,9027100,0.0017658310094605,0.001764273762837,2.6699981689452983,64.4632877240316,795213666.1842346,-462300,63.076375306012345,80.1596139397944
2020-06-22,107.08999633789062,107.5500030517578,105.4800033569336,106.9000015258789,87.38069915771484,4385700,-0.0080724930802933,-0.0081052520694782,2.0699996948242045,60.11295276733292,383225532.29599,-4848000,64.3048974768427,80.16683106190605
2020-06-23,108.20999908447266,110.87000274658205,108.01000213623048,110.61000061035156,90.41327667236328,5565900,0.0347053473350549,0.0341166976206857,2.8600006103515625,61.772662859105935,503231256.6307068,717900,69.68522106798183,80.17981124410146
2020-06-24,109.91999816894533,111.5199966430664,108.47000122070312,109.5,89.50595092773438,5471300,-0.0100353153654284,-0.0100860085760568,3.049995422363281,60.42359150296719,489713909.3109131,-4753400,64.25954003514245,80.19141033943738
2020-06-25,109.2699966430664,110.6500015258789,108.36000061035156,110.5199966430664,90.33970642089844,2987000,0.0093150844666989,0.0092719666247869,2.290000915527344,56.96295383242992,269844703.07922363,-1766400,56.56931149327134,80.19829631126929
2020-06-26,110.63999938964844,110.9000015258789,107.16000366210938,107.31999969482422,87.7239990234375,5489000,-0.028954127715162,-0.0293815694948124,3.7399978637695312,44.244192632616006,481517030.63964844,-7255400,62.701544072130744,80.2076683914688
2020-06-29,108.97000122070312,110.13999938964844,107.83999633789062,109.4800033569336,89.48958587646484,3395200,0.0201266115621978,0.0199267485753619,2.3000030517578125,53.086360693701366,303835041.96777344,-3860200,68.4935705582393,80.21481276846583
2020-06-30,109.51000213623048,112.0199966430664,108.62000274658205,111.18000030517578,90.8791961669922,3954900,0.0155281788033485,0.0154088503518357,3.399993896484361,58.354719392170935,359418132.92083746,94700,77.55626828207906,80.22436584688266
2020-07-01,117.86000061035156,119.91000366210938,114.25,114.41999816894533,93.52759552001952,8982100,0.0291419759937228,0.0287254220609253,5.660003662109375,78.69194294599833,840074215.7203673,9076800,76.98573842303333,80.25137583553762
2020-07-02,115.61000061035156,115.87999725341795,114.25,114.36000061035156,93.4785614013672,3442900,-0.0005242743425583,-0.0005244118224049,1.6299972534179543,77.56856916250636,321837339.04876715,5633900,76.15457540844393,80.26166176230203
2020-07-06,115.66999816894533,115.79000091552734,114.61000061035156,115.36000061035156,94.29592895507812,3445900,0.0087439038583554,0.0087058973206684,1.1800003051757812,74.05943348145583,324934341.5863037,9079800,72.03979205367989,80.27257631891729
2020-07-07,114.16000366210938,115.4499969482422,113.87000274658205,114.4499969482422,93.55211639404295,2194700,-0.0078880665292508,-0.0079193419027555,1.5799942016601562,70.60241275631466,205318829.85000607,6885100,66.67810876097589,80.27915072948232
2020-07-08,114.5199966430664,115.2699966430664,113.9800033569336,114.47000122070312,93.56846618652344,3051600,0.0001747666767004,0.0001747514067839,1.2899932861328125,68.90808169320741,285533531.4147949,9936700,62.51608482034329,80.28829249306665
2020-07-09,114.5,115.04000091552734,113.70999908447266,114.4499969482422,93.55211639404295,2366200,-0.0001747361386462,-0.0001747514067839,1.3300018310546875,67.8814107376165,221363017.81158444,7570500,58.34476418399135,80.29536361581421
2020-07-10,114.6999969482422,115.66000366210938,113.98999786376952,115.06999969482422,94.05890655517578,2281800,0.0054171961112907,0.0054025758811055,1.670005798339858,68.58467010296539,214623612.9776001,9852300,60.273027993054164,80.3024357873239
2020-07-13,115.62000274658205,115.76000213623048,113.72000122070312,113.76000213623048,92.98809814453124,2301700,-0.0113844445981986,-0.0114497434547947,2.040000915527358,67.08169346925432,214030705.49926755,7550600,58.102444660396635,80.3090075487542
2020-07-14,113.56999969482422,115.6500015258789,113.0500030517578,115.33000183105467,94.27143096923828,2538000,0.0138010439003963,0.013706676746247,2.599998474121108,63.15498394959599,239260891.79992676,10088600,57.89901191154947,80.31697876028124
2020-07-15,116.72000122070312,119.70999908447266,116.11000061035156,119.20999908447266,97.44295501708984,4841800,0.0336424727538766,0.0330889452625839,3.5999984741210938,73.44282583310307,471799299.6017456,14930400,63.357755117491024,80.33561084073989
2020-07-16,118.8000030517578,119.8499984741211,118.16999816894533,119.73999786376952,97.87618255615234,2528200,0.0044459606031705,0.0044361065167857,1.680000305175767,72.7992540431002,247450564.73846436,17458600,72.36674432558146,80.34556965641642
2020-07-17,120.0,120.68000030517578,118.45999908447266,118.5500030517578,96.90348052978516,2782400,-0.009938087090893,-0.0099877995169116,2.220001220703125,80.83488767002234,269624244.2260742,14676200,66.77849924167249,80.35590931851166
2020-07-20,118.41999816894533,118.72000122070312,117.05999755859376,118.3499984741211,96.73999786376952,2365900,-0.0016870670188713,-0.0016884917190363,1.6600036621093608,77.29250167432303,228877160.9458923,12310300,65.5651253849503,80.36460431420561
2020-07-21,119.0,120.3000030517578,118.81999969482422,119.04000091552734,97.30400848388672,2054400,0.0058301698632601,0.0058132401929745,1.4800033569335795,75.78756348799493,199901355.02929688,14364700,51.89569030164193,80.37240681371082
2020-07-22,118.75,119.25,117.9000015258789,118.72000122070312,97.04244232177734,3508200,-0.0026881334714251,-0.00269175299016,1.3499984741210938,67.45144862425768,340444296.1532593,10856500,53.24209844464678,80.38550858504512
2020-07-23,118.70999908447266,119.4000015258789,117.9499969482422,118.13999938964844,96.56835174560548,2349200,-0.0048853941103403,-0.0048973666578054,1.4500045776367043,64.71971533560364,226858371.9207764,8507300,45.4076009662622,80.39402105234706
2020-07-24,118.16000366210938,119.4800033569336,117.55999755859376,118.3499984741211,96.73999786376952,2539000,0.0017774572627708,0.001775879454991,1.920005798339829,62.40682747504087,245622854.5761108,11046300,54.043547929396794,80.403308735374
2020-07-27,118.12000274658205,121.77999877929688,117.54000091552734,121.01000213623048,98.91429901123048,4446000,0.0224757204411234,0.022226863363041,4.239997863769531,73.76815671930498,439772973.4039307,15492300,54.62794208850637,80.4217080238427
2020-07-28,120.22000122070312,120.73999786376952,119.2300033569336,119.62000274658205,97.77810668945312,2497600,-0.0114866337135782,-0.011553114675912,1.5099945068359233,66.97432344631366,244210599.26757812,12994700,64.70918348327316,80.43139396863444
2020-07-29,120.58000183105467,124.3000030517578,120.43000030517578,123.68000030517578,101.09675598144533,6769600,0.0339406172235707,0.0333773442857775,3.870002746582017,74.0239585838635,684384599.2919923,19764300,80.2438254037069,80.46260507020713
2020-07-30,137.66000366210938,145.5,135.14999389648438,141.4600067138672,115.6302490234375,30970900,0.1437582531793557,0.1343195534760782,10.350006103515623,86.27993377889628,3581172879.4799805,50735200,84.40564388125605,80.70393415303913
2020-07-31,141.82000732421875,144.1300048828125,139.6999969482422,142.75999450683594,116.69288635253906,7429900,0.0091899597041096,0.0091479889680444,4.4300079345703125,89.87904728753566,867016476.31073,58165100,78.99985088962426,80.76308355591543
2020-08-03,143.47000122070312,143.5,140.5399932861328,142.17999267578125,116.21876525878906,4317200,-0.0040629819740479,-0.004071258310653,2.9600067138671875,87.9558739434971,501739653.37524414,53847900,79.24742114600618,80.79691119212511
2020-08-04,141.6300048828125,145.94000244140625,141.33999633789062,144.72000122070312,118.29499816894533,4841700,0.0178648680833344,0.0177071667665068,4.600006103515625,87.48162684845764,572748892.6345826,58689600,79.76363287235765,80.83699105133265
2020-08-05,145.35000610351562,146.0,143.27999877929688,145.0800018310547,118.5892333984375,3939300,0.0024873006808956,0.0024842124683724,2.720001220703125,87.41876111405293,467158567.12646484,62628900,79.80022115731093,80.86979329063135
2020-08-06,144.97000122070312,145.66000366210938,144.44000244140625,145.47000122070312,118.90805053710938,2420900,0.0026884155461288,0.0026848082209342,1.220001220703125,90.71380435067998,287864499.5452881,65049800,84.21684176203983,80.890093817365
2020-08-07,145.67999267578125,156.89999389648438,145.58999633789062,156.89999389648438,128.25099182128906,10074200,0.0785728236395895,0.0756387076454625,11.30999755859375,93.51994471876895,1292026141.8060303,75124000,85.35150729543923,80.99504247929957
2020-08-10,157.47000122070312,162.6999969482422,157.0,159.58999633789062,130.44979858398438,7396400,0.0171445595193464,0.0169992500519212,5.699996948242188,93.79991841865264,964858890.246582,82520400,81.9555853043157,81.07537083441746
2020-08-11,160.66000366210938,161.25999450683594,154.8800048828125,155.85000610351562,127.39274597167967,6071900,-0.0234347054996528,-0.0237136650530548,6.3799896240234375,87.34666609837213,773516014.2654418,76448500,84.45866830222256,81.13704883133006
2020-08-12,157.25,160.25,156.39999389648438,157.7899932861328,128.97848510742188,4247200,0.0124476407478861,0.0123708058198081,3.850006103515625,88.81930512613985,547797421.9482422,80695700,86.75630859146905,81.18156976801134
2020-08-13,156.77000427246094,159.72000122070312,156.47999572753906,159.2899932861328,130.20458984375,2848200,0.0095062733548696,0.0094613730702869,3.2400054931640625,89.09476695485907,370848712.79296875,83543900,86.77939392537881,81.21214409976352
2020-08-14,158.72999572753906,162.42999267578125,158.3800048828125,160.74000549316406,131.38986206054688,3479000,0.0091031523406297,0.0090619683964878,4.04998779296875,88.83680199789818,457105330.1086426,87022900,88.96631772083443,81.25034037765538
2020-08-17,161.11000061035156,162.13999938964844,159.75,160.3000030517578,131.0301513671875,2408900,-0.0027377355278264,-0.0027414899797665,2.389999389648437,90.51785815218844,315638531.62841797,84614000,85.6129585948931,81.27656437413114
2020-08-18,160.38999938964844,161.35000610351562,159.0500030517578,159.99000549316406,130.77676391601562,2606600,-0.0019338102606766,-0.0019356824858135,2.3000030517578125,89.08498830731092,340882712.8234863,82007400,79.9022862010073,81.30476512754568
2020-08-19,160.5500030517578,161.88999938964844,159.86000061035156,160.33999633789062,131.06285095214844,2691600,0.0021875983742534,0.0021852090648616,2.029998779296875,82.52920868473915,352768769.62280273,84699000,74.41949417519925,81.334019995352
2020-08-20,159.16000366210938,160.25999450683594,157.30999755859375,159.5500030517578,130.41709899902344,2296700,-0.0049270403354858,-0.0049392182157915,2.9499969482421875,79.44571614150232,299528951.2710571,82402300,81.2750008590951,81.3586317287133
2020-08-21,158.75999450683594,160.24000549316406,157.52000427246094,159.02999877929688,130.82020568847656,4420700,0.0030909036663677,0.0030861366440422,2.720001220703125,81.42359127132677,578316883.2870483,86823000,81.19046739611113,81.40632379610994
2020-08-24,159.72000122070312,161.05999755859375,159.07000732421875,160.35000610351562,131.90606689453125,4084000,0.0083004089493672,0.0082661499999784,1.989990234375,80.59647021456266,538704377.1972656,90907000,75.84690160775163,81.45126817515064
2020-08-25,161.55999755859375,162.39999389648438,158.0500030517578,159.0399932861328,130.82843017578125,2931500,-0.0081697282325281,-0.0082032833446241,4.3499908447265625,76.576587919552,383523543.06030273,87975500,71.31427174504229,81.48279201777017
2020-08-26,159.00999450683594,159.97000122070312,157.86000061035156,158.89999389648438,130.71328735351562,2761700,-0.000880105510025,-0.0008804930302685,2.1100006103515625,75.86303956269361,360990885.6842041,85213800,67.5395418952036,81.51238390782716
2020-08-27,159.74000549316406,160.97000122070312,158.72000122070312,160.2100067138672,131.79087829589844,2913400,0.0082439280979023,0.0082101325344141,2.25,62.15849915725388,383959544.8272705,88127200,64.49235892311219,81.54424561762616
2020-08-28,160.52000427246094,162.61000061035156,159.33999633789062,162.36000061035156,133.5595245361328,2979800,0.0134200960119819,0.0133308441492023,3.270004272460937,61.00625058730892,397980671.21276855,91107000,76.33487714955095,81.57793735056086
2020-08-31,161.72999572753906,165.22000122070312,161.25999450683594,163.6199951171875,134.59600830078125,3960900,0.0077604631212058,0.0077305056168634,3.960006713867188,79.74951254894994,533121329.27856445,95067900,68.53618617069998,81.62354622333862
2020-09-01,163.1300048828125,164.13999938964844,161.5500030517578,162.64999389648438,133.79806518554688,3097000,-0.0059284307559197,-0.0059460736659389,2.589996337890625,71.29029474887568,414372607.8796387,91970900,69.29241373628145,81.6586164989441
2020-09-02,163.25,166.1999969482422,162.1999969482422,165.77999877929688,136.3728790283203,3778000,0.0192440289715907,0.0190612044431033,4.0,74.34703369056811,515216736.96899414,95748900,59.79483729814918,81.70344415777168
2020-09-03,162.27000427246094,163.4499969482422,156.9499969482422,158.02000427246094,129.9893798828125,4759900,-0.0468091543640591,-0.0479401376266413,6.5,46.08051969348607,618736449.3041992,90989000,53.18394191118306,81.75323551557048
2020-09-04,160.24000549316406,161.85000610351562,154.6300048828125,160.77999877929688,132.25975036621094,3601300,0.0174658151723257,0.0173150408879899,7.220001220703125,53.10876571395945,476307038.99383545,94590300,52.59845567064028,81.79260896785259
2020-09-08,160.02999877929688,160.05999755859375,155.9600067138672,156.4499969482422,128.69784545898438,3176400,-0.026931132845511,-0.0273004211358457,4.0999908447265625,45.49722120870811,408795836.31591797,91413900,52.20971567262354,81.82483855889171
2020-09-09,158.0500030517578,160.9600067138672,158.0500030517578,159.8000030517578,131.45362854003906,2317600,0.0214128144199037,0.0211867810895619,2.910003662109375,50.76459538245294,304656929.50439453,93731500,52.039645353882335,81.84970724091893
2020-09-10,160.99000549316406,161.25999450683594,157.0800018310547,157.88999938964844,129.88238525390625,2450900,-0.0119528331289404,-0.0120248426257387,4.17999267578125,48.99034513756234,318328738.0187988,91280600,49.99070810721888,81.87514699537599
2020-09-11,158.49000549316406,160.61000061035156,157.42999267578125,158.8699951171875,130.6885986328125,2466800,0.0062072572607145,0.0061880715920191,3.1800079345703125,49.75522373827416,322382635.1074219,93747400,49.47957159897813,81.9011541315972
2020-09-14,160.89999389648438,162.16000366210938,159.02999877929688,160.13999938964844,131.7333221435547,3617900,0.0079939912254891,0.0079622085455852,3.1300048828125,49.67821924294973,476597986.1831665,97365300,56.30670694627934,81.94006278392403
2020-09-15,160.5800018310547,161.77000427246094,158.3699951171875,161.52999877929688,132.87673950195312,3238500,0.0086797883769484,0.0086423355793492,3.400009155273437,53.8061661717972,430321320.8770752,100603800,64.76329752956728,81.97563827693567
2020-09-16,166.8000030517578,167.36000061035156,159.52999877929688,159.8699951171875,131.51121520996094,5736800,-0.0102766240134309,-0.0103297930934235,7.830001831054687,51.416868026138886,754453539.4165039,94867000,58.65447705488756,82.03684883929914
2020-09-17,157.0399932861328,160.27000427246094,156.97000122070312,159.75,131.41246032714844,3002200,-0.0007509236581445,-0.0007512057425394,3.3000030517578125,49.30384948776796,394526488.39416504,91864800,62.037661977017436,82.06875766268591
2020-09-18,160.13999938964844,163.75,159.4199981689453,159.66000366210938,131.33847045898438,7274000,-0.0005630354076003,-0.0005631939715563,4.330001831054688,45.642371433207416,955356034.1186523,84590800,54.51305815400021,82.14578280867386
2020-09-21,161.4199981689453,162.9499969482422,157.3800048828125,161.05999755859375,132.49014282226562,3894400,0.0087687359176373,0.008730513829922,5.569992065429688,45.88695795225879,515969612.20703125,88485200,60.44615061782026,82.18788524580168
2020-09-22,160.33999633789062,162.13999938964844,159.57000732421875,161.88999938964844,133.17291259765625,3051900,0.0051533628151232,0.0051401296849145,2.5699920654296875,48.77347374269832,406430411.9567871,91537100,60.46542924870242,82.22127738797367
2020-09-23,162.5,165.75999450683594,161.33999633789062,161.5500030517578,132.8931884765625,3842400,-0.0021004580859386,-0.002102667141919,4.4199981689453125,42.49730054818118,510628787.40234375,87694700,62.56828746101021,82.26302611316235
2020-09-24,161.1199951171875,162.57000732421875,157.99000549316406,160.41000366210938,131.9553985595703,2975100,-0.0070567192174607,-0.007081735619136,4.580001831054688,55.53999052338926,392580506.25457764,84719600,70.16248486083668,82.2947062973777
2020-09-25,159.27000427246094,167.0,159.27000427246094,166.1199951171875,136.6525421142578,4399300,0.0355964485421715,0.0349775395171863,7.7299957275390625,60.88906607438967,601175528.5232544,89118900,76.87233811783565,82.34590192980932
2020-09-28,169.91000366210938,171.97999572753906,168.49000549316406,168.89999389648438,138.93939208984375,4338400,0.0167347781475872,0.0165962946064187,3.489990234375,77.10034869204145,602774658.6425781,93457300,71.22495368470406,82.39841653019546
2020-09-29,168.80999755859375,170.47000122070312,167.1199951171875,168.5,138.61033630371094,3113700,-0.0023683404769759,-0.0023711494311998,3.350006103515625,71.7279839600335,431591004.14886475,90343600,67.20203408570717,82.43582759291148
2020-09-30,169.2899932861328,169.6699981689453,165.5,166.6300048828125,137.07208251953125,5426700,-0.0110976845248337,-0.0111597232435005,4.1699981689453125,71.87195374426028,743849070.2087402,84916900,68.69892721815475,82.49912823844691
2020-10-01,169.0399932861328,170.8000030517578,166.8800048828125,167.64999389648438,137.91111755371094,4934100,0.0061211226878392,0.0061024647161372,3.919998168945313,71.92801213386912,680467245.1217651,89851000,61.588343706529436,82.55743861423745
2020-10-02,166.66000366210938,168.5,165.75,166.9600067138672,137.3435516357422,4482700,-0.0041154471665252,-0.0041239389254801,2.75,67.54123482140642,615669938.9175415,85368300,61.36212515598027,82.60976603312614
2020-10-05,168.16000366210938,169.9600067138672,167.44000244140625,169.16000366210938,139.15328979492188,2739000,0.0131767246268643,0.0130906667406433,2.520004272460937,68.83959732158397,381140860.748291,88107300,60.102903153700424,82.64274527540933
2020-10-06,169.27999877929688,172.0500030517578,168.72000122070312,169.35000610351562,139.30958557128906,3671400,0.0011231913855398,0.001122561078022,3.3300018310546875,75.2396680501204,511461212.46643066,91778700,65.85393766908298,82.68701298699577
2020-10-07,170.61000061035156,175.44000244140625,170.30999755859375,174.99000549316406,143.94912719726562,3847000,0.0333038218938808,0.0327612629576271,5.1300048828125,81.3582468147603,553772292.3278809,95625700,63.243828145259975,82.73711846258257
2020-10-08,175.5500030517578,175.97999572753906,173.4499969482422,174.2100067138672,143.30747985839844,2797500,-0.0044574590437626,-0.0044674231350367,2.529998779296875,79.11164323214538,400902674.9038696,92828200,64.14932862220209,82.77312182465641
2020-10-09,174.50999450683594,175.3800048828125,172.86000061035156,174.69000244140625,143.7023162841797,2861100,0.0027551696964553,0.0027513811735143,2.520004272460937,78.31321587294981,411146697.1206665,95689300,63.770716316731225,82.81013934604172
2020-10-12,174.86000061035156,176.8000030517578,174.2100067138672,176.5399932861328,145.2241668701172,2274000,0.0105902996227837,0.010534615197884,2.589996337890625,79.19488045044466,330239755.4626465,97963300,63.369097111870175,82.84026329264749
2020-10-13,175.5,177.14999389648438,174.88999938964844,175.3300018310547,144.22879028320312,3018000,-0.0068540698725735,-0.0068776668950552,2.259994506835937,76.54088544643878,435282489.07470703,94945300,62.82501341420137,82.87956103012073
2020-10-14,175.72000122070312,175.9600067138672,173.8000030517578,174.3800048828125,143.44732666015625,3156900,-0.0054182221282755,-0.005432953931342,2.160003662109375,77.10532471972792,452848865.53344727,91788400,55.7530964842382,82.9200906719792
2020-10-15,172.6699981689453,174.05999755859375,172.00999450683594,174.0399932861328,143.16763305664062,3059700,-0.0019498000417829,-0.001951703376368,2.0500030517578125,69.41186954035061,438050006.8634033,88728700,55.045681986391095,82.95913940943339
2020-10-16,175.07000732421875,176.19000244140625,174.25999450683594,174.44000244140625,143.49668884277344,3446000,0.0022983950988602,0.0022957578290639,1.9300079345703125,65.3719580798936,494489589.75219727,92174700,55.21515724449123,83.00329767615872
2020-10-19,174.75999450683594,176.1999969482422,171.11000061035156,172.10000610351562,141.57176208496094,2884600,-0.013414433276029,-0.0135052195982751,5.089996337890625,59.01813477762269,408377904.9102783,89290100,64.29421883019167,83.03903781584523
2020-10-20,173.13999938964844,177.35000610351562,172.36000061035156,174.8800048828125,143.858642578125,2784700,0.0161535073060095,0.0160244276114851,4.990005493164063,69.7652508719101,400603161.9873047,92074800,54.20029801032291,83.0748452376267
2020-10-21,176.42999267578125,178.00999450683594,172.64999389648438,172.72999572753906,142.0900115966797,4428700,-0.0122942282072822,-0.0123704274152725,5.3600006103515625,61.54549854220522,629274034.3582153,87646100,54.71615936472091,83.13005100998532
2020-10-22,174.36000061035156,174.72000122070312,171.64999389648438,172.99000549316406,142.30389404296875,3897700,0.0015052602493703,0.0015041284807563,3.07000732421875,63.97766195213693,554657887.8112793,91543800,48.694692490150274,83.17872818584449
2020-10-23,172.4199981689453,173.75,171.30999755859375,171.89999389648438,141.40724182128906,2763100,-0.0063009675716177,-0.0063209024512588,2.44000244140625,56.695940867745705,390722349.8764038,88780700,40.39293046884189,83.21266462796227
2020-10-26,170.9199981689453,170.9199981689453,166.17999267578125,168.0,138.1990509033203,4053900,-0.0226875998474199,-0.0229489235437083,4.740005493164063,47.20727413378684,560245132.4569702,84726800,42.67285627436629,83.25964224833342
2020-10-27,170.88999938964844,171.6699981689453,168.61000061035156,170.83999633789062,140.53524780273438,5753900,0.0169045799095131,0.0167632876001839,3.05999755859375,40.29005030918099,808625762.3321533,90480700,31.74789604876916,83.32901173609956
2020-10-28,163.16000366210938,163.8699951171875,155.60000610351562,155.77999877929688,128.14669799804688,11120900,-0.0881526165028504,-0.0922826455677845,8.269989013671875,24.15146096015394,1425106613.7664795,79359800,39.845234099921065,83.4336788909798
2020-10-29,158.07000732421875,164.02000427246094,157.74000549316406,161.36000061035156,132.7368927001953,5849600,0.0358198437716936,0.0351932327423648,6.279998779296875,33.64421531015974,776457727.5390625,85209400,34.325712529608126,83.4941696845011
2020-10-30,160.00999450683594,160.4600067138672,155.25,157.11000061035156,129.2407989501953,5240500,-0.0263385233666454,-0.0266915956772383,5.210006713867188,27.48554326874303,677286406.8984985,79968900,34.919383430529436,83.54439730574997
2020-11-02,158.8800048828125,161.19000244140625,156.97000122070312,159.5500030517578,131.2479705810547,3924000,0.0155304799038953,0.0154111162642819,4.220001220703125,32.22174899615935,515017036.5600586,83892900,39.98471111988018,83.58358356403606
2020-11-03,161.25,164.64999389648438,160.35000610351562,163.47999572753906,134.4808349609375,3142200,0.0246317285179376,0.0243332587797318,4.29998779296875,38.49239547300346,422565679.6142578,87035100,45.3309864809978,83.61704129307502
2020-11-04,163.72999572753906,165.33999633789062,160.55999755859375,162.5800018310547,133.740478515625,3530000,-0.0055052933418174,-0.0055205033184819,4.779998779296875,38.04256860903784,472103889.16015625,83505100,45.60380558901289,83.65402949787119
2020-11-05,165.60000610351562,165.85000610351562,162.2100067138672,163.55999755859375,134.54666137695312,3998300,0.0060279645345664,0.0060098690392752,3.6399993896484375,38.78351994033676,537957916.1834717,87503400,50.33961971567581,83.69653206301216
2020-11-06,164.0800018310547,168.3000030517578,163.07000732421875,167.67999267578125,137.93582153320312,2960000,0.025189477922122,0.0248774520158996,5.229995727539063,45.604627697937936,408290031.73828125,90463400,41.50072870625866,83.7300457438534
2020-11-09,164.10000610351562,167.52999877929688,158.7100067138672,163.22000122070312,134.26695251464844,9453000,-0.0265983772581622,-0.0269585144978384,8.819992065429688,38.779810831410046,1269225502.1209717,81010400,47.164958975270466,83.82957221504125
2020-11-10,163.72999572753906,165.25999450683594,161.02999877929688,164.72999572753906,135.5090789794922,3329800,0.0092511704598958,0.009208640482612,4.229995727539063,42.20573246105469,451218131.1859131,84340200,52.575603561125405,83.86539799304215
2020-11-11,166.3699951171875,168.22000122070312,165.17999267578125,166.63999938964844,137.08029174804688,3240200,0.0115948892899824,0.0115281836953184,3.040008544921875,44.00603154303708,444167561.3220215,87580400,51.69429345904128,83.90127128834496
2020-11-12,165.33999633789062,165.5,161.6699981689453,163.11000061035156,134.99464416503906,4070000,-0.0152147880370814,-0.0153317205092462,3.830001831054688,42.837138018582095,549428201.751709,83510400,56.754677181512406,83.9444985425458
2020-11-13,164.1999969482422,165.10000610351562,163.16000366210938,163.6699981689453,135.45816040039062,2628500,0.0034335898154957,0.0034277085048124,1.94000244140625,46.7384440068112,356051774.61242676,86138900,55.76686105110533,83.97262997456846
2020-11-16,163.16000366210938,168.47999572753906,161.25,168.44000244140625,139.4059600830078,4406300,0.0291440520892074,0.0287274393660582,7.2299957275390625,48.70582820594694,614264481.9137573,90545200,68.69553547626597,84.0233301046995
2020-11-17,168.6300048828125,169.39999389648438,165.5,168.8800048828125,139.7700958251953,3627800,0.0026120528991062,0.0026086474178415,3.899993896484375,68.3883498520485,507057953.63464355,94173000,67.46903834192258,84.0652770311554
2020-11-18,168.9499969482422,171.57000732421875,168.4499969482422,168.4499969482422,139.41419982910156,3393500,-0.0025462957150638,-0.0025495430396017,3.1200103759765625,62.197762500362366,473102087.12005615,90779500,69.71855202059214,84.104207405949
2020-11-19,168.0,168.0,165.6999969482422,166.47999572753906,137.7837677001953,3143600,-0.0116948785052375,-0.0117638014877936,2.3000030517578125,66.7473915956734,433137052.142334,87635900,62.564479439099806,84.13916044228269
2020-11-20,166.3300018310547,166.8000030517578,163.7100067138672,163.75999450683594,135.53260803222656,3988100,-0.0163383517924046,-0.0164732945086013,3.089996337890625,58.319891437680376,540517594.0933228,83647800,63.03129712705585,84.18157977792627
2020-11-23,165.5,166.72999572753906,163.91000366210938,166.60000610351562,137.8831024169922,3770900,0.0173426485248977,0.0171939811914378,2.8199920654296875,56.84093164130692,519943390.90423584,87418700,64.37279783323885,84.2234574836699
2020-11-24,167.9600067138672,173.11000061035156,167.57000732421875,172.69000244140625,142.92335510253906,5371700,0.0365545349444191,0.0359022660242372,5.5399932861328125,65.74195610628618,767741386.6043091,92790400,57.83174155995573,84.28859304839682
2020-11-25,172.11000061035156,172.99000549316406,169.3800048828125,170.5,141.11085510253906,3497700,-0.0126816222492093,-0.0127627203874722,3.6100006103515625,60.877522401540176,493563437.8921509,89292700,53.28476109085173,84.32961879471598
2020-11-27,170.9600067138672,171.42999267578125,167.88999938964844,168.88999938964844,139.77835083007812,2216600,-0.0094429607948492,-0.0094878282267963,3.5399932861328125,53.2765924654003,309832692.4499512,87076100,67.18309187886629,84.35497800324883
2020-11-30,169.57000732421875,171.22999572753906,168.11000061035156,171.07000732421875,141.58262634277344,4708600,0.0129081184745747,0.012825518758536,3.1199951171875,63.93358009076705,666655954.397583,91784700,68.53807064390897,84.41052143726716
2020-12-01,173.50999450683594,174.1999969482422,167.89999389648438,167.9600067138672,139.00865173339844,5371500,-0.018180017392412,-0.0183473045325204,6.3000030517578125,56.34352879741023,746684972.7859497,86413200,61.77665458103044,84.47090625915294
2020-12-02,167.9199981689453,168.9600067138672,166.5,168.8300018310547,139.72869873046875,3853300,0.0051798718143909,0.0051665024263214,2.4600067138671875,54.95350894717315,538416594.8181152,90266500,68.46270208979942,84.51471253804077
2020-12-03,169.1199951171875,170.22999572753906,167.4199981689453,167.8300018310547,138.90109252929688,2844200,-0.005922950751644,-0.0059405609952816,2.80999755859375,57.66734171786453,395062487.3718262,87422300,63.38376488187307,84.54651833192737
2020-12-04,168.07000732421875,168.60000610351562,166.33999633789062,167.25,138.42103576660156,2766200,-0.0034561050165538,-0.0034620911439327,2.260009765625,55.811580001520426,382900269.13757324,84656100,56.515293381002415,84.57714332368231
2020-12-07,168.1300048828125,168.2899932861328,166.10000610351562,167.47000122070312,138.60313415527344,3117200,0.0013155398503079,0.0013146752859219,2.1899871826171875,48.15233621623292,432053689.78881836,87773300,49.30012488403715,84.6117291620057
2020-12-08,167.5500030517578,168.24000549316406,165.9199981689453,166.38999938964844,137.70928955078125,3885000,-0.0064489494407163,-0.0064698337514901,2.32000732421875,45.370044696207714,535000589.90478516,83888300,49.21751290297443,84.65405934298614
2020-12-09,167.5399932861328,169.85000610351562,167.00999450683594,169.17999267578125,140.01837158203125,3327300,0.0167678014953269,0.0166287738843632,2.8400115966796875,51.24785930437556,465883127.7648926,87215600,47.829241216204174,84.6918348220266
2020-12-10,167.0500030517578,167.4600067138672,163.6300048828125,164.24000549316406,135.92990112304688,4708600,-0.0291995286960546,-0.0296343196498484,3.830001831054688,46.52396105073967,640039532.4279785,82507000,55.84567580459721,84.74126059899208
2020-12-11,165.5,169.02000427246094,165.35000610351562,168.39999389648438,139.37281799316406,4777500,0.0253286204262046,0.0250131665013346,3.669998168945313,56.89244184454267,665853637.9623413,87284500,55.582775243817295,84.79467869405521
2020-12-14,171.77999877929688,171.77999877929688,166.58999633789062,166.6199951171875,137.899658203125,3388700,-0.0105699218201308,-0.0106261802262449,5.19000244140625,50.03068069288033,467300571.7529297,83895800,48.063191643705295,84.83148408098546
2020-12-15,167.10000610351562,168.38999938964844,166.13999938964844,167.1699981689453,138.35487365722656,2555300,0.0033010629615268,0.0032956264141602,2.25,39.80056250204397,353538208.65631104,86451100,54.93777476889549,84.85944179205786
2020-12-16,167.39999389648438,171.66000366210938,167.39999389648438,170.1300048828125,140.8046112060547,3421600,0.0177061890490199,0.0175512606053538,4.260009765625,49.33520593047983,481777057.7026367,89872700,61.06726539203967,84.89854427054885
2020-12-17,170.74000549316406,175.32000732421875,170.0399932861328,174.49000549316406,144.4130859375,4386900,0.0256275323694097,0.0253046519579242,5.2800140380859375,59.156312852395445,633525766.6992188,94259600,63.857429983246746,84.9518291851418
2020-12-18,173.0500030517578,175.49000549316406,171.13999938964844,175.17999267578125,144.98411560058594,8581300,0.0039541407163965,0.0039463436490365,4.350006103515625,57.06415029287133,1244152191.203308,102840900,56.51805416507365,85.05678378392066
2020-12-21,172.44000244140625,174.44000244140625,171.02999877929688,172.58999633789062,142.84060668945312,3180000,-0.0147844396763981,-0.0148948187845538,3.410003662109375,58.10301268379565,454233129.27246094,99660900,62.632446437817144,85.09419618806014
2020-12-22,172.3300018310547,175.25,172.02000427246094,174.55999755859375,144.47100830078125,2489200,0.0114141325013603,0.011349482772924,3.2299957275390625,59.65626778750196,359617233.8623047,102150100,57.569482693230114,85.12427348809607
2020-12-23,174.3800048828125,175.94000244140625,172.6199951171875,172.63999938964844,142.88198852539062,2553800,-0.0109988834028372,-0.0110598183437197,3.32000732421875,57.86209540157283,364892022.2961426,99596300,59.47781989393519,85.15427432865167
2020-12-24,173.00999450683594,173.35000610351562,171.47000122070312,172.19000244140625,142.509521484375,1006100,-0.0026068159105262,-0.0026102195715538,1.8800048828125,58.10904138609367,143378829.5654297,98590200,60.88163041794969,85.16600875811609
2020-12-28,172.60000610351562,173.1999969482422,170.89999389648438,171.36000061035156,141.82261657714844,1861700,-0.0048200632496115,-0.0048317172181344,2.3000030517578125,56.26011744544294,264031165.28167725,96728500,62.057278330913924,85.18744968508618
2020-12-29,171.75,172.00999450683594,168.39999389648438,169.02999877929688,139.8942413330078,2864600,-0.0135970925560495,-0.0136903796059831,3.6100006103515625,54.08421073047625,400741043.7225342,93863900,55.628496344347845,85.21928694677757
2020-12-30,169.82000732421875,169.82000732421875,166.14999389648438,166.22999572753906,137.57684326171875,3107100,-0.0165653571527127,-0.0167040969988995,3.670013427734375,45.43760321906623,427465009.6984863,90756800,58.31840037580995,85.25231561187128
2020-12-31,166.7899932861328,168.47999572753906,165.44000244140625,168.39999389648438,139.37281799316406,2349400,0.0130543388615826,0.0129698653496906,3.0399932861328125,57.03653252550503,327442498.59313965,93106200,48.81020876111044,85.27811848689716
2021-01-04,168.39999389648438,168.5399932861328,161.8800048828125,163.8000030517578,135.5657196044922,4304000,-0.027315931782757,-0.0276959481683556,6.6599884033203125,42.333291133483854,583474857.1777344,88802200,41.16510911777521,85.32200219747153
2021-01-05,162.67999267578125,164.00999450683594,161.22999572753906,161.52000427246094,133.67874145507812,3967000,-0.0139192869327087,-0.0140170686351585,2.779998779296875,41.639293525108535,530303567.3522949,84835200,39.237715911578306,85.36086554401408
2021-01-06,160.27999877929688,163.1300048828125,160.00999450683594,161.0399932861328,133.28147888183594,5061400,-0.0029717707461787,-0.0029761952247274,3.1200103759765625,39.927597697667366,674590877.2125244,79773800,30.846240780999416,85.40995281854515
2021-01-07,161.6199951171875,161.8699951171875,158.13999938964844,159.0,131.5930938720703,6024300,-0.0126678141924168,-0.0127487350707305,3.7299957275390634,31.14193142088861,792756275.4135132,73749500,22.094125750912458,85.46619171243803
2021-01-08,159.11000061035156,159.89999389648438,157.47000122070312,158.38999938964844,131.08822631835938,4844800,-0.0038365809242372,-0.0038439594791595,2.42999267578125,18.749847910759044,635096238.8671875,68904700,17.261420676288463,85.51082636023807
2021-01-11,158.8699951171875,161.94000244140625,157.74000549316406,161.86000061035156,133.96014404296875,6127800,0.021908281203185,0.0216717433346571,4.199996948242188,26.664457360059487,820880970.6665039,75032500,25.77642878228858,85.57070566827174
2021-01-12,162.3699951171875,164.4499969482422,159.92999267578125,163.91000366210938,135.65673828125,4612100,0.0126649179903617,0.0125853887005194,4.5200042724609375,34.49991703474268,625662442.6269531,79644600,25.76213465582079,85.61725313746905
2021-01-13,163.5500030517578,164.4499969482422,161.9499969482422,163.11000061035156,134.99464416503906,2643000,-0.004880657788176,-0.0048926070945703,2.5,28.661967814442747,356790844.52819824,77001600,30.937470899636743,85.64353612912524
2021-01-14,163.6999969482422,165.58999633789062,163.22000122070312,163.47000122070312,135.29263305664062,2625000,0.0022074126973308,0.0022049799413291,2.3699951171875,31.856067238662234,355143161.77368164,79626600,28.880094453194676,85.66976989397475
2021-01-15,162.72999572753906,162.97000122070312,158.2100067138672,158.89999389648438,131.51034545898438,4816300,-0.0279563455319313,-0.028354563526026,4.7599945068359375,27.39039938372981,633393276.8341064,74810300,27.66584387256843,85.71416782396406
2021-01-19,159.6999969482422,159.8000030517578,156.0500030517578,156.27999877929688,129.34193420410156,4537400,-0.0164885222323372,-0.0166259708930449,3.75,25.817911326763635,586876092.2576904,70272900,32.81003526300146,85.75393942611694
2021-01-20,156.91000366210938,160.2899932861328,156.02999877929688,159.83999633789062,132.288330078125,3029800,0.0227798964980221,0.0225243088819504,4.2599945068359375,35.82238049052428,400807182.4707031,73302700,37.02191684921177,85.78224857095877
2021-01-21,159.33999633789062,161.6999969482422,159.22000122070312,160.10000610351562,132.50350952148438,2002800,0.0016265942977153,0.0016252728260155,2.4799957275390625,39.73899850877453,265378028.8696289,75305500,36.6050647443448,85.80102946593946
2021-01-22,158.39999389648438,160.4499969482422,157.39999389648438,158.99000549316406,131.58482360839844,3131600,-0.0069332949474593,-0.0069574419136253,3.0500030517578125,33.668959779861126,412071033.61206055,72173900,43.80738788950949,85.82978817098103
2021-01-25,159.7100067138672,164.13999938964844,159.11000061035156,161.75,133.8690643310547,3938100,0.0173594542289636,0.0172105002720871,5.029998779296875,46.19946843417772,527189762.24212646,76112000,44.60767582294813,85.86770495881785
2021-01-26,162.3800048828125,162.75999450683594,160.49000549316406,161.42999267578125,133.60423278808594,2962400,-0.0019782878463527,-0.0019802472423469,2.269989013671875,49.8200199183363,395789179.2114258,73149600,46.51537141511022,85.89603094836461
2021-01-27,159.5,159.60000610351562,156.99000549316406,157.64999389648438,130.47579956054688,2821500,-0.0234156745056212,-0.0236941775608141,2.6100006103515625,44.01271483638537,368137468.460083,70328100,49.70719272767524,85.92121137319923
2021-01-28,159.07000732421875,159.3800048828125,157.1999969482422,157.27000427246094,130.16127014160156,2565100,-0.0024106341559482,-0.0024135444124483,2.1800079345703125,46.75418473433267,333876674.04022217,67763000,49.6325656459622,85.9439174564987
2021-01-29,157.02000427246094,157.6999969482422,154.75999450683594,155.0,128.28257751464844,5007900,-0.0144335763235047,-0.014538753669844,2.94000244140625,44.01277216226091,642426319.9356079,62755100,48.12322084956873,85.9862993184836
2021-02-01,156.1999969482422,157.14999389648438,154.91000366210938,156.25999450683594,129.3253936767578,4783000,0.0081290552646582,0.0080961924704317,2.239990234375,39.27199776781773,618563357.9559326,67538100,53.83408381153216,86.02769475556647
2021-02-02,163.1999969482422,164.1999969482422,156.92999267578125,160.2899932861328,132.66073608398438,10758300,0.0257903131968271,0.0254633527590417,7.2700042724609375,43.554192502948034,1427203997.012329,78296400,47.39338935336795,86.12766657860455
2021-02-03,160.69000244140625,161.47000122070312,156.85000610351562,159.7100067138672,132.18072509765625,4559200,-0.0036183350137921,-0.003624897021739,4.6199951171875,43.89813112005077,602638361.8652344,73737200,47.51379454448441,86.16946818408086
2021-02-04,159.22999572753906,162.41000366210938,157.82000732421875,162.25999450683594,134.29115295410156,2811100,0.0159662299846374,0.0158401103997918,4.589996337890625,47.98659303429231,377505860.0692749,76548300,54.15016634877817,86.19638476983494
2021-02-05,163.0,164.5399932861328,161.72000122070312,164.3800048828125,136.0457763671875,2560300,0.0130658153905762,0.0129811939265962,2.8199920654296875,59.92756246768568,348318001.23291016,79108600,60.6960332581143,86.22176715202913
2021-02-08,164.44000244140625,165.47000122070312,162.80999755859375,163.4499969482422,135.27601623535156,2242200,-0.0056580965053877,-0.0056741641703496,2.660003662109375,63.83624885437954,303315883.6029053,76866400,60.828084121724814,86.24363162553176
2021-02-09,163.5,167.60000610351562,162.77999877929688,166.9199981689453,138.14793395996094,3073600,0.0212300583986213,0.0210078403415711,4.82000732421875,63.71020892256962,424611489.81933594,79940000,61.58618534550807,86.27532536472798
2021-02-10,167.94000244140625,168.22999572753906,164.5399932861328,165.66000366210938,137.10513305664062,2943700,-0.0075484364726188,-0.0075770701029755,3.69000244140625,60.36536491809364,403596380.178833,76996300,61.42323582842838,86.30503387553037
2021-02-11,166.0,166.27999877929688,161.19000244140625,162.3699951171875,134.38223266601562,3188400,-0.0198599449190579,-0.020059804180759,5.089996337890625,55.82761319329083,428464310.6323242,73807900,55.50263215082691,86.33545014720914
2021-02-12,162.47000122070312,163.8300018310547,162.0399932861328,163.38999938964844,135.2263946533203,2563800,0.0062817976049163,0.0062621493556279,1.790008544921875,53.00810104871315,346693430.6121826,76371700,55.58914873941646,86.36030926517874
2021-02-16,163.9499969482422,163.97000122070312,161.0800018310547,161.75,133.8690643310547,2867700,-0.0100374658789462,-0.0100881808917838,2.889999389648437,50.559808847018274,383896315.7821655,73504000,55.511691920791705,86.38731360626228
2021-02-17,161.08999633789062,161.91000366210938,159.89999389648438,161.0,133.2483673095703,2845400,-0.0046365978920224,-0.0046473802539225,2.010009765625,56.55577002868328,379144904.34265137,70658600,61.08603558811502,86.41372776160341
2021-02-18,159.8000030517578,162.6199951171875,158.6199951171875,162.1199951171875,134.17530822753906,3595900,0.0069564898743954,0.0069324051310456,4.0,59.22410165783052,482480990.8554077,74254500,69.09051139199559,86.44772615458342
2021-02-19,161.3300018310547,162.27999877929688,160.32000732421875,160.5399932861328,133.70889282226562,3081700,-0.0034761642170589,-0.0034822201141591,1.959991455078125,63.33499574397876,412050695.010376,71172800,61.048230760957765,86.47654005375523
2021-02-22,159.72000122070312,162.50999450683594,158.00999450683594,161.60000610351562,134.59178161621094,3894800,0.0066030671207404,0.0065813623659517,4.5,63.04451351702743,524208071.03881836,75067600,45.81460738658128,86.51358598847577
2021-02-23,159.97000122070312,161.4199981689453,157.77000427246094,160.80999755859375,133.93377685546875,4385800,-0.0048888925671441,-0.0049008822960372,3.649993896484375,53.6354145061013,587406758.5327148,70681800,54.277192952186105,86.55466391122766
2021-02-24,160.27999877929688,161.89999389648438,159.0800018310547,160.07000732421875,133.31747436523438,2963400,-0.0046015464112495,-0.0046121661165045,2.8199920654296875,53.22113397336894,395073003.53393555,67718400,48.05731625935637,86.58201868396498
2021-02-25,159.0,160.3000030517578,157.02999877929688,157.50999450683594,131.185302734375,2617100,-0.0159931894975606,-0.0161224607115189,3.270004272460937,41.20998187108693,343325055.7861328,65101300,41.23426644032809,86.60504927486016
2021-02-26,158.5800018310547,159.22999572753906,156.58999633789062,157.8300018310547,131.4518280029297,3492800,0.0020316701871272,0.002029609136364,2.639999389648437,35.80258324334265,459134944.8486328,68594100,42.53075187637864,86.63593257653054
2021-03-01,159.5500030517578,162.66000366210938,158.5800018310547,161.47000122070312,134.4834442138672,3271500,0.0230625641118504,0.0228006425890363,4.080001831054688,47.85102206982378,439962587.7456665,71865600,41.888608070582976,86.66677475169587
2021-03-02,161.77000427246094,163.1699981689453,159.88999938964844,161.3699951171875,134.4001922607422,2653600,-0.0006190498288592,-0.0006192415193193,3.279998779296875,38.0279204889985,356644350.18310547,69212000,35.37348402495985,86.69171895833799
2021-03-03,160.58999633789062,162.1699981689453,159.8800048828125,160.42999267578125,133.61727905273438,2635100,-0.0058252387503205,-0.0058422716328516,2.2899932861328125,38.670001526660045,352094892.03186035,66576900,35.01870909018846,86.71605741099228
2021-03-04,160.05999755859375,161.2899932861328,157.5500030517578,159.4499969482422,132.80105590820312,3710400,-0.0061086646152187,-0.006127398839938,3.739990234375,44.13746828969136,492745037.8417969,62866500,42.30909000065603,86.74968917548584
2021-03-05,160.50999450683594,165.17999267578125,159.0800018310547,164.39999389648438,136.92376708984375,3671700,0.0310442650733921,0.0305721382289824,6.0999908447265625,55.06255432828621,502742995.6237793,66538200,42.00937358449458,86.78589699856101
2021-03-08,165.22999572753906,166.22999572753906,160.75999450683594,160.8699951171875,133.98373413085938,3176400,-0.0214720425932719,-0.0217059208559291,5.470001220703125,50.31250805701079,425585933.0932617,63361800,47.91155427711365,86.81534406700308
2021-03-09,161.2100067138672,165.14999389648438,161.2100067138672,163.27000427246094,135.98265075683594,2551000,0.014919099239496,0.0148089041343612,3.939987182617188,56.93104003119072,346891742.0806885,65912800,46.725037247946325,86.83996781187805
2021-03-10,164.35000610351562,166.17999267578125,163.72999572753906,165.22999572753906,137.6150665283203,2511700,0.0120045885441919,0.0119331049895716,2.4499969482421875,58.418239693605166,345647762.5991821,68424500,46.6455755690116,86.86499267262268
2021-03-11,166.10000610351562,168.67999267578125,165.38999938964844,167.24000549316406,139.28912353515625,2906700,0.0121647799842572,0.0120913836819482,3.2899932861328125,62.89449745076054,404871695.3796387,71331200,53.386591509992954,86.89487654968207
2021-03-12,166.61000061035156,168.1300048828125,165.94000244140625,167.69000244140625,139.66390991210938,1914800,0.0026907081288263,0.0026870946541282,2.19000244140625,62.00223719300881,267428454.69970703,73246000,53.061329980246896,86.91468474888354
2021-03-15,167.89999389648438,167.92999267578125,161.02000427246094,162.63999938964844,135.4579315185547,4535900,-0.0301149981852971,-0.0305777693430911,6.9099884033203125,53.08809608165754,614423631.5750122,68710100,46.754656974811915,86.9578116963963
2021-03-16,162.77999877929688,164.16000366210938,161.42999267578125,162.82000732421875,135.6078338623047,2397800,0.0011066339347538,0.0011060220667887,2.730010986328125,54.7298996360428,325160464.0350342,71107900,45.61071143119248,86.98064919378263
2021-03-17,160.77999877929688,161.75,159.55999755859375,160.64999389648438,133.80050659179688,3644100,-0.0133276022412021,-0.0134172118096879,2.19000244140625,55.47419377093666,487582426.071167,67463800,46.11738896378784,87.01402741302776
2021-03-18,160.4499969482422,161.13999938964844,158.94000244140625,160.1999969482422,133.42572021484375,2964900,-0.0028010833927298,-0.0028050137680715,2.1999969482421875,54.11314625911986,395593917.86499023,64498900,57.63819486702593,87.04093212933681
2021-03-19,161.42999267578125,165.24000549316406,158.69000244140625,159.2899932861328,132.6678009033203,14934200,-0.0056804588373442,-0.0056966540034155,6.5500030517578125,45.82057741292372,1981287472.2503662,49564700,51.616167052975115,87.17377165727481
2021-03-22,159.69000244140625,161.72000122070312,158.5399932861328,161.05999755859375,134.1420135498047,3893900,0.011112060623954,0.0110507752647799,3.1800079345703125,49.44146618427655,522335586.5615845,53458600,56.546023032761525,87.20939906609252
2021-03-23,159.8000030517578,162.16000366210938,159.22999572753906,159.86000061035156,133.142578125,2920800,-0.0074505771782947,-0.0074784713666763,2.9300079345703125,48.98258190689856,388882842.1875,50537800,62.15198052817614,87.23551926192293
2021-03-24,160.05999755859375,162.27000427246094,159.6999969482422,159.91000366210938,133.1841583251953,2285300,0.0003122982954129,0.0003122495404507,2.57000732421875,50.84929805297737,304365757.02056885,52823100,61.62347782847699,87.25595408064007
2021-03-25,159.5,163.64999389648438,158.6999969482422,163.25,135.96597290039062,2944500,0.0208869779272318,0.0206718356283108,4.949996948242188,47.74245338527693,400351807.2052002,55767600,67.5901881851333,87.28384969861025
2021-03-26,164.5,168.10000610351562,163.7899932861328,167.97999572753906,139.9054412841797,3135500,0.0289739285481018,0.0285621198429856,4.3100128173828125,63.32961239245049,438673511.1465454,58903100,67.72917107868277,87.31592067246858
2021-03-29,167.61000061035156,168.97000122070312,166.66000366210938,168.13999938964844,140.0386962890625,2702600,0.0009524647766354,0.0009520114698764,2.30999755859375,59.96721304099045,378468580.5908203,61605700,67.69401154638427,87.34360240819187
2021-03-30,167.55999755859375,169.99000549316406,167.39999389648438,168.63999938964844,140.45513916015625,2401100,0.0029737699802212,0.0029693570727568,2.5900115966796875,57.42271091837639,337246834.6374512,64006800,68.20241408342477,87.36836578449685
2021-03-31,169.22999572753906,171.0,167.60000610351562,169.99000549316406,141.5795135498047,3688400,0.0080052207158212,0.0079733489173331,3.399993896484375,56.16316414875716,522201877.7770996,67695200,69.23305961245364,87.4071653102106
2021-04-01,170.17999267578125,172.13999938964844,168.8300018310547,171.27999877929688,142.65394592285156,3615000,0.0075888971935824,0.007560246374058,3.30999755859375,57.753868921608586,515694014.5111084,71310200,76.46298786697531,87.44589201466925
2021-04-05,172.10000610351562,173.0399932861328,171.11000061035156,171.9499969482422,143.21194458007812,2315900,0.0039115543114967,0.0039039240738511,1.92999267578125,74.80022371430161,331664542.4530029,73626100,80.96756257941978,87.47092369392263
2021-04-06,172.08999633789062,174.02999877929688,171.22999572753906,172.97000122070312,144.0614776611328,2465600,0.0059319987836605,0.0059144737503745,2.8000030517578125,75.87969416240335,355197979.32128906,76091700,83.10206411230851,87.49795452213141
2021-04-07,172.92999267578125,173.35000610351562,171.1999969482422,171.9499969482422,143.21194458007812,2079700,-0.005897017681944,-0.0059144737503745,2.150009155273437,80.60672765635638,297837881.1431885,74012000,88.4385148937926,87.52039245268197
2021-04-08,172.5399932861328,173.24000549316406,171.25999450683594,173.02000427246094,144.1031036376953,2029100,0.0062226587330422,0.0062033779360618,1.980010986328125,83.59535759518283,292399607.59124756,76041100,84.98252887178666,87.54261707723158
2021-04-09,173.27000427246094,175.9499969482422,172.82000732421875,175.94000244140625,146.5351104736328,2579800,0.0168768525766944,0.0167360208227638,3.129989624023437,89.47371164290504,378031277.9998779,78620900,94.45324761429772,87.57206218818821
2021-04-12,175.44000244140625,179.3300018310547,174.75,178.5800018310547,148.73385620117188,3024000,0.0150049071545532,0.0148934471170916,4.580001831054688,89.8907010367592,449771181.15234375,81644900,94.42886990274462,87.60782555407184
2021-04-13,177.9499969482422,179.9199981689453,176.67999267578125,179.4199981689453,149.4334716796875,2465400,0.0047038078376004,0.0046927795034348,3.2400054931640625,95.27773772466264,368413281.07910156,84110300,87.46205407719093,87.6372850594593
2021-04-14,178.82000732421875,179.39999389648438,175.88999938964844,176.2100067138672,146.7599639892578,2591900,-0.0178909561584729,-0.0180529341839655,3.509994506835937,82.91601182706907,380387150.6637573,81518400,87.6242058363934,87.66688727657201
2021-04-15,178.85000610351562,180.8500061035156,176.50999450683594,179.63999938964844,149.61671447753906,3139200,0.0194654619054714,0.0192784329749195,4.340011596679659,82.97786693620625,469676790.0878906,84657600,87.59675641884111,87.70443189502282
2021-04-16,180.72999572753903,181.19000244140625,178.94000244140625,179.7100067138672,149.67503356933594,2820500,0.0003897899509457,0.0003897140025781,2.25,79.04906572585914,422158432.182312,87478100,80.5518529488899,87.73815783080912
2021-04-19,179.91000366210938,179.91000366210938,177.66000366210938,178.05999755859375,148.30075073242188,2614200,-0.0091817773755663,-0.0092241897067973,2.25,72.87808315953502,387687822.56469727,84863900,80.74808162325088,87.76869132113562
2021-04-20,177.89999389648438,179.85000610351562,176.83999633789062,179.69000244140625,149.65835571289062,2642500,0.0091544039646722,0.0091127563882319,3.010009765625,74.22171425266899,395472204.9713135,87506400,71.94775057154396,87.80021559088294
2021-04-21,179.38999938964844,179.5399932861328,177.57000732421875,178.57000732421875,148.72555541992188,3204400,-0.0062328647707332,-0.0062523701642499,1.9699859619140625,68.99907423108847,476576169.78759766,84302000,71.65844587356204,87.83782429988003
2021-04-22,177.8000030517578,180.7899932861328,177.2100067138672,177.50999450683594,147.84266662597656,3077900,-0.0059363623921423,-0.0059540526365796,3.579986572265625,63.93712457046927,455044943.60809326,81224100,71.7967168986697,87.87338146429465
2021-04-23,177.85000610351562,180.3099975585937,177.3300018310547,178.9600067138672,149.05035400390625,2407100,0.0081687337322249,0.0081355502158881,2.979995727539034,65.15333691349166,358779107.12280273,83631200,62.69122576490025,87.90171933489049
2021-04-26,179.77999877929688,179.85000610351562,174.6999969482422,175.80999755859375,146.42681884765625,3972900,-0.0176016700784302,-0.0177584215891061,5.1500091552734375,55.62147558521151,581739108.5998535,79658300,76.43937991708503,87.946429161979
2021-04-27,190.259994506836,197.27999877929688,189.7100067138672,194.1300048828125,161.68499755859375,14666500,0.1042034432695846,0.099124209201638,7.569992065429687,76.05722624469449,2371353016.693115,94324800,78.49329542511235,88.15380173253614
2021-04-28,195.38999938964844,198.42999267578125,194.1000061035156,198.3699951171875,165.2163543701172,6308800,0.0218409677140496,0.0216058707828308,4.329986572265653,77.71693145433974,1042316936.4501953,100633600,80.3234716682366,88.24691149648366
2021-04-29,199.88999938964844,204.5,197.6699981689453,203.72000122070312,169.6722412109375,6950000,0.0269700106736301,0.026612729618051,6.830001831054688,78.84126335010319,1179222076.4160156,107583600,81.43223229318414,88.35514749509323
2021-04-30,201.69000244140625,205.7700042724609,199.82000732421875,203.8600006103516,169.78883361816406,5931200,0.0006871625340387,0.0006869265459666,5.949996948242159,77.6827862481939,1007051529.9560547,113514800,83.0033336649658,88.44742198895575
2021-05-03,207.4199981689453,213.3800048828125,207.1199951171875,212.1999969482422,176.73492431640625,7286100,0.0409101738331223,0.0400954975650352,6.260009765625,80.83134422695043,1287708332.0617676,120800900,87.30859431573457,88.5701447909955
2021-05-04,211.6000061035156,215.3000030517578,210.8600006103516,214.3099975585937,178.49229431152344,5775400,0.0099435355061514,0.0098944238509467,4.440002441406222,86.5922625227073,1030864396.5667725,126576300,87.61157929671533,88.6691142962575
2021-05-05,214.92999267578125,215.75,212.759994506836,214.5200042724609,178.66722106933594,4187000,0.0009800241432675,0.0009795442331303,2.990005493164034,85.708305293412,748079654.6173096,130763300,81.4035161515688,88.74086771436285
2021-05-06,214.9199981689453,215.0,212.07000732421875,214.77999877929688,178.88377380371094,4470100,0.0012120451254511,0.0012113111917387,2.92999267578125,85.76368389350321,799628357.2799683,135233400,84.73262461396352,88.81753066778712
2021-05-07,214.6699981689453,218.33999633789065,213.8000030517578,217.5,181.1491851806641,2644100,0.0126641524202133,0.0125846327047066,4.539993286132841,89.361236855087,478976560.5361939,137877500,85.0421272608187,88.86395512426667
2021-05-10,217.5,219.58999633789065,215.759994506836,216.1300048828125,180.00814819335938,3566300,-0.0062988800428041,-0.0063188016877953,3.830001831054688,86.55692870953744,641963058.9019775,134311200,84.54591456171633,88.92572415516666
2021-05-11,213.92999267578125,215.0,211.6000061035156,214.3300018310547,178.5089569091797,3088500,-0.0083284634569391,-0.0083633388828493,3.3999938964844034,85.39179318950697,551324913.4140015,131222700,80.8016536459733,88.97827061101445
2021-05-12,212.0,213.8500061035156,210.3600006103516,210.6999969482422,175.4856414794922,2667100,-0.016936491490596,-0.0170815540964652,3.4900054931640057,81.25821740111681,468037754.3899536,128555600,81.12540190523882,89.0220673299486
2021-05-13,211.17999267578125,216.8999938964844,211.1300048828125,215.6699981689453,179.62503051757812,3208000,0.0235881921916083,0.0233142896679974,5.769989013671903,82.42357633434366,576237097.9003906,131763600,85.5380136121719,89.07720666704869
2021-05-14,216.8099975585937,217.759994506836,215.1100006103516,216.3800048828125,180.2163543701172,2333700,0.0032919902690353,0.0032865835317711,2.649993896484375,87.44688025384512,420570906.1935425,134097300,79.28131054600124,89.11753799667824
2021-05-17,215.509994506836,216.9499969482422,215.0,216.2899932861328,180.14138793945312,2071200,-0.0004159801751959,-0.0004160667189501,1.9499969482421875,80.82908025422634,373108842.7001953,132026100,74.18569189734376,89.15327344653872
2021-05-18,217.0200042724609,217.0200042724609,213.97000122070312,213.9900054931641,178.2257843017578,2041500,-0.0106338896330651,-0.0106908334869766,3.050003051757784,72.97052633167114,363847938.6520386,129984600,67.77836150804447,89.18772803529575
2021-05-19,212.0,214.4499969482422,210.63999938964844,214.3500061035156,178.525634765625,2141100,0.0016824191013771,0.0016810054197419,3.80999755859375,68.32119111614085,382241236.5966797,132125700,65.83168205278386,89.2239565528674
2021-05-20,214.33999633789065,215.67999267578125,212.7400054931641,213.94000244140625,178.18417358398438,2716600,-0.0019126731132417,-0.0019145046082008,2.939987182617159,67.21309629062318,484055125.95825195,129409100,54.63690812080452,89.26970495958847
2021-05-21,214.17999267578125,214.88999938964844,211.77999877929688,211.8699951171875,177.30548095703125,3927700,-0.0049313730242095,-0.0049435723670266,3.1100006103515625,51.55727327247284,696402737.5549316,125481400,50.46788798236045,89.33511270239659
2021-05-24,214.0800018310547,214.52999877929688,212.5599975585937,213.42999267578125,178.61094665527344,1981300,0.007362805093197,0.0073358319614667,1.9700012207031532,50.33203979011805,353881868.60809326,127462700,42.107299772830785,89.36855938704878
2021-05-25,213.3600006103516,215.1499938964844,211.1699981689453,211.4900054931641,176.9874267578125,2414300,-0.0090896998636618,-0.0091312632429418,3.979995727539091,45.65175660548916,427300744.4213867,125048400,50.843224133556,89.40854093185892
2021-05-26,212.9600067138672,214.2100067138672,211.83999633789065,213.8099975585937,178.928955078125,2376300,0.0109698658027797,0.0109101332665004,2.370010375976534,50.107366089720486,425188875.95214844,127424700,53.866651225860686,89.44872917684424
2021-05-27,214.3000030517578,216.8600006103516,212.0,212.8000030517578,178.083740234375,5110200,-0.0047237454853573,-0.0047349376308699,4.860000610351591,42.18818169728571,910043529.3457031,122314500,52.07477837611445,89.53421612622321
2021-05-28,213.8300018310547,215.8699951171875,213.02999877929688,214.6000061035156,179.59007263183594,2128000,0.0084585622217865,0.0084229890422281,2.839996337890625,48.95407136852923,382167674.5605469,124442500,53.779664243796546,89.57037091359787
2021-06-01,215.58999633789065,216.5500030517578,213.2100067138672,213.2899932861328,178.49378967285156,1865300,-0.0061043628020117,-0.0061230705962516,3.339996337890625,49.961274376883686,332944465.87677,122577200,54.02369292990565,89.60165289569689
2021-06-02,214.2899932861328,214.2899932861328,211.0,211.91000366210932,177.33892822265625,2486000,-0.0064700371498188,-0.0064910585621153,3.2899932861328125,55.23099013986117,440864575.56152344,120091200,46.638987983541355,89.6427689205212
2021-06-03,211.0500030517578,213.17999267578125,210.1300048828125,211.97999572753903,177.39747619628906,2172400,0.0003301473298593,0.0003300928432217,3.04998779296875,41.83067616494776,385378277.28881836,122263600,39.43924498011256,89.67869073420694
2021-06-04,212.41000366210932,213.3999938964844,208.6300048828125,210.6300048828125,176.26776123046875,2943900,-0.0063682696622486,-0.0063886335928659,4.769989013671903,36.0690756358617,518914662.28637695,119319700,47.14832739851917,89.72669649178789
2021-06-07,210.58999633789065,215.41000366210932,210.3099975585937,212.9199981689453,178.18414306640625,3444300,0.0108719928281828,0.0108133176087817,5.100006103515625,43.88875019295674,613719643.963623,122764000,45.567188298043334,89.78403692300047
2021-06-08,212.8500061035156,213.3000030517578,209.5599975585937,209.759994506836,175.53965759277344,3402000,-0.0148413064604029,-0.0149525405944171,3.740005493164091,41.97804280977665,597185915.1306152,119362000,37.909047582272166,89.83890812998156
2021-06-09,208.0599975585937,208.91000366210932,197.0,201.0599975585937,168.2589874267578,10560600,-0.0414759278094624,-0.0423606023720113,11.910003662109348,28.361551686765665,1776915862.6190186,108801400,40.349087260372876,89.9943620627296
2021-06-10,204.1699981689453,204.33999633789065,201.259994506836,203.1999969482422,170.04986572265625,4880000,0.01064358179784,0.0105873376221006,3.0800018310546875,33.8429178461669,829843344.7265625,113681400,46.91364939530964,90.06762751220025
2021-06-11,203.66000366210932,205.2400054931641,201.8300018310547,203.1999969482422,170.04986572265625,2699200,0.0,0.0,3.4100036621094034,35.06699226944636,458998597.55859375,113681400,42.6863907967313,90.10809414194027
2021-06-14,202.9499969482422,203.7700042724609,200.1100006103516,201.08999633789065,168.2841033935547,2157500,-0.0103837913755335,-0.0104380790722829,3.660003662109318,29.141213962978256,363072953.07159424,111523900,47.61413328829689,90.13969632772486
2021-06-15,201.4499969482422,203.8600006103516,199.2700042724609,202.33999633789065,169.3301544189453,2414900,0.0062159824029504,0.006196742871563,4.589996337890682,34.16395015289265,408915389.90631104,113938800,42.96367922777341,90.17551160896308
2021-06-16,201.6699981689453,202.47999572753903,199.3099975585937,200.4199981689453,167.72340393066406,2102900,-0.0094888621214266,-0.0095341682034983,3.1699981689453125,26.50033119894016,352705546.12579346,111835900,33.69572228192411,90.20604070687153
2021-06-17,200.5,200.5,195.47000122070312,198.0500030517578,165.7400360107422,3068700,-0.011825230548873,-0.0118957047208309,5.029998779296875,25.292912140101837,508606448.50616455,108767200,25.785087451962024,90.24940904873114
2021-06-18,196.2700042724609,199.6000061035156,195.509994506836,197.7700042724609,165.5057373046875,8170500,-0.0014136518350913,-0.0014146519835323,4.090011596679631,20.296306117339498,1352264626.6479492,100596700,31.66553876048166,90.3642784042861
2021-06-21,199.3600006103516,204.58999633789065,198.97999572753903,203.32000732421875,170.15029907226562,3638000,0.0280628444863377,0.0276762979332528,5.610000610351619,34.69439967395766,619006788.0249023,104234700,37.46692282991739,90.41846688360522
2021-06-22,202.22000122070312,206.1199951171875,202.13999938964844,205.3999938964844,171.89097595214844,3460700,0.0102302310920037,0.0101782564523964,3.9799957275390634,40.216357760309705,594863100.4776001,107695400,41.8398016862496,90.47107006525123
2021-06-23,205.25,206.2899932861328,203.5800018310547,204.0200042724609,170.736083984375,2504500,-0.0067187469346554,-0.0067414193252753,2.709991455078125,38.490429540952256,427608522.3388672,105190900,46.94914746952378,90.50855712765456
2021-06-24,206.5399932861328,206.63999938964844,205.25,206.1000061035156,172.4767608642578,2602500,0.0101951318037849,0.0101435119982167,1.3899993896484375,43.58532919057728,448870770.14923096,107793400,38.268957597387136,90.5483183314931
2021-06-25,202.5399932861328,206.3500061035156,202.1999969482422,205.6100006103516,172.06671142578125,6618600,-0.0023774184789988,-0.0023802490254632,4.150009155273409,39.09281251734378,1138840736.2426758,101174800,39.094634846428306,90.6487590196952
2021-06-28,205.69000244140625,206.0200042724609,202.75,205.22999572753903,171.74867248535156,2288100,-0.0018483467127042,-0.0018500570133,3.270004272460909,42.62932487148207,392978137.5137329,98886700,50.45293028322586,90.68328916265052
2021-06-29,205.27999877929688,207.97000122070312,204.25,207.6100006103516,173.74041748046875,2291100,0.0115968581666159,0.0115301300028159,3.720001220703125,63.416627264327325,398056670.48950195,101177800,48.24984403832248,90.71868391087146
2021-06-30,206.4900054931641,208.1300048828125,205.92999267578125,207.97000122070312,174.0417022705078,2744800,0.0017341088182485,0.0017326069875263,2.20001220703125,60.53913728687785,477709664.39208984,103922600,48.39244436058397,90.76120182024938
2021-07-01,209.38999938964844,210.3800048828125,208.0,210.22000122070312,175.9246368408203,2746100,0.0108188701084175,0.0107607648463871,2.3800048828125,64.10774104802309,483106645.22857666,106668700,53.08715671097919,90.80465725128569
2021-07-02,209.58999633789065,212.1000061035156,209.27999877929688,211.52999877929688,177.02090454101562,2172300,0.0062314620617192,0.0062121267851272,2.8200073242187216,71.67769023704147,384542510.93444824,108841000,47.859545733266636,90.8394435480932
2021-07-06,210.4600067138672,211.6100006103516,208.19000244140625,211.2899932861328,176.82003784179688,2421300,-0.0011347060943992,-0.0011353503607743,3.419998168945341,69.39739896385342,428134357.6263428,106419700,52.88520096205197,90.87809386467451
2021-07-07,211.3099975585937,214.92999267578125,210.32000732421875,214.259994506836,179.30552673339844,2553700,0.0140566019662622,0.0139587240906349,4.6099853515625,78.68971178981204,457892523.6190796,108973400,53.49179552979978,90.91999782332331
2021-07-08,210.32000732421875,212.6999969482422,209.8999938964844,212.07000732421875,177.47283935546875,2354300,-0.010221031171307,-0.010273624589977,2.800003051757784,79.28154220288367,417824305.6945801,106619100,66.22970331387945,90.95779432454822
2021-07-09,213.88999938964844,214.5,212.6699981689453,213.9199981689453,179.02101135253906,2050500,0.0087234305975654,0.0086856013184074,1.8300018310546875,81.65415253540706,367082583.77838135,108669600,59.32395919020755,90.99127526435564
2021-07-12,211.0,214.0800018310547,210.41000366210932,213.3300018310547,178.5272674560547,2216100,-0.0027580220486637,-0.0027618323991071,3.669998168945341,74.35515683767547,395634277.4093628,106453500,52.645828161629815,91.02722874319156
2021-07-13,213.3300018310547,214.19000244140625,210.75,211.2700042724609,176.80332946777344,1852200,-0.0096564407938726,-0.0097033665531727,3.44000244140625,64.29606735585634,327475126.84020996,104601300,45.532467941625725,91.05666414886842
2021-07-14,211.33999633789065,212.3999938964844,209.6300048828125,211.52999877929688,177.02090454101562,2867500,0.001230605067773,0.0012298484939887,2.7699890136719034,69.34568430070678,507607443.7713623,107468800,44.240844530452165,91.10231053859714
2021-07-15,211.1000061035156,213.759994506836,210.6100006103516,212.8600006103516,178.13394165039062,1663200,0.0062876026549572,0.0062679181505228,3.149993896484375,68.11360964784996,296272371.7529297,109132000,47.63870900023633,91.129106728138
2021-07-16,213.1199951171875,213.52999877929688,210.1100006103516,210.57000732421875,176.21751403808594,3805300,-0.010758351802858,-0.0108166413126241,3.419998168945284,62.12110815143821,670560506.1691284,105326700,46.71039132127054,91.18900370641433
2021-07-19,208.4600067138672,211.4600067138672,206.6699981689453,211.41000366210932,176.92050170898438,2910700,0.003989317831067,0.0039813816024454,4.790008544921875,64.77061469526708,514962504.3243408,108237400,46.75671030223304,91.23514074280155
2021-07-20,212.0599975585937,214.2899932861328,210.7100067138672,212.4600067138672,177.79917907714844,2257000,0.0049665095886366,0.0049542171633878,3.579986572265625,62.37873498119421,401292747.177124,110494400,45.32388054278232,91.27124843341221
2021-07-21,212.66000366210932,214.7100067138672,212.1699981689453,212.4499969482422,177.7908477783203,1770900,-4.685791504421832e-05,-4.685901291061542e-05,2.540008544921875,61.6424880876115,314849812.33062744,108723500,38.47571254638293,91.29955564349284
2021-07-22,212.3600006103516,213.72999572753903,211.8600006103516,213.22999572753903,178.44354248046875,1629700,0.0036711378021114,0.0036644156227383,1.8699951171874432,58.4692467208918,290809441.1804199,110353200,31.798458742208098,91.32578592061962
2021-07-23,212.9900054931641,213.25,210.94000244140625,211.63999938964844,177.11297607421875,2188900,-0.007456511946324,-0.0074844507019474,2.30999755859375,50.30476779260032,387682593.3288574,108164300,31.55295833946396,91.36045406617713
2021-07-26,211.1999969482422,212.25,209.3500061035156,209.8600006103516,175.6233673095703,2673700,-0.0084105004481671,-0.0084460682762894,2.8999938964844034,46.3502647541449,469564197.17559814,105490600,18.160294205781007,91.40202761209444
2021-07-27,198.07000732421875,198.07000732421875,190.259994506836,195.19000244140625,163.34661865234375,13741500,-0.069903845059447,-0.0724673057702654,7.810012817382784,19.526849965007315,2244627560.2111816,91749100,16.832398165462187,91.58399784682413
2021-07-28,195.08999633789065,195.8699951171875,190.509994506836,192.0399932861328,160.71055603027344,6295500,-0.0161378462793939,-0.0162694794253904,5.360000610351534,18.945589558116225,1011753305.4885864,85453600,12.148886158661478,91.66400710977817
2021-07-29,193.02999877929688,194.4900054931641,191.58999633789065,191.8099975585937,160.5180206298828,3150300,-0.0011980258493683,-0.0011987440560136,2.900009155273437,13.907779127080502,505679920.3903198,82303300,11.860060213920228,91.70386321138703
2021-07-30,190.0,192.63999938964844,188.32000732421875,191.3600006103516,160.1414337158203,3741600,-0.0023460725006746,-0.0023488288406567,4.319992065429688,13.97163739787419,599185188.3911133,78561700,16.867380449924543,91.7508815317592
2021-08-02,192.3500061035156,193.72999572753903,191.0399932861328,191.94000244140625,160.62684631347656,2782500,0.0030311493184058,0.0030265646475222,2.6900024414062216,16.683867220939334,446944199.86724854,81344200,22.121281993211138,91.78605346227708
2021-08-03,191.25,194.25,190.57000732421875,194.1499938964844,162.47628784179688,2726600,0.0115139005139337,0.011448120006702,3.67999267578125,21.93147151320981,443007846.42944336,84070800,18.50809388036457,91.8214089575093
2021-08-04,192.9199981689453,193.8000030517578,190.5800018310547,190.7899932861328,159.6644744873047,2341700,-0.0173059921040912,-0.0174574912247867,3.220001220703125,16.55038851806019,373886299.9069214,81729100,19.278369350423414,91.85053800502763
2021-08-05,191.4499969482422,192.3000030517578,190.1000061035156,190.4199981689453,159.35479736328125,2045200,-0.0019395493269108,-0.0019414326883489,2.199996948242216,17.57312599507867,325912431.5673828,79683900,24.197398535422423,91.87584226830445
2021-08-06,191.7700042724609,193.9499969482422,191.27999877929688,192.6000061035156,161.1791534423828,2340100,0.0114483913210505,0.0113833543972089,2.6699981689453125,20.98102898394994,377175336.97052,82024000,19.43361918529346,91.90555406447876
2021-08-09,191.07000732421875,192.16000366210932,190.8500061035156,190.97999572753903,159.8234405517578,2150100,-0.0084112173421336,-0.008446791251095,1.30999755859375,17.434723380164584,343636379.5303345,79873900,15.645260634999591,91.93229719768529
2021-08-10,191.17999267578125,192.1199951171875,190.3999938964844,190.6100006103516,159.5138397216797,1668000,-0.0019371428184081,-0.0019390215061406,1.7200012207030966,17.246465424269402,266069084.65576172,78205900,19.750229019378242,91.95293488220531
2021-08-11,191.3099975585937,192.5200042724609,190.72000122070312,192.3999938964844,161.01177978515625,2131100,0.009390658930223,0.009346840799794,1.800003051757784,19.679739179638855,343132203.9001465,80337000,24.61133902454443,91.97986824315548
2021-08-12,192.67999267578125,194.5599975585937,192.2700042724609,193.63999938964844,162.04949951171875,2457900,0.0064449925834442,0.0064243124268217,2.2899932861328125,23.52939599187006,398301464.8498535,82794900,29.734777802549523,92.01137227565413
2021-08-13,193.02999877929688,194.8999938964844,192.94000244140625,193.97999572753903,162.3340301513672,2432200,0.0017558254762017,0.0017542858166358,1.9599914550781532,25.61422921890943,394828828.1341553,85227100,45.8368128861137,92.04264555955054
2021-08-16,194.0200042724609,197.32000732421875,193.5800018310547,197.07000732421875,164.919921875,3091700,0.015929449427342,0.015803907205236,3.7400054931640634,54.48048641010087,509882922.4609375,88318800,58.38771874376171,92.08381955098264
2021-08-17,195.69000244140625,198.3000030517578,194.5500030517578,197.759994506836,165.4973907470703,2957700,0.0035015107059535,0.0034953946900468,3.75,65.44270971781648,489491632.61260986,91276500,59.1986077955151,92.12347741273358
2021-08-18,197.0200042724609,199.509994506836,194.6999969482422,194.8000030517578,163.020263671875,2605800,-0.0149677711776199,-0.0150809187286936,4.809997558593778,57.035381335026536,424798203.0761719,88670700,60.59897915534137,92.15720302231067
2021-08-19,193.6300048828125,196.19000244140625,192.5,194.0599975585937,162.40097045898438,2858800,-0.0037988725998943,-0.0038061066430265,3.69000244140625,56.26744295302581,464271894.34814453,85811900,53.44304781596531,92.19384316495794
2021-08-20,192.4499969482422,194.2700042724609,192.1000061035156,193.2400054931641,162.56922912597656,2222800,0.0010360693443927,0.001035532994981,2.1699981689453125,55.48422063027868,361358882.5012207,88034700,52.80118130795681,92.22237374903585
2021-08-23,194.2400054931641,195.3300018310547,192.88999938964844,193.0,162.3673553466797,2248700,-0.0012417711542473,-0.0012425427909107,2.44000244140625,49.660884427094665,365115471.9680786,85786000,53.842736519011446,92.2511304810279
2021-08-24,193.25,194.67999267578125,192.8800048828125,193.2700042724609,162.59451293945312,1667500,0.0013990348755044,0.0013980571380326,1.79998779296875,60.87083037534972,271126350.3265381,87453500,54.54832742326715,92.27250855068915
2021-08-25,193.1199951171875,193.97000122070312,192.2100067138672,192.8699951171875,162.25794982910156,1593900,-0.0020699536796601,-0.0020720989947579,1.7599945068359375,60.74963416632296,258622946.23260498,85859600,47.92106032146676,92.29283315181081
2021-08-26,193.38999938964844,193.47999572753903,192.07000732421875,192.3600006103516,161.8289031982422,1969700,-0.0026442256377038,-0.0026477277773092,1.409988403320284,52.68310141369741,318754390.62957764,83889900,54.28090360283328,92.31777953845224
2021-08-27,192.32000732421875,193.8800048828125,192.13999938964844,193.3000030517578,162.61972045898438,1947800,0.0048867491845596,0.0048748477827918,1.7400054931640625,62.11214525823496,316750691.51000977,85837700,59.266023934237424,92.34271141991695
2021-08-30,193.8800048828125,195.6100006103516,192.8600006103516,194.009994506836,163.21701049804688,1507700,0.0036729250141169,0.0036661962960554,2.75,65.65031501699221,246082286.72790527,87345400,60.13357022609087,92.36216179077886
2021-08-31,194.6999969482422,196.1100006103516,192.8999938964844,195.6300048828125,164.57989501953125,2782000,0.0083501377541814,0.0083154682171635,3.2100067138671875,65.25367121371839,457861267.94433594,90127400,60.07694070022161,92.3987132978519
2021-09-01,195.72000122070312,197.2899932861328,193.42999267578125,196.3999938964844,165.2276611328125,2381100,0.0039358763304859,0.0039281510331502,3.8600006103515625,64.05523734459098,393423583.92333984,92508500,59.621417661261944,92.43024866472979
2021-09-02,196.91000366210932,199.25,196.5599975585937,198.19000244140625,166.7335662841797,2021200,0.0091141225448729,0.0090728395790705,2.6900024414062784,67.55973261615216,337001884.173584,94529700,52.49570423382873,92.45754938549993
2021-09-03,197.2100067138672,198.509994506836,196.92999267578125,197.33999633789065,166.01852416992188,1491800,-0.0042885312789333,-0.0042977534048933,1.580001831054716,55.15461408050586,247666434.35668945,93037900,43.64376204948091,92.47749268163186
2021-09-07,197.6499938964844,197.9499969482422,195.27999877929688,195.5599975585937,164.52102661132812,2266200,-0.0090200630687515,-0.0090609901333251,2.6699981689453125,45.782999134021104,372837550.5065918,90771700,43.898610135300686,92.50715146120007
2021-09-08,195.5399932861328,195.5399932861328,193.47999572753903,194.57000732421875,163.68814086914062,2455300,-0.0050624881168237,-0.0050753459231415,2.0599975585937784,53.362153990800735,401903492.276001,88316400,42.86148850532425,92.53888620173191
2021-09-09,193.22999572753903,194.3600006103516,188.0500030517578,189.009994506836,159.0106201171875,3636700,-0.0285758071850332,-0.0289920442797684,6.309997558593778,37.88339175597296,578273922.1801758,84679700,51.55409109555135,92.58275181042875
2021-09-10,190.47999572753903,193.69000244140625,190.009994506836,193.259994506836,162.5860595703125,3094100,0.0224855387048359,0.0222364657588504,3.680007934570284,50.0483697677988,503057526.9165039,87773800,51.38359815208027,92.622033378471
2021-09-13,194.7100067138672,195.3300018310547,192.6000061035156,194.38999938964844,163.5366973876953,2136200,0.0058469823298208,0.0058299550684631,2.729995727539091,53.22195744194221,349347092.9595947,89910000,51.02456286868646,92.64949623122783
2021-09-14,195.2400054931641,195.8800048828125,190.82000732421875,191.009994506836,160.6931610107422,1895300,-0.0173877571357086,-0.0175406996627926,5.05999755859375,45.42126076549573,304561748.06365967,88014700,50.74642198819941,92.67286760019266
2021-09-15,191.6000061035156,193.8300018310547,190.8500061035156,193.3500061035156,162.66180419921875,1769200,0.0122509456911172,0.0121765101762935,2.979995727539091,50.90166542547284,287781263.9892578,89783900,56.55783222063677,92.69530050924799
2021-09-16,193.3600006103516,194.2100067138672,191.41000366210932,192.97000122070312,162.34207153320312,1657200,-0.001965628425122,-0.0019675628079424,2.800003051757841,51.15134518171404,269033280.9448242,88126700,46.53327301584411,92.7162042885884
2021-09-17,192.5599975585937,196.25,189.6699981689453,190.02999877929688,159.86871337890625,4504200,-0.0152354724252179,-0.0153527246887519,6.580001831054688,44.26111679832134,720080658.8012695,83622500,40.98475207579564,92.77094049226267
2021-09-20,188.3500061035156,189.5800018310547,186.8300018310547,189.38999938964844,159.33030700683594,2439500,-0.0033678032473698,-0.0033734870616263,2.75,41.87196896836272,388686283.94317627,81183000,40.36832476585701,92.80031111003332
2021-09-21,190.1000061035156,190.72000122070312,188.009994506836,189.72999572753903,159.61631774902344,2496400,0.0017950805942728,0.0017934713626153,2.710006713867159,39.13039991499275,398466175.6286621,83679400,31.798535612636602,92.83046905207597
2021-09-22,183.8500061035156,187.3099975585937,182.1199951171875,185.3000030517578,155.8894500732422,4229800,-0.0233489139978864,-0.0236258186652424,5.190002441406222,31.980555138431285,659381195.9197998,79449600,32.49895263767385,92.87865737240841
2021-09-23,186.0,187.83999633789065,185.66000366210932,186.7899932861328,157.14295959472656,2527500,0.0080410157383674,0.0080088590379868,2.179992675781307,31.31148184401229,397178830.3756714,81977100,37.94283890322448,92.90798910387473
2021-09-24,186.5,188.6999969482422,185.8000030517578,188.0200042724609,158.17774963378906,2312900,0.0065850232280926,0.006563436676112,2.899993896484375,34.90930363825065,365849317.1279907,84290000,38.47460480804995,92.93523896298039
2021-09-27,187.3699951171875,188.6000061035156,186.6499938964844,186.83999633789065,157.18502807617188,1847600,-0.0062759873617845,-0.0062957641598451,1.9500122070311927,35.60104176899468,290415057.87353516,82442400,37.93229909470707,92.95665949386876
2021-09-28,186.67999267578125,187.8099975585937,186.1000061035156,186.759994506836,157.11773681640625,3093900,-0.0004281022218796,-0.0004281938837971,1.709991455078125,36.70414390468933,486106565.9362793,79348500,39.221491046442075,92.9924597469832
2021-09-29,187.0200042724609,187.9499969482422,184.44000244140625,184.7400054931641,155.4183349609375,2467400,-0.0108161044698251,-0.0108750237644345,3.509994506835937,41.73440440412325,383479199.6826172,76881100,30.87805578136812,93.02022612071377
2021-09-30,185.25,187.2400054931641,182.0,182.1000061035156,153.19740295410156,2902800,-0.0142900257385599,-0.0143931113993348,5.240005493164091,26.96130081154693,444701421.295166,73978300,24.351947888297282,93.05169901559302
2021-10-01,182.88999938964844,182.91000366210932,178.8300018310547,181.4900054931641,152.68417358398438,3014500,-0.0033501179538334,-0.0033557421636763,4.080001831054659,22.784909905600813,460266441.2689209,70963800,23.463653434535914,93.08406956521632
2021-10-04,180.5,181.6999969482422,177.1300048828125,178.4199981689453,150.1014404296875,3512500,-0.0169155263029028,-0.0170602279420925,4.569992065429688,23.086896408401717,527231309.50927734,67451300,29.212086370077355,93.12011089984732
2021-10-05,178.47999572753906,181.0399932861328,177.6300048828125,179.6699981689453,151.15301513671875,2491800,0.0070057602646647,0.0069813339431678,3.4099884033203125,19.327169269909845,376643083.1176758,69943100,29.800380561359553,93.14612268305603
2021-10-06,178.39999389648438,181.1699981689453,177.8300018310547,180.6999969482422,152.01954650878906,2119200,0.0057328090431179,0.0057164390276725,3.339996337890625,23.26789833774194,322159822.9614258,72062300,38.08846179133511,93.16855676776795
2021-10-07,182.97999572753903,184.0200042724609,181.1699981689453,181.6000061035156,152.7767333984375,2518400,0.0049808521801153,0.0049684887724376,2.8500061035155966,29.84223528350462,384752925.390625,74580700,45.03454084384451,93.19553733306806
2021-10-08,180.6999969482422,184.5,179.67999267578125,183.4900054931641,154.3667449951172,2781700,0.0104074197772836,0.0103536354330443,4.82000732421875,36.68771802313685,429401974.5529175,77362400,43.855590655822816,93.22610489273137
2021-10-11,184.3000030517578,184.32000732421875,181.52999877929688,181.7400054931641,152.89450073242188,1780200,-0.0095373149362052,-0.0095830863812421,2.790008544921875,33.050561170898376,272182790.2038574,75582200,45.89487563560883,93.24518047130226
2021-10-12,182.0200042724609,182.75,180.6300048828125,181.9900054931641,153.1048126220703,2615700,0.0013755359979656,0.001374590814981,2.1199951171875,41.46469682541762,400476258.3755493,78197900,47.64534936308417,93.27328540603965
2021-10-13,182.17999267578125,184.92999267578125,180.6699981689453,184.0599975585937,154.8462677001953,3780400,0.0113742673943482,0.0113100667796156,4.2599945068359375,43.16477631894441,585380830.4138184,81978300,50.18216162051081,93.31503900802487
2021-10-14,187.63999938964844,191.77999877929688,187.259994506836,191.4199981689453,161.03810119628906,4106400,0.0399869728089412,0.0392081869295796,4.520004272460909,56.51339398639615,661286858.7524414,86084700,56.60356191644254,93.36488658599754
2021-10-15,191.9600067138672,194.009994506836,190.7100067138672,193.75,162.99832153320312,3153400,0.0121724009557511,0.0120989130318665,3.2999877929687784,62.67896246696973,513998907.12280273,89238100,63.75530979795433,93.40422326559153
2021-10-18,193.47000122070312,195.6100006103516,193.07000732421875,193.38999938964844,162.6953887939453,2305000,-0.0018585022005647,-0.0018602313585408,2.539993286132841,62.04125168906344,375012871.17004395,86933100,64.42200960459287,93.43282354777327
2021-10-19,193.8999938964844,194.91000366210932,193.0500030517578,193.7899932861328,163.0319366455078,1974500,0.0020685764609391,0.0020664399025673,1.860000610351534,67.46419588712088,321906558.9065552,88907600,71.20560066128353,93.4574231926593
2021-10-20,194.8099975585937,195.5500030517578,193.1999969482422,195.2700042724609,164.2770233154297,1952000,0.0076370721929726,0.0076080573889329,2.350006103515625,76.6056908185938,320668749.51171875,90859600,79.0778667600557,93.4821603364292
2021-10-21,195.6100006103516,200.0,195.42999267578125,199.44000244140625,167.78517150878906,2997300,0.021355075241553,0.0211302507527984,4.57000732421875,81.70238311083833,502902494.56329346,93856900,88.13727727282267,93.52199122793444
2021-10-22,198.8699951171875,204.16000366210932,198.75,203.8099975585937,171.4615936279297,3735900,0.0219114841084038,0.0216748775691656,5.410003662109347,92.87378218537428,640563367.6345825,97592800,88.95679582295168,93.5740323615026
2021-10-25,203.0200042724609,205.5599975585937,201.83999633789065,203.8999938964844,171.53729248046875,4829700,0.0004414915955075,0.000441394166768,3.720001220703068,92.58322814265132,828473661.4929199,102422500,90.27339436421171,93.64127252216444
2021-10-26,214.009994506836,220.2400054931641,213.66000366210932,218.07000732421875,183.4582672119141,6596500,0.069494945146127,0.0671865231580712,6.580001831054744,94.9264820038342,1210182459.6633914,109019000,82.7528245664343,93.74694926031822
2021-10-27,217.1199951171875,217.47999572753903,210.4900054931641,212.2100067138672,178.52835083007812,3309000,-0.0268721407694393,-0.0272397982036518,6.989990234374943,82.87848703374385,590750312.8967285,105710000,77.42596976488679,93.79695828962637
2021-10-28,213.2899932861328,214.0399932861328,210.9499969482422,213.8999938964844,179.95010375976562,2236400,0.0079637375412755,0.0079321943406402,3.089996337890625,82.80460703875312,402440412.04833984,107946400,77.86746714879396,93.83129024878063
2021-10-29,212.7400054931641,216.07000732421875,212.25,213.47000122070312,179.58836364746094,2362000,-0.0020102245275035,-0.0020122477406922,3.82000732421875,85.23194276560662,424187714.93530273,105584400,78.54452606875539,93.86736846549492
2021-11-01,214.8600006103516,214.8600006103516,209.8999938964844,210.8999938964844,177.42625427246094,1868400,-0.0120392509352349,-0.0121123096906757,4.960006713867188,80.52785243023098,331503213.482666,103716000,72.80242017908233,93.89516644394963
2021-11-02,210.8999938964844,210.8999938964844,208.44000244140625,209.13999938964844,175.94561767578125,2206700,-0.0083450817510128,-0.0083800968845731,2.4599914550781534,76.65808246157829,388259194.5251465,101509300,71.49697722891885,93.92739229372782
2021-11-03,208.8000030517578,212.8600006103516,207.38999938964844,212.7400054931641,178.97421264648438,1765800,0.0172132446986204,0.0170667752229187,5.470001220703153,74.63022013505054,316032664.6911621,103275100,71.19350464243323,93.95411271082794
2021-11-04,213.1499938964844,213.52999877929688,209.8099975585937,210.72000122070312,177.2748565673828,2451900,-0.0094949772594232,-0.0095403419421262,3.7200012207031534,69.74628986868967,434660220.8175659,100823200,65.91320820598166,93.99044645107563
2021-11-05,211.5200042724609,211.7100067138672,207.0599975585937,208.22000122070312,175.17164611816406,2117800,-0.0118641215677379,-0.0119350619128914,4.650009155273466,66.43767208769717,370978512.14904785,98705400,65.37396113943547,94.02101192099451
2021-11-08,208.759994506836,209.88999938964844,207.2700042724609,209.3000030517578,176.08021545410156,2166100,0.005186737443368,0.0051733326521573,2.6199951171875284,66.93604352703326,381407354.6951294,100871500,65.1484427527717,94.05260043928098
2021-11-09,209.58999633789065,210.1300048828125,208.009994506836,209.9600067138672,176.63543701171875,1552900,0.0031532307941883,0.0031482697880301,2.120010375976534,66.33312911569458,274297170.13549805,102424400,64.79878398989989,94.07538480296321
2021-11-10,209.88999938964844,212.9499969482422,209.4499969482422,211.63999938964844,178.048828125,2415500,0.0080017415372175,0.0079698973631779,3.5,64.35974738898737,430076944.3359375,104839900,63.47276730013483,94.11140667537319
2021-11-11,213.6000061035156,216.4900054931641,212.27999877929688,213.2899932861328,179.4369354248047,2113700,0.0077962169952063,0.0077659835315825,4.210006713867216,61.92154487047311,379275850.40740967,106953600,55.6798874660369,94.14342337965624
2021-11-12,212.6699981689453,215.0800018310547,212.0,213.19000244140625,179.352783203125,1600300,-0.0004689793741765,-0.000469089379398,3.0800018310546875,61.67964770149487,287018258.95996094,105353300,42.92089492034229,94.16762361757677
2021-11-15,212.8600006103516,213.3999938964844,210.8300018310547,211.5200042724609,177.94786071777344,1378300,-0.0078332906814188,-0.0078641320681438,2.569992065429716,37.99040376293805,245265536.42730713,103975000,52.56941677522191,94.18811211216307
2021-11-16,211.5800018310547,213.91000366210932,211.509994506836,211.8699951171875,178.24234008789062,2302800,0.0016548632218975,0.0016534954445376,2.4000091552733807,49.21881642185914,410456460.75439453,106277800,52.08718359537497,94.22244126475537
2021-11-17,211.9900054931641,212.259994506836,207.4900054931641,207.8500061035156,174.8603515625,2542300,-0.0189741030314288,-0.019156421224362,4.769989013671875,37.442929594092384,444547471.77734375,103735500,41.695253321041896,94.25878399783117
2021-11-18,208.259994506836,208.47000122070312,205.4499969482422,207.47000122070312,174.54066467285156,3919400,-0.001828241146674,-0.0018299144192607,3.020004272460937,37.52078573864442,684094681.1187744,99816100,49.17887311991369,94.3145265690417
2021-11-19,207.72999572753903,210.6699981689453,206.3000030517578,208.47000122070312,176.24844360351562,2677600,0.0097844186274014,0.0097368611665727,4.3699951171875,47.02123176498645,471922832.59277344,102493700,56.25934931907134,94.35337319745157
2021-11-22,208.5200042724609,212.3000030517578,207.6499938964844,210.8800048828125,178.28598022460938,2220500,0.011560593554388,0.0114942804823538,4.650009155273409,55.75678414592952,395884019.0887451,104714200,57.06772765695215,94.38636109833617
2021-11-23,211.02999877929688,213.3699951171875,208.5200042724609,211.8099975585937,179.07220458984375,2345300,0.004409905726989,0.0044002105853854,4.849990844726591,50.270926109987066,419978041.42456055,107059500,49.24387958318232,94.42150113138756
2021-11-24,210.6000061035156,212.0,208.259994506836,208.47000122070312,176.24844360351562,2518700,-0.0157688402440557,-0.0158944910677394,3.740005493164034,47.32830612535081,443916954.9041748,104540800,49.54777389124199,94.45794900707149
2021-11-26,206.1499938964844,209.52999877929688,204.77999877929688,205.3000030517578,173.5684051513672,1941000,-0.0152060262056974,-0.0153228233484239,4.75,45.94851799124846,336896274.3988037,102599800,47.75815022648675,94.48509525606632
2021-11-29,204.16000366210932,206.0,201.5,204.63999938964844,173.0104217529297,3435100,-0.0032147751657387,-0.0032199536568566,4.5,42.10251941179704,594308099.7634888,99164700,37.942363407470225,94.53275326350287
2021-11-30,203.5,203.5,198.1000061035156,198.3699951171875,167.7095184326172,6267600,-0.0306392139074866,-0.0311184081194928,5.399993896484403,31.543493720984685,1051136177.7282715,92897100,31.15747466464628,94.61369650106263
2021-12-01,200.8800048828125,202.1499938964844,194.0,194.1499938964844,164.1417694091797,2938400,-0.0212733842227981,-0.0215029238887713,8.149993896484403,23.59617616435609,482314175.2319336,89958700,31.40138831288322,94.6497337841278
2021-12-02,195.27999877929688,200.6300048828125,193.82000732421875,199.8999938964844,169.00303649902344,2423400,0.0296162707843448,0.0291861801900114,6.80999755859375,32.49843360320405,409561958.6517334,92382100,37.141151801355115,94.68150403856082
2021-12-03,201.0399932861328,202.6300048828125,197.759994506836,200.72999572753903,169.70474243164062,2606400,0.0041520315087431,0.0041434356113284,4.870010375976534,34.1450852557673,442318440.6738281,94988500,42.974719655994534,94.71596541840846
2021-12-06,201.9900054931641,204.6100006103516,201.3800048828125,202.0599975585937,170.82919311523438,3006700,0.0066259237513452,0.0066040688049206,3.229995727539091,38.19283981374951,513632134.9395752,97995200,42.78807373634955,94.75627571175283
2021-12-07,204.3300018310547,205.88999938964844,203.3800048828125,205.38999938964844,173.64450073242188,2250600,0.0164802488722661,0.0163459233734027,2.509994506835937,42.96242941970007,390804313.3483887,100245800,47.87491626120355,94.78753679972574
2021-12-08,206.0200042724609,207.4900054931641,203.38999938964844,204.72000122070312,173.07810974121094,1615500,-0.0032617847891637,-0.0032671160051786,4.100006103515653,47.01474875287596,279607686.28692627,98630300,55.52417219918774,94.8097999443312
2021-12-09,204.0500030517578,207.88999938964844,203.759994506836,206.5399932861328,174.6167449951172,1931500,0.0088898316269274,0.0088505497085225,4.130004882812472,50.122434787391725,337272242.95806885,100561800,54.56632782492783,94.83692420082022
2021-12-10,208.0,209.8600006103516,207.33999633789065,209.1100006103516,176.7895050048828,1887900,0.0124430220585454,0.0123662439050089,2.520004272460937,50.857882214724334,333760906.49871826,102449700,48.89791848985852,94.86413992000449
2021-12-13,206.9499969482422,209.32000732421875,205.6199951171875,206.3099975585937,174.42230224609375,1909700,-0.01338995071412,-0.0134804044591053,3.70001220703125,43.93730869277064,333094270.59936523,100540000,42.90601924005587,94.89085658340848
2021-12-14,205.1999969482422,207.1499938964844,203.0800018310547,203.7400054931641,172.24952697753906,1930500,-0.012456980790731,-0.0125352193995113,4.069992065429716,39.74062161419244,332527711.83013916,98609500,51.52879776958464,94.91710866378538
2021-12-15,206.6499938964844,208.44000244140625,204.5200042724609,205.7700042724609,173.9657745361328,3703400,0.009963728717917,0.0099144180478328,3.919998168945341,46.4492433366199,644264849.4171143,102312900,57.91160835705186,94.9685364053485
2021-12-16,207.8500061035156,211.8300018310547,207.82000732421875,207.97000122070312,175.82571411132812,2932600,0.0106914108832885,0.01063466187625,4.0099945068359375,53.60324044417273,515626489.20288086,105245500,54.64069750565439,95.01017058523614
2021-12-17,210.8000030517578,212.52999877929688,206.3999938964844,206.58999633789065,174.65902709960938,5625800,-0.0066354743253312,-0.0066575869579111,6.130004882812472,52.58142960973328,982596754.6569824,99619700,59.294257169878684,95.08876897727266
2021-12-20,205.02999877929688,205.9900054931641,201.4199981689453,202.42999267578125,171.1420135498047,2936400,-0.020136454486254,-0.0203419562838945,4.570007324218778,55.69271602013981,502541408.5876465,96683300,66.35573125764817,95.1279214463817
2021-12-21,204.259994506836,208.07000732421875,203.7100067138672,207.1000061035156,175.09019470214844,2317000,0.0230696196126896,0.0228075390162518,4.3600006103515625,67.93144467991523,405683981.1248779,99000300,65.80250015427798,95.16038985328305
2021-12-22,207.32000732421875,208.57000732421875,206.5399932861328,208.44000244140625,176.2230682373047,1716500,0.0064702283133752,0.0064493862398372,2.030014038085937,63.47012257056576,302486896.6293335,100716800,65.90351261198758,95.1847670605536
2021-12-23,209.2100067138672,213.22000122070312,209.2100067138672,212.19000244140625,179.3934783935547,2573900,0.0179908918166189,0.0178309709533532,4.0099945068359375,66.55126123143734,461740874.0371704,103290700,64.8650153420849,95.22272233108144
2021-12-27,212.88999938964844,215.6100006103516,212.6000061035156,215.1100006103516,181.86216735839844,1807200,0.0137613083092571,0.0136674813142534,3.0099945068359943,68.02001334821341,328661308.85009766,105097900,64.0486813861387,95.25013225696424
2021-12-28,214.5599975585937,216.1499938964844,213.72999572753903,214.67999267578125,181.49859619140625,1375400,-0.0019991577812645,-0.0020011587644806,2.4199981689453693,63.94480012830627,249633169.20166016,103722500,63.62328841832412,95.2708939045605
2021-12-29,214.52999877929688,216.33999633789065,213.8099975585937,214.6000061035156,181.4309844970703,1154900,-0.0003725191034791,-0.0003725885059567,2.529998779296932,65.09777725804459,209534643.9956665,102567600,59.141142307783056,95.28830572501599
2021-12-30,214.72000122070312,216.0,213.02999877929688,213.8999938964844,180.8391876220703,1207000,-0.0032618291558107,-0.0032671605170146,2.970001220703125,61.64564061675398,218272899.45983887,101360600,53.870685963401066,95.3063705474906
2021-12-31,213.13999938964844,215.4199981689453,211.7400054931641,214.33999633789065,181.2111968994141,1579900,0.0020571275630878,0.0020550145734789,3.6799926757812216,58.87355082892896,286295569.98138434,102940500,53.100469935293425,95.33010772513187
2022-01-03,214.6499938964844,215.6499938964844,210.8699951171875,213.5,180.50100708007807,2319600,-0.0039191276890589,-0.0039268275945065,4.779998779296903,63.06798947144649,418690136.0229491,100620900,59.934198830624354,95.36464675192641
2022-01-04,214.3999938964844,218.66000366210932,213.6000061035156,217.2899932861328,183.7052001953125,2741200,0.0177516633678,0.0175959427575621,5.05999755859375,73.58161764659674,503572694.7753906,103362100,50.50819922813555,95.4069621590503
2022-01-05,216.8000030517578,217.97999572753903,214.22000122070312,214.5599975585937,181.39718627929688,2710800,-0.0125636830833409,-0.0126432734846978,3.759994506835909,64.93380096932862,491731492.56591797,100651300,49.34152589043612,95.44767567134313
2022-01-06,215.0599975585937,217.1300048828125,213.3300018310547,216.63999938964844,183.1557006835937,2102200,0.0096942760820406,0.0096475880827251,3.800003051757813,64.79027270275348,385029913.97705066,102753500,63.839074530852635,95.47986752208257
2022-01-07,217.3500061035156,219.4499969482422,215.17999267578125,218.16000366210932,184.4407501220703,3014000,0.0070161585671666,0.006991659851148,4.2700042724609375,69.64349954005661,555904420.8679199,105767500,63.72167082731646,95.52665680981559
2022-01-10,217.0500030517578,217.22999572753903,210.6100006103516,211.72999572753903,179.0045623779297,2853800,-0.0294738973927547,-0.0299169806943259,6.619995117187443,64.65947614165128,510843220.11413574,102913700,57.088820016639865,95.56820795109165
2022-01-11,211.5,211.5,208.0399932861328,211.2700042724609,178.6156768798828,1771700,-0.0021724893091038,-0.0021748525874212,3.4600067138671875,57.57907568119367,316453394.7280884,101142000,57.351169525413546,95.59386284852897
2022-01-12,211.9199981689453,213.4600067138672,210.1000061035156,211.22000122070312,178.5734100341797,1865700,-0.0002366356998526,-0.0002366637024975,3.360000610351591,55.30135011791329,333164411.10076904,99276300,49.8765611038616,95.62084802808533
2022-01-13,211.5599975585937,213.63999938964844,209.92999267578125,210.47000122070312,177.93931579589844,1828500,-0.0035508883330384,-0.0035572077010303,3.710006713867188,46.29627326585532,325362038.9328003,97447800,43.42033723520111,95.64707609525072
2022-01-14,208.22999572753903,209.16000366210932,205.5,206.5399932861328,174.6167449951172,1921600,-0.018672493967507,-0.0188490259653475,3.6600036621093466,32.31525912065695,335543537.1826172,95526200,37.43838582153818,95.67350943005911
2022-01-18,204.5200042724609,206.0399932861328,201.509994506836,205.58999633789065,173.8135986328125,2339700,-0.0045994807790463,-0.0046100909374117,4.529998779296847,31.63639147968016,406671676.7211914,93186500,38.4253393210219,95.70534303068726
2022-01-19,205.0500030517578,207.25,203.4600067138672,203.759994506836,172.26641845703125,1701700,-0.0089013758874513,-0.0089412298132502,3.789993286132813,29.547121622312048,293145764.2883301,91484800,37.89384402252444,95.72802151608802
2022-01-20,205.7100067138672,206.9900054931641,202.1100006103516,202.2899932861328,171.02365112304688,1706800,-0.0072142170546974,-0.0072403653541224,4.8800048828125,28.71284507560556,291903167.7368164,89778000,36.85333907733375,95.75038535807987
2022-01-21,202.57000732421875,204.5399932861328,200.3999938964844,201.9499969482422,170.73623657226562,2570400,-0.0016805544080827,-0.0016819681237481,4.139999389648409,27.19907691878474,438860422.48535156,87207600,35.5503481618676,95.78391121101244
2022-01-24,199.009994506836,204.82000732421875,196.2899932861328,204.1300048828125,172.57928466796875,3660900,0.0107947096217213,0.0107368626655356,8.530014038085938,33.56716357439325,631795503.2409668,90868500,26.264401134819863,95.83278165212039
2022-01-25,200.0500030517578,203.5399932861328,197.17999267578125,201.94000244140625,170.7277374267578,3817200,-0.0107286760677748,-0.0107866432934011,6.3600006103515625,21.47896463354189,651701919.3054199,87051300,34.856723150121354,95.88244462841173
2022-01-26,203.32000732421875,206.0399932861328,197.22000122070312,199.0,168.24215698242188,3074700,-0.0145587382683042,-0.0146657566702832,8.819992065429688,21.312622036355023,517294160.07385254,83976600,27.638273537321005,95.92107269185135
2022-01-27,200.6000061035156,201.7400054931641,193.9199981689453,194.8300018310547,164.7166748046875,3371000,-0.020954808479439,-0.0211774766175588,7.820007324218778,12.666813311204947,555259910.7666016,80605600,18.789983910874895,95.96131368367892
2022-01-28,195.8000030517578,198.3500061035156,192.7400054931641,198.25,167.6080780029297,3066200,0.0175537977661985,0.0174015094344042,5.610000610351506,18.000638162093182,513919888.772583,83671800,30.261565072459213,95.99941283532405
2022-01-31,198.1699981689453,202.4900054931641,196.88999938964844,202.2100067138672,170.95602416992188,4626700,0.019974849702254,0.0197779698375341,5.600006103515653,33.379945741392504,790962237.0269775,88298500,57.61549193218578,96.05950961381022
2022-02-01,225.009994506836,233.72000122070312,222.009994506836,230.69000244140625,195.0340881347656,19125300,0.1408436121614018,0.1317679994014117,11.71000671386716,67.13731776020364,3730085445.8038325,107423800,60.561597551854774,96.38644721165272
2022-02-02,230.6499938964844,232.3099975585937,225.6999969482422,232.1100006103516,196.2346343994141,5474000,0.0061555714497403,0.0061367033096714,6.610000610351534,67.99932695704968,1074188388.7023928,112897800,58.59476336274145,96.48075933410838
2022-02-03,229.83999633789065,232.19000244140625,227.22999572753903,228.69000244140625,193.3432159423828,3503300,-0.0147344961091124,-0.0148441270339925,4.960006713867216,65.00824813628988,677339288.4109497,109394500,56.748185968854415,96.53927779508244
2022-02-04,227.2899932861328,227.82000732421875,222.9199981689453,224.7899932861328,190.04600524902344,3623100,-0.0170536663378039,-0.017200754768642,4.9000091552734375,65.04038944263935,688555681.6177368,105771400,55.64659077576768,96.59766423619546
2022-02-07,225.4900054931641,227.5500030517578,221.5399932861328,225.0599975585937,190.27427673339844,3295900,0.0012011380301095,0.0012004172409463,6.010009765625,66.22768737550192,627124988.6856079,109067300,56.521421321928585,96.65084412338052
2022-02-08,224.7400054931641,226.5399932861328,223.16000366210932,225.1999969482422,190.39263916015625,2759600,0.0006220621556936,0.0006218687552314,3.379989624023466,68.38767039150417,525407527.0263672,111826900,59.44064444569581,96.69538053565496
2022-02-09,227.8699951171875,230.3500061035156,224.6000061035156,225.07000732421875,190.28271484375,2130300,-0.000577355915077,-0.000577522649183,5.75,69.9964448286198,405359267.4316406,109696600,58.48297501393215,96.72969161821169
2022-02-10,222.6100006103516,224.1000061035156,219.2700042724609,220.67999267578125,186.5712280273437,3379500,-0.019505118052651,-0.0196978531988812,4.830001831054688,65.3498467325727,630517465.118408,106317100,58.12896094620663,96.78191364008751
2022-02-11,220.259994506836,221.2700042724609,212.1100006103516,213.4900054931641,180.49253845214844,3821000,-0.032581066434876,-0.0331236471855156,9.160003662109318,57.08870507630906,689661989.4256592,102496100,58.08446001064493,96.83689257922363
2022-02-14,213.69000244140625,214.92999267578125,211.72000122070312,213.9900054931641,180.91525268554688,3641400,0.002342003924503,0.0023392657077547,3.209991455078125,59.365745937576186,658784801.1291504,106137500,58.28144837859471,96.88948457034752
2022-02-15,215.97000122070312,219.47000122070312,215.6999969482422,217.259994506836,183.6798553466797,3149000,0.0152812027736435,0.0151656211909276,3.7700042724609375,64.11998663540072,578407864.4866943,109286500,59.038834923702865,96.93640655129315
2022-02-16,215.8500061035156,217.9900054931641,213.5,215.3099975585937,182.03125,2226700,-0.0089754281631379,-0.0090159499677515,4.490005493164091,66.3997183486164,405328984.375,107059800,59.06455157742073,96.96892509530092
2022-02-17,214.07000732421875,214.33999633789065,209.72000122070312,210.7100067138672,178.14224243164062,2815600,-0.0213645050965665,-0.0215960296798122,4.619995117187528,59.79250916673166,501577297.79052734,104244200,53.77882544969774,97.00813001651127
2022-02-18,208.1999969482422,210.91000366210932,207.5500030517578,209.3600006103516,178.2869873046875,2823900,0.0008125241440273,0.0008121942249843,3.360000610351534,57.24637637441366,503464623.44970703,107068100,29.96385688387963,97.04748256970323
2022-02-22,208.72999572753903,210.5500030517578,206.6699981689453,208.97000122070312,177.9549102783203,3558300,-0.0018625982265305,-0.0018643350195741,3.8800048828125,18.180577689866094,633216957.2433472,103509800,18.831121507693112,97.0968126806075
2022-02-23,209.47000122070312,210.9600067138672,204.1699981689453,204.47999572753903,174.13128662109375,2836000,-0.0214864745864356,-0.0217206696420847,6.790008544921875,12.486773199277565,493836328.8574219,100673800,19.068045091844326,97.13422903694436
2022-02-24,200.1100006103516,207.4199981689453,199.0500030517578,207.19000244140625,176.43905639648438,3347000,0.013253044987902,0.0131659916911727,8.3699951171875,20.730847048516537,590541521.7590332,104020800,25.721357610528894,97.1796625798202
2022-02-25,207.2400054931641,211.58999633789065,206.8699951171875,209.9499969482422,178.7894287109375,2657100,0.0133211566784368,0.0132332102420695,4.720001220703153,29.848773817399888,475061391.02783203,106677900,25.72546837640531,97.21676257252614
2022-02-28,206.1699981689453,210.92999267578125,204.5399932861328,210.4199981689453,179.18968200683594,3536700,0.0022386854680629,0.0022361833453651,6.3899993896484375,30.278089686312924,633740148.3535767,110214600,18.92395305302416,97.26633380394662
2022-03-01,209.47000122070312,210.6100006103516,203.7899932861328,205.5800018310547,175.06802368164062,2986100,-0.023001649866414,-0.0232703156474475,6.820007324218778,26.133993768262243,522770625.5157471,107228500,19.959363634145088,97.30603766787684
2022-03-02,205.8999938964844,213.3699951171875,205.7400054931641,211.4600067138672,180.0753173828125,2854200,0.0286019890775575,0.0282005881284962,7.629989624023409,36.207300387377934,513970970.87402344,110082700,27.25625646227089,97.34639116572698
2022-03-03,213.8800048828125,216.2400054931641,211.82000732421875,212.42999267578125,180.9013671875,3019500,0.0045872461406326,0.004576756792969,4.419998168945341,41.69067615059921,546231678.2226562,113102200,28.218288685696297,97.3894647506763
2022-03-04,211.0800018310547,211.1999969482422,207.0599975585937,210.38999938964844,179.16412353515625,2442900,-0.0096032643608665,-0.0096496730597276,4.139999389648466,47.76932060606713,437680037.3840332,110659300,28.06799844754968,97.42355632072548
2022-03-07,207.4499969482422,208.9900054931641,200.13999938964844,201.17999267578125,171.32106018066406,4043100,-0.0437758586916715,-0.0447629359760949,8.850006103515653,37.1033198903393,692668178.4164429,106616200,20.051372766636547,97.47450902899836
2022-03-08,202.08999633789065,208.4600067138672,198.52999877929688,203.41000366210932,173.22010803222656,4001000,0.0110847309114237,0.0110237455388438,9.930007934570312,35.604852799860225,693053652.2369385,110617200,26.720045285567647,97.52615693847852
2022-03-09,209.0,209.27999877929688,206.3099975585937,206.77999877929688,176.0899200439453,3097600,0.0165674299844267,0.0164316873356754,2.9700012207031534,42.089199998862256,545456136.328125,113714800,27.086965519849244,97.567608910948
2022-03-10,204.5,207.3699951171875,203.8600006103516,207.17999267578125,176.4305419921875,2284100,0.0019343636941693,0.0019324952218673,3.509994506835909,47.4830623093416,402985000.96435547,115998900,27.632862439383644,97.59827911708477
2022-03-11,207.9199981689453,209.1699981689453,203.7100067138672,203.8999938964844,173.6373748779297,2006600,-0.0158315396116704,-0.0159581970012239,5.459991455078125,43.65709156717092,348420756.4300537,113992300,28.545760099545863,97.6242494820712
2022-03-14,205.58999633789065,208.91000366210932,203.25,204.3000030517578,173.97802734375,2237200,0.0019618614141097,0.0019599394773108,5.660003662109347,44.57608473518797,389223642.7734375,116229500,35.496094303886466,97.6533131417184
2022-03-15,207.4900054931641,211.22999572753903,206.5500030517578,210.52999877929688,179.28335571289062,2865400,0.0304942437280211,0.0300385354308066,4.679992675781222,56.75374125493659,513718527.4597168,119094900,43.267999851701255,97.69309074008338
2022-03-16,212.6000061035156,218.009994506836,212.509994506836,217.8999938964844,185.5595245361328,3022000,0.0350069798631671,0.0344081705237398,5.5,60.82914910632013,560760883.1481934,122116900,44.67369291178737,97.73822409347099
2022-03-17,216.0,222.57000732421875,214.759994506836,222.32000732421875,189.3235015869141,3520200,0.0202844723825983,0.0200814829050836,7.810012817382784,62.10135916598277,666456590.286255,125637100,41.63698103426158,97.79299038941346
2022-03-18,220.97999572753903,221.1999969482422,216.83999633789065,219.77999877929688,187.1604766845703,6278200,-0.0114250205823009,-0.0114907875356696,4.360000610351534,58.80029084185103,1175030904.7210693,119358900,42.200024991644106,97.88819810199078
2022-03-21,218.19000244140625,221.8000030517578,216.9499969482422,218.5599975585937,186.1215362548828,2244600,-0.0055510674480621,-0.00556653187892,4.850006103515625,63.09521614428827,417768400.27770996,117114300,36.211554335952265,97.92179225727028
2022-03-22,219.5800018310547,220.3999938964844,217.27999877929688,218.4199981689453,186.00233459472656,2182100,-0.0006404506568923,-0.0006406558330224,3.1199951171875284,57.94159295147411,405875694.31915283,114932200,29.906816549668996,97.95438237771293
2022-03-23,217.47999572753903,217.72000122070312,214.22000122070312,214.5800018310547,182.7322540283203,1939300,-0.0175808576463908,-0.0177372364842973,3.5,52.302403968480256,354372660.2371216,112992900,30.2733616522399,97.98225103569979
2022-03-24,214.75,215.4600067138672,213.32000732421875,214.66000366210932,182.8003845214844,1882500,0.0003728432811513,0.0003727737923669,2.139999389648437,54.77309635763635,344121723.8616944,114875400,31.89060321994766,98.00930766457871
2022-03-25,214.5,215.5399932861328,212.07000732421875,215.3500061035156,183.3879852294922,1754200,0.0032144391246546,0.0032092838597808,3.4699859619140625,69.56645019031573,321699203.6895752,116629600,39.44611087333219,98.03467935724859
2022-03-28,216.3600006103516,219.83999633789065,216.07000732421875,219.5500030517578,186.9646148681641,2353200,0.0195030750471254,0.0193153272584522,3.769989013671904,71.13672180417252,439965131.70776373,118982800,39.68451272600613,98.07011616859961
2022-03-29,221.9600067138672,223.97000122070312,220.4900054931641,222.4499969482422,189.43418884277344,3034800,0.0132087773740006,0.0131223021299681,3.479995727539034,70.77698753756118,574894876.3000488,122017600,39.61539994156054,98.11704397124882
2022-03-30,222.0,222.3000030517578,218.57000732421875,220.1999969482422,187.5181579589844,2200200,-0.0101144935636686,-0.0101659926057975,3.7299957275390634,66.45608091275973,412577451.1413575,119817400,38.63139608492687,98.15032280447895
2022-03-31,219.1499938964844,220.8300018310547,214.4600067138672,214.4600067138672,182.6300811767578,2858600,-0.0260672184252991,-0.0264129904780724,6.3699951171875,62.56546623558376,522066350.0518799,116958800,36.972999171742444,98.19116029666877
2022-04-01,214.8999938964844,215.2100067138672,203.72000122070312,206.63999938964844,175.970703125,3993600,-0.036463752350373,-0.0371451710261995,11.490005493164062,52.36647789255315,702756600.0,112965200,29.881457726902095,98.24365189146532
2022-04-04,204.7899932861328,206.2700042724609,202.58999633789065,205.2100067138672,174.7529296875,3204600,-0.0069203192115164,-0.0069443756703358,3.680007934570256,44.04120058250152,560013238.4765625,109760600,21.0004163380909,98.2850625963341
2022-04-05,200.25,202.1999969482422,196.009994506836,197.2100067138672,167.9403076171875,6270700,-0.0389843082029874,-0.0397645415322386,6.190002441406222,27.148195454468123,1053103286.9750977,103489900,12.736591466006262,98.35875705251429
2022-04-06,195.5800018310547,196.9199981689453,193.25,194.38999938964844,165.53883361816406,3911700,-0.0142995688950235,-0.0144027929516262,3.669998168945313,18.021506752864354,647538255.4641724,99578200,13.73631536139322,98.4030652898921
2022-04-07,194.44000244140625,194.44000244140625,189.5200042724609,192.6999969482422,164.0996551513672,3627900,-0.0086939024236242,-0.0087319148713368,4.919998168945341,18.379244690867253,595337138.923645,95950300,12.923559589891308,98.44322688930785
2022-04-08,188.72999572753903,191.8500061035156,186.0500030517578,190.97000122070312,162.6264190673828,5465800,-0.0089776915291226,-0.0090182338350074,5.800003051757784,18.16292368080218,888883481.338501,90484500,18.606437900026286,98.50228616375294
2022-04-11,189.75,194.1999969482422,188.63999938964844,190.83999633789065,162.5157470703125,2787300,-0.0006805290167796,-0.00068076068176,5.55999755859375,18.16712323894289,452980141.80908203,87697200,18.155171404837116,98.5323098725644
2022-04-12,190.97999572753903,192.1300048828125,186.8000030517578,187.88999938964844,160.00355529785156,3428800,-0.0154581437045238,-0.0155788665243531,5.330001831054688,18.54818275799161,548620190.4052734,84268400,18.099678508494357,98.56775634166905
2022-04-13,187.4600067138672,190.0399932861328,186.6699981689453,188.8699951171875,160.83811950683594,2296000,0.0052159104054332,0.0052023546613538,3.3699951171875,20.240028483843176,369284322.3876953,86564400,23.02532099120676,98.59179135882722
2022-04-14,191.1199951171875,191.2899932861328,187.83999633789065,188.0200042724609,160.1142578125,2624300,-0.0045005605422113,-0.0045107185540982,3.449996948242159,18.57896300300393,420187846.77734375,83940100,17.75580944035249,98.6189211729299
2022-04-18,187.6999969482422,188.8000030517578,185.6699981689453,187.16000366210932,159.38189697265625,2552600,-0.0045739889117268,-0.0045844816068822,3.1300048828125,9.66376747691939,406838230.21240234,81387500,15.919683559003865,98.64497281836775
2022-04-19,188.25,191.5,187.66000366210932,190.69000244140625,162.3879852294922,2448800,0.0188609140306046,0.0186852523148147,3.839996337890653,11.05939535182094,397655698.22998047,83836300,21.068431450692728,98.67118002105929
2022-04-20,191.97999572753903,192.72999572753903,190.25,190.42999267578125,162.1665802001953,2526000,-0.0013634323314251,-0.0013643626510009,2.479995727539034,11.62675538133712,409632781.58569336,81310300,21.3494350764102,98.69809699493136
2022-04-21,191.52999877929688,191.52999877929688,187.8099975585937,188.8000030517578,160.77853393554688,2618200,-0.0085593854352412,-0.0085962273548571,3.7200012207031534,13.004678462281674,420950357.5500488,78692100,21.550180107298093,98.72536274323699
2022-04-22,188.259994506836,190.94000244140625,186.94000244140625,187.1499938964844,159.3733673095703,3964200,-0.00873976513892,-0.0087781808797458,4.0,15.819058842014314,631787902.6885986,74727900,20.760895584086555,98.76566628437797
2022-04-25,186.6300048828125,190.33999633789065,183.17999267578125,189.63999938964844,161.49380493164062,5354900,0.0133048429475142,0.0132171108424507,7.160003662109403,23.67268139627045,864783176.0284424,80082800,20.353025057424702,98.82192569971191
2022-04-26,186.69000244140625,187.4199981689453,180.8300018310547,183.0500030517578,155.88192749023438,7811800,-0.034749800116368,-0.035367936758163,6.589996337890625,24.858010040786723,1217718441.168213,72271000,28.00999783640447,98.89648408543167
2022-04-27,182.57000732421875,187.33999633789065,181.94000244140625,186.3999938964844,158.73472595214844,3978600,0.0183010212142313,0.0181355730568391,5.399993896484403,36.07535249268034,631541980.6732178,76249600,34.55148682416067,98.93627956830531
2022-04-28,188.2400054931641,190.83999633789065,186.1199951171875,190.16000366210932,161.93666076660156,3176700,0.0201716089232948,0.0199708571871839,4.720001220703153,45.871303646781136,514424190.2572632,79426300,35.095429598053975,98.9697155056969
2022-04-29,186.1499938964844,188.5399932861328,179.55999755859375,179.97999572753906,153.26756286621094,4853500,-0.0535338808355777,-0.0550201048905936,8.979995727539062,35.98575136636994,743884116.3711548,74572800,28.360944321113173,99.01370811860667
2022-05-02,180.27999877929688,180.9900054931641,175.22000122070312,178.5800018310547,152.07533264160156,5026600,-0.0077787511089354,-0.007809163409146,5.770004272460966,34.85670122669434,764421867.0562744,69546200,28.552882174921024,99.05819507704079
2022-05-03,179.24000549316406,179.9600067138672,176.5500030517578,178.1199951171875,151.68360900878906,3266300,-0.0025758525462882,-0.0025791757624281,3.410003662109375,37.14136536562221,495444172.1054077,66279900,34.86196564365837,99.08684958156991
2022-05-04,178.05999755859375,184.2100067138672,177.00999450683594,183.8000030517578,156.52059936523438,3920500,0.0318886818955173,0.0313907948610619,7.20001220703125,44.06183932235801,613639009.8114014,70200400,29.64342458548852,99.124361233902
2022-05-05,181.6499938964844,183.33999633789065,177.82000732421875,179.7899932861328,153.1057586669922,3249700,-0.0218171966635126,-0.0220587109368601,5.519989013671903,41.02509991781474,497547783.9401245,66950700,29.562772679643068,99.15356977759903
2022-05-06,179.13999938964844,181.0500030517578,175.66000366210938,179.9199981689453,153.21646118164062,2826600,0.0007230460539973,0.0007227847821326,5.3899993896484375,41.9769652819255,433081649.1760254,69777300,31.21710169163629,99.17900185208751
2022-05-09,177.7100067138672,183.6100006103516,176.83999633789062,181.42999267578125,154.50233459472656,3925400,0.0083925278208945,0.0083575063685279,6.770004272460966,39.25752148520647,606483464.2181396,73702700,32.236701736208495,99.21512010967855
2022-05-10,183.1999969482422,184.5,179.69000244140625,182.009994506836,154.9962615966797,3510200,0.0031968902168937,0.0031917910281716,4.80999755859375,40.303998454958574,544067877.456665,77212900,31.092382871379943,99.2476663126775
2022-05-11,181.27999877929688,182.6999969482422,176.91000366210938,177.4600067138672,151.12158203125,4934100,-0.0249985356131497,-0.0253163060501868,5.7899932861328125,37.76432603820277,745648997.9003906,72278800,30.535371130241508,99.2901754226254
2022-05-12,176.13999938964844,178.75999450683594,173.19000244140625,178.64999389648438,152.13494873046875,5352400,0.0067056385037658,0.0066832557147736,5.569992065429688,40.736716678584806,814287099.5849609,77631200,37.522374548911685,99.3371096575257
2022-05-13,176.86000061035156,179.07000732421875,175.75,178.0399932861328,152.91651916503906,3598100,0.0051373497088758,0.0051241985500314,3.32000732421875,38.63382049103458,550208927.607727,81229300,46.40730759802745,99.36908027869934
2022-05-16,177.82000732421875,181.9600067138672,176.83999633789062,179.77000427246094,154.4024200439453,3003600,0.0097170723412984,0.0096701652156868,5.1200103759765625,47.79872129183941,463763108.84399414,84232900,44.99205283976334,99.39647908336852
2022-05-17,183.0,183.7700042724609,180.3500061035156,183.13999938964844,157.296875,2640900,0.018746176097699,0.0185726320421599,3.4199981689453125,47.863348251719074,415405317.1875,86873800,38.15551406538561,99.42181327638522
2022-05-18,179.47999572753906,180.13999938964844,171.52000427246094,172.22999572753906,147.92640686035156,4275300,-0.0595718646009237,-0.0614200442194557,8.6199951171875,32.406174670514346,632429767.250061,82598500,38.747591896185966,99.45614657507419
2022-05-19,170.16000366210938,171.2100067138672,165.33999633789062,167.38999938964844,143.76939392089844,4382900,-0.0281018989623502,-0.0285043143406053,5.8700103759765625,36.54792869843789,630126876.6159058,78215600,46.374455099566525,99.48827919773376
2022-05-20,169.19000244140625,171.2100067138672,166.55999755859375,171.0399932861328,146.90431213378906,3483300,0.021805184868592,0.0215708521516298,4.6500091552734375,43.05836749308269,511711790.45562744,81698900,52.173665606264684,99.51558889732195
2022-05-23,172.69000244140625,174.66000366210938,171.4499969482422,174.38999938964844,149.78160095214844,2837700,0.0195861426840824,0.0193968024938471,3.2100067138671875,47.6064528418404,425035249.0219116,84536600,45.512401726206505,99.5391631541637
2022-05-24,172.7899932861328,174.72999572753906,170.3699951171875,174.11000061035156,149.54110717773438,2865100,-0.0016056296159558,-0.0016069200206473,4.3600006103515625,40.06774832366328,428450226.17492676,81671500,52.0193621297299,99.56282878993088
2022-05-25,171.8699951171875,175.05999755859375,171.11000061035156,173.86000061035156,149.32640075683594,3370100,-0.0014357685652497,-0.0014368002685792,3.949996948242188,44.08280122088034,503244903.1906128,78301400,57.46114359464064,99.59051758925816
2022-05-26,175.49000549316406,180.02999877929688,175.49000549316406,178.3800048828125,153.20858764648438,2628400,0.025997994125434,0.02566579170323,4.5399932861328125,49.98897475475239,402693451.77001953,80929800,56.63256112831768,99.61377514146862
2022-05-27,178.64999389648438,182.5500030517578,178.5800018310547,182.52999877929688,156.77296447753906,2959800,0.0232648631895175,0.0229983617571686,3.970001220703125,52.98882304547909,464016620.2606201,83889600,60.87286275602294,99.64168114942474
2022-05-31,180.1699981689453,184.6100006103516,178.69000244140625,182.25,156.53245544433594,8734300,-0.0015341231442848,-0.0015353011161191,5.919998168945341,52.03566806858622,1367201425.5874634,75155300,62.7559062458314,99.7235264962073
2022-06-01,182.2400054931641,183.9900054931641,179.35000610351562,180.22999572753903,154.79750061035156,3253800,-0.0110836748140153,-0.0111455564129019,4.639999389648466,55.16393713203156,503680107.4859619,71901500,71.17223013115151,99.75302694493303
2022-06-02,182.19000244140625,184.08999633789065,180.2100067138672,184.07000732421875,158.09567260742188,2317800,0.0213063646639379,0.0210825575064555,3.879989624023466,57.86852397043396,366434149.9694824,74219300,71.37067553485208,99.77527990298529
2022-06-03,182.3699951171875,185.5399932861328,182.07000732421875,185.4900054931641,159.31529235839844,3802200,0.0077144410777458,0.007684836932652,3.4699859619140625,58.35020565380706,605748604.6051025,78021500,71.23482824914628,99.81251031998897
2022-06-06,186.8800048828125,188.8800048828125,186.5399932861328,187.1100006103516,160.70664978027344,2649200,0.0087333576160721,0.0086954424397289,2.3400115966796875,58.24717943804345,425744056.5979004,80670700,65.33679206221463,99.83902919479999
2022-06-07,184.8500061035156,186.009994506836,182.2100067138672,185.509994506836,159.33242797851562,2984000,-0.0085511197180497,-0.0085878903121595,3.7999877929687775,52.773211263974986,475447965.0878906,77686700,66.0676270829573,99.86819805554153
2022-06-08,182.5399932861328,183.25,177.99000549316406,179.44000244140625,154.11898803710938,3592200,-0.0327205202829723,-0.0332678079987777,5.2599945068359375,59.514383977531416,553626228.8269043,74094500,67.75003829500473,99.90019895536659
2022-06-09,179.0,181.3999938964844,176.49000549316406,176.5500030517578,151.6367950439453,2891600,-0.0161056922626976,-0.0162367985349154,4.909988403320341,62.74343868543357,438472956.54907227,71202900,61.174068909811695,99.92475314004258
2022-06-10,173.3000030517578,175.0,171.83999633789062,173.0500030517578,148.6306915283203,3220600,-0.0198243672635907,-0.0200235062970128,3.160003662109375,52.80806849364027,478680005.1361084,67982300,53.926147512543366,99.95048544246313
2022-06-13,170.8300018310547,174.8800048828125,169.5,172.72000122070312,148.34725952148438,4302900,-0.0019069547744244,-0.0019087753275234,5.3800048828125,47.45194113938221,638323422.9949951,63679400,60.34660571705288,99.98462289944771
2022-06-14,174.0500030517578,177.97000122070312,172.0399932861328,174.16000366210938,149.5840606689453,3925500,0.0083372025304033,0.0083026400275677,5.9300079345703125,50.073696694251645,587192230.1559448,67604900,60.46615458593967,100.01651960689361
2022-06-15,175.10000610351562,180.0800018310547,173.44000244140625,175.8800048828125,151.06134033203125,3465100,0.009875916300704,0.0098274681580384,6.6399993896484375,52.853082833023606,523442650.3845215,71070000,54.67631681512525,100.0454793771779
2022-06-16,171.13999938964844,173.2899932861328,170.74000549316406,172.19000244140625,147.8920440673828,3355500,-0.0209801942554087,-0.0212034060693457,2.54998779296875,41.04710518999383,496251753.868103,67714500,45.129854476767676,100.07175161871093
2022-06-17,171.4600067138672,173.7100067138672,169.4600067138672,171.07000732421875,146.93008422851562,7578300,-0.0065044732117496,-0.0065257194782573,4.25,31.83255817097357,1113480257.30896,60136200,38.38531347540594,100.12978922708174
2022-06-21,172.63999938964844,175.0,172.4199981689453,174.5,149.87606811523438,2845800,0.0200502429586644,0.0198518838856661,2.5800018310546875,38.82962133693326,426517314.642334,62982000,44.2507204722955,100.15291594009103
2022-06-22,172.8699951171875,176.80999755859375,172.3699951171875,176.14999389648438,151.293212890625,2671000,0.0094554440426142,0.00941102113758,4.44000244140625,44.055895910819146,404104171.6308594,65653000,44.852054591262636,100.17522065165376
2022-06-23,177.3699951171875,179.00999450683594,175.24000549316406,178.6300048828125,153.4232940673828,2923600,0.0140791588469848,0.0139809680460539,3.769989013671875,41.747513681422426,448548342.5354004,68576600,45.96035423373324,100.20062886046512
2022-06-24,180.7700042724609,184.6199951171875,180.7700042724609,183.3000030517578,157.4342803955078,4826400,0.0261432682208178,0.0258073746422723,3.849990844726591,46.97589231219102,759840810.9008789,73403000,41.14916632380259,100.24567784380271
2022-06-27,184.8500061035156,184.9600067138672,181.0500030517578,181.8099975585937,156.154541015625,1902300,-0.0081287212458928,-0.0081619394371896,3.910003662109375,42.65520295951544,297052783.37402344,71500700,41.70289482635131,100.26301728848424
2022-06-28,182.759994506836,185.27999877929688,179.50999450683594,179.9199981689453,154.53125,2380800,-0.0103954134479032,-0.0104498231610658,5.7700042724609375,42.31509831007876,367908000.0,69119900,43.02169751035555,100.28407327381194
2022-06-29,180.3300018310547,181.6199951171875,177.6699981689453,181.1300048828125,155.5705108642578,2101000,0.006725247251011,0.0067027336589976,3.949996948242188,52.68169304090973,326853643.32580566,71220900,50.01850606263287,100.3029968389444
2022-06-30,178.91000366210938,183.88999938964844,177.57000732421875,182.5399932861328,156.78150939941406,3728200,0.0077842421962148,0.0077541012979192,6.319992065429688,59.97333061985603,584512823.3428955,74949100,56.39135098907692,100.33727969954003
2022-07-01,181.77999877929688,186.1100006103516,181.509994506836,184.9900054931641,158.8858184814453,2962500,0.0134219213100592,0.0133326452743633,4.600006103515625,70.60043108627366,470699237.25128174,77911600,58.327426192779285,100.36550636609584
2022-07-05,182.2899932861328,184.97000122070312,181.72999572753903,184.6300048828125,158.5766143798828,2471800,-0.0019460774065157,-0.0019479734754824,3.240005493164091,70.52740586324964,391969675.42419434,75439800,56.69345852969957,100.38891250112869
2022-07-06,184.77999877929688,185.9600067138672,182.7100067138672,185.1699981689453,159.0404052734375,2005000,0.0029247117891144,0.0029204431406087,3.25,69.5837654692,318876012.5732422,77444800,56.35464289176778,100.4080357789698
2022-07-07,185.92999267578125,187.009994506836,183.02999877929688,186.19000244140625,159.91650390625,2961800,0.005508654428453,0.0054935372829899,3.979995727539091,68.80704510719715,473640701.26953125,80406600,57.94191150587197,100.43668377601512
2022-07-08,185.7100067138672,186.3000030517578,183.08999633789065,185.3999938964844,159.2379608154297,1938200,-0.0042431085863289,-0.0042521361171456,3.210006713867159,76.94813949307928,308635015.6524658,78468400,71.42474814259388,100.45520238299522
2022-07-11,183.72000122070312,186.82000732421875,183.72000122070312,184.63999938964844,158.58522033691406,2275900,-0.0040991512022199,-0.0041075757527284,3.100006103515625,78.09526401782017,360924102.9647827,76192500,61.893029362875176,100.47669137401977
2022-07-12,181.52999877929688,182.4900054931641,178.05999755859375,179.3699951171875,154.05885314941406,4207600,-0.0285421754806893,-0.0289574238508929,4.430007934570341,59.368965453599664,648218030.5114746,71984900,55.64831241399214,100.51328625667195
2022-07-13,178.42999267578125,181.0,176.22999572753906,177.9199981689453,152.8134765625,2414400,-0.0080837716330799,-0.0081166224738967,4.7700042724609375,53.43162445562847,368952857.8125,69570500,48.89713585288487,100.53377465487127
2022-07-14,176.92999267578125,178.47999572753906,175.1300048828125,178.27999877929688,153.1226806640625,2487000,0.0020234085927364,0.0020213642587872,3.3499908447265625,49.26066224787798,380816106.81152344,72057500,49.11191779495275,100.55498707512514
2022-07-15,180.57000732421875,182.8099975585937,180.57000732421875,182.58999633789065,156.824462890625,5014100,0.0241752705119098,0.0238876745799548,2.239990234374972,48.477032979009614,786333539.3798828,77071600,48.64723787881713,100.60070990731707
2022-07-18,182.3300018310547,183.8999938964844,179.72999572753906,180.0800018310547,154.66868591308594,2289200,-0.0137464330360409,-0.0138417901350986,4.169998168945341,46.44476881522962,354067555.7922363,74782400,55.12419159464933,100.62076062988999
2022-07-19,181.25,185.9499969482422,181.2400054931641,185.8099975585937,159.59010314941406,2710800,0.0318190925802115,0.0313233538055085,4.709991455078097,60.45439208897382,432616851.61743164,77493200,60.087053048263115,100.64664509926473
2022-07-20,185.8500061035156,187.5,184.2700042724609,186.8500061035156,160.4833526611328,1754800,0.0055971485329666,0.0055815427021383,3.229995727539091,60.21429305625526,281616187.24975586,79248000,58.690307421073015,100.66364269252459
2022-07-21,186.9499969482422,188.13999938964844,185.8300018310547,187.009994506836,160.62075805664062,2320100,0.0008561971894862,0.0008558308617568,2.30999755859375,58.35517799943815,372656220.7672119,81568100,57.94558629761221,100.68615274314934
2022-07-22,188.63999938964844,189.2899932861328,185.66000366210932,187.97999572753903,161.45388793945312,2255200,0.0051869378086155,0.0051735319835055,3.629989624023466,55.91609667892062,364110808.0810547,83823300,65.02354217954607,100.7083208543441
2022-07-25,188.9600067138672,189.92999267578125,186.9600067138672,187.91000366210932,161.39376831054688,2816100,-0.0003723640828569,-0.0003724334275768,2.9699859619140625,56.56526145475881,454500990.93933105,81007200,55.36687797792472,100.73595241525535
2022-07-26,179.25,183.83999633789065,178.66000366210938,181.52999877929688,155.9140625,4961000,-0.0339524001943065,-0.0345421708224266,5.179992675781278,44.09475915927963,773489664.0625,76046200,55.076173083891,100.78017667961292
2022-07-27,182.88999938964844,185.02999877929688,180.05999755859375,183.8999938964844,157.94961547851562,2739300,0.0130556086210351,0.012971118746086,4.970001220703125,46.44071297294432,432671381.68029785,78785500,60.490594249707065,100.80546592906349
2022-07-28,184.66000366210932,189.07000732421875,183.8000030517578,188.2400054931641,161.67721557617188,2452500,0.0235999314487933,0.0233257583327962,5.2700042724609375,53.975391511120776,396513371.2005615,81238000,62.34925343190311,100.8295641648787
2022-07-29,188.5500030517578,195.72999572753903,187.97999572753903,194.88999938964844,167.38882446289062,4093100,0.0353272343685793,0.0347175452186708,7.75,62.31676518746704,685139197.4090576,85331100,70.72122144719137,100.87351169188209
2022-08-01,193.0800018310547,195.82000732421875,192.9199981689453,195.33999633789065,167.7753143310547,2086100,0.00230893471774,0.0023062732239975,2.900009155273437,71.70434713743352,349996083.2260132,87417200,70.99943483474814,100.8960178009442
2022-08-02,194.5200042724609,194.97000122070312,191.94000244140625,193.52999877929688,166.220703125,2075100,-0.0092660306568529,-0.0093092273673534,3.029998779296875,71.00942087896323,344924581.0546875,85342100,76.70953807270952,100.9178701701128
2022-08-03,194.69000244140625,195.33999633789065,192.759994506836,193.4199981689453,166.12623596191406,1916700,-0.0005683236883848,-0.0005684852455063,2.5800018310546875,70.51492349401332,318414156.4682007,83425400,70.00298077856942,100.9380123032274
2022-08-04,192.6999969482422,194.63999938964844,191.6000061035156,194.5200042724609,167.07101440429688,1627300,0.0056871115926531,0.0056710010263841,3.039993286132841,67.70559560923544,271874661.7401123,85052700,75.8989686128053,100.95535114111486
2022-08-05,193.4499969482422,196.91000366210932,193.4499969482422,196.759994506836,168.99493408203125,1785900,0.0115155802734199,0.0114497806443765,3.460006713867159,74.95509393461124,301808052.7770996,86838600,75.58805985421863,100.97492281454456
2022-08-08,197.8600006103516,199.0399932861328,195.6100006103516,196.08999633789065,168.41949462890625,2102500,-0.0034050692480857,-0.0034108796900989,3.4299926757812216,68.1241547022516,354101987.4572754,84736100,69.90717839818149,100.9977548767905
2022-08-09,196.47000122070312,197.52999877929688,195.22000122070312,196.6499938964844,168.9004669189453,2022400,0.0028557993900815,0.0028517293419892,2.30999755859375,67.57534511938991,341584304.296875,86758500,70.47238591898271,101.0198590824501
2022-08-10,199.7700042724609,202.6699981689453,199.009994506836,202.3699951171875,173.8132781982422,2791400,0.0290870201185087,0.0286720209327409,3.6600036621093466,72.96651442165934,485182384.76257324,89549900,71.04117630595698,101.05255095829918
2022-08-11,203.3600006103516,205.8999938964844,201.75,204.42999267578125,175.5825958251953,2730600,0.0101794157805086,0.0101279544638027,4.149993896484403,73.81987387497705,479445836.1602783,92280500,70.42168841396649,101.0852793273036
2022-08-12,202.5399932861328,204.9900054931641,201.6300048828125,204.88999938964844,177.29595947265625,1883100,0.0097581633271142,0.0097108599319137,3.360000610351591,75.39423014131758,333866021.282959,94163600,82.15090394210415,101.10835171894855
2022-08-15,203.83999633789065,206.1100006103516,203.2899932861328,205.8800048828125,178.1526336669922,1618200,0.0048318878607498,0.0048202517584407,2.8200073242187784,91.66460358182024,288286591.79992676,95781800,82.0724843230351,101.12839011854481
2022-08-16,204.259994506836,207.6999969482422,203.77999877929688,206.3500061035156,178.55934143066406,2296000,0.002282917492155,0.0022803155952086,3.919998168945313,91.12279426226564,409972247.9248047,98077800,75.86856301262985,101.15695396333143
2022-08-17,202.4900054931641,206.1199951171875,202.3500061035156,204.97999572753903,177.37379455566406,1767300,-0.0066395119152047,-0.0066616515263294,3.769989013671904,84.85540319383595,313472707.1182251,96310500,74.21363790087271,101.17858952156719
2022-08-18,204.38999938964844,208.22000122070312,204.009994506836,208.0500030517578,180.0303955078125,1913900,0.0149774151181882,0.0148663611311054,4.210006713867159,82.47807426758723,344560173.96240234,98224400,74.90699844079317,101.20282235986802
2022-08-19,208.91000366210932,209.38999938964844,206.7400054931641,208.42999267578125,180.35919189453125,2704300,0.0018263381902334,0.001824672462454,2.6499938964843466,82.42597673436552,487745362.64038086,100928700,70.79198781732529,101.23718017877854
2022-08-22,205.5,207.63999938964844,205.1699981689453,206.3999938964844,178.60256958007812,3593500,-0.009739577428803,-0.0097873173436832,2.470001220703125,81.57669857576465,641808333.7860107,97335200,64.21159521705265,101.28177647588602
2022-08-23,206.58999633789065,207.6499938964844,204.44000244140625,205.2700042724609,177.6248016357422,2088000,-0.0054745457841666,-0.0054895860273874,3.2099914550781534,78.05990223326393,370880585.8154297,95247200,63.2228128948742,101.30733812430647
2022-08-24,203.8999938964844,205.08999633789065,202.8699951171875,203.0399932861328,175.69509887695312,2024000,-0.0108639263268331,-0.0109233696920516,2.2200012207031534,70.08006616756767,355606880.1269531,93223200,63.546144769141456,101.33147383315001
2022-08-25,203.67999267578125,205.0399932861328,202.509994506836,205.0,177.3911590576172,1984400,0.0096534291024923,0.009607132464855,2.5299987792968466,69.75918609770304,352015016.03393555,95207600,56.84452103121338,101.35566148311658
2022-08-26,204.8800048828125,205.6999969482422,198.8699951171875,198.92999267578125,172.1386260986328,2203900,-0.0296098914223698,-0.0300571145435399,6.830001831054688,57.17328822234818,379376318.05877686,93003700,56.973592176926225,101.3806521132614
2022-08-29,198.27999877929688,199.52999877929688,197.19000244140625,197.2700042724609,170.70220947265625,1928000,-0.0083445340452149,-0.0083795445698146,2.339996337890625,53.35159011703983,329113859.86328125,91075700,49.19739789785907,101.40205625401683
2022-08-30,197.6699981689453,198.41000366210932,194.6199951171875,195.0500030517578,168.78118896484375,2238000,-0.0112536358711877,-0.0113174371471738,3.790008544921847,39.46694500746422,377732300.9033203,88837700,40.67979046733122,101.42619709126102
2022-08-31,195.22000122070312,196.17999267578125,194.0200042724609,194.509994506836,168.31390380859375,2627700,-0.0027685855225687,-0.0027724251439842,2.159988403320341,33.90821255059498,442278445.0378418,86210000,41.375922320846335,101.45432298035301
2022-09-01,194.3800048828125,197.08999633789065,193.1100006103516,196.6100006103516,170.13111877441406,2343300,0.0107965826036977,0.0107387156434185,3.9799957275390634,34.21072630221872,398668250.6240845,88553300,43.10331249515366,101.48006598688293
2022-09-02,199.4199981689453,199.97000122070312,194.33999633789065,196.0500030517578,169.64649963378906,2665100,-0.0028485038135062,-0.0028525685212193,5.630004882812472,30.942388688327316,452124886.17401123,85888200,34.51163805005479,101.50911426029575
2022-09-06,194.7899932861328,196.1999969482422,191.3099975585937,195.9600067138672,169.56863403320312,3760600,-0.0004589873693475,-0.0004590927362928,4.889999389648466,29.55547120108201,637679805.1452637,82127600,41.59374316212895,101.5500140617111
2022-09-07,194.8999938964844,197.1000061035156,192.9199981689453,196.2899932861328,169.8541717529297,2902300,0.0016839064686375,0.0016824902877279,4.180007934570284,32.170885352373986,492967762.67852783,85029900,35.8047777568957,101.58167787720609
2022-09-08,195.2400054931641,196.5500030517578,193.5800018310547,196.1300048828125,169.71572875976562,2166300,-0.0008150697256081,-0.0008154020755415,2.970001220703125,22.227435422959488,367655183.2122803,82863600,33.76897039484429,101.60524498938162
2022-09-09,197.57000732421875,199.41000366210932,197.13999938964844,198.69000244140625,171.9309539794922,1748000,0.0130525628703643,0.0129681122425699,2.270004272460909,29.39942191142191,300535307.55615234,84611600,42.414233991795825,101.62486765079207
2022-09-12,199.5500030517578,200.9600067138672,199.5,200.1699981689453,173.2116241455078,2382600,0.0074487469322619,0.0074211420134471,1.4600067138671875,36.50938994205889,412694015.6890869,86994200,42.2013037442353,101.65208344701377
2022-09-13,196.16000366210932,197.67999267578125,192.13999938964844,192.7100067138672,166.75631713867188,2382500,-0.037268324448093,-0.0379805399121345,5.5399932861328125,28.65400510306526,397296925.58288574,84611700,41.652573045600924,101.67682427847578
2022-09-14,192.83999633789065,193.3600006103516,189.6000061035156,190.9600067138672,165.2420196533203,2608300,-0.0090809002701366,-0.0091223829694674,3.7599945068359935,29.12931814512075,431000759.8617554,82003400,33.80320566562432,101.70325861616136
2022-09-15,190.72999572753903,191.1699981689453,184.5800018310547,185.0,160.08470153808594,4041800,-0.031210694023557,-0.0317081252265122,6.589996337890625,19.6417922272864,647030346.6766357,77961600,26.998844932219356,101.74085632444985
2022-09-16,177.6699981689453,178.74000549316406,173.1999969482422,176.7100067138672,152.91116333007812,12562000,-0.0448108916035374,-0.0458459388413217,5.540008544921875,18.40161852273691,1920870033.7524414,65399600,32.54832659928504,101.84307262059646
2022-09-19,176.30999755859375,180.3999938964844,175.64999389648438,180.02999877929688,155.78404235839844,3018000,0.0187878959636114,0.0186135833729771,4.750000000000028,26.588833542379348,470156239.8376465,68417600,32.33195303990249,101.86894717861531
2022-09-20,178.36000061035156,178.72000122070312,174.64999389648438,175.67999267578125,152.01988220214844,2827400,-0.0241626812301489,-0.0244593880502317,4.07000732421875,25.134810030020148,429821014.9383545,65590200,32.17519818832814,101.89147432181275
2022-09-21,177.0800018310547,179.5800018310547,173.77000427246094,173.8300018310547,150.41900634765625,3162900,-0.010530700532733,-0.0105865407298198,5.80999755859375,24.31694946433421,475760275.17700195,62427300,25.889074574563786,101.9158465550128
2022-09-22,171.8300018310547,171.85000610351562,167.72000122070312,167.86000061035156,145.25306701660156,5238500,-0.0343436607945335,-0.0349472645820612,4.1300048828125,17.42574328638753,760908191.5664673,57188800,19.992413147134762,101.95186529832974
2022-09-23,164.8800048828125,165.66000366210938,161.89999389648438,164.3300018310547,142.19842529296875,4252800,-0.0210297915656657,-0.02125406752309,3.760009765625,16.326916460348073,604741463.0859375,52936000,20.110870608079498,101.97900289248874
2022-09-26,163.33999633789062,163.9499969482422,160.11000061035156,161.75,139.9659423828125,4163600,-0.0156997723818439,-0.0158243190982365,3.839996337890625,15.50712671340527,582762197.7050781,48772400,20.00463898434296,102.004063080346
2022-09-27,163.5399932861328,166.08999633789062,162.5,164.77000427246094,142.5792236328125,3371200,0.018670836672914,0.0184986762203059,3.589996337890625,19.854647230981517,480663078.7109375,52143600,24.964082074507324,102.02572484658846
2022-09-28,165.27999877929688,168.17999267578125,164.39999389648438,167.1199951171875,144.61273193359375,2958100,0.0142623044856675,0.014161554641054,3.779998779296875,23.37067681197236,427778922.3327637,55101700,21.22758146544856,102.04566532961125
2022-09-29,166.32000732421875,166.7100067138672,163.75,165.32000732421875,143.05514526367188,2494900,-0.0107707436896851,-0.0108291680440499,2.9600067138671875,18.935034602445327,356908281.91833496,52606800,16.348471973812877,102.06185401689267
2022-09-30,164.9600067138672,165.32000732421875,161.52000427246094,161.5399932861328,139.78421020507812,2823300,-0.0228648543368708,-0.0231303093172138,3.800003051757813,15.515107591591132,394652760.6719971,49783500,16.174347995580497,102.07869766291151
2022-10-03,160.6300048828125,164.55999755859375,159.4199981689453,163.08999633789062,141.12547302246094,3494500,0.009595238370736,0.0095494964414076,5.1399993896484375,20.43916522916848,493162965.47698975,53278000,21.847160574729426,102.10026569544662
2022-10-04,165.60000610351562,169.13999938964844,164.97000122070312,168.88999938964844,146.14431762695312,3414500,0.0355629958008603,0.0349452361217084,4.1699981689453125,29.62140289439003,499009772.53723145,56692500,27.418421935104554,102.1240242689112
2022-10-05,167.0500030517578,169.8800048828125,166.69000244140625,167.92999267578125,145.31361389160156,2811400,-0.0056841329778692,-0.0057003491408046,3.19000244140625,32.63476899409032,408534694.09484863,53881100,33.8285004991597,102.14319836268687
2022-10-06,167.3699951171875,168.42999267578125,164.72000122070312,165.60000610351562,143.2974395751953,2375000,-0.013874641627936,-0.0139717941525101,3.709991455078125,37.13823773779802,340331418.99108887,51506100,26.823600597753305,102.15862703285322
2022-10-07,163.9600067138672,164.00999450683594,158.33999633789062,159.13999938964844,137.70745849609375,3491000,-0.0390096368481742,-0.039790897999871,5.6699981689453125,27.45520889195745,480736737.6098633,48015100,26.810044977558256,102.1782058388618
2022-10-10,161.0399932861328,161.8000030517578,158.39999389648438,159.74000549316406,138.2266387939453,3141700,0.0037701683229183,0.0037630790512381,3.400009155273437,31.28227108957634,434266631.098938,51156800,27.55283405394411,102.19606441881507
2022-10-11,159.3800048828125,161.22999572753906,158.4600067138672,159.41000366210938,137.94107055664062,2164600,-0.0020659421352955,-0.0020680791375379,2.769989013671875,32.440326390380065,298587241.3269043,48992200,34.67060742603585,102.20826107096808
2022-10-12,159.89999389648438,161.72999572753906,158.99000549316406,159.47999572753906,138.0016632080078,2229200,0.0004392647608335,0.0004391683123117,2.739990234375,38.08304863394446,307633307.623291,51221400,42.228318368529216,102.22083430616236
2022-10-13,156.11000061035156,164.82000732421875,154.8699951171875,163.66000366210938,141.61871337890625,2574100,0.026210192593451,0.0258725918418773,9.95001220703125,49.06459310587983,364540730.1086426,53795500,49.50074630010897,102.2368084341443
2022-10-14,164.57000732421875,165.55999755859375,161.47999572753906,161.67999267578125,139.90536499023438,1936400,-0.0120983191260024,-0.0121720994714723,4.080001831054688,49.90058855581464,270912748.76708984,51859100,48.0500115913662,102.24829421460001
2022-10-17,164.22999572753906,166.1199951171875,163.72999572753906,164.72000122070312,142.5359649658203,2274700,0.0188027097872163,0.0186281239029181,2.389999389648437,49.92905004136871,324226559.50775146,54133800,47.10117454691484,102.26271959299282
2022-10-18,167.47999572753906,168.75,164.6199951171875,166.99000549316406,144.50022888183594,2282500,0.0137808300977697,0.0136867379187337,4.1300048828125,49.815059981970045,329821772.4227905,56416300,47.5584973631403,102.27788953795923
2022-10-19,166.77999877929688,167.22999572753906,164.66000366210938,165.7899932861328,143.4618377685547,2129900,-0.0071860862873123,-0.0072120305720066,2.5699920654296875,50.68015840165201,305559368.2632446,54286400,47.56045314264385,102.29168755204309
2022-10-20,164.66000366210938,165.22000122070312,160.32000732421875,160.97999572753906,139.29962158203125,2832600,-0.0290127064539511,-0.0294418967228305,4.899993896484375,49.21302808001452,394580108.0932617,51453800,56.55677372862188,102.30816978386603
2022-10-21,161.6300048828125,166.0399932861328,161.02999877929688,165.5500030517578,143.25416564941406,3161000,0.0283887638923272,0.0279932705353703,5.0099945068359375,53.18652643812375,452826417.61779785,54614800,57.81409845018371,102.3285100236086
2022-10-24,167.0500030517578,170.22999572753906,166.57000732421875,167.5500030517578,144.98480224609375,4471300,0.0120808814796706,0.0120084900823898,3.659988403320313,48.07474226020546,648270546.282959,59086100,62.80637268723036,102.35846244835245
2022-10-25,172.27999877929688,174.8000030517578,166.52000427246094,167.0,144.50889587402344,7698800,-0.0032824569520225,-0.0032878560319125,8.279998779296875,48.64791693372644,1112545087.5549316,51387300,59.297662807212944,102.40936216870989
2022-10-26,167.5,170.50999450683594,165.50999450683594,168.99000549316406,146.2308807373047,4819800,0.011916116671339,0.0118456787651338,5.0,54.97796444274121,704803598.9776611,56207100,59.317752538956405,102.44246602239997
2022-10-27,169.92999267578125,170.64999389648438,166.08999633789062,166.49000549316406,144.06756591796875,3325300,-0.0147938301980291,-0.0149043502685883,4.55999755859375,62.21331458040319,479067876.9470215,52881800,57.11111241067416,102.46414915097057
2022-10-28,165.36000061035156,167.52000427246094,162.49000549316406,167.1699981689453,144.65599060058594,4771600,0.0040843661018903,0.0040760477211787,5.029998779296875,62.313537954034565,690240524.7497559,57653400,62.271882719446204,102.49566317260607
2022-10-31,166.1300048828125,169.7899932861328,165.4199981689453,167.77000427246094,145.17518615722656,2908900,0.0035891742504752,0.003582748535326,4.3699951171875,63.7319413363889,422300099.01275635,60562300,57.35115388471521,102.51508821424183
2022-11-01,168.9600067138672,169.67999267578125,164.8000030517578,167.39999389648438,144.85501098632812,2454500,-0.0022054400574467,-0.0022078756220235,4.8799896240234375,62.88220754092474,355546624.4659424,58107800,51.75969212795197,102.53134220293646
2022-11-02,166.14999389648438,170.61000061035156,164.5500030517578,164.5800018310547,142.41481018066406,2824000,-0.0168458156127879,-0.0169893202830884,6.05999755859375,51.56568945493612,402179423.9501953,55283800,47.0977670197258,102.54895031054347
2022-11-03,162.3300018310547,165.9199981689453,160.07000732421875,164.00999450683594,141.92153930664062,2671800,-0.0034636206262373,-0.003469632846874,5.8499908447265625,54.1651115639122,379185968.7194824,52612000,47.233467661352435,102.56538916805285
2022-11-04,166.00999450683594,166.4600067138672,162.61000061035156,165.69000244140625,143.37533569335938,2400900,0.0102436627577553,0.0101915520122081,3.850006103515625,51.82263313482032,344229843.4661865,55012900,47.621125946444124,102.58069478705708
2022-11-07,165.88999938964844,169.5800018310547,165.3800048828125,169.1300048828125,146.35202026367188,2624400,0.0207614828304836,0.0205489005595971,4.199996948242188,53.85168112540092,384086241.97998047,57637300,52.55120464560805,102.5986318991291
2022-11-08,169.8000030517578,171.32000732421875,167.64999389648438,168.7899932861328,146.05780029296875,2715600,-0.002010358108983,-0.0020123815912504,3.670013427734375,55.57203335706748,396634562.47558594,54921700,52.641157361668654,102.61705216483655
2022-11-09,168.19000244140625,169.08999633789062,163.8800048828125,164.00999450683594,141.92153930664062,2687100,-0.0283193432875987,-0.0287280709805549,5.209991455078125,55.634021713755104,381357368.270874,52234600,52.939705605407106,102.63352971092013
2022-11-10,167.5,172.35000610351562,167.5,172.32000732421875,150.5072784423828,3338900,0.0604963783347327,0.058737079962297,4.850006103515625,62.99849817494895,502528751.991272,55573500,52.540232643305096,102.65845505987272
2022-11-11,172.7100067138672,178.99000549316406,172.50999450683594,178.19000244140625,155.63421630859375,3851400,0.0340643849205846,0.0334970419625562,6.480010986328125,67.01395694439162,599409620.690918,59424900,47.790772082093596,102.69025127948626
2022-11-14,178.11000061035156,181.4900054931641,177.72000122070312,177.7899932861328,155.28485107421875,3082500,-0.002244784229724,-0.0022473075347338,3.770004272460966,67.28601787119095,478665553.4362793,56342400,57.16382295729387,102.71550441565844
2022-11-15,178.47000122070312,181.5599975585937,178.05999755859375,181.47000122070312,158.4990234375,3105000,0.0206985571422226,0.0204872528299833,3.499999999999972,68.78059126726625,492139467.7734375,59447400,57.75277052649427,102.74247116486468
2022-11-16,180.3600006103516,180.4499969482422,175.89999389648438,177.05999755859375,154.6472625732422,2713500,-0.0243014801020313,-0.0246016338336462,4.5500030517578125,65.39975790420559,419635346.9924927,56733900,60.70709360274488,102.76438987152373
2022-11-17,175.0,176.08999633789062,171.61000061035156,176.05999755859375,153.77386474609375,2517400,-0.0056476772534838,-0.0056636856847519,4.479995727539063,63.16273623246636,387110327.1118164,54216500,60.98789812460763,102.78436596765316
2022-11-18,178.50999450683594,179.22999572753906,176.75999450683594,178.97000122070312,156.3154754638672,3003000,0.0165282359389877,0.016393131308922,2.470001220703125,65.19506391962676,469415372.81799316,57219500,67.10953265737713,102.80936172381428
2022-11-21,178.14999389648438,180.7400054931641,177.89999389648438,180.6100006103516,157.74790954589844,2465600,0.0091637381249711,0.0091220058322163,2.840011596679716,67.06771139484948,388943245.7763672,59685100,73.65284982056954,102.83041588930863
2022-11-22,181.47000122070312,182.88999938964844,180.47000122070312,182.7400054931641,159.60829162597656,2210300,0.0117933865839079,0.0117243865664421,2.4199981689453125,73.11571149220896,352782206.980896,61895400,79.5843198659344,102.84991520735387
2022-11-23,183.3600006103516,183.92999267578125,182.7100067138672,182.83999633789065,159.6956024169922,1583500,0.0005470316743958,0.0005468821071123,1.2199859619140625,74.15999877213119,252877986.42730713,63478900,76.28258512657649,102.86389812523086
2022-11-25,183.6499938964844,183.88999938964844,182.2100067138672,182.5200042724609,159.41612243652344,912400,-0.0017500793775083,-0.001751612555472,1.67999267578125,72.52302224644677,145451270.11108398,62566500,70.25703331934606,102.87191224146683
2022-11-28,180.97000122070312,182.27999877929688,178.44000244140625,179.91000366210938,157.13648986816406,2043000,-0.0142998871978402,-0.0144031158721181,3.839996337890625,65.444907189082,321029848.8006592,60523500,71.23552578542814,102.8891256817437
2022-11-29,183.9900054931641,185.19000244140625,182.25,184.88999938964844,161.48611450195312,3671400,0.0276805510765727,0.0273043707608275,2.94000244140625,69.79607755302462,592880120.7824707,64194900,80.59069366239542,102.92250999033305
2022-11-30,184.75,189.72999572753903,183.92999267578125,189.72999572753903,165.71343994140625,7146900,0.0261776404274189,0.0258408705799296,5.800003051757784,80.45622635052516,1184337383.9172363,71341800,81.04031296068872,102.99207143845076
2022-12-01,189.5800018310547,191.6000061035156,188.38999938964844,190.19000244140625,166.115234375,3934700,0.0024246339568825,0.0024216992746995,3.210006713867159,75.27585462176029,653613612.6953125,75276500,72.08680636303235,103.03054740793281
2022-12-02,187.2899932861328,190.4600067138672,186.58999633789065,189.38999938964844,165.41650390625,3661500,-0.0042062997495619,-0.0042151711141723,3.870010375976534,68.49411965622606,605672529.0527344,71615000,61.96971597942466,103.06591364077623
2022-12-05,188.0500030517578,188.08999633789065,180.58999633789065,181.16000366210932,158.22828674316406,5004700,-0.0434552598642749,-0.0444277163544156,7.5,54.42144875157179,791885106.6635132,66610300,52.25991305461864,103.1086234400949
2022-12-06,179.02000427246094,179.49000549316406,173.8800048828125,175.10000610351562,152.9353790283203,5598200,-0.0334510840241555,-0.0340233701547222,5.6100006103515625,42.13388101335186,856162838.8763428,61012100,49.8210055738541,103.15173975062388
2022-12-07,174.39999389648438,177.0500030517578,173.99000549316406,174.6699981689453,152.559814453125,5124300,-0.0024557076170437,-0.002458727812485,3.05999755859375,46.7269488223734,781762257.2021484,55887800,55.33245945080266,103.1908435713647
2022-12-08,175.1300048828125,180.5500030517578,174.85000610351562,179.6300048828125,156.89193725585938,3109600,0.0283962249053826,0.0280005255601746,5.699996948242188,54.4106435974807,487871168.0908203,58997400,55.75798542242186,103.21662255803747
2022-12-09,179.25999450683594,180.13999938964844,177.3699951171875,177.63999938964844,155.1538543701172,3487100,-0.0110782167404034,-0.0111400371809802,2.770004272460937,48.31861651611193,541037005.5740356,55510300,56.42546714437319,103.2445664990905
2022-12-12,178.67999267578125,183.32000732421875,178.02000427246094,182.52999877929688,159.42481994628906,3214500,0.0275272927863174,0.0271552293579304,5.3000030517578125,52.24292984624528,512471083.7173462,58724800,57.847335560355916,103.27241656551914
2022-12-13,187.9900054931641,188.58999633789065,181.92999267578125,183.8500061035156,160.57777404785156,3863700,0.007231961133473,0.0072059359028632,6.660003662109403,51.32173143156229,620424345.5886841,62588500,53.14802259725291,103.3065412811147
2022-12-14,183.41000366210932,187.25,182.8000030517578,184.3099975585937,160.9795379638672,3188900,0.002501989571084,0.002498864806178,4.449996948242188,51.73555621375491,513347648.6129761,65777400,50.76550603695246,103.33487283780161
2022-12-15,181.5,182.3000030517578,179.41000366210938,181.2100067138672,158.27194213867188,3478300,-0.0168195030215768,-0.0169625571979818,2.889999389648437,48.54863116282545,550517296.3409424,62299100,45.83769350469804,103.3642938018626
2022-12-16,180.3600006103516,181.88999938964844,177.6199951171875,178.1999969482422,155.64292907714844,8241400,-0.0166107335640072,-0.0167502388127022,4.2700042724609375,48.12209437069576,1282715635.6964111,54057700,39.98645739155973,103.4305457855061
2022-12-19,178.00999450683594,179.9600067138672,176.55999755859375,178.42999267578125,155.84384155273438,3690200,0.0012908551437396,0.0012900227065321,3.400009155273437,42.07945308530591,575094944.0979004,57747900,30.374315464822,103.46027056600151
2022-12-20,177.3300018310547,177.57000732421875,173.47000122070312,173.6300048828125,151.65142822265625,3062200,-0.0269013731200888,-0.0272698382332788,4.100006103515625,30.24056913253601,464387003.50341797,54685700,28.697742452369653,103.48293912213377
2022-12-21,176.35000610351562,176.97000122070312,174.27999877929688,176.67999267578125,154.31536865234375,2833000,0.017566207327611,0.0174137048443865,2.69000244140625,34.41034713828036,437175439.39208984,57518700,29.357224320111406,103.50505078651197
2022-12-22,174.8000030517578,175.66000366210938,172.72000122070312,175.61000061035156,153.38079833984375,2626400,-0.0060562361394184,-0.0060746495189985,2.94000244140625,34.197240188838464,402839328.7597656,54892300,34.6560749462729,103.52515602261903
2022-12-23,175.9199981689453,177.19000244140625,174.16000366210938,177.00999450683594,154.6035919189453,1897600,0.0079722728812001,0.0079406622085492,3.029998779296875,44.356800498686766,293375776.0253906,56789900,40.251506491688176,103.54002820430489
2022-12-27,177.08999633789062,177.82000732421875,175.6199951171875,176.92999267578125,154.53369140625,1294200,-0.0004521273524612,-0.0004522295928509,2.20001220703125,52.97165906448642,199997503.41796875,55495700,43.434371840247024,103.55015247606345
2022-12-28,177.0,177.47000122070312,173.3699951171875,173.61000061035156,151.6339569091797,1455900,-0.018764416165063,-0.0189427016266272,4.100006103515625,48.426309627736906,220763877.8640747,54039800,41.16357943083863,103.56088939238683
2022-12-29,174.7899932861328,176.41000366210938,174.4199981689453,175.75,153.50308227539062,1369200,0.0123265619674519,0.0122512085033111,1.9900054931640625,43.71357791538018,210176420.25146484,55409000,34.684366048510576,103.57137497356491
2022-12-30,174.25999450683594,174.85000610351562,171.88999938964844,173.83999633789062,151.83485412597656,1670900,-0.0108677176033585,-0.0109272026164511,2.9600067138671875,43.82716259597789,253700857.75909424,53738100,32.923602759772564,103.58373774482344
2023-01-03,174.27000427246094,175.8300018310547,173.64999389648438,175.27999877929688,153.09255981445312,2206500,0.008283379305209,0.0082492604025734,2.1800079345703125,36.7363062976105,337798733.2305908,55944600,29.371517591944368,103.60047893750806
2023-01-04,176.4499969482422,177.8699951171875,175.1999969482422,177.11000061035156,154.69091796875,1965100,0.0104404691921937,0.0103863438967475,2.6699981689453125,37.89512524339897,303983122.9003906,57909700,29.854503600783826,103.61586024985299
2023-01-05,174.8800048828125,175.91000366210938,173.3300018310547,173.83999633789062,151.83485412597656,2736800,-0.018463035065513,-0.018635604299321,2.5800018310546875,32.92012982053349,415541628.77197266,55172900,39.31789881515068,103.63606940929422
2023-01-06,175.6300048828125,179.5399932861328,174.2899932861328,178.9499969482422,156.29800415039062,3690100,0.0293947661102305,0.0289710238154221,5.25,46.54009630516391,576755265.1153564,58863000,55.03659599732039,103.66581185246771
2023-01-09,179.22000122070312,183.63999938964844,178.97999572753906,181.69000244140625,158.6912078857422,3214600,0.0153117997146579,0.0151957571571003,4.660003662109375,55.38753627253212,510128756.86950684,62077600,57.36576214529163,103.69287125415832
2023-01-10,181.3099975585937,181.5599975585937,177.25999450683594,178.77000427246094,156.1407928466797,2324200,-0.0160715585509866,-0.0162021066789252,4.300003051757784,50.48458737737158,362902430.7342529,59753400,66.4542153445696,103.71151252281702
2023-01-11,179.52999877929688,182.4600067138672,178.99000549316406,182.22999572753903,159.16282653808594,2674700,0.0193545430140968,0.0191696260265706,3.470001220703125,62.744479740277896,425712812.14141846,62428100,65.45085433192233,103.73418416638575
2023-01-12,183.47000122070312,183.6999969482422,180.67999267578125,182.9499969482422,159.7917022705078,1832200,0.0039511470492226,0.0039433617681757,3.020004272460937,59.98086683259869,292770356.9000244,64260300,66.42233021817748,103.74987988534124
2023-01-13,182.17999267578125,183.25,180.7700042724609,182.1499938964844,159.0929412841797,2078100,-0.0043729491356516,-0.0043825384436384,2.479995727539091,60.50090015489733,330611041.2826538,62182200,58.59141957656336,103.76744966006859
2023-01-17,181.6199951171875,182.3800048828125,178.8699951171875,179.0,156.3416748046875,2703300,-0.0172934541110642,-0.0174447325095181,3.510009765625,53.02519173862674,422638449.4995117,59478900,51.51328077801141,103.7891528903242
2023-01-18,178.8000030517578,180.5500030517578,176.4600067138672,176.72000122070312,154.3502960205078,3085100,-0.0127373509761069,-0.0128191665156956,4.089996337890625,49.70080659495053,476186098.25286865,56393800,49.64246690145224,103.81296176279211
2023-01-19,176.16000366210938,177.22000122070312,173.66000366210938,176.14999389648438,153.85244750976562,2711600,-0.0032254457787113,-0.0032306587413841,3.55999755859375,53.92703050038436,417186296.66748047,53682200,50.97847778491642,103.83366372214412
2023-01-20,176.74000549316406,178.19000244140625,175.1199951171875,178.1300048828125,155.58180236816406,2296400,0.0112403467503412,0.0111776434862545,3.07000732421875,53.69791590322894,357278050.95825195,55978600,56.38576818874132,103.85178810071358
2023-01-23,178.50999450683594,181.7100067138672,177.2100067138672,180.47999572753903,157.63433837890625,2240100,0.0131926483656819,0.0131063832620536,4.5,60.17776511461383,353116681.4025879,58218700,50.61180263170034,103.87015692237968
2023-01-24,177.5399932861328,181.3800048828125,177.47999572753906,179.99000549316406,157.2063751220703,1958400,-0.0027149113653602,-0.0027186034211379,3.9000091552734375,57.43607282636577,307872965.0390625,56260300,45.44997986705721,103.88607778016373
2023-01-25,178.00999450683594,178.02000427246094,174.91000366210938,177.4600067138672,154.99661254882812,1722000,-0.0140564437767,-0.014156171227706,3.1100006103515625,50.540619599605805,266904166.80908203,54538300,51.58209193864205,103.89948912849145
2023-01-26,178.6300048828125,179.77999877929688,176.0500030517578,179.6999969482422,156.9530792236328,1627000,0.0126226415057191,0.0125436400762803,3.7299957275390634,59.34903379084216,255362659.8968506,56165300,50.439995821936215,103.91263906157116
2023-01-27,179.60000610351562,183.8300018310547,178.8000030517578,182.08999633789065,159.04054260253906,2831600,0.0132999198819918,0.0132122524057069,5.029998779296875,55.485662836301486,450339200.4333496,58996900,39.13761348245857,103.93640950537393
2023-01-30,180.7100067138672,181.8500061035156,176.38999938964844,176.97000122070312,154.56863403320312,4593300,-0.0281180414513031,-0.0285209237186814,5.460006713867159,42.38704278215001,709980106.7047119,54403600,52.30702622181405,103.9717996279467
2023-01-31,178.77000427246094,186.0800018310547,178.77000427246094,185.22999572753903,161.7830810546875,6872100,0.0466747155178626,0.0456182012077035,7.30999755859375,58.88827407304493,1111789511.315918,61275700,53.94869210204188,104.03219148659791
2023-02-01,184.67999267578125,185.8300018310547,180.8000030517578,184.97999572753903,161.56471252441406,4005200,-0.0013497612287383,-0.0013506729769462,5.029998779296875,54.15028454272781,647098986.6027832,57270500,57.53018289824904,104.06719806047501
2023-02-02,186.02999877929688,193.7100067138672,186.0200042724609,191.2899932861328,167.0759735107422,4995900,0.0341117865418496,0.0335428810181718,7.690002441406278,60.76956326353082,834694856.0623169,62266400,62.994714445970516,104.11498368644679
2023-02-03,189.0599975585937,192.25,187.25,191.66000366210932,167.39915466308594,2766300,0.0019343364910753,0.001932468071292,5.0,62.41838653778241,463076281.5444946,65032700,63.4863718490198,104.14154775169037
2023-02-06,190.0,190.5800018310547,188.17999267578125,188.759994506836,164.8662567138672,2243300,-0.0151308885299723,-0.015246528395928,2.400009155273437,62.82862815355583,369844473.68621826,62789400,64.83325817161467,104.16221131221579
2023-02-07,187.8699951171875,189.2100067138672,185.7899932861328,188.2899932861328,164.4557342529297,2037800,-0.0024900332494961,-0.0024931385382071,3.420013427734375,65.96739350570445,335127895.2606201,60751600,65.73954279228683,104.18084292081565
2023-02-08,186.72999572753903,188.1999969482422,186.0,186.3600006103516,162.77005004882812,1970000,-0.0102500786108741,-0.0103029724208803,2.1999969482421875,63.5807323255561,320656998.5961914,58781600,60.56360125683335,104.19834027012398
2023-02-09,186.0399932861328,187.5200042724609,184.5599975585937,184.75,161.36386108398438,2135600,-0.0086391136724595,-0.0086766471419365,2.9600067138671875,58.8931075383234,344608661.73095703,56646000,54.893416307121726,104.21684155592597
2023-02-10,183.4499969482422,185.58999633789065,182.5599975585937,185.22000122070312,161.77432250976562,2533900,0.0025437010680329,0.0025404713362931,3.029998779296932,56.706257242178445,409919955.8074951,59179900,59.97100552286149,104.2389354539868
2023-02-13,184.75,187.4600067138672,183.22000122070312,187.41000366210932,163.6871337890625,2481400,0.0118239486317823,0.0117545919292297,4.240005493164063,60.01618728194689,406173253.7841797,61661300,64.03065667336915,104.26127392008235
2023-02-14,186.1999969482422,187.83999633789065,184.97000122070312,186.7700042724609,163.12814331054688,1876400,-0.0034149933814344,-0.0034208377808491,2.8699951171875284,63.24325372092815,306093648.10791016,59784900,60.107759022484196,104.27799602144427
2023-02-15,185.6199951171875,187.0399932861328,185.02999877929688,186.83999633789065,163.18927001953125,1750000,0.0003747158996838,0.0003746457112143,2.009994506835937,60.82472315438464,285581222.5341797,61534900,53.847794837002574,104.29359930165704
2023-02-16,185.1499938964844,186.77999877929688,183.1199951171875,185.5500030517578,162.0625762939453,2633000,-0.0069042145077987,-0.0069281588717785,3.660003662109375,55.4266174198003,426710763.381958,58901900,56.39645393038636,104.3166111735546
2023-02-17,183.1100006103516,184.009994506836,181.3500061035156,183.2100067138672,161.42816162109375,2510100,-0.0039146278391926,-0.0039223100499703,2.6599884033203693,64.28648608107919,405200828.4851074,56391800,42.903004935492255,104.33829103458434
2023-02-21,179.17999267578125,179.57000732421875,176.1300048828125,178.4600067138672,157.24290466308594,3994800,-0.0259264363539708,-0.0262684508343297,3.44000244140625,39.17864715359632,628153955.5480957,52397000,33.97083667397068,104.37023345439952
2023-02-22,178.3699951171875,179.44000244140625,176.08999633789062,176.61000061035156,155.6128387451172,2376900,-0.0103665467224826,-0.0104206536272939,3.350006103515625,36.70837075979233,369876156.41326904,50020100,28.33598810869016,104.38863546802617
2023-02-23,177.94000244140625,180.27999877929688,177.85000610351562,179.94000244140625,158.5469512939453,2341200,0.0188552086864375,0.0186796525709608,2.42999267578125,28.475554247989493,371190122.36938477,52361300,27.81571009604419,104.40778566780128
2023-02-24,178.77999877929688,181.13999938964844,177.75,180.1499938964844,158.73199462890625,2674400,0.0011671201082754,0.0011664395530768,3.389999389648437,27.973363797752867,424512846.4355469,55035700,35.84937721321482,104.42971947554953
2023-02-27,181.8800048828125,183.4900054931641,181.02999877929688,182.22999572753903,160.56468200683594,2925400,0.011545796940398,0.0114796528640933,2.460006713867216,38.66459077881179,469715920.74279785,57961100,44.55526018356471,104.45450061020865
2023-02-28,181.1999969482422,183.8099975585937,181.1300048828125,182.4900054931641,160.79379272460938,3703000,0.0014269060599745,0.0014258889969098,2.6799926757812216,40.25698382991162,595419414.4592285,61664100,50.578613185042684,104.48596541020727
2023-03-01,181.92999267578125,184.75,181.5500030517578,183.0800018310547,161.31362915039062,2307500,0.0032329383925384,0.0032277236834129,3.1999969482421875,45.86873155065401,372231199.26452637,63971600,56.785232859131455,104.50573557427066
2023-03-02,182.82000732421875,185.1199951171875,181.77999877929688,184.67999267578125,162.72341918945312,2334500,0.008739435387373,0.008701467573076,3.339996337890625,53.855720747153,379877822.0977783,66306100,63.79409029442403,104.5262191009007
2023-03-03,186.25,186.69000244140625,184.6199951171875,185.67999267578125,163.60452270507812,2499600,0.005414730836003,0.0054001238857351,2.07000732421875,55.055510128385606,408945864.9536133,68805700,63.74513526753422,104.54846709618273
2023-03-06,185.4499969482422,187.6699981689453,185.3600006103516,186.509994506836,164.33584594726562,2419500,0.0044700673923656,0.0044601063145476,2.3099975585937216,51.91704844702573,397610579.2694092,71225200,57.01440883612363,104.5702526805014
2023-03-07,185.19000244140625,185.9900054931641,182.6999969482422,183.2700042724609,161.48104858398438,2822300,-0.0173717264594684,-0.0175243854497417,3.2900085449219034,45.71412008912902,455747963.4185791,68402900,56.242403837025066,104.59443218245556
2023-03-08,183.17999267578125,184.5800018310547,182.27999877929688,184.3000030517578,162.38861083984375,2277900,0.0056202400456135,0.0056045054238998,2.3000030517578125,48.00451790046928,369905016.6320801,70680800,63.15913729495142,104.61424377406482
2023-03-09,185.6300048828125,187.6300048828125,182.5,182.8800048828125,161.13742065429688,2497400,-0.0077049134115745,-0.0077347496126205,5.1300048828125,47.708456009355,402424594.342041,68183400,61.66004865832214,104.63547876587177
2023-03-10,182.69000244140625,184.32000732421875,179.52999877929688,181.5399932861328,159.9567108154297,3442600,-0.007327347267152,-0.007354324136179,4.790008544921875,46.45135792147232,550666972.6531982,64740800,60.8515019675823,104.6641133568237
2023-03-13,179.07000732421875,183.8600006103516,178.2100067138672,182.22999572753903,160.56468200683594,4435900,0.0038008482939348,0.00379364332096,5.649993896484403,59.6814878723461,712248872.9141235,69176700,68.88008790976792,104.70137148149293
2023-03-14,185.1499938964844,187.8300018310547,182.259994506836,185.0599975585937,163.0582275390625,4892100,0.0155298506562009,0.0154104966394633,5.570007324218722,70.6600760958574,797697154.9438477,74068800,60.42593888085405,104.7442353258281
2023-03-15,181.4199981689453,184.9499969482422,180.97000122070312,184.3600006103516,162.4414520263672,4306700,-0.0037825476334676,-0.0037897195579101,3.9799957275390634,62.40172593074897,699586601.4419556,69762100,62.309895318106165,104.78151933945766
2023-03-16,183.5500030517578,188.7700042724609,183.5500030517578,187.9199981689453,165.57818603515625,4710200,0.0193099357932353,0.0191258648080549,5.220001220703097,68.35131358940882,779906371.862793,74472300,73.0285315148275,104.82445671191643
2023-03-17,189.9499969482422,191.94000244140625,185.4600067138672,186.7899932861328,164.58255004882812,20535900,-0.0060130866883438,-0.0060312380946698,6.479995727539063,61.27595613204921,3379850789.5477295,53936400,66.94061836162507,105.00789568886395
2023-03-20,186.259994506836,186.82000732421875,181.57000732421875,183.4900054931641,161.67491149902344,3974300,-0.0176667486859454,-0.017824668406901,5.25,52.14963499573758,642544600.7705688,49962100,67.29739257625674,105.04154019893551
2023-03-21,184.6199951171875,186.83999633789065,183.8000030517578,186.7899932861328,164.58255004882812,2965600,0.0179844759019536,0.0178246684069009,3.039993286132841,57.14286666906726,488086010.4248047,52927700,67.5331112468197,105.0679071324764
2023-03-22,186.5,189.6199951171875,185.32000732421875,185.5399932861328,163.4811553955078,2758400,-0.0066920499955405,-0.0067145421640833,4.29998779296875,51.67833685162541,450946419.04296875,50169300,63.26280600820724,105.09195743862796
2023-03-23,184.77999877929688,188.58999633789065,183.4499969482422,185.2899932861328,163.26087951660156,2901700,-0.0013474083809436,-0.0013483169518518,5.139999389648466,49.215898859622186,473734094.09332275,47267600,59.380138444890605,105.11714043913095
2023-03-24,185.08999633789065,186.41000366210932,183.72000122070312,186.07000732421875,163.9481658935547,2586700,0.0042097431974401,0.0042009070185617,2.6900024414062216,49.11363736266037,424084720.7168579,49854300,63.39811802527294,105.13983641465428
2023-03-27,187.38999938964844,187.9600067138672,185.52999877929688,187.32000732421875,165.049560546875,2283400,0.0067179443412341,0.0066954795086869,2.4300079345703125,58.86994370047621,376874166.5527344,52137700,66.6904998054976,105.16023160751628
2023-03-28,187.4199981689453,189.16000366210932,186.3500061035156,187.72999572753903,165.41078186035156,1850100,0.0021885627097684,0.0021861712949397,2.80999755859375,57.72167039245973,306026487.5198364,53987800,66.75941037156304,105.17684601834367
2023-03-29,189.5200042724609,191.5,188.8600006103516,191.47000122070312,168.7061309814453,2546100,0.0199222147675708,0.0197263643564423,2.639999389648409,67.50916187952137,429542680.0918579,56533900,71.45019506542981,105.20094581443341
2023-03-30,191.88999938964844,192.1999969482422,189.19000244140625,191.08999633789065,168.37132263183594,2075300,-0.0019845653958254,-0.0019865372550182,3.009994506835937,70.25892155205983,349421005.8578491,54458600,77.73317338834048,105.22047229765792
2023-03-31,191.92999267578125,194.1199951171875,190.92999267578125,193.9900054931641,170.92652893066406,2571200,0.0151760184506917,0.0150620146515271,3.19000244140625,72.80847536415692,439486291.18652344,57029800,72.18616890865542,105.24562615838336
2023-04-03,192.8300018310547,193.75,191.32000732421875,193.72000122070312,170.6886444091797,2735200,-0.0013917355191883,-0.0013927048825687,2.42999267578125,68.64784679788517,466867580.1879883,54294600,74.27690883100081,105.27226644976241
2023-04-04,194.6699981689453,194.8800048828125,189.92999267578125,190.6100006103516,167.9483642578125,2498700,-0.0160542616109722,-0.0161845273639547,4.95001220703125,62.19274140311071,419652577.7709961,51795900,68.38291571914425,105.29556565750768
2023-04-05,189.83999633789065,191.88999938964844,189.3500061035156,189.3999938964844,166.8822479248047,2718300,-0.0063478816106314,-0.0063681150830104,2.539993286132841,53.17875774669471,453636014.5339966,49077600,46.5889707284627,105.32046189301427
2023-04-06,188.3300018310547,189.5599975585937,186.52999877929688,188.5800018310547,166.15975952148438,2206100,-0.0043293304848449,-0.0043387291725613,3.0299987792968466,53.89646421619112,366565045.4803467,46871500,55.0739644882219,105.3404152704406
2023-04-10,187.4199981689453,190.5500030517578,186.77999877929688,190.259994506836,167.6400146484375,2157900,0.0089086258382657,0.0088691781411782,3.7700042724609375,65.85485348022488,361750387.6098633,49029400,55.03506981733268,105.36039475590565
2023-04-11,190.5,193.1000061035156,189.58999633789065,192.4499969482422,169.5696258544922,2844400,0.0115104452245564,0.0114447040424952,3.510009765624943,63.982268098749,482323843.7805176,51873800,45.827964318641335,105.38752616322277
2023-04-12,192.5,194.0399932861328,189.0200042724609,189.8500061035156,167.2787322998047,3729000,-0.0135100466439274,-0.0136021377010036,5.019989013671903,59.98150310901776,623782392.7459717,48144800,46.44997780440339,105.42179228844533
2023-04-13,190.9199981689453,191.6000061035156,188.5399932861328,191.0,168.29202270507812,2355600,0.0060574969175242,0.006039224037883,3.060012817382784,62.69459376422132,396428688.68408203,50500400,52.9991001820041,105.44377283069575
2023-04-14,191.0,193.0200042724609,190.25,192.8699951171875,169.939697265625,2034900,0.0097905684064081,0.0097429513380655,2.770004272460909,64.419028398062,345810289.9658203,52535300,52.60135305981785,105.46324597143233
2023-04-17,193.22000122070312,194.3800048828125,192.5800018310547,193.2899932861328,170.30975341796875,1920500,0.0021775733292341,0.0021752058527116,1.8000030517578125,63.12087132463207,327079881.439209,54455800,53.52417766739137,105.48171898820009
2023-04-18,193.5800018310547,194.6699981689453,192.8800048828125,194.1199951171875,171.0410919189453,2461400,0.0042941668712404,0.0042849732465901,1.7899932861328125,63.78946943571208,421000543.649292,56917200,53.75364276459472,105.50564638077108
2023-04-19,194.27999877929688,196.22000122070312,194.1100006103516,196.02999877929688,172.72401428222656,2652200,0.0098392868310193,0.0097911962424417,2.110000610351534,60.68425383562912,458098630.6793213,59569400,55.459816969144406,105.53207058169046
2023-04-20,195.8699951171875,197.8000030517578,194.1199951171875,194.97999572753903,171.798828125,3336300,-0.0053564419578323,-0.0053708391278075,3.680007934570313,58.8368728033216,573172430.2734375,56233100,47.2339983337473,105.56482378164264
2023-04-21,194.8699951171875,196.5,193.6100006103516,195.2100067138672,172.00149536132812,3371700,0.0011796776412273,0.0011789823683036,2.889999389648409,53.15412118981676,579937441.90979,59604800,55.85326297159728,105.59799281640448
2023-04-24,195.3600006103516,197.3099975585937,194.72999572753903,195.8500061035156,172.56539916992188,3689100,0.0032784820120845,0.0032731195073198,2.5800018310546875,55.40331926655965,636611014.0777588,63293900,45.08046407816105,105.63455421296953
2023-04-25,182.6699981689453,183.0,176.22000122070312,176.2899932861328,155.3308868408203,12474900,-0.0998723522328544,-0.1052186948624867,6.779998779296875,30.19912961312467,1937737280.2505493,50819000,42.72479552208814,105.72613391653803
2023-04-26,175.22999572753906,177.05999755859375,172.1300048828125,172.57000732421875,152.05316162109375,5845600,-0.0211015676688017,-0.021327388175634,4.92999267578125,28.23893842166757,888841961.5722656,44973400,49.23160909221348,105.76610321224807
2023-04-27,172.75999450683594,178.16000366210938,172.19000244140625,177.75999450683594,156.62611389160156,4679000,0.0300746937568012,0.0296313178227127,5.970001220703125,37.43025548812407,732853586.8988037,49652400,50.2657052003127,105.80120204254737
2023-04-28,176.83999633789062,180.47999572753903,176.50999450683594,179.80999755859375,158.4324188232422,3440800,0.0115325911290293,0.0114665976988098,3.9700012207030966,37.96362452621766,545134266.6870117,53093200,50.091042405310496,105.82789800910753
2023-05-01,179.9499969482422,182.69000244140625,179.6699981689453,182.1999969482422,160.53826904296875,2807800,0.0132917886084664,0.013204227825826,3.020004272460937,38.24815674763198,450759351.81884766,55901000,50.49681104377648,105.85053396903274
2023-05-02,180.6999969482422,180.7700042724609,177.67999267578125,177.83999633789062,156.69662475585938,3527800,-0.0239297726953885,-0.0242207409520797,3.090011596679659,36.76443364152941,552794352.8137207,52373200,49.38471502661452,105.87695190647678
2023-05-03,177.5,178.0,175.5,175.8300018310547,154.92556762695312,3825200,-0.0113024586947271,-0.0113668168776583,2.5,33.59291710525822,592621281.2866211,48548000,44.64875055448029,105.90456872758313
2023-05-04,174.5500030517578,174.94000244140625,172.86000061035156,173.2899932861328,152.68756103515625,3495100,-0.0144456891530376,-0.0145510439667507,2.0800018310546875,29.12583108154513,533658294.5739746,45052900,45.24763553940046,105.92862437319408
2023-05-05,175.17999267578125,176.2899932861328,173.8000030517578,175.74000549316406,154.84629821777344,2775300,0.0141382648853769,0.0140392517761089,2.489990234375,32.066286289467726,429744931.4437866,47828200,40.84962461148326,105.94858930637778
2023-05-08,175.91000366210938,176.36000061035156,173.60000610351562,174.38999938964844,153.6567840576172,2589100,-0.0076819024661689,-0.0077115602620803,2.759994506835937,30.05059065624269,397832779.60357666,45239100,36.443807068197664,105.96674733138715
2023-05-09,172.8699951171875,173.8000030517578,172.14999389648438,173.00999450683594,152.4408721923828,2180600,-0.007913167470552,-0.0079446427362533,1.6500091552734375,26.47184181032561,332412565.90270996,43058500,30.484330902891177,105.98164007925247
2023-05-10,173.72999572753906,173.97999572753906,169.85000610351562,171.57000732421875,151.17205810546875,3233300,-0.0083233195183559,-0.0083581517568176,4.1299896240234375,26.262475495033684,488784615.4724121,39825200,30.8518206798435,106.00310225082283
2023-05-11,171.52999877929688,171.75,169.17999267578125,170.22999572753906,149.9913330078125,3136500,-0.0078104718057915,-0.0078411332988735,2.57000732421875,25.22809705029745,470447815.9790039,36688700,24.160893334344934,106.02335868749532
2023-05-12,169.11000061035156,169.86000061035156,166.8800048828125,168.5,149.89352416992188,3346600,-0.0006520965973783,-0.00065230930484,2.9799957275390625,24.212807374275144,501633667.98706055,33342100,29.113556131101486,106.0449034151282
2023-05-15,167.55999755859375,168.9199981689453,166.25999450683594,168.85000610351562,150.20486450195312,3048400,0.0020770766032447,0.0020749224619987,2.660003662109375,40.52014355560297,457884508.9477539,36390500,30.72291610065996,106.06464919672025
2023-05-16,167.49000549316406,167.8300018310547,166.14999389648438,166.61000061035156,148.21218872070312,3458900,-0.0132663864639622,-0.0133551710771584,1.6800079345703125,42.54218909246048,512651139.56604004,32931600,29.278667987720354,106.08602210595632
2023-05-17,167.69000244140625,171.77000427246094,166.7100067138672,171.36000061035156,152.4376983642578,3882200,0.0285098660240246,0.0281110226988226,5.05999755859375,41.756353348910125,591793632.5897217,36813800,27.949301266007026,106.11238843376763
2023-05-18,171.63999938964844,173.4199981689453,169.75999450683594,171.0399932861328,152.1530303955078,2747200,-0.0018674381193408,-0.0018691839557385,3.660003662109375,36.85344772507137,417994805.10253906,34066600,21.56628249738261,106.13091364484963
2023-05-19,171.1300048828125,171.4600067138672,169.3699951171875,170.92999267578125,152.05519104003906,2350100,-0.0006430325785455,-0.0006432394126662,2.0900115966796875,30.609444658752977,357344904.4631958,31716500,28.31859973711236,106.14671559654965
2023-05-22,171.61000061035156,171.85000610351562,169.32000732421875,171.50999450683594,152.5710906982422,2675400,0.0033928447603428,0.0033871020483132,2.529998779296875,38.87906745256439,408188696.05407715,34391900,29.194355930708127,106.16489362415997
2023-05-23,170.58999633789062,172.25999450683594,169.25,169.7899932861328,151.04107666015625,2660500,-0.0100282041052719,-0.0100788252545447,3.009994506835937,39.39096414563118,401844784.4543457,31731400,30.039282506325304,106.18236077497572
2023-05-24,168.85000610351562,169.66000366210938,167.4499969482422,167.72000122070312,149.19964599609375,2410500,-0.0121915885716686,-0.0122665155966912,2.2100067138671875,40.26314354647439,359645746.673584,29320900,30.26659054350096,106.19752568723142
2023-05-25,168.5800018310547,172.0800018310547,168.1699981689453,171.22999572753906,152.32203674316406,2976900,0.0209276015785724,0.0207116273427532,3.910003662109375,43.31305246240385,453447471.1807251,32297800,36.25796833795051,106.21759796936853
2023-05-26,171.72999572753906,172.91000366210938,171.17999267578125,171.57000732421875,152.62451171875,2291800,0.0019857597892809,0.0019837907745398,1.730010986328125,47.1305846734344,349784855.95703125,34589600,35.96174217786187,106.23314024684585
2023-05-30,171.69000244140625,171.83999633789062,168.9199981689453,169.75999450683594,151.01438903808594,2542200,-0.0105495681036551,-0.0106056092858846,2.9199981689453125,46.11983092380947,383908779.8126221,32047400,34.46051394411917,106.24977053820747
2023-05-31,169.05999755859375,169.22000122070312,166.3000030517578,167.0,148.5591583251953,5106100,-0.0162582567696341,-0.0163918724442058,2.9199981689453125,43.32358351456664,758557918.3242798,26941300,40.94193356402611,106.28130578099999
2023-06-01,167.50999450683594,168.9199981689453,166.2100067138672,167.8300018310547,149.29751586914062,2524800,0.0049701247117261,0.0049578144141945,2.709991455078125,48.18617134158698,376946368.06640625,29466100,48.16053667168217,106.29715358961924
2023-06-02,168.75999450683594,170.94000244140625,167.92999267578125,170.13999938964844,151.35243225097656,2752200,0.0137639020306075,0.0136700398238465,3.010009765625,53.45993701902096,416552164.0411377,32218300,49.01376472474395,106.3152403750438
2023-06-05,169.9499969482422,169.9499969482422,167.6199951171875,167.85000610351562,149.31529235839844,2314100,-0.013459578166541,-0.0135509793630156,2.3300018310546875,48.04992544098197,345530518.0465698,29904200,50.139899269837905,106.32974946769838
2023-06-06,166.50999450683594,168.66000366210938,166.17999267578125,167.58999633789062,149.08399963378906,2521900,-0.0015490223469823,-0.0015502233224836,2.480010986328125,52.07107669889187,375974938.67645264,27382300,49.57411675466821,106.3454652729183
2023-06-07,167.35000610351562,171.6699981689453,166.89999389648438,171.5,152.56224060058594,3435600,0.0233307462594298,0.0230627448425528,4.7700042724609375,50.30675399997895,524142833.80737305,30817900,50.73664285964632,106.36859733195831
2023-06-08,171.47999572753906,171.6199951171875,169.6300048828125,171.47999572753906,152.54443359375,3676000,-0.0001167196205682,-0.0001167264328332,1.989990234375,50.9768884440697,560753337.890625,27141900,50.12647836480928,106.39331285538445
2023-06-09,171.0,171.3800048828125,169.55999755859375,170.49000549316406,151.6637725830078,2838500,-0.0057731441914656,-0.0057898732054716,1.82000732421875,49.05981251960861,430497618.4768677,24303400,50.278447730030486,106.41201553720903
2023-06-12,170.83999633789062,171.82000732421875,170.02999877929688,171.5,152.56224060058594,2795100,0.0059240779935523,0.0059065996383048,1.790008544921875,49.97912569784951,426426718.70269775,27098500,57.77126004770403,106.43078252683512
2023-06-13,171.30999755859375,173.3800048828125,171.11000061035156,172.88999938964844,153.79873657226562,3528000,0.008104862427374,0.0080721944242993,2.270004272460937,56.59568535625446,542601942.6269531,30626500,65.34680858238457,106.45508294725241
2023-06-14,173.66000366210938,176.6999969482422,173.08999633789062,174.8800048828125,155.5690155029297,4476000,0.0115103606838296,0.0114446204637928,3.6100006103515625,65.28608749722602,696326913.3911133,35102500,66.39661022287791,106.4870286757641
2023-06-15,175.4600067138672,179.3000030517578,175.4199981689453,179.0,159.23403930664062,4162900,0.0235588288057393,0.0232856025384753,3.8800048828125,66.16728447011309,662875382.2296143,39265400,70.6556316235211,106.51891828485174
2023-06-16,179.99000549316406,180.2700042724609,176.10000610351562,178.5800018310547,158.86041259765625,8469300,-0.0023463997434924,-0.0023491568530691,4.169998168945284,64.53748379688588,1345436492.41333,30796100,69.74149546985855,106.5832189030404
2023-06-20,176.4600067138672,178.67999267578125,176.4600067138672,177.27000427246094,157.6951141357422,3088200,-0.0073353609175459,-0.0073623969713864,2.2199859619140625,65.90433886789273,486994051.473999,27707900,69.7003332123317,106.6061040876597
2023-06-21,174.1300048828125,176.58999633789062,172.8699951171875,173.6300048828125,154.45703125,4935300,-0.0205338187139703,-0.0207475687009666,3.720001220703125,63.5361166929435,762291786.328125,22772600,62.862397596227524,106.64031938214465
2023-06-22,172.16000366210938,173.5,170.9600067138672,171.3800048828125,152.4554901123047,4192700,-0.0129585627892566,-0.0130432574403082,2.5399932861328125,56.85060419150617,639200133.3938599,18579900,49.96158906530435,106.6681328879621
2023-06-23,169.60000610351562,171.16000366210938,168.7100067138672,169.2899932861328,150.59628295898438,11278600,-0.0121950816723671,-0.012270051815693,2.4499969482421875,48.34563548896477,1698515236.9812012,7301300,54.70140912651312,106.73975416911094
2023-06-26,169.22000122070312,173.0399932861328,169.22000122070312,172.75,153.67420959472656,3763100,0.0204382643134724,0.0202322059096346,3.819992065429688,59.12138214486875,578291418.1259155,11064400,58.75477583629647,106.76527209266091
2023-06-27,173.38999938964844,175.49000549316406,172.47000122070312,174.6699981689453,155.38221740722656,2711600,0.0111144727342629,0.0110531608632962,3.020004272460937,62.41240109412928,421334420.72143555,13776000,58.36411689497773,106.78431139241793
2023-06-28,174.1199951171875,176.0800018310547,173.66000366210938,175.66000366210938,156.26287841796875,2746400,0.005667707833221,0.0056517068081335,2.4199981689453125,58.12502470757951,429160369.2871094,16522400,57.48898492892067,106.80392901412854
2023-06-29,175.4199981689453,176.19000244140625,174.7899932861328,176.0500030517578,156.6098175048828,2301600,0.0022202271609643,0.0022177660987128,1.4000091552734375,58.79868720967328,360453155.9692383,18824000,63.365044756362146,106.82047267855934
2023-06-30,176.58999633789062,179.64999389648438,175.55999755859375,179.25,159.45643615722656,4892900,0.0181765019441071,0.0180132841841524,4.089996337890625,65.54294075969585,780204396.4736938,23716900,63.78403767069184,106.85761452808153
2023-07-03,178.25999450683594,184.16000366210932,178.17999267578125,183.7700042724609,163.4773406982422,3330000,0.0252163201305399,0.0249036343535081,5.980010986328097,69.35945872801082,544379544.5251465,27046900,57.00842348471971,106.88479256547218
2023-07-05,179.3699951171875,181.6999969482422,178.7899932861328,179.97000122070312,160.09693908691406,4820200,-0.0206781049709384,-0.0208948906690485,2.910003662109375,60.38124690958716,771699265.7867432,22226700,51.25501421733261,106.92173965894975
2023-07-06,178.66000366210938,179.39999389648438,177.58999633789062,179.27999877929688,159.48313903808594,3011100,-0.0038339274462636,-0.0038412957852426,1.80999755859375,56.70731069567601,480219679.95758057,19215600,50.48105307368411,106.94452776388917
2023-07-07,178.11000061035156,181.72000122070312,178.0399932861328,179.75999450683594,159.91014099121094,3145300,0.0026774112655447,0.0026738333848847,3.680007934570313,51.30320204940575,502965366.45965576,22360900,45.092021087492085,106.96850369907325
2023-07-10,179.67999267578125,182.42999267578125,179.67999267578125,181.3300018310547,161.30674743652344,2372700,0.0087336952907148,0.0086957771908142,2.75,54.536466771964754,382732519.64263916,24733600,50.53765975430888,106.98705266174825
2023-07-11,181.92999267578125,185.5,181.3600006103516,185.2400054931641,164.7850341796875,2896600,0.0215631819402521,0.0213339854824553,4.139999389648409,62.10876400933791,477316330.0048828,27630200,57.60286752040542,107.01112905619306
2023-07-12,187.07000732421875,187.6699981689453,185.47000122070312,186.4900054931641,165.89697265625,2586000,0.0067478122761439,0.0067251476913355,2.1999969482421875,71.06815519880942,429009571.2890625,30216200,58.767898974553376,107.03302018679622
2023-07-13,186.63999938964844,187.82000732421875,185.3300018310547,185.3600006103516,164.89175415039062,2857200,-0.0060592938482503,-0.006077725863603,2.4900054931640625,73.77550835853272,471128719.9584961,27359000,70.05009964771571,107.05677545793064
2023-07-14,184.77999877929688,185.6699981689453,183.8999938964844,185.259994506836,164.8027801513672,2213500,-0.0005395903481157,-0.0005397359793775,1.770004272460909,79.13163031146138,364790953.86505127,25145500,63.243665315678655,107.0751371954795
2023-07-17,184.47999572753903,184.5,182.4199981689453,182.7400054931641,162.5610809326172,2556000,-0.0136023143340849,-0.0136956733777445,2.0800018310546875,68.87044933189907,415506122.86376953,22589500,63.08538819102263,107.09550277164387
2023-07-18,182.82000732421875,184.8999938964844,182.82000732421875,184.57000732421875,164.1890106201172,2387500,0.0100142646576937,0.0099644541768926,2.0799865722656534,68.76422364577888,392001262.8555298,24977000,63.46670845268694,107.11507021621586
2023-07-19,184.6000061035156,186.47000122070312,184.6000061035156,186.0200042724609,165.47886657714844,3018900,0.0078559213686693,0.0078252242828451,1.8699951171875284,69.29954900114971,499564150.3097534,27995900,63.939356385497206,107.14035202248549
2023-07-20,186.6300048828125,188.2100067138672,185.6000061035156,186.94000244140625,166.2972869873047,2703600,0.0049457699770665,0.0049335798333095,2.610000610351591,69.89404931413445,449601345.09887695,30699500,64.31066442847977,107.16329213243719
2023-07-21,186.91000366210932,189.47999572753903,186.7400054931641,187.3000030517578,166.6175537109375,5071500,0.0019258686021574,0.0019240164947834,2.739990234374943,66.4085460893474,845000923.6450195,35771000,57.684187835593114,107.20650877397371
2023-07-24,185.8600006103516,189.3500061035156,185.72000122070312,188.33999633789065,167.5426788330078,2460200,0.0055523868972131,0.0055370292187077,3.630004882812472,60.85507123556465,412188498.4649658,38231200,51.09202756717893,107.22777677318746
2023-07-25,187.8099975585937,192.97999572753903,182.13999938964844,184.69000244140625,164.2957305908203,10006600,-0.0193798276642321,-0.0195700785552511,10.839996337890597,61.29188723378062,1644041657.7301025,28224600,49.775006509238764,107.30947922913933
2023-07-26,183.25,185.1300048828125,181.72000122070312,184.38999938964844,164.02886962890625,4189100,-0.0016242720425808,-0.0016255926025745,3.410003662109375,62.45737898642901,687133337.7624512,24035500,49.99118010507476,107.34345335869176
2023-07-27,185.1199951171875,187.22999572753903,184.0500030517578,186.5200042724609,165.9236602783203,3251400,0.0115515680483611,0.0114853580842799,3.1799926757812216,65.25273510611453,539484189.0289307,27286900,50.01008613294636,107.37067507472182
2023-07-28,188.38999938964844,189.6499938964844,187.69000244140625,187.88999938964844,167.1423797607422,2299000,0.0073450614600569,0.0073182178612439,1.9599914550781532,64.93632483706281,384260331.0699463,29585900,44.58642559377302,107.39030805070674
2023-07-31,187.8099975585937,188.32000732421875,186.1999969482422,187.1300048828125,166.46632385253906,2323100,-0.0040447904904242,-0.0040529927806482,2.1200103759765625,55.0239330440151,386717916.9418335,27262800,39.00000586491528,107.40990942412613
2023-08-01,186.8600006103516,187.0,183.7700042724609,185.5,165.0163116455078,2823500,-0.0087105438113459,-0.0087487023474214,3.229995727539091,47.420574798638135,465923555.9310913,24439300,39.72104501134705,107.43313095471206
2023-08-02,183.9499969482422,185.3600006103516,182.83999633789065,183.3500061035156,163.1037139892578,2008500,-0.0115903551423369,-0.0116580468642362,2.520004272460937,45.02721471232526,327593809.5474243,22430800,38.56209905394138,107.4490899441264
2023-08-03,182.33999633789065,184.5599975585937,181.259994506836,181.5,161.45799255371094,3692800,-0.0100900304186528,-0.0101412798055983,3.300003051757756,41.43898906928825,596232074.9023438,18738000,37.18265019963012,107.47754111083174
2023-08-04,182.1300048828125,182.6000061035156,180.47000122070312,180.94000244140625,160.9598388671875,4437100,-0.0030853454737319,-0.0030901149649567,2.130004882812472,45.49996955353475,714194901.0375977,14300900,39.521676331449626,107.51137199973914
2023-08-07,182.0,183.2400054931641,180.7400054931641,182.1499938964844,162.03622436523438,4411700,0.0066872923433716,0.0066650315915896,2.5,43.75638920727363,714855211.0321045,18712600,31.82798516698626,107.54564337604465
2023-08-08,183.0599975585937,184.3300018310547,176.02000427246094,180.5500030517578,160.6129150390625,6433400,-0.0087838958957948,-0.0088227017206908,8.30999755859375,35.99594583081924,1033287127.6123047,12279200,26.748851637397408,107.59423937400375
2023-08-09,179.1199951171875,181.3699951171875,178.55999755859375,179.3699951171875,159.56317138671875,3249400,-0.0065358607811111,-0.0065573130429392,2.80999755859375,30.874086991794517,518484569.1040039,9029800,25.05807925659743,107.61826525559918
2023-08-10,180.0800018310547,182.25,179.92999267578125,180.3800048828125,160.461669921875,3964800,0.0056309894529398,0.005615194697491,2.32000732421875,33.07234759607799,636198428.90625,12994600,24.64676209733027,107.64805724639695
2023-08-11,178.27000427246094,179.02999877929688,175.89999389648438,176.6199951171875,158.5407257080078,3558500,-0.0119713587350951,-0.0120435925199269,3.1300048828125,26.531428962413813,564167172.4319458,9436100,28.31157468875919,107.67379614404835
2023-08-14,176.1199951171875,176.44000244140625,174.55999755859375,175.50999450683594,157.54434204101562,2980700,-0.0062847174600882,-0.0063045494327588,1.8800048828125,30.058725172502378,469592420.3216553,6455400,29.536632530059713,107.69491382375963
2023-08-15,174.4499969482422,174.55999755859375,172.75999450683594,173.25999450683594,155.524658203125,2269300,-0.012819780207434,-0.0129026627086488,1.8000030517578125,27.238339658149545,352932106.86035156,4186100,23.019323700109517,107.71032847823092
2023-08-16,172.10000610351562,173.5800018310547,170.5800018310547,170.74000549316406,153.2626190185547,2500300,-0.0145445693995093,-0.0146513785764437,3.0,16.76586459202818,383202526.3320923,1685800,17.750742819335432,107.72649780644063
2023-08-17,171.36000061035156,171.5500030517578,170.0500030517578,170.74000549316406,153.2626190185547,2986500,0.0,0.0,1.5,11.076479106117702,457718811.6989136,1685800,23.340293562897543,107.74579633039764
2023-08-18,169.80999755859375,172.16000366210938,169.80999755859375,171.24000549316406,153.71145629882812,2868300,0.0029285502436775,0.0029242703942127,2.350006103515625,13.769336459818732,440890570.1019287,4554100,23.14681127099269,107.76449827974297
2023-08-21,170.91000366210938,171.72999572753906,167.07000732421875,168.49000549316406,151.2429656982422,3512000,-0.016059249323531,-0.0161895964699083,4.6599884033203125,13.016211981657449,531165295.53222656,1042100,22.921413967546528,107.78614744902447
2023-08-22,169.0,170.36000061035156,166.39999389648438,166.86000061035156,149.77978515625,2701000,-0.0096743708723056,-0.0097214716244679,3.960006713867188,13.338130910025283,404555199.70703125,-1658900,28.37378673737267,107.80222257199772
2023-08-23,167.7100067138672,169.32000732421875,167.33999633789062,168.8800048828125,151.59300231933594,2375200,0.0121058870607564,0.0120331968747428,1.980010986328125,23.103599765695733,360063699.1088867,716300,29.897939653260135,107.81695868407051
2023-08-24,168.02999877929688,168.82000732421875,166.97000122070312,167.0,149.90545654296875,2207400,-0.0111320822897372,-0.0111945076328394,1.850006103515625,21.696447268487987,330901304.7729492,-1491100,26.435896462310755,107.8301172547565
2023-08-25,167.42999267578125,169.35000610351562,166.85000610351562,168.8699951171875,151.5840301513672,2506900,0.0111975484222437,0.0111353199833118,2.5,24.03884272275026,380006005.1864624,1015800,34.477354562374515,107.84564698774469
2023-08-28,169.6999969482422,170.66000366210938,167.9600067138672,168.83999633789062,151.55709838867188,1967800,-0.0001776688657005,-0.0001776846506832,2.6999969482421875,25.8306210680298,298234058.2092285,-952000,42.772967680092066,107.85782188439998
2023-08-29,169.33999633789062,171.92999267578125,169.0,171.75,154.1692352294922,3261200,0.0172353315588122,0.0170884880943577,2.92999267578125,36.71212773907285,502776709.9304199,2309200,40.60816113110966,107.87918940564721
2023-08-30,172.0500030517578,172.75,170.99000549316406,172.00999450683594,154.4026336669922,2713300,0.0015139105876251,0.0015127657802698,1.7599945068359375,34.567968405695495,418940665.9286499,5022500,40.765262212127546,107.89704160255015
2023-08-31,172.02999877929688,172.69000244140625,169.3000030517578,169.39999389648438,152.05979919433594,3549800,-0.0151735395764631,-0.0152898356431048,3.389999389648437,33.84071038875065,539781875.1800537,1472700,40.57122744013721,107.91920131347082
2023-09-01,170.52000427246094,170.67999267578125,167.33999633789062,168.0,150.8031005859375,3286600,-0.0082645026171075,-0.0082988429536126,3.339996337890625,33.40704740586057,495629470.3857422,-1813900,38.16150626871963,107.93911462219783
2023-09-05,167.5,168.02000427246094,163.61000061035156,163.97000122070312,147.18560791015625,4897500,-0.0239881850023353,-0.0242805871119217,4.410003662109375,30.970957893681277,720841514.7399902,-6711400,37.0875271238405,107.96625258257465
2023-09-06,163.8800048828125,164.25,161.4499969482422,162.30999755859375,145.69554138183594,3883500,-0.0101237243877123,-0.0101753177924209,2.8000030517578125,32.10196103341147,565808634.9563599,-10594900,37.20403050784508,107.98692854657038
2023-09-07,161.99000549316406,162.64999389648438,160.52000427246094,162.24000549316406,145.63270568847656,3013200,-0.0004312808255038,-0.0004313738538275,2.129989624023437,32.00682254895611,438820468.7805176,-13608100,30.014138529348756,108.00292867403681
2023-09-08,162.4199981689453,162.4199981689453,160.60000610351562,161.0399932861328,144.55551147460938,3561500,-0.0073966504211726,-0.0074241412839893,1.8199920654296875,29.02955916376014,514834454.1168213,-17169600,30.045471893805757,108.02128188763825
2023-09-11,161.60000610351562,162.27999877929688,160.33999633789062,160.88999938964844,144.4208984375,3638000,-0.0009312203715803,-0.0009316542266345,1.94000244140625,32.5045764503963,525403228.515625,-20807600,28.027141050266145,108.03994129801461
2023-09-12,157.3699951171875,158.0,155.10000610351562,156.57000732421875,140.54310607910156,6232500,-0.0268506317323361,-0.0272176954561088,2.899993896484375,28.922597165282824,875934908.6380005,-27040100,30.18259414873503,108.06846100854861
2023-09-13,156.55999755859375,158.0500030517578,155.86000061035156,157.83999633789062,141.68310546875,4071900,0.0081113860469741,0.0080786655750055,2.19000244140625,26.669545306607475,576919437.1582031,-22968200,35.42785535210046,108.08772001632703
2023-09-14,159.75999450683594,160.8800048828125,159.02999877929688,160.72999572753906,144.2772674560547,2796400,0.018309607053869,0.0181440045552499,1.850006103515625,37.2922605402001,403456950.7141113,-20171800,37.59883353325754,108.10195378428631
2023-09-15,160.72999572753906,161.47000122070312,159.64999389648438,160.49000549316406,144.06182861328125,4382300,-0.0014932279115907,-0.0014943438874646,1.82000732421875,31.81426144081145,631322151.5319824,-24554100,33.22336186255724,108.12410461967778
2023-09-18,159.91000366210938,160.14999389648438,158.0800018310547,158.44000244140625,142.2216796875,2729200,-0.0127733275600779,-0.0128556079221736,2.0699920654296875,29.249840593669877,388151408.203125,-27283300,27.24829432309243,108.1371802344389
2023-09-19,158.3000030517578,158.67999267578125,156.50999450683594,158.00999450683594,141.835693359375,2348900,-0.0027139767226285,-0.0027176662344654,2.1699981689453125,19.574848663017463,333157860.13183594,-29632200,26.335864475301925,108.14829845321542
2023-09-20,158.60000610351562,159.4199981689453,157.35000610351562,157.63999938964844,141.50355529785156,2300300,-0.0023417100001893,-0.0023444560909215,2.0699920654296875,18.33401008991622,325500628.25164795,-31932500,26.373252783646695,108.15907224100363
2023-09-21,157.0,157.77999877929688,155.22999572753906,155.42999267578125,139.51979064941406,3801200,-0.0140191859085226,-0.014118382893891,2.5500030517578125,18.66303251971759,530342628.21655273,-35733700,26.566361792877085,108.17580219041353
2023-09-22,155.4199981689453,155.83999633789062,153.50999450683594,153.77999877929688,138.0386962890625,3206200,-0.0106156578465148,-0.010672405911607,2.3300018310546875,18.45604582902203,442579668.0419922,-38939900,27.807401805434584,108.189233397179
2023-09-25,152.92999267578125,155.38999938964844,152.82000732421875,154.30999755859375,138.51443481445312,2900500,0.0034464142170278,0.0034404889416163,2.5699920654296875,24.63230108010721,401761118.1793213,-36039400,28.183821753193477,108.20156707005184
2023-09-26,153.0,154.00999450683594,151.8000030517578,151.89999389648438,136.35113525390625,3461800,-0.015617863679296,-0.0157411073987816,2.209991455078125,23.69877898462028,472020360.02197266,-39501200,28.066682233724134,108.21522480902048
2023-09-27,152.47999572753906,152.8000030517578,150.5399932861328,152.41000366210938,136.80892944335938,3419500,0.003357465184288,0.00335184148213,2.260009765625,25.70434399733128,467818134.2315674,-36081700,37.86287653811131,108.22892195371763
2023-09-28,152.6300048828125,155.55999755859375,152.42999267578125,155.5,139.58261108398438,5571600,0.0202741272218882,0.020071343367104,3.1300048828125,37.47736808939028,777698475.9155273,-30510100,46.56222535798983,108.25337464972914
2023-09-29,156.5,157.3300018310547,155.05999755859375,155.8699951171875,139.9147491455078,5034600,0.0023795088725171,0.0023766823242564,2.270004272460937,38.76450021115427,704414796.0479736,-25475500,49.43141175946713,108.27567167645849
2023-10-02,155.14999389648438,155.4199981689453,153.63999938964844,155.0800018310547,139.2056427001953,3243600,-0.0050681321993798,-0.0050810187402758,1.779998779296875,46.03937311010337,451527422.6623535,-28719100,41.489838311384766,108.28969858688306
2023-10-03,154.25999450683594,156.36000061035156,153.02000427246094,153.75,138.0117645263672,3687600,-0.0085763633619317,-0.0086133520033858,3.339996337890625,39.16264966358068,508932182.86743164,-32406700,35.83661158876786,108.30501489734749
2023-10-04,154.39999389648438,155.3800048828125,152.4499969482422,153.72000122070312,137.98483276367188,2600400,-0.0001951410648776,-0.0001951601073725,2.9300079345703125,28.10739127249484,358815759.11865234,-35007100,27.47330070725144,108.31579629243424
2023-10-05,153.0399932861328,153.97999572753906,152.60000610351562,153.3800048828125,137.6796417236328,2922100,-0.0022117723660379,-0.0022142219471479,1.3799896240234375,27.93294144088533,402313681.08062744,-37929200,32.785910253929025,108.32777760325371
2023-10-06,152.8800048828125,155.14999389648438,152.3000030517578,154.27000427246094,138.47853088378906,2383500,0.0058025220733786,0.0057857522822898,2.8499908447265625,36.05345953069409,330063578.36151123,-35545700,33.23867040000596,108.3378090861239
2023-10-09,153.4499969482422,154.8000030517578,152.5399932861328,154.33999633789062,138.5413818359375,1765800,0.0004538678432484,0.0004537648763932,2.260009765625,37.42292832742237,244636372.04589844,-33779900,32.86320508770186,108.34525202768029
2023-10-10,154.50999450683594,156.4499969482422,154.27999877929688,155.5500030517578,139.6275177001953,2083400,0.0078397937848204,0.0078092222804318,2.1699981689453125,43.22754283876056,290899970.3765869,-31696500,34.06622271959966,108.35434465489311
2023-10-11,155.77999877929688,156.24000549316406,153.47000122070312,155.3000030517578,139.4031219482422,2209800,-0.0016071026374252,-0.0016083954121356,2.770004272460937,49.51754408104957,308053018.8812256,-33906300,34.7382973639707,108.36391399798579
2023-10-12,155.5,155.5500030517578,153.55999755859375,155.3800048828125,139.47491455078125,2340300,0.0005149999622369,0.000514867395269,1.9900054931640625,56.72272028615344,326413142.52319336,-31566000,41.23206751833663,108.37406545623722
2023-10-13,156.1199951171875,157.3699951171875,154.5800018310547,155.0800018310547,139.2056427001953,2759600,-0.0019306113321754,-0.001932477364342,2.7899932861328125,53.29920919195995,384151891.595459,-34325600,49.08921534025787,108.38592362791806
2023-10-16,156.74000549316406,158.49000549316406,156.1199951171875,156.64999389648438,140.61488342285156,3349700,0.0101234453957539,0.0100725465486385,2.3700103759765625,71.92993195677253,471017675.0015259,-30975900,49.52840747493523,108.40096284928309
2023-10-17,155.19000244140625,157.66000366210938,155.02000427246094,157.17999267578125,141.09066772460938,2937000,0.0033835984511472,0.0033778869618725,2.639999389648437,71.98178211865124,414383291.10717773,-28038900,38.93387932327496,108.41433220390762
2023-10-18,155.5,155.7899932861328,153.63999938964844,153.82000732421875,138.07460021972656,2974700,-0.0213768036789632,-0.0216085968304418,2.149993896484375,42.44610255304903,410730513.2736206,-31013600,27.784338895724858,108.42661320816917
2023-10-19,154.47000122070312,155.13999938964844,151.77999877929688,152.05999755859375,136.49476623535156,3035100,-0.0114418870803241,-0.011507849106374,3.3600006103515625,34.77215162352839,414275265.0009155,-34048700,26.60026870353106,108.43846595595843
2023-10-20,152.33999633789062,153.33999633789062,151.94000244140625,151.9600067138672,136.4049835205078,5022500,-0.0006577740474601,-0.0006579904757213,1.399993896484375,36.80185233123364,685094029.7317505,-39071200,26.135327745307446,108.4579952777089
2023-10-23,151.25,151.5800018310547,147.88999938964844,148.16000366210938,132.99395751953125,4552700,-0.0250066083579983,-0.0253245858103345,3.69000244140625,30.440745952800427,605481590.3991699,-43623900,32.68109058170772,108.47351650771955
2023-10-24,148.74000549316406,150.2100067138672,148.33999633789062,149.32000732421875,134.03524780273438,2802300,0.0078296059657463,0.0077991136593697,1.8700103759765625,35.7328688596878,375606974.91760254,-40821600,32.28656975499023,108.48346574590536
2023-10-25,148.74000549316406,148.89999389648438,146.00999450683594,146.92999267578125,131.88987731933594,3565800,-0.0160060172123968,-0.0161354970018294,2.889999389648437,31.53978036776625,470292924.5452881,-44387400,22.581919230268515,108.4950524979775
2023-10-26,142.5,146.2899932861328,137.92999267578125,138.2100067138672,124.06248474121094,10581400,-0.0593479403970713,-0.0611819637745017,8.360000610351562,18.260905788873217,1312754776.0406494,-54968800,20.846201123643485,108.51788705099638
2023-10-27,138.42999267578125,139.7899932861328,133.67999267578125,134.8300018310547,121.02845764160156,6594600,-0.0244556370601332,-0.0247596428234839,6.1100006103515625,15.903501782767904,798134266.7633057,-61563400,25.030088801611655,108.5293132331351
2023-10-30,135.91000366210938,139.22999572753906,134.30999755859375,138.77999877929688,124.5741195678711,5665500,0.029296101060539,0.0288751715907483,4.9199981689453125,23.253559926571555,705774674.4117737,-55897900,30.767270525832778,108.54189285700998
2023-10-31,138.6199951171875,141.32000732421875,138.22000122070312,141.25,126.79129791259766,3996900,0.0177980655405602,0.0176415345425323,3.100006103515625,29.07356962716287,506772138.6268616,-51901000,30.296375734576497,108.55198136114151
2023-11-01,141.3800048828125,142.13999938964844,138.0500030517578,139.8000030517578,125.48971557617188,3566800,-0.0102655494332348,-0.010318603584814,4.089996337890625,27.70466552400728,447596717.51708984,-55467800,31.265454712819484,108.56033305677842
2023-11-02,141.89999389648438,143.3800048828125,141.72000122070312,141.99000549316406,127.45555114746094,3904600,0.0156653121912273,0.0155438777519285,1.660003662109375,32.2291813304102,497662945.010376,-51563200,30.833916238849955,108.57052682337968
2023-11-03,143.22999572753906,144.80999755859375,142.80999755859375,142.86000061035156,128.23648071289062,3272000,0.0061270737790477,0.0061083795841132,2.0,30.916235071382587,419589764.8925781,-48291200,30.980343818395944,108.57941347683905
2023-11-06,143.22000122070312,143.49000549316406,141.2899932861328,142.27000427246094,127.7069091796875,2931300,-0.0041296480553671,-0.0041381986005116,2.20001220703125,29.400443312338865,374347262.87841797,-51222500,31.124487337034395,108.58715368312993
2023-11-07,141.47999572753906,142.10000610351562,140.60000610351562,141.85000610351562,127.32987213134766,2952600,-0.0029523621765,-0.0029567289947813,1.5,32.000031696993105,375954180.4550171,-54175100,35.94460223941491,108.59479018332159
2023-11-08,142.1300048828125,143.4199981689453,141.4600067138672,141.9499969482422,127.41964721679688,2896600,0.0007050591031507,0.0007048106657498,1.959991455078125,33.99814568581374,369083750.1281738,-51278500,37.1343188299531,108.60231167234069
2023-11-09,142.94000244140625,142.94000244140625,139.8699951171875,139.9499969482422,125.62437438964844,3411100,-0.0140894506174066,-0.0141896492021828,3.07000732421875,32.0693453257129,428517303.4805298,-54689600,36.67964754714762,108.61031712611998
2023-11-10,138.7100067138672,138.82000732421875,136.52000427246094,138.11000061035156,125.42457580566406,5683900,-0.0015904444098138,-0.0015917105091426,2.3000030517578125,35.904696795854264,712900746.421814,-60373500,36.86900513032534,108.62348341153451
2023-11-13,137.6699981689453,138.5500030517578,137.00999450683594,138.1699981689453,125.47905731201172,3211500,0.0004343766442715,0.0004342823300479,1.540008544921875,33.45921207303169,402975992.55752563,-57162000,43.417222994370455,108.63093756756417
2023-11-14,140.0399932861328,143.77000427246094,139.91000366210938,143.1699981689453,130.01979064941406,4258800,0.0361871808305949,0.0355478039946705,3.8600006103515625,46.69119870410368,553728284.4177246,-52903200,56.41367051171295,108.6434738027828
2023-11-15,144.0,147.89999389648438,143.9499969482422,147.1699981689453,133.65240478515625,4766700,0.0279389323548227,0.0275557609443641,3.949996948242188,69.9254513531559,637080917.8894043,-48136500,66.12904509546681,108.65986914663358
2023-11-16,147.27000427246094,148.1999969482422,145.63999938964844,146.91000366210938,133.41629028320312,3729300,-0.0017666311528975,-0.0017681934860281,2.55999755859375,79.12510843228264,497549371.3531494,-51865800,64.81300948092029,108.6725602701532
2023-11-17,147.67999267578125,148.0500030517578,146.1999969482422,147.97999572753906,134.38800048828125,3320200,0.0072832950385255,0.0072568999299723,1.850006103515625,76.25066273319126,446195039.2211914,-48545600,65.49808955669526,108.68429153738983
2023-11-20,147.85000610351562,150.27999877929688,146.8699951171875,149.57000732421875,135.8319854736328,4733300,0.0107448952295221,0.0106875790481484,3.410003662109375,75.22591929194286,642933536.8423462,-43812300,71.9825734738206,108.70193571176023
2023-11-21,149.5,150.11000061035156,148.5,149.77000427246094,136.0135955810547,3080700,0.0013370201929141,0.0013361271773139,1.6100006103515625,81.32206145489886,419017083.9065552,-40731600,71.3846747696666,108.7134840154452
2023-11-22,150.9600067138672,151.24000549316406,149.94000244140625,150.75,136.90357971191406,2640200,0.0065433468401252,0.0065220320755977,1.3000030517578125,80.04406756962646,361452831.1553955,-38091400,70.50369904073276,108.72369568423738
2023-11-24,151.1699981689453,152.0399932861328,150.75,152.02999877929688,138.06600952148438,1644400,0.0084908649723871,0.008455020336784,1.2899932861328125,80.51678644009986,227035746.0571289,-36447000,69.68950822668553,108.73031430041502
2023-11-27,151.0399932861328,151.44000244140625,149.57000732421875,149.58999633789062,135.85011291503906,3320000,-0.0160495448092203,-0.0161797336133827,1.8699951171875,72.88516955693922,451022374.8779297,-39767000,75.63913304173295,108.7426593311929
2023-11-28,149.6999969482422,151.0800018310547,148.97999572753906,150.74000549316406,136.89453125,3073900,0.0076880196309745,0.0076586174084746,2.100006103515625,75.90809424514401,420800099.609375,-36693100,75.78565561873253,108.75451924810187
2023-11-29,151.52000427246094,153.4600067138672,151.4499969482422,152.2899932861328,138.30215454101562,2981600,0.0102825385219003,0.0102300328437114,2.010009765625,77.51349449572713,412361703.9794922,-33711500,73.4714954984325,108.76658847111115
2023-11-30,152.85000610351562,153.07000732421875,150.75999450683594,151.61000061035156,137.6846160888672,4664400,-0.0044651397817905,-0.004475138292693,2.3100128173828125,82.42185577159734,642216123.2849121,-38375900,83.52309746521004,108.78505538101462
2023-12-01,151.99000549316406,154.97000122070312,151.02000427246094,154.91000366210938,140.68150329589844,3945300,0.0217663185050167,0.0215328144675891,3.949996948242188,85.65364674335513,555030734.9533081,-34430600,83.47508753085077,108.80227476501226
2023-12-04,153.72000122070312,156.22999572753906,153.2899932861328,155.9199981689453,141.59872436523438,2717800,0.0065198412573592,0.0064986790254739,2.94000244140625,86.2097048124405,384837013.079834,-31712800,77.53715258804118,108.81446685343748
2023-12-05,155.0,155.52999877929688,153.55999755859375,154.16000366210938,140.0004119873047,2485300,-0.0112876184802841,-0.0113518071275079,1.970001220703125,75.83465253618724,347943023.91204834,-34198100,76.77535015486552,108.82506485296659
2023-12-06,155.02000427246094,156.05999755859375,154.4600067138672,155.2899932861328,141.02659606933594,2995800,0.0073298647301431,0.0073031318245672,1.5999908447265625,72.06531634981613,422487476.5045166,-31202300,76.63710898087925,108.83825038441087
2023-12-07,155.8699951171875,157.61000061035156,155.5,156.5,142.12545776367188,3241200,0.0077918756104393,0.0077616757220822,2.1100006103515625,74.78044392267736,460657033.7036133,-27961100,76.48674702616903,108.85299044051104
2023-12-08,156.07000732421875,157.67999267578125,155.9600067138672,156.3000030517578,141.94383239746094,2845900,-0.0012779228230381,-0.0012787400627293,1.7199859619140625,72.51093999889078,403957952.6199341,-30807000,67.28524593295488,108.86585143562068
2023-12-11,155.64999389648438,156.3699951171875,154.83999633789062,155.77999877929688,141.4715576171875,3742100,-0.003327194794565,-0.0033327422154832,1.529998779296875,67.83448065540674,529400715.75927734,-34549100,67.350353151622,108.88250603654444
2023-12-12,155.9499969482422,157.11000061035156,154.9199981689453,155.3699951171875,141.09922790527344,3039900,-0.0026318343996859,-0.0026353037643721,2.19000244140625,65.89102490750277,428927542.9092407,-37589000,68.46884045464773,108.89586847468394
2023-12-13,154.83999633789062,157.38999938964844,154.02000427246094,157.25,142.8065643310547,4058100,0.0121002534962662,0.0120276306783191,3.3699951171875,67.54862344703452,579523318.711853,-33530900,71.69184144408052,108.91463414621911
2023-12-14,158.9600067138672,163.47000122070312,158.77999877929688,162.36000061035156,147.4472198486328,6401900,0.0324960938547624,0.0319792626543811,4.69000244140625,73.10965685482203,943942356.7489624,-27129000,80.5204129400611,108.94824369870956
2023-12-15,161.3699951171875,163.80999755859375,160.05999755859375,162.94000244140625,147.97393798828125,8738200,0.0035722487015297,0.0035658833756509,3.75,82.57693976103184,1293025864.9291992,-18390800,80.8947270012655,108.99465049286896
2023-12-18,163.3800048828125,163.82000732421875,161.38999938964844,161.57000732421875,146.7297821044922,3883800,-0.0084079392675728,-0.0084434853755146,2.4300079345703125,76.14683960431063,569869127.7374268,-22274600,74.19456062531721,109.01458393044875
2023-12-19,162.00999450683594,162.1999969482422,160.16000366210938,161.6199951171875,146.77517700195312,3926500,0.0003093775292912,0.0003093296819318,2.0399932861328125,74.284269855542,576312732.498169,-18348100,72.72507622968915,109.0347393576617
2023-12-20,156.8699951171875,160.5399932861328,156.5,156.9600067138672,142.54319763183594,5624500,-0.0288330728435154,-0.0292569128435555,4.0399932861328125,61.5351286495134,801734215.0802612,-23972600,66.18243891441136,109.06034018698588
2023-12-21,157.60000610351562,157.9199981689453,155.24000549316406,157.16000366210938,142.72482299804688,3778600,0.0012741777175508,0.0012733666420194,2.67999267578125,55.59977017319808,539300016.1804199,-20194000,65.98927092644747,109.07761031991083
2023-12-22,158.0,159.58999633789062,157.82000732421875,158.25,143.7147216796875,2332500,0.0069357149012134,0.0069117734675102,1.769989013671875,55.77593661022652,335214588.3178711,-17861500,66.04346769349635,109.08857557206137
2023-12-26,157.0500030517578,158.5399932861328,157.0500030517578,158.02999877929688,143.51492309570312,2384000,-0.0013902443789278,-0.0013912116652579,1.489990234375,60.38638411317532,342139576.66015625,-20245500,60.73836639527129,109.09971113057712
2023-12-27,158.02000427246094,158.44000244140625,156.27000427246094,156.83999633789062,142.43423461914062,3116400,-0.0075301470624197,-0.0075586417560919,2.1699981689453125,54.1466155443582,443882048.76708984,-23361900,56.0961615187095,109.11380008152193
2023-12-28,155.89999389648438,157.75999450683594,155.89999389648438,157.30999755859375,142.8610382080078,2254900,0.0029964958214465,0.0029920152762344,1.8600006103515625,52.25620389377351,322137355.0552368,-21107000,55.58768347684544,109.12411733116573
2023-12-29,157.0800018310547,158.19000244140625,156.1300048828125,157.22999572753906,142.78839111328125,2186500,-0.0005085157971538,-0.0005086451351606,2.05999755859375,52.6079012117654,312206817.16918945,-23293500,62.651864779831925,109.1340940658266
2024-01-02,156.94000244140625,160.52000427246094,156.3000030517578,158.33999633789062,143.7964630126953,4363800,0.0070599009594156,0.007035096534732,4.220001220703125,56.94910028614613,627499005.2947998,-18929700,57.091921090084504,109.1545837833617
2024-01-03,157.27000427246094,159.2899932861328,156.17999267578125,157.5399932861328,143.0699005126953,3257200,-0.0050527146828073,-0.0050655228077227,3.1100006103515625,55.76815886978923,466007279.9499512,-22186900,50.78844113701989,109.16954137313529
2024-01-04,157.0500030517578,158.32000732421875,156.41000366210938,156.99000549316406,142.57046508789062,3173400,-0.0034908490396299,-0.0034969562702277,1.910003662109375,49.25635388961568,452433113.9099121,-25360300,46.99158822225334,109.18388695082315
2024-01-05,156.4199981689453,159.4600067138672,156.25,158.72000122070312,144.1415557861328,2537300,0.0110197487065337,0.0109594736819073,3.2100067138671875,37.09216139564813,365730369.4961548,-22823000,39.421623214487354,109.19588746672598
2024-01-08,158.57000732421875,159.99000549316406,157.47999572753906,159.9199981689453,145.2313232421875,2469500,0.0075603974864237,0.0075319609192425,2.510009765625,39.74180440142453,358648752.74658203,-20353500,37.60174342190775,109.20792338867336
2024-01-09,159.02000427246094,160.25999450683594,158.3000030517578,159.94000244140625,145.24948120117188,2639500,0.0001250278423345,0.0001250200270053,1.959991455078125,43.904173887472304,383386005.63049316,-17714000,44.7261403442469,109.22078545547814
2024-01-10,160.13999938964844,161.47999572753906,159.36000061035156,161.22000122070312,146.41192626953125,2399200,0.0080030927391017,0.0079712378380232,2.1199951171875,48.63017009229636,351271493.5058594,-15314800,47.21762515910054,109.23284554802808
2024-01-11,161.44000244140625,161.47000122070312,158.8800048828125,159.25,144.6228790283203,3341800,-0.0122192726152475,-0.0122945417110657,2.589996337890625,59.61387619208848,483300737.1368408,-18656600,47.50948413375226,109.24882309123028
2024-01-12,160.22999572753906,161.0,158.2899932861328,158.30999755859375,143.7692108154297,3474500,-0.0059027189793632,-0.0059202088843289,2.7100067138671875,54.545526994234166,499526122.97821045,-22131100,38.82036997000048,109.26501927680899
2024-01-16,158.1699981689453,158.1699981689453,155.13999938964844,155.3300018310547,141.0629119873047,5331400,-0.0188239109944015,-0.019003336028858,3.029998779296875,39.958676587675306,752062808.9691162,-27462500,37.55905170126096,109.28789484155345
2024-01-17,153.57000732421875,154.82000732421875,152.02000427246094,154.55999755859375,140.3636474609375,3930000,-0.0049571110968567,-0.0049694383272436,2.8000030517578125,38.50230820107293,551629134.5214844,-31392500,44.47922045272318,109.30436569777909
2024-01-18,155.25999450683594,156.9199981689453,153.82000732421875,156.52999877929688,142.15269470214844,3095800,0.0127458018765778,0.012665257820857,3.0999908447265625,49.02326566263466,440076312.25891113,-28296700,50.455505780958546,109.31807473199328
2024-01-19,156.9600067138672,157.80999755859375,155.02000427246094,156.88999938964844,142.47962951660156,3097600,0.0022998847481445,0.0022972440612924,2.7899932861328125,48.66756220814943,441344900.390625,-25199100,50.95789248200836,109.33191675558186
2024-01-22,157.77999877929688,159.27999877929688,157.30999755859375,158.60000610351562,144.03257751464844,2631600,0.0108994387711116,0.0108404680002666,1.970001220703125,53.9391087669192,379036130.9875488,-22567500,49.977943527712476,109.34421782888627
2024-01-23,159.02999877929688,160.4600067138672,158.6300048828125,160.05999755859375,145.3584442138672,3443000,0.0092053250875407,0.0091632143141867,1.8300018310546875,54.84770131272376,500469123.4283447,-19124500,50.04778749837715,109.36091316327678
2024-01-24,160.7899932861328,160.82000732421875,156.52999877929688,156.5800018310547,142.19810485839844,3187600,-0.0217416977222109,-0.0219815310604788,4.290008544921875,47.6494256656683,453270679.04663086,-22312100,58.00427798055278,109.37500045413002
2024-01-25,158.5500030517578,160.3300018310547,158.16000366210938,159.7100067138672,145.04061889648438,4070000,0.0199898166077285,0.0197926435284289,2.1699981689453125,55.9130264538205,590315318.9086914,-18242100,58.28595732737869,109.39452603660207
2024-01-26,160.07000732421875,161.35000610351562,158.25,159.3000030517578,144.66827392578125,2818200,-0.0025671772055031,-0.0025704780553599,3.100006103515625,51.33761910851226,407704129.5776367,-21060300,49.67010510174061,109.40789256562287
2024-01-29,158.41000366210938,158.75,156.5,158.02000427246094,143.50584411621094,5459700,-0.0080351398273174,-0.0080675955377026,2.25,45.63419781217642,783498857.1212769,-26520000,34.89617273319994,109.43290601540626
2024-01-30,146.8000030517578,149.5,144.57000732421875,145.05999755859375,131.7362060546875,16983600,-0.0820150435963597,-0.0855742758557897,4.92999267578125,28.559060478728185,2237355029.1503906,-43503600,27.641505864309917,109.48368517318629
2024-01-31,144.80999755859375,145.58999633789062,141.89999389648438,141.89999389648438,128.866455078125,10906800,-0.0217840718395304,-0.0220248478766852,3.69000244140625,23.59207978275808,1405520652.2460938,-54410400,26.61145212495904,109.51198379435189
2024-02-01,142.0,142.6999969482422,139.60000610351562,142.41000366210938,129.32960510253906,6774900,0.0035940309224249,0.0035875878264651,3.0999908447265625,26.024988781074512,876195141.6091919,-47635500,26.47163078519263,109.52993992765869
2024-02-02,141.8800048828125,142.38999938964844,139.5500030517578,141.85000610351562,128.821044921875,4343000,-0.0039322796993066,-0.0039400314391359,2.839996337890625,26.30966999919231,559469798.0957031,-51978500,26.939384562106873,109.5411382551193
2024-02-05,141.25999450683594,141.25999450683594,138.89999389648438,139.0800018310547,126.30548095703124,4536700,-0.0195275854684252,-0.0197207678245514,2.3600006103515625,26.469696623182983,573010075.4577636,-56515200,35.127831671076514,109.55129769002473
2024-02-06,141.7100067138672,146.42999267578125,141.35000610351562,145.9199981689453,132.51722717285156,7566800,0.0491803377711972,0.0480092286245329,5.079986572265625,39.35958403669642,1002731354.5715332,-48948400,35.68890128014684,109.5744876761841
2024-02-07,146.0800018310547,147.7899932861328,145.08999633789062,147.24000549316406,133.71600341796875,3985200,0.009046191734404,0.009005520040564,2.6999969482421875,38.37298748403383,532885016.82128906,-44963200,35.707422638878825,109.58731948745489
2024-02-08,146.8000030517578,148.0800018310547,145.85000610351562,147.9199981689453,134.33352661132812,3316400,0.0046181696848142,0.0046075386572228,2.2299957275390625,38.86266562691538,445503707.6538086,-41646800,32.19670228053514,109.59826048199972
2024-02-09,147.6999969482422,147.8300018310547,145.91000366210938,146.25999450683594,132.82598876953125,2825900,-0.0112223499213169,-0.0112857956099296,1.9199981689453125,34.65932755746108,375352961.66381836,-44472700,31.789249703889556,109.6070079264666
2024-02-12,146.5,147.9499969482422,146.35000610351562,147.4499969482422,133.9066619873047,3253700,0.0081360073264618,0.0081030884504619,1.5999908447265625,34.21773811636713,435692106.10809326,-41219000,31.69896494571562,109.61753983294159
2024-02-13,146.00999450683594,146.6999969482422,143.3000030517578,144.89999389648438,131.59088134765625,3706000,-0.0172939912419591,-0.0174452790928741,3.399993896484375,35.03326181042945,487675806.27441406,-44925000,26.419271231812523,109.62838201191647
2024-02-14,145.1999969482422,145.88999938964844,143.47000122070312,144.22000122070312,130.97335815429688,3831400,-0.0046927506452967,-0.0047037961690795,2.4199981689453125,28.8213824295342,501811324.43237305,-48756400,27.126481047453137,109.63926496442745
2024-02-15,145.27000427246094,147.49000549316406,144.1699981689453,146.97999572753906,133.47987365722656,3855400,0.0191375981974655,0.0189567777029842,3.32000732421875,34.1726598517256,514618304.8980713,-44901000,34.093627956445225,109.65149020991429
2024-02-16,145.66000366210938,148.99000549316406,144.94000244140625,148.41000366210938,136.2899627685547,5442400,0.0210525305001738,0.020833987908162,4.0500030517578125,40.24691857074151,741744493.371582,-39458600,46.84961902603986,109.670759083319
2024-02-20,147.8800048828125,149.77000427246094,147.02999877929688,148.63999938964844,136.50119018554688,4254900,0.0015498383938286,0.0015486386337679,2.7400054931640625,59.36719720194135,580798914.1204834,-35203700,52.76719244336211,109.68592358080386
2024-02-21,148.8000030517578,149.42999267578125,147.02999877929688,148.27000427246094,136.16140747070312,3017100,-0.0024892289538419,-0.0024923322351557,2.399993896484375,65.9247494780376,410812582.4798584,-38220800,61.4354341246649,109.69653004442401
2024-02-22,147.8000030517578,149.8800048828125,147.19000244140625,149.72999572753906,137.50216674804688,3027500,0.0098468376777922,0.0097986734901995,2.69000244140625,67.18219970601461,416287809.8297119,-35193300,67.84815398582349,109.70770329251805
2024-02-23,149.9499969482422,150.41000366210938,148.5500030517578,148.6300048828125,136.49200439453125,2414200,-0.0073465195306092,-0.0073736381049393,1.8600006103515625,65.7944873053195,329518997.00927734,-37607500,69.4209289294696,109.71628308671846
2024-02-26,148.0800018310547,148.25999450683594,146.55999755859375,147.5,135.45428466796875,3052900,-0.0076027876589969,-0.0076318361758899,1.6999969482421875,70.05804889863657,413528385.6628418,-40660400,66.249190741175,109.7267046968495
2024-02-27,147.5,148.82000732421875,147.3699951171875,148.27000427246094,136.16140747070312,2382200,0.0052203797352567,0.0052068007906298,1.45001220703125,60.5315866017669,324363704.876709,-38278200,60.15627860794343,109.73505424312813
2024-02-28,147.42999267578125,148.3699951171875,147.05999755859375,147.77000427246094,135.70223999023438,2258700,-0.0033722292461433,-0.0033779280265236,1.30999755859375,55.99651734876264,306510649.4659424,-40536900,60.209643361216216,109.74282858469122
2024-02-29,148.83999633789062,149.5500030517578,147.75,148.25999450683594,136.1522216796875,3338600,0.0033159488707446,0.0033104632356664,1.8000030517578125,55.54681682799702,454557807.2998047,-37198300,60.02605412448241,109.75451041367961
2024-03-01,148.00999450683594,148.60000610351562,146.83999633789062,148.05999755859375,135.96853637695312,2936200,-0.0013491171900706,-0.0013500280680131,1.760009765625,60.42636993236402,399230816.51000977,-40134500,61.20469106942619,109.76470426926609
2024-03-04,149.0800018310547,152.24000549316406,148.64999389648438,150.61000061035156,138.31031799316406,4562200,0.0172229670084753,0.0170763329665325,3.5900115966796875,63.48225898076032,630999332.7484131,-35572300,61.14360752340225,109.78194161898553
2024-03-05,150.0800018310547,151.55999755859375,149.0,149.66000366210938,137.43789672851562,3614400,-0.0063077091955754,-0.0063276868463387,2.55999755859375,69.63675161115756,496755533.9355469,-39186700,68.80754070530706,109.79516595712957
2024-03-06,151.0,153.0500030517578,150.3699951171875,152.5500030517578,140.09185791015625,3471200,0.0193102575404151,0.0191261804599658,2.6800079345703125,76.9389517795513,486286857.1777344,-35715500,68.71107849339069,109.8090726711578
2024-03-07,153.22999572753906,154.8699951171875,152.47000122070312,153.41000366210938,140.88165283203125,3514800,0.0056376932511061,0.0056218609357952,2.399993896484375,74.33569892710473,495170833.37402344,-32200700,67.4605607430269,109.82350797085196
2024-03-08,153.92999267578125,155.1999969482422,152.8699951171875,153.9600067138672,141.38673400878906,3448900,0.0035851451669153,0.0035787338530725,2.3300018310546875,69.75087158285123,487628706.9229126,-28751800,66.83905611051487,109.83788972719975
2024-03-11,153.88999938964844,155.22999572753906,153.5399932861328,154.75,142.11219787597656,3266000,0.0051310603662604,0.0051179413332499,1.69000244140625,70.91024680167726,464138438.26293945,-25485800,74.17686389310103,109.85180961418585
2024-03-12,154.7899932861328,157.66000366210938,154.36000061035156,157.3800048828125,144.5274200439453,3879500,0.0169951784862025,0.0168523761369964,3.3000030517578125,77.00050723674167,560694126.0604858,-21606300,65.5271714182367,109.86956540499611
2024-03-13,157.75,158.91000366210938,154.5500030517578,154.75999450683594,142.1213836669922,4244800,-0.0166476117557591,-0.0167877406286306,4.3600006103515625,63.948930946744085,603276849.3896484,-25851100,58.16443875469932,109.8876250134774
2024-03-14,154.5,154.72000122070312,152.64999389648438,153.88999938964844,141.32241821289062,4101600,-0.0056217117613605,-0.005637573055941,2.07000732421875,64.7751564019797,579648030.5419922,-29952700,51.744499167742944,109.90462411188349
2024-03-15,153.42999267578125,154.7100067138672,152.92999267578125,153.3699951171875,140.8448944091797,8821700,-0.0033789671146978,-0.0033846887164508,1.7800140380859375,67.07379430001981,1242491405.0094604,-38774400,45.04161644045931,109.94056870177127
2024-03-18,154.0800018310547,154.33999633789062,151.49000549316406,151.69000244140625,139.30209350585938,5181600,-0.0109539001026064,-0.0110143358093662,2.8499908447265625,59.44744118413853,721807727.7099609,-43956000,43.49341138012398,109.96059051405481
2024-03-19,150.91000366210938,153.64999389648438,150.2100067138672,153.1999969482422,140.6887664794922,4210000,0.009954430251075,0.009905211272003,3.4399871826171875,64.20711979737715,592299706.8786621,-39746000,43.140539340259885,109.97760579881637
2024-03-20,152.5,154.82000732421875,152.00999450683594,154.75999450683594,142.1213836669922,2862300,0.0101828825665966,0.0101313863097551,2.8100128173828125,66.10498841101182,406794036.47003174,-36883700,49.12204026933142,109.98970255544963
2024-03-21,155.16000366210938,156.0800018310547,154.3000030517578,155.32000732421875,142.63565063476562,4036400,0.003618505213673,0.003611974174008,1.779998779296875,67.67283081751847,575734540.222168,-32847300,48.74016696477772,110.00701864957195
2024-03-22,158.63999938964844,158.9499969482422,156.02999877929688,156.27000427246094,143.50808715820312,3939400,0.0061165390248154,0.0060979089292031,2.9199981689453125,64.94190203397712,565335758.5510254,-28907900,48.45736867917305,110.02435231578785
2024-03-25,155.4499969482422,157.3000030517578,155.02000427246094,156.57000732421875,143.7835693359375,3807700,0.0019196282466693,0.0019177881149029,2.279998779296875,68.89006181161447,547484696.9604492,-25100200,34.39681761494961,110.04122715483032
2024-03-26,157.35000610351562,157.99000549316406,143.02999877929688,143.7899932861328,132.0472412109375,18208800,-0.0816249602037567,-0.0851494317083705,14.960006713867188,34.45706509369771,2404421805.7617188,-43309000,28.34717272160305,110.0937043209241
2024-03-27,144.38999938964844,147.58999633789062,144.02999877929688,147.3300018310547,135.2981414794922,7078800,0.0246192214145661,0.0243210522675211,3.55999755859375,40.14899231509354,957748483.9050293,-36230200,29.773396748434973,110.11704867587044
2024-03-28,147.27000427246094,149.0500030517578,146.63999938964844,148.6300048828125,136.49200439453125,5197000,0.0088239417185196,0.0087852382562227,2.410003662109375,41.56911970403965,709348946.8383789,-31033200,24.9416739436993,110.13497100611936
2024-04-01,149.13999938964844,149.97000122070312,146.32000732421875,147.6199951171875,135.56446838378906,5421900,-0.0067955336640902,-0.0068187284433053,3.649993896484375,38.79989142123342,735016991.1300659,-36455100,25.724243451477278,110.1529858924124
2024-04-02,147.66000366210938,151.0,147.42999267578125,149.14999389648438,136.9695281982422,4935000,0.0103645138818775,0.010311170576226,3.57000732421875,36.6092119961632,675944621.6583252,-31520100,31.00866909426307,110.17026623056259
2024-04-03,150.7899932861328,152.36000061035156,149.1999969482422,152.27000427246094,139.834716796875,4314200,0.0209184381104525,0.0207026516727548,3.160003662109375,46.01343194564228,603274935.2050781,-27205900,35.71989072768713,110.18696768531761
2024-04-04,153.3000030517578,154.2899932861328,149.52999877929688,150.0,137.75010681152344,3689100,-0.0149076712357467,-0.0150199074168348,4.7599945068359375,44.039250332899655,508173919.0383911,-30895000,38.360115086973934,110.20023117452877
2024-04-05,149.69000244140625,151.7100067138672,148.17999267578125,151.36000061035156,138.99905395507812,3374000,0.00906675989198,0.0090259035949733,3.530014038085937,46.99733563149803,468982808.0444336,-27521000,43.73514333992772,110.21290003068206
2024-04-08,151.8800048828125,152.22999572753906,150.00999450683594,150.11000061035156,137.85113525390625,3196400,-0.0082584641298556,-0.0082927541639259,2.220001220703125,47.60898011649087,440627368.72558594,-30717400,44.69890685752983,110.22441354926744
2024-04-09,149.52999877929688,151.1699981689453,149.25,150.57000732421875,138.27357482910156,2664300,0.0030644620692983,0.0030597761761317,1.9199981689453125,45.88939848022896,368402285.4171753,-28053100,40.10988354483374,110.23414973533934
2024-04-10,148.22999572753906,148.5,146.10000610351562,147.25999450683594,135.23387145996094,4024400,-0.0219832558238082,-0.0222284882593276,2.399993896484375,38.88561675002413,544235192.3034668,-32077500,38.47050467379518,110.2472504362273
2024-04-11,147.44000244140625,149.22000122070312,147.10000610351562,149.00999450683594,136.8409423828125,2232500,0.0118836420602466,0.0118135860534363,2.1199951171875,40.96763912607088,305497403.8696289,-29845000,32.784385153066225,110.25497905855137
2024-04-12,148.0500030517578,148.3000030517578,144.35000610351562,144.91000366210938,133.07577514648438,4123900,-0.0275149174710817,-0.0279005429090674,3.949996948242188,35.084003546544906,548791189.1265869,-33968900,33.1569763027791,110.26722346727932
2024-04-15,145.8699951171875,146.5399932861328,143.42999267578125,144.85000610351562,133.0207061767578,3271000,-0.0004138166369194,-0.0004139022826524,3.1100006103515625,34.513777557640125,435110729.9041748,-37239900,41.30436104576602,110.27690273583626
2024-04-16,144.5399932861328,144.7100067138672,142.7100067138672,142.88999938964844,131.22076416015625,4197100,-0.0135312919945695,-0.0136236742400696,2.0,48.33461651043063,550746669.2565918,-41437000,43.56021539137526,110.2883284458717
2024-04-17,142.5,143.4199981689453,141.35000610351562,142.25,130.63302612304688,4165700,-0.0044790017865772,-0.0044890625678239,2.0699920654296875,39.46938598370532,544177996.9207764,-45602700,41.538144458835696,110.29933829246751
2024-04-18,143.0800018310547,143.30999755859375,141.8800048828125,142.74000549316406,131.0830078125,3430600,0.0034446242486128,0.003438705119395,1.42999267578125,37.36591944617104,449693366.6015625,-42172100,51.361015541457135,110.30859679692469
2024-04-19,143.14999389648438,144.1199951171875,142.5500030517578,142.77000427246094,131.11056518554688,5118500,0.000210228415618,0.0002102063207212,1.5699920654296875,39.14020836263224,671089427.9022217,-37053600,50.8922022992497,110.32241358548339
2024-04-22,143.2100067138672,146.07000732421875,142.55999755859375,145.36000061035156,133.48904418945312,4578500,0.0181410170914926,0.0179784322003273,3.510009765625,41.89824401630744,611179588.8214111,-32475100,52.67876286762948,110.33616945705279
2024-04-23,146.0,149.74000549316406,145.25,148.8699951171875,136.71238708496094,6371100,0.02414687224019,0.0238599462542888,4.490005493164063,42.85114378205849,871008289.3569946,-26104000,44.48089793655557,110.35794506393513
2024-04-24,147.92999267578125,147.9600067138672,143.77999877929688,146.6199951171875,134.64614868164062,5284700,-0.0151137614328702,-0.0152291383204527,4.1800079345703125,42.8872234293191,711564501.9378662,-31388700,50.77145078134757,110.37456624034212
2024-04-25,147.9499969482422,148.42999267578125,145.27999877929688,147.38999938964844,135.35325622558594,3553300,0.0052515987339318,0.0052378571783954,3.149993896484375,41.43284241415488,480950725.3463745,-27835400,50.183101793097094,110.38605432889045
2024-04-26,146.83999633789062,148.72000122070312,146.83999633789062,147.58999633789062,135.5369110107422,2607600,0.0013568553153251,0.0013559356189876,1.8800048828125,44.30372615519825,353426049.1516113,-25227800,55.10044508286571,110.39454014158008
2024-04-29,148.25999450683594,150.8800048828125,147.82000732421875,148.5500030517578,136.4185333251953,2654700,0.0065046658351484,0.0064836017900426,3.05999755859375,45.53489971043619,362150280.418396,-22573100,56.772153459399746,110.40347607495649
2024-04-30,147.5399932861328,148.22000122070312,146.66000366210938,147.47999572753906,135.43589782714844,2402900,-0.0072030938472594,-0.0072291613811031,1.55999755859375,50.539727005754365,325438918.888855,-24976000,51.993335510530436,110.41125382785101
2024-05-01,147.2899932861328,148.13999938964844,145.3699951171875,145.9199981689453,134.00331115722656,2842200,-0.010577599387647,-0.0106339398420813,2.770004272460937,42.34773613274836,380864210.97106934,-27818200,57.97144507572911,110.41992098054446
2024-05-02,147.47999572753906,147.80999755859375,146.5800018310547,147.22000122070312,135.19715881347656,2038800,0.0089090907227602,0.0088696389206536,1.2299957275390625,56.64185928299049,275639967.388916,-25779400,59.32417684067921,110.4264488141783
2024-05-03,147.9499969482422,148.1999969482422,146.4199981689453,146.42999267578125,134.47164916992188,2039300,-0.0053663083597461,-0.0053807587123354,1.779998779296875,54.35974086113696,274228034.1522217,-27818700,61.785428846771225,110.43278366875887
2024-05-06,147.57000732421875,147.80999755859375,146.1699981689453,146.6699981689453,134.69204711914062,2073600,0.0016389919405259,0.0016376502590387,1.6399993896484375,61.52430857390645,279297428.90625,-25745100,69.66383147986437,110.43928067672354
2024-05-07,147.3699951171875,147.75,146.3699951171875,147.08999633789062,135.0777587890625,3403500,0.0028636558592112,0.0028595634078245,1.3800048828125,64.95669444164892,459737152.0385742,-22341600,69.32901672873571,110.45010646609022
2024-05-08,146.1199951171875,147.92999267578125,145.9199981689453,147.77000427246094,135.70223999023438,2799600,0.0046231237975089,0.0046124699839986,2.009994506835937,65.36346418138598,379911991.07666016,-19542000,67.6591927858544,110.4592298734322
2024-05-09,148.0800018310547,148.38999938964844,147.22000122070312,148.05999755859375,135.96853637695312,2510600,0.0019623580770509,0.0019604351676532,1.1699981689453125,65.90492176728014,341362607.4279785,-17031400,60.33901688194734,110.4674921265022
2024-05-10,147.00999450683594,147.99000549316406,146.50999450683594,147.3699951171875,136.84136962890625,2504500,0.0064193766823621,0.0063988602389102,1.480010986328125,62.17587060761306,342719210.2355957,-14526900,58.27773317401031,110.47601089933862
2024-05-13,147.85000610351562,150.77999877929688,147.85000610351562,150.60000610351562,139.84063720703125,4185600,0.0219178424350661,0.0216810995433586,2.92999267578125,61.5500151549125,585316971.09375,-10341300,69.92101910811891,110.49185362291736
2024-05-14,151.41000366210938,153.4199981689453,147.8800048828125,147.94000244140625,137.37066650390625,3597300,-0.0176627534918069,-0.0178206013695602,5.5399932861328125,59.7681517790713,494163498.61450195,-13938600,62.218665541084874,110.50431118487863
2024-05-15,148.4600067138672,149.0,147.7899932861328,147.94000244140625,137.37066650390625,2695900,0.0,0.0,1.2100067138671875,57.61930063772232,370337579.82788086,-13938600,61.9408339734548,110.51363960349947
2024-05-16,148.5,150.02999877929688,147.3800048828125,149.66000366210938,138.96778869628906,2298700,0.0116263699742433,0.0115593030641163,2.649993896484375,61.70765590699108,319445255.87615967,-11639900,61.23162848817771,110.52206120786929
2024-05-17,149.5800018310547,149.7100067138672,148.17999267578125,149.24000549316406,138.5778045654297,1956700,-0.0028062915479765,-0.0028102365664124,1.5300140380859375,57.62419830350678,271155190.19317627,-13596600,62.184062438353884,110.52912769481418
2024-05-20,148.32000732421875,149.57000732421875,147.2899932861328,147.58999633789062,137.04566955566406,1812700,-0.0110561356818308,-0.0111177090126331,2.280014038085937,55.47163822398148,248422685.20355225,-15409300,62.334313956043005,110.53531353977145
2024-05-21,147.44000244140625,147.72000122070312,145.1199951171875,145.4199981689453,135.0306854248047,2750200,-0.0147030120498695,-0.0148121726459678,2.600006103515625,53.35906973774012,371361391.05529785,-18159500,54.62547060301627,110.54398018146648
2024-05-22,144.4199981689453,144.89999389648438,142.77999877929688,143.77000427246094,133.49859619140625,3590500,-0.0113462301444927,-0.0114110896879836,2.1199951171875,44.56661060017825,479326709.62524414,-21750000,51.6519988054535,110.55457825507307
2024-05-23,143.00999450683594,143.17999267578125,139.02999877929688,139.10000610351562,129.16221618652344,4437200,-0.0324825887956562,-0.0330218581632865,4.149993896484375,36.20328289536812,573118585.6628418,-26187200,50.69160104174411,110.56518921058256
2024-05-24,140.2899932861328,140.49000549316406,137.92999267578125,138.66000366210938,128.75364685058594,2995400,-0.003163226429527,-0.0031682400057588,2.5600128173828125,34.71833811990862,385668673.7762451,-29182600,42.778524746930785,110.5721882395253
2024-05-28,138.0,139.22000122070312,136.24000549316406,137.5800018310547,127.7508316040039,3314700,-0.0077886356706133,-0.0078191255127842,2.9799957275390625,31.72556155048484,423455681.51779175,-32497300,35.21247315826951,110.57950022447496
2024-05-29,136.32000732421875,136.9199981689453,134.3000030517578,134.41000366210938,124.80729675292967,3996900,-0.0230412187076672,-0.0233108168852918,2.6199951171875,25.64394174557248,498842284.3917846,-36494200,37.087197947117104,110.58679883657068
2024-05-30,134.2899932861328,136.99000549316406,133.5800018310547,136.86000061035156,127.08226776123048,4077000,0.0182278686221717,0.0180637325909796,3.410003662109375,31.771499936616507,518114405.6625367,-32417200,46.632460798964345,110.59542579173173
2024-05-31,137.5500030517578,139.07000732421875,136.1199951171875,138.92999267578125,129.00436401367188,5887400,0.0151248186415176,0.0150115789641161,2.95001220703125,34.587337997889804,759500292.6940918,-26529800,44.602684848158226,110.60931816940625
2024-06-03,139.63999938964844,139.7899932861328,137.35000610351562,138.4199981689453,128.5308074951172,2728300,-0.0036708565805145,-0.003677610708555,2.4399871826171875,25.30411679684302,350670602.0889282,-29258100,36.418987574527215,110.61558342315503
2024-06-04,137.91000366210938,138.30999755859375,135.5,135.6300048828125,125.9401397705078,3874800,-0.0201560059809614,-0.020361909766048,2.80999755859375,25.17143752978822,487992853.5827636,-33132900,42.76408088304435,110.62318833301173
2024-06-05,136.14999389648438,137.69000244140625,135.1999969482422,137.57000732421875,127.74153900146484,3109000,0.0143036146715385,0.0142022831039416,2.4900054931640625,30.602318237748364,397148444.7555542,-30023900,43.18316042599543,110.630001775864
2024-06-06,137.00999450683594,137.72000122070312,135.85000610351562,137.55999755859375,127.73224639892578,2852500,-7.274534667189858e-05,-7.274799274295681e-05,1.8699951171875,25.819317223879395,364356232.8529358,-32876400,44.45204385498979,110.6362449317135
2024-06-07,136.89999389648438,139.58999633789062,136.3800048828125,137.63999938964844,127.80652618408205,3209300,0.0005815272748299,0.0005813582533681,3.209991455078125,26.49913591257864,410169484.4825745,-29667100,42.98521306091106,110.64329405005769
2024-06-10,136.77000427246094,138.05999755859375,136.41000366210938,137.67999267578125,127.8436508178711,3633000,0.0002904752589518,0.0002904330791817,1.649993896484375,28.52179630051081,464455983.4213257,-26034100,43.21244697115132,110.65128407511548
2024-06-11,136.75999450683594,137.97999572753906,136.4499969482422,137.35000610351562,127.53724670410156,2659800,-0.0023967096669199,-0.0023995863728722,1.529998779296875,30.99383631996649,339223568.78356934,-28693900,43.454388738712495,110.65702487514946
2024-06-12,138.47999572753906,138.57000732421875,136.2100067138672,136.42999267578125,126.68296813964844,3484600,-0.0066982672633284,-0.0067208013380338,2.3600006103515625,32.097463571200734,441439470.77941895,-32178500,43.17805745699313,110.66415965792973
2024-06-13,136.32000732421875,136.32000732421875,133.80999755859375,134.88999938964844,125.25299072265624,4944200,-0.0112878426989164,-0.0113520339059542,2.510009765625,37.881352244216814,619275836.7309569,-37122700,42.59299603558605,110.67336937942807
2024-06-14,134.10000610351562,135.6999969482422,132.89999389648438,135.64999389648438,125.95870971679688,3800200,0.0056343484500365,0.0056185348804429,2.8000030517578125,41.49239852782443,478668288.6657715,-33322500,49.792708157131734,110.68078249655898
2024-06-17,135.50999450683594,136.2899932861328,134.67999267578125,135.85000610351562,126.14442443847656,4117600,0.0014744095275129,0.0014733236530036,1.6100006103515625,44.85423321219708,519412282.0678711,-29204900,49.69446247990034,110.68890419909488
2024-06-18,136.3000030517578,137.24000549316406,133.9199981689453,134.1999969482422,124.6123046875,4104100,-0.0121457587824169,-0.012220121249763,3.32000732421875,49.31329222078689,511421359.66796875,-33309000,49.78443533652784,110.69618915786909
2024-06-20,134.02000427246094,137.49000549316406,133.6300048828125,136.8699951171875,127.09154510498048,4165700,0.0198956308825029,0.0197002993966459,3.8600006103515625,50.03220881483215,529425249.4438172,-29143300,52.695382233414676,110.70489161934523
2024-06-21,136.6199951171875,138.58999633789062,136.2899932861328,136.60000610351562,126.84083557128906,9144100,-0.0019726688623096,-0.0019746171361508,2.3000030517578125,41.502568005705406,1159845284.5474243,-38287400,53.51155182025167,110.72367020580955
2024-06-24,137.8000030517578,139.63999938964844,137.13999938964844,138.60000610351562,128.69793701171875,3695900,0.0146411952591241,0.0145350477893568,2.5,50.59206877576415,475654705.4016113,-34591500,52.66883901163876,110.73212094533288
2024-06-25,138.0399932861328,138.0399932861328,134.0500030517578,134.36000061035156,124.76085662841795,4818700,-0.0305916355360249,-0.0310693271121355,3.989990234375,46.186127235519024,601185139.8353575,-39410200,55.02804782057662,110.74071514827821
2024-06-26,136.47999572753906,138.9499969482422,135.10000610351562,138.14999389648438,128.28009033203125,6104300,0.0282078353637376,0.0278173210768116,3.8499908447265625,51.567536022306,783060155.4138184,-33305900,49.60777306508647,110.75431613023319
2024-06-27,137.99000549316406,137.99000549316406,135.19000244140625,135.8300018310547,126.1258544921875,3732500,-0.0167932204776897,-0.0169358253896521,2.8000030517578125,45.843363670785685,470764751.89208984,-37038400,52.222430132686625,110.7616011637258
2024-06-28,136.17999267578125,137.1999969482422,135.6999969482422,136.85000610351562,127.07295989990234,6609600,0.0075092090478048,0.007481155291026,1.5,48.18388628313767,839901435.7543945,-30428800,53.027957754594304,110.77527893675497
2024-07-01,136.63999938964844,138.10000610351562,135.55999755859375,135.9499969482422,126.23726654052734,2668200,-0.00657648456472,-0.0065982049207657,2.540008544921875,46.17429426347644,336826274.58343506,-33097000,52.56041069869891,110.7805111663054
2024-07-02,135.61000061035156,135.9600067138672,134.05999755859375,134.91000366210938,125.2715835571289,3280400,-0.0076497456722767,-0.0076791550555732,1.9000091552734373,44.76846219407314,410940902.70080566,-36377400,56.65949759347583,110.78653745278922
2024-07-03,135.74000549316406,136.49000549316406,135.19000244140625,135.5500030517578,125.8658447265625,1539900,0.0047437826884544,0.0047325664090975,1.3000030517578125,48.0902865693486,193820814.2944336,-34837500,58.213354968600214,110.78948059726491
2024-07-05,134.8699951171875,136.4600067138672,134.44000244140625,136.35000610351562,126.6086883544922,3237500,0.005901868211694,0.0058845204103268,2.020004272460937,53.27356586445327,409895628.5476685,-31600000,63.78416015454727,110.79596924213172
2024-07-08,136.35000610351562,137.32000732421875,135.41000366210938,135.52999877929688,125.84728240966795,2773700,-0.0060138522460037,-0.0060320082838387,1.910003662109375,49.73166118720216,349062607.219696,-34373700,57.940745350717,110.8012566253296
2024-07-09,135.25999450683594,135.8699951171875,133.92999267578125,134.27999877929688,124.6865692138672,3116800,-0.0092231884040396,-0.0092659853590514,1.94000244140625,46.64667018582272,388623098.9257813,-37490500,64.06904328582667,110.80673561022176
2024-07-10,134.33999633789062,135.75999450683594,133.80999755859375,135.64999389648438,125.95870971679688,2834800,0.0102027067626477,0.0101510104806624,1.9499969482421875,53.13446239057194,357067750.3051758,-34655700,63.64639369672553,110.8121715084277
2024-07-11,135.88999938964844,139.0500030517578,135.77000427246094,138.24000549316406,128.36367797851562,3449600,0.0190933065853566,0.0189133168644582,3.279998779296875,52.97183210550383,442803343.5546875,-31206100,60.744222029474734,110.81983052930485
2024-07-12,139.0,143.3800048828125,138.69000244140625,142.35000610351562,132.18003845214844,4801300,0.0297308439095329,0.0292974514997278,4.69000244140625,60.69173780538108,634636018.6203003,-26404800,61.21839684990403,110.8327960731958
2024-07-15,143.00999450683594,145.25,142.75,144.14999389648438,133.85142517089844,4164000,0.0126447740394255,0.0125654964825379,2.5,60.3971774168722,557357334.4116211,-22240800,69.77268047581777,110.84490729710353
2024-07-16,144.02999877929688,147.57000732421875,144.02999877929688,147.3300018310547,136.80422973632812,3805100,0.0220603147232807,0.021820506403404,3.540008544921875,75.30244175008922,520553774.56970215,-18435700,67.91279700983029,110.85738252610551
2024-07-17,146.99000549316406,147.7899932861328,146.39999389648438,147.3800048828125,136.85067749023438,2863600,0.0003395198671545,0.000339462243327,1.3899993896484375,71.08276630372768,391885600.06103516,-15572100,68.02600209277954,110.8667798836055
2024-07-18,146.02000427246094,148.14999389648438,144.4499969482422,144.75999450683594,134.4178466796875,3412900,-0.0177772653753978,-0.0179371790101722,3.699996948242188,70.12165770846879,458754668.93310547,-18985000,58.655472369168315,110.87692318007888
2024-07-19,145.8699951171875,145.8800048828125,143.24000549316406,145.17999267578125,134.807861328125,3073800,0.002901509420597,0.0028973081668278,2.639999389648437,69.29138443025445,414372404.1503906,-15911200,65.31955576679844,110.88620240863509
2024-07-22,145.75,146.1699981689453,143.69000244140625,145.17999267578125,134.807861328125,3629800,0.0,0.0,2.4799957275390625,72.30547821663396,489325575.0488281,-15911200,45.542501177595234,110.8971508354284
2024-07-23,130.13999938964844,132.25999450683594,124.9800033569336,127.68000030517578,118.55810546875,25353900,-0.1205401205781521,-0.1284473333301408,7.279991149902344,40.26917465211942,3005910350.2441406,-41265100,38.06142026659025,110.92156372753149
2024-07-24,126.51000213623048,129.25,124.8000030517578,128.52999877929688,119.34737396240234,11642500,0.0066572293014617,0.0066351678086266,4.449996948242202,40.60493805711049,1389501801.3572693,-29622600,45.09417158469436,110.93387532601217
2024-07-25,129.27000427246094,129.5500030517578,126.54000091552734,127.08000183105467,118.00096893310548,7761900,-0.0112813963524744,-0.0113455139846813,3.0100021362304688,37.80586370308946,915911720.7618715,-37384500,47.73279919233811,110.94075301525776
2024-07-26,128.83999633789062,129.86000061035156,128.4600067138672,128.8300018310547,119.62594604492188,7271300,0.0137708793962325,0.0136769224338899,1.399993896484375,41.39703007462477,869836141.4764404,-30113200,46.630587010405385,110.94866397984238
2024-07-29,129.13999938964844,129.24000549316406,127.6500015258789,128.61000061035156,119.42166900634766,5414300,-0.0017076315408824,-0.0017090912055718,1.5900039672851562,42.52179640477167,646584742.5010681,-35527500,47.64622445909215,110.95440677371025
2024-07-30,128.6999969482422,130.86000061035156,128.4600067138672,129.02999877929688,119.81166076660156,4747700,0.0032656699868529,0.0032603492672839,2.399993896484375,41.04437563857116,568829821.8215942,-30779800,49.45526952466283,110.95966776737231
2024-07-31,129.25,131.14999389648438,127.4499969482422,130.3699951171875,121.05591583251952,7025800,0.0103850915508283,0.0103315369480874,3.699996948242173,38.980651315739486,850514653.4561156,-23754000,49.24581955566551,110.96853441881203
2024-08-01,131.0399932861328,132.49000549316406,129.61000061035156,130.5800018310547,121.25091552734376,4790600,0.0016108233412899,0.0016095273569194,2.8800048828125,31.499526801820902,580864635.9252931,-18963400,44.273441744273896,110.97468799330741
2024-08-02,129.8800048828125,130.63999938964844,127.1999969482422,128.05999755859375,118.91094970703124,5099000,-0.0192985414595474,-0.0194871893407014,3.440002441406236,25.269021711676203,606326932.5561522,-24062400,39.52679671971404,110.97974005096115
2024-08-05,126.83000183105467,127.9499969482422,125.8000030517578,126.0199966430664,117.0167007446289,5243000,-0.0159299792581701,-0.0160582251711083,2.1499938964844034,16.056143668236913,613518562.0040894,-29305400,35.427367151649335,110.98368899822145
2024-08-06,126.05999755859376,127.79000091552734,124.41999816894533,124.5,115.60530090332033,5608300,-0.0120615248278854,-0.012134855266258,3.370002746582017,15.185656561615474,648349209.0560914,-34913700,35.17548872896554,110.98692049752421
2024-08-07,125.25,127.11000061035156,123.25,123.31999969482422,114.50959777832033,4741900,-0.0094779661178021,-0.0095231678792434,3.8600006103515625,15.881628426332227,542993061.7050172,-39655600,38.7291087466125,110.98900186099642
2024-08-08,123.1999969482422,126.33999633789062,123.12000274658205,126.20999908447266,117.19313049316406,3823200,0.0234350025404752,0.0231646190127617,3.2199935913085795,22.01237139595932,448052776.50146484,-35832400,38.51425103752971,110.99195595051631
2024-08-09,126.33999633789062,126.33999633789062,124.68000030517578,125.81999969482422,116.83099365234376,3825000,-0.0030900859060286,-0.0030948700796958,1.6599960327148438,21.761939071105417,446878550.7202149,-39657400,49.64202455588915,110.99473618690193
2024-08-12,126.01000213623048,126.12000274658205,124.56999969482422,124.86000061035156,115.9395751953125,2549500,-0.0076299826712411,-0.0076592399054955,1.5500030517578267,42.05185137840222,295587946.9604492,-42206900,59.92206017491575,110.99630502586646
2024-08-13,125.30999755859376,126.95999908447266,124.8499984741211,126.48999786376952,117.45311737060548,3057600,0.0130545775482036,0.0129701009605395,2.1100006103515625,44.49243265161984,359124651.67236334,-39149300,57.114685684795255,110.9987608926888
2024-08-14,126.36000061035156,126.8000030517578,125.7300033569336,126.41999816894533,117.38812255859376,3155700,-0.0005533681307634,-0.0005535212954144,1.0699996948242043,48.07468017596734,370441698.35815436,-42305000,55.174786575246635,111.00126809112265
2024-08-15,127.87999725341795,129.39999389648438,127.87999725341795,128.5500030517578,119.36595153808594,4448300,0.0168486294557181,0.016708265728748,1.5199966430664205,49.20091656122586,530975562.2268677,-37856700,62.49469636410606,111.00589231603632
2024-08-16,128.50999450683594,130.05999755859375,128.3699951171875,129.64999389648438,120.38736724853516,3255900,0.0085570105820613,0.0085206068907767,1.69000244140625,52.82608637407331,391969229.0245056,-34600800,56.11722045970452,111.00968687978856
2024-08-19,127.76000213623048,129.8800048828125,127.63999938964844,128.9499969482422,121.2619171142578,3157800,0.0072644654145244,0.0072382062813318,2.2400054931640625,54.12708310355395,382920881.86340326,-31443000,47.993543359110085,111.01370712283787
2024-08-20,128.8300018310547,129.1999969482422,127.58999633789062,128.8800048828125,121.1960906982422,2342300,-0.0005428449226443,-0.000542992316293,1.6100006103515625,50.42758235492626,283877603.24249274,-33785300,39.022253791638924,111.01666796330251
2024-08-21,129.64999389648438,129.77999877929688,127.58999633789062,127.9000015258789,120.2745132446289,4895900,-0.0076040196371338,-0.0076330775930224,2.19000244140625,47.148048164891215,588851989.3943787,-38681200,39.0642069074931,111.02229139743018
2024-08-22,128.17999267578125,128.17999267578125,126.13999938964844,126.83999633789062,119.27771759033205,5083000,-0.0082876714892161,-0.0083222051734877,2.0399932861328125,51.16249938940559,606288638.5116578,-43764200,49.60147202085793,111.02749429131075
2024-08-23,127.52999877929688,129.25999450683594,126.94000244140624,127.97000122070312,120.34033966064452,6310300,0.0089088062026985,0.0088693569129837,2.3199920654297017,61.120800304699074,759383645.3605651,-37453900,58.751223510358756,111.03477507441839
2024-08-26,128.8699951171875,129.5800018310547,128.38999938964844,129.25999450683594,121.5534210205078,4501400,0.010080421604959,0.0100299530346826,1.19000244140625,70.16992124843482,547160569.3817137,-32952500,60.26624712295984,111.04063795440734
2024-08-27,129.66000366210938,129.72999572753906,127.25,127.9000015258789,120.2745132446289,3214000,-0.010521363900265,-0.0105771047741786,2.4799957275390625,69.30877055082794,386562285.5682373,-36166500,53.66128307948069,111.04431129025001
2024-08-28,127.61000061035156,128.75999450683594,126.6500015258789,127.19000244140624,119.60684967041016,3361100,-0.0055511642176491,-0.0055666291886848,2.1099929809570312,59.34654456352901,402010582.4272156,-39527600,46.849098582351736,111.04787197961545
2024-08-29,128.02000427246094,128.2899932861328,126.76000213623048,126.9800033569336,119.40937042236328,3477600,-0.0016510697221024,-0.0016524342398655,1.5299911499023295,60.11310295792544,415258026.58081055,-43005200,53.019851939966664,111.05146804056544
2024-08-30,127.51000213623048,128.6999969482422,126.88999938964844,128.5500030517578,120.8857650756836,4116100,0.0123641440206756,0.0122883322507723,1.80999755859375,68.5491213081697,497577897.62802124,-38889100,45.165260474458904,111.05647151317751
2024-09-03,127.58999633789062,128.32000732421875,127.05999755859376,127.5,119.89836883544922,5821200,-0.008168010845745,-0.0082015518131866,1.2600097656249858,59.54689028451465,697952384.664917,-44710300,47.58046359398995,111.06282903553542
2024-09-04,127.69000244140624,129.52999877929688,127.12999725341795,128.9199981689453,121.23369598388672,5710400,0.0111371585902901,0.0110755970979139,2.4000015258789205,63.65919581937511,692292897.5463867,-38999900,39.56699954034371,111.06999786412068
2024-09-05,129.2899932861328,129.3000030517578,126.69000244140624,127.4000015258789,119.80432891845705,5311100,-0.011790179733691,-0.0118602350907113,2.6100006103515767,51.62021097510433,636292771.3188173,-44311000,33.99270621824157,111.07571993469251
2024-09-06,127.66999816894533,128.13999938964844,126.70999908447266,127.54000091552734,119.93598175048828,3590200,0.001098898789549,0.0010982954422455,1.4300003051757812,48.214264155134806,430594161.680603,-40720800,39.81786157602144,111.07964197447882
2024-09-09,127.8000030517578,129.72000122070312,127.61000061035156,128.8800048828125,121.1960906982422,3770800,0.0105065129693557,0.010451703134539,2.1100006103515625,49.74729191123244,457006218.8049317,-36950000,43.88613906304598,111.08434315051736
2024-09-10,129.42999267578125,130.14999389648438,128.52999877929688,129.8300018310547,122.0894546508789,2590100,0.0073712274669075,0.007344192741177,1.6199951171875,53.22473596519006,316223896.49124146,-34359900,44.983570684064766,111.08785484969273
2024-09-11,129.27000427246094,129.27000427246094,126.33999633789062,128.5,120.83873748779295,3404400,-0.0102442685706348,-0.0102971022277531,2.9300079345703125,51.98938406943284,411383397.9034423,-37764300,52.08718571825117,111.09194282934217
2024-09-12,128.8800048828125,129.0500030517578,127.4800033569336,128.4199981689453,120.76351165771484,3443500,-0.0006225307516615,-0.0006227246043869,1.5699996948242188,55.60283418607486,415849152.39334106,-41207800,42.14109822297887,111.09604238796943
2024-09-13,128.6699981689453,128.7899932861328,125.66000366210938,127.23999786376952,119.65386199951172,5214500,-0.0091886170166055,-0.0092310927536834,3.129989624023437,47.42048566356748,623935063.3964539,-46422300,42.220355664095536,111.10153194387429
2024-09-16,128.19000244140625,129.50999450683594,127.97000122070312,128.91000366210938,121.22430419921876,4589600,0.013124876819383,0.0130394919229798,1.5399932861328125,48.79565230986404,556371066.5527345,-41832700,47.79366482626544,111.10724397525506
2024-09-17,130.0,131.5,129.4199981689453,130.64999389648438,122.86055755615234,3141700,0.0134977335423149,0.013407450639351,2.0800018310546875,59.222011942760965,385991013.6741638,-38691000,53.332074725952324,111.11178207041537
2024-09-18,131.0,132.1300048828125,130.4600067138672,130.64999389648438,122.86055755615234,2939600,0.0,0.0,1.6699981689453125,62.183088854532,361160894.9920654,-38691000,59.91596596174793,111.11602506556642
2024-09-19,132.75,133.57000732421875,131.7899932861328,132.1300048828125,124.2523193359375,4092300,0.0113279787058515,0.0112642976224458,1.7800140380859375,66.64511212817769,508477766.41845703,-34598700,44.992052858011675,111.12262612638479
2024-09-20,128.5,129.1999969482422,126.54000091552734,128.60000610351562,120.93278503417967,14211500,-0.0267160751565763,-0.0270794358235282,2.659996032714844,50.14343399080696,1718636274.5132444,-48810200,51.51814967443975,111.13971573626831
2024-09-23,129.3800048828125,129.39999389648438,127.8499984741211,128.74000549316406,121.06444549560548,2991700,0.0010887077593442,0.0010881155468435,1.5499954223632812,53.75304732513122,362188501.58920294,-45818500,50.09437548638981,111.14335399586619
2024-09-24,129.39999389648438,129.80999755859375,128.6199951171875,129.52000427246094,121.79793548583984,3829500,0.0060586738512009,0.0060403938845289,1.19000244140625,51.88920814498133,466425193.9430237,-41989000,58.35209167893325,111.1483512527959
2024-09-25,129.5399932861328,131.80999755859375,129.24000549316406,131.50999450683594,123.66928100585938,5048200,0.0153643451553995,0.0152475088269922,2.5699920654296875,62.56878148168542,624307264.3737793,-36940800,64.32715690649351,111.15608799107623
2024-09-26,132.57000732421875,134.22999572753906,132.57000732421875,133.3300018310547,125.38076782226562,3997100,0.013839223471552,0.013744335863374,1.6599884033203125,66.05654153229196,501159467.0623779,-32943700,64.61719114829582,111.16304399569727
2024-09-27,133.97000122070312,135.60000610351562,133.97000122070312,134.25999450683594,126.25531005859376,4104400,0.0069750907696453,0.0069508773526734,1.6300048828125,65.26668735616727,518202294.60449225,-28839300,65.55358107344397,111.17061857399784
2024-09-30,134.75999450683594,136.92999267578125,134.75999450683594,136.33999633789062,128.2113037109375,4115600,0.0154923674215046,0.0153735859307897,2.1699981689453125,67.35995153770429,527666441.5527344,-24723700,65.13774267413739,111.17919005827017
2024-10-01,136.3000030517578,136.4600067138672,132.00999450683594,133.27000427246094,125.32435607910156,3658500,-0.0225171069030293,-0.0227744879438153,4.45001220703125,61.639871726391895,458499156.71539307,-28382200,60.964090361909676,111.18551203343686
2024-10-02,133.49000549316406,134.38999938964844,132.5399932861328,133.00999450683594,125.07984161376952,2258400,-0.001951053035355,-0.0019529588185879,1.850006103515625,61.10302983678,282480314.30053705,-30640600,62.34965765622316,111.1893443408192
2024-10-03,132.58999633789062,132.58999633789062,130.3300018310547,130.72000122070312,122.9263916015625,3635000,-0.0172166032865359,-0.01736653233876,2.259994506835937,57.98901935191154,446837433.4716797,-34275600,61.59373458259401,111.19455259755273
2024-10-04,131.85000610351562,132.44000244140625,130.4199981689453,131.25,123.42477416992188,3270500,0.0040543170743574,0.0040461204778196,2.020004272460937,55.66857859831507,403660723.9227295,-31005100,57.59621439374353,111.19943354618688
2024-10-07,131.0399932861328,131.77999877929688,130.14999389648438,131.1999969482422,123.37776184082033,1955600,-0.0003808986438721,-0.0003809712041865,1.6300048828125,51.45118055725029,241277551.05590823,-32960700,57.368422166287324,111.20233903922163
2024-10-08,131.50999450683594,131.77999877929688,130.5,130.9600067138672,123.15209197998048,2618200,-0.0018290967308274,-0.0018307715708606,1.279998779296875,50.807762911903744,322436807.2219849,-35578900,56.348315379699265,111.20615474763656
2024-10-09,131.92999267578125,133.4499969482422,131.75999450683594,133.0,125.07044219970705,2703900,0.0155770818740001,0.0154570044988491,1.69000244140625,52.202525634479336,338177968.6637879,-32875000,75.2946876617887,111.21072519196707
2024-10-10,132.7100067138672,134.0800018310547,132.5500030517578,132.83999633789062,124.91999816894533,2462600,-0.0012028743811547,-0.001203598415216,1.529998779296875,62.94273232488344,307627987.4908448,-35337600,75.05674434563807,111.2148399866608
2024-10-11,133.27000427246094,134.89999389648438,133.10000610351562,134.60000610351562,126.57506561279295,2429800,0.0132490191170933,0.0131620184696497,1.79998779296875,66.27789576925431,307552094.4259643,-32907800,74.2829605226825,111.219387556713
2024-10-14,134.0,134.83999633789062,133.25999450683594,134.57000732421875,126.54684448242188,2319600,-0.0002229596345413,-0.0002229844937357,1.5800018310546875,64.63776500052919,293538060.4614258,-35227400,73.09216545731755,111.22371839283419
2024-10-15,134.94000244140625,136.39999389648438,133.6699981689453,133.8000030517578,125.82276153564452,2957500,-0.0057218569908943,-0.0057382895276702,2.7299957275390625,57.14295113728557,372120817.24166864,-38184900,73.17117477961368,111.22897591680518
2024-10-16,134.50999450683594,136.25999450683594,134.50999450683594,135.83999633789062,127.74111938476562,4056700,0.0152465088645956,0.0151314488830567,1.75,57.72313966237228,518207399.0081787,-34128200,72.99356606952743,111.2371284764339
2024-10-17,135.85000610351562,136.22999572753906,134.97999572753906,135.41000366210938,127.33677673339844,3800700,-0.0031653288566328,-0.0031703491066455,1.25,53.65093036265648,483968887.33062744,-37928900,72.40740328354327,111.24457231198612
2024-10-18,136.13999938964844,136.4499969482422,135.19000244140625,135.92999267578125,127.82575988769533,3237500,0.0038400779950686,0.0038327237168865,1.2599945068359375,48.55534756392508,413835897.63641363,-34691400,71.20644025812277,111.2511001773638
2024-10-21,133.52000427246094,133.85000610351562,131.11000061035156,131.3300018310547,123.5000228881836,4414000,-0.0338408862447774,-0.0344267443011643,2.7400054931640625,43.82946417373776,545129101.0284424,-39105400,69.61033380758504,111.25767135117937
2024-10-22,130.82000732421875,132.10000610351562,129.77000427246094,131.3300018310547,123.5000228881836,3280100,0.0,0.0,2.3300018310546875,44.56662632810266,405092425.075531,-39105400,77.82145536348715,111.26254991018224
2024-10-23,131.24000549316406,132.10000610351562,130.5399932861328,131.41000366210938,123.57524871826172,3454500,0.0006091159201342,0.0006089304843296,1.5600128173828125,52.60378620094652,426890696.6972351,-35650900,81.78369350258919,111.26771521380981
2024-10-24,145.0,145.00999450683594,136.57000732421875,138.35000610351562,130.10147094726562,11959800,0.0528117264314231,0.0514644198546045,8.439987182617188,68.05711569142241,1555987572.2351074,-23691100,77.09393858620369,111.29502938006213
2024-10-25,138.33999633789062,140.3300018310547,137.17999267578125,137.42999267578125,129.23631286621094,4916700,-0.0066498716329299,-0.0066720805416471,3.150009155273437,65.17298449529684,635416179.4692993,-28607800,70.44344087418591,111.3057198171424
2024-10-28,137.3300018310547,137.7899932861328,135.1699981689453,135.33999633789062,127.27093505859376,4069000,-0.0152076282898273,-0.0153244501713693,2.6199951171875,59.7855344509758,517865434.753418,-32676800,65.26084312210148,111.31358876383287
2024-10-29,134.75,136.07000732421875,133.97000122070312,134.30999755859375,126.3023452758789,3061700,-0.0076104554607768,-0.0076395627508012,2.100006103515625,53.06507446095248,386699890.53115845,-35738500,60.64602091065843,111.31914551998497
2024-10-30,134.0,135.32000732421875,133.60000610351562,133.8000030517578,125.82276153564452,2754600,-0.0037971087487477,-0.0038043360672496,1.720001220703125,52.20995249032636,346591378.92608637,-38493100,55.56856739102678,111.32398148449333
2024-10-31,133.64999389648438,134.9199981689453,133.02999877929688,134.05999755859375,126.0672607421875,3303600,0.0019432033088362,0.0019413177315979,1.8899993896484373,48.66468211694404,416475802.5878906,-35189500,55.529089310320515,111.3298747523971
2024-11-01,134.5800018310547,135.3699951171875,133.42999267578125,134.0500030517578,126.05784606933594,2266700,-7.467976059871706e-05,-7.468254927087771e-05,1.94000244140625,48.71286229992273,285735319.68536377,-37456200,50.92037691641019,111.33391299600613
2024-11-04,134.36000061035156,134.77000427246094,132.10000610351562,133.0,125.07044219970705,2422200,-0.0078329425769007,-0.0078637812153549,2.6699981689453125,48.04682640983536,302945625.09613043,-39878400,45.04290010490301,111.33793660087177
2024-11-05,132.6999969482422,133.86000061035156,132.07000732421875,133.83999633789062,125.86036682128906,2537900,0.0063158377606173,0.0062959764406907,1.7899932861328125,44.8132802782028,319421024.9557495,-37340500,46.73127349215167,111.34239222809596
2024-11-06,135.35000610351562,135.7899932861328,132.1999969482422,133.9199981689453,125.9355926513672,5624600,0.0005976927604616,0.0005975142132843,3.589996337890625,46.06438722164464,708337334.42688,-31715900,46.551760209488144,111.35230835393739
2024-11-07,135.14999389648438,135.39999389648438,134.0399932861328,134.14999389648438,126.15188598632812,3075500,0.00171749169879,0.0017160184964896,1.3600006103515625,45.22532160820639,387980125.35095215,-28640400,47.59474450412566,111.35780507325588
2024-11-08,134.11000061035156,134.1199951171875,132.24000549316406,132.44000244140625,124.54383087158205,3111700,-0.0127469764100106,-0.0128289161814362,1.8799896240234373,53.52376546898378,387543038.52310187,-31752100,46.43224847204187,111.36275828598006
2024-11-11,132.66000366210938,133.72999572753906,131.24000549316406,131.61000061035156,123.76332092285156,4684100,-0.0062669499024425,-0.0062866696646618,2.489990234375,50.84436489011832,579719771.534729,-36436200,40.73424880435467,111.36976633903367
2024-11-12,131.92999267578125,132.3000030517578,130.00999450683594,130.13999938964844,122.3809585571289,3243500,-0.0111694026583559,-0.0112322488439887,2.290008544921875,46.46630873307401,396942639.0800476,-39679700,32.26434169823783,111.37407366916602
2024-11-13,130.64999389648438,134.30999755859375,129.8000030517578,133.67999267578125,125.70989227294922,5345600,0.027201402530822,0.0268380193447829,4.5099945068359375,33.97389887079234,671994800.1342773,-34334100,39.78637376863862,111.38330998913887
2024-11-14,133.64999389648438,133.92999267578125,132.0399932861328,132.63999938964844,124.7319107055664,2971300,-0.0077796707140544,-0.0078100902241545,1.8899993896484373,33.69642597764668,370615926.27944946,-37305400,47.46194481044532,111.38808865604084
2024-11-15,132.27999877929688,134.11000061035156,132.08999633789062,134.07000732421875,126.07667541503906,3337600,0.0107812403567442,0.0107235371558237,2.020004272460937,45.47407511923868,420793511.8652344,-33967800,54.876169341043166,111.39399289883569
2024-11-18,132.3000030517578,135.30999755859375,132.02999877929688,135.1300048828125,128.6374053955078,4037800,0.0203108939225986,0.0201073788180491,3.279998779296875,57.89635544886993,519412115.50598145,-29930000,53.68212431752778,111.40237411011013
2024-11-19,134.74000549316406,134.74000549316406,132.6699981689453,133.1999969482422,126.80014038085938,3835900,-0.0142825098889362,-0.0143854866200724,2.07000732421875,53.02718456971672,486392658.4869385,-33765900,53.139870226934505,111.40948073313002
2024-11-20,133.3800048828125,133.4199981689453,130.82000732421875,132.08999633789062,125.74346923828124,3848600,-0.0083333594064194,-0.0083682759627046,2.5999908447265625,49.04517466734097,483936315.71044916,-37614500,47.929572800303674,111.41611521552962
2024-11-21,131.77000427246094,132.5500030517578,131.00999450683594,131.3699951171875,125.05804443359376,3014700,-0.0054509773655807,-0.0054658881529626,1.540008544921875,47.16473633514816,377012486.55395514,-40629200,53.83930402610769,111.42105945710169
2024-11-22,131.67999267578125,135.08999633789062,131.67999267578125,134.82000732421875,128.34231567382812,3677500,0.0262619750301493,0.0259230504425113,3.410003662109375,58.209066647473605,471978865.8905029,-36951700,60.693306074798734,111.42853724439733
2024-11-25,135.97999572753906,138.6699981689453,135.97999572753906,137.5399932861328,130.93161010742188,5029000,0.0201749081742785,0.0199740911976386,2.69000244140625,61.66995095340294,658455067.2302246,-31922700,52.46677302277066,111.44031629068746
2024-11-26,137.22000122070312,137.58999633789062,134.30999755859375,134.9600067138672,128.47557067871094,3424800,-0.0187581854885607,-0.0189363518194829,3.279998779296875,55.26778486576736,440003134.4604492,-35347500,51.928551515969815,111.44732004170098
2024-11-27,135.16000366210938,137.10000610351562,135.16000366210938,135.67999267578125,129.16098022460938,2453400,0.0053349406605283,0.0053207602765821,1.94000244140625,56.12159120892766,316883548.88305664,-32894100,53.502828319856846,111.45253553798611
2024-11-29,134.8000030517578,136.57000732421875,134.63999938964844,135.72000122070312,129.19906616210938,1533500,0.000294871852426,0.0002948283862657,1.9300079345703125,60.116670551926894,198126767.95959473,-31360600,55.44747323570453,111.45580093728536
2024-12-02,136.13999938964844,136.13999938964844,133.13999938964844,134.02000427246094,127.58074951171876,2832300,-0.0125257612029491,-0.0126048698412651,3.0,58.00448826485759,361346956.8420411,-34192900,52.9022966206986,111.46127902618498
2024-12-03,133.9600067138672,134.2100067138672,129.50999450683594,129.7100067138672,123.47782135009766,5604700,-0.0321594611830073,-0.0326879379025432,4.70001220703125,52.06440184786423,692056145.3208923,-39797600,43.0946600511489,111.4693519622267
2024-12-04,129.6300048828125,129.6300048828125,127.8000030517578,128.77999877929688,122.59249877929688,4793200,-0.007169891411435,-0.0071957186090407,1.8300018310547017,43.53841263716539,587610365.1489258,-44590800,36.15997334531071,111.47573905742972
2024-12-05,129.41000366210938,129.67999267578125,127.4499969482422,127.58999633789062,121.4596710205078,4632500,-0.0092405960402888,-0.009283555198162,2.2299957275390483,43.260715236350016,562661926.0025023,-49223300,28.579158335341816,111.48127671706266
2024-12-06,128.10000610351562,128.5500030517578,125.41000366210938,125.61000061035156,119.57481384277344,5745000,-0.0155183787498989,-0.0156400491827427,3.139999389648437,36.90062197344376,686957305.5267334,-54968300,30.899142656289165,111.48684010037668
2024-12-09,126.18000030517578,128.7899932861328,125.5500030517578,128.52999877929688,122.3545150756836,6139500,0.0232465445153453,0.0229804594145735,3.239990234375014,37.45249610476439,751195545.3071594,-48828800,40.34489956474276,111.49481749951936
2024-12-10,129.3000030517578,130.9199981689453,128.05999755859375,130.22000122070312,123.96331787109376,6415900,0.0131486998613417,0.0130630060646376,2.8600006103515625,44.2824332918772,795336251.1291505,-42412900,38.08408365031671,111.50437469498847
2024-12-11,130.3300018310547,130.49000549316406,128.8699951171875,129.1199951171875,122.9161605834961,7485500,-0.0084473157509915,-0.0084831965297544,1.6200103759765625,44.29942212928272,920088920.04776,-49898400,36.98732046686479,111.51457104831724
2024-12-12,129.25999450683594,129.44000244140625,127.5999984741211,128.97999572753906,122.78289031982422,4980100,-0.0010842371177168,-0.0010848253279919,1.840003967285156,45.30824173248091,611471072.0817566,-54878500,30.962743887917988,111.52126541610063
2024-12-13,129.02999877929688,129.0399932861328,127.58000183105467,128.75999450683594,122.57345581054688,4284800,-0.0017057304053668,-0.0017071868198773,1.4599914550781392,36.375849374266686,525202743.45703125,-59163300,30.075102567102995,111.52691178624278
2024-12-16,128.5800018310547,130.3000030517578,128.22999572753906,128.5500030517578,122.3735580444336,4515900,-0.0016308405828276,-0.0016321718509185,2.07000732421875,27.217472086492805,552626750.7728577,-63679200,30.115821317685022,111.53274887701701
2024-12-17,128.0,128.86000061035156,126.77999877929688,127.31999969482422,121.20265197753906,3549500,-0.0095682930659691,-0.0096143632932185,2.0800018310546875,29.21657169667512,430208813.1942749,-67228700,25.327964002803938,111.53683736095616
2024-12-18,126.9000015258789,127.12999725341795,123.75,123.81999969482422,117.87081909179688,4849400,-0.0274897688406985,-0.027874683072586,3.3799972534179545,21.975450605023557,571602750.1037598,-72078100,23.742554565313153,111.54049404142665
2024-12-19,124.06999969482422,124.66000366210938,122.33000183105467,122.6500015258789,116.75702667236328,6391800,-0.0094492634225794,-0.0094941909575949,2.3300018310547017,20.6819086423491,746287563.0844116,-78469900,36.310301154218195,111.544460445551
2024-12-20,124.04000091552734,126.81999969482422,122.01000213623048,125.68000030517578,119.64144897460938,12899000,0.024704485755193,0.02440426444174,4.809997558593736,32.34546043090771,1543255050.3234863,-65570900,41.61160948580344,111.55686569601069
2024-12-23,125.33000183105467,125.93000030517578,124.25,125.75,119.70808410644533,3419000,0.0005569569108954,0.0005568018679605,1.6800003051757812,39.78327872499778,409281939.5599366,-62151900,45.428379264641976,111.56017450177151
2024-12-24,125.20999908447266,126.30999755859376,124.5,126.26000213623048,120.1935806274414,1579200,0.0040556702967893,0.0040474682351042,1.809997558593764,43.35444174994284,189809702.52685547,-60572700,50.42760511426335,111.56179290795414
2024-12-26,125.58000183105467,127.05999755859376,125.44000244140624,126.36000061035156,120.2887725830078,3011100,0.0007919886825025,0.0007916752249582,1.6199951171875284,46.55848856223074,362201523.12469476,-57561600,52.40733257092936,111.56491109499859
2024-12-27,125.8499984741211,126.86000061035156,125.3499984741211,126.11000061035156,120.05078887939452,2904000,-0.0019784365448491,-0.0019803962356059,1.5100021362304688,51.54894160911955,348627490.90576166,-60465600,45.95095329853422,111.56783428317874
2024-12-30,125.1500015258789,125.83000183105467,124.20999908447266,125.31999969482422,119.29874420166016,2953900,-0.0062643876375513,-0.0062840912442422,1.620002746582017,38.54389648130246,352396560.49728394,-63419500,43.33807364416719,111.5705422144811
2024-12-31,125.37999725341795,126.12999725341795,125.04000091552734,126.0999984741211,120.04126739501952,3400800,0.0062240654612777,0.006204775963864,1.0899963378906108,34.2747981854276,408236342.15698236,-60018700,46.614746823834366,111.57395679865877
2025-01-02,127.04000091552734,127.22000122070312,123.54000091552734,123.87000274658205,117.91841888427734,3050500,-0.0176843227067614,-0.0178425586473003,3.680000305175781,31.55308419194625,359710136.80648804,-63069200,47.90300579696247,111.57625001469752
2025-01-03,123.95999908447266,124.33000183105467,122.76000213623048,123.79000091552734,117.8422622680664,3490400,-0.000645841565139,-0.0006460502106421,1.5699996948241903,31.686681160961257,411316632.220459,-66559600,55.62487723729008,111.57884040972904
2025-01-06,124.6999969482422,125.0,123.80999755859376,124.20999908447266,118.24208068847656,5049200,0.0033928270954324,0.0033870844431343,1.1900024414062358,34.16842999967645,597027913.8122559,-61510400,54.94349782369876,111.58282283801118
2025-01-07,125.18000030517578,127.08000183105467,124.01000213623048,124.9800033569336,118.97509002685548,3725300,0.0061992256404057,0.0061800894866372,3.0699996948241903,38.04422394977247,443217902.87704474,-57785100,61.56734216685511,111.58608111017892
2025-01-08,125.91000366210938,126.77999877929688,125.22000122070312,126.76000213623048,120.6695556640625,4536300,0.0142421883171051,0.0141417211443726,1.55999755859375,48.191204169181965,547393305.3588867,-53248800,61.22866041552627,111.59095380474183
2025-01-10,125.01000213623048,125.43000030517578,122.9000015258789,123.27999877929688,117.35675811767578,5231800,-0.0274534660226094,-0.0278373547860866,2.529998779296875,48.25353510166608,613987087.1200562,-58480600,71.72710288708042,111.594518790858
2025-01-13,123.33999633789062,125.16999816894533,121.55999755859376,125.01000213623048,119.00364685058594,6939200,0.0140331818919092,0.0139356283928602,3.6100006103515625,57.36583145103398,825790106.2255859,-51541400,67.17519759059587,111.60058988973951
2025-01-14,125.37000274658205,125.93000030517578,124.55999755859376,125.83999633789062,119.79376220703124,4247600,0.0066394213736771,0.0066174774918229,1.370002746582017,50.57887472598842,508835984.3505859,-47293800,67.75895687436466,111.60469730607083
2025-01-15,127.5,127.95999908447266,126.58000183105467,127.47000122070312,121.34545135498048,4315900,0.0129530045585142,0.0128698318493362,1.379997253417983,55.59170809821011,523714833.50296026,-42977900,70.01120167272478,111.60965655387538
2025-01-16,129.50999450683594,130.66000366210938,128.77000427246094,129.94000244140625,123.69677734375,5471300,0.019377125079794,0.019191779079914,1.8899993896484373,60.6113366367981,676782177.8808594,-37506600,70.70449861654005,111.61745279095493
2025-01-17,130.14999389648438,130.5800018310547,129.42999267578125,129.72999572753906,123.49685668945312,4261100,-0.0016162155440905,-0.0016175230294083,1.1500091552734375,59.656163511556045,526232456.0394287,-41767700,76.62444023187291,111.62341723426495
2025-01-21,130.4199981689453,133.57000732421875,130.14999389648438,132.8699951171875,126.4859848022461,5282700,0.0242040825404121,0.023915806115709,3.420013427734375,66.61747925065967,668187511.9148254,-36485000,81.84513398744537,111.63266279135694
2025-01-22,132.66000366210938,133.42999267578125,131.25,132.5500030517578,126.18136596679688,4420700,-0.0024083208580418,-0.0024112255272402,2.17999267578125,68.19326034670735,557809964.529419,-40905700,81.8659192971891,111.64023238563126
2025-01-23,132.94000244140625,133.6699981689453,132.00999450683594,133.61000061035156,127.19044494628906,3282600,0.0079970522728189,0.0079652453123801,1.660003662109375,68.63525448402184,417515354.5806885,-37623100,86.67341359778203,111.64623781156638
2025-01-24,133.39999389648438,133.89999389648438,132.52999877929688,133.02999877929688,126.63829803466795,3212300,-0.0043411037036176,-0.0043505536530239,1.3699951171875,74.75668556922098,406800204.77676386,-40835400,92.22903362384433,111.65190154540845
2025-01-27,133.89999389648438,136.86000061035156,133.74000549316406,136.25999450683594,129.71310424804688,4944400,0.02428022376404,0.0239901451999076,3.1199951171875,78.79900894694501,641353472.644043,-35891000,92.03105808708695,111.66239777259587
2025-01-28,135.75999450683594,136.99000549316406,135.35000610351562,135.4199981689453,128.91346740722656,3094500,-0.0061646573448059,-0.0061837372995669,1.6399993896484375,75.39641960451362,398922724.8916626,-38985500,85.16838364078642,111.66866999632988
2025-01-29,136.02999877929688,136.5800018310547,133.6300048828125,133.77999877929688,127.3522720336914,4262100,-0.0121104133255797,-0.0121843418573721,2.9499969482421875,69.18044974611553,542788118.6347961,-43247600,52.11552712153178,111.67651994917308
2025-01-30,117.38999938964844,117.9800033569336,109.62000274658205,114.9000015258789,109.37939453125,41170400,-0.1411272623207431,-0.1521345196855879,8.360000610351548,35.18982299733587,4503193424.609375,-84418000,61.04128705398008,111.6654671391533
2025-01-31,115.01000213623048,116.58999633789062,113.36000061035156,114.2300033569336,108.7416000366211,15844600,-0.0058310296684508,-0.005848096499084,3.2299957275390625,37.84585107866962,1722967155.9402466,-100262600,52.57815814440565,111.66006285276308
2025-02-03,112.33000183105467,112.55999755859376,109.4000015258789,111.29000091552734,105.94284057617188,12635200,-0.0257377071838806,-0.0260747171204482,3.159996032714858,32.154001079992426,1338608979.2480469,-112897800,54.230277149748844,111.65164837844098
2025-02-04,111.33999633789062,112.1500015258789,110.20999908447266,111.7699966430664,106.39978790283205,9347800,0.0043131496585806,0.0043038746885839,1.94000244140625,31.53060990464085,994603937.3580934,-103550000,54.992892291417625,111.64593609488225
2025-02-05,111.72000122070312,112.66999816894533,111.01000213623048,111.9000015258789,106.5235366821289,7122900,0.0011630547554275,0.0011623789312084,1.6599960327148438,28.7237011165047,758756499.433136,-96427100,55.00838015066283,111.6416942218718
2025-02-06,112.3499984741211,113.87000274658205,112.2699966430664,113.47000122070312,108.01810455322266,6318200,0.0140304003945495,0.0139328853848164,1.6000061035156392,26.926316597880955,682479988.1881714,-90108900,54.988372875218815,111.63903447158077
2025-02-07,113.87000274658205,113.95999908447266,112.62000274658205,113.11000061035156,107.67539978027344,4830700,-0.0031726604939671,-0.0031777040517616,1.3399963378906108,26.813629773010064,520147553.7185669,-94939600,54.97810555025432,111.63681132287638
2025-02-10,113.5199966430664,114.7699966430664,112.76000213623048,114.16000366210938,108.6749496459961,6101500,0.0092829919160957,0.0092401697544922,2.0099945068359237,22.28150680409905,663080205.2650452,-88838100,54.79158449006927,111.63471451494095
2025-02-11,114.0,114.70999908447266,113.41999816894533,114.52999877929688,109.02717590332033,4589100,0.0032410988776307,0.003235857838095,1.2900009155273295,23.34322415491337,500336612.9379273,-84249000,51.30060837603088,111.63332685084644
2025-02-12,113.3499984741211,114.83999633789062,113.29000091552734,114.26000213623048,108.77014923095705,5172900,-0.0023574551045071,-0.0023602382767882,1.5499954223632812,20.690710048181515,562657104.9568177,-89421900,52.09551359125526,111.63161033423188
2025-02-13,114.54000091552734,116.12999725341795,114.3499984741211,115.63999938964844,110.0838394165039,5854000,0.0120776719976491,0.0120053189058869,1.7799987792968608,24.28276342369621,644430795.9442139,-83567900,52.15878955403069,111.63056095977078
2025-02-14,116.05999755859376,116.76000213623048,115.66000366210938,116.22000122070312,110.63597106933594,5942300,0.0050155559231817,0.0050030199217769,1.099998474121108,17.843398997420238,657432130.885315,-77625600,48.734397527451655,111.62987693643501
2025-02-18,114.5500030517578,115.77999877929688,113.91999816894533,115.41999816894533,111.44705963134766,5407800,0.0073311469513239,0.0073044047148185,1.8600006103515483,20.56981527822164,602683409.0744019,-72217800,48.99925788091348,111.62976258582233
2025-02-19,114.95999908447266,115.44000244140624,114.25,115.0,111.04151916503906,4252000,-0.0036388619641475,-0.0036454987274132,1.1900024414062358,21.40336121190039,472148539.4897461,-76469800,72.45366409140108,111.62947342638574
2025-02-20,114.97000122070312,116.62999725341795,114.8499984741211,116.5999984741211,112.58644104003906,5801200,0.0139130109765861,0.0138171134974588,1.7799987792968608,63.26245368360475,653136461.7614746,-70668600,69.58662423848499,111.63011479978863
2025-02-21,116.4499969482422,116.8499984741211,115.26000213623048,116.33000183105467,112.32573699951172,6459900,-0.0023155900312599,-0.0023182751557555,1.5899963378906108,65.29903095498936,725613028.4431458,-77128500,82.1463867328967,111.63063356530155
2025-02-24,116.58000183105467,118.08000183105467,115.86000061035156,116.16000366210938,112.16159057617188,6269900,-0.0014613429452998,-0.0014624117482871,2.220001220703111,84.24800966721064,703241956.75354,-83398400,81.26020889334058,111.6310176063119
2025-02-25,116.45999908447266,118.33999633789062,116.45999908447266,118.11000061035156,114.04446411132812,4985600,0.0167871508016601,0.016647803914815,1.8799972534179688,86.38616719720588,568580080.2734375,-78412800,75.75740934453786,111.63240488281045
2025-02-26,118.0999984741211,118.56999969482422,116.72000122070312,116.88999938964844,112.866455078125,3445300,-0.0103293837397768,-0.0103831020622948,1.8499984741210935,77.4367114716336,388858797.68066406,-81858100,75.34810369370636,111.63289488194388
2025-02-27,117.0,118.7300033569336,116.98999786376952,117.62999725341795,113.58097839355467,4821600,0.0063306968836318,0.0063107421958881,1.7400054931640767,75.80389328467491,547642045.4223632,-77036500,76.7021910480033,111.63397679641311
2025-02-28,117.8000030517578,119.62999725341795,117.8000030517578,119.02999877929688,114.93279266357422,8754900,0.0119017663797149,0.0118314973590453,1.829994201660156,80.78232668374852,1006225106.4903259,-68281600,76.51067217548861,111.6373000670487
2025-03-03,119.81999969482422,120.9800033569336,118.7699966430664,119.26000213623048,115.15487670898438,5165100,0.0019322948678384,0.001930430387541,2.2100067138671875,79.4253761593121,594786453.6895752,-63116500,69.82095080335165,111.63938946279563
2025-03-04,118.48999786376952,118.66000366210938,116.5999984741211,116.79000091552734,112.76990509033205,5387000,-0.0207109910306234,-0.0209284716724229,2.060005187988281,64.34707637451375,607491478.7216188,-68503500,76.86835414463296,111.64008939017842
2025-03-05,117.4800033569336,119.58999633789062,117.31999969482422,119.0199966430664,114.92313385009766,6812000,0.0190940017023231,0.0189139989577708,2.2699966430664062,70.59269321512835,782856387.7868652,-61691500,76.9064151400556,111.64265766188734
2025-03-06,118.94000244140624,120.58000183105467,118.16999816894533,120.5,116.3521957397461,5742100,0.0124349366552469,0.0123582578402056,2.4100036621093466,70.81805015147204,668105943.157196,-55949400,76.89083240906662,111.64576116611751
2025-03-07,119.5999984741211,121.66000366210938,119.31999969482422,121.62000274658205,117.43364715576172,5635800,0.0092946369352115,0.009251707600696,2.340003967285156,71.80920564689254,661832548.6404419,-50313600,83.83058913499991,111.64950225489504
2025-03-10,121.04000091552734,123.6999969482422,120.0500030517578,120.62000274658205,116.46807098388672,6279900,-0.0082223127294537,-0.0082563023867169,3.6499938964844034,65.9509532558061,731407838.9717102,-56593500,81.4480001860726,111.65297026678405
2025-03-11,120.2699966430664,120.58000183105467,115.94000244140624,116.36000061035156,112.35470581054688,6498300,-0.0353175349998621,-0.0359562836059066,4.6399993896484375,53.37636851971148,730114584.7686768,-63091800,75.28524512933673,111.65349249424317
2025-03-12,115.9000015258789,116.06999969482422,114.9499969482422,115.26000213623048,111.29256439208984,4970900,-0.0094534662415298,-0.0094984338779334,1.120002746582017,46.588588948614095,553224208.3366394,-68062700,74.72286095785682,111.65328714408865
2025-03-13,115.7699966430664,117.47000122070312,114.95999908447266,115.2300033569336,111.26360321044922,4629100,-0.0002602256655582,-0.0002602595301318,2.5100021362304688,47.16495307233262,515050345.6214905,-72691800,73.99114904399538,111.65308078750374
2025-03-14,115.79000091552734,116.91999816894533,115.08999633789062,116.76000213623048,112.74093627929688,4020700,0.0132777748178203,0.0131903977645251,1.8300018310547017,51.44508428516512,453297482.49816895,-68671100,73.80661178082241,111.65358091696582
2025-03-17,117.0,118.77999877929688,116.91999816894533,118.05999755859376,113.99618530273438,4427900,0.011133924063996,0.0110723981931559,1.8600006103515483,49.87568395435039,504763708.90197754,-64243200,78.41424664159362,111.65476637583306
2025-03-18,118.04000091552734,119.0,117.86000061035156,118.86000061035156,114.76864624023438,3930700,0.006776199882905,0.0067533446302262,1.1399993896484375,55.00254818476949,451121117.77648926,-60312500,72.02747431380196,111.65616456661651
2025-03-19,118.37000274658205,118.87000274658205,116.26000213623048,117.47000122070312,113.42649841308594,5010300,-0.0116943770891837,-0.0117632941384784,2.6100006103515625,49.606717959595,568300784.9990845,-65322800,65.00622546144177,111.65717722996317
2025-03-20,116.2699966430664,118.20999908447266,116.25,116.9800033569336,112.953369140625,3655600,-0.0041712411039778,-0.0041799649982473,1.959999084472656,44.724677651609575,412912336.23046875,-68978400,48.55455239930983,111.65771797550329
2025-03-21,114.36000061035156,115.41999816894533,112.45999908447266,115.0999984741211,111.13807678222656,19575300,-0.0160711661122602,-0.0162017078301558,2.9599990844726705,40.13283166309829,2175561194.4351196,-88553700,55.37318616415552,111.65655971070183
2025-03-24,115.72000122070312,117.19000244140624,115.25,115.8000030517578,111.81398010253906,6611600,0.0060816539198975,0.0060632353020786,1.940002441406236,47.43655265792832,739269310.8459473,-81942100,45.81275717426331,111.65667813384663
2025-03-25,115.83000183105467,116.0,109.88999938964844,109.9499969482422,106.16534423828124,10645500,-0.0505181539828717,-0.0518388684311357,6.1100006103515625,30.222427289615126,1130183172.0886228,-92587600,39.19762417293709,111.65003478247783
2025-03-26,110.6999969482422,112.3499984741211,110.36000061035156,111.01000213623048,107.18885803222656,6609200,0.0096407523687589,0.0095945768562172,1.9899978637695312,28.9204741106214,708432600.5065918,-85978400,33.57665020055064,111.64668655034698
2025-03-27,110.81999969482422,111.77999877929688,110.41999816894533,111.01000213623048,107.18885803222656,4031700,0.0,0.0,1.3600006103515483,25.19867032270055,432153318.92852783,-85978400,27.350455062399003,111.64464655106701
2025-03-28,111.26000213623048,111.33999633789062,109.62000274658205,109.66000366210938,105.88533020019533,3284100,-0.0121610385254717,-0.0122355889782892,1.7199935913085795,24.79298863604568,347738012.9104615,-89262500,27.47946924933988,111.64250048101091
2025-03-31,109.01000213623048,110.86000061035156,108.3000030517578,109.98999786376952,106.20396423339844,6536100,0.0030092368092979,0.0030047181191469,2.559997558593764,32.11674525162863,694159730.6259155,-82726400,27.29490477169001,111.63847019983797
2025-04-01,110.01000213623048,110.0999984741211,108.18000030517578,109.26000213623048,105.49909973144533,5877400,-0.0066368944609644,-0.0066590165807853,1.9199981689453125,32.798147160642415,620060408.7615968,-88603800,27.019276130890685,111.63438179011634
2025-04-02,108.8499984741211,110.5,108.58999633789062,110.1999969482422,106.40673828125,4540000,0.0086032824177184,0.0085664850848159,1.910003662109375,36.294236465483394,483086591.796875,-84063800,21.19252292269596,111.63169407152239
2025-04-03,106.73999786376952,107.38999938964844,99.97000122070312,100.12000274658205,96.67371368408205,10057700,-0.0914700023173533,-0.0959273727778186,7.419998168945312,19.070591666771904,972315210.120392,-94121500,15.667095181905383,111.61467643515186
2025-04-04,98.33000183105467,100.58999633789062,96.56999969482422,97.70999908447266,94.34666442871094,9567700,-0.0240711685389021,-0.0243656138126745,4.019996643066406,13.673648429455938,902680581.2545776,-103689200,11.078087696078427,111.59600800820117
2025-04-07,95.0,99.1999969482422,93.2300033569336,95.55999755859376,92.27066802978516,8729800,-0.0220039193912829,-0.022249616512899,5.969993591308608,10.320126960307649,805504477.7664185,-112419000,10.905397890787336,111.57696388051635
2025-04-08,97.8000030517578,97.8000030517578,90.70999908447266,91.91999816894533,88.75596618652344,8233800,-0.0380912148823628,-0.0388356507769721,7.090003967285142,9.585538853482774,730798874.3865967,-120652800,17.63298707074971,111.55577240888101
2025-04-09,91.18000030517578,100.19000244140624,90.5500030517578,99.66000366210938,96.22955322265624,8849800,0.0842037708251277,0.0808458658173255,9.639999389648438,27.714872231977463,851612300.1098632,-111803000,20.16460442746567,111.5404910693269
2025-04-10,98.12000274658205,98.12999725341795,93.9800033569336,96.55999755859376,93.23625183105467,7553700,-0.0311058431776738,-0.0315999023428487,4.149993896484361,26.8712533533522,704278675.4562377,-119356700,18.37401997366314,111.52492657890578
2025-04-11,95.75,99.6999969482422,93.61000061035156,97.08000183105467,93.73835754394533,5544100,0.0053853056405621,0.0053708567334483,6.089996337890639,26.541361602421983,519694828.05938727,-113812600,24.817966638012653,111.51383289546403
2025-04-14,98.47000122070312,100.94000244140624,97.98999786376952,98.66999816894533,95.27362060546876,4926900,0.0163781732659833,0.0162454976819163,2.9500045776367188,34.17508238357226,469403601.36108404,-108885700,25.279873640623556,111.50483631789484
2025-04-15,98.48999786376952,98.56999969482422,96.22000122070312,96.5,93.17831420898438,5767000,-0.021992513595774,-0.0222379541665706,2.3499984741210938,30.25849854550222,537359338.0432129,-114652700,25.30306418191089,111.49296058644175
2025-04-16,96.4499969482422,96.6500015258789,93.5199966430664,94.1999969482422,90.95748901367188,4632800,-0.0238341422482868,-0.0241227707855509,3.1300048828125,28.476311456204115,421387855.10253906,-119285500,29.850047872026575,111.48227612650581
2025-04-17,94.94000244140624,97.31999969482422,94.66000366210938,96.43000030517578,93.11072540283205,4740100,0.0236729972705878,0.0233971370149451,2.659996032714844,33.43350052270176,441354149.4819642,-114545400,30.960720526621138,111.4725013568838
2025-04-21,95.56999969482422,96.33999633789062,94.62000274658205,96.25,92.93692016601562,3930800,-0.0018666510873421,-0.0018683954515673,1.7199935913085795,32.730017749288535,365316445.7885742,-118476200,36.407943259409045,111.4643267140024
2025-04-22,96.2699966430664,97.8000030517578,96.05999755859376,96.83999633789062,93.5066146850586,4305300,0.0061299052951755,0.0061111938530234,1.740005493164034,34.33400752782971,402574028.20358276,-114170900,36.91515438082235,111.45565656973879
2025-04-23,98.58000183105467,99.81999969482422,96.97000122070312,97.20999908447266,93.86387634277344,5817200,0.0038207099991605,0.0038134296249517,2.8499984741210938,33.37599844035408,546024941.4611816,-108353700,46.08947315790304,111.4441879153611
2025-04-24,97.0,98.9800033569336,96.29000091552734,98.91999816894533,95.5150146484375,6641000,0.0175907747474055,0.017437847866288,2.69000244140625,48.045595270297554,634315212.2802734,-101712700,48.879257343028435,111.43234135451773
2025-04-25,98.04000091552734,98.6500015258789,97.11000061035156,97.91000366210938,94.53977966308594,4577700,-0.0102102793884407,-0.0102627618369705,1.5400009155273438,50.34129600794776,432774749.3637085,-106290400,48.837420225710865,111.42368598060264
2025-04-28,97.9000015258789,98.95999908447266,96.5199966430664,97.08999633789062,93.7480010986328,8664600,-0.0083750836661014,-0.0084103517326965,2.44000244140625,52.735068545857146,812288930.3192137,-114955000,47.490469368799495,111.40656034188133
2025-04-29,96.0,98.8000030517578,95.5199966430664,96.7300033569336,93.40040588378906,10314600,-0.0037077613471249,-0.0037146521324267,3.280006408691392,59.74080045468886,963387826.5289307,-125269600,37.12638551468644,111.38581623454675
2025-04-30,96.47000122070312,96.54000091552734,94.06999969482422,95.3000030517578,92.01962280273438,9305800,-0.0147834805211948,-0.0148938452364541,2.470001220703125,38.13925675507215,856316205.8776855,-134575400,37.19724718003108,111.365708265622
2025-05-01,94.8499984741211,96.08999633789062,93.56999969482422,94.5999984741211,91.34371948242188,7501500,-0.007345208551457,-0.0073723174242463,2.5199966430664062,43.86733398205732,685214911.6973877,-142076900,37.29656787362032,111.34896415029986
2025-05-02,96.0,97.66000366210938,95.88999938964844,96.4000015258789,93.0817642211914,5689600,0.0190275231687275,0.018848763854949,1.7700042724609375,48.030125950534405,529598005.7128906,-136387300,31.371208799384338,111.33738477275483
2025-05-05,95.66999816894533,96.4499969482422,95.01000213623048,95.55999755859376,92.27066802978516,5406800,-0.008713803376984,-0.008751990560543,1.4399948120117188,40.58145661831882,498889047.9034424,-141794100,31.647186192407776,111.3259062451013
2025-05-06,95.0,95.5199966430664,93.80999755859376,93.80999755859376,90.5809097290039,5154300,-0.0183130602266344,-0.0184828200562087,1.709999084472642,41.64077481578607,466881183.01620483,-146948400,31.222753273886422,111.3140074262803
2025-05-07,93.70999908447266,94.37999725341795,93.1999969482422,93.95999908447266,90.72574615478516,5890000,0.0015989729647734,0.001597695968576,1.1800003051757528,49.13915310236469,534374644.8516846,-141058400,32.691073886178216,111.30052179764792
2025-05-08,94.69000244140624,97.5500030517578,94.4499969482422,96.9499969482422,93.61282348632812,6649600,0.0318220290700876,0.0313261997362717,3.1000061035155966,51.76869735443872,622487831.0546875,-134408800,38.22196153763831,111.28745160356769
2025-05-09,97.1999969482422,97.70999908447266,95.6999969482422,95.88999938964844,92.58931732177734,5619000,-0.0109333970115778,-0.0109936058570238,2.0100021362304545,48.84469033258293,520259374.0310669,-140027800,41.08598629349602,111.27578346969293
2025-05-12,100.58999633789062,102.83999633789062,100.3499984741211,101.20999908447266,97.72618865966795,8336500,0.0554801729452043,0.0539958036155525,2.4899978637695312,60.758244314782125,814694371.7613219,-131691300,34.42031194192477,111.2632505497394
2025-05-13,101.37999725341795,101.45999908447266,99.30999755859376,99.80999755859376,96.37437438964844,7031800,-0.0138326715546762,-0.0139292344720462,2.150001525878892,56.09183366681527,677685325.8331299,-138723100,27.587056204069714,111.2516432306321
2025-05-14,99.8499984741211,100.16000366210938,98.77999877929688,99.6500015258789,96.21988677978516,6175500,-0.0016029946844445,-0.0016042808550906,1.3800048828125,51.844366446580665,594205910.8085632,-144898600,32.412403581781426,111.241358613933
2025-05-15,99.9000015258789,100.41000366210938,99.23999786376952,100.3499984741211,96.89579010009766,4523300,0.0070245698985222,0.0070000125435606,1.170005798339858,56.262835174757136,438288727.3597717,-140375300,40.13194637656903,111.23417303406032
2025-05-16,101.27999877929688,101.6500015258789,100.3499984741211,101.31999969482422,97.83240509033205,6321200,0.0096662093292889,0.0096197904181117,1.3000030517578125,60.77435107473634,618418199.057007,-134054100,41.88487463841385,111.22479857111081
2025-05-19,98.44000244140624,99.13999938964844,98.37000274658205,99.11000061035156,97.2729721069336,6217700,-0.0057182789575898,-0.0057346909100282,0.769996643066392,60.10262950795397,604814158.669281,-140271800,44.02936660180139,111.21520573794304
2025-05-20,98.61000061035156,98.98999786376952,97.37000274658205,97.5500030517578,95.74188995361328,4671800,-0.0157400572857707,-0.0158652473914526,1.6199951171874716,59.63497736629009,447286961.4852905,-144943600,45.10013611079588,111.20721605792572
2025-05-21,96.6999969482422,97.1999969482422,95.80999755859376,95.8499984741211,94.07339477539062,5298600,-0.0174270131812839,-0.0175806511594634,1.3899993896484375,56.72035174293674,498457289.55688477,-150242200,44.77847886323913,111.19718786081359
2025-05-22,95.75,97.27999877929688,95.25,96.97000122070312,95.17263793945312,5179900,0.0116849526551801,0.0116172107922034,2.029998779296875,55.31482052505319,492984747.26257324,-145062300,45.9042273647289,111.18802425732999
2025-05-23,95.61000061035156,96.16999816894533,95.2300033569336,95.37000274658205,93.602294921875,3318500,-0.0164999421217802,-0.0166375823037929,0.939994812011733,53.2590839034989,310619215.6982422,-148380800,52.731535042616194,111.18158401509237
2025-05-27,96.43000030517578,97.72000122070312,95.94000244140624,97.5500030517578,95.74188995361328,6117400,0.0228583608289101,0.022601022671053,1.7799987792968892,62.359081694249845,585691437.6022339,-142263400,58.71026183542237,111.17116773923112
2025-05-28,97.6500015258789,98.0500030517578,96.52999877929688,96.73999786376952,94.9468994140625,3816500,-0.0083034765653356,-0.0083381424585355,1.5200042724609233,59.80320414301099,362364841.61376953,-146079900,57.6877554462252,111.16434192385125
2025-05-29,97.27999877929688,98.33000183105467,96.8000030517578,98.0999984741211,96.2816925048828,4593900,0.0140583115305248,0.0139604099559192,1.529998779296875,56.67979658179193,442308467.1981811,-141486000,49.802473763792136,111.15680895689863
2025-05-30,97.72000122070312,98.0,96.62999725341795,97.54000091552734,95.73207092285156,6763200,-0.0057084744537843,-0.0057248300675147,1.3700027465820457,58.05698392425095,647455142.0654297,-148249200,41.170648497352204,111.14532343333056
2025-06-02,97.2699966430664,97.52999877929688,95.94000244140624,97.36000061035156,95.55540466308594,4274800,-0.0018454239844868,-0.0018471288771508,1.5899963378906392,42.5367132674533,408480243.85375977,-152524000,48.67113414594059,111.13798951497228
2025-06-03,96.94000244140624,98.41999816894533,96.22000122070312,98.08000183105467,96.2620620727539,4098100,0.0073952636395557,0.0073680527495258,2.1999969482422017,49.59593858024878,394491556.5803528,-148425900,56.01258713785675,111.13128376731858
2025-06-04,98.2699966430664,98.7699966430664,97.79000091552734,98.5500030517578,96.72335052490234,3933800,0.0047920067596287,0.0047805616440536,0.9799957275390624,51.77216971150076,380490316.29486084,-144492100,49.38006320192958,111.12505206519741
2025-06-05,98.73999786376952,98.8000030517578,96.58000183105467,96.87000274658205,95.07449340820312,4584200,-0.0170471464000278,-0.0171941217349459,2.220001220703125,44.00008243820026,435840492.68188477,-149076300,46.726394091071825,111.11696617965029
2025-06-06,97.93000030517578,98.75,97.93000030517578,98.25,96.4289093017578,3043400,0.0142458386576878,0.0141453202196781,0.8199996948242188,45.50031284687713,293471742.56896967,-146032900,54.79427987476313,111.11205538204194
2025-06-09,98.5,99.8000030517578,98.44000244140624,99.30999755859376,97.4692611694336,4037200,0.0107887963807637,0.010731012557499,1.3600006103515625,50.61048821023119,393502901.1932373,-141995700,63.599111508110575,111.10600727215804
2025-06-10,99.66000366210938,102.66000366210938,99.5999984741211,102.45999908447266,100.56087493896484,6902500,0.0317188591812245,0.031226206671403,3.060005187988281,63.66163027510397,694121439.2662048,-135093200,71.4695993171083,111.09802060695755
2025-06-11,102.61000061035156,103.31999969482422,100.9499969482422,101.16000366210938,99.28498077392578,4917400,-0.0126877790772351,-0.0127689563163897,2.370002746582017,65.11101210530347,488223964.45770264,-140010600,65.61138980965706,111.09165015904901
2025-06-12,101.05999755859376,101.05999755859376,100.18000030517578,100.91999816894533,99.04942321777344,3106400,-0.0023725396763556,-0.0023753586081813,0.879997253417983,61.83343238424552,307687128.2836914,-143117000,64.49218432092783,111.0875491660879
2025-06-13,100.38999938964844,101.48999786376952,99.70999908447266,100.0,98.14647674560548,4240000,-0.0091161204460797,-0.0091579265389494,1.7799987792968608,64.45971410495515,416141061.40136725,-147357000,63.57587259137778,111.0815366100304
2025-06-16,100.91999816894533,101.4800033569336,100.52999877929688,101.08999633789062,99.21627044677734,4293700,0.0108999704996517,0.0108409939956128,0.9500045776367188,61.8632596728261,426004900.4173279,-143063300,57.51163300910391,111.07595669081957
2025-06-17,100.54000091552734,100.91000366210938,99.31999969482422,99.66999816894533,97.82258605957033,3800500,-0.0140469338439266,-0.0141465257598194,1.5900039672851562,59.43334177587757,371774738.31939703,-146863800,50.40171384549345,111.07044220442496
2025-06-18,99.62000274658205,100.25,98.9800033569336,99.20999908447266,97.3711166381836,4363000,-0.0046151859153652,-0.0046258687674534,1.2699966430664062,53.79357175914001,424830181.892395,-151226800,63.65743843149044,111.06390164355648
2025-06-20,99.7300033569336,100.51000213623048,99.11000061035156,99.2699966430664,97.43000030517578,11096600,0.000604734432809,0.0006045516546264,1.4000015258789205,56.121717517083255,1081141741.3864136,-140130200,70.31132727575061,111.04736628438671
2025-06-23,99.12999725341795,100.4499969482422,98.7300033569336,100.4000015258789,98.5390625,5077200,0.0113831693662151,0.0113188685980692,1.719993591308608,60.07960089240427,500302528.125,-135053000,70.18594770233322,111.04042906680965
2025-06-24,101.22000122070312,101.58999633789062,100.11000061035156,100.62000274658205,98.7549819946289,3686800,0.0021912071127012,0.0021888099195882,1.4799957275390625,58.710571409986976,364089867.61779785,-131366200,62.41056603033053,111.03548336075468
2025-06-25,99.62999725341795,100.27999877929688,98.62000274658205,99.37000274658205,97.52815246582033,6058100,-0.0124229634194586,-0.0125007735224862,1.6599960327148295,52.66927706056899,590835300.4531862,-137424300,68.73670579957107,111.02655428419747
2025-06-26,100.12999725341795,101.3000030517578,99.79000091552734,100.5999984741211,98.7353515625,4161700,0.0123779551458513,0.012301974605699,1.5100021362304543,62.50838087273695,410906912.59765625,-133262600,70.018907919343,111.0209751276913
2025-06-27,101.0,101.95999908447266,100.43000030517578,101.18000030517578,99.30460357666016,5869900,0.005765432594827,0.0057488760947668,1.529998779296875,60.38272424517058,582908092.5346375,-127392700,63.14110694646091,111.01347878775329
2025-06-30,101.16000366210938,101.2699966430664,100.26000213623048,100.94000244140624,99.06905364990234,5446800,-0.0023719940292191,-0.0023748116635462,1.0099945068359233,56.13245456108768,539609321.4202881,-132839500,63.171283855791586,111.0063915932523
2025-07-01,100.75,105.88999938964844,100.72000122070312,104.47000122070312,102.53362274169922,6819300,0.0349712545356517,0.0343736529361389,5.1699981689453125,57.35188582359709,699207533.5624695,-126020200,63.42299423470834,111.00010217720234
2025-07-02,104.25,105.88999938964844,103.9499969482422,105.54000091552734,103.58379364013672,5243200,0.0102422100220049,0.0101901140058652,1.940002441406236,66.29463097962014,543110546.8139648,-120777000,63.4418597236965,110.99587177575181
2025-07-03,106.43000030517578,106.45999908447266,104.12999725341795,104.12999725341795,102.19992065429688,2961300,-0.0133599372759757,-0.0134499841510419,2.3300018310547017,60.98560869352396,302644625.03356934,-123738300,62.47172210113101,110.99303893154728
2025-07-07,104.0,104.29000091552734,100.77999877929688,100.8499984741211,98.98072052001952,5299800,-0.0314990472954149,-0.0320058124447236,3.5100021362304688,52.50441581190466,524578022.61199945,-129038100,63.60234928032414,110.98611913155571
2025-07-08,101.29000091552734,103.6999969482422,101.1999969482422,102.37999725341795,100.48236083984376,6511400,0.0151710384803729,0.0150571091154989,2.5,53.70476950368072,654280844.3725587,-122526700,68.86543354274544,110.97869032489592
2025-07-09,102.91999816894533,103.25,101.9000015258789,102.1500015258789,100.25662231445312,4566500,-0.0022465487823324,-0.0022490760588576,1.3499984741210938,57.6448948567561,457821865.7989502,-127093200,74.22220591058914,110.9733747942888
2025-07-10,102.73999786376952,104.48999786376952,102.4800033569336,102.91999816894533,101.0123519897461,3645800,0.0075379526842889,0.0075096842873015,2.0099945068359237,61.2220204264172,368270832.8842163,-123447400,65.5933908907392,110.96943376630973
2025-07-11,102.2300033569336,102.9000015258789,101.19000244140624,101.2699966430664,99.39292907714844,4342900,-0.0160319295680002,-0.0161618312043233,1.7099990844726705,55.5187569310233,431653551.68914795,-127790300,59.316969535626704,110.96398039094301
2025-07-14,101.0,101.08000183105467,99.56999969482422,100.12000274658205,98.26425170898438,4030600,-0.0113557109006012,-0.0114206792954438,1.5100021362304543,49.22822312193818,396063892.9382324,-131820900,53.76984967132215,110.95843052589336
2025-07-15,100.3000030517578,100.66000366210938,99.5199966430664,99.52999877929688,97.68518829345705,4033400,-0.0058929204207677,-0.0059103521927435,1.1400070190429688,47.05565405972016,394003438.46282965,-135854300,54.75540983427321,110.95262853939369
2025-07-16,99.70999908447266,100.2300033569336,98.54000091552734,99.62999725341795,97.78333282470705,4782700,0.0010047022784576,0.0010041979029266,1.69000244140625,50.748846404431234,467668345.9007264,-131071600,48.883642342995884,110.94580611011199
2025-07-17,99.33000183105467,100.0,98.2699966430664,99.5,97.6557388305664,3949900,-0.0013048644432008,-0.001305716520119,1.7300033569335938,46.61746335208817,385730402.80685425,-135021500,41.08980254472157,110.9401224138554
2025-07-18,99.72000122070312,99.77999877929688,98.58000183105467,99.22000122070312,97.38093566894533,4572400,-0.0028139991045263,-0.0028179658433538,1.1999969482422017,43.85965852221121,445264590.2526856,-139593900,42.20176485087243,110.93341306323427
2025-07-21,99.55999755859376,99.5999984741211,98.7300033569336,98.9000015258789,97.06686401367188,3750200,-0.0032251862555641,-0.0032303983784842,0.8699951171875,43.64089449251175,364020153.42407227,-143344100,41.039852268402264,110.92778771733204
2025-07-22,99.1999969482422,101.22000122070312,99.0,101.13999938964844,99.26534271240234,5751700,0.0226491163701427,0.0223964333827423,2.220001220703125,38.711858582813655,570944471.6789246,-137592400,40.77993390702534,110.92053597914973
2025-07-23,101.72000122070312,103.94000244140624,101.4000015258789,103.52999877929688,101.61104583740234,5079500,0.0236306354353312,0.0233557539640035,2.540000915527329,43.7460999590768,516133307.3310852,-132512900,40.357865567269016,110.91542664010517
2025-07-24,103.12000274658205,103.5,102.11000061035156,102.52999877929688,100.62957763671876,3676800,-0.0096590699622767,-0.009706021361062,1.3899993896484375,44.89144430843344,369994831.05468756,-136189700,48.906966861183335,110.91134198385012
2025-07-25,102.87000274658205,104.16000366210938,102.27999877929688,103.55999755859376,101.64048767089844,5473600,0.0100458538922736,0.0099957297159643,1.8800048828125,60.10438833294595,556339373.3154297,-130716100,38.333435732637085,110.9058644949474
2025-07-28,103.05999755859376,103.37000274658205,101.27999877929688,101.58000183105467,99.69718933105467,7045900,-0.0191193330962359,-0.0193044711547172,2.0900039672851705,47.11399865169991,702456426.3076781,-137762000,23.985761293603122,110.89734626663449
2025-07-29,98.19000244140624,98.19000244140624,90.72000122070312,90.83999633789062,89.15625,26112300,-0.105729553679316,-0.1117470368933951,7.470001220703111,26.795235756071705,2328074746.875,-163874300,16.671385519744558,110.83628530638862
2025-07-30,90.79000091552734,91.0,87.01000213623047,87.18000030517578,85.56409454345703,20976500,-0.040290562428803,-0.0411247095304907,3.9899978637695312,21.12985756799081,1794835229.1908264,-184850800,15.265537566906017,110.77939552734938
2025-07-31,86.9000015258789,87.08000183105469,85.76000213623047,86.16000366210938,84.56300354003906,15782000,-0.0116998959523789,-0.0117688783206144,1.3199996948242188,21.629745311245685,1334573321.8688965,-200632800,14.52607713742963,110.73506954436614
2025-08-01,85.73999786376953,86.54000091552734,84.27999877929688,84.5,82.93376922607422,11276600,-0.0192665142646385,-0.0194545324381565,2.2600021362304688,21.2232829680362,935210942.0547485,-211909400,20.323303399177785,110.70152342050861
2025-08-04,85.4000015258789,86.11000061035156,84.7699966430664,85.0199966430664,83.44412994384766,8579500,0.0061538348315293,0.0061349773144486,1.3400039672851562,23.199106121893365,715908912.853241,-203329900,26.501935721208596,110.67652302684651
2025-08-05,85.0199966430664,87.05999755859375,84.88999938964844,86.77999877929688,85.1715087890625,9513400,0.0207010229045141,0.0204896685866196,2.1699981689453125,27.636616889900424,810270631.7138672,-193816500,30.612781287828707,110.65060986519529
2025-08-06,86.80000305175781,86.9800033569336,85.7300033569336,86.25,84.65133666992188,6331600,-0.0061073488838725,-0.0061260750227072,1.25,27.257130825806016,535978403.25927734,-200148100,35.0427994824529,110.6330411425995
2025-08-07,86.83000183105469,87.66999816894531,86.44000244140625,86.48999786376953,84.88688659667969,6839200,0.0027825895729949,0.0027787253373571,1.2299957275390625,28.11962550491525,580558394.8120117,-193308900,34.56480214760171,110.61426240894785
2025-08-08,86.5,87.05000305175781,85.75,86.66999816894531,85.06354522705078,6285100,0.0020811062515515,0.0020789437496807,1.3000030517578125,28.877361882454764,534632888.10653687,-187023800,35.47147466598951,110.59714756637962
2025-08-11,87.1500015258789,88.23999786376953,85.7300033569336,86.30999755859375,84.71022033691406,8701400,-0.0041536581762919,-0.0041623085765951,2.509994506835937,22.608046915404586,737097511.239624,-195725200,36.050735569488054,110.57316339609703
2025-08-12,86.62999725341797,88.27999877929688,86.5,87.43000030517578,85.80946350097656,7308600,0.0129765116852551,0.0128930381124895,1.779998779296875,18.79844301421789,627147044.9432373,-188416600,42.61002965693058,110.5539073572491
2025-08-13,88.11000061035156,88.30000305175781,86.38999938964844,88.18000030517578,86.54556274414062,13633200,0.0085782990958296,0.0085417145613101,1.910003662109375,21.91780738562788,1179892966.003418,-174783400,44.76528113465873,110.51913390843515
2025-08-14,87.01000213623047,89.30999755859375,86.66000366210938,88.55000305175781,86.90870666503906,12487300,0.0041959854368505,0.0041872068379719,2.649993896484375,19.84732872108916,1085255092.7383423,-162296100,50.054870298446076,110.48785263961938
2025-08-15,88.58000183105469,89.41000366210938,88.18000030517578,88.4800033569336,86.84000396728516,8897400,-0.0007905157076919,-0.00079082833,1.2300033569335938,21.496953019158013,772650251.298523,-171193500,56.41772102359629,110.46554996550401
2025-08-18,87.0,87.44000244140625,86.38999938964844,86.51000213623047,86.51000213623047,9385600,-0.0038001130352205,-0.0038073518093533,1.0500030517578125,39.28047139483149,811948276.0498047,-180579100,67.93548369816116,110.44174111193217
2025-08-19,86.8499984741211,88.30999755859375,86.6500015258789,87.80000305175781,87.80000305175781,7227600,0.0149115811313462,0.014801496513398,1.6599960327148438,61.1339354709294,634583302.0568848,-173351500,72.61077000335592,110.42442533656238
2025-08-20,87.16000366210938,88.44000244140625,86.87999725341797,86.94000244140625,86.94000244140625,7076400,-0.0097949952216356,-0.009843281756979,1.5600051879882812,62.00520038594448,615222233.2763672,-180427900,75.57399784926773,110.4068539807987
2025-08-21,86.8499984741211,86.91999816894531,85.9800033569336,86.1500015258789,86.1500015258789,6193200,-0.0090867367534268,-0.0091282729563293,0.9399948120117188,67.74837571025837,533544189.45007324,-186621100,75.98257999657018,110.39098027738032
2025-08-22,86.44999694824219,89.30000305175781,86.37999725341797,88.81999969482422,88.81999969482422,10230700,0.0309924332171167,0.0305218657422421,2.920005798339844,73.95604978431511,908690770.8778381,-176390400,70.08734339055636,110.3676867789374
2025-08-25,88.55000305175781,88.66000366210938,87.4800033569336,87.73999786376953,87.73999786376953,6029900,-0.0121594442103744,-0.0122339750372796,1.1800003051757812,62.14656977033665,529063413.1187439,-182420300,65.14639243417922,110.35329437069282
2025-08-26,87.5999984741211,88.2699966430664,87.04000091552734,87.45999908447266,87.45999908447266,5478000,-0.0031912330307053,-0.0031963358739667,1.2299957275390625,63.59110143679795,479105874.9847412,-187898300,64.76337057707683,110.34007342202057
2025-08-27,87.61000061035156,88.05000305175781,87.1500015258789,87.86000061035156,87.86000061035156,5482200,0.0045735368175863,0.0045631099776789,0.9000015258789062,64.1614930306726,481666095.34606934,-182416100,63.41463263513432,110.32708866151165
2025-08-28,88.19999694824219,88.23999786376953,86.45999908447266,87.2699966430664,87.2699966430664,8618500,-0.0067152738810206,-0.0067379227853454,1.779998779296875,60.11157542599492,752136466.0682678,-191034600,62.86544591884359,110.30617050593584
2025-08-29,87.22000122070312,88.54000091552734,87.01000213623047,87.44000244140625,87.44000244140625,6838500,0.0019480440572854,0.0019461490800611,1.529998779296875,62.72364292237183,597958456.6955566,-184196100,55.29961155417966,110.28972190767219
2025-09-02,86.62000274658203,86.8499984741211,84.80999755859375,85.2300033569336,85.2300033569336,10058800,-0.0252744627489412,-0.0255993478682483,2.040000915527344,47.552533634093294,857311557.7667236,-194254900,46.23295708247132,110.26323460492327
2025-09-03,85.37000274658203,85.87999725341797,84.77999877929688,85.29000091552734,85.29000091552734,7430900,0.0007039488000779,0.0007037011443392,1.0999984741210938,44.37565917319603,633781467.8031921,-186824000,35.65516174381523,110.24374995562755
2025-09-04,85.63999938964844,85.69000244140625,83.66999816894531,84.4800033569336,84.4800033569336,10741500,-0.0094969814737836,-0.0095423653709247,2.020004272460937,39.53930691644261,907441956.0585022,-197565500,35.29646074669806,110.21472571838441
2025-09-05,84.61000061035156,86.33999633789062,84.19000244140625,85.04000091552734,85.04000091552734,8585400,0.0066287587161628,0.0066068851051555,2.149993896484375,42.56197461241434,730102423.8601685,-188980100,34.649631648706844,110.19207816688704
2025-09-08,85.05000305175781,85.05000305175781,83.05000305175781,84.31999969482422,84.31999969482422,11783700,-0.0084666182143897,-0.0085026636257412,2.0,41.23298047144628,993601580.4039001,-200763800,34.87432064046158,110.1601721144567
2025-09-09,84.2300033569336,84.93000030517578,84.05000305175781,84.4000015258789,84.4000015258789,7889700,0.0009487883223937,0.0009483385072504,0.8799972534179688,34.92907981302582,665890692.0387268,-192874100,35.07504514294294,110.13891957386724
2025-09-10,84.3499984741211,85.16999816894531,83.72000122070312,83.8499984741211,83.8499984741211,6684600,-0.006516623718178,-0.0065379496095484,1.4499969482421875,35.916128193198105,560503699.8001099,-199558700,33.87410558000835,110.12055645896517
2025-09-11,82.43000030517578,84.87000274658203,82.0,84.6500015258789,84.6500015258789,10453500,0.0095408833192134,0.0094956565333876,2.8700027465820312,43.169405741634776,884888790.9507751,-189105200,30.86790549632308,110.09276418038941
2025-09-12,84.79000091552734,85.0199966430664,83.87000274658203,84.3499984741211,84.3499984741211,5545500,-0.003544040712936,-0.0035503357027578,1.149993896484375,24.04185260143265,467762916.5382385,-194650700,30.840023750827633,110.07787164573523
2025-09-15,84.87000274658203,85.16999816894531,83.91000366210938,84.0199966430664,84.0199966430664,6389000,-0.0039122920809053,-0.0039199651148735,1.2599945068359375,26.33591787448992,536803758.55255127,-201039700,36.16795870840821,110.0605154225625
2025-09-16,84.43000030517578,85.3499984741211,84.30999755859375,85.19999694824219,85.19999694824219,6185500,0.014044279365883,0.0139465722292628,1.0400009155273438,37.10047004292832,527004581.12335205,-194854200,30.268135849431864,110.0444944686898
2025-09-17,85.06999969482422,86.37000274658203,83.7300033569336,84.18000030517578,84.18000030517578,9007000,-0.0119717920141011,-0.0120440310488146,2.639999389648437,30.38381984892517,758209262.7487183,-203861200,30.481569667852632,110.02024623089585
2025-09-18,84.66999816894531,85.08999633789062,84.0,85.05000305175781,85.05000305175781,8067300,0.0103350290262298,0.010281987756095,1.089996337890625,38.50936337278869,686123889.6194458,-195793900,22.25606925560825,109.99929630527019
2025-09-19,85.11000061035156,85.61000061035156,84.01000213623047,84.05999755859375,84.05999755859375,18120200,-0.011640275810003,-0.0117085541904406,1.5999984741210938,33.8740394107318,1523183967.7612305,-213914100,22.253752199389343,109.95050582765958
2025-09-22,83.80000305175781,85.69999694824219,83.12999725341797,84.2300033569336,84.2300033569336,10224300,0.0020224340147207,0.0020203916482861,2.5699996948242188,44.07584180790961,861192823.3222961,-203689800,28.156938167691912,109.92323701664561
2025-09-23,84.47000122070312,85.7300033569336,84.12000274658203,84.41000366210938,84.41000366210938,7486300,0.00213700935536,0.0021347291987671,1.6100006103515625,44.85984140523129,631918610.4156494,-196203500,29.02217848290105,109.90344687545964
2025-09-24,84.30999755859375,85.0199966430664,83.70999908447266,83.9000015258789,83.9000015258789,6988400,-0.0060419632046456,-0.0060602897203723,1.30999755859375,46.48910366893332,586326770.6634521,-203191900,21.973190570968043,109.88463160531789
2025-09-25,83.80000305175781,83.98999786376953,82.36000061035156,82.58000183105469,82.58000183105469,9008200,-0.0157330115711269,-0.0158580890289914,1.6299972534179688,36.363682499727226,743897172.4945068,-212200100,21.973190570968043,109.85918843380787
