Date,Open,High,Low,Raw_Close,Adj_Close,Volume,Return,LogReturn,Volatility,RSI_14,Ticker
2015-01-23,2.4800000190734863,2.5,2.430000066757202,2.450000047683716,2.450000047683716,11107200.0,-0.0080971581760532,-0.0081301182035978,0.0699999332427978,37.34940139730453,AMD
2015-01-26,2.440000057220459,2.640000104904175,2.440000057220459,2.609999895095825,2.609999895095825,36571300.0,0.065306058897173,0.0632621371220542,0.2000000476837158,47.47473847415038,AMD
2015-01-27,2.5799999237060547,2.8399999141693115,2.559999942779541,2.700000047683716,2.700000047683716,51805800.0,0.0344828184694567,0.0339016095294878,0.2799999713897705,53.33332879202893,AMD
2015-01-28,2.7100000381469727,2.75,2.5999999046325684,2.630000114440918,2.630000114440918,24786200.0,-0.0259259007431683,-0.0262679009675894,0.1500000953674316,52.33645713613432,AMD
2015-01-29,2.630000114440918,2.690000057220459,2.509999990463257,2.609999895095825,2.609999895095825,17790200.0,-0.0076046458079126,-0.0076337085618984,0.1800000667572021,50.0,AMD
2015-01-30,2.559999942779541,2.5999999046325684,2.509999990463257,2.569999933242798,2.569999933242798,12908200.0,-0.0153256564983726,-0.0154443082098677,0.0899999141693115,47.22221425040879,AMD
2015-02-02,2.690000057220459,2.75,2.650000095367432,2.6700000762939453,2.6700000762939453,25688700.0,0.0389105625092247,0.038172628055106,0.0999999046325679,51.69491319949569,AMD
2015-02-03,2.700000047683716,2.799999952316284,2.680000066757202,2.759999990463257,2.759999990463257,22592300.0,0.0337078320590291,0.0331521752870477,0.119999885559082,54.03225341274978,AMD
2015-02-04,2.7799999713897705,2.9200000762939453,2.759999990463257,2.8499999046325684,2.8499999046325684,34829300.0,0.0326086646667724,0.032088284544585,0.1600000858306884,58.4615291505184,AMD
2015-02-05,2.880000114440918,3.369999885559082,2.869999885559082,3.309999942779541,3.309999942779541,73355600.0,0.1614035275577587,0.1496292112835217,0.5,73.93939139976553,AMD
2015-02-06,3.200000047683716,3.2100000381469727,3.0,3.0299999713897705,3.0299999713897705,38300000.0,-0.0845921378338886,-0.0883855620228658,0.2100000381469726,67.7777721852438,AMD
2015-02-09,3.0299999713897705,3.069999933242798,2.930000066757202,3.039999961853028,3.039999961853028,24133800.0,0.0033003269167262,0.0032948927908263,0.1399998664855957,74.09638286000308,AMD
2015-02-10,3.069999933242798,3.0999999046325684,3.009999990463257,3.039999961853028,3.039999961853028,13995100.0,0.0,0.0,0.0899999141693115,70.34482395748194,AMD
2015-02-11,3.0299999713897705,3.0999999046325684,3.0,3.069999933242798,3.069999933242798,11741100.0,0.0098684117652039,0.0098200369843043,0.0999999046325683,70.54794140259362,AMD
2015-02-12,3.0799999237060547,3.150000095367432,3.049999952316284,3.119999885559082,3.119999885559082,12975000.0,0.0162866297731381,0.0161554252875203,0.1000001430511479,72.48321589218232,AMD
2015-02-13,3.130000114440918,3.180000066757202,3.109999895095825,3.150000095367432,3.150000095367432,9627600.0,0.0096154522143432,0.0095695179713074,0.0700001716613769,69.85294311001175,AMD
2015-02-17,3.1600000858306885,3.1700000762939453,3.0799999237060547,3.109999895095825,3.109999895095825,8678100.0,-0.0126984758922494,-0.0127797906530202,0.0900001525878906,65.64884412525888,AMD
2015-02-18,3.109999895095825,3.140000104904175,3.059999942779541,3.0799999237060547,3.0799999237060547,7286100.0,-0.0096462933767546,-0.0096931202451749,0.0800001621246337,67.71652153801328,AMD
2015-02-19,3.059999942779541,3.0799999237060547,3.009999990463257,3.059999942779541,3.059999942779541,6573600.0,-0.006493500461665,-0.0065146749499285,0.0699999332427978,67.71653425051254,AMD
2015-02-20,3.0299999713897705,3.130000114440918,3.0199999809265137,3.059999942779541,3.059999942779541,10666700.0,0.0,0.0,0.1100001335144043,69.91869540482205,AMD
2015-02-23,3.049999952316284,3.0999999046325684,3.0299999713897705,3.059999942779541,3.059999942779541,6323500.0,0.0,0.0,0.0699999332427978,67.25662951275686,AMD
2015-02-24,3.059999942779541,3.119999885559082,3.0199999809265137,3.109999895095825,3.109999895095825,10916300.0,0.0163398540036792,0.0162077951951035,0.0999999046325683,66.05503924937966,AMD
2015-02-25,3.0799999237060547,3.140000104904175,3.059999942779541,3.0999999046325684,3.0999999046325684,6151300.0,-0.0032154311255848,-0.0032206117324838,0.0800001621246337,62.37623481911351,AMD
2015-02-26,3.0999999046325684,3.130000114440918,3.059999942779541,3.0799999237060547,3.0799999237060547,8680900.0,-0.0064516069489635,-0.0064725085126911,0.0700001716613769,29.824565806436,AMD
2015-02-27,3.069999933242798,3.119999885559082,3.069999933242798,3.109999895095825,3.109999895095825,7150200.0,0.0097402506924975,0.0096931202451748,0.0499999523162841,62.49998137355847,AMD
2015-03-02,3.130000114440918,3.2300000190734863,3.109999895095825,3.2100000381469727,3.2100000381469727,15638100.0,0.0321543879177739,0.0316482565658202,0.1200001239776611,70.73170022550883,AMD
2015-03-03,3.200000047683716,3.2300000190734863,3.130000114440918,3.140000104904175,3.140000104904175,8644000.0,-0.0218068325267705,-0.0220481156965822,0.0999999046325683,60.41667597988736,AMD
2015-03-04,3.140000104904175,3.140000104904175,3.009999990463257,3.049999952316284,3.049999952316284,12122100.0,-0.0286624680194516,-0.0290812583438193,0.1300001144409179,48.148151418633546,AMD
2015-03-05,3.0999999046325684,3.0999999046325684,2.9800000190734863,2.9800000190734863,2.9800000190734863,11472300.0,-0.0229507981433367,-0.0232182680675031,0.119999885559082,37.500021287357214,AMD
2015-03-06,2.9600000381469727,2.990000009536743,2.8299999237060547,2.9200000762939453,2.9200000762939453,16785200.0,-0.0201342088575541,-0.0203396645095582,0.1600000858306884,30.508478000840512,AMD
2015-03-09,2.9200000762939453,2.9800000190734863,2.900000095367432,2.930000066757202,2.930000066757202,12405900.0,0.003424654178759,0.0034188034047501,0.0799999237060542,33.92858511331269,AMD
2015-03-10,2.970000028610229,2.9800000190734863,2.9200000762939453,2.9200000762939453,2.9200000762939453,10312400.0,-0.0034129659506542,-0.0034188034047502,0.059999942779541,35.18519826713833,AMD
2015-03-11,2.9200000762939453,2.950000047683716,2.799999952316284,2.8399999141693115,2.8399999141693115,11772800.0,-0.0273973150802686,-0.0277796204572126,0.1500000953674316,31.66666865348768,AMD
2015-03-12,2.759999990463257,2.789999961853028,2.720000028610229,2.759999990463257,2.759999990463257,13847200.0,-0.028168988071767,-0.0285733456773239,0.0699999332427987,27.941182142309927,AMD
2015-03-13,2.740000009536743,2.7799999713897705,2.7100000381469727,2.75,2.75,8098100.0,-0.0036231849629747,-0.003629764595237,0.0699999332427978,27.536237893347437,AMD
2015-03-16,2.75,2.809999942779541,2.75,2.759999990463257,2.759999990463257,6132900.0,0.003636360168457,0.0036297645952369,0.059999942779541,23.076934363008007,AMD
2015-03-17,2.75,2.799999952316284,2.740000009536743,2.7699999809265137,2.7699999809265137,7742200.0,0.0036231849629746,0.0036166370397949,0.059999942779541,24.615394208556808,AMD
2015-03-18,2.7699999809265137,2.819999933242798,2.720000028610229,2.75,2.75,11385200.0,-0.0072202097704795,-0.007246401635032,0.0999999046325688,24.615394208556808,AMD
2015-03-19,2.759999990463257,2.7799999713897705,2.7300000190734863,2.740000009536743,2.740000009536743,8819400.0,-0.003636360168457,-0.0036429877979378,0.0499999523162841,20.634935051763307,AMD
2015-03-20,2.759999990463257,2.799999952316284,2.740000009536743,2.799999952316284,2.799999952316284,10764800.0,0.0218977892593823,0.0216614762707176,0.059999942779541,15.254224959680982,AMD
2015-03-23,2.809999942779541,2.8499999046325684,2.799999952316284,2.8399999141693115,2.8399999141693115,7450200.0,0.0142857009050794,0.0141846217997811,0.0499999523162841,23.2142659474372,AMD
2015-03-24,2.8499999046325684,2.8499999046325684,2.759999990463257,2.789999961853028,2.789999961853028,8724500.0,-0.0176056175448542,-0.0177624397905165,0.0899999141693115,24.999988537562658,AMD
2015-03-25,2.7799999713897705,2.789999961853028,2.559999942779541,2.630000114440918,2.630000114440918,26985300.0,-0.0573476163439956,-0.059057692457195,0.2300000190734867,21.311467080238444,AMD
2015-03-26,2.5899999141693115,2.700000047683716,2.5299999713897705,2.650000095367432,2.650000095367432,28286300.0,0.0076045551544645,0.0075757862825111,0.1700000762939453,26.315778466357088,AMD
2015-03-27,2.700000047683716,2.799999952316284,2.630000114440918,2.720000028610229,2.720000028610229,16844100.0,0.0264150681976074,0.026072214840532,0.1699998378753662,33.33332071858639,AMD
2015-03-30,2.7300000190734863,2.759999990463257,2.6600000858306885,2.700000047683716,2.700000047683716,8557500.0,-0.0073529340868176,-0.0073801001554537,0.0999999046325683,32.812487776384074,AMD
2015-03-31,2.6600000858306885,2.700000047683716,2.650000095367432,2.680000066757202,2.680000066757202,7025000.0,-0.0074074002123337,-0.0074349712387498,0.0499999523162837,36.20689655172412,AMD
2015-04-01,2.6600000858306885,2.75,2.650000095367432,2.690000057220459,2.690000057220459,11240500.0,0.0037313396321503,0.0037243954531247,0.0999999046325679,43.13725490196077,AMD
2015-04-02,2.6600000858306885,2.700000047683716,2.650000095367432,2.690000057220459,2.690000057220459,7047600.0,0.0,0.0,0.0499999523162837,43.99999999999998,AMD
2015-04-06,2.680000066757202,2.7300000190734863,2.680000066757202,2.700000047683716,2.700000047683716,8178500.0,0.003717468494625,0.003710575785625,0.0499999523162841,43.99999999999998,AMD
2015-04-07,2.700000047683716,2.740000009536743,2.690000057220459,2.700000047683716,2.700000047683716,5738100.0,0.0,0.0,0.0499999523162841,42.85714285714284,AMD
2015-04-08,2.680000066757202,2.740000009536743,2.680000066757202,2.7100000381469727,2.7100000381469727,4349000.0,0.0037037001061668,0.0036968582970643,0.059999942779541,45.83333333333332,AMD
2015-04-09,2.690000057220459,2.75,2.690000057220459,2.720000028610229,2.720000028610229,7127600.0,0.003690033329333,0.0036832418583892,0.059999942779541,47.916666666666615,AMD
2015-04-10,2.740000009536743,2.7799999713897705,2.7300000190734863,2.759999990463257,2.759999990463257,6184800.0,0.0147058681736358,0.0145987854473444,0.0499999523162841,45.65217391304347,AMD
2015-04-13,2.759999990463257,2.799999952316284,2.7300000190734863,2.7799999713897705,2.7799999713897705,8391500.0,0.0072463699259495,0.0072202411373793,0.0699999332427978,43.181818181818166,AMD
2015-04-14,2.7699999809265137,2.789999961853028,2.650000095367432,2.6700000762939453,2.6700000762939453,13364100.0,-0.0395683079956415,-0.0403724164244271,0.1399998664855957,37.99999999999994,AMD
2015-04-15,2.700000047683716,2.740000009536743,2.650000095367432,2.700000047683716,2.700000047683716,15281400.0,0.0112359440196763,0.0111732896842495,0.089999914169311,59.459459459459474,AMD
2015-04-16,2.720000028610229,2.940000057220459,2.700000047683716,2.869999885559082,2.869999885559082,28617300.0,0.0629629018048374,0.0610601992257259,0.2400000095367431,71.15384615384616,AMD
2015-04-17,2.539999961853028,2.5799999237060547,2.450000047683716,2.5799999237060547,2.5799999237060547,53185300.0,-0.1010452869047884,-0.1065226205344156,0.1299998760223388,40.54052747888627,AMD
2015-04-20,2.559999942779541,2.569999933242798,2.450000047683716,2.490000009536743,2.490000009536743,29164300.0,-0.0348836886940797,-0.0355066550555954,0.119999885559082,37.037026135403,AMD
2015-04-21,2.5299999713897705,2.5299999713897705,2.3499999046325684,2.3499999046325684,2.3499999046325684,31279400.0,-0.0562249415132417,-0.0578674267324526,0.1800000667572021,32.25804797650473,AMD
2015-04-22,2.3499999046325684,2.359999895095825,2.25,2.2799999713897705,2.2799999713897705,27634900.0,-0.0297872068440541,-0.0302398571561778,0.1099998950958252,29.292915183875,AMD
2015-04-23,2.2799999713897705,2.359999895095825,2.259999990463257,2.3299999237060547,2.3299999237060547,15130400.0,0.0219298039226758,0.021692804415423,0.0999999046325683,32.692292702966526,AMD
2015-04-24,2.359999895095825,2.380000114440918,2.299999952316284,2.299999952316284,2.299999952316284,15001200.0,-0.0128755246232167,-0.0129591326303726,0.0800001621246337,31.132061467039733,AMD
2015-04-27,2.299999952316284,2.359999895095825,2.289999961853028,2.3399999141693115,2.3399999141693115,13486900.0,0.0173912881227429,0.0172417904867746,0.0699999332427974,33.6363490553851,AMD
2015-04-28,2.359999895095825,2.369999885559082,2.309999942779541,2.309999942779541,2.309999942779541,11448700.0,-0.0128205010641722,-0.0129033929268875,0.059999942779541,32.14284345811005,AMD
2015-04-29,2.299999952316284,2.3299999237060547,2.2699999809265137,2.2799999713897705,2.2799999713897705,11870200.0,-0.0129870009233301,-0.0130720693449373,0.059999942779541,30.70174154408322,AMD
2015-04-30,2.2799999713897705,2.309999942779541,2.259999990463257,2.259999990463257,2.259999990463257,11465300.0,-0.0087719215690703,-0.0088106213536064,0.0499999523162841,27.67855964448364,AMD
2015-05-01,2.259999990463257,2.309999942779541,2.25,2.309999942779541,2.309999942779541,11662800.0,0.0221238727996786,0.0218826906985437,0.059999942779541,29.56520513234624,AMD
2015-05-04,2.309999942779541,2.359999895095825,2.299999952316284,2.309999942779541,2.309999942779541,9670100.0,0.0,0.0,0.059999942779541,32.692292702966526,AMD
2015-05-05,2.3399999141693115,2.3399999141693115,2.25,2.2799999713897705,2.2799999713897705,12371600.0,-0.0129870009233301,-0.0130720693449373,0.0899999141693115,29.80767864094007,AMD
2015-05-06,2.289999961853028,2.309999942779541,2.240000009536743,2.289999961853028,2.289999961853028,18492100.0,0.0043859607845353,0.0043763704900786,0.0699999332427978,17.045445309193852,AMD
2015-05-07,2.319999933242798,2.319999933242798,2.259999990463257,2.319999933242798,2.319999933242798,15015600.0,0.0131004244059003,0.0130153559954804,0.059999942779541,29.03224690026829,AMD
2015-05-08,2.3299999237060547,2.359999895095825,2.299999952316284,2.309999942779541,2.309999942779541,9758800.0,-0.0043103408409496,-0.0043196571406216,0.059999942779541,33.333318616129546,AMD
2015-05-11,2.309999942779541,2.3499999046325684,2.309999942779541,2.319999933242798,2.319999933242798,10046900.0,0.0043290003077767,0.0043196571406216,0.0399999618530273,46.34146341463415,AMD
2015-05-12,2.319999933242798,2.3499999046325684,2.299999952316284,2.3499999046325684,2.3499999046325684,10017500.0,0.0129310225228489,0.0128481306706189,0.0499999523162841,59.45945945945946,AMD
2015-05-13,2.359999895095825,2.380000114440918,2.3499999046325684,2.369999885559082,2.369999885559082,7575900.0,0.0085106305268725,0.0084746192855504,0.0300002098083496,55.88235294117647,AMD
2015-05-14,2.380000114440918,2.390000104904175,2.3299999237060547,2.3299999237060547,2.3299999237060547,8865100.0,-0.0168776218500075,-0.0170216720263053,0.0600001811981201,54.285714285714285,AMD
2015-05-15,2.3299999237060547,2.380000114440918,2.319999933242798,2.319999933242798,2.319999933242798,8054800.0,-0.0042918415410722,-0.0043010779298639,0.0600001811981201,46.875,AMD
2015-05-18,2.3499999046325684,2.359999895095825,2.3299999237060547,2.3499999046325684,2.3499999046325684,4732800.0,0.0129310225228489,0.0128481306706189,0.0299999713897705,56.25,AMD
2015-05-19,2.359999895095825,2.369999885559082,2.2799999713897705,2.2799999713897705,2.2799999713897705,9588400.0,-0.0297872068440541,-0.0302398571561778,0.0899999141693115,50.0,AMD
2015-05-20,2.299999952316284,2.3299999237060547,2.2799999713897705,2.319999933242798,2.319999933242798,6947700.0,0.0175438431381407,0.017391726485559,0.0499999523162841,57.89473684210526,AMD
2015-05-21,2.309999942779541,2.3499999046325684,2.2799999713897705,2.2799999713897705,2.2799999713897705,7127700.0,-0.0172413633637985,-0.017391726485559,0.0699999332427978,45.94594594594595,AMD
2015-05-22,2.299999952316284,2.309999942779541,2.2699999809265137,2.2799999713897705,2.2799999713897705,12845400.0,0.0,0.0,0.0399999618530273,45.94594594594595,AMD
2015-05-26,2.2699999809265137,2.2799999713897705,2.220000028610229,2.220000028610229,2.220000028610229,10007800.0,-0.0263157647072111,-0.0266682216463245,0.0599999427795414,42.49999999999996,AMD
2015-05-27,2.240000009536743,2.2799999713897705,2.200000047683716,2.2799999713897705,2.2799999713897705,17511000.0,0.0270270009037354,0.0266682216463244,0.0799999237060546,48.88888888888884,AMD
2015-05-28,2.2799999713897705,2.3299999237060547,2.2699999809265137,2.2699999809265137,2.2699999809265137,12354600.0,-0.0043859607845351,-0.0043956073271086,0.059999942779541,44.18604651162792,AMD
2015-05-29,2.2699999809265137,2.319999933242798,2.25,2.2799999713897705,2.2799999713897705,7750500.0,0.0044052821794189,0.0043956073271086,0.0699999332427978,46.51162790697676,AMD
2015-06-01,2.289999961853028,2.299999952316284,2.25,2.25,2.25,6803700.0,-0.0131578823536054,-0.0132452142016742,0.0499999523162841,42.22222222222224,AMD
2015-06-02,2.259999990463257,2.299999952316284,2.25,2.299999952316284,2.299999952316284,7106000.0,0.0222222010294597,0.0219788859867247,0.0499999523162841,44.68085106382979,AMD
2015-06-03,2.299999952316284,2.319999933242798,2.2799999713897705,2.2799999713897705,2.2799999713897705,8062300.0,-0.0086956440613714,-0.0087336717850504,0.0399999618530273,40.42553191489364,AMD
2015-06-04,2.2799999713897705,2.3299999237060547,2.259999990463257,2.3299999237060547,2.3299999237060547,11575800.0,0.0219298039226758,0.021692804415423,0.0699999332427978,50.0,AMD
2015-06-05,2.309999942779541,2.3399999141693115,2.289999961853028,2.3299999237060547,2.3299999237060547,7349700.0,0.0,0.0,0.0499999523162837,51.06382978723404,AMD
2015-06-08,2.309999942779541,2.3299999237060547,2.289999961853028,2.309999942779541,2.309999942779541,6212900.0,-0.0085836830821445,-0.0086207350704857,0.0399999618530269,45.65217391304349,AMD
2015-06-09,2.3499999046325684,2.359999895095825,2.2799999713897705,2.289999961853028,2.289999961853028,12282700.0,-0.0086580006155532,-0.0086956988548587,0.0799999237060546,51.21951219512201,AMD
2015-06-10,2.309999942779541,2.3499999046325684,2.299999952316284,2.319999933242798,2.319999933242798,8161200.0,0.0131004244059003,0.0130153559954804,0.0499999523162841,50.0,AMD
2015-06-11,2.3399999141693115,2.3499999046325684,2.309999942779541,2.319999933242798,2.319999933242798,7671000.0,0.0,0.0,0.0399999618530273,55.55555555555556,AMD
2015-06-12,2.309999942779541,2.3299999237060547,2.299999952316284,2.309999942779541,2.309999942779541,4557600.0,-0.0043103408409496,-0.0043196571406216,0.0299999713897705,54.05405405405405,AMD
2015-06-15,2.319999933242798,2.3499999046325684,2.289999961853028,2.319999933242798,2.319999933242798,8627800.0,0.0043290003077767,0.0043196571406216,0.0599999427795405,65.62500000000009,AMD
2015-06-16,2.319999933242798,2.369999885559082,2.319999933242798,2.3499999046325684,2.3499999046325684,9795000.0,0.0129310225228489,0.0128481306706189,0.0499999523162841,62.068965517241416,AMD
2015-06-17,2.369999885559082,2.539999961853028,2.3499999046325684,2.470000028610229,2.470000028610229,27497900.0,0.0510638846159541,0.0498028746487934,0.1900000572204594,75.00001490116654,AMD
2015-06-18,2.5,2.5899999141693115,2.4800000190734863,2.5199999809265137,2.5199999809265137,25400200.0,0.0202428954401339,0.0200407317315136,0.1099998950958252,77.27273958774165,AMD
2015-06-19,2.5299999713897705,2.5899999141693115,2.4600000381469727,2.5799999237060547,2.5799999237060547,25551700.0,0.0238095012832029,0.0235304754077409,0.1299998760223388,85.10639053386515,AMD
2015-06-22,2.609999895095825,2.6700000762939453,2.5799999237060547,2.619999885559082,2.619999885559082,19410100.0,0.0155038616418132,0.0153849047310359,0.0900001525878906,84.78261658284875,AMD
2015-06-23,2.619999885559082,2.640000104904175,2.549999952316284,2.609999895095825,2.609999895095825,17919600.0,-0.0038167904198678,-0.0038240929518339,0.0900001525878906,86.66667373092393,AMD
2015-06-24,2.5999999046325684,2.6600000858306885,2.569999933242798,2.619999885559082,2.619999885559082,17516700.0,0.0038314141245932,0.003824092951834,0.0900001525878906,85.36586216842367,AMD
2015-06-25,2.619999885559082,2.6600000858306885,2.569999933242798,2.5799999237060547,2.5799999237060547,18360200.0,-0.0152671616794715,-0.0153849047310358,0.0900001525878906,77.77778955153981,AMD
2015-06-26,2.539999961853028,2.549999952316284,2.369999885559082,2.470000028610229,2.470000028610229,97054200.0,-0.0426356195149865,-0.0435712071392545,0.1800000667572021,64.814830349641,AMD
2015-06-29,2.4100000858306885,2.4200000762939453,2.309999942779541,2.3399999141693115,2.3399999141693115,22971500.0,-0.0526316246700868,-0.0540672695331463,0.1100001335144043,53.84615102463155,AMD
2015-06-30,2.430000066757202,2.430000066757202,2.3499999046325684,2.400000095367432,2.400000095367432,19381300.0,0.02564110401663,0.0253178844005012,0.0800001621246337,55.88236428461989,AMD
2015-07-01,2.470000028610229,2.4800000190734863,2.359999895095825,2.4200000762939453,2.4200000762939453,19375000.0,0.0083333250549106,0.0082987946046891,0.1200001239776611,57.14286687422706,AMD
2015-07-02,2.430000066757202,2.630000114440918,2.390000104904175,2.5299999713897705,2.5299999713897705,31185900.0,0.0454545006726949,0.0444517197360194,0.2400000095367431,63.750002607703365,AMD
2015-07-06,2.4600000381469727,2.539999961853028,2.440000057220459,2.470000028610229,2.470000028610229,20349400.0,-0.0237153926711637,-0.0240011292080632,0.0999999046325688,58.82353601158767,AMD
2015-07-07,2.039999961853028,2.140000104904175,2.0199999809265137,2.0899999141693115,2.0899999141693115,46418700.0,-0.1538461983964949,-0.1670541373135707,0.1200001239776611,39.16666749450892,AMD
2015-07-08,2.069999933242798,2.069999933242798,2.009999990463257,2.009999990463257,2.009999990463257,15302900.0,-0.0382774770293956,-0.0390293075830677,0.059999942779541,30.17240954069068,AMD
2015-07-09,2.039999961853028,2.059999942779541,1.9299999475479128,1.9800000190734863,1.9800000190734863,23378200.0,-0.0149253589711989,-0.0150378629868183,0.1299999952316282,26.31578837295196,AMD
2015-07-10,2.0,2.0299999713897705,1.950000047683716,1.9600000381469729,1.9600000381469729,17520800.0,-0.0101010003706324,-0.0101523616343508,0.0799999237060544,21.81818457674413,AMD
2015-07-13,1.9700000286102293,1.9900000095367432,1.950000047683716,1.9600000381469729,1.9600000381469729,9080900.0,0.0,0.0,0.0399999618530271,18.86793004528603,AMD
2015-07-14,2.0299999713897705,2.059999942779541,1.9700000286102293,2.049999952316284,2.049999952316284,15812300.0,0.0459183226620747,0.0448952771848005,0.0899999141693117,25.4385961243173,AMD
2015-07-15,2.069999933242798,2.0899999141693115,1.950000047683716,1.9600000381469729,1.9600000381469729,13517800.0,-0.0439023981769467,-0.0448952771848004,0.1399998664855954,22.950821273976203,AMD
2015-07-16,1.9700000286102293,2.0,1.870000004768372,1.870000004768372,1.870000004768372,20653300.0,-0.0459183834831395,-0.0470060592887401,0.1299999952316279,22.04724424230801,AMD
2015-07-17,1.870000004768372,1.899999976158142,1.7400000095367432,1.7899999618530271,1.7899999618530271,28127100.0,-0.0427807715033958,-0.0437228348749214,0.1599999666213989,22.58064268034778,AMD
2015-07-20,1.820000052452088,1.840000033378601,1.7699999809265137,1.7999999523162842,1.7999999523162842,12142400.0,0.0055865869700382,0.00557103986966,0.0700000524520874,25.89285638259373,AMD
2015-07-21,1.820000052452088,1.830000042915344,1.7799999713897705,1.7999999523162842,1.7999999523162842,15034500.0,0.0,0.0,0.0500000715255735,21.698098566316688,AMD
2015-07-22,1.7999999523162842,1.809999942779541,1.7599999904632568,1.7899999618530271,1.7899999618530271,16043400.0,-0.0055555504045368,-0.00557103986966,0.0499999523162841,19.999986376077487,AMD
2015-07-23,1.7999999523162842,1.809999942779541,1.75,1.7599999904632568,1.7599999904632568,10641900.0,-0.0167597609101142,-0.016901794910049,0.059999942779541,10.309270748688576,AMD
2015-07-24,1.7599999904632568,1.7699999809265137,1.649999976158142,1.6699999570846558,1.6699999570846558,16478400.0,-0.0511363828785657,-0.0524902029006038,0.1200000047683715,9.999991655348737,AMD
2015-07-27,1.6699999570846558,1.7000000476837158,1.6100000143051147,1.6200000047683716,1.6200000047683716,11916500.0,-0.0299400919767506,-0.0303974485431205,0.090000033378601,14.925365167564737,AMD
2015-07-28,1.6200000047683716,1.7699999809265137,1.6200000047683716,1.7699999809265137,1.7699999809265137,14614600.0,0.0925925776028557,0.0885533836220248,0.1499999761581421,33.783778123735416,AMD
2015-07-29,1.7699999809265137,1.9900000095367432,1.7599999904632568,1.9600000381469729,1.9600000381469729,25582200.0,0.1073446662530486,0.1019649568954101,0.2300000190734863,48.888889771920816,AMD
2015-07-30,1.940000057220459,1.9900000095367432,1.8799999952316284,1.9299999475479128,1.9299999475479128,15837400.0,-0.0153061683750898,-0.0154245169656203,0.1100000143051147,48.35164331321666,AMD
2015-07-31,1.940000057220459,1.9900000095367432,1.919999957084656,1.9299999475479128,1.9299999475479128,7733700.0,0.0,0.0,0.0700000524520871,48.35164331321666,AMD
2015-08-03,1.9299999475479128,2.200000047683716,1.899999976158142,2.200000047683716,2.200000047683716,26218200.0,0.1398964287428303,0.1309374062991396,0.3000000715255737,56.880737356380166,AMD
2015-08-04,2.180000066757202,2.180000066757202,2.049999952316284,2.130000114440918,2.130000114440918,14328400.0,-0.0318181507843591,-0.0323353485892233,0.1300001144409179,57.9439275243287,AMD
2015-08-05,2.109999895095825,2.2100000381469727,2.0999999046325684,2.1600000858306885,2.1600000858306885,13236000.0,0.0140844928534873,0.0139862279830398,0.1100001335144043,64.35643809763236,AMD
2015-08-06,2.150000095367432,2.1700000762939453,2.0999999046325684,2.109999895095825,2.109999895095825,9475000.0,-0.0231482355314973,-0.0234203636621472,0.0700001716613769,66.32652291652019,AMD
2015-08-07,2.0999999046325684,2.140000104904175,2.059999942779541,2.0899999141693115,2.0899999141693115,7680800.0,-0.0094786644174715,-0.0095238728609517,0.0800001621246337,64.64645905149888,AMD
2015-08-10,1.919999957084656,1.9800000190734863,1.820000052452088,1.9299999475479128,1.9299999475479128,29926200.0,-0.0765550110967311,-0.0796440491698571,0.1599999666213987,55.65217265109284,AMD
2015-08-11,1.909999966621399,1.9299999475479128,1.8799999952316284,1.899999976158142,1.899999976158142,7479200.0,-0.015544027049268,-0.0156661021154981,0.0499999523162844,54.70085452668675,AMD
2015-08-12,1.8799999952316284,1.9299999475479128,1.840000033378601,1.899999976158142,1.899999976158142,8521200.0,0.0,0.0,0.0899999141693117,56.1403490426398,AMD
2015-08-13,1.899999976158142,1.909999966621399,1.7899999618530271,1.7899999618530271,1.7899999618530271,7839700.0,-0.0578947450975964,-0.059638275082543,0.1200000047683718,55.17241308436819,AMD
2015-08-14,1.7999999523162842,1.850000023841858,1.7899999618530271,1.840000033378601,1.840000033378601,6183400.0,0.0279330014475605,0.0275499912199327,0.0600000619888307,59.4827572032193,AMD
2015-08-17,1.820000052452088,1.8799999952316284,1.7999999523162842,1.7999999523162842,1.7999999523162842,9062400.0,-0.0217391740960292,-0.0219789513502727,0.0800000429153442,51.42856948229811,AMD
2015-08-18,1.7899999618530271,1.820000052452088,1.75,1.7999999523162842,1.7999999523162842,9751900.0,0.0,0.0,0.0700000524520876,40.697673451520494,AMD
2015-08-19,1.7999999523162842,1.809999942779541,1.7599999904632568,1.7999999523162842,1.7999999523162842,7441200.0,0.0,0.0,0.0499999523162841,42.16867764052435,AMD
2015-08-20,1.7899999618530271,1.7999999523162842,1.7000000476837158,1.7000000476837158,1.7000000476837158,13745700.0,-0.0555555040453673,-0.0571583592997508,0.0999999046325683,37.63441645846704,AMD
2015-08-21,1.6799999475479126,1.7999999523162842,1.6799999475479126,1.7799999713897705,1.7799999713897705,12529500.0,0.0470587773306572,0.0459850691194163,0.1200000047683715,21.62161683235149,AMD
2015-08-24,1.690000057220459,1.830000042915344,1.649999976158142,1.75,1.75,17217400.0,-0.0168539167820027,-0.0169975602954083,0.1800000667572019,22.85713653175243,AMD
2015-08-25,1.820000052452088,1.820000052452088,1.659999966621399,1.659999966621399,1.659999966621399,12097700.0,-0.0514285905020577,-0.052798205674562,0.1600000858306887,17.10526006208609,AMD
2015-08-26,1.690000057220459,1.7300000190734863,1.659999966621399,1.7200000286102295,1.7200000286102295,10715300.0,0.0361446163827032,0.0355067251983553,0.0700000524520874,24.67533271777991,AMD
2015-08-27,1.7400000095367432,1.840000033378601,1.7400000095367432,1.7799999713897705,1.7799999713897705,11839300.0,0.0348836870822737,0.0342890407716151,0.1000000238418579,30.864199711189727,AMD
2015-08-28,1.75,1.870000004768372,1.75,1.850000023841858,1.850000023841858,10924600.0,0.0393258727961851,0.038572303746893,0.120000004768372,44.44444996339281,AMD
2015-08-31,1.820000052452088,1.870000004768372,1.7899999618530271,1.809999942779541,1.809999942779541,6516000.0,-0.0216216651604411,-0.0218588383135034,0.0800000429153449,43.83561531986052,AMD
2015-09-01,1.7699999809265137,1.820000052452088,1.7100000381469729,1.7100000381469729,1.7100000381469729,8470700.0,-0.0552485678419428,-0.0568334208414811,0.1100000143051147,38.55422119354347,AMD
2015-09-02,1.75,1.7699999809265137,1.7200000286102295,1.7699999809265137,1.7699999809265137,6306100.0,0.0350876850532466,0.0344861429870172,0.0499999523162841,48.7179498935828,AMD
2015-09-03,1.7599999904632568,1.850000023841858,1.7599999904632568,1.7899999618530271,1.7899999618530271,7154200.0,0.0112994243740298,0.0112360627317486,0.090000033378601,46.66666136847516,AMD
2015-09-04,1.7599999904632568,1.840000033378601,1.7599999904632568,1.820000052452088,1.820000052452088,6725300.0,0.0167598275074845,0.0166209313670266,0.0800000429153442,51.35135831756362,AMD
2015-09-08,1.850000023841858,1.8799999952316284,1.830000042915344,1.8799999952316284,1.8799999952316284,6009500.0,0.0329670005771169,0.0324352443969581,0.0499999523162844,55.00000372529108,AMD
2015-09-09,1.899999976158142,1.9700000286102293,1.830000042915344,1.850000023841858,1.850000023841858,12612300.0,-0.0159574316307773,-0.0160861223277658,0.1399999856948852,53.01205321101787,AMD
2015-09-10,1.840000033378601,1.8799999952316284,1.830000042915344,1.840000033378601,1.840000033378601,4290400.0,-0.005405400180747,-0.005420062216286,0.0499999523162844,59.45945989484773,AMD
2015-09-11,1.8799999952316284,2.140000104904175,1.809999942779541,2.009999990463257,2.009999990463257,31010300.0,0.0923912793482413,0.0883691275648978,0.3300001621246338,63.85542410934854,AMD
2015-09-14,2.0,2.0,1.809999942779541,1.820000052452088,1.820000052452088,16458500.0,-0.0945273327923642,-0.0992981874178041,0.1900000572204589,53.53535657609692,AMD
2015-09-15,1.840000033378601,1.870000004768372,1.809999942779541,1.8600000143051147,1.8600000143051147,6524400.0,0.0219780003847445,0.0217399655074997,0.060000061988831,60.63830245938958,AMD
2015-09-16,1.870000004768372,1.899999976158142,1.850000023841858,1.8899999856948853,1.8899999856948853,4928300.0,0.0161290167521737,0.0160003260866754,0.0499999523162841,59.34065977252504,AMD
2015-09-17,1.899999976158142,1.940000057220459,1.870000004768372,1.8899999856948853,1.8899999856948853,5831600.0,0.0,0.0,0.0700000524520869,56.470590710228095,AMD
2015-09-18,1.870000004768372,1.919999957084656,1.850000023841858,1.870000004768372,1.870000004768372,11814000.0,-0.0105820005703121,-0.0106383880862803,0.069999933242798,51.24999925494171,AMD
2015-09-21,1.870000004768372,1.899999976158142,1.809999942779541,1.809999942779541,1.809999942779541,5377800.0,-0.0320855945646175,-0.0326116197522061,0.090000033378601,50.0,AMD
2015-09-22,1.7999999523162842,1.840000033378601,1.7200000286102295,1.7300000190734863,1.7300000190734863,9975200.0,-0.0441988542735544,-0.0452053941293965,0.1200000047683715,51.249999254941656,AMD
2015-09-23,1.7599999904632568,1.7799999713897705,1.690000057220459,1.7000000476837158,1.7000000476837158,9649200.0,-0.0173410237335356,-0.0174931404234094,0.0899999141693115,45.45454826940565,AMD
2015-09-24,1.6799999475479126,1.7300000190734863,1.659999966621399,1.7200000286102295,1.7200000286102295,11247700.0,0.0117646943326643,0.0116960283478013,0.0700000524520874,45.45454826940567,AMD
2015-09-25,1.75,1.75,1.6799999475479126,1.7100000381469729,1.7100000381469729,5644600.0,-0.0058139478470454,-0.0058309146364763,0.0700000524520874,42.6666622161844,AMD
2015-09-28,1.690000057220459,1.7000000476837158,1.659999966621399,1.659999966621399,1.659999966621399,5693100.0,-0.0292398072574057,-0.0296758105618788,0.0400000810623168,35.1351286043101,AMD
2015-09-29,1.6699999570846558,1.690000057220459,1.649999976158142,1.6699999570846558,1.6699999570846558,7005300.0,0.0060240907616462,0.0060060184699919,0.0400000810623168,37.499991721574695,AMD
2015-09-30,1.7000000476837158,1.7200000286102295,1.6799999475479126,1.7200000286102295,1.7200000286102295,5739500.0,0.0299401633595606,0.0295007067283634,0.0400000810623168,42.10526150679625,AMD
2015-10-01,1.7699999809265137,1.7699999809265137,1.7200000286102295,1.7400000095367432,1.7400000095367432,5531700.0,0.0116278956940911,0.0115608112481085,0.0499999523162841,27.868850216433277,AMD
2015-10-02,1.7599999904632568,1.830000042915344,1.7200000286102295,1.830000042915344,1.830000042915344,7146100.0,0.0517241568306441,0.0504308715970124,0.1100000143051145,50.98039124022071,AMD
2015-10-05,1.820000052452088,1.870000004768372,1.7699999809265137,1.7999999523162842,1.7999999523162842,7595600.0,-0.0163934917461898,-0.0165293518931715,0.1000000238418583,43.99999523162954,AMD
2015-10-06,1.7999999523162842,1.8600000143051147,1.7999999523162842,1.830000042915344,1.830000042915344,8558400.0,0.0166667174409949,0.0165293518931715,0.0600000619888305,44.00000858306473,AMD
2015-10-07,1.820000052452088,1.870000004768372,1.820000052452088,1.8600000143051147,1.8600000143051147,7859200.0,0.0163934266045033,0.0162605051116947,0.0499999523162844,47.16981514020356,AMD
2015-10-08,1.870000004768372,1.950000047683716,1.850000023841858,1.9299999475479128,1.9299999475479128,9198700.0,0.0376343724217387,0.0369434803235148,0.1000000238418581,55.17240741448687,AMD
2015-10-09,1.919999957084656,1.9600000381469729,1.8899999856948853,1.9600000381469729,1.9600000381469729,8629100.0,0.0155440888157409,0.0154245169656204,0.0700000524520876,63.63636757716525,AMD
2015-10-12,1.9600000381469729,1.9600000381469729,1.850000023841858,1.870000004768372,1.870000004768372,7686600.0,-0.0459183834831395,-0.0470060592887401,0.1100000143051149,62.49999201723941,AMD
2015-10-13,1.870000004768372,1.940000057220459,1.8600000143051147,1.919999957084656,1.919999957084656,6698400.0,0.0267379423469451,0.0263867302715214,0.0800000429153442,68.96550023173867,AMD
2015-10-14,1.919999957084656,1.9600000381469729,1.919999957084656,1.950000047683716,1.950000047683716,10184300.0,0.0156250475362573,0.0155042333408944,0.0400000810623168,69.49151412265459,AMD
2015-10-15,1.9700000286102293,2.059999942779541,1.950000047683716,1.9700000286102293,1.9700000286102293,27327100.0,0.0102564002243332,0.0102041602440131,0.1099998950958249,71.66665209665165,AMD
2015-10-16,2.0,2.0,1.8899999856948853,1.940000057220459,1.940000057220459,21544900.0,-0.0152284116518182,-0.0153455547025377,0.1100000143051147,74.13792713644015,AMD
2015-10-19,1.909999966621399,2.009999990463257,1.909999966621399,2.009999990463257,2.009999990463257,10670800.0,0.0360824387516207,0.0354467147560178,0.1000000238418579,76.5624933061214,AMD
2015-10-20,2.0,2.0299999713897705,1.9700000286102293,2.0199999809265137,2.0199999809265137,5584200.0,0.0049751196570662,0.0049627846444572,0.0599999427795412,74.99999006589496,AMD
2015-10-21,2.0199999809265137,2.119999885559082,2.009999990463257,2.0999999046325684,2.0999999046325684,14944100.0,0.0396039230007125,0.0388397973455201,0.1099998950958252,77.27271577872018,AMD
2015-10-22,2.0999999046325684,2.1600000858306885,2.0899999141693115,2.140000104904175,2.140000104904175,8208400.0,0.0190477152800658,0.0188685787380878,0.0700001716613769,75.40983061930379,AMD
2015-10-23,2.0999999046325684,2.2100000381469727,2.0999999046325684,2.2100000381469727,2.2100000381469727,9564200.0,0.0327102475754002,0.0321866547363336,0.1100001335144043,81.53846351352644,AMD
2015-10-26,2.2100000381469727,2.2100000381469727,2.119999885559082,2.150000095367432,2.150000095367432,6313500.0,-0.0271492949067317,-0.0275246462942193,0.0900001525878906,73.52941743642866,AMD
2015-10-27,2.119999885559082,2.1600000858306885,2.0999999046325684,2.150000095367432,2.150000095367432,5755600.0,0.0,0.0,0.0600001811981201,72.30769936149676,AMD
2015-10-28,2.140000104904175,2.200000047683716,2.119999885559082,2.180000066757202,2.180000066757202,6950600.0,0.0139534744460758,0.0138570209270513,0.0800001621246337,70.49181256938816,AMD
2015-10-29,2.150000095367432,2.180000066757202,2.109999895095825,2.130000114440918,2.130000114440918,4500400.0,-0.0229357572408978,-0.0232028739741041,0.0700001716613769,63.4920722022426,AMD
2015-10-30,2.140000104904175,2.150000095367432,2.119999885559082,2.119999885559082,2.119999885559082,4897100.0,-0.0046949428847616,-0.0047059987471082,0.03000020980835,72.72725893446419,AMD
2015-11-02,2.130000114440918,2.190000057220459,2.109999895095825,2.190000057220459,2.190000057220459,5858700.0,0.0330189506792906,0.032485535254118,0.0800001621246337,73.68420722412114,AMD
2015-11-03,2.1600000858306885,2.289999961853028,2.1600000858306885,2.2799999713897705,2.2799999713897705,8705800.0,0.0410958501451086,0.0402738604615303,0.1299998760223393,76.19046537784423,AMD
2015-11-04,2.2699999809265137,2.299999952316284,2.180000066757202,2.200000047683716,2.200000047683716,8205300.0,-0.0350876862762813,-0.0357180483793168,0.119999885559082,66.66666666666671,AMD
2015-11-05,2.2100000381469727,2.240000009536743,2.1700000762939453,2.200000047683716,2.200000047683716,4302200.0,0.0,0.0,0.0699999332427978,69.69696641296768,AMD
2015-11-06,2.190000057220459,2.2100000381469727,2.130000114440918,2.150000095367432,2.150000095367432,8997100.0,-0.0227272505602563,-0.0229894955421706,0.0799999237060546,60.937506402841706,AMD
2015-11-09,2.150000095367432,2.180000066757202,2.0999999046325684,2.109999895095825,2.109999895095825,6231200.0,-0.0186047434871257,-0.01877998872616,0.0800001621246337,56.71640835033994,AMD
2015-11-10,2.0899999141693115,2.0999999046325684,2.0199999809265137,2.0199999809265137,2.0199999809265137,6162200.0,-0.0426539898786223,-0.0435903957995621,0.0799999237060546,44.11765530859765,AMD
2015-11-11,2.0199999809265137,2.0899999141693115,2.0199999809265137,2.069999933242798,2.069999933242798,3532100.0,0.0247524518754453,0.0244510730566276,0.0699999332427978,44.92752421330513,AMD
2015-11-12,2.049999952316284,2.069999933242798,2.0,2.0,2.0,3576800.0,-0.0338163939614907,-0.0344013944674758,0.0699999332427978,34.78260719332978,AMD
2015-11-13,1.9900000095367432,2.039999961853028,1.940000057220459,1.9900000095367432,1.9900000095367432,5920200.0,-0.0049999952316284,-0.005012537031211,0.0999999046325688,37.49999534338785,AMD
2015-11-16,1.9900000095367432,2.0199999809265137,1.950000047683716,1.9900000095367432,1.9900000095367432,4149700.0,0.0,0.0,0.0699999332427976,37.49999534338785,AMD
2015-11-17,2.009999990463257,2.039999961853028,1.9700000286102293,1.9800000190734863,1.9800000190734863,5825100.0,-0.0050251208117253,-0.0050377891892164,0.0699999332427985,33.87096712169996,AMD
2015-11-18,1.9900000095367432,2.150000095367432,1.9800000190734863,2.119999885559082,2.119999885559082,9384700.0,0.0707070025944276,0.0683191803628368,0.1700000762939457,49.29575856728575,AMD
2015-11-19,2.0999999046325684,2.1600000858306885,2.0899999141693115,2.140000104904175,2.140000104904175,4704300.0,0.0094340662380829,0.0093898433520467,0.0700001716613769,51.3889040659969,AMD
2015-11-20,2.140000104904175,2.25,2.130000114440918,2.220000028610229,2.220000028610229,10727100.0,0.0373831400861714,0.0367013307172773,0.119999885559082,52.05479317835248,AMD
2015-11-23,2.220000028610229,2.240000009536743,2.180000066757202,2.220000028610229,2.220000028610229,4863200.0,0.0,0.0,0.059999942779541,45.31250349246035,AMD
2015-11-24,2.200000047683716,2.400000095367432,2.1700000762939453,2.3399999141693115,2.3399999141693115,15859700.0,0.0540540018074706,0.0526436839181493,0.2300000190734867,60.29411042850141,AMD
2015-11-25,2.359999895095825,2.400000095367432,2.309999942779541,2.380000114440918,2.380000114440918,6914800.0,0.0170941033071816,0.0169496430779734,0.090000152587891,62.500004139211285,AMD
2015-11-27,2.369999885559082,2.380000114440918,2.319999933242798,2.3299999237060547,2.3299999237060547,2606600.0,-0.0210084824918627,-0.0212323009343753,0.0600001811981201,62.49998344316033,AMD
2015-11-30,2.3399999141693115,2.369999885559082,2.25,2.359999895095825,2.359999895095825,9924400.0,0.0128755246232168,0.0127933397531701,0.119999885559082,67.60563285689916,AMD
2015-12-01,2.359999895095825,2.369999885559082,2.309999942779541,2.3399999141693115,2.3399999141693115,5646400.0,-0.0084745685659031,-0.0085106818967682,0.059999942779541,74.99999068677579,AMD
2015-12-02,2.309999942779541,2.3399999141693115,2.2300000190734863,2.2699999809265137,2.2699999809265137,7501700.0,-0.0299145024830684,-0.0303710695989336,0.1099998950958252,65.15151679351618,AMD
2015-12-03,2.25,2.309999942779541,2.200000047683716,2.2300000190734863,2.2300000190734863,7059900.0,-0.0176211287176756,-0.0177782290657341,0.1099998950958252,68.25396645186292,AMD
2015-12-04,2.2300000190734863,2.289999961853028,2.2100000381469727,2.2799999713897705,2.2799999713897705,4572600.0,0.0224215030890708,0.0221738363928428,0.0799999237060551,71.64178573360321,AMD
2015-12-07,2.259999990463257,2.359999895095825,2.2100000381469727,2.359999895095825,2.359999895095825,8479600.0,0.0350876862762812,0.034486144168593,0.1499998569488525,74.66665903727214,AMD
2015-12-08,2.3399999141693115,2.400000095367432,2.25,2.390000104904175,2.390000104904175,9055500.0,0.0127119538736808,0.0126318352497823,0.150000095367432,76.62337461276344,AMD
2015-12-09,2.369999885559082,2.400000095367432,2.319999933242798,2.3499999046325684,2.3499999046325684,8710000.0,-0.0167364847346775,-0.0168781222621975,0.0800001621246342,67.16416635767169,AMD
2015-12-10,2.359999895095825,2.5,2.3299999237060547,2.450000047683716,2.450000047683716,13069400.0,0.0425532540890816,0.0416727564451955,0.1700000762939453,70.66664971246738,AMD
2015-12-11,2.4100000858306885,2.470000028610229,2.359999895095825,2.359999895095825,2.359999895095825,11890000.0,-0.0367347554433636,-0.0374264694327804,0.1100001335144038,59.21050897927457,AMD
2015-12-14,2.359999895095825,2.390000104904175,2.299999952316284,2.3399999141693115,2.3399999141693115,7625700.0,-0.0084745685659031,-0.0085106818967682,0.0900001525878906,57.69229358471191,AMD
2015-12-15,2.3499999046325684,2.430000066757202,2.319999933242798,2.359999895095825,2.359999895095825,7423900.0,0.0085470007094481,0.0085106818967682,0.1100001335144043,51.470585141631,AMD
2015-12-16,2.390000104904175,2.549999952316284,2.369999885559082,2.539999961853028,2.539999961853028,19543600.0,0.0762712181179541,0.0735024914253558,0.1800000667572021,59.756080541221394,AMD
2015-12-17,2.5199999809265137,2.5999999046325684,2.5199999809265137,2.559999942779541,2.559999942779541,11374100.0,0.0078740083570405,0.007843170127777,0.0799999237060546,64.55695514896324,AMD
2015-12-18,2.509999990463257,2.549999952316284,2.4200000762939453,2.450000047683716,2.450000047683716,17988100.0,-0.0429687099822322,-0.0439191921203524,0.1299998760223388,55.17242040796416,AMD
2015-12-21,2.470000028610229,2.5299999713897705,2.430000066757202,2.5299999713897705,2.5299999713897705,6876600.0,0.0326530294485865,0.0321312474116611,0.0999999046325683,60.215053487780665,AMD
2015-12-22,2.549999952316284,2.7799999713897705,2.539999961853028,2.7699999809265137,2.7699999809265137,24893200.0,0.0948616649212479,0.0906280218824743,0.2400000095367427,72.72726484566954,AMD
2015-12-23,2.759999990463257,2.940000057220459,2.75,2.8299999237060547,2.8299999237060547,30365300.0,0.0216606293114385,0.0214293713826426,0.1900000572204589,76.78570136124192,AMD
2015-12-24,2.880000114440918,3.0,2.859999895095825,2.9200000762939453,2.9200000762939453,11890900.0,0.0318021749166799,0.0313069577120989,0.1400001049041748,77.58619803736387,AMD
2015-12-28,2.9100000858306885,3.0199999809265137,2.859999895095825,3.0,3.0,16050500.0,0.0273972334300725,0.0270286462598562,0.1600000858306884,77.58619803736387,AMD
2015-12-29,3.039999961853028,3.059999942779541,2.970000028610229,3.0,3.0,15300900.0,0.0,0.0,0.0899999141693119,76.9911373723116,AMD
2015-12-30,2.990000009536743,3.039999961853028,2.930000066757202,2.9800000190734863,2.9800000190734863,10046600.0,-0.0066666603088378,-0.0066889817502978,0.1099998950958256,78.37838011993097,AMD
2015-12-31,2.970000028610229,3.009999990463257,2.869999885559082,2.869999885559082,2.869999885559082,11086100.0,-0.0369127962450833,-0.0376113170211671,0.1400001049041748,68.74999068677529,AMD
2016-01-04,2.7699999809265137,2.819999933242798,2.630000114440918,2.7699999809265137,2.7699999809265137,32516800.0,-0.0348431737352101,-0.0354646765831326,0.1899998188018798,68.14159870857293,AMD
2016-01-05,2.7699999809265137,2.799999952316284,2.640000104904175,2.75,2.75,12972300.0,-0.0072202097704795,-0.007246401635032,0.1599998474121093,68.14159870857293,AMD
2016-01-06,2.6600000858306885,2.7100000381469727,2.470000028610229,2.509999990463257,2.509999990463257,23759400.0,-0.0872727307406339,-0.0913181623342867,0.2400000095367436,55.5555594801415,AMD
2016-01-07,2.430000066757202,2.4800000190734863,2.259999990463257,2.2799999713897705,2.2799999713897705,22203500.0,-0.091633474082618,-0.0961073189261901,0.2200000286102295,40.714285106074975,AMD
2016-01-08,2.359999895095825,2.4200000762939453,2.0999999046325684,2.140000104904175,2.140000104904175,31822400.0,-0.0614034509834923,-0.0633695523636016,0.3200001716613769,36.18421351893177,AMD
2016-01-11,2.1600000858306885,2.359999895095825,2.119999885559082,2.3399999141693115,2.3399999141693115,19629300.0,0.093457850215429,0.0893450146354267,0.2400000095367431,46.5838460567928,AMD
2016-01-12,2.400000095367432,2.4600000381469727,2.2799999713897705,2.390000104904175,2.390000104904175,17986100.0,0.0213676036619057,0.0211425171465504,0.1800000667572021,45.56962426437302,AMD
2016-01-13,2.400000095367432,2.450000047683716,2.2100000381469727,2.25,2.25,12749700.0,-0.0585774471795631,-0.0603631936200496,0.2400000095367431,32.432433303208825,AMD
2016-01-14,2.289999961853028,2.3499999046325684,2.2100000381469727,2.2100000381469727,2.2100000381469727,15666600.0,-0.0177777608235677,-0.0179376834255939,0.1399998664855957,28.767127761654592,AMD
2016-01-15,2.0999999046325684,2.130000114440918,1.9900000095367432,2.0299999713897705,2.0299999713897705,21199300.0,-0.0814479926019039,-0.084956753830748,0.1400001049041748,21.29031831342384,AMD
2016-01-19,2.0799999237060547,2.109999895095825,1.899999976158142,1.950000047683716,1.950000047683716,18978900.0,-0.039408829967266,-0.0402063819311438,0.2099999189376831,16.129032754253046,AMD
2016-01-20,1.809999942779541,1.950000047683716,1.75,1.7999999523162842,1.7999999523162842,29243600.0,-0.0769231239484367,-0.0800427586176774,0.200000047683716,14.705881940452286,AMD
2016-01-21,1.820000052452088,2.180000066757202,1.809999942779541,2.0899999141693115,2.0899999141693115,26387900.0,0.1611110941863349,0.1493773864982382,0.3700001239776611,27.41116517820457,AMD
2016-01-22,2.109999895095825,2.1700000762939453,1.9800000190734863,2.0199999809265137,2.0199999809265137,16245500.0,-0.0334927924007212,-0.0340665229386103,0.1900000572204589,27.97927512345265,AMD
2016-01-25,2.009999990463257,2.150000095367432,2.009999990463257,2.119999885559082,2.119999885559082,13080900.0,0.0495049037508907,0.0483185327315611,0.1400001049041752,33.16061779324191,AMD
2016-01-26,2.140000104904175,2.150000095367432,2.0299999713897705,2.069999933242798,2.069999933242798,11097400.0,-0.0235848844412075,-0.0238674596749334,0.1200001239776615,32.65305774899996,AMD
2016-01-27,2.0799999237060547,2.180000066757202,2.069999933242798,2.130000114440918,2.130000114440918,10833200.0,0.0289855957164817,0.0285734584220416,0.1100001335144043,39.32584600758037,AMD
2016-01-28,2.1600000858306885,2.1700000762939453,2.069999933242798,2.0799999237060547,2.0799999237060547,7118400.0,-0.0234742666894115,-0.0237541764160182,0.1000001430511474,43.74999906867751,AMD
2016-01-29,2.0899999141693115,2.200000047683716,2.069999933242798,2.200000047683716,2.200000047683716,11998100.0,0.0576923694130959,0.0560895250052416,0.1300001144409179,51.89873188509676,AMD
2016-02-01,2.1700000762939453,2.190000057220459,2.109999895095825,2.140000104904175,2.140000104904175,8816100.0,-0.0272727006723079,-0.0276515039842849,0.0800001621246337,43.055564753799786,AMD
2016-02-02,2.109999895095825,2.140000104904175,1.9600000381469729,1.9900000095367432,1.9900000095367432,11224100.0,-0.0700934990721172,-0.072671234525667,0.1800000667572019,37.012987616170975,AMD
2016-02-03,2.039999961853028,2.0799999237060547,1.950000047683716,2.069999933242798,2.069999933242798,9978600.0,0.0402009664938032,0.0394139314986868,0.1299998760223386,43.91891772160158,AMD
2016-02-04,2.059999942779541,2.1700000762939453,2.0299999713897705,2.0899999141693115,2.0899999141693115,8284800.0,0.0096618268461401,0.0096154498819826,0.1400001049041748,45.89040749156758,AMD
2016-02-05,2.059999942779541,2.0799999237060547,1.9800000190734863,1.9800000190734863,1.9800000190734863,7914400.0,-0.052631530915419,-0.054067170569886,0.0999999046325683,48.20144069990084,AMD
2016-02-08,1.9700000286102293,1.9800000190734863,1.870000004768372,1.9299999475479128,1.9299999475479128,11589000.0,-0.0252525611332924,-0.0255768785999711,0.1100000143051143,49.2647023375272,AMD
2016-02-09,1.8899999856948853,2.0,1.850000023841858,1.899999976158142,1.899999976158142,14991500.0,-0.015544027049268,-0.0156661021154981,0.1499999761581421,54.03225860722225,AMD
2016-02-10,1.919999957084656,1.9800000190734863,1.830000042915344,1.840000033378601,1.840000033378601,9466100.0,-0.0315789176486531,-0.0320882838626102,0.1499999761581423,37.62376962158136,AMD
2016-02-11,1.820000052452088,1.940000057220459,1.809999942779541,1.8600000143051147,1.8600000143051147,7858300.0,0.0108695546541865,0.0108109056545937,0.1300001144409179,41.66666977107474,AMD
2016-02-12,1.8899999856948853,1.909999966621399,1.820000052452088,1.830000042915344,1.830000042915344,9957300.0,-0.0161290167521738,-0.0162605051116948,0.0899999141693113,33.70787811134491,AMD
2016-02-16,1.8600000143051147,1.899999976158142,1.820000052452088,1.830000042915344,1.830000042915344,11853400.0,0.0,0.0,0.0799999237060544,35.71429686481089,AMD
2016-02-17,1.850000023841858,1.940000057220459,1.850000023841858,1.899999976158142,1.899999976158142,13770200.0,0.038251328743841,0.0375378833197114,0.090000033378601,36.47058048050319,AMD
2016-02-18,1.9299999475479128,1.9800000190734863,1.899999976158142,1.909999966621399,1.909999966621399,10823400.0,0.0052631529414421,0.0052493509587825,0.0800000429153442,39.50617320289381,AMD
2016-02-19,1.9299999475479128,1.9299999475479128,1.830000042915344,1.909999966621399,1.909999966621399,7784100.0,0.0,0.0,0.0999999046325688,28.985492223145386,AMD
2016-02-22,1.940000057220459,2.039999961853028,1.9299999475479128,2.009999990463257,2.009999990463257,9895500.0,0.0523560343400151,0.0510314927435049,0.1100000143051149,41.0958798970946,AMD
2016-02-23,2.039999961853028,2.059999942779541,1.9700000286102293,1.9700000286102293,1.9700000286102293,6710600.0,-0.0199004786282653,-0.02010116005348,0.0899999141693117,48.38709739442952,AMD
2016-02-24,1.9800000190734863,2.039999961853028,1.9299999475479128,2.0199999809265137,2.0199999809265137,6906200.0,0.0253806860863641,0.0250639446979374,0.1100000143051149,45.762713576692846,AMD
2016-02-25,2.0199999809265137,2.039999961853028,1.9800000190734863,2.0299999713897705,2.0299999713897705,5614400.0,0.0049504903750889,0.0049382769891932,0.0599999427795414,44.82758833310383,AMD
2016-02-26,2.039999961853028,2.0999999046325684,2.0299999713897705,2.069999933242798,2.069999933242798,7911500.0,0.0197044149836331,0.0195127960674344,0.0699999332427978,58.82352528687377,AMD
2016-02-29,2.059999942779541,2.150000095367432,2.049999952316284,2.140000104904175,2.140000104904175,11400300.0,0.0338165091395519,0.0332573030269802,0.1000001430511479,69.81134112512451,AMD
2016-03-01,2.1600000858306885,2.200000047683716,2.119999885559082,2.180000066757202,2.180000066757202,9011200.0,0.0186915700430858,0.0185190293691656,0.0800001621246337,75.9259418695598,AMD
2016-03-02,2.200000047683716,2.3299999237060547,2.180000066757202,2.319999933242798,2.319999933242798,10845700.0,0.0642201202745138,0.0622422494799951,0.1499998569488525,88.70968393183144,AMD
2016-03-03,2.319999933242798,2.549999952316284,2.299999952316284,2.4600000381469727,2.4600000381469727,22092400.0,0.0603448745399266,0.0585942085476087,0.25,90.54054815983514,AMD
2016-03-04,2.4200000762939453,2.5,2.3399999141693115,2.369999885559082,2.369999885559082,15449000.0,-0.0365854273139297,-0.0372714585914392,0.1600000858306884,83.74998714774961,AMD
2016-03-07,2.359999895095825,2.470000028610229,2.359999895095825,2.470000028610229,2.470000028610229,8754300.0,0.04219415522358,0.0413282553632428,0.1100001335144038,85.55554628372411,AMD
2016-03-08,2.440000057220459,2.4600000381469727,2.299999952316284,2.299999952316284,2.299999952316284,10026900.0,-0.0688259410221938,-0.0713090600199209,0.1600000858306884,69.99999165535273,AMD
2016-03-09,2.319999933242798,2.3499999046325684,2.200000047683716,2.259999990463257,2.259999990463257,13082400.0,-0.0173912881227428,-0.0175442931386567,0.1499998569488525,66.99028699222212,AMD
2016-03-10,2.289999961853028,2.309999942779541,2.150000095367432,2.259999990463257,2.259999990463257,9603500.0,0.0,0.0,0.1599998474121089,66.99028699222212,AMD
2016-03-11,2.289999961853028,2.539999961853028,2.289999961853028,2.5199999809265137,2.5199999809265137,21382400.0,0.1150442440532761,0.1088940848900914,0.25,71.42856570423723,AMD
2016-03-14,2.5299999713897705,2.75,2.5,2.720000028610229,2.720000028610229,33848000.0,0.0793650988878906,0.0763729968718843,0.25,77.77776992860868,AMD
2016-03-15,2.6700000762939453,2.690000057220459,2.450000047683716,2.490000009536743,2.490000009536743,21573600.0,-0.0845588296522935,-0.0883491765197389,0.2400000095367431,65.35947355946524,AMD
2016-03-16,2.5,2.640000104904175,2.490000009536743,2.630000114440918,2.630000114440918,13015700.0,0.0562249415132418,0.0547011753966957,0.1500000953674316,68.07228733967614,AMD
2016-03-17,2.7699999809265137,2.809999942779541,2.700000047683716,2.799999952316284,2.799999952316284,29000800.0,0.0646387188129475,0.0626355104479304,0.1099998950958252,70.39105698788703,AMD
2016-03-18,2.799999952316284,2.930000066757202,2.7699999809265137,2.930000066757202,2.930000066757202,26330500.0,0.0464286130910023,0.045383045661744,0.1600000858306884,71.35134591770773,AMD
2016-03-21,2.900000095367432,2.900000095367432,2.75,2.799999952316284,2.799999952316284,13464900.0,-0.0443686387300312,-0.045383045661744,0.150000095367432,65.97937409486994,AMD
2016-03-22,2.7300000190734863,2.8499999046325684,2.7100000381469727,2.789999961853028,2.789999961853028,10315800.0,-0.0035714252262697,-0.0035778179907353,0.1399998664855957,62.983421484509485,AMD
2016-03-23,2.799999952316284,2.8299999237060547,2.680000066757202,2.680000066757202,2.680000066757202,10167100.0,-0.039426486236497,-0.0402247627283554,0.1499998569488525,56.17977452841018,AMD
2016-03-24,2.690000057220459,2.809999942779541,2.619999885559082,2.789999961853028,2.789999961853028,10040200.0,0.0410447359536545,0.0402247627283555,0.1900000572204589,61.66666754969837,AMD
2016-03-28,2.809999942779541,2.8399999141693115,2.7300000190734863,2.7799999713897705,2.7799999713897705,7683700.0,-0.0035842260214998,-0.003590664749428,0.1099998950958252,59.064325610058766,AMD
2016-03-29,2.740000009536743,2.880000114440918,2.700000047683716,2.859999895095825,2.859999895095825,13616200.0,0.0287769512695574,0.0283706707408829,0.1800000667572021,67.28395007220257,AMD
2016-03-30,2.880000114440918,2.9800000190734863,2.8499999046325684,2.859999895095825,2.859999895095825,14945900.0,0.0,0.0,0.1300001144409179,68.9873396710427,AMD
2016-03-31,2.8399999141693115,2.880000114440918,2.799999952316284,2.8499999046325684,2.8499999046325684,9071500.0,-0.0034965002902287,-0.0035026273336772,0.0800001621246337,68.55345742196327,AMD
2016-04-01,2.789999961853028,2.880000114440918,2.759999990463257,2.8299999237060547,2.8299999237060547,8257700.0,-0.0070175374020203,-0.0070422761221472,0.1200001239776611,61.481480173286165,AMD
2016-04-04,2.8299999237060547,2.869999885559082,2.799999952316284,2.8299999237060547,2.8299999237060547,5591100.0,0.0,0.0,0.0699999332427978,54.78260472952032,AMD
2016-04-05,2.759999990463257,2.8399999141693115,2.720000028610229,2.759999990463257,2.759999990463257,9640200.0,-0.0247349594098676,-0.0250460084224377,0.1199998855590824,63.63636582569911,AMD
2016-04-06,2.75,2.799999952316284,2.720000028610229,2.799999952316284,2.799999952316284,12534600.0,0.0144927398518988,0.0143887238775426,0.0799999237060551,59.55055668082623,AMD
2016-04-07,2.759999990463257,2.8299999237060547,2.609999895095825,2.640000104904175,2.640000104904175,13479200.0,-0.057142803620318,-0.0588404432566057,0.2200000286102295,40.90909583509664,AMD
2016-04-08,2.700000047683716,2.759999990463257,2.680000066757202,2.740000009536743,2.740000009536743,8489000.0,0.0378787502495945,0.0371789669858882,0.0799999237060546,38.823518522050655,AMD
2016-04-11,2.759999990463257,2.819999933242798,2.740000009536743,2.759999990463257,2.759999990463257,9045100.0,0.0072992630864607,0.0072727523931748,0.0799999237060546,47.2972972972973,AMD
2016-04-12,2.789999961853028,2.8499999046325684,2.759999990463257,2.809999942779541,2.809999942779541,16131900.0,0.0181159248148736,0.0179537867087847,0.0899999141693115,51.282051282051256,AMD
2016-04-13,2.7799999713897705,2.819999933242798,2.7300000190734863,2.799999952316284,2.799999952316284,8048000.0,-0.0035587155398179,-0.0035650628312419,0.0899999141693115,58.823529411764696,AMD
2016-04-14,2.7699999809265137,2.789999961853028,2.700000047683716,2.720000028610229,2.720000028610229,8985300.0,-0.0285714018101591,-0.028987509324887,0.0899999141693119,44.61538461538456,AMD
2016-04-15,2.720000028610229,2.75,2.680000066757202,2.700000047683716,2.700000047683716,7487500.0,-0.0073529340868176,-0.0073801001554537,0.0699999332427978,43.93939393939394,AMD
2016-04-18,2.6700000762939453,2.799999952316284,2.650000095367432,2.759999990463257,2.759999990463257,8938800.0,0.0222222006370014,0.0219788856027981,0.1499998569488521,42.1875,AMD
2016-04-19,2.7799999713897705,2.7799999713897705,2.609999895095825,2.619999885559082,2.619999885559082,11719900.0,-0.0507246758651894,-0.052056402180452,0.1700000762939453,34.615374034671575,AMD
2016-04-20,2.619999885559082,2.720000028610229,2.609999895095825,2.700000047683716,2.700000047683716,7926100.0,0.0305344143584047,0.0300775165776539,0.1100001335144038,41.17647553810394,AMD
2016-04-21,2.650000095367432,2.700000047683716,2.5999999046325684,2.619999885559082,2.619999885559082,13957200.0,-0.0296296891525111,-0.0300775165776539,0.1000001430511474,38.461534430792575,AMD
2016-04-22,3.190000057220459,3.990000009536743,3.180000066757202,3.990000009536743,3.990000009536743,143265300.0,0.5229008335186689,0.4206169591986684,0.809999942779541,75.43859869269235,AMD
2016-04-25,3.809999942779541,3.819999933242798,3.309999942779541,3.450000047683716,3.450000047683716,80607900.0,-0.1353383359805364,-0.1454169884272981,0.5099999904632568,62.54545558582653,AMD
2016-04-26,3.450000047683716,3.75,3.440000057220459,3.660000085830689,3.660000085830689,36336900.0,0.0608695754331842,0.0590889259996473,0.309999942779541,64.7260292987032,AMD
2016-04-27,3.549999952316284,3.75,3.5299999713897705,3.7300000190734863,3.7300000190734863,24186800.0,0.0191256643719204,0.0189450679049769,0.2200000286102295,69.25794791034552,AMD
2016-04-28,3.690000057220459,3.799999952316284,3.5999999046325684,3.609999895095825,3.609999895095825,20230000.0,-0.0321716148429052,-0.0327004954837984,0.2000000476837158,65.26315384404315,AMD
2016-04-29,3.690000057220459,3.690000057220459,3.450000047683716,3.549999952316284,3.549999952316284,17717800.0,-0.0166204832473958,-0.0167601532301691,0.2400000095367431,63.6678177855289,AMD
2016-05-02,3.5799999237060547,3.75,3.569999933242798,3.740000009536743,3.740000009536743,16972800.0,0.0535211435979001,0.05213802392108,0.1800000667572021,65.34653348486157,AMD
2016-05-03,3.700000047683716,3.7100000381469727,3.5799999237060547,3.5999999046325684,3.5999999046325684,13784800.0,-0.0374331830340064,-0.0381517950052611,0.1300001144409179,62.6582248396956,AMD
2016-05-04,3.539999961853028,3.670000076293945,3.539999961853028,3.5999999046325684,3.5999999046325684,8688500.0,0.0,0.0,0.130000114440917,64.28570930944628,AMD
2016-05-05,3.640000104904175,3.799999952316284,3.609999895095825,3.660000085830689,3.660000085830689,21529600.0,0.0166667174409951,0.0165293518931717,0.1900000572204589,65.38461185771428,AMD
2016-05-06,3.650000095367432,3.75,3.640000104904175,3.680000066757202,3.680000066757202,11839300.0,0.0054644755348343,0.0054495994571009,0.1099998950958252,64.93506191914517,AMD
2016-05-09,3.660000085830689,3.680000066757202,3.450000047683716,3.650000095367432,3.650000095367432,16299400.0,-0.0081521659906397,-0.00818557659892,0.2300000190734863,67.34006652920274,AMD
2016-05-10,3.660000085830689,3.680000066757202,3.559999942779541,3.640000104904175,3.640000104904175,9415100.0,-0.0027397233430073,-0.0027434832539862,0.1200001239776611,66.2068943404702,AMD
2016-05-11,3.609999895095825,3.680000066757202,3.5999999046325684,3.650000095367432,3.650000095367432,7540300.0,0.0027472500480931,0.0027434832539862,0.0800001621246337,68.19788098988684,AMD
2016-05-12,3.650000095367432,3.680000066757202,3.549999952316284,3.5899999141693115,3.5899999141693115,9255800.0,-0.0164384053782005,-0.0165750151305458,0.1300001144409179,36.84210608870675,AMD
2016-05-13,3.559999942779541,3.7300000190734863,3.549999952316284,3.670000076293945,3.670000076293945,16470100.0,0.022284168255515,0.0220395042631021,0.1800000667572021,60.3773533979687,AMD
2016-05-16,3.670000076293945,3.849999904632568,3.650000095367432,3.7899999618530273,3.7899999618530273,14703800.0,0.0326975158213787,0.032174326174151,0.1999998092651358,56.70102104546736,AMD
2016-05-17,3.799999952316284,3.9800000190734863,3.690000057220459,3.7899999618530273,3.7899999618530273,20066100.0,0.0,0.0,0.2899999618530273,53.33332803514605,AMD
2016-05-18,3.7899999618530273,3.9700000286102295,3.7699999809265137,3.839999914169312,3.839999914169312,19487500.0,0.0131925996885335,0.0131063352187229,0.2000000476837158,63.8554161493752,AMD
2016-05-19,3.829999923706055,3.849999904632568,3.690000057220459,3.7699999809265137,3.7699999809265137,17696900.0,-0.018229149689432,-0.0183973478472544,0.1599998474121089,63.09523370260756,AMD
2016-05-20,3.829999923706055,3.900000095367432,3.809999942779541,3.869999885559082,3.869999885559082,13799600.0,0.0265251737767893,0.0261794810697541,0.090000152587891,58.6666556464336,AMD
2016-05-23,3.900000095367432,4.199999809265137,3.880000114440918,4.039999961853027,4.039999961853027,35467000.0,0.0439276695920072,0.0429902050603452,0.3199996948242187,78.20512428634913,AMD
2016-05-24,4.090000152587891,4.210000038146973,3.920000076293945,4.199999809265137,4.199999809265137,34283900.0,0.0396039230007125,0.0388397973455201,0.2899999618530278,81.91488660153607,AMD
2016-05-25,4.239999771118164,4.349999904632568,4.150000095367432,4.179999828338623,4.179999828338623,24703600.0,-0.0047619004368509,-0.0047732744069098,0.1999998092651367,78.88887917553777,AMD
2016-05-26,4.190000057220459,4.380000114440918,4.170000076293945,4.349999904632568,4.349999904632568,22625700.0,0.0406698763816728,0.039864617707696,0.2100000381469726,81.90475563343387,AMD
2016-05-27,4.389999866485596,4.630000114440918,4.369999885559082,4.599999904632568,4.599999904632568,34429600.0,0.05747126562779,0.0558804595859536,0.2600002288818359,87.40156785561813,AMD
2016-05-31,4.670000076293945,4.710000038146973,4.5,4.570000171661377,4.570000171661377,25379200.0,-0.0065216812159015,-0.0065430402942215,0.2100000381469726,86.04652194347773,AMD
2016-06-01,4.599999904632568,4.639999866485596,4.380000114440918,4.429999828338623,4.429999828338623,29696400.0,-0.0306346472787676,-0.0311136971614801,0.2599997520446777,77.46477785434031,AMD
2016-06-02,4.369999885559082,4.400000095367432,4.070000171661377,4.239999771118164,4.239999771118164,35335000.0,-0.0428894050977231,-0.0438363300449971,0.3299999237060547,70.96773796597566,AMD
2016-06-03,4.159999847412109,4.199999809265137,4.079999923706055,4.159999847412109,4.159999847412109,17561800.0,-0.018867907552966,-0.01904817766891,0.119999885559082,65.8064471472058,AMD
2016-06-06,4.199999809265137,4.510000228881836,4.170000076293945,4.46999979019165,4.46999979019165,21329600.0,0.0745192197476614,0.0718733240950955,0.3400001525878906,69.5402275226059,AMD
2016-06-07,4.559999942779541,4.670000076293945,4.46999979019165,4.510000228881836,4.510000228881836,20676200.0,0.008948644422301,0.0089088425759529,0.2000002861022949,70.22472421804741,AMD
2016-06-08,4.539999961853027,4.559999942779541,4.380000114440918,4.460000038146973,4.460000038146973,16074300.0,-0.0110865162300135,-0.0111484296793329,0.179999828338623,67.4157294340922,AMD
2016-06-09,4.409999847412109,4.539999961853027,4.320000171661377,4.519999980926514,4.519999980926514,16219100.0,0.0134529018534423,0.0133632150392362,0.2199997901916504,71.18643519865516,AMD
2016-06-10,4.400000095367432,4.46999979019165,4.300000190734863,4.320000171661377,4.320000171661377,15106500.0,-0.0442477455993574,-0.0452565476318939,0.1699995994567871,62.03209087953488,AMD
2016-06-13,4.320000171661377,4.480000019073486,4.320000171661377,4.400000095367432,4.400000095367432,13500700.0,0.018518500122024,0.0183491206061836,0.1599998474121093,60.112362109023714,AMD
2016-06-14,4.400000095367432,4.510000228881836,4.329999923706055,4.389999866485596,4.389999866485596,16757400.0,-0.0022727792420651,-0.0022753659248559,0.1800003051757812,55.82822049995334,AMD
2016-06-15,4.440000057220459,4.480000019073486,4.300000190734863,4.420000076293945,4.420000076293945,11575300.0,0.0068337609842266,0.0068105166769045,0.179999828338623,57.31707707109319,AMD
2016-06-16,4.5,4.75,4.460000038146973,4.75,4.75,34182700.0,0.0746606149343669,0.0720049046958696,0.2899999618530273,61.11110963939203,AMD
2016-06-17,4.75,5.269999980926514,4.679999828338623,5.260000228881836,5.260000228881836,64894100.0,0.1073684692382812,0.1019864522167247,0.5900001525878906,66.01941837465728,AMD
2016-06-20,5.389999866485596,5.449999809265137,5.090000152587891,5.099999904632568,5.099999904632568,43541300.0,-0.0304183112713057,-0.030890549232491,0.3599996566772461,62.10044230426719,AMD
2016-06-21,5.099999904632568,5.5,5.090000152587891,5.449999809265137,5.449999809265137,35864600.0,0.0686274335641941,0.0663750526471458,0.4099998474121094,71.24999031424946,AMD
2016-06-22,5.460000038146973,5.519999980926514,4.960000038146973,5.019999980926514,5.019999980926514,47943300.0,-0.0788990538325546,-0.0821856437737908,0.559999942779541,64.772726656977,AMD
2016-06-23,5.170000076293945,5.260000228881836,5.050000190734863,5.210000038146973,5.210000038146973,29159200.0,0.0378486171199927,0.0371499331830126,0.2100000381469726,69.09090593826781,AMD
2016-06-24,4.820000171661377,5.070000171661377,4.760000228881836,4.880000114440918,4.880000114440918,36735200.0,-0.0633397161784714,-0.0654346197710879,0.309999942779541,57.400725377523216,AMD
2016-06-27,4.880000114440918,5.050000190734863,4.650000095367432,4.71999979019165,4.71999979019165,31025300.0,-0.0327869509215366,-0.0333364881695217,0.4000000953674316,53.633209372206935,AMD
2016-06-28,4.949999809265137,5.190000057220459,4.909999847412109,5.119999885559082,5.119999885559082,29221400.0,0.084745786683857,0.0813456615531328,0.2800002098083496,60.18518055199481,AMD
2016-06-29,5.309999942779541,5.400000095367432,5.099999904632568,5.130000114440918,5.130000114440918,33118300.0,0.0019531697471404,0.0019512647911747,0.3000001907348633,59.561127589475326,AMD
2016-06-30,5.130000114440918,5.190000057220459,4.949999809265137,5.139999866485596,5.139999866485596,26124800.0,0.0019492693609359,0.0019473720006593,0.2400002479553222,63.66665723589031,AMD
2016-07-01,5.090000152587891,5.139999866485596,5.0,5.070000171661377,5.070000171661377,18255900.0,-0.0136186180238327,-0.0137122020301574,0.1399998664855957,61.20401193783066,AMD
2016-07-05,5.03000020980835,5.050000190734863,4.880000114440918,4.960000038146973,4.960000038146973,16332500.0,-0.021696278065087,-0.0219351030335929,0.1700000762939453,59.22330186980312,AMD
2016-07-06,4.909999847412109,5.110000133514404,4.900000095367432,5.039999961853027,5.039999961853027,19392900.0,0.0161290167521737,0.0160003260866754,0.2100000381469726,59.87260856320476,AMD
2016-07-07,5.070000171661377,5.099999904632568,4.940000057220459,5.019999980926514,5.019999980926514,15813800.0,-0.0039682502138671,-0.0039761446102948,0.1599998474121093,54.77031700904861,AMD
2016-07-08,4.840000152587891,5.150000095367432,4.820000171661377,5.099999904632568,5.099999904632568,28140700.0,0.0159362398426323,0.0158105911266449,0.3299999237060547,46.66666004392862,AMD
2016-07-11,5.130000114440918,5.190000057220459,5.0,5.010000228881836,5.010000228881836,21027900.0,-0.0176469955752315,-0.0178045602490138,0.1900000572204589,48.06867602754851,AMD
2016-07-12,5.010000228881836,5.170000076293945,5.010000228881836,5.139999866485596,5.139999866485596,20832500.0,0.0259480302724006,0.0256170927097388,0.1599998474121093,42.65402693656413,AMD
2016-07-13,5.139999866485596,5.190000057220459,5.039999961853027,5.090000152587891,5.090000152587891,14032500.0,-0.009727571049898,-0.0097751929511028,0.1500000953674316,52.02312744155227,AMD
2016-07-14,5.150000095367432,5.239999771118164,5.059999942779541,5.170000076293945,5.170000076293945,20050100.0,0.0157170768777641,0.0155948427369816,0.179999828338623,48.76543246215324,AMD
2016-07-15,5.199999809265137,5.199999809265137,5.099999904632568,5.139999866485596,5.139999866485596,14219300.0,-0.0058027484266218,-0.0058196497858786,0.0999999046325683,59.8484812908134,AMD
2016-07-18,5.190000057220459,5.570000171661377,5.130000114440918,5.510000228881836,5.510000228881836,38619400.0,0.0719845081726087,0.069511611212667,0.440000057220459,75.81702035223012,AMD
2016-07-19,5.5,5.550000190734863,5.340000152587891,5.409999847412109,5.409999847412109,23439600.0,-0.0181488888050409,-0.0183156000505713,0.2100000381469726,61.78862072280786,AMD
2016-07-20,5.480000019073486,5.5,5.400000095367432,5.409999847412109,5.409999847412109,20102400.0,0.0,0.0,0.0999999046325683,61.47540535089763,AMD
2016-07-21,5.429999828338623,5.449999809265137,5.099999904632568,5.21999979019165,5.21999979019165,40242000.0,-0.035120159441658,-0.0357517029522279,0.3499999046325683,52.8571409108682,AMD
2016-07-22,5.730000019073486,5.96999979019165,5.449999809265137,5.840000152587891,5.840000152587891,101838300.0,0.1187740205586247,0.1122334612668226,0.5199999809265137,69.74358635776426,AMD
2016-07-25,5.929999828338623,6.949999809265137,5.920000076293945,6.699999809265137,6.699999809265137,118328600.0,0.1472602113368357,0.137376674960831,1.0299997329711914,82.22222025992926,AMD
2016-07-26,6.760000228881836,7.159999847412109,6.710000038146973,6.980000019073486,6.980000019073486,81230600.0,0.0417910772805021,0.0409414215778422,0.4499998092651367,83.4482757486713,AMD
2016-07-27,6.929999828338623,6.980000019073486,6.679999828338623,6.849999904632568,6.849999904632568,38567300.0,-0.0186246581784642,-0.0188002811549911,0.3000001907348633,80.39866751747505,AMD
2016-07-28,6.789999961853027,6.980000019073486,6.739999771118164,6.820000171661377,6.820000171661377,27515600.0,-0.0043795231224605,-0.0043891413262207,0.2400002479553222,79.05405819024192,AMD
2016-07-29,6.880000114440918,6.960000038146973,6.75,6.860000133514404,6.860000133514404,22580500.0,0.0058650968982723,0.0058479641748745,0.2100000381469726,81.78693640025347,AMD
2016-08-01,6.889999866485596,6.920000076293945,6.570000171661377,6.639999866485596,6.639999866485596,26729000.0,-0.032070009146793,-0.0325955178197835,0.3499999046325683,74.99999205271655,AMD
2016-08-02,6.559999942779541,6.599999904632568,6.150000095367432,6.260000228881836,6.260000228881836,40816400.0,-0.0572288622356381,-0.0589317217061512,0.4499998092651367,67.56756408446287,AMD
2016-08-03,6.179999828338623,6.449999809265137,6.150000095367432,6.300000190734863,6.300000190734863,23807800.0,0.0063897700304353,0.0063694419982616,0.2999997138977051,67.17324923995946,AMD
2016-08-04,6.389999866485596,6.610000133514404,6.369999885559082,6.46999979019165,6.46999979019165,22411000.0,0.0269840625888866,0.0266264124120722,0.2400002479553222,69.3877522649068,AMD
2016-08-05,6.559999942779541,6.760000228881836,6.46999979019165,6.610000133514404,6.610000133514404,20164000.0,0.0216383845228234,0.0214075979775116,0.2900004386901855,67.1874969732019,AMD
2016-08-08,6.699999809265137,6.849999904632568,6.650000095367432,6.679999828338623,6.679999828338623,21462200.0,0.0105899687458859,0.0105342877882975,0.1999998092651367,70.03154797155403,AMD
2016-08-09,6.75,6.78000020980835,6.539999961853027,6.599999904632568,6.599999904632568,16772400.0,-0.0119760367907002,-0.0120483272679742,0.2400002479553222,68.3076958740962,AMD
2016-08-10,6.349999904632568,6.579999923706055,6.25,6.489999771118164,6.489999771118164,29070700.0,-0.0166666871369489,-0.0168071391336176,0.3299999237060547,70.03154797155403,AMD
2016-08-11,6.5,6.590000152587891,6.460000038146973,6.579999923706055,6.579999923706055,13240300.0,0.0138675124440543,0.0137722382932501,0.1300001144409179,64.01515042048376,AMD
2016-08-12,6.599999904632568,6.789999961853027,6.550000190734863,6.730000019073486,6.730000019073486,25466400.0,0.022796367341437,0.0225404127483341,0.239999771118164,50.77720757711607,AMD
2016-08-15,6.789999961853027,6.96999979019165,6.78000020980835,6.949999809265137,6.949999809265137,28339400.0,0.0326894189551485,0.0321664856420997,0.1899995803833007,49.19785509908654,AMD
2016-08-16,6.940000057220459,6.940000057220459,6.650000095367432,6.78000020980835,6.78000020980835,26768800.0,-0.0244603746938465,-0.0247644992353471,0.2899999618530273,48.167546194562654,AMD
2016-08-17,6.699999809265137,6.75,6.610000133514404,6.679999828338623,6.679999828338623,13791300.0,-0.0147493183444242,-0.0148591710467449,0.1399998664855957,46.464636977526034,AMD
2016-08-18,6.739999771118164,7.070000171661377,6.730000019073486,7.039999961853027,7.039999961853027,30783300.0,0.0538922369409611,0.0524902029006039,0.3400001525878906,53.91304023324389,AMD
2016-08-19,7.239999771118164,8.0,7.21999979019165,7.619999885559082,7.619999885559082,75129300.0,0.0823863532455744,0.0791681899287145,0.7800002098083496,68.42105734900346,AMD
2016-08-22,7.829999923706055,7.949999809265137,7.369999885559082,7.579999923706055,7.579999923706055,41519200.0,-0.0052493389046938,-0.0052631650909457,0.5799999237060547,78.4482730271271,AMD
2016-08-23,7.659999847412109,7.739999771118164,7.53000020980835,7.670000076293945,7.670000076293945,27531100.0,0.0118733711733187,0.011803435737108,0.2099995613098144,78.90295256777829,AMD
2016-08-24,7.670000076293945,7.670000076293945,7.369999885559082,7.429999828338623,7.429999828338623,22943900.0,-0.0312907751718416,-0.0317907897003758,0.3000001907348633,69.6721276234832,AMD
2016-08-25,7.489999771118164,7.489999771118164,7.199999809265137,7.46999979019165,7.46999979019165,16451300.0,0.0053835750709527,0.0053691354320834,0.2899999618530273,68.37605984183679,AMD
2016-08-26,7.489999771118164,7.800000190734863,7.460000038146973,7.670000076293945,7.670000076293945,31387900.0,0.0267738007656843,0.0264216542682924,0.3400001525878906,70.0404848138994,AMD
2016-08-29,7.71999979019165,7.789999961853027,7.570000171661377,7.590000152587891,7.590000152587891,16916300.0,-0.0104302376675737,-0.0104850138148793,0.2199997901916504,70.0404848138994,AMD
2016-08-30,7.610000133514404,7.639999866485596,7.409999847412109,7.489999771118164,7.489999771118164,16088100.0,-0.0131752805611776,-0.0132628445405397,0.2300000190734863,70.32519505733286,AMD
2016-08-31,7.519999980926514,7.519999980926514,7.28000020980835,7.400000095367432,7.400000095367432,18808800.0,-0.0120159784380469,-0.0120887538731903,0.239999771118164,66.66666666666666,AMD
2016-09-01,7.179999828338623,7.440000057220459,7.090000152587891,7.349999904632568,7.349999904632568,22284600.0,-0.0067567824446602,-0.0067797128480302,0.3499999046325683,63.135587398571104,AMD
2016-09-02,7.489999771118164,7.639999866485596,7.380000114440918,7.510000228881836,7.510000228881836,18538400.0,0.0217687518809928,0.0215351960034006,0.2599997520446777,62.17391610821461,AMD
2016-09-06,7.559999942779541,7.599999904632568,7.25,7.340000152587891,7.340000152587891,24994600.0,-0.0226364941561735,-0.0228966328380201,0.3499999046325683,62.1739032182961,AMD
2016-09-07,7.050000190734863,7.070000171661377,6.78000020980835,6.840000152587891,6.840000152587891,57721900.0,-0.0681198895920612,-0.0705511094723349,0.2899999618530273,52.96296760705386,AMD
2016-09-08,6.639999866485596,6.650000095367432,6.150000095367432,6.230000019073486,6.230000019073486,90814700.0,-0.0891813040798855,-0.0934114180817134,0.5,36.27119318022934,AMD
2016-09-09,6.230000019073486,6.239999771118164,5.849999904632568,5.900000095367432,5.900000095367432,170828000.0,-0.0529694899993165,-0.0544239687852714,0.3899998664855957,18.14816665910203,AMD
2016-09-12,5.829999923706055,6.070000171661377,5.769999980926514,5.940000057220459,5.940000057220459,78014400.0,0.0067796544417744,0.0067567759319823,0.3000001907348633,19.62964604747212,AMD
2016-09-13,5.920000076293945,5.949999809265137,5.659999847412109,5.739999771118164,5.739999771118164,50819500.0,-0.0336700815110567,-0.0342499725510374,0.2899999618530273,15.658374342440183,AMD
2016-09-14,5.75,6.079999923706055,5.75,6.039999961853027,6.039999961853027,64251100.0,0.0522648436754942,0.0509448351744096,0.3299999237060547,25.783985555994363,AMD
2016-09-15,6.090000152587891,6.199999809265137,5.949999809265137,6.019999980926514,6.019999980926514,52669500.0,-0.0033112551411966,-0.0033167494786231,0.25,24.561418772250303,AMD
2016-09-16,6.21999979019165,6.21999979019165,5.96999979019165,6.050000190734863,6.050000190734863,47829400.0,0.0049834235719934,0.0049710474167967,0.25,19.77613573483596,AMD
2016-09-19,6.119999885559082,6.28000020980835,6.079999923706055,6.159999847412109,6.159999847412109,37837200.0,0.0181817608610497,0.0180184492054934,0.2000002861022949,23.616240187891364,AMD
2016-09-20,6.230000019073486,6.28000020980835,6.119999885559082,6.170000076293945,6.170000076293945,28990900.0,0.0016234138197319,0.0016220975079368,0.1600003242492675,24.80917419838603,AMD
2016-09-21,6.199999809265137,6.320000171661377,6.139999866485596,6.289999961853027,6.289999961853027,33450000.0,0.0194489277269442,0.0192622143650439,0.1800003051757812,29.05660954519649,AMD
2016-09-22,6.349999904632568,6.440000057220459,6.329999923706055,6.369999885559082,6.369999885559082,35848200.0,0.0127185889016263,0.0126383869708169,0.1100001335144043,31.71642288967148,AMD
2016-09-23,6.309999942779541,6.650000095367432,6.309999942779541,6.550000190734863,6.550000190734863,61022400.0,0.0282575052448346,0.027865627148522,0.3400001525878906,32.22222653926524,AMD
2016-09-26,6.539999961853027,6.539999961853027,6.309999942779541,6.320000171661377,6.320000171661377,29875800.0,-0.0351145057062481,-0.0357458434466105,0.2300000190734863,31.52174420077189,AMD
2016-09-27,6.449999809265137,6.579999923706055,6.289999961853027,6.539999961853027,6.539999961853027,30035900.0,0.0348100924392567,0.0342179243158609,0.2899999618530273,43.95161026722487,AMD
2016-09-28,6.570000171661377,6.650000095367432,6.480000019073486,6.590000152587891,6.590000152587891,27878300.0,0.007645289147784,0.0076162120326385,0.1700000762939453,59.37500077610192,AMD
2016-09-29,6.570000171661377,6.730000019073486,6.539999961853027,6.670000076293945,6.670000076293945,30746100.0,0.0121395936045067,0.0120664996970294,0.1900000572204589,73.05388400868586,AMD
2016-09-30,6.699999809265137,7.039999961853027,6.699999809265137,6.909999847412109,6.909999847412109,47453100.0,0.0359819742688092,0.0353497443314895,0.3400001525878906,75.93581824093022,AMD
2016-10-03,6.949999809265137,7.150000095367432,6.869999885559082,6.949999809265137,6.949999809265137,30456700.0,0.0057887066188586,0.0057720164354406,0.2800002098083496,85.38011728520718,AMD
2016-10-04,7.0,7.090000152587891,6.889999866485596,6.96999979019165,6.96999979019165,25770000.0,0.0028776951763151,0.0028735625379685,0.2000002861022949,82.5174804188298,AMD
2016-10-05,6.96999979019165,7.010000228881836,6.699999809265137,6.78000020980835,6.78000020980835,31235600.0,-0.0272596249788519,-0.0276380617733157,0.3100004196166992,73.75001564622485,AMD
2016-10-06,6.71999979019165,6.980000019073486,6.630000114440918,6.960000038146973,6.960000038146973,27059700.0,0.0265486464260318,0.0262023469297271,0.3499999046325683,76.0000098092269,AMD
2016-10-07,6.920000076293945,6.960000038146973,6.619999885559082,6.75,6.75,33059000.0,-0.0301724191086186,-0.0306369749427766,0.3400001525878906,65.94595500202334,AMD
2016-10-10,6.820000171661377,6.940000057220459,6.800000190734863,6.840000152587891,6.840000152587891,13800500.0,0.0133333559389468,0.0132452490581915,0.1399998664855957,67.35752076218864,AMD
2016-10-11,6.800000190734863,6.840000152587891,6.380000114440918,6.5,6.5,32510800.0,-0.0497076235384662,-0.0509855770410385,0.4600000381469726,54.883722683879526,AMD
2016-10-12,6.639999866485596,6.769999980926514,6.420000076293945,6.619999885559082,6.619999885559082,33592700.0,0.0184615208552434,0.0182931757601775,0.3499999046325683,55.70776365071824,AMD
2016-10-13,6.5,6.539999961853027,6.239999771118164,6.489999771118164,6.489999771118164,30401700.0,-0.0196374798622732,-0.0198328572126177,0.3000001907348633,48.59812063716157,AMD
2016-10-14,6.920000076293945,7.119999885559082,6.739999771118164,6.75,6.75,66934400.0,0.0400616699616678,0.0392800094352872,0.3800001144409179,59.90783197485991,AMD
2016-10-17,6.920000076293945,6.96999979019165,6.639999866485596,6.670000076293945,6.670000076293945,24261500.0,-0.011851840549045,-0.0119226335185335,0.3299999237060547,53.201973683283306,AMD
2016-10-18,6.760000228881836,6.889999866485596,6.690000057220459,6.730000019073486,6.730000019073486,25314800.0,0.0089954935672023,0.0089552751248305,0.1999998092651367,53.431370142833806,AMD
2016-10-19,6.699999809265137,6.800000190734863,6.570000171661377,6.769999980926514,6.769999980926514,29420200.0,0.0059435307191177,0.0059259376160941,0.2300000190734863,52.49999821186022,AMD
2016-10-20,6.809999942779541,6.980000019073486,6.769999980926514,6.960000038146973,6.960000038146973,64607500.0,0.0280650011456065,0.0276783957203854,0.2100000381469726,51.28205629809026,AMD
2016-10-21,6.5,6.650000095367432,6.369999885559082,6.519999980926514,6.519999980926514,64243500.0,-0.0632183986794351,-0.0653051068140349,0.2800002098083496,40.851067110876,AMD
2016-10-24,6.570000171661377,7.010000228881836,6.539999961853027,7.010000228881836,7.010000228881836,52998400.0,0.0751534124829387,0.0724633606840792,0.4700002670288086,50.70922759317813,AMD
2016-10-25,6.900000095367432,7.5,6.869999885559082,7.5,7.5,78862000.0,0.0699001077202994,0.0675652868450053,0.630000114440918,61.538456835926006,AMD
2016-10-26,7.400000095367432,7.480000019073486,7.260000228881836,7.289999961853027,7.289999961853027,47619300.0,-0.0280000050862629,-0.0283994797544788,0.2199997901916504,55.238093075568834,AMD
2016-10-27,7.440000057220459,7.460000038146973,7.099999904632568,7.110000133514404,7.110000133514404,37804200.0,-0.0246913346063817,-0.0250012781942393,0.3600001335144043,55.76923223877312,AMD
2016-10-28,7.099999904632568,7.53000020980835,7.019999980926514,7.199999809265137,7.199999809265137,77261300.0,0.0126581820057218,0.0125787369375094,0.5100002288818359,55.769225478877495,AMD
2016-10-31,7.239999771118164,7.460000038146973,7.199999809265137,7.230000019073486,7.230000019073486,42345900.0,0.0041666959170949,0.0041580392777204,0.2600002288818359,62.98932444730585,AMD
2016-11-01,7.320000171661377,7.429999828338623,6.920000076293945,7.090000152587891,7.090000152587891,39906900.0,-0.0193637435845451,-0.0195536767431763,0.5099997520446777,58.303891867483074,AMD
2016-11-02,7.03000020980835,7.059999942779541,6.670000076293945,6.760000228881836,6.760000228881836,33852200.0,-0.0465444170104287,-0.0476624381524682,0.3899998664855957,54.45545349106205,AMD
2016-11-03,6.78000020980835,6.789999961853027,6.559999942779541,6.699999809265137,6.699999809265137,33673600.0,-0.0088758014179274,-0.0089154259841019,0.2300000190734863,49.11660438016222,AMD
2016-11-04,6.690000057220459,6.71999979019165,6.460000038146973,6.559999942779541,6.559999942779541,32215700.0,-0.0208955030553875,-0.0211169036956632,0.2599997520446777,48.09688341528938,AMD
2016-11-07,6.789999961853027,6.989999771118164,6.760000228881836,6.960000038146973,6.960000038146973,36999200.0,0.0609756248256836,0.0591888855938484,0.2299995422363281,53.56037179125871,AMD
2016-11-08,6.849999904632568,7.179999828338623,6.75,7.0,7.0,37728500.0,0.0057471209243953,0.005730669228098,0.429999828338623,53.56037179125871,AMD
2016-11-09,6.699999809265137,7.050000190734863,6.639999866485596,6.940000057220459,6.940000057220459,38479500.0,-0.0085714203970772,-0.0086083662915772,0.4100003242492676,49.67741965255183,AMD
2016-11-10,6.820000171661377,6.909999847412109,6.21999979019165,6.300000190734863,6.300000190734863,71749500.0,-0.092219000174176,-0.0967521190908742,0.690000057220459,46.66666955658909,AMD
2016-11-11,6.639999866485596,6.690000057220459,6.46999979019165,6.690000057220459,6.690000057220459,39492200.0,0.0619047388378102,0.0600642190204083,0.2200002670288086,44.99999627470892,AMD
2016-11-14,6.829999923706055,6.840000152587891,6.610000133514404,6.789999961853027,6.789999961853027,29596400.0,0.0149476687260472,0.0148370532592239,0.2300000190734863,37.366544962867785,AMD
2016-11-15,6.820000171661377,7.079999923706055,6.789999961853027,6.96999979019165,6.96999979019165,28909400.0,0.0265095477687602,0.0261642587183098,0.2899999618530273,44.24459968909523,AMD
2016-11-16,7.090000152587891,7.75,7.070000171661377,7.670000076293945,7.670000076293945,78083200.0,0.1004304601396619,0.0957014306554203,0.679999828338623,58.48484835348837,AMD
2016-11-17,7.789999961853027,8.770000457763672,7.769999980926514,8.460000038146973,8.460000038146973,124235500.0,0.1029986902209714,0.0980325528010061,1.0000004768371582,65.75000286102295,AMD
2016-11-18,8.680000305175781,8.829999923706055,8.399999618530273,8.710000038146973,8.710000038146973,62336200.0,0.0295508272899203,0.0291226171168565,0.4300003051757812,67.53554612151146,AMD
2016-11-21,8.869999885559082,9.220000267028809,8.859999656677246,8.9399995803833,8.9399995803833,65595900.0,0.0264063767197479,0.0260637470043439,0.3600006103515625,71.46171295859902,AMD
2016-11-22,9.050000190734863,9.0600004196167,8.539999961853027,8.6899995803833,8.6899995803833,71312800.0,-0.0279642071291105,-0.0283626512584383,0.5200004577636719,72.81323357402904,AMD
2016-11-23,8.720000267028809,8.859999656677246,8.5,8.800000190734863,8.800000190734863,34646000.0,0.0126582986954195,0.0125788521685844,0.3599996566772461,74.53271626738979,AMD
2016-11-25,8.800000190734863,8.90999984741211,8.6899995803833,8.770000457763672,8.770000457763672,14214100.0,-0.0034090604910187,-0.0034148845779447,0.2200002670288086,76.49880967940645,AMD
2016-11-28,8.720000267028809,8.979999542236328,8.720000267028809,8.829999923706055,8.829999923706055,25907800.0,0.0068414438780637,0.0068181473949256,0.2599992752075195,74.41253770811831,AMD
2016-11-29,9.0,9.229999542236328,8.850000381469727,8.930000305175781,8.930000305175781,54831400.0,0.0113250716119774,0.011261423087069,0.3799991607666015,74.80720575833055,AMD
2016-11-30,9.020000457763672,9.119999885559082,8.899999618530273,8.90999984741211,8.90999984741211,36511900.0,-0.0022396928421245,-0.0022422047053736,0.2200002670288086,75.58441349337723,AMD
2016-12-01,8.920000076293945,9.029999732971191,8.260000228881836,8.390000343322754,8.390000343322754,56682400.0,-0.0583613370364297,-0.0601336629576678,0.7699995040893555,78.01609127456926,AMD
2016-12-02,8.380000114440918,8.739999771118164,8.380000114440918,8.529999732971191,8.529999732971191,42398900.0,0.0166864581548982,0.016548768799335,0.3599996566772461,76.43678405039567,AMD
2016-12-05,8.6899995803833,8.710000038146973,8.449999809265137,8.680000305175781,8.680000305175781,31410100.0,0.0175850617702588,0.0174322336318379,0.2600002288818359,76.77054513162733,AMD
2016-12-06,8.949999809265137,9.539999961853027,8.819999694824219,9.449999809265137,9.449999809265137,92242900.0,0.0887096171678949,0.0849931574913093,0.7200002670288086,80.09709192947207,AMD
2016-12-07,9.649999618530272,9.789999961853027,9.239999771118164,9.5600004196167,9.5600004196167,54897300.0,0.0116402764626211,0.0115730496342014,0.5500001907348633,76.77054513162733,AMD
2016-12-08,9.899999618530272,10.65999984741211,9.800000190734863,10.34000015258789,10.34000015258789,104613000.0,0.0815899266458886,0.0784321128810631,0.8599996566772461,76.70455084236276,AMD
2016-12-09,10.380000114440918,10.539999961853027,9.869999885559082,10.34000015258789,10.34000015258789,60600800.0,0.0,0.0,0.6700000762939453,74.92355293024498,AMD
2016-12-12,10.399999618530272,10.93000030517578,10.380000114440918,10.68000030517578,10.68000030517578,63342900.0,0.0328820258772233,0.0323529782692271,0.5500001907348615,75.73965482069653,AMD
2016-12-13,10.75,10.800000190734863,10.399999618530272,10.539999961853027,10.539999961853027,46967800.0,-0.0131086460039616,-0.0131953226126006,0.4000005722045916,78.28746364664012,AMD
2016-12-14,10.43000030517578,10.739999771118164,10.270000457763672,10.550000190734863,10.550000190734863,46968600.0,0.0009487883223937,0.0009483385072504,0.4699993133544922,77.60252299498256,AMD
2016-12-15,10.68000030517578,10.93000030517578,10.640000343322754,10.859999656677246,10.859999656677246,48871300.0,0.0293838351031148,0.0289604048910663,0.2899999618530255,80.28984513710385,AMD
2016-12-16,10.9399995803833,11.229999542236328,10.600000381469728,10.65999984741211,10.65999984741211,77777700.0,-0.0184161892806477,-0.0185878784686383,0.6299991607665998,75.48746303516006,AMD
2016-12-19,10.8100004196167,11.0,10.520000457763672,10.949999809265137,10.949999809265137,46085800.0,0.0272044996251505,0.0268410344201634,0.4799995422363281,76.71957204745063,AMD
2016-12-20,11.1899995803833,11.510000228881836,11.149999618530272,11.510000228881836,11.510000228881836,59314200.0,0.0511415917233957,0.0498768037754669,0.3600006103515643,80.0925991335692,AMD
2016-12-21,11.609999656677246,11.720000267028809,11.3100004196167,11.470000267028809,11.470000267028809,44814100.0,-0.0034752355393231,-0.0034812881973602,0.4099998474121094,90.10416407965964,AMD
2016-12-22,11.649999618530272,11.75,11.470000267028809,11.600000381469728,11.600000381469728,36450800.0,0.0113339242732724,0.0112701765757322,0.2799997329711914,90.0783282665766,AMD
2016-12-23,11.300000190734863,11.600000381469728,11.260000228881836,11.579999923706056,11.579999923706056,32288200.0,-0.0017241773367198,-0.001725665441214,0.3400001525878924,89.18917595339063,AMD
2016-12-27,11.649999618530272,12.079999923706056,11.600000381469728,12.06999969482422,12.06999969482422,44336500.0,0.0423143155739629,0.0414435442691881,0.4799995422363281,88.30408035846995,AMD
2016-12-28,12.279999732971191,12.420000076293944,11.460000038146973,11.550000190734863,11.550000190734863,71254500.0,-0.0430819815440708,-0.0440375563439704,0.9600000381469708,75.97910980103316,AMD
2016-12-29,11.239999771118164,11.619999885559082,11.010000228881836,11.59000015258789,11.59000015258789,50234300.0,0.0034632001032446,0.003457217035495,0.6099996566772461,70.22653621801797,AMD
2016-12-30,11.699999809265137,11.779999732971191,11.25,11.34000015258789,11.34000015258789,44095400.0,-0.0215703189567412,-0.0218063587618101,0.5299997329711914,64.97005919633241,AMD
2017-01-03,11.420000076293944,11.649999618530272,11.020000457763672,11.43000030517578,11.43000030517578,55182000.0,0.0079365212854385,0.007905192750934,0.6299991607665998,62.13592173081078,AMD
2017-01-04,11.449999809265137,11.520000457763672,11.239999771118164,11.43000030517578,11.43000030517578,40781200.0,0.0,0.0,0.2800006866455078,65.0847525570596,AMD
2017-01-05,11.43000030517578,11.6899995803833,11.229999542236328,11.239999771118164,11.239999771118164,38855200.0,-0.0166229684151083,-0.01676268040387,0.4600000381469726,61.02235711110427,AMD
2017-01-06,11.289999961853027,11.489999771118164,11.109999656677246,11.31999969482422,11.31999969482422,34453500.0,0.0071174310796358,0.0070922217136531,0.3800001144409179,57.93103357557756,AMD
2017-01-09,11.369999885559082,11.640000343322754,11.3100004196167,11.489999771118164,11.489999771118164,37304800.0,0.0150176749891319,0.0149060261245285,0.3299999237060547,64.45992475611531,AMD
2017-01-10,11.550000190734863,11.630000114440918,11.329999923706056,11.4399995803833,11.4399995803833,29201600.0,-0.0043516267824953,-0.0043611226687041,0.3000001907348615,59.31558121893307,AMD
2017-01-11,11.390000343322754,11.40999984741211,11.149999618530272,11.199999809265137,11.199999809265137,39377000.0,-0.0209790017413726,-0.0212021880007195,0.2600002288818377,43.29003542631092,AMD
2017-01-12,10.979999542236328,11.039999961853027,10.329999923706056,10.760000228881836,10.760000228881836,75244100.0,-0.0392856774889687,-0.040078185265966,0.7100000381469709,36.90036848426666,AMD
2017-01-13,10.789999961853027,10.869999885559082,10.5600004196167,10.579999923706056,10.579999923706056,38377500.0,-0.0167286525415329,-0.0168701567861787,0.3099994659423828,31.52173236998412,AMD
2017-01-17,10.170000076293944,10.229999542236328,9.779999732971191,9.81999969482422,9.81999969482422,70491800.0,-0.0718336705446417,-0.0745443279295947,0.4499998092651367,24.85713958740233,AMD
2017-01-18,9.539999961853027,10.100000381469728,9.420000076293944,9.880000114440918,9.880000114440918,51797600.0,0.0061100225541068,0.0060914320534546,0.6800003051757848,14.332261925508334,AMD
2017-01-19,9.920000076293944,10.25,9.75,9.770000457763672,9.770000457763672,46151300.0,-0.0111335683606387,-0.0111960104341655,0.5,16.541368479208927,AMD
2017-01-20,9.880000114440918,9.960000038146973,9.670000076293944,9.75,9.75,27982100.0,-0.0020471296649509,-0.0020492278989438,0.2899999618530291,15.151529382185416,AMD
2017-01-23,9.68000030517578,10.0600004196167,9.68000030517578,9.90999984741211,9.90999984741211,27905700.0,0.0164102407602162,0.0162770479347752,0.3800001144409197,21.960790913544717,AMD
2017-01-24,9.949999809265137,10.489999771118164,9.949999809265137,10.4399995803833,10.4399995803833,43991200.0,0.0534813058659728,0.0521002093167903,0.5399999618530273,33.444807946305914,AMD
2017-01-25,10.739999771118164,10.979999542236328,10.149999618530272,10.350000381469728,10.350000381469728,61778100.0,-0.0086206132692457,-0.0086579856929654,0.8299999237060565,32.46753327177801,AMD
2017-01-26,10.350000381469728,10.65999984741211,10.300000190734863,10.520000457763672,10.520000457763672,35866600.0,0.0164251275389617,0.0162916942548638,0.3599996566772461,38.23530328406843,AMD
2017-01-27,10.600000381469728,10.729999542236328,10.520000457763672,10.670000076293944,10.670000076293944,32719200.0,0.0142585182512584,0.0141578216407647,0.2099990844726562,39.61661672824409,AMD
2017-01-30,10.619999885559082,10.68000030517578,10.300000190734863,10.609999656677246,10.609999656677246,37725000.0,-0.0056232820232122,-0.0056391521965056,0.3800001144409162,35.43045928899457,AMD
2017-01-31,10.600000381469728,10.670000076293944,10.220000267028809,10.369999885559082,10.369999885559082,53704900.0,-0.0226201488109496,-0.0228799090618114,0.4499998092651349,33.333333333333286,AMD
2017-02-01,10.899999618530272,12.140000343322754,10.8100004196167,12.0600004196167,12.0600004196167,165939300.0,0.1629701593739703,0.1509772148874591,1.329999923706055,59.22747466214144,AMD
2017-02-02,11.979999542236328,12.65999984741211,11.949999809265137,12.279999732971191,12.279999732971191,116324500.0,0.0182420651492385,0.0180776748808525,0.7100000381469727,67.1171131502465,AMD
2017-02-03,12.369999885559082,12.5,12.039999961853027,12.239999771118164,12.239999771118164,60036700.0,-0.0032573259546275,-0.0032626425892956,0.4600000381469726,69.30232723188664,AMD
2017-02-06,12.460000038146973,13.699999809265137,12.380000114440918,13.630000114440918,13.630000114440918,140474100.0,0.1135621216760671,0.10756399572001,1.3199996948242188,88.6409829694637,AMD
2017-02-07,14.050000190734863,14.270000457763672,13.0600004196167,13.289999961853027,13.289999961853027,158683800.0,-0.0249449853069085,-0.0252613842498911,1.2100000381469729,82.72553211741366,AMD
2017-02-08,13.210000038146973,13.75,13.079999923706056,13.5600004196167,13.5600004196167,75942900.0,0.0203160615905695,0.020112443602631,0.6700000762939435,85.28864099275904,AMD
2017-02-09,13.779999732971191,13.890000343322754,13.399999618530272,13.420000076293944,13.420000076293944,73339900.0,-0.0103245087751047,-0.0103781762288049,0.4900007247924822,83.42441010290304,AMD
2017-02-10,13.859999656677246,13.859999656677246,13.25,13.579999923706056,13.579999923706056,54579300.0,0.0119224922878167,0.011851979283811,0.6099996566772461,83.42441010290305,AMD
2017-02-13,13.699999809265137,13.949999809265137,13.380000114440918,13.489999771118164,13.489999771118164,57413100.0,-0.0066274044987867,-0.006649463259553,0.5699996948242188,80.1980205498867,AMD
2017-02-14,13.43000030517578,13.489999771118164,13.1899995803833,13.260000228881836,13.260000228881836,40479100.0,-0.0170496327752912,-0.0171966512340963,0.3000001907348633,78.03467772610253,AMD
2017-02-15,13.199999809265137,13.4399995803833,13.149999618530272,13.300000190734863,13.300000190734863,33722300.0,0.0030165883229702,0.0030120475498852,0.2899999618530291,77.4703508145339,AMD
2017-02-16,13.25,13.350000381469728,12.84000015258789,12.970000267028809,12.970000267028809,52502500.0,-0.0248120239829726,-0.025125030652134,0.5100002288818377,71.94656366985474,AMD
2017-02-17,12.789999961853027,13.140000343322754,12.600000381469728,13.130000114440918,13.130000114440918,40888000.0,0.0123361483514266,0.0122606781141513,0.5399999618530256,73.59550922992405,AMD
2017-02-21,13.40999984741211,14.100000381469728,13.399999618530272,14.0,14.0,66357100.0,0.0662604629075531,0.0641576325845661,0.7000007629394567,80.4020096488833,AMD
2017-02-22,14.300000190734863,14.5,14.039999961853027,14.279999732971191,14.279999732971191,71505000.0,0.0199999809265136,0.0198026085966831,0.4600000381469726,74.34210058504576,AMD
2017-02-23,14.199999809265137,14.449999809265137,13.81999969482422,14.31999969482422,14.31999969482422,80317600.0,0.0028011178292022,0.0027972020093997,0.6300001144409162,73.28767018894723,AMD
2017-02-24,14.0,14.31999969482422,13.859999656677246,14.119999885559082,14.119999885559082,46288600.0,-0.0139664674250954,-0.0140649162611264,0.4600000381469744,70.70484724931121,AMD
2017-02-27,14.270000457763672,15.350000381469728,14.270000457763672,15.199999809265137,15.199999809265137,95422900.0,0.076487247341312,0.0737031913436693,1.0799999237060565,68.55791802277813,AMD
2017-02-28,15.449999809265137,15.550000190734863,14.350000381469728,14.460000038146973,14.460000038146973,141783000.0,-0.0486841960792063,-0.0499091959351624,1.199999809265135,62.63499231499021,AMD
2017-03-01,15.079999923706056,15.09000015258789,14.520000457763672,14.960000038146973,14.960000038146973,73450400.0,0.0345781465201209,0.0339937557275406,0.5699996948242188,64.40329210031712,AMD
2017-03-02,14.59000015258789,14.779999732971191,13.869999885559082,13.899999618530272,13.899999618530272,104330900.0,-0.0708556428418297,-0.0734911624034822,0.9099998474121094,54.152246051985486,AMD
2017-03-03,13.550000190734863,13.579999923706056,12.789999961853027,13.029999732971191,13.029999732971191,163395900.0,-0.0625899215421036,-0.0646344420494119,0.7899999618530291,45.76270962286949,AMD
2017-03-06,13.0,13.34000015258789,12.380000114440918,13.039999961853027,13.039999961853027,117192600.0,0.0007674772898522,0.0007671829297572,0.9600000381469728,46.48986047638198,AMD
2017-03-07,13.06999969482422,13.369999885559082,12.789999961853027,13.050000190734863,13.050000190734863,76666300.0,0.0007668887201757,0.0007665948112751,0.5799999237060547,48.30371524731211,AMD
2017-03-08,13.25,13.550000190734863,13.100000381469728,13.220000267028809,13.220000267028809,71294700.0,0.0130268255792547,0.0129427062379901,0.4499998092651349,49.36708918062472,AMD
2017-03-09,13.449999809265137,13.449999809265137,13.109999656677246,13.329999923706056,13.329999923706056,45244200.0,0.0083207000344462,0.0082862738447496,0.3400001525878906,52.95081713480877,AMD
2017-03-10,13.5,13.93000030517578,13.449999809265137,13.90999984741211,13.90999984741211,65142200.0,0.0435108722449864,0.0425908664985565,0.4800004959106427,55.9815934992171,AMD
2017-03-13,14.479999542236328,14.68000030517578,14.18000030517578,14.279999732971191,14.279999732971191,73078100.0,0.0265995607201907,0.0262519432462445,0.5,52.325579369076266,AMD
2017-03-14,14.0,14.149999618530272,13.640000343322754,14.100000381469728,14.100000381469728,52554500.0,-0.012604996839451,-0.0126851137732289,0.5099992752075178,48.4797349816007,AMD
2017-03-15,14.029999732971191,14.0600004196167,13.619999885559082,13.979999542236328,13.979999542236328,55179600.0,-0.0085106975877181,-0.0085471203772317,0.4400005340576172,47.16666539510089,AMD
2017-03-16,13.789999961853027,13.880000114440918,13.649999618530272,13.649999618530272,13.649999618530272,44494800.0,-0.0236051455301598,-0.0238882103770129,0.2300004959106463,46.16639267329218,AMD
2017-03-17,13.619999885559082,13.739999771118164,13.359999656677246,13.489999771118164,13.489999771118164,224892300.0,-0.0117216008705892,-0.0117908404315817,0.3800001144409179,33.58925119360302,AMD
2017-03-20,13.68000030517578,14.5,13.539999961853027,14.399999618530272,14.399999618530272,91565600.0,0.0674573656672996,0.0652795268381148,0.9600000381469728,49.44237529423421,AMD
2017-03-21,14.399999618530272,14.489999771118164,13.779999732971191,13.81999969482422,13.81999969482422,72552700.0,-0.0402777735465834,-0.0411113838336613,0.7100000381469727,39.56043648939563,AMD
2017-03-22,13.699999809265137,14.149999618530272,13.550000190734863,14.100000381469728,14.100000381469728,61239500.0,0.0202605421728316,0.020058028181373,0.5999994277954084,52.13676014847979,AMD
2017-03-23,13.960000038146973,14.119999885559082,13.770000457763672,13.789999961853027,13.789999961853027,44549900.0,-0.0219858447680685,-0.0222311353997803,0.3499994277954101,59.22330186980312,AMD
2017-03-24,14.15999984741211,14.18000030517578,13.539999961853027,13.699999809265137,13.699999809265137,50099500.0,-0.0065264795385682,-0.0065478701271061,0.6400003433227521,57.85713961335326,AMD
2017-03-27,13.350000381469728,13.779999732971191,13.210000038146973,13.699999809265137,13.699999809265137,42686800.0,0.0,0.0,0.5699996948242188,57.75655770502745,AMD
2017-03-28,13.75,13.859999656677246,13.550000190734863,13.6899995803833,13.6899995803833,37420200.0,-0.0007299437241651,-0.0007302102627987,0.3099994659423828,55.83125599596003,AMD
2017-03-29,13.739999771118164,13.869999885559082,13.630000114440918,13.710000038146973,13.710000038146973,37863500.0,0.0014609538624332,0.0014598877076148,0.239999771118164,54.82233465677782,AMD
2017-03-30,13.729999542236328,14.050000190734863,13.649999618530272,14.050000190734863,14.050000190734863,44132800.0,0.024799427544994,0.0244969129985472,0.4000005722045916,51.89189565364421,AMD
2017-03-31,14.100000381469728,14.75,14.010000228881836,14.550000190734863,14.550000190734863,84566200.0,0.0355871881289879,0.0349685973712368,0.7399997711181641,53.52480846842468,AMD
2017-04-03,14.600000381469728,14.739999771118164,14.300000190734863,14.640000343322754,14.640000343322754,48423700.0,0.0061855774163632,0.0061665252577462,0.4399995803833008,57.21924574614378,AMD
2017-04-04,14.3100004196167,14.670000076293944,14.029999732971191,14.15999984741211,14.15999984741211,58413000.0,-0.0327869183506932,-0.0333364544945803,0.6400003433227521,52.19512444745072,AMD
2017-04-05,14.279999732971191,14.640000343322754,14.100000381469728,14.170000076293944,14.170000076293944,58816700.0,0.0007062308608472,0.0007059815971843,0.5399999618530256,56.87830821319906,AMD
2017-04-06,13.420000076293944,13.460000038146973,12.829999923706056,13.270000457763672,13.270000457763672,139500100.0,-0.0635144399212777,-0.0656211762465295,0.6300001144409162,47.56638055045546,AMD
2017-04-07,13.329999923706056,13.68000030517578,13.220000267028809,13.520000457763672,13.520000457763672,70441000.0,0.0188394869160488,0.0186642216328297,0.4600000381469709,38.60105457533602,AMD
2017-04-10,13.520000457763672,13.59000015258789,13.039999961853027,13.100000381469728,13.100000381469728,47178000.0,-0.0310650933486296,-0.0315578451461451,0.5500001907348633,40.27028657119276,AMD
2017-04-11,13.020000457763672,13.289999961853027,12.710000038146973,13.100000381469728,13.100000381469728,59916600.0,0.0,0.0,0.5799999237060547,35.380125438773575,AMD
2017-04-12,12.9399995803833,13.100000381469728,12.739999771118164,12.760000228881836,12.760000228881836,37385400.0,-0.0259542093654311,-0.0262969634728404,0.3600006103515643,35.07247506557542,AMD
2017-04-13,12.510000228881836,12.720000267028809,12.220000267028809,12.3100004196167,12.3100004196167,53442600.0,-0.0352664420997874,-0.0359033215702645,0.5,31.758544768610136,AMD
2017-04-17,12.529999732971191,12.800000190734863,12.369999885559082,12.789999961853027,12.789999961853027,38188200.0,0.0389926503553501,0.0382516383243619,0.4300003051757812,39.39394343578771,AMD
2017-04-18,12.630000114440918,12.970000267028809,12.579999923706056,12.949999809265137,12.949999809265137,37172000.0,0.0125097613674214,0.0124321608087969,0.3900003433227521,41.66667024652477,AMD
2017-04-19,13.09000015258789,13.210000038146973,12.800000190734863,12.84000015258789,12.84000015258789,36491100.0,-0.0084941821079059,-0.0085304632713786,0.4099998474121094,40.397351690477294,AMD
2017-04-20,12.979999542236328,13.149999618530272,12.880000114440918,13.109999656677246,13.109999656677246,41976100.0,0.0210279985109609,0.0208099614421479,0.2699995040893537,39.46187525766317,AMD
2017-04-21,13.079999923706056,13.119999885559082,12.899999618530272,13.0,13.0,25689600.0,-0.0083905156031961,-0.0084259141262183,0.2200002670288103,30.95822272543332,AMD
2017-04-24,13.229999542236328,13.229999542236328,13.050000190734863,13.130000114440918,13.130000114440918,36120300.0,0.0100000088031475,0.0099503395691557,0.1799993515014648,31.630161734861744,AMD
2017-04-25,13.239999771118164,13.529999732971191,13.15999984741211,13.489999771118164,13.489999771118164,35881000.0,0.0274181000410886,0.0270489562221939,0.369999885559082,41.6040045738149,AMD
2017-04-26,13.420000076293944,13.529999732971191,13.220000267028809,13.40999984741211,13.40999984741211,36644500.0,-0.0059303131996586,-0.0059479673379636,0.3099994659423828,40.640385641696376,AMD
2017-04-27,13.43000030517578,13.699999809265137,13.369999885559082,13.619999885559082,13.619999885559082,31327600.0,0.0156599582801262,0.0155386064040267,0.3299999237060547,55.19287296399609,AMD
2017-04-28,13.729999542236328,13.760000228881836,13.15999984741211,13.300000190734863,13.300000190734863,50376000.0,-0.0234948382902341,-0.0237752427502741,0.6000003814697266,46.80231953711279,AMD
2017-05-01,13.43000030517578,13.630000114440918,13.25,13.619999885559082,13.619999885559082,68036300.0,0.0240601270853468,0.0237752427502742,0.3800001144409179,57.78443002637451,AMD
2017-05-02,11.729999542236328,11.760000228881836,10.300000190734863,10.31999969482422,10.31999969482422,268336500.0,-0.2422907649385344,-0.2774555618368295,1.4600000381469729,29.066251952232392,AMD
2017-05-03,10.289999961853027,10.68000030517578,9.850000381469728,10.390000343322754,10.390000343322754,140899400.0,0.0067830087760216,0.0067601076725916,0.8299999237060511,31.39716924820047,AMD
2017-05-04,10.550000190734863,10.550000190734863,9.9399995803833,10.100000381469728,10.100000381469728,77031400.0,-0.0279114487266978,-0.0283083765382183,0.6100006103515625,32.20611349956347,AMD
2017-05-05,10.130000114440918,10.260000228881836,9.9399995803833,10.1899995803833,10.1899995803833,51759000.0,0.0089108114370661,0.0088713444388756,0.3200006484985351,27.66321847179364,AMD
2017-05-08,10.220000267028809,10.220000267028809,10.0,10.039999961853027,10.039999961853027,35101100.0,-0.0147202772038417,-0.0148296955912847,0.2200002670288086,24.956961529976557,AMD
2017-05-09,10.039999961853027,10.399999618530272,10.039999961853027,10.18000030517578,10.18000030517578,51017300.0,0.0139442573560442,0.0138479306362668,0.3599996566772443,27.22602186070401,AMD
2017-05-10,10.460000038146973,10.850000381469728,10.449999809265137,10.789999961853027,10.789999961853027,65995900.0,0.0599213790167676,0.058194734634292,0.4000005722045916,31.229771065637166,AMD
2017-05-11,10.739999771118164,11.260000228881836,10.510000228881836,11.06999969482422,11.06999969482422,72946500.0,0.0259499290047362,0.0256189434180813,0.75,34.80314355159814,AMD
2017-05-12,11.199999809265137,11.399999618530272,11.079999923706056,11.260000228881836,11.260000228881836,56072600.0,0.0171635536852319,0.0170179238858038,0.3199996948242152,35.41341491192792,AMD
2017-05-15,11.40999984741211,11.600000381469728,11.300000190734863,11.420000076293944,11.420000076293944,52565000.0,0.0142095776340847,0.014109567870067,0.300000190734865,33.3333333333333,AMD
2017-05-16,11.65999984741211,12.770000457763672,11.630000114440918,12.75,12.75,164186900.0,0.116462339301286,0.1101650606958404,1.140000343322754,45.576407986524806,AMD
2017-05-17,11.8100004196167,12.289999961853027,11.15999984741211,11.199999809265137,11.199999809265137,160109500.0,-0.1215686424105775,-0.1296175103332849,1.130000114440918,36.249998374418624,AMD
2017-05-18,10.989999771118164,11.489999771118164,10.8100004196167,11.279999732971191,11.279999732971191,86900100.0,0.0071428504525397,0.0071174611259955,0.6799993515014648,38.2009311694432,AMD
2017-05-19,11.470000267028809,11.619999885559082,11.350000381469728,11.40999984741211,11.40999984741211,50319700.0,0.0115248331133315,0.0114589281036664,0.2699995040893537,36.798088002606015,AMD
2017-05-22,11.489999771118164,11.550000190734863,10.770000457763672,11.039999961853027,11.039999961853027,78696400.0,-0.0324276854081642,-0.0329651131072047,0.7799997329711914,56.61765002358766,AMD
2017-05-23,10.970000267028809,11.0600004196167,10.619999885559082,10.890000343322754,10.890000343322754,49799600.0,-0.0135869220152693,-0.0136800689223152,0.4400005340576172,54.52898669658533,AMD
2017-05-24,11.050000190734863,11.0600004196167,10.710000038146973,10.890000343322754,10.890000343322754,42903900.0,0.0,0.0,0.3500003814697265,57.55258293549785,AMD
2017-05-25,11.010000228881836,11.010000228881836,10.800000190734863,10.979999542236328,10.979999542236328,33584300.0,0.0082643889877154,0.0082304259194108,0.2100000381469726,57.55258293549787,AMD
2017-05-26,10.850000381469728,11.020000457763672,10.739999771118164,11.0,11.0,31907600.0,0.0018215353913939,0.0018198784076674,0.2800006866455078,59.411766135844005,AMD
2017-05-30,10.949999809265137,11.270000457763672,10.899999618530272,11.119999885559082,11.119999885559082,35339000.0,0.010909080505371,0.0108500057326162,0.3700008392334002,59.25196624968439,AMD
2017-05-31,11.289999961853027,11.489999771118164,11.100000381469728,11.1899995803833,11.1899995803833,42929000.0,0.0062949366496958,0.0062752062935882,0.3899993896484357,54.40528310479455,AMD
2017-06-01,11.25,11.289999961853027,10.8100004196167,10.93000030517578,10.93000030517578,48002000.0,-0.0232349673777749,-0.0235091547151968,0.4799995422363281,48.45133368864039,AMD
2017-06-02,10.93000030517578,10.960000038146973,10.56999969482422,10.899999618530272,10.899999618530272,43056200.0,-0.0027448019952297,-0.0027485758715035,0.3900003433227521,45.87155140546699,AMD
2017-06-05,10.84000015258789,11.34000015258789,10.800000190734863,11.239999771118164,11.239999771118164,66207300.0,0.031192675641005,0.0307160698645176,0.5399999618530273,48.01761735133078,AMD
2017-06-06,11.270000457763672,12.239999771118164,11.239999771118164,12.029999732971191,12.029999732971191,114998600.0,0.0702846955462559,0.0679246836872866,1.0,40.99999451637139,AMD
2017-06-07,12.420000076293944,12.960000038146973,12.229999542236328,12.380000114440918,12.380000114440918,151005900.0,0.0290939641927392,0.0286787687107871,0.7300004959106445,71.07143976250775,AMD
2017-06-08,12.8100004196167,12.90999984741211,12.399999618530272,12.899999618530272,12.899999618530272,89515100.0,0.0420031905720896,0.0411450052958632,0.5100002288818377,75.00000735860077,AMD
2017-06-09,13.100000381469728,13.399999618530272,11.630000114440918,12.279999732971191,12.279999732971191,167454400.0,-0.0480620080537427,-0.04925538082235,1.7699995040893537,61.66220127035603,AMD
2017-06-12,11.75,12.350000381469728,11.270000457763672,12.09000015258789,12.09000015258789,125781800.0,-0.015472278869287,-0.0155932237262778,1.0799999237060565,64.78874223191598,AMD
2017-06-13,12.329999923706056,12.479999542236328,11.670000076293944,11.960000038146973,11.960000038146973,87302300.0,-0.0107526975020832,-0.0108109255356694,0.8099994659423846,65.15580828383952,AMD
2017-06-14,11.90999984741211,12.050000190734863,11.649999618530272,11.770000457763672,11.770000457763672,51909400.0,-0.0158862524897398,-0.0160137915474367,0.4000005722045916,61.82796374292723,AMD
2017-06-15,11.34000015258789,11.579999923706056,11.210000038146973,11.5,11.5,61666000.0,-0.0229397151455142,-0.0232069247953907,0.3699998855590838,56.66667318751734,AMD
2017-06-16,11.65999984741211,11.829999923706056,11.279999732971191,11.4399995803833,11.4399995803833,59779500.0,-0.0052174277927564,-0.0052310860973346,0.5500001907348651,55.58375161477169,AMD
2017-06-19,11.630000114440918,12.119999885559082,11.619999885559082,11.93000030517578,11.93000030517578,61803600.0,0.0428322327592307,0.0419403124184894,0.5,59.39675569322489,AMD
2017-06-20,12.1899995803833,12.93000030517578,12.18000030517578,12.640000343322754,12.640000343322754,118001500.0,0.0595138323541319,0.0578101541899621,0.75,64.64647009547531,AMD
2017-06-21,13.359999656677246,14.010000228881836,13.130000114440918,13.979999542236328,13.979999542236328,188796100.0,0.1060125919712846,0.1007612881811597,0.880000114440918,75.29020638269003,AMD
2017-06-22,14.100000381469728,14.5,13.5600004196167,14.380000114440918,14.380000114440918,149594200.0,0.0286123451575308,0.0282106561897586,0.9399995803833008,77.18750144354988,AMD
2017-06-23,14.149999618530272,14.670000076293944,13.899999618530272,14.170000076293944,14.170000076293944,200777300.0,-0.014603618670078,-0.0147113011644627,0.7700004577636719,73.36523198772483,AMD
2017-06-26,14.390000343322754,14.489999771118164,13.84000015258789,14.079999923706056,14.079999923706056,101012500.0,-0.0063514574525976,-0.0063717137754846,0.6499996185302734,68.40215396821786,AMD
2017-06-27,13.760000228881836,14.039999961853027,13.369999885559082,13.399999618530272,13.399999618530272,89319700.0,-0.0482954764815651,-0.0495006668223173,0.6700000762939453,58.64406275564328,AMD
2017-06-28,13.649999618530272,13.699999809265137,13.09000015258789,13.229999542236328,13.229999542236328,85266900.0,-0.0126865732189169,-0.0127677349625401,0.6099996566772461,52.97297167261383,AMD
2017-06-29,13.0600004196167,13.149999618530272,12.449999809265137,12.600000381469728,12.600000381469728,87634400.0,-0.0476189858325655,-0.0487900992936279,0.6999998092651349,52.87770345636591,AMD
2017-06-30,12.56999969482422,12.829999923706056,12.359999656677246,12.479999542236328,12.479999542236328,59267400.0,-0.0095238758412959,-0.0095695179713075,0.4700002670288103,53.55190592361853,AMD
2017-07-03,12.56999969482422,12.729999542236328,12.130000114440918,12.149999618530272,12.149999618530272,39929100.0,-0.0264423025489087,-0.0267981878716279,0.5999994277954102,51.669591658217946,AMD
2017-07-05,12.359999656677246,13.210000038146973,12.31999969482422,13.1899995803833,13.1899995803833,99450200.0,0.0855967073667145,0.0821297965261063,0.8900003433227521,60.856259302514296,AMD
2017-07-06,12.9399995803833,13.31999969482422,12.670000076293944,13.020000457763672,13.020000457763672,88927800.0,-0.0128884858247045,-0.0129722629770552,0.649999618530277,61.8012448114346,AMD
2017-07-07,13.270000457763672,13.75,13.18000030517578,13.359999656677246,13.359999656677246,88392100.0,0.0261136088294711,0.0257784704717657,0.5699996948242205,64.28571631308336,AMD
2017-07-10,13.609999656677246,13.880000114440918,13.270000457763672,13.8100004196167,13.8100004196167,78320200.0,0.0336826927023568,0.0331278553955008,0.6099996566772461,64.07185851012359,AMD
2017-07-11,13.770000457763672,14.100000381469728,13.619999885559082,13.890000343322754,13.890000343322754,71102300.0,0.0057928979924155,0.0057761836773236,0.4800004959106463,60.330579815141625,AMD
2017-07-12,14.170000076293944,14.390000343322754,13.960000038146973,14.289999961853027,14.289999961853027,78508400.0,0.0287976680088826,0.0283908077887758,0.4300003051757812,53.03327241139459,AMD
2017-07-13,14.329999923706056,14.489999771118164,13.43000030517578,13.529999732971191,13.529999732971191,111656900.0,-0.0531840609454616,-0.0546505668256462,1.0599994659423846,42.230342886931176,AMD
2017-07-14,13.460000038146973,13.93000030517578,13.31999969482422,13.920000076293944,13.920000076293944,82084600.0,0.0288248596466977,0.0284172379405177,0.610000610351559,47.78761047009564,AMD
2017-07-17,14.029999732971191,14.119999885559082,13.510000228881836,13.800000190734863,13.800000190734863,71690800.0,-0.0086206813865929,-0.0086580544026345,0.6099996566772461,47.53521333680102,AMD
2017-07-18,13.289999961853027,13.529999732971191,13.149999618530272,13.479999542236328,13.479999542236328,78366500.0,-0.0231884524692528,-0.0234615344590948,0.3800001144409197,50.75187902533046,AMD
2017-07-19,13.619999885559082,13.739999771118164,13.40999984741211,13.550000190734863,13.550000190734863,51957800.0,0.0051929266228241,0.0051794898766525,0.3299999237060547,53.06514015449157,AMD
2017-07-20,13.609999656677246,13.890000343322754,13.449999809265137,13.800000190734863,13.800000190734863,47707500.0,0.0184501842421334,0.0182820445824424,0.4400005340576172,62.39668941100573,AMD
2017-07-21,13.699999809265137,14.050000190734863,13.619999885559082,13.880000114440918,13.880000114440918,51045700.0,0.0057970958406048,0.0057803573391555,0.4300003051757812,64.583338714308,AMD
2017-07-24,14.0,14.4399995803833,13.970000267028809,14.15999984741211,14.15999984741211,71014900.0,0.0201728912581113,0.0199721141659112,0.4699993133544922,71.15789714612461,AMD
2017-07-25,14.289999961853027,14.31999969482422,13.869999885559082,14.109999656677246,14.109999656677246,98047400.0,-0.0035310869543547,-0.0035373359567451,0.4499998092651385,62.23404282301786,AMD
2017-07-26,15.130000114440918,15.649999618530272,14.399999618530272,14.760000228881836,14.760000228881836,236083000.0,0.0460666610928648,0.0450370931463782,1.25,70.51885710275658,AMD
2017-07-27,14.989999771118164,15.039999961853027,13.699999809265137,14.119999885559082,14.119999885559082,130303700.0,-0.043360456192299,-0.0443286107190106,1.3400001525878906,58.37004136927381,AMD
2017-07-28,13.850000381469728,14.100000381469728,13.68000030517578,13.949999809265137,13.949999809265137,66763800.0,-0.0120396655574911,-0.0121127293655905,0.4200000762939488,51.643184500516696,AMD
2017-07-31,14.09000015258789,14.220000267028809,13.470000267028809,13.609999656677246,13.609999656677246,69108700.0,-0.0243727711280736,-0.0246747031570218,0.75,46.90264889232474,AMD
2017-08-01,13.720000267028809,13.859999656677246,13.449999809265137,13.710000038146973,13.710000038146973,49149900.0,0.0073475667885609,0.0073207049190401,0.4099998474121094,43.12796808312056,AMD
2017-08-02,13.8100004196167,13.93000030517578,13.119999885559082,13.369999885559082,13.369999885559082,67502200.0,-0.0247994275449939,-0.0251121138023209,0.8100004196166974,47.894740540562246,AMD
2017-08-03,13.420000076293944,13.520000457763672,13.079999923706056,13.239999771118164,13.239999771118164,52557400.0,-0.0097232696749183,-0.0097708493326073,0.4400005340576154,40.39548357445472,AMD
2017-08-04,13.199999809265137,13.359999656677246,13.020000457763672,13.119999885559082,13.119999885559082,64254000.0,-0.0090634356218683,-0.0091047584284022,0.3399991989135742,40.39548357445469,AMD
2017-08-07,13.329999923706056,13.56999969482422,13.270000457763672,13.43000030517578,13.43000030517578,57486800.0,0.0236280809695668,0.0233532584652724,0.2999992370605486,49.29179602947578,AMD
2017-08-08,13.479999542236328,13.550000190734863,13.079999923706056,13.109999656677246,13.109999656677246,47338000.0,-0.0238273001658241,-0.0241157616708293,0.4700002670288068,44.17989110964219,AMD
2017-08-09,12.760000228881836,12.890000343322754,12.539999961853027,12.829999923706056,12.829999923706056,58861500.0,-0.0213577223725234,-0.0215890989067372,0.3500003814697265,37.27034547769667,AMD
2017-08-10,12.699999809265137,12.920000076293944,12.109999656677246,12.119999885559082,12.119999885559082,83113400.0,-0.0553390524060022,-0.0569292014821694,0.8100004196166974,30.180188500927883,AMD
2017-08-11,12.039999961853027,12.390000343322754,11.880000114440918,12.229999542236328,12.229999542236328,63558800.0,0.0090758793494964,0.0090349410706593,0.5100002288818359,27.400477328248243,AMD
2017-08-14,12.579999923706056,12.850000381469728,12.579999923706056,12.760000228881836,12.760000228881836,64426100.0,0.0433361166380381,0.0424233835845837,0.2700004577636719,35.78948826670097,AMD
2017-08-15,13.010000228881836,13.140000343322754,12.75,13.020000457763672,13.020000457763672,57990300.0,0.0203761931205403,0.020171376084831,0.3900003433227539,30.04588570701128,AMD
2017-08-16,13.170000076293944,13.1899995803833,12.520000457763672,12.630000114440918,12.630000114440918,64639400.0,-0.0299539423664306,-0.0304117265154843,0.6699991226196289,31.87349320710497,AMD
2017-08-17,12.460000038146973,12.649999618530272,12.31999969482422,12.34000015258789,12.34000015258789,47371000.0,-0.0229612002553702,-0.0232289145808895,0.3299999237060511,30.96928200990241,AMD
2017-08-18,12.43000030517578,12.5600004196167,12.25,12.369999885559082,12.369999885559082,37521700.0,0.0024310966450757,0.0024281463103586,0.3100004196166992,34.18368439234919,AMD
2017-08-21,12.420000076293944,12.420000076293944,11.859999656677246,12.050000190734863,12.050000190734863,58888500.0,-0.0258690135638393,-0.0262095013876243,0.5600004196166974,29.951698944923223,AMD
2017-08-22,12.199999809265137,12.329999923706056,12.100000381469728,12.170000076293944,12.170000076293944,39033200.0,0.0099584965692653,0.0099092375031701,0.2299995422363281,34.69388400549916,AMD
2017-08-23,12.0,12.539999961853027,11.949999809265137,12.479999542236328,12.479999542236328,44345400.0,0.0254724292521768,0.0251534129930461,0.5900001525878906,40.73170538816634,AMD
2017-08-24,12.6899995803833,12.710000038146973,12.390000343322754,12.5,12.5,37269700.0,0.0016026008411285,0.0016013180467558,0.3199996948242187,42.250003278254674,AMD
2017-08-25,12.510000228881836,12.56999969482422,12.25,12.43000030517578,12.43000030517578,29732000.0,-0.0055999755859376,-0.0056157142340849,0.3199996948242205,36.70212846905353,AMD
2017-08-28,12.529999732971191,12.550000190734863,12.15999984741211,12.229999542236328,12.229999542236328,35969600.0,-0.0160901655695191,-0.0162210178046627,0.3900003433227539,37.91208748022239,AMD
2017-08-29,12.0,12.18000030517578,11.93000030517578,12.149999618530272,12.149999618530272,33618100.0,-0.0065412859117268,-0.0065627738796362,0.25,40.11627616851418,AMD
2017-08-30,12.1899995803833,12.68000030517578,12.15999984741211,12.670000076293944,12.670000076293944,43933000.0,0.042798392929215,0.0419078619647975,0.5200004577636701,58.46153891298176,AMD
2017-08-31,12.81999969482422,13.15999984741211,12.789999961853027,13.0,13.0,51822100.0,0.0260457712485338,0.0257123571068677,0.369999885559082,61.09510355745129,AMD
2017-09-01,13.119999885559082,13.489999771118164,13.039999961853027,13.1899995803833,13.1899995803833,53158600.0,0.014615352337177,0.0145095774544412,0.4499998092651367,56.8689989741146,AMD
2017-09-05,12.880000114440918,13.18000030517578,12.649999618530272,12.920000076293944,12.920000076293944,51445500.0,-0.0204700161242545,-0.0206824306564181,0.5300006866455078,48.40763692822048,AMD
2017-09-06,13.020000457763672,13.079999923706056,12.75,12.859999656677246,12.859999656677246,34182400.0,-0.0046439952989465,-0.004654812147035,0.3299999237060564,54.09251932293862,AMD
2017-09-07,12.84000015258789,12.9399995803833,12.600000381469728,12.630000114440918,12.630000114440918,35816900.0,-0.0178848793449932,-0.0180467466890863,0.3399991989135724,55.27272840767892,AMD
2017-09-08,12.56999969482422,12.609999656677246,12.039999961853027,12.25,12.25,60886200.0,-0.0300871030085291,-0.0305490084327023,0.5699996948242188,48.06451761759807,AMD
2017-09-11,12.460000038146973,12.739999771118164,12.399999618530272,12.550000190734863,12.550000190734863,43346100.0,0.0244898114885603,0.0241947437850539,0.3400001525878924,58.116883317944485,AMD
2017-09-12,12.65999984741211,12.68000030517578,12.210000038146973,12.300000190734863,12.300000190734863,54413100.0,-0.0199203184223506,-0.0201214028905186,0.4700002670288068,52.02492387688512,AMD
2017-09-13,12.220000267028809,12.359999656677246,12.119999885559082,12.220000267028809,12.220000267028809,37210700.0,-0.0065040587370328,-0.0065253022900374,0.239999771118164,45.63759677952558,AMD
2017-09-14,12.149999618530272,12.460000038146973,12.109999656677246,12.260000228881836,12.260000228881836,37220200.0,0.0032733192290472,0.003267973581823,0.3500003814697265,46.00000381469727,AMD
2017-09-15,12.329999923706056,12.65999984741211,12.3100004196167,12.520000457763672,12.520000457763672,50337400.0,0.0212071960871038,0.0209854530574886,0.3499994277954101,51.4106604627024,AMD
2017-09-18,12.770000457763672,13.300000190734863,12.739999771118164,13.079999923706056,13.079999923706056,83517400.0,0.0447283902130473,0.0437569379616369,0.5600004196166992,61.97183893162665,AMD
2017-09-19,13.25,13.289999961853027,12.880000114440918,13.119999885559082,13.119999885559082,65455200.0,0.0030581010769372,0.0030534345971296,0.4099998474121094,63.817670474753314,AMD
2017-09-20,13.06999969482422,13.800000190734863,12.800000190734863,13.739999771118164,13.739999771118164,102682400.0,0.047256089250542,0.0461734953428244,1.0,64.81994569602136,AMD
2017-09-21,14.0,14.239999771118164,13.31999969482422,13.40999984741211,13.40999984741211,166821900.0,-0.0240174620963038,-0.0243105842212138,0.9200000762939436,55.67867028693191,AMD
2017-09-22,13.199999809265137,13.399999618530272,13.119999885559082,13.300000190734863,13.300000190734863,50547000.0,-0.0082028081975313,-0.0082366363462475,0.2799997329711896,51.5580828383951,AMD
2017-09-25,13.25,13.279999732971191,12.489999771118164,12.609999656677246,12.609999656677246,84172200.0,-0.0518797386588227,-0.0532739268180768,0.7899999618530273,46.07594386600273,AMD
2017-09-26,12.850000381469728,12.93000030517578,12.43000030517578,12.449999809265137,12.449999809265137,68302000.0,-0.0126883308301587,-0.0127695151599511,0.5,44.9382725352106,AMD
2017-09-27,12.649999618530272,12.869999885559082,12.5,12.739999771118164,12.739999771118164,59947200.0,0.023293169983602,0.0230260245877626,0.369999885559082,51.33819544849033,AMD
2017-09-28,12.760000228881836,12.84000015258789,12.550000190734863,12.739999771118164,12.739999771118164,35812300.0,0.0,0.0,0.2899999618530273,56.568362349240175,AMD
2017-09-29,12.770000457763672,12.81999969482422,12.600000381469728,12.75,12.75,33926900.0,0.0007849473360672,0.0007846394260253,0.2199993133544922,52.90697432647436,AMD
2017-10-02,12.800000190734863,12.850000381469728,12.619999885559082,12.710000038146973,12.710000038146973,34461100.0,-0.0031372519100413,-0.003142183401737,0.2300004959106463,56.34674776344149,AMD
2017-10-03,12.729999542236328,13.479999542236328,12.699999809265137,13.420000076293944,13.420000076293944,85174000.0,0.055861529190875,0.0543570490259302,0.7799997329711914,65.54404036266308,AMD
2017-10-04,13.3100004196167,13.5,13.149999618530272,13.3100004196167,13.3100004196167,42303200.0,-0.0081966956819586,-0.0082304732951848,0.3500003814697283,63.35878325697063,AMD
2017-10-05,13.380000114440918,13.460000038146973,13.210000038146973,13.34000015258789,13.34000015258789,34758600.0,0.0022539242693768,0.0022513879924066,0.25,61.08108038445976,AMD
2017-10-06,13.220000267028809,13.390000343322754,13.18000030517578,13.229999542236328,13.229999542236328,28258700.0,-0.0082459227206397,-0.0082801083994151,0.2100000381469744,52.307686438927256,AMD
2017-10-09,13.260000228881836,13.829999923706056,13.260000228881836,13.470000267028809,13.470000267028809,54032500.0,0.0181406449808472,0.0179780667198024,0.5699996948242205,55.07246817492761,AMD
2017-10-10,13.720000267028809,13.789999961853027,13.4399995803833,13.699999809265137,13.699999809265137,43304000.0,0.0170749471178044,0.0169308086655889,0.3500003814697265,49.34640594170183,AMD
2017-10-11,13.619999885559082,13.960000038146973,13.609999656677246,13.880000114440918,13.880000114440918,38746600.0,0.0131387085899117,0.0130531444118549,0.3500003814697265,58.07560373958211,AMD
2017-10-12,13.850000381469728,14.369999885559082,13.8100004196167,14.199999809265137,14.199999809265137,69874100.0,0.023054732866413,0.0227929878515009,0.5599994659423828,64.42306693019046,AMD
2017-10-13,14.31999969482422,14.40999984741211,14.119999885559082,14.220000267028809,14.220000267028809,37515800.0,0.0014084829600224,0.0014074919783095,0.2899999618530273,82.85714508145549,AMD
2017-10-16,14.25,14.350000381469728,14.119999885559082,14.260000228881836,14.260000228881836,34136800.0,0.0028129367863496,0.0028089878832774,0.2300004959106463,88.84119609542148,AMD
2017-10-17,14.239999771118164,14.350000381469728,14.140000343322754,14.15999984741211,14.15999984741211,28995600.0,-0.0070126493593729,-0.0070373535471767,0.2100000381469744,83.1775517679953,AMD
2017-10-18,14.199999809265137,14.279999732971191,13.760000228881836,14.06999969482422,14.06999969482422,39020300.0,-0.0063559430478622,-0.0063762280531161,0.5199995040893555,79.82060670753361,AMD
2017-10-19,13.850000381469728,14.039999961853027,13.6899995803833,13.949999809265137,13.949999809265137,33795700.0,-0.0085287766994924,-0.008565354841852,0.3500003814697265,75.64100944340908,AMD
2017-10-20,14.029999732971191,14.09000015258789,13.800000190734863,13.8100004196167,13.8100004196167,32538900.0,-0.0100357986783236,-0.0100864967884351,0.2899999618530273,72.54098648987741,AMD
2017-10-23,13.9399995803833,14.1899995803833,13.899999618530272,14.100000381469728,14.100000381469728,49838000.0,0.020999272486704,0.0207818266325234,0.2899999618530291,66.83168690784873,AMD
2017-10-24,14.199999809265137,14.359999656677246,14.149999618530272,14.25,14.25,84891600.0,0.0106382705299357,0.0105820822759466,0.2100000381469744,72.81551914824864,AMD
2017-10-25,12.949999809265137,13.130000114440918,12.289999961853027,12.329999923706056,12.329999923706056,166762100.0,-0.1347368474592241,-0.1447215957260743,0.8400001525878906,37.2151894455556,AMD
2017-10-26,12.449999809265137,12.460000038146973,12.0,12.010000228881836,12.010000228881836,87625400.0,-0.0259529356694462,-0.0262956558390881,0.4600000381469726,35.336546176637,AMD
2017-10-27,12.170000076293944,12.1899995803833,11.350000381469728,11.84000015258789,11.84000015258789,115650400.0,-0.0141548770236595,-0.0142560128061467,0.8399991989135724,30.07334433129114,AMD
2017-10-30,11.260000228881836,11.420000076293944,10.649999618530272,10.890000343322754,10.890000343322754,137785100.0,-0.0802364693430762,-0.083638673872058,0.7700004577636719,20.790023098351384,AMD
2017-10-31,10.760000228881836,11.3100004196167,10.6899995803833,10.989999771118164,10.989999771118164,78600000.0,0.009182683621927,0.0091407791178648,0.6200008392333984,19.450304379463304,AMD
2017-11-01,11.25,11.289999961853027,10.720000267028809,10.800000190734863,10.800000190734863,66875500.0,-0.0172884062184078,-0.0174395957983477,0.5699996948242188,13.043470148325426,AMD
2017-11-02,10.869999885559082,10.989999771118164,10.65999984741211,10.850000381469728,10.850000381469728,47942500.0,0.0046296472085027,0.0046189633541589,0.3299999237060547,13.60689859018872,AMD
2017-11-03,10.949999809265137,11.130000114440918,10.81999969482422,11.119999885559082,11.119999885559082,44264300.0,0.0248847460457675,0.0245801633860186,0.3100004196166974,17.695454758631,AMD
2017-11-06,12.039999961853027,12.09000015258789,11.640000343322754,11.93000030517578,11.93000030517578,96349800.0,0.0728417651036668,0.0703109831593722,0.4499998092651367,29.98204283625934,AMD
2017-11-07,11.9399995803833,12.270000457763672,11.920000076293944,12.050000190734863,12.050000190734863,67900200.0,0.010058665757705,0.0100084140749239,0.3500003814697283,31.964282156251755,AMD
2017-11-08,11.9399995803833,11.949999809265137,11.510000228881836,11.710000038146973,11.710000038146973,59065000.0,-0.0282157798511334,-0.0286214948980165,0.4399995803833008,30.75600839626985,AMD
2017-11-09,11.25,11.350000381469728,11.029999732971191,11.119999885559082,11.119999885559082,76821200.0,-0.0503842998006731,-0.0516979023362799,0.3200006484985369,28.54863511986335,AMD
2017-11-10,11.220000267028809,11.43000030517578,11.119999885559082,11.260000228881836,11.260000228881836,50209900.0,0.0125899590614713,0.012511364507541,0.3100004196166974,26.797380324760425,AMD
2017-11-13,11.18000030517578,11.199999809265137,10.920000076293944,11.09000015258789,11.09000015258789,54068300.0,-0.0150976974101559,-0.0152128279171998,0.2799997329711932,24.267099661771752,AMD
2017-11-14,11.029999732971191,11.260000228881836,11.0,11.119999885559082,11.119999885559082,37245000.0,0.002705115649993,0.0027014634096588,0.2600002288818359,35.76470223925023,AMD
2017-11-15,11.010000228881836,11.130000114440918,10.770000457763672,11.06999969482422,11.06999969482422,33524700.0,-0.0044964200763881,-0.0045065593782628,0.3599996566772461,38.19094670637276,AMD
2017-11-16,11.130000114440918,11.31999969482422,11.130000114440918,11.25,11.25,31800400.0,0.0162601906177051,0.016129409497705,0.1899995803833025,42.60651395447889,AMD
2017-11-17,11.300000190734863,11.75,11.279999732971191,11.380000114440918,11.380000114440918,56775600.0,0.0115555657280816,0.0114893101040754,0.4700002670288086,57.72870282847161,AMD
2017-11-20,11.470000267028809,11.510000228881836,11.1899995803833,11.34000015258789,11.34000015258789,35960200.0,-0.0035149351011225,-0.0035211269991762,0.3200006484985351,55.62701467492898,AMD
2017-11-21,11.420000076293944,11.489999771118164,11.239999771118164,11.399999618530272,11.399999618530272,31881700.0,0.0052909581247835,0.0052770101828641,0.25,60.06710281791512,AMD
2017-11-22,11.40999984741211,11.489999771118164,11.300000190734863,11.369999885559082,11.369999885559082,23816500.0,-0.0026315556118463,-0.002635024240912,0.1899995803833007,58.783775293713965,AMD
2017-11-24,11.380000114440918,11.420000076293944,11.300000190734863,11.380000114440918,11.380000114440918,11035800.0,0.0008795276149946,0.0008791410572241,0.1199998855590802,54.8148176928435,AMD
2017-11-27,11.34000015258789,11.739999771118164,11.34000015258789,11.550000190734863,11.550000190734863,41798300.0,0.0149384951304367,0.0148280147271389,0.3999996185302734,40.776698130196905,AMD
2017-11-28,11.449999809265137,11.539999961853027,11.0,11.170000076293944,11.170000076293944,65325700.0,-0.0329004422654249,-0.0334538335702795,0.5399999618530273,31.034485593561318,AMD
2017-11-29,11.079999923706056,11.170000076293944,10.729999542236328,10.829999923706056,10.829999923706056,63333800.0,-0.0304386884749865,-0.0309115659431501,0.4400005340576154,31.03448559356136,AMD
2017-11-30,10.869999885559082,11.029999732971191,10.760000228881836,10.890000343322754,10.890000343322754,43205000.0,0.0055402049897859,0.0055249145030785,0.2699995040893554,43.57543506706615,AMD
2017-12-01,10.8100004196167,10.970000267028809,10.529999732971191,10.729999542236328,10.729999542236328,42128800.0,-0.0146924514271967,-0.0148014544907244,0.4400005340576172,35.35910816239209,AMD
2017-12-04,10.850000381469728,10.859999656677246,9.81999969482422,10.029999732971191,10.029999732971191,97328300.0,-0.0652376364518692,-0.0674629386297358,1.0399999618530256,27.35042909210645,AMD
2017-12-05,9.890000343322754,10.34000015258789,9.699999809265137,9.90999984741211,9.90999984741211,67304100.0,-0.0119640965856271,-0.0120362424063008,0.6400003433227539,25.102892771348536,AMD
2017-12-06,9.899999618530272,10.050000190734863,9.710000038146973,10.0,10.0,38952200.0,0.0090817511577856,0.0090407600495145,0.3400001525878906,28.34009785388625,AMD
2017-12-07,10.06999969482422,10.1899995803833,9.949999809265137,10.039999961853027,10.039999961853027,32665600.0,0.0039999961853027,0.0039920174700382,0.239999771118164,24.03434372292203,AMD
2017-12-08,10.149999618530272,10.199999809265137,9.920000076293944,9.9399995803833,9.9399995803833,34897000.0,-0.0099601973953862,-0.0100101320105617,0.2799997329711932,18.695656140042345,AMD
2017-12-11,9.970000267028809,10.15999984741211,9.960000038146973,10.15999984741211,10.15999984741211,29956400.0,0.0221328245790857,0.0218914486783205,0.1999998092651367,26.209685172295707,AMD
2017-12-12,10.130000114440918,10.140000343322754,9.880000114440918,9.899999618530272,9.899999618530272,36211000.0,-0.0255905740931741,-0.0259237085235947,0.2600002288818359,22.014948476720026,AMD
2017-12-13,9.970000267028809,10.210000038146973,9.949999809265137,10.109999656677246,10.109999656677246,41494800.0,0.0212121258827029,0.0209902804654024,0.2600002288818359,27.972043362132496,AMD
2017-12-14,10.100000381469728,10.170000076293944,9.960000038146973,10.130000114440918,10.130000114440918,29006800.0,0.0019782847124492,0.0019763304841696,0.2100000381469708,28.223017356191377,AMD
2017-12-15,10.130000114440918,10.31999969482422,10.020000457763672,10.289999961853027,10.289999961853027,45462300.0,0.0157946540577051,0.0156712165809495,0.2999992370605486,27.972043362132496,AMD
2017-12-18,10.600000381469728,11.0,10.510000228881836,10.979999542236328,10.979999542236328,63797700.0,0.067055353055516,0.0649028482519337,0.489999771118164,47.00314802580517,AMD
2017-12-19,11.0,11.1899995803833,10.869999885559082,10.949999809265137,10.949999809265137,43852900.0,-0.0027322162315027,-0.0027359555469024,0.3199996948242187,52.097898949925096,AMD
2017-12-20,11.100000381469728,11.18000030517578,10.800000190734863,10.979999542236328,10.979999542236328,31420300.0,0.0027397016889267,0.0027359555469025,0.3800001144409162,51.59009136062324,AMD
2017-12-21,10.979999542236328,11.079999923706056,10.869999885559082,10.890000343322754,10.890000343322754,21884300.0,-0.0081966486945084,-0.0082304259194109,0.2100000381469744,52.89856599825367,AMD
2017-12-22,10.75,10.770000457763672,10.199999809265137,10.539999961853027,10.539999961853027,50744500.0,-0.0321396116102357,-0.0326674289773334,0.5700006484985352,60.58091828158164,AMD
2017-12-26,10.380000114440918,10.579999923706056,10.34000015258789,10.460000038146973,10.460000038146973,20437900.0,-0.0075901256162803,-0.0076190772102439,0.2399997711181658,61.60338011166439,AMD
2017-12-27,10.449999809265137,10.739999771118164,10.399999618530272,10.529999732971191,10.529999732971191,22921800.0,0.0066921314119439,0.0066698385033075,0.3400001525878924,61.27659280896923,AMD
2017-12-28,10.56999969482422,10.640000343322754,10.43000030517578,10.550000190734863,10.550000190734863,18609400.0,0.0018993787531682,0.0018975772141867,0.2100000381469744,60.94421127857031,AMD
2017-12-29,10.56999969482422,10.579999923706056,10.270000457763672,10.279999732971191,10.279999732971191,26678900.0,-0.0255924599888434,-0.0259256439497556,0.3099994659423846,56.8000030517578,AMD
2018-01-02,10.420000076293944,11.020000457763672,10.34000015258789,10.979999542236328,10.979999542236328,44146300.0,0.0680933684287965,0.0658751603392495,0.6800003051757812,63.75838625479876,AMD
2018-01-03,11.609999656677246,12.140000343322754,11.359999656677246,11.550000190734863,11.550000190734863,154066700.0,0.051912629532081,0.0506100590909401,0.7800006866455078,75.07599682881548,AMD
2018-01-04,12.100000381469728,12.43000030517578,11.970000267028809,12.119999885559082,12.119999885559082,109503000.0,0.0493506221135353,0.0481715177172049,0.4600000381469709,77.53425258837689,AMD
2018-01-05,12.1899995803833,12.220000267028809,11.65999984741211,11.880000114440918,11.880000114440918,63808900.0,-0.0198019615003562,-0.0200006476312756,0.5600004196166992,72.60982536173098,AMD
2018-01-08,12.010000228881836,12.300000190734863,11.850000381469728,12.279999732971191,12.279999732971191,63346000.0,0.0336700012354416,0.0331155774064063,0.4499998092651349,74.20925059738084,AMD
2018-01-09,12.0,12.020000457763672,11.710000038146973,11.81999969482422,11.81999969482422,62560900.0,-0.0374592873086058,-0.0381789148146212,0.3100004196166992,60.82474657574317,AMD
2018-01-10,11.630000114440918,12.149999618530272,11.5600004196167,11.960000038146973,11.960000038146973,52561200.0,0.0118443609930087,0.0117747655526739,0.5899991989135724,62.656645198237605,AMD
2018-01-11,12.06999969482422,12.1899995803833,11.899999618530272,12.140000343322754,12.140000343322754,38354900.0,0.0150501926924466,0.0149380621996126,0.2899999618530291,64.00967034890887,AMD
2018-01-12,11.81999969482422,12.06999969482422,11.800000190734863,12.020000457763672,12.020000457763672,47149300.0,-0.009884669041635,-0.0099338467210835,0.2699995040893572,63.54915869708453,AMD
2018-01-16,12.050000190734863,12.199999809265137,11.800000190734863,11.90999984741211,11.90999984741211,42686600.0,-0.0091514647389645,-0.0091935966350979,0.3999996185302734,67.43001840615108,AMD
2018-01-17,11.899999618530272,12.1899995803833,11.81999969482422,12.18000030517578,12.18000030517578,39020800.0,0.0226700639145966,0.0224169167817703,0.3699998855590802,70.87378056472772,AMD
2018-01-18,12.18000030517578,12.68000030517578,12.149999618530272,12.470000267028809,12.470000267028809,62086200.0,0.0238095200810295,0.023530493768409,0.5300006866455078,72.35022595917837,AMD
2018-01-19,12.5600004196167,12.880000114440918,12.539999961853027,12.59000015258789,12.59000015258789,46800700.0,0.0096230860456647,0.0095770790703821,0.3400001525878906,72.97296484572928,AMD
2018-01-22,12.609999656677246,12.739999771118164,12.369999885559082,12.649999618530272,12.649999618530272,34758600.0,0.0047656445762669,0.0047543248417943,0.369999885559082,78.01417976014757,AMD
2018-01-23,12.81999969482422,13.0,12.760000228881836,12.9399995803833,12.9399995803833,46417200.0,0.0229248988615164,0.0226660716270601,0.239999771118164,75.65444640588424,AMD
2018-01-24,13.020000457763672,13.050000190734863,12.600000381469728,12.710000038146973,12.710000038146973,41956400.0,-0.0177743083226217,-0.0179341684421812,0.4499998092651349,66.66666666666669,AMD
2018-01-25,12.779999732971191,12.9399995803833,12.31999969482422,12.40999984741211,12.40999984741211,42966600.0,-0.0236034767769049,-0.0238865012817416,0.6199998855590803,54.517133308516016,AMD
2018-01-26,12.699999809265137,12.949999809265137,12.619999885559082,12.949999809265137,12.949999809265137,44239000.0,0.043513293190381,0.0425931864960292,0.3299999237060547,65.24215990101351,AMD
2018-01-29,13.130000114440918,13.470000267028809,13.050000190734863,13.31999969482422,13.31999969482422,66645400.0,0.0285714201551081,0.0281708687841625,0.4200000762939453,64.94252605818787,AMD
2018-01-30,13.119999885559082,13.270000457763672,12.6899995803833,12.869999885559082,12.869999885559082,91236400.0,-0.0337837702383728,-0.0343676294851812,0.5800008773803711,65.1296845811762,AMD
2018-01-31,13.239999771118164,13.850000381469728,13.149999618530272,13.739999771118164,13.739999771118164,140977800.0,0.0675990593080948,0.0654122574201694,0.7000007629394567,71.1904739738861,AMD
2018-02-01,13.619999885559082,13.84000015258789,13.210000038146973,13.25,13.25,67543300.0,-0.0356622837904376,-0.0363137177039053,0.630000114440918,62.30598486766021,AMD
2018-02-02,13.050000190734863,13.0600004196167,12.43000030517578,12.449999809265137,12.449999809265137,79432600.0,-0.06037737288565,-0.062276944841584,0.6300001144409197,54.14257597560063,AMD
2018-02-05,12.050000190734863,12.18000030517578,10.93000030517578,11.56999969482422,11.56999969482422,116568900.0,-0.0706827411986007,-0.0733050927615341,1.25,47.14764928845646,AMD
2018-02-06,11.039999961853027,11.739999771118164,11.0,11.649999618530272,11.649999618530272,87123200.0,0.0069144274689858,0.0068906324384132,0.7399997711181641,45.40727192550695,AMD
2018-02-07,11.699999809265137,11.899999618530272,11.529999732971191,11.600000381469728,11.600000381469728,55758400.0,-0.0042917801457277,-0.0043010162698865,0.3699998855590802,42.13381349330695,AMD
2018-02-08,11.720000267028809,11.850000381469728,11.210000038146973,11.220000267028809,11.220000267028809,56471800.0,-0.0327586294779735,-0.0333072071037307,0.6400003433227557,38.16925435326117,AMD
2018-02-09,11.539999961853027,11.56999969482422,10.630000114440918,11.3100004196167,11.3100004196167,85458200.0,0.008021403783061,0.0079894033355074,0.9399995803833026,38.48797690075773,AMD
2018-02-12,11.470000267028809,11.800000190734863,11.43000030517578,11.68000030517578,11.68000030517578,63160900.0,0.0327144006924466,0.0321906762987275,0.3699998855590838,39.32203762423831,AMD
2018-02-13,11.600000381469728,11.81999969482422,11.529999732971191,11.779999732971191,11.779999732971191,33661400.0,0.0085615946217996,0.0085251520273159,0.2899999618530291,41.94106985426464,AMD
2018-02-14,11.720000267028809,12.3100004196167,11.630000114440918,12.199999809265137,12.199999809265137,51756800.0,0.035653657539431,0.0350327805497454,0.6800003051757812,48.21731669006597,AMD
2018-02-15,12.399999618530272,12.630000114440918,12.06999969482422,12.1899995803833,12.1899995803833,59593800.0,-0.0008196909047688,-0.000820027035053,0.5600004196166974,42.91044391059229,AMD
2018-02-16,12.109999656677246,12.229999542236328,11.81999969482422,11.81999969482422,11.81999969482422,47332300.0,-0.0303527398109595,-0.0308229229107946,0.4099998474121076,36.00745930069321,AMD
2018-02-20,11.720000267028809,12.1899995803833,11.710000038146973,12.020000457763672,12.020000457763672,47096500.0,0.0169205387566151,0.016778981031203,0.4799995422363281,41.68297959976655,AMD
2018-02-21,12.119999885559082,12.119999885559082,11.720000267028809,11.720000267028809,11.720000267028809,40195800.0,-0.0249584175798507,-0.0252751602576665,0.3999996185302734,27.753309239402668,AMD
2018-02-22,11.81999969482422,12.0,11.630000114440918,11.84000015258789,11.84000015258789,37886300.0,0.0102388978519625,0.0101868354104559,0.369999885559082,33.09352731876639,AMD
2018-02-23,11.949999809265137,12.15999984741211,11.9399995803833,12.06999969482422,12.06999969482422,33317600.0,0.0194256367628558,0.0192393674822635,0.2200002670288086,44.72221979388447,AMD
2018-02-26,12.140000343322754,12.43000030517578,12.050000190734863,12.420000076293944,12.420000076293944,42265200.0,0.0289975468367085,0.0285850728225484,0.3800001144409162,63.84365579747061,AMD
2018-02-27,12.43000030517578,12.880000114440918,12.390000343322754,12.529999732971191,12.529999732971191,55975300.0,0.0088566550725877,0.0088176649486565,0.489999771118164,64.19355285279426,AMD
2018-02-28,12.65999984741211,12.729999542236328,12.100000381469728,12.109999656677246,12.109999656677246,43387500.0,-0.0335195598758686,-0.0340942183821696,0.6299991607665998,57.34869216082519,AMD
2018-03-01,12.260000228881836,12.270000457763672,11.65999984741211,11.899999618530272,11.899999618530272,63207400.0,-0.0173410441040916,-0.0174931611534457,0.6100006103515625,60.3030198817964,AMD
2018-03-02,11.670000076293944,11.93000030517578,11.43000030517578,11.8100004196167,11.8100004196167,58123500.0,-0.0075629581343371,-0.0075917023213066,0.5,57.57575932722597,AMD
2018-03-05,11.6899995803833,12.0600004196167,11.609999656677246,11.90999984741211,11.90999984741211,43734800.0,0.0084673517563393,0.0084317048155662,0.4500007629394531,53.795373513148775,AMD
2018-03-06,12.010000228881836,12.050000190734863,11.710000038146973,11.760000228881836,11.760000228881836,46751200.0,-0.0125944265702796,-0.0126744086222412,0.3400001525878906,49.67533261725166,AMD
2018-03-07,11.579999923706056,12.81999969482422,11.550000190734863,12.239999771118164,12.239999771118164,127603200.0,0.0408162868107331,0.0400052964514616,1.2699995040893572,50.63694238498272,AMD
2018-03-08,12.399999618530272,12.59000015258789,11.739999771118164,11.970000267028809,11.970000267028809,76011200.0,-0.0220587834263243,-0.0223057165066307,0.8500003814697266,46.76471380214498,AMD
2018-03-09,12.029999732971191,12.039999961853027,11.579999923706056,11.699999809265137,11.699999809265137,89674400.0,-0.02255642871683,-0.0228147163764674,0.4600000381469709,48.18181896997916,AMD
2018-03-12,11.760000228881836,11.81999969482422,11.479999542236328,11.520000457763672,11.520000457763672,83748700.0,-0.0153845602081912,-0.015504130497411,0.3400001525878924,42.37804151162175,AMD
2018-03-13,11.5,12.039999961853027,11.100000381469728,11.640000343322754,11.640000343322754,174302600.0,0.0104166563186385,0.010362776794199,0.939999580383299,48.709677220879215,AMD
2018-03-14,11.699999809265137,11.720000267028809,11.260000228881836,11.359999656677246,11.359999656677246,80540800.0,-0.0240550410985279,-0.0243490887274419,0.4600000381469726,42.638023259725806,AMD
2018-03-15,11.43000030517578,11.550000190734863,11.1899995803833,11.460000038146973,11.460000038146973,66373900.0,0.0088028507475304,0.0087643315443682,0.3600006103515625,40.25559095696851,AMD
2018-03-16,11.489999771118164,11.550000190734863,11.31999969482422,11.470000267028809,11.470000267028809,37591000.0,0.0008726203183724,0.0008722398066078,0.2300004959106427,32.97490194067736,AMD
2018-03-19,11.40999984741211,11.739999771118164,11.350000381469728,11.43000030517578,11.43000030517578,53308600.0,-0.0034873549190762,-0.0034934499156453,0.3899993896484357,29.77941008896873,AMD
2018-03-20,11.40999984741211,11.520000457763672,11.0,11.109999656677246,11.109999656677246,65116900.0,-0.0279965564264796,-0.0283959317568621,0.5200004577636719,30.91602275424168,AMD
2018-03-21,11.15999984741211,11.34000015258789,11.109999656677246,11.260000228881836,11.260000228881836,44691700.0,0.013501402055799,0.0134110702891276,0.2300004959106445,37.50000931322771,AMD
2018-03-22,11.100000381469728,11.260000228881836,10.850000381469728,10.90999984741211,10.90999984741211,59944200.0,-0.0310835145963831,-0.0315768571796061,0.4099998474121076,34.04254671565802,AMD
2018-03-23,10.90999984741211,10.970000267028809,10.56999969482422,10.630000114440918,10.630000114440918,54844500.0,-0.0256645038393477,-0.0259995827392213,0.400000572204588,28.666677898827277,AMD
2018-03-26,10.710000038146973,10.800000190734863,10.18000030517578,10.4399995803833,10.4399995803833,75878500.0,-0.0178739917226812,-0.0180356608583787,0.6199998855590838,28.28947636724344,AMD
2018-03-27,10.510000228881836,10.59000015258789,9.899999618530272,10.0,10.0,68551300.0,-0.0421455553705248,-0.0430594492672757,0.690000534057619,12.66669421724052,AMD
2018-03-28,9.989999771118164,10.170000076293944,9.789999961853027,9.8100004196167,9.8100004196167,64832100.0,-0.0189999580383301,-0.0191827766423917,0.3800001144409162,13.013726368815654,AMD
2018-03-29,9.9399995803833,10.079999923706056,9.8100004196167,10.050000190734863,10.050000190734863,48681400.0,0.0244648074263325,0.0241703371320238,0.2699995040893572,21.453306608465056,AMD
2018-04-02,9.989999771118164,10.140000343322754,9.510000228881836,9.529999732971191,9.529999732971191,64824600.0,-0.0517413380989845,-0.0531279638373795,0.630000114440918,19.1950581401357,AMD
2018-04-03,9.630000114440918,9.770000457763672,9.300000190734863,9.550000190734863,9.550000190734863,54891600.0,0.0020986839794419,0.0020964848185773,0.4700002670288086,16.613447831017595,AMD
2018-04-04,9.079999923706056,9.8100004196167,9.039999961853027,9.770000457763672,9.770000457763672,67356900.0,0.0230366767156975,0.022775338443824,0.7700004577636719,24.104269133502186,AMD
2018-04-05,10.050000190734863,10.199999809265137,9.90999984741211,10.020000457763672,10.020000457763672,65758800.0,0.0255885351367961,0.0252666284330152,0.2899999618530273,27.63977316782851,AMD
2018-04-06,9.829999923706056,10.100000381469728,9.5,9.609999656677246,9.609999656677246,51087100.0,-0.04091824175205,-0.0417789540850871,0.6000003814697283,24.309403327003608,AMD
2018-04-09,9.75,9.84000015258789,9.520000457763672,9.529999732971191,9.529999732971191,38382600.0,-0.0083246541690008,-0.0083594976103294,0.3199996948242187,24.04372723788244,AMD
2018-04-10,9.75,10.039999961853027,9.710000038146973,9.979999542236328,9.979999542236328,42849200.0,0.0472192887590816,0.0461383548089699,0.3299999237060547,35.09235412753311,AMD
2018-04-11,9.869999885559082,10.029999732971191,9.789999961853027,9.81999969482422,9.81999969482422,29169300.0,-0.0160320495742481,-0.0161619531658573,0.239999771118164,31.05263025806923,AMD
2018-04-12,9.979999542236328,10.100000381469728,9.81999969482422,10.079999923706056,10.079999923706056,47784400.0,0.0264766025419402,0.0261321637849681,0.2800006866455078,38.8140201911564,AMD
2018-04-13,10.199999809265137,10.220000267028809,9.880000114440918,9.93000030517578,9.93000030517578,38935700.0,-0.0148809146493651,-0.0149927462845912,0.3400001525878906,40.22346874706137,AMD
2018-04-16,10.0,10.170000076293944,9.899999618530272,10.09000015258789,10.09000015258789,28875100.0,0.0161127736651442,0.0159843406984147,0.2700004577636719,45.07043085928738,AMD
2018-04-17,10.279999732971191,10.529999732971191,10.199999809265137,10.520000457763672,10.520000457763672,45360300.0,0.0426164815335006,0.0417334013350174,0.3299999237060547,57.34463733445403,AMD
2018-04-18,10.510000228881836,10.649999618530272,10.329999923706056,10.359999656677246,10.359999656677246,42449600.0,-0.0152092009623769,-0.0153260471311453,0.3199996948242152,57.83474219835109,AMD
2018-04-19,10.18000030517578,10.329999923706056,9.989999771118164,10.109999656677246,10.109999656677246,57841600.0,-0.0241312749309667,-0.0244272046184244,0.3400001525878924,50.85226456858458,AMD
2018-04-20,10.050000190734863,10.140000343322754,9.949999809265137,9.989999771118164,9.989999771118164,39011900.0,-0.0118694252852745,-0.0119404293242829,0.1900005340576172,57.3717912469254,AMD
2018-04-23,10.09000015258789,10.1899995803833,9.970000267028809,10.039999961853027,10.039999961853027,42971300.0,0.0050050242122545,0.0049925407147167,0.2199993133544922,57.7777703771341,AMD
2018-04-24,10.1899995803833,10.350000381469728,9.949999809265137,10.09000015258789,10.09000015258789,44992200.0,0.0049800986976931,0.0049677390241185,0.4000005722045916,55.36911978463611,AMD
2018-04-25,10.0600004196167,10.09000015258789,9.5600004196167,9.710000038146973,9.710000038146973,90578000.0,-0.0376610613175714,-0.0383885632563413,0.5299997329711914,45.01607293059678,AMD
2018-04-26,10.869999885559082,11.1899995803833,10.609999656677246,11.039999961853027,11.039999961853027,145284100.0,0.1369721852194625,0.1283687511617466,0.5799999237060547,67.74193624723776,AMD
2018-04-27,11.199999809265137,11.359999656677246,11.020000457763672,11.109999656677246,11.109999656677246,74347800.0,0.0063405520893198,0.0063205353557925,0.3399991989135742,69.65173810682857,AMD
2018-04-30,11.0600004196167,11.140000343322754,10.869999885559082,10.880000114440918,10.880000114440918,50608800.0,-0.0207020296439068,-0.0209193208031368,0.2700004577636719,61.84211219776995,AMD
2018-05-01,10.829999923706056,11.149999618530272,10.770000457763672,11.130000114440918,11.130000114440918,43441600.0,0.0229779409347778,0.022717923623393,0.3799991607665998,66.83805017993548,AMD
2018-05-02,11.100000381469728,11.15999984741211,10.970000267028809,10.970000267028809,10.970000267028809,29267300.0,-0.0143755476879567,-0.0144798769407849,0.1899995803833007,61.74142944961413,AMD
2018-05-03,10.899999618530272,11.0600004196167,10.829999923706056,10.93000030517578,10.93000030517578,33310600.0,-0.0036463045468879,-0.0036529685194932,0.2300004959106427,63.58695539499735,AMD
2018-05-04,10.880000114440918,11.289999961853027,10.869999885559082,11.279999732971191,11.279999732971191,47884900.0,0.0320219046681704,0.0315198922877677,0.4200000762939453,65.37467203582857,AMD
2018-05-07,11.31999969482422,11.68000030517578,11.300000190734863,11.59000015258789,11.59000015258789,54001700.0,0.0274823073541903,0.0271114481199924,0.3800001144409162,64.26666259765625,AMD
2018-05-08,11.489999771118164,11.65999984741211,11.399999618530272,11.609999656677246,11.609999656677246,35218400.0,0.0017255827287361,0.0017240956213646,0.2600002288818377,67.31302561078766,AMD
2018-05-09,11.649999618530272,11.979999542236328,11.56999969482422,11.949999809265137,11.949999809265137,49605700.0,0.029285113061338,0.0288644962779399,0.4099998474121076,74.86487461756357,AMD
2018-05-10,11.979999542236328,12.18000030517578,11.949999809265137,12.130000114440918,12.130000114440918,49744500.0,0.0150627872844166,0.0149504699740512,0.2300004959106427,78.45745685954478,AMD
2018-05-11,11.890000343322754,12.029999732971191,11.6899995803833,11.949999809265137,11.949999809265137,43863700.0,-0.0148392665686366,-0.0149504699740513,0.3400001525878906,74.55013042540253,AMD
2018-05-14,12.140000343322754,12.359999656677246,12.109999656677246,12.229999542236328,12.229999542236328,50263800.0,0.0234309403715722,0.0231606498530646,0.25,75.97087311221044,AMD
2018-05-15,12.18000030517578,12.460000038146973,12.15999984741211,12.449999809265137,12.449999809265137,44183200.0,0.0179885752463879,0.0178286953211394,0.3000001907348633,84.59596470440903,AMD
2018-05-16,12.640000343322754,12.979999542236328,12.619999885559082,12.81999969482422,12.81999969482422,73364000.0,0.0297188667652616,0.0292858200972135,0.3599996566772461,79.66667164696744,AMD
2018-05-17,12.789999961853027,12.899999618530272,12.65999984741211,12.81999969482422,12.81999969482422,38692500.0,0.0,0.0,0.2399997711181623,79.18089448160951,AMD
2018-05-18,13.0600004196167,13.260000228881836,12.90999984741211,13.0,13.0,54063400.0,0.0140405857613592,0.0139429297736759,0.3500003814697265,86.80555210621277,AMD
2018-05-21,13.25,13.3100004196167,12.880000114440918,12.989999771118164,12.989999771118164,49714200.0,-0.0007692483755258,-0.0007695443988775,0.4300003051757812,85.2272616437658,AMD
2018-05-22,13.0,13.140000343322754,12.710000038146973,12.979999542236328,12.979999542236328,43267000.0,-0.0007698405741368,-0.0007701370535626,0.4300003051757812,90.36141948061145,AMD
2018-05-23,12.93000030517578,13.18000030517578,12.899999618530272,13.100000381469728,13.100000381469728,44517800.0,0.0092450572777698,0.0092025833178355,0.2800006866455078,92.21787399780769,AMD
2018-05-24,13.0600004196167,13.43000030517578,13.029999732971191,13.40999984741211,13.40999984741211,47785700.0,0.0236640806805534,0.0233884265879905,0.400000572204588,92.09483662966436,AMD
2018-05-25,13.399999618530272,13.720000267028809,13.359999656677246,13.539999961853027,13.539999961853027,43850100.0,0.0096942666607118,0.0096475787518523,0.3600006103515625,91.48933407192324,AMD
2018-05-29,13.449999809265137,13.630000114440918,13.260000228881836,13.359999656677246,13.359999656677246,39578500.0,-0.0132939664463003,-0.0133831222560865,0.369999885559082,84.86052809955288,AMD
2018-05-30,13.479999542236328,13.949999809265137,13.479999542236328,13.81999969482422,13.81999969482422,58186400.0,0.0344311414646683,0.0338516538466514,0.4700002670288086,85.5513012930436,AMD
2018-05-31,13.739999771118164,13.93000030517578,13.6899995803833,13.729999542236328,13.729999542236328,46797700.0,-0.0065123121979226,-0.0065336098178592,0.2400007247924787,81.49602855013447,AMD
2018-06-01,13.979999542236328,14.399999618530272,13.920000076293944,14.399999618530272,14.399999618530272,71677900.0,0.0487982591865996,0.0476449936515205,0.4799995422363281,90.42901787021027,AMD
2018-06-04,14.760000228881836,14.979999542236328,14.520000457763672,14.850000381469728,14.850000381469728,74546000.0,0.0312500538097504,0.0307717108459042,0.4599990844726562,90.93747895212734,AMD
2018-06-05,14.850000381469728,14.920000076293944,14.630000114440918,14.850000381469728,14.850000381469728,56122700.0,0.0,0.0,0.2899999618530255,90.2684335015916,AMD
2018-06-06,15.06999969482422,15.739999771118164,15.039999961853027,15.670000076293944,15.670000076293944,97089000.0,0.0552188332498251,0.0537481702998143,0.6999998092651367,91.54516826641024,AMD
2018-06-07,15.829999923706056,15.970000267028809,14.850000381469728,14.890000343322754,14.890000343322754,99860300.0,-0.0497766259842714,-0.051058191483532,1.1199998855590805,74.58431938153002,AMD
2018-06-08,14.520000457763672,15.329999923706056,14.3100004196167,15.25,15.25,81930500.0,0.0241772765867451,0.0238896333002329,1.0199995040893572,75.62641611904633,AMD
2018-06-11,15.210000038146973,15.890000343322754,15.010000228881836,15.729999542236328,15.729999542236328,80737600.0,0.0314753798187756,0.0309901849154513,0.880000114440918,78.18929451656959,AMD
2018-06-12,15.84000015258789,15.949999809265137,15.43000030517578,15.850000381469728,15.850000381469728,67002600.0,0.0076287884758794,0.0075998364219082,0.5199995040893572,78.87324078793053,AMD
2018-06-13,15.8100004196167,16.520000457763672,15.779999732971191,16.31999969482422,16.31999969482422,90227300.0,0.0296529528102704,0.0292218064456843,0.7400007247924805,80.26315317731316,AMD
2018-06-14,16.6200008392334,16.790000915527344,15.579999923706056,16.25,16.25,113048600.0,-0.0042891970669839,-0.0042984220607178,1.2100009918212873,77.95275782716942,AMD
2018-06-15,16.059999465942383,16.520000457763672,15.81999969482422,16.34000015258789,16.34000015258789,77612200.0,0.0055384709284855,0.0055231899944144,0.7000007629394513,77.7777798802344,AMD
2018-06-18,16.18000030517578,17.34000015258789,16.1299991607666,17.110000610351562,17.110000610351562,104317400.0,0.0471236505858734,0.0460470248061532,1.210000991821289,83.30373781037397,AMD
2018-06-19,16.850000381469727,17.290000915527344,16.309999465942383,16.690000534057617,16.690000534057617,92542900.0,-0.0245470520930224,-0.0248533539039122,0.9800014495849608,75.67084759295338,AMD
2018-06-20,16.829999923706055,17.1299991607666,16.3700008392334,16.520000457763672,16.520000457763672,76280600.0,-0.0101857442093571,-0.010237973869905,0.7599983215332031,74.60318234555439,AMD
2018-06-21,16.649999618530273,16.8700008392334,15.460000038146973,15.649999618530272,15.649999618530272,95638400.0,-0.0526634875984242,-0.0541009031913975,1.4100008010864258,60.64735793260334,AMD
2018-06-22,15.779999732971191,15.90999984741211,15.5600004196167,15.800000190734863,15.800000190734863,59257100.0,0.0095847013329626,0.0095390594936484,0.3499994277954101,58.527824943083445,AMD
2018-06-25,15.640000343322754,15.739999771118164,14.539999961853027,15.109999656677246,15.109999656677246,94418400.0,-0.0436709193498766,-0.0446531985416587,1.1999998092651367,52.07667113491944,AMD
2018-06-26,15.31999969482422,15.600000381469728,15.100000381469728,15.5,15.5,54213500.0,0.0258107446845909,0.0254832703621118,0.5,48.54202381731337,AMD
2018-06-27,15.649999618530272,15.760000228881836,14.960000038146973,14.970000267028809,14.970000267028809,56014300.0,-0.0341935311594316,-0.0347918076560683,0.8000001907348633,50.71684495926889,AMD
2018-06-28,14.850000381469728,15.359999656677246,14.75,15.3100004196167,15.3100004196167,48716800.0,0.0227121006361459,0.0224580208084736,0.6099996566772461,50.53957189303414,AMD
2018-06-29,15.40999984741211,15.489999771118164,14.979999542236328,14.989999771118164,14.989999771118164,41527800.0,-0.0209014134374887,-0.0211229402320684,0.5100002288818359,43.148154623710376,AMD
2018-07-02,14.800000190734863,15.18000030517578,14.739999771118164,15.15999984741211,15.15999984741211,43398800.0,0.0113408991921062,0.0112770733035235,0.4400005340576154,43.66972297262062,AMD
2018-07-03,15.210000038146973,15.34000015258789,14.960000038146973,15.0,15.0,32094000.0,-0.0105540797508267,-0.0106101690468511,0.3800001144409179,37.159544047480345,AMD
2018-07-05,15.130000114440918,15.5,15.020000457763672,15.5,15.5,40703300.0,0.0333333333333334,0.0327898228229909,0.4799995422363281,43.267508730309295,AMD
2018-07-06,15.520000457763672,16.389999389648438,15.479999542236328,16.360000610351562,16.360000610351562,65101700.0,0.055483910345262,0.053999344556952,0.9099998474121094,50.15773221804652,AMD
2018-07-09,16.729999542236328,16.84000015258789,16.170000076293945,16.610000610351562,16.610000610351562,58525500.0,0.0152811730240287,0.0151655918890799,0.6700000762939453,45.7044699442019,AMD
2018-07-10,16.59000015258789,16.649999618530273,16.309999465942383,16.549999237060547,16.549999237060547,37093000.0,-0.0036123643038051,-0.0036189046472228,0.3400001525878906,48.717937969304295,AMD
2018-07-11,16.149999618530273,16.530000686645508,16.020000457763672,16.270000457763672,16.270000457763672,42544100.0,-0.0169183560244444,-0.0170631063576203,0.5100002288818359,47.755836243436434,AMD
2018-07-12,16.40999984741211,16.790000915527344,16.3799991607666,16.559999465942383,16.559999465942383,44188100.0,0.0178241548874897,0.017667167340867,0.4100017547607422,59.11823187694512,AMD
2018-07-13,16.68000030517578,16.690000534057617,16.219999313354492,16.270000457763672,16.270000457763672,40614100.0,-0.017512017966856,-0.017667167340867,0.470001220703125,54.580899186588326,AMD
2018-07-16,16.420000076293945,17.0,16.40999984741211,16.579999923706055,16.579999923706055,65275300.0,0.0190534392882857,0.018874195739194,0.5900001525878906,65.47369012806342,AMD
2018-07-17,16.5,16.8799991607666,16.479999542236328,16.8700008392334,16.8700008392334,42313500.0,0.0174910082546322,0.0173398011993811,0.3999996185302734,64.73119302820947,AMD
2018-07-18,16.940000534057617,16.989999771118164,16.549999237060547,16.850000381469727,16.850000381469727,40881500.0,-0.0011855635310437,-0.0011862668674417,0.4400005340576172,72.70531350888771,AMD
2018-07-19,16.709999084472656,16.8799991607666,16.549999237060547,16.709999084472656,16.709999084472656,41267800.0,-0.0083086821262646,-0.0083433916194112,0.3299999237060547,67.76647380991051,AMD
2018-07-20,16.65999984741211,16.8799991607666,16.440000534057617,16.5,16.5,42879800.0,-0.0125672708544785,-0.0126469069115771,0.4399986267089844,69.71279711437569,AMD
2018-07-23,16.469999313354492,16.68000030517578,15.899999618530272,16.65999984741211,16.65999984741211,44940800.0,0.0096969604492187,0.0096502466732246,0.7800006866455096,69.63350942190355,AMD
2018-07-24,16.75,16.860000610351562,16.110000610351562,16.190000534057617,16.190000534057617,58201500.0,-0.028211243556974,-0.0286168269033345,0.75,64.40678905412577,AMD
2018-07-25,16.299999237060547,16.389999389648438,15.720000267028809,16.049999237060547,16.049999237060547,82604900.0,-0.0086473929820175,-0.0086849986355697,0.6699991226196289,57.29441870395423,AMD
2018-07-26,17.15999984741211,18.450000762939453,16.829999923706055,18.350000381469727,18.350000381469727,192661100.0,0.1433022588000079,0.1339207932482647,1.6200008392333984,69.09788284342062,AMD
2018-07-27,19.06999969482422,19.8799991607666,18.309999465942383,18.940000534057617,18.940000534057617,161903800.0,0.032152596202869,0.0316465206661515,1.5699996948242188,70.99098597531994,AMD
2018-07-30,19.39999961853028,20.18000030517578,19.309999465942383,19.420000076293945,19.420000076293945,160823400.0,0.0253431641341932,0.0250273508365347,0.8700008392333984,74.036860714652,AMD
2018-07-31,19.350000381469727,19.5,18.270000457763672,18.32999992370605,18.32999992370605,118403400.0,-0.0561277110353084,-0.0577644091024375,1.229999542236328,65.1917349359561,AMD
2018-08-01,18.34000015258789,18.950000762939453,18.31999969482422,18.479999542236328,18.479999542236328,75495200.0,0.0081832852784839,0.0081499837534075,0.6300010681152344,64.45782907574326,AMD
2018-08-02,18.170000076293945,18.82999992370605,18.0,18.790000915527344,18.790000915527344,52867100.0,0.0167749665027048,0.0166358207067764,0.8299999237060511,68.91891195271151,AMD
2018-08-03,18.940000534057617,19.059999465942383,18.3700008392334,18.489999771118164,18.489999771118164,53232100.0,-0.0159659994567253,-0.0160948291292017,0.6899986267089844,64.36088957521514,AMD
2018-08-06,18.88999938964844,19.440000534057617,18.459999084472656,19.43000030517578,19.43000030517578,83579700.0,0.0508383204809943,0.0495882460754196,0.9800014495849608,67.53423100589055,AMD
2018-08-07,19.530000686645508,19.709999084472656,19.07999992370605,19.559999465942383,19.559999465942383,72822600.0,0.0066906412107452,0.006668358207341,0.6299991607666051,68.28608465020116,AMD
2018-08-08,19.459999084472656,19.770000457763672,19.26000022888184,19.57999992370605,19.57999992370605,52081400.0,0.0010225183184944,0.001021995902728,0.5100002288818324,69.6844974478429,AMD
2018-08-09,19.57999992370605,19.709999084472656,19.07999992370605,19.100000381469727,19.100000381469727,46653400.0,-0.0245147877480416,-0.0248202781810188,0.6299991607666051,67.19576225666493,AMD
2018-08-10,19.09000015258789,19.479999542236328,18.850000381469727,19.059999465942383,19.059999465942383,65821100.0,-0.0020942887292374,-0.0020964848185773,0.6299991607666016,66.1290202668492,AMD
2018-08-13,19.15999984741211,19.93000030517578,19.1200008392334,19.729999542236328,19.729999542236328,81411300.0,0.0351521560895708,0.0345484266268775,0.8099994659423828,73.16751727534931,AMD
2018-08-14,19.96999931335449,20.280000686645508,19.6299991607666,20.020000457763672,20.020000457763672,89195500.0,0.014698475532477,0.0145914999192713,0.6500015258789062,75.48137875513625,AMD
2018-08-15,19.86000061035156,20.100000381469727,19.200000762939453,19.700000762939453,19.700000762939453,86355700.0,-0.0159840003749912,-0.0161131222805594,0.8999996185302734,61.61789689489727,AMD
2018-08-16,19.86000061035156,20.06999969482422,19.25,19.32999992370605,19.32999992370605,69733700.0,-0.0187817677616268,-0.0189603851985127,0.8199996948242188,53.48836415797609,AMD
2018-08-17,19.1200008392334,19.81999969482422,18.729999542236328,19.770000457763672,19.770000457763672,60616600.0,0.0227625729847007,0.0225073710636647,1.0900001525878906,53.153153772371375,AMD
2018-08-20,19.790000915527344,20.07999992370605,19.350000381469727,19.979999542236328,19.979999542236328,62983200.0,0.0106221082251007,0.0105660899723274,0.7299995422363246,67.66593408747741,AMD
2018-08-21,19.979999542236328,20.420000076293945,19.86000061035156,20.39999961853028,20.39999961853028,55629000.0,0.0210210253211515,0.0208031318413616,0.5599994659423864,69.43318204545588,AMD
2018-08-22,20.280000686645508,20.920000076293945,20.209999084472656,20.89999961853028,20.89999961853028,62002700.0,0.0245098043798897,0.024214258567951,0.7100009918212891,70.56527757483552,AMD
2018-08-23,21.190000534057617,22.31999969482422,21.13999938964844,22.290000915527344,22.290000915527344,113444100.0,0.0665072403046682,0.0643890477526078,1.1800003051757777,80.54661763168136,AMD
2018-08-24,22.90999984741211,24.0,22.670000076293945,23.979999542236328,23.979999542236328,164328200.0,0.0758186880796276,0.0730819420387407,1.329999923706055,82.63987403291695,AMD
2018-08-27,24.940000534057617,27.299999237060547,24.6299991607666,25.26000022888184,25.26000022888184,325058400.0,0.0533778444987469,0.05200199547341,2.6700000762939453,85.09851499335248,AMD
2018-08-28,25.51000022888184,26.18000030517578,24.040000915527344,25.049999237060547,25.049999237060547,215771200.0,-0.0083135783815703,-0.0083483289091752,2.139999389648437,82.91213690672241,AMD
2018-08-29,24.36000061035156,25.40999984741211,24.01000022888184,25.200000762939453,25.200000762939453,143223200.0,0.0059880850478024,0.0059702277185437,1.39999961853027,88.22052855511737,AMD
2018-08-30,25.290000915527344,25.670000076293945,24.76000022888184,24.88999938964844,24.88999938964844,103607300.0,-0.0123016414248255,-0.0123779329352109,0.9099998474121058,85.33330836442308,AMD
2018-08-31,24.88999938964844,25.239999771118164,24.71999931335449,25.170000076293945,25.170000076293945,65206400.0,0.0112495256533415,0.0111867203208292,0.5200004577636754,84.60557348176017,AMD
2018-09-04,25.6200008392334,28.11000061035156,25.56999969482422,28.059999465942383,28.059999465942383,192541300.0,0.1148192046439582,0.1086922434632422,2.54000091552734,88.43209996982158,AMD
2018-09-05,29.40999984741211,29.940000534057617,26.84000015258789,28.51000022888184,28.51000022888184,257349000.0,0.0160370909302989,0.0159098553110927,3.1000003814697266,91.59581954078487,AMD
2018-09-06,28.1200008392334,28.57999992370605,27.190000534057617,27.84000015258789,27.84000015258789,143942900.0,-0.0235005286185585,-0.0237810700055996,1.389999389648434,89.0725263284922,AMD
2018-09-07,26.959999084472656,28.270000457763672,26.799999237060547,27.3799991607666,27.3799991607666,123348700.0,-0.0165230240409509,-0.0166610517381327,1.470001220703125,84.8762365635574,AMD
2018-09-10,28.14999961853028,29.93000030517578,27.84000015258789,29.88999938964844,29.88999938964844,162253800.0,0.0916727650042616,0.0877111666669482,2.09000015258789,87.50944288699375,AMD
2018-09-11,30.020000457763672,30.59000015258789,29.3700008392334,30.100000381469727,30.100000381469727,159902500.0,0.0070257944499663,0.0070012285523216,1.2199993133544922,87.30767334707795,AMD
2018-09-12,29.90999984741211,32.290000915527344,29.450000762939453,32.209999084472656,32.209999084472656,197889600.0,0.0700996237960811,0.0677517504911651,2.84000015258789,88.70634689891486,AMD
2018-09-13,33.15999984741211,34.13999938964844,29.8700008392334,30.479999542236328,30.479999542236328,304147100.0,-0.0537100152564208,-0.0552062191194558,4.269998550415039,77.39129136776374,AMD
2018-09-14,31.43000030517578,33.09000015258789,30.540000915527344,32.720001220703125,32.720001220703125,217762800.0,0.0734908698198244,0.0709158332421461,2.549999237060547,78.1935399241097,AMD
2018-09-17,31.75,33.22999954223633,31.600000381469727,32.43000030517578,32.43000030517578,180410600.0,-0.0088631083346002,-0.0089026193125794,1.6299991607666016,74.70708543484434,AMD
2018-09-18,32.9900016784668,33.369998931884766,31.200000762939453,31.93000030517578,31.93000030517578,176673200.0,-0.0154178228583057,-0.0155379134451778,2.1699981689453125,73.24323606804901,AMD
2018-09-19,31.520000457763672,31.82999992370605,30.51000022888184,31.209999084472656,31.209999084472656,124287000.0,-0.0225493646671345,-0.0228074893360765,1.3199996948242116,69.55105971351313,AMD
2018-09-20,32.099998474121094,32.20000076293945,30.63999938964844,31.18000030517578,31.18000030517578,123116500.0,-0.0009611912905117,-0.000961653531085,1.560001373291012,70.84161451900192,AMD
2018-09-21,31.190000534057617,32.41999816894531,30.90999984741211,31.020000457763672,31.020000457763672,129792900.0,-0.0051314896037877,-0.0051447009117374,1.5099983215332031,69.53907534764511,AMD
2018-09-24,31.1299991607666,32.650001525878906,30.90999984741211,32.61000061035156,32.61000061035156,118332600.0,0.0512572575475236,0.0499868360124848,1.7400016784667969,66.64228181898218,AMD
2018-09-25,33.18000030517578,33.599998474121094,32.189998626708984,32.56999969482422,32.56999969482422,118570200.0,-0.0012266456540527,-0.0012273985996276,1.4099998474121094,65.30919392105447,AMD
2018-09-26,32.400001525878906,32.599998474121094,31.71999931335449,32.189998626708984,32.189998626708984,79347300.0,-0.0116672112887867,-0.0117358072696217,0.8799991607666051,66.76945561026456,AMD
2018-09-27,31.86000061035156,32.630001068115234,31.38999938964844,32.59000015258789,32.59000015258789,87934400.0,0.0124262672551658,0.012349694882839,1.240001678466793,70.1781516041593,AMD
2018-09-28,32.2400016784668,32.779998779296875,29.979999542236328,30.88999938964844,30.88999938964844,165453500.0,-0.0521632634237486,-0.0535730103598985,2.799999237060547,54.13222932056808,AMD
2018-10-01,30.690000534057617,31.90999984741211,30.25,31.420000076293945,31.420000076293945,94742900.0,0.0171576787671647,0.0170121480840539,1.6599998474121094,55.31400595239924,AMD
2018-10-02,30.729999542236328,30.81999969482422,28.64999961853028,29.020000457763672,29.020000457763672,145276500.0,-0.0763844561649459,-0.0794593720255547,2.1700000762939418,37.45083815247496,AMD
2018-10-03,29.040000915527344,29.21999931335449,26.540000915527344,28.43000030517578,28.43000030517578,190137200.0,-0.0203308112777802,-0.0205403268329217,2.679998397827145,41.14089049550809,AMD
2018-10-04,27.989999771118164,28.82999992370605,27.3700008392334,27.780000686645508,27.780000686645508,95831200.0,-0.0228631590416106,-0.023128574353737,1.4599990844726527,25.25051138130381,AMD
2018-10-05,28.06999969482422,28.46999931335449,26.93000030517578,27.350000381469727,27.350000381469727,88008500.0,-0.0154787723019205,-0.0155998192277633,1.5399990081787074,24.9011976899983,AMD
2018-10-08,26.729999542236328,27.540000915527344,25.959999084472656,26.459999084472656,26.459999084472656,103789500.0,-0.0325411804235318,-0.0330824187293146,1.5800018310546875,23.97717353233142,AMD
2018-10-09,26.14999961853028,27.709999084472656,26.0,27.239999771118164,27.239999771118164,105461800.0,0.0294784850201763,0.0290523487925143,1.7099990844726562,31.22044806609924,AMD
2018-10-10,27.3799991607666,27.39999961853028,24.90999984741211,25.0,25.0,147682900.0,-0.0822320040359609,-0.0858106480106939,2.489999771118168,25.82160717473154,AMD
2018-10-11,24.739999771118164,26.200000762939453,24.549999237060547,25.299999237060547,25.299999237060547,147013800.0,0.0119999694824217,0.0119285407095636,1.6500015258789062,27.86378230016692,AMD
2018-10-12,26.770000457763672,26.96999931335449,25.670000076293945,26.34000015258789,26.34000015258789,111059400.0,0.0411067567940439,0.0402843365303808,1.299999237060543,24.65643843152806,AMD
2018-10-15,26.3799991607666,26.770000457763672,25.75,26.26000022888184,26.26000022888184,70523500.0,-0.0030372028565911,-0.0030418245175073,1.020000457763672,24.576967630571477,AMD
2018-10-16,26.6299991607666,28.229999542236328,26.170000076293945,28.18000030517578,28.18000030517578,92529000.0,0.0731150060761327,0.0705656397094129,2.059999465942383,35.627250875739335,AMD
2018-10-17,28.40999984741211,28.530000686645508,26.920000076293945,27.299999237060547,27.299999237060547,89466900.0,-0.0312278587148775,-0.0317258430556373,1.6100006103515625,31.670133731140297,AMD
2018-10-18,27.07999992370605,27.75,26.39999961853028,26.6200008392334,26.6200008392334,79623700.0,-0.0249083669168763,-0.0252238297510248,1.350000381469723,34.07905297663687,AMD
2018-10-19,27.030000686645508,27.100000381469727,23.600000381469727,23.65999984741211,23.65999984741211,130799900.0,-0.1111946242863654,-0.1178769923923404,3.5,25.505052968052027,AMD
2018-10-22,24.459999084472656,25.63999938964844,24.09000015258789,25.030000686645508,25.030000686645508,114158900.0,0.0579036706707014,0.0562892807755349,1.5499992370605504,36.52937580258984,AMD
2018-10-23,24.18000030517578,25.26000022888184,23.850000381469727,25.09000015258789,25.09000015258789,101763000.0,0.0023971020493975,0.0023942335833693,1.409999847412113,38.30532371894448,AMD
2018-10-24,25.040000915527344,25.100000381469727,22.75,22.790000915527344,22.790000915527344,134489100.0,-0.091669957077434,-0.096147483030033,2.3500003814697266,34.33773045180449,AMD
2018-10-25,17.920000076293945,20.14999961853028,17.719999313354492,19.270000457763672,19.270000457763672,189173700.0,-0.1544537216479625,-0.1677723772483946,2.430000305175785,28.75920368304763,AMD
2018-10-26,18.489999771118164,18.780000686645508,17.049999237060547,17.6299991607666,17.6299991607666,119689000.0,-0.0851064482635407,-0.0889475573743223,1.730001449584961,27.668186981888866,AMD
2018-10-29,18.209999084472656,18.229999542236328,16.270000457763672,16.850000381469727,16.850000381469727,94479600.0,-0.0442427008750327,-0.0452512693696793,1.959999084472656,23.722814493996907,AMD
2018-10-30,16.3799991607666,17.239999771118164,16.170000076293945,17.200000762939453,17.200000762939453,99049400.0,0.0207715355220186,0.0205587487388278,1.0699996948242188,28.18792289959643,AMD
2018-10-31,17.8700008392334,18.34000015258789,17.1200008392334,18.209999084472656,18.209999084472656,110463700.0,0.0587208300426025,0.0570614152870879,1.2199993133544922,30.93060759980439,AMD
2018-11-01,18.40999984741211,20.32999992370605,18.07999992370605,20.21999931335449,20.21999931335449,136896500.0,0.1103789308037761,0.1047013361701559,2.25,34.35582564843759,AMD
2018-11-02,20.59000015258789,21.059999465942383,19.46999931335449,20.229999542236328,20.229999542236328,123788000.0,0.0004945711781125,0.0004944489180966,1.5900001525878942,34.530526532942176,AMD
2018-11-05,20.1200008392334,20.18000030517578,18.8799991607666,19.89999961853028,19.89999961853028,108016700.0,-0.0163124039136568,-0.0164469159905781,1.3000011444091797,26.871505968989084,AMD
2018-11-06,19.5,21.64999961853028,19.479999542236328,20.68000030517578,20.68000030517578,144995700.0,0.039196015155658,0.0384473518361638,2.170000076293949,31.404496585310028,AMD
2018-11-07,21.420000076293945,22.21999931335449,21.06999969482422,21.84000015258789,21.84000015258789,121115800.0,0.0560928351205964,0.0545760934660516,1.14999961853027,36.9256003635231,AMD
2018-11-08,21.770000457763672,22.07999992370605,20.96999931335449,21.200000762939453,21.200000762939453,92387600.0,-0.029304001152793,-0.029741940197653,1.1100006103515625,42.29323550881037,AMD
2018-11-09,20.770000457763672,21.190000534057617,20.11000061035156,21.030000686645508,21.030000686645508,85900700.0,-0.0080188712347184,-0.008051195300307,1.0799999237060582,36.44986295776049,AMD
2018-11-12,20.68000030517578,20.850000381469727,18.799999237060547,19.030000686645508,19.030000686645508,95948200.0,-0.0951022317973599,-0.0999333049750463,2.05000114440918,31.856287780781443,AMD
2018-11-13,19.280000686645508,20.020000457763672,18.96999931335449,19.61000061035156,19.61000061035156,76126000.0,0.0304781872190404,0.0300229539424375,1.0500011444091832,39.385846454101255,AMD
2018-11-14,20.18000030517578,21.11000061035156,19.76000022888184,20.809999465942383,20.809999465942383,106344300.0,0.0611932084773816,0.0593939434092737,1.3500003814697197,56.08214557170374,AMD
2018-11-15,20.71999931335449,21.770000457763672,20.420000076293945,21.489999771118164,21.489999771118164,97715500.0,0.0326766132929829,0.0321540852617645,1.3500003814697266,66.49573340671466,AMD
2018-11-16,19.8700008392334,20.96999931335449,19.71999931335449,20.65999984741211,20.65999984741211,112376600.0,-0.0386226120309943,-0.0393882436979735,1.25,66.21276631663974,AMD
2018-11-19,20.39999961853028,20.59000015258789,19.09000015258789,19.11000061035156,19.11000061035156,93578200.0,-0.0750241649810421,-0.0779876661147867,1.5,57.37451852323164,AMD
2018-11-20,17.399999618530273,19.57999992370605,17.18000030517578,19.209999084472656,19.209999084472656,109869400.0,0.0052327823614475,0.0052191389305325,2.39999961853027,54.152824920244605,AMD
2018-11-21,20.049999237060547,20.309999465942383,18.5,18.729999542236328,18.729999542236328,81585600.0,-0.0249869633062247,-0.0253044371057058,1.8099994659423828,42.91151151532641,AMD
2018-11-23,18.61000061035156,19.82999992370605,18.559999465942383,19.3799991607666,19.3799991607666,54611300.0,0.0347036644109102,0.0341150711426573,1.2700004577636683,46.18833766207551,AMD
2018-11-26,19.959999084472656,20.190000534057617,19.11000061035156,20.07999992370605,20.07999992370605,83211000.0,0.0361197519738054,0.0354827278655065,1.0799999237060582,50.78125155220472,AMD
2018-11-27,19.770000457763672,21.450000762939453,19.729999542236328,21.049999237060547,21.049999237060547,119230100.0,0.0483067388964146,0.0471762328602061,1.720001220703125,51.57984236270261,AMD
2018-11-28,21.81999969482422,21.8799991607666,20.18000030517578,21.34000015258789,21.34000015258789,134425300.0,0.013776766082574,0.013682729139695,1.6999988555908203,47.69372615813404,AMD
2018-11-29,21.190000534057617,21.61000061035156,20.729999542236328,21.43000030517578,21.43000030517578,79853700.0,0.0042174391726503,0.0042085707021423,0.8800010681152308,51.11758798366315,AMD
2018-11-30,21.299999237060547,21.36000061035156,20.520000457763672,21.299999237060547,21.299999237060547,82370700.0,-0.0060663120048503,-0.0060847868294474,0.8400001525878871,51.31706634466894,AMD
2018-12-03,22.479999542236328,23.75,22.3700008392334,23.709999084472656,23.709999084472656,139607400.0,0.1131455367950846,0.1071898245671351,1.3799991607666016,71.95121623916222,AMD
2018-12-04,23.350000381469727,23.420000076293945,21.06999969482422,21.1200008392334,21.1200008392334,127392900.0,-0.1092365392344283,-0.1156763628892704,2.3500003814697266,55.95896083039391,AMD
2018-12-06,20.21999931335449,21.40999984741211,20.059999465942383,21.299999237060547,21.299999237060547,103434700.0,0.0085226510736104,0.0084865383221352,1.3500003814697266,52.10300406699266,AMD
2018-12-07,21.299999237060547,21.3799991607666,19.170000076293945,19.459999084472656,19.459999084472656,105764500.0,-0.0863849867837749,-0.0903460071853933,2.209999084472656,42.076497362244645,AMD
2018-12-10,19.350000381469727,20.1299991607666,19.270000457763672,19.989999771118164,19.989999771118164,77984500.0,0.0272353911397869,0.0268711073512601,0.8599987030029297,47.32214121366869,AMD
2018-12-11,20.709999084472656,21.13999938964844,19.690000534057617,19.979999542236328,19.979999542236328,88027400.0,-0.0005002615806071,-0.0005003867531793,1.449998855590824,53.96535614223783,AMD
2018-12-12,20.31999969482422,21.020000457763672,19.709999084472656,20.479999542236328,20.479999542236328,100340700.0,0.0250250255983757,0.0247170275102524,1.3100013732910156,55.58487500910058,AMD
2018-12-13,20.6299991607666,20.8700008392334,19.76000022888184,19.86000061035156,19.86000061035156,88108300.0,-0.0302733860225988,-0.030741088469832,1.110000610351559,54.90878033405616,AMD
2018-12-14,19.57999992370605,20.700000762939453,19.520000457763672,19.89999961853028,19.89999961853028,84713600.0,0.00201404868829,0.0020120232113807,1.1800003051757812,52.38532370162904,AMD
2018-12-17,20.01000022888184,20.020000457763672,18.63999938964844,18.82999992370605,18.82999992370605,115437900.0,-0.0537688299163521,-0.0552683739437759,1.3800010681152308,44.45430180864769,AMD
2018-12-18,19.14999961853028,19.84000015258789,18.8799991607666,19.5,19.5,101512900.0,0.0355815230487841,0.0349631269523634,0.9600009918212892,42.9352798378423,AMD
2018-12-19,19.440000534057617,19.71999931335449,18.0,18.15999984741211,18.15999984741211,120644500.0,-0.0687179565429687,-0.0711931007989708,1.7199993133544886,36.77204162527732,AMD
2018-12-20,18.11000061035156,18.86000061035156,17.34000015258789,17.940000534057617,17.940000534057617,119394500.0,-0.0121144997358489,-0.0121884783709827,1.5200004577636683,35.63785606404426,AMD
2018-12-21,18.1200008392334,18.34000015258789,16.760000228881836,16.93000030517578,16.93000030517578,132246000.0,-0.0562987847722988,-0.0579456722289636,1.579999923706055,33.23100299057161,AMD
2018-12-24,16.520000457763672,17.219999313354492,16.3700008392334,16.649999618530273,16.649999618530273,62933100.0,-0.0165387289780442,-0.016677020655426,0.8499984741210938,17.614668881525148,AMD
2018-12-26,16.8799991607666,17.90999984741211,16.030000686645508,17.899999618530273,17.899999618530273,108811800.0,0.0750750767951273,0.0723904980201933,1.8799991607666016,33.15898513065744,AMD
2018-12-27,17.43000030517578,17.739999771118164,16.440000534057617,17.489999771118164,17.489999771118164,111373000.0,-0.0229050198966301,-0.0231714155914805,1.2999992370605469,30.541369499836293,AMD
2018-12-28,17.530000686645508,18.309999465942383,17.139999389648438,17.81999969482422,17.81999969482422,109214400.0,0.018867920413069,0.0186921289731277,1.170000076293945,40.09662058315122,AMD
2018-12-31,18.14999961853028,18.51000022888184,17.850000381469727,18.459999084472656,18.459999084472656,84732200.0,0.0359146689454952,0.0352847745623091,0.6599998474121129,40.88199555558084,AMD
2019-01-02,18.010000228881836,19.0,17.979999542236328,18.82999992370605,18.82999992370605,87148700.0,0.0200433834010649,0.0198451591378302,1.020000457763672,43.42857217594084,AMD
2019-01-03,18.420000076293945,18.68000030517578,16.940000534057617,17.049999237060547,17.049999237060547,117277600.0,-0.0945300421591914,-0.099301179634995,1.739999771118164,32.90129250934851,AMD
2019-01-04,17.549999237060547,19.06999969482422,17.43000030517578,19.0,19.0,111878600.0,0.1143695513311728,0.1082888201840977,1.6399993896484375,46.21478624936032,AMD
2019-01-07,19.440000534057617,20.68000030517578,19.0,20.56999969482422,20.56999969482422,107157000.0,0.0826315628854852,0.0793947096624611,1.6800003051757812,52.59891392117248,AMD
2019-01-08,21.190000534057617,21.200000762939453,19.68000030517578,20.75,20.75,121271000.0,0.0087506226468769,0.0087125578478057,1.520000457763672,57.999999046325854,AMD
2019-01-09,20.88999938964844,21.440000534057617,20.06999969482422,20.190000534057617,20.190000534057617,163944100.0,-0.0269879260695123,-0.0273587879003707,1.3700008392333984,52.901599910808606,AMD
2019-01-10,19.76000022888184,19.82999992370605,18.89999961853028,19.739999771118164,19.739999771118164,115629400.0,-0.0222882987140276,-0.0225404363658255,0.930000305175774,57.18181658973407,AMD
2019-01-11,19.46999931335449,20.350000381469727,19.190000534057617,20.270000457763672,20.270000457763672,85110800.0,0.0268490725831191,0.0264949606367063,1.1599998474121094,60.30061559617108,AMD
2019-01-14,19.959999084472656,20.6200008392334,19.75,20.229999542236328,20.229999542236328,71350200.0,-0.0019734047668471,-0.0019753544955255,0.8700008392333984,65.95743699664646,AMD
2019-01-15,20.440000534057617,20.68000030517578,20.26000022888184,20.3799991607666,20.3799991607666,62785800.0,0.0074147119092664,0.0073873580636222,0.4200000762939417,68.266398056261,AMD
2019-01-16,20.39999961853028,20.540000915527344,19.709999084472656,19.729999542236328,19.729999542236328,70849300.0,-0.0318939963344838,-0.0324136897821928,0.8300018310546875,59.52132905446939,AMD
2019-01-17,19.489999771118164,20.51000022888184,19.020000457763672,20.25,20.25,85018400.0,0.0263558271580544,0.026014496719427,1.4899997711181676,64.19752747258138,AMD
2019-01-18,20.3700008392334,21.049999237060547,20.020000457763672,20.770000457763672,20.770000457763672,88131000.0,0.0256790349512925,0.0253548663751294,1.029998779296875,64.88395394957674,AMD
2019-01-22,20.479999542236328,20.920000076293945,19.700000762939453,19.76000022888184,19.76000022888184,78513700.0,-0.0486278385470281,-0.0498499560248667,1.2199993133544922,56.32295999597752,AMD
2019-01-23,20.030000686645508,20.479999542236328,19.549999237060547,19.799999237060547,19.799999237060547,77811300.0,0.0020242412811435,0.0020221952653825,0.9300003051757812,54.87436710067944,AMD
2019-01-24,20.059999465942383,21.01000022888184,20.040000915527344,20.850000381469727,20.850000381469727,97433400.0,0.053030362872128,0.0516720673725272,0.9699993133544956,70.60737448584871,AMD
2019-01-25,20.989999771118164,22.030000686645508,20.790000915527344,21.93000030517578,21.93000030517578,110239500.0,0.0517985565441954,0.0505016098049806,1.239999771118164,67.5449071978064,AMD
2019-01-28,20.31999969482422,21.01000022888184,20.020000457763672,20.18000030517578,20.18000030517578,135164100.0,-0.0797993604946268,-0.0831635462975533,0.9899997711181676,47.71395503488457,AMD
2019-01-29,20.26000022888184,20.38999938964844,19.049999237060547,19.25,19.25,131202500.0,-0.0460852473296173,-0.0471809693143543,1.3400001525878942,41.91810570736922,AMD
2019-01-30,21.489999771118164,23.1299991607666,21.3700008392334,23.09000015258789,23.09000015258789,211421200.0,0.1994805274071631,0.1818885692410079,1.7599983215332031,61.54458145325654,AMD
2019-01-31,23.020000457763672,25.13999938964844,22.82999992370605,24.40999984741211,24.40999984741211,182575600.0,0.0571675914292393,0.0555932481790273,2.30999946594239,67.38644566990035,AMD
2019-02-01,24.61000061035156,24.84000015258789,24.06999969482422,24.51000022888184,24.51000022888184,105356200.0,0.0040966973410421,0.004088328724497,0.7700004577636719,66.3076890347277,AMD
2019-02-04,24.43000030517578,24.65999984741211,24.06999969482422,24.1299991607666,24.1299991607666,70843800.0,-0.015503919402965,-0.0156253620210541,0.5900001525878906,64.6176874673917,AMD
2019-02-05,23.420000076293945,23.86000061035156,22.979999542236328,23.309999465942383,23.309999465942383,122226000.0,-0.0339825828157288,-0.0345734147207005,0.8800010681152308,60.45681605429122,AMD
2019-02-06,23.6299991607666,24.13999938964844,23.21999931335449,23.26000022888184,23.26000022888184,78684300.0,-0.0021449694640103,-0.0021472732059046,0.9200000762939524,63.161820375572695,AMD
2019-02-07,22.989999771118164,23.21999931335449,22.31999969482422,22.670000076293945,22.670000076293945,86723900.0,-0.025365440532339,-0.0256926890458141,0.8999996185302699,58.976260445314914,AMD
2019-02-08,22.32999992370605,23.280000686645508,22.270000457763672,23.049999237060547,23.049999237060547,78129300.0,0.0167622037709636,0.0166232684584793,1.010000228881836,58.54572246333359,AMD
2019-02-11,23.049999237060547,23.280000686645508,22.65999984741211,22.959999084472656,22.959999084472656,60578700.0,-0.003904562063637,-0.0039122047668508,0.6200008392333984,62.88244297879939,AMD
2019-02-12,23.43000030517578,23.559999465942383,22.75,22.81999969482422,22.81999969482422,67595400.0,-0.006097534635492,-0.0061162005157228,0.8099994659423828,62.0607042625584,AMD
2019-02-13,22.979999542236328,23.239999771118164,22.709999084472656,22.850000381469727,22.850000381469727,57544200.0,0.0013146663911793,0.0013138029739735,0.5300006866455078,58.69565217391303,AMD
2019-02-14,22.739999771118164,23.3700008392334,22.59000015258789,23.1299991607666,23.1299991607666,64441200.0,0.0122537756946359,0.012179305925287,0.7800006866455078,55.60747188754984,AMD
2019-02-15,23.57999992370605,24.049999237060547,23.200000762939453,23.68000030517578,23.68000030517578,78644100.0,0.0237786927957222,0.0235003829432774,0.8499984741210938,68.42105263157893,AMD
2019-02-19,23.6299991607666,24.40999984741211,23.61000061035156,23.950000762939453,23.950000762939453,57517900.0,0.0114020462113193,0.0113375328091375,0.7999992370605504,76.58371426364475,AMD
2019-02-20,24.13999938964844,24.3700008392334,23.89999961853028,23.950000762939453,23.950000762939453,57091600.0,0.0,0.0,0.4700012207031214,58.60000610351561,AMD
2019-02-21,24.040000915527344,24.32999992370605,23.850000381469727,23.920000076293945,23.920000076293945,49608200.0,-0.0012526382333953,-0.001253423440456,0.4799995422363246,43.39623126518875,AMD
2019-02-22,24.049999237060547,24.36000061035156,23.8799991607666,24.36000061035156,24.36000061035156,52650700.0,0.0183946710975841,0.0182275356252015,0.4800014495849574,48.14815338092747,AMD
2019-02-25,25.01000022888184,25.520000457763672,24.68000030517578,24.709999084472656,24.709999084472656,63221000.0,0.0143677530932559,0.0142655150524553,0.8400001525878906,57.2139320006244,AMD
2019-02-26,24.64999961853028,24.71999931335449,24.14999961853028,24.209999084472656,24.209999084472656,48470100.0,-0.0202347235340122,-0.0204422498157495,0.5699996948242116,62.16216076891948,AMD
2019-02-27,24.11000061035156,24.229999542236328,23.209999084472656,23.479999542236328,23.479999542236328,62649300.0,-0.0301528116415552,-0.0306167576698864,1.020000457763672,52.511408167895446,AMD
2019-02-28,23.209999084472656,23.670000076293945,23.11000061035156,23.530000686645508,23.530000686645508,39384900.0,0.0021295206722315,0.0021272564569772,0.5599994659423864,61.19792416898711,AMD
2019-03-01,23.96999931335449,24.190000534057617,23.450000762939453,23.68000030517578,23.68000030517578,48084000.0,0.0063748242308978,0.0063545909823202,0.7399997711181641,58.72577509140479,AMD
2019-03-04,23.88999938964844,24.1299991607666,23.01000022888184,23.3700008392334,23.3700008392334,48147700.0,-0.0130911934943946,-0.013177638441815,1.119998931884762,55.3525034324806,AMD
2019-03-05,23.34000015258789,23.68000030517578,23.01000022888184,23.5,23.5,35462600.0,0.0055626510953461,0.0055472366886328,0.6700000762939418,58.90052826571066,AMD
2019-03-06,23.46999931335449,23.530000686645508,22.39999961853028,22.40999984741211,22.40999984741211,60479400.0,-0.0463829852165059,-0.0474931401461973,1.1300010681152308,45.49179703149276,AMD
2019-03-07,22.32999992370605,22.40999984741211,21.729999542236328,22.07999992370605,22.07999992370605,52186300.0,-0.0147255656382419,-0.0148350630503632,0.6800003051757812,39.35092117582423,AMD
2019-03-08,21.350000381469727,22.09000015258789,21.040000915527344,22.01000022888184,22.01000022888184,49967700.0,-0.0031702760446595,-0.0031753120161892,1.0499992370605469,31.23594937338225,AMD
2019-03-11,22.14999961853028,23.07999992370605,21.979999542236328,22.959999084472656,22.959999084472656,54420200.0,0.0431621465566463,0.0422566256391171,1.100000381469723,40.35085566754263,AMD
2019-03-12,23.100000381469727,23.799999237060547,22.780000686645508,23.489999771118164,23.489999771118164,56410600.0,0.023083654520001,0.0228212573505419,1.019998550415039,45.93638551910736,AMD
2019-03-13,23.65999984741211,24.14999961853028,23.350000381469727,23.3799991607666,23.3799991607666,56705800.0,-0.0046828697923961,-0.0046938687784557,0.7999992370605504,45.2961575218016,AMD
2019-03-14,23.3700008392334,23.489999771118164,22.799999237060547,22.81999969482422,22.81999969482422,42818600.0,-0.0239520738256527,-0.024243589087809,0.6900005340576172,36.860053262576976,AMD
2019-03-15,23.100000381469727,23.64999961853028,23.01000022888184,23.290000915527344,23.290000915527344,46519900.0,0.0205960222168506,0.0203867921453814,0.6399993896484375,38.12710470196557,AMD
2019-03-18,23.299999237060547,23.6200008392334,23.040000915527344,23.25,23.25,34731800.0,-0.0017175145536673,-0.0017189911727737,0.5799999237060547,41.304356840021136,AMD
2019-03-19,23.600000381469727,26.07999992370605,23.59000015258789,26.0,26.0,156052200.0,0.118279569892473,0.1117914059881166,2.4899997711181605,66.71087633805298,AMD
2019-03-20,26.489999771118164,26.8799991607666,25.309999465942383,25.700000762939453,25.700000762939453,151292100.0,-0.0115384321946364,-0.0116055164339483,1.5699996948242188,63.92811522835668,AMD
2019-03-21,25.780000686645508,28.11000061035156,25.709999084472656,27.88999938964844,27.88999938964844,129610300.0,0.0852139518169612,0.0817771581676199,2.4000015258789027,71.4140383216105,AMD
2019-03-22,27.540000915527344,27.75,26.32999992370605,26.3700008392334,26.3700008392334,115323300.0,-0.0544997699418809,-0.0560411475646497,1.4200000762939489,63.586960089755976,AMD
2019-03-25,26.290000915527344,26.989999771118164,25.540000915527344,25.96999931335449,25.96999931335449,78438200.0,-0.0151688097515638,-0.0152850329557975,1.4499988555908203,60.91953770993693,AMD
2019-03-26,26.690000534057617,26.979999542236328,25.459999084472656,25.690000534057617,25.690000534057617,75754100.0,-0.0107816244397391,-0.0108401673243734,1.520000457763672,65.61905372602439,AMD
2019-03-27,25.700000762939453,25.8799991607666,24.549999237060547,24.88999938964844,24.88999938964844,88585300.0,-0.0311405655032432,-0.0316357400527916,1.329999923706055,62.80765561453407,AMD
2019-03-28,25.100000381469727,25.559999465942383,24.64999961853028,25.059999465942383,25.059999465942383,64667500.0,0.0068300554625422,0.0068068362992227,0.9099998474121058,63.775968026840026,AMD
2019-03-29,25.57999992370605,25.729999542236328,25.25,25.520000457763672,25.520000457763672,53502800.0,0.0183559856992994,0.0181895482572728,0.4799995422363281,62.09830307295806,AMD
2019-04-01,26.420000076293945,26.559999465942383,25.82999992370605,26.36000061035156,26.36000061035156,63000300.0,0.0329153658902989,0.032385256374729,0.7299995422363317,63.17722909741435,AMD
2019-04-02,26.51000022888184,26.799999237060547,26.09000015258789,26.75,26.75,53358800.0,0.0147951206607821,0.0146867405532496,0.7099990844726562,65.08505289263847,AMD
2019-04-03,28.020000457763672,29.950000762939453,27.8799991607666,29.020000457763672,29.020000457763672,197650500.0,0.0848598301967726,0.0814507898881015,2.070001602172852,74.06832394714513,AMD
2019-04-04,28.8799991607666,29.38999938964844,28.61000061035156,29.09000015258789,29.09000015258789,82191100.0,0.0024121190117174,0.0024092145223657,0.7799987792968821,73.23717728286562,AMD
2019-04-05,29.63999938964844,29.690000534057617,28.799999237060547,28.979999542236328,28.979999542236328,65662700.0,-0.003781389129411,-0.0037885566557945,0.8900012969970703,72.82868482300563,AMD
2019-04-08,28.690000534057617,28.950000762939453,28.18000030517578,28.530000686645508,28.530000686645508,58002500.0,-0.0155279110662157,-0.0156497318037892,0.7700004577636719,62.341469060659456,AMD
2019-04-09,28.239999771118164,28.3799991607666,27.190000534057617,27.239999771118164,27.239999771118164,75539800.0,-0.0452155935674819,-0.0462697164140042,1.1899986267089844,56.850529535311146,AMD
2019-04-10,27.459999084472656,28.1200008392334,27.31999969482422,27.82999992370605,27.82999992370605,64368100.0,0.0216593303063625,0.0214280999174765,0.8000011444091797,49.68879949237621,AMD
2019-04-11,27.809999465942383,28.049999237060547,27.459999084472656,27.790000915527344,27.790000915527344,44801200.0,-0.0014372622453597,-0.0014382960974705,0.5900001525878906,58.700978988549146,AMD
2019-04-12,28.209999084472656,28.3799991607666,27.65999984741211,27.850000381469727,27.850000381469727,41048800.0,0.0021590307292453,0.0021567033716894,0.7199993133544922,62.02046765653679,AMD
2019-04-15,27.799999237060547,27.84000015258789,26.959999084472656,27.32999992370605,27.32999992370605,40812500.0,-0.0186714704000385,-0.0188479829221959,0.8800010681152344,60.17369175074223,AMD
2019-04-16,27.71999931335449,28.18000030517578,27.489999771118164,27.93000030517578,27.93000030517578,47340100.0,0.0219539108358828,0.0217163937351422,0.6900005340576172,69.33842671413844,AMD
2019-04-17,28.209999084472656,28.270000457763672,27.21999931335449,27.489999771118164,27.489999771118164,48240800.0,-0.0157536888381658,-0.0158790970323856,1.0500011444091832,64.94464935992391,AMD
2019-04-18,27.600000381469727,27.8799991607666,27.34000015258789,27.68000030517578,27.68000030517578,39880900.0,0.0069116237046038,0.0068878479234544,0.5399990081787109,63.74045597762044,AMD
2019-04-22,27.6200008392334,28.229999542236328,27.38999938964844,28.18000030517578,28.18000030517578,36477300.0,0.0180635836158753,0.0179023755254453,0.8400001525878871,62.101061064067146,AMD
2019-04-23,28.18000030517578,28.489999771118164,27.790000915527344,27.96999931335449,27.96999931335449,41777500.0,-0.0074521287986899,-0.0074800346355396,0.6999988555908203,58.31061969323915,AMD
2019-04-24,28.100000381469727,28.850000381469727,27.93000030517578,28.459999084472656,28.459999084472656,51784700.0,0.0175187623577885,0.0173670778282787,0.9200000762939452,44.96401767110045,AMD
2019-04-25,28.670000076293945,28.86000061035156,27.36000061035156,27.65999984741211,27.65999984741211,57329700.0,-0.0281096016442605,-0.0285122397727321,1.5,38.63274962611122,AMD
2019-04-26,27.65999984741211,27.89999961853028,27.049999237060547,27.8799991607666,27.8799991607666,48827900.0,0.0079536990082476,0.0079222350706363,0.8500003814697301,41.40624650754014,AMD
2019-04-29,27.89999961853028,28.13999938964844,27.5,27.690000534057617,27.690000534057617,44532700.0,-0.0068148720383161,-0.0068381993208028,0.639999389648441,43.15960719797412,AMD
2019-04-30,27.59000015258789,27.799999237060547,26.940000534057617,27.6299991607666,27.6299991607666,73165900.0,-0.0021668967906741,-0.0021692479085587,0.8599987030029297,53.97148066973965,AMD
2019-05-01,28.950000762939453,29.14999961853028,26.780000686645508,26.809999465942383,26.809999465942383,136066900.0,-0.0296778762117583,-0.0301271762335551,2.369998931884769,40.077815380505015,AMD
2019-05-02,26.940000534057617,28.63999938964844,26.61000061035156,28.290000915527344,28.290000915527344,100514800.0,0.0552033375258009,0.0537334853479226,2.029998779296882,53.79939103998589,AMD
2019-05-03,28.299999237060547,28.420000076293945,27.65999984741211,28.21999931335449,28.21999931335449,55503100.0,-0.0024744291236283,-0.0024774955829075,0.7600002288818359,52.80727396919297,AMD
2019-05-06,26.71999931335449,27.5,26.450000762939453,27.420000076293945,27.420000076293945,70344100.0,-0.0283486625274991,-0.0287582451762047,1.0499992370605469,50.65502268272507,AMD
2019-05-07,27.200000762939453,27.350000381469727,26.209999084472656,26.65999984741211,26.65999984741211,75868800.0,-0.0277170031643761,-0.028108367889502,1.1400012969970703,40.96728314973414,AMD
2019-05-08,26.40999984741211,27.709999084472656,26.270000457763672,27.09000015258789,27.09000015258789,65967500.0,0.0161290437973322,0.0160003527025458,1.4399986267089844,47.15100082787597,AMD
2019-05-09,26.700000762939453,27.3799991607666,26.030000686645508,27.209999084472656,27.209999084472656,73150900.0,0.0044296393949374,0.0044198574187992,1.3499984741210938,46.618696625118496,AMD
2019-05-10,27.030000686645508,28.100000381469727,26.93000030517578,27.959999084472656,27.959999084472656,82930100.0,0.0275633967377817,0.0271903654729953,1.170000076293945,48.47221390700723,AMD
2019-05-13,26.979999542236328,27.229999542236328,26.100000381469727,26.239999771118164,26.239999771118164,99017900.0,-0.0615164295305602,-0.063489929268169,1.1299991607666016,40.06888792146718,AMD
2019-05-14,26.530000686645508,27.479999542236328,26.14999961853028,27.31999969482422,27.31999969482422,82980400.0,0.041158534036833,0.0403340681789154,1.3299999237060511,43.87097052059137,AMD
2019-05-15,26.8700008392334,27.790000915527344,26.729999542236328,27.57999992370605,27.57999992370605,55689900.0,0.0095168459658179,0.0094718460667051,1.0600013732910156,49.54337944283211,AMD
2019-05-16,27.3700008392334,28.3700008392334,27.270000457763672,28.01000022888184,28.01000022888184,67330100.0,0.0155910190850359,0.0154707278445725,1.1000003814697266,50.72464353636424,AMD
2019-05-17,27.690000534057617,28.459999084472656,27.39999961853028,27.5,27.5,65385400.0,-0.0182077909573155,-0.0183755927709245,1.0599994659423793,48.97739248480229,AMD
2019-05-20,26.979999542236328,27.239999771118164,26.489999771118164,26.68000030517578,26.68000030517578,69757400.0,-0.0298181707208806,-0.03027177218673,0.75,45.27363807257223,AMD
2019-05-21,27.18000030517578,27.3700008392334,26.93000030517578,27.350000381469727,27.350000381469727,46079200.0,0.0251124463504586,0.0248023103298994,0.4400005340576172,52.72727693079524,AMD
2019-05-22,27.1200008392334,27.59000015258789,27.06999969482422,27.40999984741211,27.40999984741211,40035300.0,0.0021937647204945,0.00219136193213,0.5200004577636719,44.81131417677434,AMD
2019-05-23,26.989999771118164,27.100000381469727,26.030000686645508,26.36000061035156,26.36000061035156,67809200.0,-0.0383071595368755,-0.039060171959059,1.0699996948242188,40.1691371140113,AMD
2019-05-24,26.61000061035156,26.93000030517578,26.39999961853028,26.440000534057617,26.440000534057617,39835800.0,0.0030348984011268,0.0030303023935702,0.5300006866455043,44.39359392581329,AMD
2019-05-28,27.270000457763672,29.670000076293945,27.059999465942383,29.049999237060547,29.049999237060547,146949600.0,0.0987140185432662,0.0941404218526077,2.6100006103515625,61.28423142648833,AMD
2019-05-29,29.0,29.31999969482422,27.729999542236328,28.09000015258789,28.09000015258789,99969600.0,-0.0330464409530151,-0.0336048104866843,1.5900001525878906,54.4964048520775,AMD
2019-05-30,28.39999961853028,28.559999465942383,27.600000381469727,28.030000686645508,28.030000686645508,65289100.0,-0.0021359724320562,-0.0021382568747555,0.9599990844726562,53.70706114192973,AMD
2019-05-31,27.56999969482422,28.36000061035156,27.39999961853028,27.40999984741211,27.40999984741211,68667800.0,-0.0221191874436446,-0.0223674849256789,0.960000991821282,47.48399170329255,AMD
2019-06-03,28.75,29.6200008392334,27.290000915527344,27.57999992370605,27.57999992370605,147532200.0,0.0062021188340135,0.0061829648510527,2.3299999237060547,57.14286004774471,AMD
2019-06-04,28.38999938964844,29.59000015258789,27.90999984741211,29.56999969482422,29.56999969482422,107549500.0,0.0721537264910463,0.0696694539450555,1.6800003051757812,60.932947686732064,AMD
2019-06-05,29.93000030517578,29.989999771118164,29.030000686645508,29.5,29.5,79481500.0,-0.0023672538230181,-0.0023700601981591,0.9599990844726562,59.50495410369975,AMD
2019-06-06,29.8700008392334,31.979999542236328,29.84000015258789,31.81999969482422,31.81999969482422,131267800.0,0.0786440574516684,0.0757047499731758,2.139999389648437,65.88824333131672,AMD
2019-06-07,31.940000534057617,32.599998474121094,31.56999969482422,32.40999984741211,32.40999984741211,86841100.0,0.0185418025847392,0.0183719991264564,1.029998779296875,70.33969148032743,AMD
2019-06-10,33.529998779296875,34.29999923706055,33.08000183105469,33.22999954223633,33.22999954223633,97668800.0,0.0253008237792291,0.0249860561454819,1.2199974060058594,77.13339466770245,AMD
2019-06-11,33.43000030517578,33.4900016784668,31.81999969482422,32.40999984741211,32.40999984741211,82834900.0,-0.0246764882973282,-0.0249860561454819,1.670001983642578,70.70376976201992,AMD
2019-06-12,32.0,32.56999969482422,31.920000076293945,32.18000030517578,32.18000030517578,56298700.0,-0.0070965610403942,-0.0071218613977701,0.6499996185302734,69.24940339529729,AMD
2019-06-13,32.38999938964844,32.5,31.059999465942383,31.38999938964844,31.38999938964844,63556000.0,-0.0245494377885471,-0.0248557996379142,1.4400005340576172,70.73371771737021,AMD
2019-06-14,30.700000762939453,30.959999084472656,30.020000457763672,30.36000061035156,30.36000061035156,70373000.0,-0.0328129595197299,-0.0333633787784866,0.9399986267089844,64.98471422936456,AMD
2019-06-17,30.25,30.450000762939453,29.18000030517578,29.200000762939453,29.200000762939453,70865700.0,-0.03820816284887,-0.0389572372289361,1.270000457763672,50.64489063329237,AMD
2019-06-18,29.76000022888184,30.96999931335449,29.57999992370605,30.450000762939453,30.450000762939453,86444500.0,0.0428082180595863,0.0419172838090893,1.3899993896484375,59.89933293991595,AMD
2019-06-19,30.670000076293945,30.790000915527344,30.059999465942383,30.5,30.5,63233900.0,0.0016420110281705,0.0016406644019773,0.7300014495849609,60.36943635836317,AMD
2019-06-20,31.239999771118164,31.36000061035156,29.84000015258789,30.01000022888184,30.01000022888184,72418200.0,-0.0160655662661691,-0.0161960165342378,1.5200004577636683,61.03565819979598,AMD
2019-06-21,29.64999961853028,30.350000381469727,28.96999931335449,29.100000381469727,29.100000381469727,81861300.0,-0.0303232202756307,-0.030792479792756,1.380001068115238,56.07029099566673,AMD
2019-06-24,29.31999969482422,29.39999961853028,28.670000076293945,29.26000022888184,29.26000022888184,55724800.0,0.0054982764712949,0.0054832161279519,0.7299995422363317,48.55004882564207,AMD
2019-06-25,29.26000022888184,29.71999931335449,28.799999237060547,28.86000061035156,28.86000061035156,53680900.0,-0.0136705268421511,-0.0137648289198967,0.9200000762939418,47.096190632457606,AMD
2019-06-26,29.979999542236328,30.479999542236328,29.780000686645508,29.920000076293945,29.920000076293945,65064200.0,0.0367290174471508,0.0360705811617805,0.6999988555908203,40.26639182075452,AMD
2019-06-27,30.40999984741211,30.959999084472656,30.209999084472656,30.739999771118164,30.739999771118164,55623300.0,0.0274064068426898,0.0270375750085089,0.75,41.64163787663709,AMD
2019-06-28,31.07999992370605,31.11000061035156,30.32999992370605,30.3700008392334,30.3700008392334,50090900.0,-0.0120363999557475,-0.0121094239734278,0.7800006866455078,35.01048142583382,AMD
2019-07-01,31.790000915527344,32.040000915527344,30.8700008392334,31.200000762939453,31.200000762939453,60275900.0,0.0273295983131427,0.0269628125773352,1.170000076293945,43.664923222689765,AMD
2019-07-02,30.959999084472656,31.26000022888184,30.729999542236328,31.239999771118164,31.239999771118164,37721700.0,0.0012820194615579,0.0012811983762979,0.5300006866455114,44.97862688348234,AMD
2019-07-03,31.1299991607666,31.32999992370605,30.739999771118164,31.190000534057617,31.190000534057617,23462000.0,-0.0016004877537409,-0.0016017699024908,0.5900001525878871,48.83991291685389,AMD
2019-07-05,30.8799991607666,31.559999465942383,30.75,31.5,31.5,34011900.0,0.0099390657465325,0.0098899980891563,0.8099994659423828,57.21519158486792,AMD
2019-07-08,31.799999237060547,32.150001525878906,31.26000022888184,32.040000915527344,32.040000915527344,49689400.0,0.0171428862072171,0.0169976049430819,0.8900012969970668,69.50550904497831,AMD
2019-07-09,31.76000022888184,33.18000030517578,30.100000381469727,33.150001525878906,33.150001525878906,61419800.0,0.0346442128162871,0.0340576118867307,3.0799999237060547,68.90758008598564,AMD
2019-07-10,33.560001373291016,34.029998779296875,33.36000061035156,33.790000915527344,33.790000915527344,60388400.0,0.0193061647116008,0.0191221651594221,0.6699981689453125,71.28074213421816,AMD
2019-07-11,33.90999984741211,34.0,32.7599983215332,33.060001373291016,33.060001373291016,63081800.0,-0.0216040107267613,-0.0218407938885917,1.2400016784667969,69.13427143668417,AMD
2019-07-12,32.7599983215332,33.38999938964844,32.59000015258789,33.209999084472656,33.209999084472656,51509700.0,0.0045371356609447,0.0045268738886031,0.7999992370605469,78.50209768861401,AMD
2019-07-15,33.34000015258789,34.54999923706055,33.27000045776367,34.38999938964844,34.38999938964844,65565200.0,0.0355314765945744,0.0349147988754037,1.279998779296875,81.16648245944789,AMD
2019-07-16,34.29999923706055,34.86000061035156,33.79999923706055,33.849998474121094,33.849998474121094,66912700.0,-0.0157022659235605,-0.0158268524156178,1.0600013732910156,79.80884572753658,AMD
2019-07-17,34.0099983215332,34.29999923706055,33.4900016784668,33.599998474121094,33.599998474121094,42557900.0,-0.0073855247051526,-0.0074129327245247,0.80999755859375,74.33862774260366,AMD
2019-07-18,33.029998779296875,33.459999084472656,32.41999816894531,33.0,33.0,58473900.0,-0.0178570982550256,-0.0180184600896145,1.0400009155273438,65.39510860851536,AMD
2019-07-19,33.08000183105469,33.349998474121094,32.45000076293945,32.5099983215332,32.5099983215332,44617700.0,-0.0148485357111151,-0.0149598787799139,0.8999977111816406,64.34315209167958,AMD
2019-07-22,32.79999923706055,33.310001373291016,32.7400016784668,32.849998474121094,32.849998474121094,37777300.0,0.0104583257502874,0.0104040157941615,0.5699996948242188,61.83642987987257,AMD
2019-07-23,33.16999816894531,33.5,32.93000030517578,33.4900016784668,33.4900016784668,38532500.0,0.0194825946445595,0.0192952384438313,0.5699996948242188,64.86130403659891,AMD
2019-07-24,33.63999938964844,34.36000061035156,33.45000076293945,34.11000061035156,34.11000061035156,41952300.0,0.0185129561305279,0.0183436773996203,0.9099998474121094,67.93611554688059,AMD
2019-07-25,34.04999923706055,34.25,33.619998931884766,33.66999816894531,33.66999816894531,36705600.0,-0.0128995143222812,-0.0129834355335765,0.6300010681152344,63.119691946057344,AMD
2019-07-26,34.22999954223633,34.77000045776367,33.869998931884766,34.02000045776367,34.02000045776367,43502800.0,0.0103950789382927,0.0103414216328348,0.9000015258789062,62.252463853644144,AMD
2019-07-29,34.13999938964844,34.18000030517578,32.97999954223633,33.47999954223633,33.47999954223633,45922000.0,-0.0158730425708771,-0.0160003684749134,1.2000007629394531,52.19705562494699,AMD
2019-07-30,33.209999084472656,33.939998626708984,32.939998626708984,33.869998931884766,33.869998931884766,72198900.0,0.01164872744865,0.0115814033454237,1.0,50.550950074270936,AMD
2019-07-31,32.08000183105469,32.29999923706055,30.299999237060547,30.450000762939453,30.450000762939453,119190000.0,-0.1009742626748586,-0.1064436160825595,2.0,36.88442507746325,AMD
2019-08-01,30.5,31.479999542236328,29.100000381469727,29.86000061035156,29.86000061035156,80878900.0,-0.0193760307981988,-0.0195662066599037,2.3799991607666016,33.87874778149252,AMD
2019-08-02,29.479999542236328,29.729999542236328,28.940000534057617,29.440000534057617,29.440000534057617,60410900.0,-0.014065641919255,-0.0141655005502654,0.7899990081787109,24.29908948429727,AMD
2019-08-05,28.26000022888184,28.489999771118164,27.64999961853028,27.989999771118164,27.989999771118164,74333200.0,-0.0492527424128957,-0.050507016651129,0.8400001525878871,22.20116217900149,AMD
2019-08-06,28.86000061035156,29.049999237060547,28.200000762939453,28.86000061035156,28.86000061035156,60578400.0,0.0310825597123125,0.0306092791443368,0.8499984741210938,28.763464658870205,AMD
2019-08-07,28.46999931335449,29.280000686645508,28.3700008392334,29.190000534057617,29.190000534057617,58577500.0,0.0114345085490987,0.0113696286675061,0.9099998474121094,32.50690384326056,AMD
2019-08-08,31.530000686645508,34.27000045776367,31.479999542236328,33.91999816894531,33.91999816894531,167278800.0,0.1620417111458747,0.1501785537802023,2.790000915527344,54.659614647625965,AMD
2019-08-09,33.45000076293945,35.54999923706055,33.08000183105469,34.189998626708984,34.189998626708984,132483900.0,0.0079599195854576,0.0079284065426207,2.46999740600586,54.448870155956726,AMD
2019-08-12,34.15999984741211,34.650001525878906,32.08000183105469,32.43000030517578,32.43000030517578,106936000.0,-0.0514769930455131,-0.0528492337552375,2.5699996948242188,46.72434686867115,AMD
2019-08-13,32.36000061035156,33.13999938964844,31.71999931335449,32.11000061035156,32.11000061035156,102009700.0,-0.0098673972190234,-0.0099164026199507,1.4200000762939489,43.70277120441851,AMD
2019-08-14,31.0,31.049999237060547,29.51000022888184,30.239999771118164,30.239999771118164,127521500.0,-0.0582373342786717,-0.0600019833670797,1.5399990081787074,40.09243644237046,AMD
2019-08-15,30.6299991607666,30.729999542236328,29.209999084472656,29.670000076293945,29.670000076293945,71674400.0,-0.0188491964000813,-0.0190291068683409,1.520000457763672,37.5926949295962,AMD
2019-08-16,30.309999465942383,31.479999542236328,30.209999084472656,31.18000030517578,31.18000030517578,70469800.0,0.0508931656555105,0.049640436543032,1.270000457763672,43.7837845639996,AMD
2019-08-19,32.0,32.189998626708984,31.420000076293945,31.479999542236328,31.479999542236328,67596900.0,0.0096215277140567,0.0095755355906101,0.7699985504150391,43.5089627792386,AMD
2019-08-20,30.940000534057617,31.309999465942383,30.450000762939453,30.71999931335449,30.71999931335449,47924000.0,-0.0241423202011854,-0.0244385230800604,0.8599987030029297,50.85713835908657,AMD
2019-08-21,31.049999237060547,31.739999771118164,30.84000015258789,31.700000762939453,31.700000762939453,41441500.0,0.0319010895667222,0.031402819022996,0.8999996185302734,55.70012460399471,AMD
2019-08-22,31.76000022888184,31.920000076293945,30.979999542236328,31.89999961853028,31.89999961853028,47667900.0,0.0063091120119038,0.0062892928817749,0.9400005340576172,57.72612866649479,AMD
2019-08-23,31.299999237060547,31.82999992370605,29.39999961853028,29.540000915527344,29.540000915527344,83681100.0,-0.0739811514490439,-0.0768606897364659,2.430000305175774,54.604876716458335,AMD
2019-08-26,30.34000015258789,30.71999931335449,29.940000534057617,30.280000686645508,30.280000686645508,50612500.0,0.0250507700806872,0.0247421431497494,0.7799987792968714,54.25149849690605,AMD
2019-08-27,30.600000381469727,30.88999938964844,29.600000381469727,30.200000762939453,30.200000762939453,53229200.0,-0.0026420053464971,-0.0026455016020642,1.2899990081787145,53.06991043575103,AMD
2019-08-28,29.920000076293945,31.18000030517578,29.700000762939453,30.780000686645508,30.780000686645508,55835900.0,0.019205295001774,0.0190232010751845,1.479999542236328,37.23577982120853,AMD
2019-08-29,31.46999931335449,31.82999992370605,31.32999992370605,31.450000762939453,31.450000762939453,44422800.0,0.0217673834095994,0.0215338566863514,0.5,39.212604243386174,AMD
2019-08-30,31.600000381469727,31.8700008392334,31.1299991607666,31.450000762939453,31.450000762939453,40307000.0,0.0,0.0,0.7400016784667969,45.52102529590931,AMD
2019-09-03,30.82999992370605,31.13999938964844,30.68000030517578,30.89999961853028,30.89999961853028,38029300.0,-0.0174881122755741,-0.0176428358468541,0.4599990844726598,44.5837019536407,AMD
2019-09-04,31.31999969482422,31.82999992370605,30.850000381469727,30.950000762939453,30.950000762939453,46614600.0,0.0016181600332185,0.0016168522229128,0.9799995422363246,53.796796592802295,AMD
2019-09-05,31.790000915527344,32.04999923706055,31.1200008392334,31.5,31.5,57861200.0,0.0177705726495209,0.0176145220502732,0.9299983978271484,59.80707362631543,AMD
2019-09-06,31.5,31.51000022888184,30.479999542236328,30.559999465942383,30.559999465942383,51673000.0,-0.0298412867954799,-0.0302955990089751,1.0300006866455114,46.46118251692935,AMD
2019-09-09,30.93000030517578,31.18000030517578,30.239999771118164,30.5,30.5,54413200.0,-0.0019633333439436,-0.0019652632092463,0.9400005340576172,44.24882928648599,AMD
2019-09-10,30.21999931335449,30.3799991607666,29.770000457763672,30.229999542236328,30.229999542236328,48604800.0,-0.0088524740250384,-0.0088918899646944,0.6099987030029297,46.94894315555249,AMD
2019-09-11,30.3799991607666,30.43000030517578,29.51000022888184,29.76000022888184,29.76000022888184,50631700.0,-0.0155474469226445,-0.0156695759928583,0.9200000762939418,37.10105779242109,AMD
2019-09-12,30.07999992370605,30.84000015258789,29.950000762939453,30.209999084472656,30.209999084472656,53618300.0,0.0151209291710319,0.0150077474373269,0.8899993896484375,39.12483365928459,AMD
2019-09-13,30.270000457763672,30.850000381469727,29.950000762939453,30.690000534057617,30.690000534057617,47758800.0,0.0158888270152801,0.0157639209401863,0.8999996185302734,59.76230361032847,AMD
2019-09-16,30.3700008392334,31.14999961853028,30.26000022888184,30.82999992370605,30.82999992370605,52248500.0,0.004561726530212,0.0045513533900665,0.8899993896484375,55.198479601829305,AMD
2019-09-17,31.06999969482422,31.31999969482422,30.739999771118164,30.989999771118164,30.989999771118164,35011700.0,0.005189745306781,0.0051763249905962,0.5799999237060547,57.35566931765592,AMD
2019-09-18,30.75,30.88999938964844,29.8799991607666,30.420000076293945,30.420000076293945,47027500.0,-0.0183930202979686,-0.0185642750748233,1.0100002288818395,46.6417857336032,AMD
2019-09-19,30.56999969482422,30.959999084472656,30.13999938964844,30.290000915527344,30.290000915527344,41603000.0,-0.0042734766745746,-0.0042826340746213,0.8199996948242152,37.96680580023961,AMD
2019-09-20,30.36000061035156,30.46999931335449,29.64999961853028,30.049999237060547,30.049999237060547,79957400.0,-0.0079234622387801,-0.0079550196723285,0.8199996948242116,36.1659965818512,AMD
2019-09-23,30.1200008392334,30.799999237060547,30.06999969482422,30.63999938964844,30.63999938964844,44366800.0,0.019633949003907,0.019443689360084,0.7299995422363281,47.450978338878976,AMD
2019-09-24,30.540000915527344,30.75,29.290000915527344,29.520000457763672,29.520000457763672,72963000.0,-0.0365534906721687,-0.0372383097131292,1.4599990844726562,38.41166345580761,AMD
2019-09-25,29.479999542236328,29.64999961853028,28.549999237060547,29.540000915527344,29.540000915527344,58234800.0,0.000677522271461,0.0006772928568633,1.10000038146973,32.62411971116515,AMD
2019-09-26,29.670000076293945,29.770000457763672,29.0,29.46999931335449,29.46999931335449,40745400.0,-0.0023697224104031,-0.0023725346462449,0.7700004577636719,38.57442297711099,AMD
2019-09-27,29.170000076293945,29.770000457763672,28.350000381469727,28.71999931335449,28.71999931335449,54091100.0,-0.0254496103656213,-0.025779053178036,1.420000076293945,33.699630372669986,AMD
2019-09-30,28.88999938964844,29.049999237060547,28.36000061035156,28.989999771118164,28.989999771118164,37295600.0,0.0094011303697394,0.0093572147666111,0.6899986267089879,38.64469280339328,AMD
2019-10-01,29.049999237060547,29.540000915527344,28.63999938964844,28.76000022888184,28.76000022888184,37081800.0,-0.0079337545378481,-0.0079653942271793,0.9000015258789027,40.421458178650575,AMD
2019-10-02,28.5,28.850000381469727,28.030000686645508,28.309999465942383,28.309999465942383,43640700.0,-0.0156467579749025,-0.0157704605520051,0.8199996948242188,31.80078084321572,AMD
2019-10-03,28.280000686645508,28.780000686645508,27.43000030517578,28.68000030517578,28.68000030517578,56325200.0,0.0130696166094428,0.012984946112957,1.3500003814697266,30.332688468160967,AMD
2019-10-04,28.82999992370605,29.059999465942383,28.280000686645508,29.01000022888184,29.01000022888184,34446700.0,0.0115062733680133,0.011440579650932,0.779998779296875,32.83020144468993,AMD
2019-10-07,28.89999961853028,29.6299991607666,28.84000015258789,28.93000030517578,28.93000030517578,39337200.0,-0.0027576671173691,-0.0027614764862602,0.7899990081787109,30.268216173356777,AMD
2019-10-08,28.549999237060547,28.63999938964844,27.920000076293945,28.229999542236328,28.229999542236328,44265700.0,-0.0241963621000798,-0.0244939034869149,0.7199993133544957,29.5327213422876,AMD
2019-10-09,28.799999237060547,28.950000762939453,28.350000381469727,28.459999084472656,28.459999084472656,35661500.0,0.0081473448801234,0.0081143344428959,0.6000003814697266,33.21100647728059,AMD
2019-10-10,28.520000457763672,28.88999938964844,28.0,28.3799991607666,28.3799991607666,40660100.0,-0.002810960164426,-0.0028149183321904,0.889999389648441,34.21550864706323,AMD
2019-10-11,28.82999992370605,30.200000762939453,28.809999465942383,29.75,29.75,66256900.0,0.0482734629931678,0.0471444898310393,1.3900012969970703,42.66887252822528,AMD
2019-10-14,29.709999084472656,30.61000061035156,29.3799991607666,30.530000686645508,30.530000686645508,44473700.0,0.0262185104754792,0.0258806972459928,1.2300014495849574,58.81325742558765,AMD
2019-10-15,30.700000762939453,30.920000076293945,30.170000076293945,30.71999931335449,30.71999931335449,41600700.0,0.0062233417109647,0.0062040566900977,0.75,59.99998060324548,AMD
2019-10-16,30.600000381469727,31.40999984741211,30.530000686645508,30.809999465942383,30.809999465942383,42804400.0,0.0029296925325374,0.0029254093469419,0.8799991607666016,61.31756506408626,AMD
2019-10-17,31.299999237060547,31.39999961853028,30.86000061035156,31.13999938964844,31.13999938964844,36884400.0,0.0107108058885505,0.0106538515309379,0.539999008178718,71.9999930641892,AMD
2019-10-18,31.059999465942383,31.32999992370605,30.290000915527344,30.96999931335449,30.96999931335449,39681700.0,-0.005459218998908,-0.0054741749918094,1.0399990081787074,68.33332391433031,AMD
2019-10-21,31.5,32.2599983215332,31.40999984741211,32.029998779296875,32.029998779296875,52182800.0,0.0342266544864051,0.0336539536960229,0.8499984741210938,76.24396299805731,AMD
2019-10-22,32.060001373291016,32.150001525878906,31.5,31.51000022888184,31.51000022888184,36185200.0,-0.0162347352554738,-0.0163679624768552,0.6500015258789062,75.39683452749514,AMD
2019-10-23,31.09000015258789,31.64999961853028,30.82999992370605,31.36000061035156,31.36000061035156,26582200.0,-0.0047603813849799,-0.0047717480880194,0.8199996948242259,72.03948338441546,AMD
2019-10-24,31.57999992370605,31.86000061035156,31.34000015258789,31.71999931335449,31.71999931335449,27808000.0,0.0114795502549862,0.0114141601746148,0.5200004577636683,72.17676354920604,AMD
2019-10-25,31.89999961853028,32.86000061035156,31.82999992370605,32.709999084472656,32.709999084472656,45368800.0,0.0312105861459262,0.0307334384415107,1.0300006866455114,76.92308110311092,AMD
2019-10-28,33.15999984741211,33.90999984741211,33.150001525878906,33.689998626708984,33.689998626708984,51223600.0,0.0299602436461556,0.0295202030948163,0.7599983215332031,87.39727745407978,AMD
2019-10-29,33.72999954223633,33.900001525878906,32.70000076293945,33.029998779296875,33.029998779296875,78700100.0,-0.0195903791723182,-0.0197848142105982,1.2000007629394531,79.56016960360675,AMD
2019-10-30,32.93000030517578,33.34000015258789,32.029998779296875,33.130001068115234,33.130001068115234,78228800.0,0.0030276201185039,0.0030230461066343,1.3100013732910156,80.64518113786778,AMD
2019-10-31,32.97999954223633,34.34000015258789,32.81999969482422,33.93000030517578,33.93000030517578,67881600.0,0.0241472747138085,0.0238603392384889,1.520000457763672,79.10865145072788,AMD
2019-11-01,34.369998931884766,35.0,34.099998474121094,34.88999938964844,34.88999938964844,64238600.0,0.0282935182976173,0.0279006499146719,0.9000015258789062,79.61957697776762,AMD
2019-11-04,35.189998626708984,36.45000076293945,34.7599983215332,36.290000915527344,36.290000915527344,83343800.0,0.0401261550693599,0.0393420087479808,1.69000244140625,82.4971005845123,AMD
2019-11-05,36.560001373291016,37.18000030517578,35.97999954223633,36.150001525878906,36.150001525878906,84848600.0,-0.0038577951533899,-0.003865255638643,1.2000007629394531,80.9745005986465,AMD
2019-11-06,36.060001373291016,36.47999954223633,35.52000045776367,35.93000030517578,35.93000030517578,51675100.0,-0.0060857873144384,-0.0061043811953766,0.9599990844726562,78.14337168203072,AMD
2019-11-07,36.52000045776367,36.9900016784668,36.02999877929688,36.27999877929688,36.27999877929688,54350200.0,0.0097411208223865,0.0096939819811643,0.9600028991699148,80.55236749464066,AMD
2019-11-08,36.060001373291016,36.58000183105469,36.0,36.290000915527344,36.290000915527344,39353900.0,0.0002756928491456,0.0002756548528554,0.5800018310546875,77.87959735967003,AMD
2019-11-11,35.959999084472656,36.65999984741211,35.58000183105469,36.310001373291016,36.310001373291016,43511100.0,0.0005511286100605,0.0005509767944655,1.079998016357422,83.61344728626271,AMD
2019-11-12,36.43000030517578,37.130001068115234,36.400001525878906,36.709999084472656,36.709999084472656,58664500.0,0.011016185515098,0.0109559493217559,0.7299995422363281,86.19755694171721,AMD
2019-11-13,36.650001525878906,37.959999084472656,36.58000183105469,37.52000045776367,37.52000045776367,67648300.0,0.0220648704301826,0.0218249637692591,1.3799972534179688,86.98979349793781,AMD
2019-11-14,37.5099983215332,38.5,37.36000061035156,38.34999847412109,38.34999847412109,65829500.0,0.022121482042404,0.0218803516864785,1.1399993896484375,86.71874456728519,AMD
2019-11-15,38.93999862670898,39.369998931884766,38.34000015258789,38.560001373291016,38.560001373291016,62958500.0,0.0054759558676811,0.0054610173317109,1.029998779296875,85.23878556885884,AMD
2019-11-18,38.650001525878906,39.9900016784668,38.59999847412109,39.880001068115234,39.880001068115234,66102800.0,0.0342323560117538,0.0336594665201299,1.3900032043457102,95.244379875138,AMD
2019-11-19,40.13999938964844,41.790000915527344,39.68999862670898,41.290000915527344,41.290000915527344,94373000.0,0.0353560634314884,0.0347453901942319,2.1000022888183665,95.9459395602531,AMD
2019-11-20,40.959999084472656,41.75,40.06999969482422,40.97999954223633,40.97999954223633,79767900.0,-0.0075079042484215,-0.0075362304307626,1.6800003051757812,92.0142821483603,AMD
2019-11-21,40.41999816894531,40.709999084472656,38.63999938964844,39.52000045776367,39.52000045776367,88069400.0,-0.035627113245033,-0.0362772471775812,2.0699996948242188,76.04049155939532,AMD
2019-11-22,39.36000061035156,39.88999938964844,38.18999862670898,39.150001525878906,39.150001525878906,56931900.0,-0.0093623210424856,-0.0094064230507489,1.7000007629394602,68.1933866937934,AMD
2019-11-25,39.5,40.16999816894531,39.4900016784668,39.790000915527344,39.790000915527344,45769500.0,0.0163473656374033,0.0162151860358109,0.6799964904785156,71.77032968838124,AMD
2019-11-26,39.29999923706055,39.47999954223633,38.810001373291016,38.9900016784668,38.9900016784668,43603300.0,-0.020105534522578,-0.0203104014046643,0.6699981689453125,67.11410426926133,AMD
2019-11-27,39.459999084472656,39.7599983215332,39.06999969482422,39.40999984741211,39.40999984741211,33630100.0,0.0107719453927919,0.0107143412919525,0.6899986267089844,67.36959850833028,AMD
2019-11-29,39.09999847412109,39.52000045776367,39.02000045776367,39.150001525878906,39.150001525878906,17609900.0,-0.0065972677630009,-0.006619125923099,0.5,65.44277703534405,AMD
2019-12-02,39.31999969482422,39.40999984741211,38.43999862670898,38.72999954223633,38.72999954223633,35710200.0,-0.0107280195982866,-0.0107859797047025,0.970001220703132,62.525875583953,AMD
2019-12-03,37.34000015258789,38.93000030517578,37.150001525878906,38.900001525878906,38.900001525878906,51556400.0,0.0043894135205755,0.0043798081427742,1.779998779296875,61.6118895574385,AMD
2019-12-04,39.380001068115234,39.81999969482422,39.130001068115234,39.68999862670898,39.68999862670898,44299400.0,0.0203084079650874,0.0201049423444659,0.6899986267089844,61.5302820606995,AMD
2019-12-05,39.95000076293945,40.220001220703125,39.54999923706055,39.619998931884766,39.619998931884766,35574000.0,-0.0017636608023742,-0.0017652178831313,0.6700019836425781,57.34104505092517,AMD
2019-12-06,40.09999847412109,40.18999862670898,39.560001373291016,39.630001068115234,39.630001068115234,31101400.0,0.0002524517036879,0.0002524198431186,0.6299972534179616,56.33136142757311,AMD
2019-12-09,39.459999084472656,39.84000015258789,38.90999984741211,38.93000030517578,38.93000030517578,27928100.0,-0.0176634050989881,-0.0178212646930773,0.9300003051757812,43.93358235241672,AMD
2019-12-10,39.20000076293945,39.72999954223633,38.81999969482422,39.43999862670898,39.43999862670898,33733600.0,0.0131003934635312,0.0130153254532273,0.9099998474121094,36.65221337875,AMD
2019-12-11,39.43999862670898,39.61000061035156,39.040000915527344,39.470001220703125,39.470001220703125,31698300.0,0.0007607148843515,0.0007604256874389,0.5699996948242188,38.64662525376348,AMD
2019-12-12,39.400001525878906,42.619998931884766,39.25,42.59000015258789,42.59000015258789,86878000.0,0.0790473482490858,0.0760785669157174,3.3699989318847656,68.47172440892835,AMD
2019-12-13,42.34999847412109,42.95000076293945,41.060001373291016,41.150001525878906,41.150001525878906,79927800.0,-0.0338107213324695,-0.0343955233138634,1.8899993896484373,60.66098393190481,AMD
2019-12-16,41.72999954223633,42.97999954223633,41.72999954223633,42.34999847412109,42.34999847412109,58824900.0,0.0291615286450843,0.0287444208638891,1.25,62.87725802180595,AMD
2019-12-17,42.5099983215332,43.11000061035156,42.150001525878906,42.77000045776367,42.77000045776367,44852000.0,0.0099174025684849,0.0098685478738679,0.9599990844726562,69.7698731413322,AMD
2019-12-18,42.790000915527344,43.060001373291016,42.2400016784668,42.29999923706055,42.29999923706055,39083300.0,-0.0109890394125027,-0.0110498649258937,0.8199996948242188,65.03641626482018,AMD
2019-12-19,42.630001068115234,43.34000015258789,42.59999847412109,42.83000183105469,42.83000183105469,45883000.0,0.0125296123771507,0.0124517663631257,0.740001678466804,68.62347412184789,AMD
2019-12-20,43.43999862670898,44.2599983215332,43.2599983215332,44.150001525878906,44.150001525878906,68104700.0,0.0308195105858513,0.0303541272322479,1.0,75.13914971904659,AMD
2019-12-23,44.58000183105469,45.630001068115234,44.38999938964844,45.459999084472656,45.459999084472656,55886500.0,0.0296715178554611,0.0292398366740001,1.2400016784667969,77.51677250959759,AMD
2019-12-24,46.09999847412109,46.61000061035156,45.77000045776367,46.540000915527344,46.540000915527344,44432200.0,0.023757189898923,0.0234793792607714,0.8400001525878906,78.05078076305804,AMD
2019-12-26,46.9900016784668,47.310001373291016,45.65999984741211,46.630001068115234,46.630001068115234,57562800.0,0.0019338236101724,0.001931956180427,1.6500015258789062,78.65903602657748,AMD
2019-12-27,46.84999847412109,46.880001068115234,45.97999954223633,46.18000030517578,46.18000030517578,36581300.0,-0.0096504557716416,-0.009697323191664,0.9000015258789062,75.84845387363329,AMD
2019-12-30,46.13999938964844,46.16999816894531,44.65999984741211,45.52000045776367,45.52000045776367,41149700.0,-0.0142918978573098,-0.0143950106603513,1.5099983215332031,76.08867614914348,AMD
2019-12-31,45.06999969482422,46.09000015258789,44.91999816894531,45.86000061035156,45.86000061035156,31673200.0,0.0074692475652182,0.007441490864381,1.170001983642578,75.76244177306845,AMD
2020-01-02,46.86000061035156,49.25,46.630001068115234,49.09999847412109,49.09999847412109,80331100.0,0.0706497562287034,0.0682657129847346,2.6199989318847656,80.72749961293111,AMD
2020-01-03,48.02999877929688,49.38999938964844,47.540000915527344,48.59999847412109,48.59999847412109,73127400.0,-0.010183299705468,-0.0102355042137486,1.8499984741210935,73.02681483867627,AMD
2020-01-06,48.02000045776367,48.86000061035156,47.86000061035156,48.38999938964844,48.38999938964844,47934900.0,-0.0043209689519737,-0.0043303313177105,1.0,80.6260492838245,AMD
2020-01-07,49.34999847412109,49.38999938964844,48.040000915527344,48.25,48.25,58061400.0,-0.002893147167065,-0.0028973404070567,1.3499984741210938,77.41635852474772,AMD
2020-01-08,47.84999847412109,48.29999923706055,47.13999938964844,47.83000183105469,47.83000183105469,53767000.0,-0.0087046252631153,-0.0087427318102334,1.1599998474121094,73.51302120170786,AMD
2020-01-09,48.93999862670898,49.959999084472656,48.38999938964844,48.970001220703125,48.970001220703125,76512800.0,0.0238343998746883,0.0235547946670345,1.5699996948242188,79.17762043583684,AMD
2020-01-10,49.2599983215332,49.290000915527344,48.0,48.16999816894531,48.16999816894531,44133700.0,-0.0163365944826563,-0.016471508012013,1.2900009155273438,72.82050312283593,AMD
2020-01-13,48.65999984741211,48.86000061035156,48.2400016784668,48.75,48.75,34266800.0,0.012040727695701,0.0119688148140731,0.6199989318847656,70.98539625171159,AMD
2020-01-14,48.63999938964844,49.040000915527344,47.90999984741211,48.209999084472656,48.209999084472656,38563200.0,-0.0110769418569711,-0.0111387480167287,1.1300010681152344,63.49361796433729,AMD
2020-01-15,48.22999954223633,49.08000183105469,48.119998931884766,48.54999923706055,48.54999923706055,40199900.0,0.0070524820378474,0.0070277295956964,0.960002899169922,60.6349108955415,AMD
2020-01-16,49.16999816894531,50.310001373291016,48.9900016784668,49.77000045776367,49.77000045776367,58898900.0,0.0251287588027775,0.0248182230452212,1.3199996948242188,64.83931401803653,AMD
2020-01-17,50.20000076293945,51.04999923706055,49.900001525878906,50.93000030517578,50.93000030517578,57722500.0,0.0233072099004001,0.0230397448205313,1.1499977111816406,71.03631361742073,AMD
2020-01-21,50.959999084472656,51.810001373291016,50.70000076293945,51.04999923706055,51.04999923706055,49095000.0,0.0023561541560126,0.0023533827771527,1.1100006103515625,75.72092455486921,AMD
2020-01-22,51.630001068115234,51.880001068115234,51.20000076293945,51.43000030517578,51.43000030517578,40772200.0,0.0074437036982237,0.0074161360549041,0.6800003051757812,75.81093244769201,AMD
2020-01-23,51.34000015258789,51.75,50.7400016784668,51.709999084472656,51.709999084472656,40135400.0,0.0054442694465373,0.0054295029824617,1.0099983215332031,66.66666666666673,AMD
2020-01-24,52.27999877929688,52.810001373291016,49.470001220703125,50.34999847412109,50.34999847412109,80004900.0,-0.0263005344117275,-0.0266525798439646,3.34000015258789,60.06904205033116,AMD
2020-01-27,48.45000076293945,49.790000915527344,47.900001525878906,49.2599983215332,49.2599983215332,48878600.0,-0.021648464461188,-0.0218862302403649,1.8899993896484373,54.54544729800348,AMD
2020-01-28,50.02999877929688,50.84999847412109,49.47999954223633,50.52999877929688,50.52999877929688,62343800.0,0.0257815773657572,0.0254548365270635,1.3699989318847583,60.65419534521572,AMD
2020-01-29,47.84000015258789,48.06999969482422,46.09999847412109,47.5099983215332,47.5099983215332,112349900.0,-0.0597664858642551,-0.0616270152757053,1.970001220703132,48.7969799086022,AMD
2020-01-30,46.4900016784668,48.810001373291016,46.130001068115234,48.77999877929688,48.77999877929688,70460200.0,0.026731225060643,0.0263801878929858,2.680000305175781,49.29261977233403,AMD
2020-01-31,48.400001525878906,48.58000183105469,46.790000915527344,47.0,47.0,60322400.0,-0.0364903407921434,-0.0371727660530511,1.7900009155273438,45.940326607890526,AMD
2020-02-03,46.400001525878906,48.09999847412109,46.22999954223633,48.02000045776367,48.02000045776367,46983500.0,0.0217021373992269,0.0214699986158196,1.8699989318847583,47.54208946221511,AMD
2020-02-04,49.209999084472656,49.75,48.61000061035156,49.45000076293945,49.45000076293945,46302100.0,0.0297792647135342,0.0293444731713452,1.1399993896484375,53.93901380634281,AMD
2020-02-05,50.290000915527344,50.41999816894531,49.310001373291016,49.84000015258789,49.84000015258789,42737100.0,0.0078867418327872,0.0078558040435288,1.1099967956542969,54.084866500098805,AMD
2020-02-06,48.79999923706055,49.38999938964844,47.630001068115234,49.31999969482422,49.31999969482422,48670600.0,-0.0104333959906032,-0.0104882054322769,1.7599983215332031,48.50894380918122,AMD
2020-02-07,48.90999984741211,50.66999816894531,48.63999938964844,49.72999954223633,49.72999954223633,53107600.0,0.008313054540735,0.0082786914131911,2.029998779296875,45.81589696593242,AMD
2020-02-10,49.470001220703125,52.29999923706055,49.34999847412109,52.2599983215332,52.2599983215332,60971700.0,0.0508746994286237,0.0496228644531795,2.95000076293946,53.61193756559002,AMD
2020-02-11,53.220001220703125,54.47999954223633,52.90999984741211,53.79999923706055,53.79999923706055,74719100.0,0.029468062858563,0.0290422250118614,1.5699996948242188,56.61641248485888,AMD
2020-02-12,54.52999877929688,54.84999847412109,53.52999877929688,53.88999938964844,53.88999938964844,45994900.0,0.0016728653134607,0.0016714676328194,1.3199996948242043,56.15124197234472,AMD
2020-02-13,53.43000030517578,55.02999877929688,53.34000015258789,54.52999877929688,54.52999877929688,51640000.0,0.0118760326015401,0.0118060659325427,1.6899986267089917,62.29411854463467,AMD
2020-02-14,55.18999862670898,55.400001525878906,54.560001373291016,55.310001373291016,55.310001373291016,52365400.0,0.0143041007052115,0.0142027622834985,0.8400001525878906,68.12463201547635,AMD
2020-02-18,54.93999862670898,58.130001068115234,54.84000015258789,56.88999938964844,56.88999938964844,70133200.0,0.0285662263085821,0.0281658191983607,3.290000915527344,68.70588414809279,AMD
2020-02-19,57.9900016784668,59.27000045776367,57.5099983215332,58.900001525878906,58.900001525878906,58597300.0,0.0353313791139924,0.0347215485298744,1.7600021362304688,85.61601628749118,AMD
2020-02-20,58.43999862670898,59.02000045776367,56.150001525878906,57.27000045776367,57.27000045776367,74203400.0,-0.0276740411865534,-0.0280641821649584,2.8699989318847656,75.96330425064536,AMD
2020-02-21,56.709999084472656,56.79999923706055,52.88999938964844,53.27999877929688,53.27999877929688,88271100.0,-0.0696700130360465,-0.0722159310778066,3.909999847412109,66.91809543070923,AMD
2020-02-24,48.18000030517578,50.27999877929688,47.4900016784668,49.119998931884766,49.119998931884766,86624100.0,-0.0780780770030455,-0.081294741227169,2.789997100830085,52.53455816146396,AMD
2020-02-25,51.13999938964844,51.2400016784668,47.119998931884766,47.56999969482422,47.56999969482422,88699400.0,-0.0315553597468507,-0.0320639580649789,4.120002746582031,45.69202390986127,AMD
2020-02-26,47.70000076293945,49.290000915527344,47.06999969482422,47.4900016784668,47.4900016784668,86378400.0,-0.0016816904954936,-0.0016831061242771,2.220001220703125,44.53742854315467,AMD
2020-02-27,45.380001068115234,46.2400016784668,42.209999084472656,44.0099983215332,44.0099983215332,106416200.0,-0.0732786530624933,-0.0761023552199193,4.030002593994141,39.14997899344705,AMD
2020-02-28,41.36000061035156,46.150001525878906,41.040000915527344,45.47999954223633,45.47999954223633,100331800.0,0.0334015286699951,0.0328558161324765,5.1100006103515625,41.676461157187305,AMD
2020-03-02,47.41999816894531,47.68000030517578,44.65999984741211,47.459999084472656,47.459999084472656,102324700.0,0.0435356104257991,0.0426145728999417,3.020000457763672,40.39231813649801,AMD
2020-03-03,49.02999877929688,50.20000076293945,45.66999816894531,46.75,46.75,141972300.0,-0.0149599472854803,-0.0150729759824168,4.530002593994141,35.40373151550544,AMD
2020-03-04,48.25,50.13999938964844,47.209999084472656,50.11000061035156,50.11000061035156,93311800.0,0.0718716708096591,0.069406345417172,2.930000305175781,43.1072246900733,AMD
2020-03-05,48.68000030517578,49.720001220703125,47.5099983215332,48.11000061035156,48.11000061035156,98302700.0,-0.0399121926888751,-0.0407305327539216,2.210002899169922,38.846426790567854,AMD
2020-03-06,49.43999862670898,49.540000915527344,46.7400016784668,48.59000015258789,48.59000015258789,124590900.0,0.0099771260891035,0.0099276831601798,2.799999237060547,38.20224643852244,AMD
2020-03-09,43.02999877929688,46.34000015258789,42.5099983215332,43.27000045776367,43.27000045776367,80859800.0,-0.1094875422539153,-0.1159581867420939,3.830001831054688,28.86406455101364,AMD
2020-03-10,45.40999984741211,45.43999862670898,43.09999847412109,45.380001068115234,45.380001068115234,76228200.0,0.0487635911261696,0.047611938072799,2.34000015258789,29.08415997884921,AMD
2020-03-11,44.18999862670898,45.970001220703125,43.79999923706055,45.70000076293945,45.70000076293945,101601100.0,0.0070515576750185,0.0070268117058449,2.170001983642578,31.344729284448466,AMD
2020-03-12,42.0,42.5,39.0,39.0099983215332,39.0099983215332,107461500.0,-0.1463895476962776,-0.1582803341026899,3.5,28.83417497701393,AMD
2020-03-13,42.20000076293945,43.90999984741211,39.59999847412109,43.900001525878906,43.900001525878906,86689700.0,0.125352561259826,0.1180963743472002,4.310001373291023,42.42160793004971,AMD
2020-03-16,39.08000183105469,43.369998931884766,38.5099983215332,38.709999084472656,38.709999084472656,84545900.0,-0.1182232861278321,-0.1258164139005562,4.8600006103515625,38.366598727406085,AMD
2020-03-17,40.18999862670898,42.880001068115234,38.29999923706055,41.880001068115234,41.880001068115234,92741900.0,0.0818910374222696,0.0787104705678893,4.580001831054688,43.18678797591506,AMD
2020-03-18,39.540000915527344,41.95000076293945,36.75,39.119998931884766,39.119998931884766,106949300.0,-0.0659026281241372,-0.0681745936434629,5.200000762939453,43.95550319661161,AMD
2020-03-19,39.560001373291016,41.70000076293945,37.68999862670898,39.81999969482422,39.81999969482422,88939000.0,0.0178936805228007,0.0177354731091111,4.010002136230476,42.86794585246489,AMD
2020-03-20,41.5099983215332,42.47999954223633,39.58000183105469,39.61000061035156,39.61000061035156,106859500.0,-0.0052737088418398,-0.0052876639293159,2.8999977111816406,39.64653635452705,AMD
2020-03-23,40.619998931884766,42.31999969482422,38.95000076293945,41.63999938964844,41.63999938964844,101704700.0,0.051249652815364,0.0499796020460973,3.3699989318847656,43.487128244582415,AMD
2020-03-24,44.040000915527344,46.810001373291016,43.9900016784668,46.220001220703125,46.220001220703125,106794200.0,0.1099904394377406,0.1043514021679971,2.8199996948242188,45.19159676672204,AMD
2020-03-25,46.790000915527344,47.880001068115234,44.43000030517578,44.630001068115234,44.630001068115234,93760400.0,-0.0344006947337701,-0.0350063286830946,3.450000762939453,45.65434756740241,AMD
2020-03-26,45.77999877929688,47.5,45.400001525878906,47.5,47.5,73680200.0,0.0643064948061398,0.0623234084667434,2.0999984741210938,48.715531639457176,AMD
2020-03-27,46.31999969482422,47.97999954223633,45.900001525878906,46.58000183105469,46.58000183105469,74599200.0,-0.0193683825041118,-0.0195584072745111,2.079998016357422,54.35182814026086,AMD
2020-03-30,47.2400016784668,48.459999084472656,46.65999984741211,47.86000061035156,47.86000061035156,68486600.0,0.0274795776938656,0.027108791466996,1.7999992370605469,53.33333196605863,AMD
2020-03-31,47.93000030517578,48.52999877929688,45.15999984741211,45.47999954223633,45.47999954223633,83483700.0,-0.0497283961087219,-0.0510074364159096,3.3699989318847727,49.719815122287926,AMD
2020-04-01,44.18000030517578,46.84999847412109,43.15999984741211,43.65999984741211,43.65999984741211,92083100.0,-0.0400175838421903,-0.0408403111902859,3.689998626708977,56.76068708462903,AMD
2020-04-02,43.400001525878906,45.27999877929688,43.09999847412109,44.4900016784668,44.4900016784668,79024100.0,0.0190105779650817,0.0188321349178975,2.1800003051757955,50.97263442591961,AMD
2020-04-03,44.29999923706055,44.84000015258789,41.70000076293945,42.59000015258789,42.59000015258789,79335000.0,-0.0427062588041777,-0.0436449950269441,3.139999389648437,57.17455693300651,AMD
2020-04-06,44.29999923706055,47.58000183105469,44.060001373291016,47.52000045776367,47.52000045776367,82294000.0,0.1157548787864048,0.1095311971696247,3.520000457763672,59.79166456946642,AMD
2020-04-07,48.959999084472656,49.650001525878906,46.68000030517578,47.560001373291016,47.560001373291016,102098700.0,0.0008417700997898,0.0008414160100335,2.970001220703125,66.18098513964893,AMD
2020-04-08,48.06999969482422,49.0,47.61000061035156,48.790000915527344,48.790000915527344,64930800.0,0.0258620585937803,0.0255332918949001,1.3899993896484375,66.85456785974989,AMD
2020-04-09,49.650001525878906,50.25,47.720001220703125,48.380001068115234,48.380001068115234,80270100.0,-0.0084033580594098,-0.0084388653328965,2.529998779296875,66.35583739003576,AMD
2020-04-13,48.470001220703125,51.06999969482422,48.22999954223633,50.93999862670898,50.93999862670898,64290100.0,0.0529143758180052,0.0515619153328187,2.84000015258789,67.00804532764467,AMD
2020-04-14,52.2400016784668,55.13999938964844,52.11000061035156,54.93000030517578,54.93000030517578,85306800.0,0.0783274791133339,0.0754112103179313,3.029998779296875,66.28037212050964,AMD
2020-04-15,53.72999954223633,55.56999969482422,53.40999984741211,54.9900016784668,54.9900016784668,83814000.0,0.0010923242846834,0.0010917281326,2.1599998474121094,70.53925477578294,AMD
2020-04-16,55.959999084472656,58.08000183105469,55.630001068115234,56.95000076293945,56.95000076293945,103106500.0,0.0356428264165731,0.0350223222469945,2.450000762939453,69.43644637824252,AMD
2020-04-17,57.34999847412109,57.7599983215332,55.54999923706055,56.59999847412109,56.59999847412109,76908800.0,-0.0061457819864707,-0.0061647450396997,2.209999084472656,71.10361062458823,AMD
2020-04-20,55.97999954223633,58.630001068115234,55.84999847412109,56.970001220703125,56.970001220703125,72367300.0,0.0065371511759175,0.0065158766692801,2.780002593994148,69.95181085258363,AMD
2020-04-21,56.900001525878906,57.72999954223633,51.40999984741211,52.91999816894531,52.91999816894531,123906400.0,-0.071090099437913,-0.0737435302731,6.319999694824219,65.18366357437588,AMD
2020-04-22,54.90999984741211,56.150001525878906,54.34000015258789,55.91999816894531,55.91999816894531,63041600.0,0.0566893443651037,0.0551407605350461,1.810001373291016,73.87070232139374,AMD
2020-04-23,56.650001525878906,57.290000915527344,55.63999938964844,55.900001525878906,55.900001525878906,69662700.0,-0.0003575937718379,-0.0003576577237371,1.6500015258789062,72.93927791956557,AMD
2020-04-24,55.09999847412109,56.77999877929688,54.41999816894531,56.18000030517578,56.18000030517578,72761000.0,0.0050089225698366,0.0049964196505702,2.3600006103515696,79.22580198459386,AMD
2020-04-27,57.43999862670898,58.0,56.25,56.4900016784668,56.4900016784668,62568100.0,0.0055180023425962,0.0055028339416013,1.75,74.07407104057869,AMD
2020-04-28,57.15999984741211,57.34999847412109,55.29999923706055,55.5099983215332,55.5099983215332,80501800.0,-0.0173482621316182,-0.0175005065849335,2.04999923706054,70.31168618522618,AMD
2020-04-29,54.52999877929688,54.86000061035156,52.7400016784668,53.65999984741211,53.65999984741211,110800900.0,-0.033327301928659,-0.0338953123110004,2.1199989318847656,62.06041957122361,AMD
2020-04-30,53.43000030517578,54.290000915527344,52.02999877929688,52.38999938964844,52.38999938964844,65543900.0,-0.0236675449380368,-0.0239521203838978,2.2600021362304616,59.52493352371173,AMD
2020-05-01,51.06999969482422,51.95000076293945,49.09000015258789,49.880001068115234,49.880001068115234,69562700.0,-0.0479098749909346,-0.0490955795444413,2.8600006103515625,47.47619720597143,AMD
2020-05-04,49.81999969482422,52.61000061035156,49.72999954223633,52.560001373291016,52.560001373291016,62590600.0,0.0537289544464127,0.0523352580788852,2.8800010681152344,43.98172123193178,AMD
2020-05-05,53.43000030517578,53.5099983215332,51.290000915527344,52.18999862670898,52.18999862670898,56560500.0,-0.0070396258925909,-0.0070645209623946,2.21999740600586,42.99999504089544,AMD
2020-05-06,52.41999816894531,53.310001373291016,51.880001068115234,52.15999984741211,52.15999984741211,48138100.0,-0.000574799388508,-0.0005749646490073,1.4300003051757812,36.74599066402306,AMD
2020-05-07,52.93000030517578,52.970001220703125,51.619998931884766,51.95000076293945,51.95000076293945,48956600.0,-0.0040260560791216,-0.0040341824617461,1.3500022888183594,37.03291510672961,AMD
2020-05-08,52.150001525878906,53.27000045776367,51.810001373291016,53.18999862670898,53.18999862670898,40686100.0,0.0238690634371294,0.0235886507043617,1.4599990844726562,39.94680120373992,AMD
2020-05-11,52.900001525878906,55.88999938964844,52.75,55.7400016784668,55.7400016784668,68746400.0,0.0479414009700189,0.0468276692305989,3.139999389648437,58.15029951989938,AMD
2020-05-12,56.209999084472656,56.58000183105469,53.75,53.7599983215332,53.7599983215332,55631100.0,-0.0355221258936291,-0.0361683871728178,2.8300018310546875,43.36609489175096,AMD
2020-05-13,54.040000915527344,55.220001220703125,51.29999923706055,52.18000030517578,52.18000030517578,76824700.0,-0.029389844971862,-0.0298303794363105,3.920001983642578,39.57398992868826,AMD
2020-05-14,52.09999847412109,54.540000915527344,51.61000061035156,54.5099983215332,54.5099983215332,73814000.0,0.0446530855256877,0.0436848547271805,2.930000305175781,45.80190619758747,AMD
2020-05-15,53.31999969482422,54.43999862670898,52.86000061035156,54.20000076293945,54.20000076293945,66950900.0,-0.0056869852896562,-0.0057032177623088,1.5799980163574148,44.24333588285791,AMD
2020-05-18,54.97999954223633,55.25,54.2400016784668,54.59000015258789,54.59000015258789,48569200.0,0.0071955605933331,0.007169796066854,1.0099983215332031,47.61658448923959,AMD
2020-05-19,54.38999938964844,56.72999954223633,54.36000061035156,55.470001220703125,55.470001220703125,60388500.0,0.0161201880501096,0.0159916374848609,2.3699989318847656,54.93726560056307,AMD
2020-05-20,56.54999923706055,56.97999954223633,55.630001068115234,56.38999938964844,56.38999938964844,50888200.0,0.0165855083594614,0.016449470921646,1.3499984741210938,61.12347316599581,AMD
2020-05-21,56.68000030517578,56.720001220703125,54.61000061035156,54.650001525878906,54.650001525878906,48496100.0,-0.0308564972974435,-0.0313425844518566,2.1100006103515625,63.85822710288846,AMD
2020-05-22,54.77000045776367,55.369998931884766,53.77999877929688,55.16999816894531,55.16999816894531,43524100.0,0.0095150343741559,0.009470051551542,1.5900001525878835,58.67109053510981,AMD
2020-05-26,56.0099983215332,56.08000183105469,53.02000045776367,53.18999862670898,53.18999862670898,51618900.0,-0.035889063040623,-0.0365489111593888,3.060001373291016,53.0012025692668,AMD
2020-05-27,53.27000045776367,53.27999877929688,49.09000015258789,52.7400016784668,52.7400016784668,102414500.0,-0.0084601797304092,-0.0084961701851825,4.189998626708992,51.69789896672545,AMD
2020-05-28,52.25,53.540000915527344,51.25,51.7400016784668,51.7400016784668,53670200.0,-0.0189609398592092,-0.0191430035521569,2.290000915527344,49.412425205624494,AMD
2020-05-29,52.06999969482422,53.79999923706055,51.84999847412109,53.79999923706055,53.79999923706055,64666700.0,0.0398144084222378,0.0390422437884156,1.95000076293946,51.63189146250166,AMD
2020-06-01,53.310001373291016,54.11000061035156,52.88999938964844,53.630001068115234,53.630001068115234,36864400.0,-0.0031598173114509,-0.0031648200754984,1.220001220703125,43.53156682954575,AMD
2020-06-02,53.45000076293945,53.56999969482422,52.0099983215332,53.540000915527344,53.540000915527344,42855200.0,-0.0016781680178149,-0.0016795777191274,1.5600013732910156,49.237178484970414,AMD
2020-06-03,53.59999847412109,53.650001525878906,52.33000183105469,52.72999954223633,52.72999954223633,46765300.0,-0.015128900998134,-0.0152445103309794,1.3199996948242188,52.014651809915485,AMD
2020-06-04,52.59000015258789,53.7400016784668,52.20000076293945,52.630001068115234,52.630001068115234,44869100.0,-0.0018964247105861,-0.0018982252006169,1.5400009155273438,41.76882632746319,AMD
2020-06-05,52.9900016784668,53.56999969482422,52.08000183105469,53.09999847412109,53.09999847412109,53908300.0,0.0089302184394328,0.0088905798514576,1.4899978637695312,45.25041482423868,AMD
2020-06-08,53.29999923706055,53.34999847412109,52.2599983215332,52.970001220703125,52.970001220703125,39681700.0,-0.0024481592684285,-0.0024511609103294,1.0900001525878835,42.84451543657633,AMD
2020-06-09,52.95000076293945,56.459999084472656,52.720001220703125,56.38999938964844,56.38999938964844,79919100.0,0.0645648119715092,0.0625660883937214,3.7399978637695312,53.31890204799481,AMD
2020-06-10,57.20000076293945,59.0,57.02999877929688,57.43999862670898,57.43999862670898,78719400.0,0.0186203094241084,0.0184490738363631,1.970001220703118,53.75268344863333,AMD
2020-06-11,55.93999862670898,56.68000030517578,52.79999923706055,52.83000183105469,52.83000183105469,78715400.0,-0.0802576062999884,-0.0836616549961014,3.8800010681152335,44.60260350038531,AMD
2020-06-12,55.0099983215332,55.59999847412109,52.11000061035156,53.5,53.5,71189100.0,0.0126821530517433,0.0126024080663638,3.489997863769524,45.09112226242996,AMD
2020-06-15,52.58000183105469,54.72999954223633,52.40999984741211,54.68000030517578,54.68000030517578,56740700.0,0.0220560804705753,0.0218163635349105,2.3199996948242188,54.59593928387623,AMD
2020-06-16,55.720001220703125,56.06999969482422,53.59000015258789,54.459999084472656,54.459999084472656,50949700.0,-0.0040234312266874,-0.0040315470022631,2.479999542236328,55.38172433557243,AMD
2020-06-17,54.790000915527344,55.81999969482422,54.29999923706055,54.54999923706055,54.54999923706055,45146500.0,0.0016525918858039,0.0016512278584136,1.520000457763672,59.3231601217667,AMD
2020-06-18,54.619998931884766,55.119998931884766,53.650001525878906,54.040000915527344,54.040000915527344,40354700.0,-0.0093491902596896,-0.0093931682593632,1.4699974060058594,50.88758114352447,AMD
2020-06-19,54.40999984741211,55.459999084472656,53.81999969482422,54.22999954223633,54.22999954223633,52801500.0,0.0035158886656196,0.0035097223781585,1.6399993896484375,52.21565402405911,AMD
2020-06-22,54.66999816894531,55.16999816894531,53.7400016784668,54.7599983215332,54.7599983215332,44704800.0,0.0097731658449322,0.009725717357101,1.4299964904785156,54.36337187964645,AMD
2020-06-23,55.04999923706055,55.369998931884766,53.869998931884766,53.9900016784668,53.9900016784668,48089000.0,-0.0140612977842919,-0.0141610944502476,1.5,54.519383014228254,AMD
2020-06-24,53.93999862670898,54.7400016784668,51.91999816894531,52.38999938964844,52.38999938964844,53535500.0,-0.0296351590864368,-0.0300831535486962,2.8200035095214844,49.2227916547972,AMD
2020-06-25,52.560001373291016,52.70000076293945,50.540000915527344,51.93000030517578,51.93000030517578,51129600.0,-0.0087802842113325,-0.0088190580370708,2.1599998474121094,46.20868664023985,AMD
2020-06-26,51.84999847412109,51.95000076293945,49.45000076293945,50.09999847412109,50.09999847412109,65485700.0,-0.0352397808646325,-0.0358756860987497,2.5,41.62287073847059,AMD
2020-06-29,50.150001525878906,50.27999877929688,48.41999816894531,50.27999877929688,50.27999877929688,49905800.0,0.0035928205720161,0.0035863818097877,1.8600006103515696,28.005744294840863,AMD
2020-06-30,51.15999984741211,52.77000045776367,50.81999969482422,52.61000061035156,52.61000061035156,42275700.0,0.0463405307800857,0.0452988679002106,1.950000762939453,34.080422498625154,AMD
2020-07-01,52.630001068115234,52.869998931884766,51.59999847412109,52.58000183105469,52.58000183105469,32370900.0,-0.0005702105863685,-0.0005703732182508,1.270000457763679,48.81964076273799,AMD
2020-07-02,53.02999877929688,53.18999862670898,52.04999923706055,52.34000015258789,52.34000015258789,29081400.0,-0.0045645049469178,-0.0045749541085807,1.1399993896484304,44.291339247866354,AMD
2020-07-06,52.900001525878906,53.52000045776367,52.33000183105469,53.400001525878906,53.400001525878906,36769400.0,0.0202522233511801,0.0200498745233394,1.1899986267089844,43.625504668444336,AMD
2020-07-07,53.27999877929688,54.16999816894531,52.86000061035156,52.93000030517578,52.93000030517578,32153100.0,-0.0088015207354507,-0.0088404829051152,1.30999755859375,42.56560426059757,AMD
2020-07-08,53.0099983215332,53.470001220703125,52.06999969482422,53.43000030517578,53.43000030517578,35608300.0,0.009446438638148,0.0094021000458286,1.4000015258789062,44.76636050455251,AMD
2020-07-09,53.52000045776367,57.58000183105469,53.310001373291016,57.2599983215332,57.2599983215332,87216300.0,0.0716825377967742,0.069229878675518,4.270000457763672,61.483585238482505,AMD
2020-07-10,57.540000915527344,58.150001525878906,55.5099983215332,55.880001068115234,55.880001068115234,59839700.0,-0.024100546522353,-0.0243957168536846,2.640003204345703,55.42406845889732,AMD
2020-07-13,56.68000030517578,58.34999847412109,53.380001068115234,53.59000015258789,53.59000015258789,57741800.0,-0.0409806884709242,-0.0418440671491276,4.969997406005852,46.55274577258741,AMD
2020-07-14,53.29999923706055,54.86000061035156,52.2599983215332,54.720001220703125,54.720001220703125,54890100.0,0.0210860433830519,0.0208668092683867,2.60000228881836,52.10617225740855,AMD
2020-07-15,54.959999084472656,55.369998931884766,53.59000015258789,55.34000015258789,55.34000015258789,42360300.0,0.011330389584315,0.0112666814935941,1.779998779296875,59.02140779808005,AMD
2020-07-16,54.68000030517578,55.150001525878906,53.7400016784668,54.91999816894531,54.91999816894531,36887100.0,-0.0075894828782889,-0.0076184295566888,1.4099998474121094,59.16614626821686,AMD
2020-07-17,55.310001373291016,55.810001373291016,54.68000030517578,55.040000915527344,55.040000915527344,34710400.0,0.0021850464417876,0.0021826626995713,1.1300010681152344,66.91780950768481,AMD
2020-07-20,55.22999954223633,57.52999877929688,54.83000183105469,57.459999084472656,57.459999084472656,45034300.0,0.0439679892567481,0.0430288273589022,2.6999969482421946,71.31828567001607,AMD
2020-07-21,57.810001373291016,58.5,56.31999969482422,57.0,57.0,44741000.0,-0.0080055532857981,-0.0080377697832945,2.180000305175781,64.66265541641098,AMD
2020-07-22,57.06999969482422,62.0,56.970001220703125,61.790000915527344,61.790000915527344,135159400.0,0.0840351037811815,0.0806902860550938,5.029998779296875,73.3400849403202,AMD
2020-07-23,61.630001068115234,62.33000183105469,58.630001068115234,59.56999969482422,59.56999969482422,106829100.0,-0.0359281629359105,-0.0365894673720255,3.700000762939453,66.65130948119949,AMD
2020-07-24,64.18000030517578,69.94000244140625,64.05000305175781,69.4000015258789,69.4000015258789,205314500.0,0.1650159792078827,0.152734802981868,5.8899993896484375,76.2467162694067,AMD
2020-07-27,69.27999877929688,71.62999725341797,67.79000091552734,68.97000122070312,68.97000122070312,107918100.0,-0.0061959696789838,-0.0062152443572416,3.839996337890625,76.34691134864826,AMD
2020-07-28,68.0999984741211,69.80000305175781,67.0199966430664,67.61000061035156,67.61000061035156,94181400.0,-0.0197187267838313,-0.0199157350121242,2.7800064086914062,72.65175546744784,AMD
2020-07-29,75.5,77.19000244140625,73.9000015258789,76.08999633789062,76.08999633789062,132969700.0,0.1254251686286882,0.1181608919296546,3.290000915527344,76.1891482847604,AMD
2020-07-30,75.37000274658203,78.95999908447266,75.06999969482422,78.19999694824219,78.19999694824219,80286900.0,0.0277303287147201,0.0273528064664536,3.8899993896484375,80.42529085763391,AMD
2020-07-31,78.66999816894531,78.95999908447266,75.36000061035156,77.43000030517578,77.43000030517578,71621600.0,-0.0098465047712986,-0.0098953021862846,3.5999984741210938,83.9021619113326,AMD
2020-08-03,78.19000244140625,78.5,77.05999755859375,77.66999816894531,77.66999816894531,42628800.0,0.0030995462072016,0.0030947525168119,1.44000244140625,83.48409570516472,AMD
2020-08-04,78.02999877929688,85.80999755859375,77.98999786376953,85.04000091552734,85.04000091552734,155676100.0,0.0948886689883916,0.0906526859427801,7.819999694824219,86.20185328071865,AMD
2020-08-05,84.95999908447266,86.31999969482422,83.31999969482422,85.30999755859375,85.30999755859375,65642600.0,0.0031749369727147,0.0031699075030121,3.0,87.17886349449086,AMD
2020-08-06,85.48999786376953,86.9800033569336,84.77999877929688,86.70999908447266,86.70999908447266,53961700.0,0.0164107556669115,0.0162775545280229,2.2000045776367188,87.56821204615504,AMD
2020-08-07,86.66999816894531,87.29000091552734,82.66999816894531,84.8499984741211,84.8499984741211,66543200.0,-0.0214508203204979,-0.0216842331335877,4.620002746582031,82.92859076870697,AMD
2020-08-10,85.05000305175781,85.16000366210938,79.31999969482422,82.23999786376953,82.23999786376953,70536100.0,-0.0307601727435222,-0.0312431979656939,5.840003967285156,78.85230806638447,AMD
2020-08-11,80.70999908447266,80.70999908447266,76.0999984741211,76.87999725341797,76.87999725341797,77877700.0,-0.0651751063908148,-0.0673960467948259,4.6100006103515625,67.02775577671407,AMD
2020-08-12,78.43000030517578,82.87999725341797,77.55000305175781,82.61000061035156,82.61000061035156,88513700.0,0.0745317841004324,0.0718850170262997,5.329994201660156,74.0903398813918,AMD
2020-08-13,82.87999725341797,84.0199966430664,81.54000091552734,81.83999633789062,81.83999633789062,57407400.0,-0.0093209571089684,-0.0093646690665755,2.4799957275390625,66.04746404333088,AMD
2020-08-14,81.80999755859375,83.23999786376953,80.87999725341797,81.30000305175781,81.30000305175781,42389500.0,-0.0065981587279568,-0.0066200228054273,2.3600006103515625,65.86056519158478,AMD
2020-08-17,82.08999633789062,83.05999755859375,81.55000305175781,82.41999816894531,82.41999816894531,31450200.0,0.0137760771850707,0.0136820496037652,1.5099945068359375,69.16904159532005,AMD
2020-08-18,82.80000305175781,82.87999725341797,81.02999877929688,81.66000366210938,81.66000366210938,30970500.0,-0.0092209964052425,-0.0092637729572807,1.8499984741210935,59.01004434479248,AMD
2020-08-19,81.77999877929688,81.8499984741211,80.44999694824219,81.08999633789062,81.08999633789062,37507400.0,-0.0069802510244465,-0.0070047269418281,1.4000015258789062,54.91998615954348,AMD
2020-08-20,79.73999786376953,82.83999633789062,79.12000274658203,82.7699966430664,82.7699966430664,42948900.0,0.0207177257497392,0.0205060325445156,3.7199935913085938,58.8176957615033,AMD
2020-08-21,83.29000091552734,84.41000366210938,82.2300033569336,83.80999755859375,83.80999755859375,48280300.0,0.0125649505582583,0.0124866666406317,2.180000305175781,59.87773331389163,AMD
2020-08-24,84.55000305175781,85.33000183105469,82.55000305175781,83.08000183105469,83.08000183105469,38036100.0,-0.0087101270588715,-0.0087482819329963,2.779998779296875,45.99018105456111,AMD
2020-08-25,83.36000061035156,86.62000274658203,82.3499984741211,86.3499984741211,86.3499984741211,49234400.0,0.0393596120726624,0.0386047658742575,4.2700042724609375,51.8950457583033,AMD
2020-08-26,86.97000122070312,87.72000122070312,85.19999694824219,86.0199966430664,86.0199966430664,47157300.0,-0.0038216773235217,-0.0038289985912722,2.520004272460937,48.69169023668776,AMD
2020-08-27,86.3499984741211,86.58000183105469,82.94000244140625,83.80000305175781,83.80000305175781,42194200.0,-0.0258078781439656,-0.0261467444253591,3.6399993896484375,48.03592239078444,AMD
2020-08-28,84.30000305175781,86.04000091552734,84.19000244140625,85.55000305175781,85.55000305175781,40723300.0,0.0208830541320999,0.0206679921052203,1.8499984741210935,56.39738459392403,AMD
2020-08-31,85.05000305175781,92.63999938964844,85.05000305175781,90.81999969482422,90.81999969482422,90655900.0,0.0616013612515953,0.0597784862991638,7.589996337890625,77.03648439169302,AMD
2020-09-01,91.91999816894533,92.51000213623048,90.19000244140624,92.18000030517578,92.18000030517578,55825600.0,0.0149746819524496,0.0148636682934345,2.319999694824247,72.34938881047263,AMD
2020-09-02,94.01000213623048,94.27999877929688,88.73999786376953,90.22000122070312,90.22000122070312,50366900.0,-0.0212627367973941,-0.0214920450924691,5.540000915527344,68.53985383954759,AMD
2020-09-03,87.83999633789062,88.47000122070312,81.58999633789062,82.54000091552734,82.54000091552734,87462700.0,-0.0851252516211829,-0.0889681100941848,6.8800048828125,52.084731992348026,AMD
2020-09-04,81.44999694824219,84.38999938964844,76.33000183105469,82.01000213623047,82.01000213623047,82267800.0,-0.0064211142890497,-0.0064418183196249,8.05999755859375,49.29674746849242,AMD
2020-09-08,78.05000305175781,81.87999725341797,78.0,78.69000244140625,78.69000244140625,54955700.0,-0.0404828631672172,-0.0413251035242196,3.8799972534179688,45.31693153416556,AMD
2020-09-09,81.4000015258789,82.44000244140625,79.27999877929688,81.91000366210938,81.91000366210938,54163900.0,0.0409200803253346,0.0401050146639366,3.160003662109375,51.19325912952035,AMD
2020-09-10,83.06999969482422,83.30999755859375,78.37999725341797,78.9800033569336,78.9800033569336,51499400.0,-0.0357709702622216,-0.0364264298743577,4.930000305175781,44.67846834432001,AMD
2020-09-11,79.81999969482422,79.98999786376953,75.04000091552734,76.33999633789062,76.33999633789062,54763000.0,-0.0334262712944187,-0.033997699016053,4.949996948242188,39.9623717601208,AMD
2020-09-14,76.80000305175781,78.81999969482422,76.26000213623047,77.9000015258789,77.9000015258789,47448700.0,0.0204349654548514,0.0202289731183247,2.55999755859375,43.1913772601128,AMD
2020-09-15,77.66000366210938,80.33000183105469,75.97000122070312,78.93000030517578,78.93000030517578,57874400.0,0.0132220636600977,0.0131354151223567,4.3600006103515625,39.636874949119616,AMD
2020-09-16,79.3499984741211,79.72000122070312,76.54000091552734,76.66000366210938,76.66000366210938,38393500.0,-0.0287596178169221,-0.0291812798635156,3.180000305175781,37.59937266723769,AMD
2020-09-17,74.87999725341797,76.62999725341797,74.19999694824219,76.55000305175781,76.55000305175781,55619100.0,-0.0014349152765033,-0.0014359457533112,2.430000305175781,39.82599072909849,AMD
2020-09-18,77.0,77.4000015258789,73.8499984741211,74.93000030517578,74.93000030517578,51082900.0,-0.0211626738340781,-0.0213898135208635,3.5500030517578125,35.042252867308534,AMD
2020-09-21,74.2300033569336,77.9800033569336,73.87999725341797,77.94000244140625,77.94000244140625,61312000.0,0.0401708544504377,0.0393849827857073,4.100006103515625,30.625763885940145,AMD
2020-09-22,78.36000061035156,78.79000091552734,75.2699966430664,77.69999694824219,77.69999694824219,56044700.0,-0.0030793621458312,-0.0030841131372996,3.520004272460937,27.45953418439514,AMD
2020-09-23,77.38999938964844,77.91000366210938,74.33999633789062,74.7300033569336,74.7300033569336,42327500.0,-0.0382238572452837,-0.0389735552344113,3.57000732421875,26.622408672405243,AMD
2020-09-24,74.54000091552734,77.25,73.9000015258789,75.81999969482422,75.81999969482422,57540900.0,0.014585792706103,0.0144804432001576,3.3499984741210938,37.33986613205344,AMD
2020-09-25,76.3499984741211,78.19999694824219,74.66999816894531,78.05999755859375,78.05999755859375,48206200.0,0.0295436279713205,0.0291156244132616,3.529998779296875,43.00884334359137,AMD
2020-09-28,79.12000274658203,79.56999969482422,77.5199966430664,79.4800033569336,79.4800033569336,48005500.0,0.0181912098738403,0.0180277294433737,2.0500030517578125,51.49905218937451,AMD
2020-09-29,79.30000305175781,82.55000305175781,79.30000305175781,81.7699966430664,81.7699966430664,61568900.0,0.028812194129494,0.0284049272007003,3.25,49.7246125351944,AMD
2020-09-30,81.75,82.94000244140625,80.66000366210938,81.98999786376953,81.98999786376953,51533700.0,0.0026904883176581,0.0026868754327966,2.279998779296875,56.62702249444509,AMD
2020-10-01,83.05999755859375,85.25,82.86000061035156,84.86000061035156,84.86000061035156,52177100.0,0.035004303224287,0.0344055844133143,2.389999389648437,68.57019042221742,AMD
2020-10-02,82.58000183105469,84.6500015258789,81.66000366210938,81.80000305175781,81.80000305175781,52855100.0,-0.036059362910498,-0.0367255660503784,2.9899978637695312,57.97872821961922,AMD
2020-10-05,82.55000305175781,86.27999877929688,82.55000305175781,86.1500015258789,86.1500015258789,47056500.0,0.0531784634698446,0.0518126997695701,3.7299957275390634,63.00432753854686,AMD
2020-10-06,86.20999908447266,87.25,83.54000091552734,84.4800033569336,84.4800033569336,52725400.0,-0.0193847723664132,-0.0195751209914432,3.709999084472656,64.39617238052033,AMD
2020-10-07,86.0999984741211,87.79000091552734,85.6500015258789,86.69000244140625,86.69000244140625,43045700.0,0.0261600260020737,0.0258237053486582,2.139999389648437,67.32741164267728,AMD
2020-10-08,88.11000061035156,88.72000122070312,85.94999694824219,86.51000213623047,86.51000213623047,54240700.0,-0.0020763675176667,-0.0020785261573046,2.770004272460937,70.81237443170318,AMD
2020-10-09,84.73999786376953,85.75,82.3499984741211,83.0999984741211,83.0999984741211,80354400.0,-0.0394174497503713,-0.0402153553862919,3.4000015258789062,59.14244720860613,AMD
2020-10-12,83.6500015258789,85.12999725341797,83.12000274658203,84.29000091552734,84.29000091552734,47669700.0,0.014320125911637,0.0142185613715853,2.009994506835937,61.295862366410354,AMD
2020-10-13,84.86000061035156,86.08999633789062,83.97000122070312,85.27999877929688,85.27999877929688,42764100.0,0.0117451400286692,0.0116767012324459,2.1199951171875,69.40051017902844,AMD
2020-10-14,85.86000061035156,85.95999908447266,83.45999908447266,84.20999908447266,84.20999908447266,40403000.0,-0.0125469009162788,-0.0126262779335276,2.5,65.43982325188011,AMD
2020-10-15,83.4000015258789,84.72000122070312,82.41999816894531,83.12999725341797,83.12999725341797,33696400.0,-0.0128251020400952,-0.0129080536665504,2.3000030517578125,59.746250054631865,AMD
2020-10-16,83.54000091552734,83.98999786376953,82.41000366210938,83.16999816894531,83.16999816894531,31474300.0,0.0004811850938164,0.0004810693613935,1.5799942016601562,57.49085510251052,AMD
2020-10-19,83.62000274658203,84.6500015258789,81.52999877929688,82.0,82.0,36689100.0,-0.0140675507358875,-0.0141674366005355,3.1200027465820312,50.48916064660654,AMD
2020-10-20,82.16000366210938,82.69000244140625,80.58000183105469,81.55999755859375,81.55999755859375,38219400.0,-0.0053658834317835,-0.0053803314918668,2.1100006103515625,49.093973357888,AMD
2020-10-21,81.72000122070312,81.93000030517578,79.19000244140625,79.19999694824219,79.19999694824219,36426400.0,-0.028935761169636,-0.0293626554843025,2.7399978637695312,37.8122235905335,AMD
2020-10-22,79.6500015258789,80.81999969482422,78.41999816894531,79.41999816894531,79.41999816894531,38006800.0,0.0027777932977308,0.0027739423596866,2.4000015258789062,44.16093151964924,AMD
2020-10-23,80.93000030517578,81.98999786376953,79.33000183105469,81.95999908447266,81.95999908447266,46557700.0,0.0319818808119858,0.0314811095525119,2.659996032714844,38.71836082708028,AMD
2020-10-26,82.55000305175781,84.97000122070312,80.86000061035156,82.2300033569336,82.2300033569336,69423700.0,0.003294342062921,0.00328892760623,4.1100006103515625,43.44787932324613,AMD
2020-10-27,82.0,82.37000274658203,77.56999969482422,78.87999725341797,78.87999725341797,156669500.0,-0.0407394620789973,-0.0415925643318848,4.8000030517578125,28.67286601156449,AMD
2020-10-28,78.7300033569336,78.95999908447266,75.76000213623047,76.4000015258789,76.4000015258789,76529900.0,-0.0314401092024835,-0.0319449593299158,3.1999969482421875,25.473088728938663,AMD
2020-10-29,76.75,79.18000030517578,76.29000091552734,78.0199966430664,78.0199966430664,52784100.0,0.0212041241470233,0.0209824449072203,2.889999389648437,36.50371983512082,AMD
2020-10-30,77.08999633789062,77.69999694824219,74.2300033569336,75.29000091552734,75.29000091552734,51349000.0,-0.0349909746859964,-0.0356178250298884,3.4699935913085938,27.89783956238155,AMD
2020-11-02,75.8499984741211,76.33999633789062,73.76000213623047,74.69999694824219,74.69999694824219,45760700.0,-0.0078364186493651,-0.0078672847367908,2.579994201660156,23.49699831587671,AMD
2020-11-03,74.93000030517578,77.08000183105469,74.5999984741211,76.58000183105469,76.58000183105469,41231800.0,0.0251674024045156,0.0248559186742467,2.4800033569335938,31.63217890901558,AMD
2020-11-04,80.25,81.8499984741211,78.97000122070312,81.3499984741211,81.3499984741211,66579700.0,0.0622877582791083,0.0604248449485848,2.8799972534179688,46.36140987179751,AMD
2020-11-05,83.2699966430664,83.5,81.8499984741211,83.0,83.0,46542300.0,0.0202827480863911,0.0200797928885138,1.6500015258789062,49.673958340649584,AMD
2020-11-06,83.5199966430664,86.08999633789062,82.66999816894531,85.87999725341797,85.87999725341797,53829900.0,0.034698762089373,0.0341103332323559,3.4199981689453125,56.98343477020231,AMD
2020-11-09,84.23999786376953,87.05000305175781,82.7699966430664,83.12000274658203,83.12000274658203,58580700.0,-0.0321378038554384,-0.0326655611944065,4.280006408691406,52.59137087553263,AMD
2020-11-10,81.93000030517578,82.12999725341797,77.62999725341797,77.98999786376953,77.98999786376953,67137200.0,-0.0617180547798219,-0.0637047938832228,4.5,48.15941742718827,AMD
2020-11-11,79.38999938964844,81.47000122070312,78.97000122070312,81.27999877929688,81.27999877929688,44611300.0,0.0421849083939482,0.0413193828603539,2.5,52.587646750141374,AMD
2020-11-12,81.31999969482422,83.0,80.30000305175781,81.83999633789062,81.83999633789062,37242600.0,0.0068897338460145,0.0068661080845094,2.6999969482421875,49.823317506158446,AMD
2020-11-13,82.7300033569336,83.11000061035156,80.69999694824219,81.43000030517578,81.43000030517578,30423200.0,-0.0050097269191228,-0.0050223176694411,2.410003662109375,48.8269746824851,AMD
2020-11-16,81.20999908447266,83.77999877929688,80.4800033569336,83.7300033569336,83.7300033569336,38640800.0,0.0282451558779084,0.0278536170819563,3.299995422363281,57.33737956863549,AMD
2020-11-17,83.93000030517578,84.80999755859375,82.91000366210938,83.36000061035156,83.36000061035156,29473500.0,-0.0044189983488325,-0.0044287909817706,1.899993896484375,61.24757635992008,AMD
2020-11-18,83.01000213623047,83.95999908447266,82.22000122070312,82.54000091552734,82.54000091552734,29968000.0,-0.0098368484743316,-0.0098855499105736,1.7399978637695312,57.49834831452142,AMD
2020-11-19,82.38999938964844,85.63999938964844,81.72000122070312,85.54000091552734,85.54000091552734,50116800.0,0.0363460136506448,0.0357010780853184,3.919998168945313,66.85300684914323,AMD
2020-11-20,85.27999877929688,86.0999984741211,84.47000122070312,84.63999938964844,84.63999938964844,35008400.0,-0.0105214112256987,-0.0105771526028361,1.6299972534179688,66.17838874743825,AMD
2020-11-23,85.5199966430664,87.54000091552734,84.62000274658203,85.30999755859375,85.30999755859375,46505000.0,0.0079158574406517,0.0078846914037068,2.9199981689453125,64.7915915835172,AMD
2020-11-24,85.72000122070312,86.11000061035156,83.31999969482422,85.06999969482422,85.06999969482422,36839200.0,-0.002813244293023,-0.0028172089021042,2.790000915527344,57.44596048229509,AMD
2020-11-25,85.76000213623047,87.83999633789062,85.5199966430664,86.70999908447266,86.70999908447266,41349700.0,0.0192782343426787,0.0190947634301272,2.3199996948242188,57.428914771055474,AMD
2020-11-27,87.98999786376953,88.0,86.36000061035156,87.19000244140625,87.19000244140625,22717600.0,0.0055357324645566,0.0055204666101412,1.6399993896484375,52.90209394262573,AMD
2020-11-30,87.33000183105469,92.73999786376952,86.52999877929688,92.66000366210938,92.66000366210938,84483000.0,0.0627365646007305,0.0608472460697983,6.209999084472642,68.86866791348487,AMD
2020-12-01,92.25,93.9000015258789,90.77999877929688,92.62999725341795,92.62999725341795,58583600.0,-0.0003238334503076,-0.000323885895682,3.1200027465820312,86.27352238194285,AMD
2020-12-02,92.88999938964844,96.37000274658205,92.52999877929688,93.73999786376952,93.73999786376952,57988800.0,0.0119831657482922,0.0119119360908418,3.8400039672851705,84.61109389788562,AMD
2020-12-03,94.05999755859376,94.6999969482422,92.01000213623048,92.30999755859376,92.30999755859376,35859700.0,-0.015254964132322,-0.015372518151517,2.6899948120117188,77.74243631056112,AMD
2020-12-04,92.58000183105467,94.58000183105467,90.62999725341795,94.04000091552734,94.04000091552734,45570300.0,0.0187412349982509,0.018567781853225,3.950004577636719,81.22830499110853,AMD
2020-12-07,94.9499969482422,95.0,92.97000122070312,94.06999969482422,94.06999969482422,39815700.0,0.0003190002020929,0.0003189493323465,2.029998779296875,78.85041459256854,AMD
2020-12-08,94.0500030517578,94.73999786376952,91.9000015258789,92.91999816894533,92.91999816894533,33907500.0,-0.0122249551356399,-0.0123002945432278,2.839996337890611,75.56147411229819,AMD
2020-12-09,92.76000213623048,94.6999969482422,89.16000366210938,89.83000183105469,89.83000183105469,52170400.0,-0.0332543736416403,-0.0338198725718277,5.539993286132827,67.38196909605358,AMD
2020-12-10,89.55000305175781,92.08999633789062,89.02999877929688,91.66000366210938,91.66000366210938,33804400.0,0.0203718333936628,0.0201671034094974,3.05999755859375,65.45454405337185,AMD
2020-12-11,91.54000091552734,92.33000183105467,90.16000366210938,91.6500015258789,91.6500015258789,28368100.0,-0.0001091221452198,-0.0001091280994743,2.1699981689452983,68.53516115926385,AMD
2020-12-14,92.20999908447266,95.41000366210938,91.8499984741211,94.77999877929688,94.77999877929688,48026400.0,0.0341516334021463,0.033581412725417,3.560005187988281,72.15722185925793,AMD
2020-12-15,95.93000030517578,97.9800033569336,95.4499969482422,97.12000274658205,97.12000274658205,57232700.0,0.0246887950772616,0.0243889519313708,2.530006408691392,75.67105792679561,AMD
2020-12-16,97.04000091552734,97.2699966430664,95.45999908447266,96.8499984741211,96.8499984741211,34909000.0,-0.0027801098108026,-0.0027839814935497,1.80999755859375,72.94115291432233,AMD
2020-12-17,97.5500030517578,97.91999816894533,96.25,96.83999633789062,96.83999633789062,32023700.0,-0.0001032745109762,-0.0001032798441557,1.6699981689453267,72.30694616396657,AMD
2020-12-18,97.2699966430664,97.68000030517578,93.55999755859376,95.91999816894533,95.91999816894533,51823100.0,-0.0095001879774475,-0.0095456026239104,4.120002746582017,59.543299897441074,AMD
2020-12-21,94.25,95.27999877929688,91.08000183105467,93.2300033569336,93.2300033569336,47093900.0,-0.0280441499516482,-0.0284448973142524,4.199996948242202,51.51977187575611,AMD
2020-12-22,93.36000061035156,93.5500030517578,90.52999877929688,93.16000366210938,93.16000366210938,35673700.0,-0.0007508279770861,-0.0007511099895824,3.0200042724609237,48.44921374416733,AMD
2020-12-23,93.08000183105467,93.12999725341795,91.45999908447266,91.5500030517578,91.5500030517578,25993300.0,-0.0172821011921707,-0.0174331798711817,1.6699981689452983,47.98730320369825,AMD
2020-12-24,91.8000030517578,92.51000213623048,91.30999755859376,91.80999755859376,91.80999755859376,16705900.0,0.0028399180575557,0.002835893108818,1.2000045776367188,43.595623592494775,AMD
2020-12-28,92.93000030517578,93.13999938964844,90.81999969482422,91.5999984741211,91.5999984741211,30627300.0,-0.0022873226234283,-0.002289942541648,2.3199996948242188,42.97896038959804,AMD
2020-12-29,91.66000366210938,92.45999908447266,89.43000030517578,90.62000274658205,90.62000274658205,31748200.0,-0.0106986434919638,-0.0107562854742416,3.029998779296875,43.39840220595613,AMD
2020-12-30,90.77999877929688,92.8499984741211,90.19000244140624,92.29000091552734,92.29000091552734,25845000.0,0.0184285821930003,0.0182608336498235,2.659996032714858,57.68750080466306,AMD
2020-12-31,92.0999984741211,92.3000030517578,90.87000274658205,91.70999908447266,91.70999908447266,24930700.0,-0.0062845576476433,-0.0063043886095986,1.4300003051757528,50.16947609567213,AMD
2021-01-04,92.11000061035156,96.05999755859376,90.91999816894533,92.3000030517578,92.3000030517578,51802600.0,0.0064333657526449,0.0064127599842698,5.1399993896484375,52.12003187127265,AMD
2021-01-05,92.0999984741211,93.20999908447266,91.41000366210938,92.7699966430664,92.7699966430664,34208000.0,0.005092021405948,0.0050791009073575,1.7999954223632812,42.06786252145961,AMD
2021-01-06,91.62000274658205,92.27999877929688,89.45999908447266,90.33000183105467,90.33000183105467,51911700.0,-0.0263015511512805,-0.0266536240471503,2.8199996948242188,23.4142098128376,AMD
2021-01-07,91.33000183105467,95.51000213623048,91.1999969482422,95.16000366210938,95.16000366210938,42897200.0,0.0534706269583422,0.0520900724859833,4.310005187988281,45.12407136332121,AMD
2021-01-08,95.9800033569336,96.4000015258789,93.2699966430664,94.58000183105467,94.58000183105467,39816400.0,-0.0060950169055704,-0.0061136673428811,3.1300048828125,43.68715864812081,AMD
2021-01-11,94.02999877929688,99.2300033569336,93.76000213623048,97.25,97.25,48600200.0,0.0282300498758147,0.0278389259229755,5.470001220703111,53.38423225688213,AMD
2021-01-12,97.86000061035156,98.97000122070312,94.06999969482422,95.36000061035156,95.36000061035156,67672300.0,-0.0194344410246626,-0.0196257727810173,4.900001525878906,55.64986511946993,AMD
2021-01-13,93.01000213623048,93.88999938964844,90.83999633789062,91.77999877929688,91.77999877929688,60712900.0,-0.0375419652699338,-0.0382648140511683,3.0500030517578125,46.9141194390003,AMD
2021-01-14,91.7699966430664,92.36000061035156,90.4499969482422,90.79000091552734,90.79000091552734,53408200.0,-0.0107866406290784,-0.0108452381986934,1.9100036621093608,48.25206360547791,AMD
2021-01-15,90.75,91.58999633789062,87.86000061035156,88.20999908447266,88.20999908447266,49340300.0,-0.0284172464482643,-0.0288288325759529,3.7299957275390634,42.51870328143376,AMD
2021-01-19,89.55999755859375,89.58000183105469,87.23999786376953,89.44999694824219,89.44999694824219,45115100.0,0.0140573390391045,0.0139594509460915,2.340003967285156,45.71541950285761,AMD
2021-01-20,90.5500030517578,90.77999877929688,88.5999984741211,88.75,88.75,35185800.0,-0.0078255670444261,-0.0078563474822899,2.180000305175781,46.23135125826631,AMD
2021-01-21,89.33999633789062,92.06999969482422,88.43000030517578,91.52999877929688,91.52999877929688,54221900.0,0.0313239299075704,0.0308433457045176,3.6399993896484375,48.533945961379125,AMD
2021-01-22,94.41999816894533,95.9499969482422,91.87999725341795,92.79000091552734,92.79000091552734,71294700.0,0.0137660018904695,0.0136721111717047,4.069999694824247,52.03007932852126,AMD
2021-01-25,94.13999938964844,95.73999786376952,91.4000015258789,94.12999725341795,94.12999725341795,55086900.0,0.0144411717283039,0.0143378911487764,4.339996337890611,53.34551247664804,AMD
2021-01-26,94.91000366210938,95.72000122070312,93.62999725341795,94.70999908447266,94.70999908447266,59449100.0,0.006161710910213,0.0061428051908474,2.0900039672851705,53.532416323908734,AMD
2021-01-27,91.0999984741211,91.87999725341795,86.22000122070312,88.83999633789062,88.83999633789062,73341200.0,-0.0619787013338108,-0.0639826237665477,5.6599960327148295,47.58820731206722,AMD
2021-01-28,89.83000183105469,89.87999725341797,87.30000305175781,87.5199966430664,87.5199966430664,47048400.0,-0.0148581691719547,-0.0149696574873414,2.579994201660156,36.0481961551526,AMD
2021-01-29,87.55999755859375,88.33000183105469,85.0199966430664,85.63999938964844,85.63999938964844,56735800.0,-0.0214807738291533,-0.021714843722945,3.310005187988281,34.41421770488178,AMD
2021-02-01,86.83000183105469,87.94999694824219,84.66000366210938,87.66000366210938,87.66000366210938,42359300.0,0.0235871588843694,0.0233132801724128,3.2899932861328125,32.89333436401387,AMD
2021-02-02,88.48999786376953,89.27999877929688,86.94999694824219,88.86000061035156,88.86000061035156,33850000.0,0.0136892185502026,0.0135963676094998,2.3300018310546875,38.11265385761661,AMD
2021-02-03,88.5999984741211,89.4800033569336,87.33999633789062,87.88999938964844,87.88999938964844,32312900.0,-0.0109160613779033,-0.0109760787443898,2.1400070190429688,42.13505850848859,AMD
2021-02-04,88.22000122070312,88.5999984741211,87.05999755859375,87.83999633789062,87.83999633789062,30791600.0,-0.0005689276607697,-0.0005690895615208,1.5400009155273438,43.79990654873977,AMD
2021-02-05,88.1500015258789,88.36000061035156,86.87999725341797,87.9000015258789,87.9000015258789,30268700.0,0.0006831191995666,0.0006828859798514,1.4800033569335938,49.271279980429725,AMD
2021-02-08,88.30999755859375,91.98999786376952,87.9800033569336,91.47000122070312,91.47000122070312,47639900.0,0.0406143302941031,0.0398112409632756,4.009994506835923,54.279668961950016,AMD
2021-02-09,91.38999938964844,93.3000030517578,90.5500030517578,90.91000366210938,90.91000366210938,37596400.0,-0.0061221990939145,-0.0061410165970999,2.75,54.603587050195934,AMD
2021-02-10,91.5,93.2699966430664,90.45999908447266,92.3499984741211,92.3499984741211,42441300.0,0.0158397838962127,0.0157156437059006,2.80999755859375,51.85352530064881,AMD
2021-02-11,92.9000015258789,93.6500015258789,91.33000183105467,92.66000366210938,92.66000366210938,35571000.0,0.003356851035305,0.0033512293880436,2.319999694824233,49.6929683093706,AMD
2021-02-12,92.75,94.22000122070312,91.9000015258789,93.7699966430664,93.7699966430664,38538400.0,0.0119792028608662,0.0119080201213678,2.3199996948242188,49.14039978897115,AMD
2021-02-16,93.9000015258789,94.0,90.75,91.45999908447266,91.45999908447266,35105900.0,-0.0246347194336233,-0.0249432314121089,3.25,42.83193590096526,AMD
2021-02-17,90.55999755859376,90.95999908447266,88.56999969482422,89.94000244140625,89.94000244140625,32245500.0,-0.0166192505825693,-0.0167588997323761,2.389999389648437,53.002201364462834,AMD
2021-02-18,89.08999633789062,89.5999984741211,87.30999755859375,88.63999938964844,88.63999938964844,35624900.0,-0.0144541140367961,-0.0145595923741551,2.290000915527344,53.060117559410266,AMD
2021-02-19,89.75,90.41999816894533,88.69000244140625,89.58000183105469,89.58000183105469,29548300.0,0.0106047207567561,0.0105488851063561,1.7299957275390767,61.34793290000484,AMD
2021-02-22,88.1500015258789,88.30000305175781,85.20999908447266,85.37000274658203,85.37000274658203,36930200.0,-0.0469970863855595,-0.0481373180246961,3.090003967285156,44.14321879352512,AMD
2021-02-23,83.4000015258789,85.11000061035156,79.36000061035156,84.73999786376953,84.73999786376953,49720900.0,-0.0073796985187249,-0.0074070632057194,5.75,39.1464646525551,AMD
2021-02-24,84.33000183105469,87.08999633789062,82.80999755859375,86.94000244140625,86.94000244140625,40821200.0,0.0259618200743114,0.0256305336529739,4.279998779296875,47.64968670794567,AMD
2021-02-25,86.16999816894531,87.08999633789062,81.91999816894531,82.41999816894531,82.41999816894531,54625100.0,-0.051989925759517,-0.0533901499476271,5.1699981689453125,39.01945618633028,AMD
2021-02-26,83.56999969482422,85.58999633789062,82.91000366210938,84.51000213623047,84.51000213623047,48962900.0,0.0253579715326011,0.0250417921397071,2.67999267578125,43.65406488668452,AMD
2021-03-01,85.37000274658203,86.5,83.97000122070312,86.38999938964844,86.38999938964844,32746200.0,0.0222458549981741,0.0220020254714877,2.529998779296875,39.84811957716939,AMD
2021-03-02,86.91999816894531,86.94999694824219,84.04000091552734,84.12999725341797,84.12999725341797,34828200.0,-0.0261604601481368,-0.0265087323898793,2.909996032714844,37.31286646136979,AMD
2021-03-03,84.27999877929688,84.37999725341797,80.8499984741211,80.86000061035156,80.86000061035156,43541000.0,-0.0388683792918292,-0.0396439171549658,3.529998779296875,29.877419325529715,AMD
2021-03-04,80.2300033569336,81.80999755859375,76.77999877929688,77.75,77.75,60549400.0,-0.0384615457194719,-0.0392207207015321,5.029998779296875,26.220094482792845,AMD
2021-03-05,79.0,79.4800033569336,74.19999694824219,78.5199966430664,78.5199966430664,58548900.0,0.0099034938014972,0.009854775596323,5.280006408691406,25.411165434548124,AMD
2021-03-08,78.02999877929688,79.0,73.86000061035156,73.95999908447266,73.95999908447266,54563900.0,-0.0580743473452047,-0.0598289325154248,5.1399993896484375,23.692130394251024,AMD
2021-03-09,76.7300033569336,79.22000122070312,75.7699966430664,78.52999877929688,78.52999877929688,45088300.0,0.0617901534801892,0.0599563077021237,3.4500045776367188,34.288075413943346,AMD
2021-03-10,79.75,80.04000091552734,77.41000366210938,77.5199966430664,77.5199966430664,45416600.0,-0.0128613542840998,-0.0129447775639524,2.6299972534179688,34.56413232610673,AMD
2021-03-11,79.4000015258789,81.88999938964844,79.37000274658203,81.2300033569336,81.2300033569336,43583700.0,0.0478587058117347,0.046748754110727,2.5199966430664062,39.23692318585602,AMD
2021-03-12,79.7300033569336,81.19000244140625,79.2300033569336,81.05000305175781,81.05000305175781,32938000.0,-0.0022159337404534,-0.0022183925546756,1.959999084472656,43.78596442324681,AMD
2021-03-15,81.91000366210938,83.38999938964844,81.19999694824219,82.5,82.5,39086800.0,0.0178901529135813,0.0177320075061708,2.19000244140625,46.85216797615032,AMD
2021-03-16,83.66000366210938,84.75,82.26000213623047,82.75,82.75,42971600.0,0.0030303030303029,0.0030257209165368,2.4899978637695312,43.77044033147366,AMD
2021-03-17,81.75,83.25,80.41000366210938,82.62999725341797,82.62999725341797,43320600.0,-0.0014501842487254,-0.0014512367836058,2.839996337890625,50.35921837214371,AMD
2021-03-18,81.05999755859375,81.62000274658203,78.01000213623047,78.12000274658203,78.12000274658203,51036500.0,-0.0545805961121387,-0.0561266363065887,3.6100006103515625,39.90521228764245,AMD
2021-03-19,78.48999786376953,79.33999633789062,77.58999633789062,79.05999755859375,79.05999755859375,42283400.0,0.0120327032637341,0.0119608858211381,1.75,38.0657703181441,AMD
2021-03-22,79.98999786376953,81.2699966430664,79.22000122070312,80.30000305175781,80.30000305175781,39648600.0,0.0156843603776366,0.0155626319690552,2.049995422363281,43.55002547843044,AMD
2021-03-23,80.12999725341797,80.33999633789062,77.94999694824219,78.37999725341797,78.37999725341797,40466600.0,-0.0239104075388676,-0.0242009012275597,2.389999389648437,45.62455361721821,AMD
2021-03-24,77.55000305175781,78.80000305175781,76.4000015258789,76.4800033569336,76.4800033569336,43753600.0,-0.024240800753556,-0.0245394450935064,2.4000015258789062,47.65942356867285,AMD
2021-03-25,75.8499984741211,76.94999694824219,74.95999908447266,76.22000122070312,76.22000122070312,44735100.0,-0.0033996093726229,-0.0034054011748684,1.9899978637695312,45.67994893866305,AMD
2021-03-26,76.62000274658203,77.5,75.02999877929688,77.41000366210938,77.41000366210938,49148700.0,0.0156127318597183,0.0154921070633467,2.470001220703125,57.41936224845566,AMD
2021-03-29,77.02999877929688,78.0199966430664,76.26000213623047,77.13999938964844,77.13999938964844,37144300.0,-0.0034879764847899,-0.0034940736567594,1.7599945068359375,46.33245779880635,AMD
2021-03-30,76.47000122070312,76.55999755859375,74.8499984741211,76.0,76.0,39169300.0,-0.0147783173278248,-0.0148886045814929,1.7099990844726562,46.01678226046692,AMD
2021-03-31,76.56999969482422,79.12999725341797,76.5199966430664,78.5,78.5,43659500.0,0.0328947368421053,0.0323652845020317,2.6100006103515625,42.36149150157305,AMD
2021-04-01,80.16000366210938,81.30999755859375,79.4800033569336,81.08999633789062,81.08999633789062,40182400.0,0.0329935839221735,0.0324609790070542,1.829994201660156,50.09860278239672,AMD
2021-04-05,81.73999786376953,81.9000015258789,80.38999938964844,81.43000030517578,81.43000030517578,32610600.0,0.0041929212312257,0.0041841554313299,1.5100021362304688,47.20918265210727,AMD
2021-04-06,81.20999908447266,82.45999908447266,80.87999725341797,81.44000244140625,81.44000244140625,29327900.0,0.0001228310965613,0.0001228235534398,1.5800018310546875,46.539891681182525,AMD
2021-04-07,81.31999969482422,83.0999984741211,80.3499984741211,82.19999694824219,82.19999694824219,35590900.0,0.0093319558454425,0.0092886821559393,2.75,48.90137886591408,AMD
2021-04-08,83.31999969482422,83.79000091552734,82.44000244140625,83.3499984741211,83.3499984741211,41925300.0,0.0139902867223098,0.0138933259537912,1.3499984741210938,66.13199741325509,AMD
2021-04-09,82.80000305175781,83.58999633789062,82.16000366210938,82.76000213623047,82.76000213623047,32759900.0,-0.0070785404762041,-0.0071037122002207,1.42999267578125,61.664573314546885,AMD
2021-04-12,82.05999755859375,82.18000030517578,78.02999877929688,78.58000183105469,78.58000183105469,62098800.0,-0.0505074939255695,-0.0518276412575927,4.150001525878906,45.42552941090532,AMD
2021-04-13,79.66999816894531,80.72000122070312,78.9800033569336,80.19000244140625,80.19000244140625,37767300.0,0.0204886812526809,0.0202816118321037,1.7399978637695312,54.89455218254763,AMD
2021-04-14,79.87999725341797,80.12999725341797,77.94000244140625,78.55000305175781,78.55000305175781,34263800.0,-0.0204514196248686,-0.0206634457114283,2.1899948120117188,55.67745286244536,AMD
2021-04-15,80.31999969482422,83.94999694824219,79.97000122070312,83.01000213623047,83.01000213623047,68942800.0,0.0567791077173338,0.0552257046487807,3.9799957275390634,65.13598043500814,AMD
2021-04-16,83.30000305175781,83.58999633789062,81.52999877929688,82.1500015258789,82.1500015258789,47280600.0,-0.0103602046526897,-0.0104142451439809,2.05999755859375,60.72397780778137,AMD
2021-04-19,82.12999725341797,83.18000030517578,80.38999938964844,81.11000061035156,81.11000061035156,39115500.0,-0.0126597796251984,-0.0127405974503402,2.790000915527344,58.67949730719344,AMD
2021-04-20,80.81999969482422,81.11000061035156,78.51000213623047,79.2699966430664,79.2699966430664,34977800.0,-0.022685291005291,-0.0229465611062714,2.5999984741210938,56.93677701613308,AMD
2021-04-21,78.98999786376953,81.66000366210938,78.86000061035156,81.61000061035156,81.61000061035156,35069000.0,0.0295194154961508,0.0290921064590662,2.8000030517578125,56.64246075148058,AMD
2021-04-22,81.61000061035156,81.79000091552734,78.58999633789062,79.05999755859375,79.05999755859375,38846100.0,-0.0312462079731239,-0.0317447839719176,3.2000045776367188,45.656829529302144,AMD
2021-04-23,80.20999908447266,83.30000305175781,79.95999908447266,82.76000213623047,82.76000213623047,49194000.0,0.0467999581570253,0.0457378517015806,3.340003967285156,52.48784377929167,AMD
2021-04-26,83.3499984741211,85.9000015258789,82.69999694824219,85.41000366210938,85.41000366210938,57594500.0,0.0320203172725486,0.0315183541451804,3.2000045776367188,56.75859689847168,AMD
2021-04-27,85.66999816894531,87.1500015258789,85.12999725341797,85.20999908447266,85.20999908447266,61909900.0,-0.0023416996728855,-0.0023444457393775,2.020004272460937,55.223880597014926,AMD
2021-04-28,88.8499984741211,89.19999694824219,83.91999816894531,84.0199966430664,84.0199966430664,108920300.0,-0.0139655258090842,-0.0140639613082466,5.279998779296875,51.16117447632245,AMD
2021-04-29,84.69999694824219,85.2699966430664,82.62999725341797,83.91000366210938,83.91000366210938,51294500.0,-0.001309128604519,-0.0013099862619749,2.639999389648437,52.02679026439318,AMD
2021-04-30,82.97000122070312,84.0999984741211,81.41999816894531,81.62000274658203,81.62000274658203,46601900.0,-0.0272911549944482,-0.0276704758967731,2.680000305175781,55.740178962189866,AMD
2021-05-03,81.97000122070312,82.0,78.45999908447266,78.55000305175781,78.55000305175781,66323300.0,-0.0376133250614572,-0.0383389600757256,3.540000915527344,47.065142536332445,AMD
2021-05-04,77.94999694824219,78.66999816894531,77.04000091552734,78.61000061035156,78.61000061035156,59194300.0,0.0007638135743193,0.0007635220171852,1.6299972534179688,50.1138041018101,AMD
2021-05-05,79.05000305175781,79.30000305175781,77.36000061035156,77.83000183105469,77.83000183105469,42310200.0,-0.0099223861244209,-0.0099719410723323,1.94000244140625,38.580254077501536,AMD
2021-05-06,77.62999725341797,78.05999755859375,76.47000122070312,77.88999938964844,77.88999938964844,38661300.0,0.0007708795732008,0.0007705825981542,1.589996337890625,40.26508295218346,AMD
2021-05-07,78.75,79.56999969482422,78.22000122070312,78.80999755859375,78.80999755859375,36954200.0,0.0118115056638141,0.0117422942913899,1.3499984741210938,44.71506888891383,AMD
2021-05-10,78.19999694824219,78.30000305175781,75.91999816894531,75.98999786376953,75.98999786376953,45134500.0,-0.0357822583705526,-0.0364381368174776,2.3800048828125,42.78804312452149,AMD
2021-05-11,73.56999969482422,76.93000030517578,72.75,76.83000183105469,76.83000183105469,51008200.0,0.0110541385826996,0.010993488142393,4.180000305175781,38.74765173475289,AMD
2021-05-12,75.08999633789062,76.12999725341797,74.16000366210938,74.63999938964844,74.63999938964844,42531400.0,-0.0285045215308201,-0.028918664350275,1.9699935913085935,39.415715672117344,AMD
2021-05-13,75.20999908447266,75.69999694824219,72.5,73.08999633789062,73.08999633789062,48646800.0,-0.0207663861794293,-0.0209850399736271,3.1999969482421875,24.1857873326004,AMD
2021-05-14,74.0199966430664,75.02999877929688,72.72000122070312,74.58999633789062,74.58999633789062,38355800.0,0.0205226443447279,0.0203148924823619,2.30999755859375,19.22637600325659,AMD
2021-05-17,74.22000122070312,75.5199966430664,73.41000366210938,74.6500015258789,74.6500015258789,40779200.0,0.0008044669652007,0.0008041435550885,2.1099929809570312,19.72478187984055,AMD
2021-05-18,74.73999786376953,75.7699966430664,74.23999786376953,74.44000244140625,74.44000244140625,31982500.0,-0.0028131156085757,-0.0028170798546231,1.529998779296875,20.89916544801838,AMD
2021-05-19,73.16000366210938,76.97000122070312,72.76000213623047,76.2300033569336,76.2300033569336,73966200.0,0.0240462232243516,0.0237616654660738,4.209999084472656,28.831319367425024,AMD
2021-05-20,76.80999755859375,78.2699966430664,76.25,78.05999755859375,78.05999755859375,49135000.0,0.0240062196126573,0.023722600439356,2.0199966430664062,39.93211219870257,AMD
2021-05-21,78.55000305175781,78.80999755859375,77.04000091552734,77.16999816894531,77.16999816894531,40201100.0,-0.0114014785739697,-0.0114669737344809,1.7699966430664062,45.54837134576613,AMD
2021-05-24,77.26000213623047,78.01000213623047,76.80000305175781,77.44000244140625,77.44000244140625,33194300.0,0.0034988243989564,0.0034927177527787,1.2099990844726562,46.27626458010181,AMD
2021-05-25,77.33000183105469,78.7699966430664,76.83999633789062,77.86000061035156,77.86000061035156,47353100.0,0.0054235299032059,0.005408875526655,1.9300003051757808,50.097715854621086,AMD
2021-05-26,77.83000183105469,78.58999633789062,77.58999633789062,78.33999633789062,78.33999633789062,30354000.0,0.0061648564574408,0.0061459314699303,1.0,51.42674960788696,AMD
2021-05-27,78.11000061035156,78.43000030517578,77.47000122070312,78.41999816894531,78.41999816894531,35883200.0,0.0010212131068991,0.0010206920235222,0.9599990844726562,48.69390762765304,AMD
2021-05-28,78.66000366210938,81.08999633789062,78.66000366210938,80.08000183105469,80.08000183105469,40952700.0,0.021168116562986,0.0209471843574308,2.42999267578125,64.85112720466873,AMD
2021-06-01,81.01000213623047,82.91000366210938,80.66000366210938,80.80999755859375,80.80999755859375,43433000.0,0.0091158305550385,0.0090745321613879,2.25,64.56806244708017,AMD
2021-06-02,81.0,82.5999984741211,80.66000366210938,81.97000122070312,81.97000122070312,35203200.0,0.0143547048280539,0.0142526515233398,1.9399948120117188,79.01820663992655,AMD
2021-06-03,81.12999725341797,81.88999938964844,80.26000213623047,80.27999877929688,80.27999877929688,29812000.0,-0.0206173284889424,-0.0208328328344432,1.6299972534179688,78.15191869947843,AMD
2021-06-04,80.91999816894531,82.19000244140625,80.80999755859375,81.58000183105469,81.58000183105469,26387800.0,0.0161933616283644,0.0160636476117413,1.3800048828125,77.8043015921572,AMD
2021-06-07,81.4000015258789,81.68000030517578,80.37999725341797,81.3499984741211,81.3499984741211,29006800.0,-0.0028193595461043,-0.0028233414262249,1.3000030517578125,76.29511012313621,AMD
2021-06-08,81.87000274658203,82.6500015258789,80.44999694824219,80.88999938964844,80.88999938964844,26956600.0,-0.0056545678316022,-0.0056706154236742,2.2000045776367188,74.82676759311792,AMD
2021-06-09,81.08999633789062,81.68000030517578,79.80000305175781,79.95999908447266,79.95999908447266,28454600.0,-0.0114970986796025,-0.0115637013020272,1.8799972534179688,65.37507925006793,AMD
2021-06-10,80.0199966430664,81.70999908447266,79.69999694824219,81.55999755859375,81.55999755859375,28606400.0,0.020009986148584,0.0198124175900037,2.0100021362304688,64.70587103896887,AMD
2021-06-11,81.61000061035156,82.33000183105469,80.69999694824219,81.30999755859375,81.30999755859375,24310900.0,-0.0030652281447213,-0.0030699355785445,1.6300048828125,68.38364031569134,AMD
2021-06-14,81.51000213623047,81.55000305175781,80.19999694824219,81.55000305175781,81.55000305175781,27830200.0,0.0029517341086022,0.0029473862951033,1.350006103515625,68.29918339062733,AMD
2021-06-15,81.58999633789062,81.68000030517578,80.22000122070312,80.47000122070312,80.47000122070312,26194300.0,-0.0132434309091225,-0.0133319071612364,1.4599990844726562,60.97559880085829,AMD
2021-06-16,80.75,81.44999694824219,78.95999908447266,80.11000061035156,80.11000061035156,29598300.0,-0.004473724430104,-0.0044837614817647,2.4899978637695312,57.51912207010994,AMD
2021-06-17,80.7699966430664,85.37000274658203,80.56999969482422,84.55999755859375,84.55999755859375,77822800.0,0.0555485821287982,0.0540606148441569,4.8000030517578125,69.02104652130177,AMD
2021-06-18,84.27999877929688,85.7699966430664,83.4800033569336,84.6500015258789,84.6500015258789,58736800.0,0.0010643799655125,0.0010638139147835,2.2899932861328125,65.6828929461424,AMD
2021-06-21,83.48999786376953,84.19000244140625,82.20999908447266,82.58999633789062,82.58999633789062,44417100.0,-0.0243355599628489,-0.0246365631230924,1.9800033569335935,55.597471843258894,AMD
2021-06-22,82.9000015258789,84.04000091552734,82.4800033569336,83.58000183105469,83.58000183105469,32107700.0,0.0119869903991007,0.0119157154457863,1.55999755859375,55.11760306455727,AMD
2021-06-23,83.83000183105469,84.48999786376953,83.16000366210938,83.81999969482422,83.81999969482422,25992400.0,0.0028714747369191,0.0028673599285003,1.3299942016601562,62.3949423815963,AMD
2021-06-24,84.38999938964844,87.13999938964844,84.37000274658203,86.0999984741211,86.0999984741211,42217700.0,0.0272011308470294,0.0268377548554356,2.7699966430664062,64.80993280040957,AMD
2021-06-25,86.33999633789062,86.36000061035156,85.0999984741211,85.62000274658203,85.62000274658203,27804500.0,-0.0055748633687064,-0.0055904609159709,1.2600021362304688,63.76531780761543,AMD
2021-06-28,86.37999725341797,88.0,86.1500015258789,87.08000183105469,87.08000183105469,30262000.0,0.0170520793931059,0.0169083245980735,1.8499984741210935,68.74621072088725,AMD
2021-06-29,87.41000366210938,90.3000030517578,86.66000366210938,89.5199966430664,89.5199966430664,46181000.0,0.0280201511335012,0.0276347691107941,3.6399993896484233,76.52606906759675,AMD
2021-06-30,90.81999969482422,94.33999633789062,90.5999984741211,93.93000030517578,93.93000030517578,70721500.0,0.0492627773400495,0.0480878007509833,3.7399978637695312,79.69274394730702,AMD
2021-07-01,94.04000091552734,94.18000030517578,91.6999969482422,93.30999755859376,93.30999755859376,58059000.0,-0.0066006892852937,-0.0066225701739291,2.4800033569335795,78.30187049614074,AMD
2021-07-02,93.27999877929688,95.2699966430664,92.20999908447266,94.6999969482422,94.6999969482422,51316700.0,0.0148965751368237,0.0147867108850356,3.05999755859375,79.41832283082894,AMD
2021-07-06,94.87999725341795,95.41000366210938,93.31999969482422,94.47000122070312,94.47000122070312,44930100.0,-0.0024286772434087,-0.0024316312638625,2.090003967285156,82.55813953488372,AMD
2021-07-07,95.0199966430664,95.44000244140624,90.30999755859376,90.54000091552734,90.54000091552734,51498500.0,-0.0416005107906627,-0.0424905845829709,5.130004882812472,70.80175594762589,AMD
2021-07-08,87.86000061035156,90.33999633789062,87.44999694824219,89.73999786376953,89.73999786376953,45673500.0,-0.0088359072638424,-0.0088751753764934,2.889999389648437,62.09150070719695,AMD
2021-07-09,90.04000091552734,91.26000213623048,88.52999877929688,90.9000015258789,90.9000015258789,35278400.0,0.0129262724506671,0.0128434412266056,2.730003356933608,63.89506107924188,AMD
2021-07-12,91.22000122070312,91.9000015258789,89.6500015258789,90.80999755859376,90.80999755859376,28526600.0,-0.000990142637781,-0.0009906331528159,2.25,70.02923857022503,AMD
2021-07-13,90.4800033569336,91.41000366210938,89.83000183105469,90.26000213623048,90.26000213623048,30367600.0,-0.0060565514497278,-0.0060749667505873,1.5800018310546875,66.63347169847171,AMD
2021-07-14,90.76000213623048,91.4000015258789,88.94000244140625,89.05000305175781,89.05000305175781,28108500.0,-0.0134057063575779,-0.0134963740605454,2.459999084472656,62.42281352559654,AMD
2021-07-15,89.77999877929688,89.77999877929688,86.18000030517578,86.93000030517578,86.93000030517578,38944700.0,-0.0238068801115013,-0.0240948434042655,3.5999984741210938,51.98660089828911,AMD
2021-07-16,87.31999969482422,88.02999877929688,85.68000030517578,85.88999938964844,85.88999938964844,35860700.0,-0.0119636594026955,-0.0120357999296322,2.3499984741210938,50.62936267003855,AMD
2021-07-19,84.98999786376953,87.2300033569336,84.23999786376953,86.58000183105469,86.58000183105469,39244800.0,0.0080335597428051,0.0080014624906041,2.9900054931640625,48.79110297834035,AMD
2021-07-20,87.08999633789062,87.7699966430664,85.16999816894531,87.11000061035156,87.11000061035156,28089000.0,0.0061214918929093,0.0061028316749397,2.5999984741210938,43.58019577900052,AMD
2021-07-21,87.25,89.48999786376953,86.9000015258789,89.41000366210938,89.41000366210938,29469900.0,0.0264034328509061,0.0260608788683596,2.589996337890625,36.43459309847087,AMD
2021-07-22,89.4000015258789,91.36000061035156,89.08000183105469,91.20999908447266,91.20999908447266,33730100.0,0.0201319242661668,0.0199319564486541,2.279998779296875,44.11435536120938,AMD
2021-07-23,91.3499984741211,92.37000274658205,90.19000244140624,92.1500015258789,92.1500015258789,31708900.0,0.0103059143826509,0.010253170519984,2.1800003051758097,42.66821623599429,AMD
2021-07-26,92.01000213623048,92.75,91.12000274658205,91.81999969482422,91.81999969482422,27668500.0,-0.0035811375538828,-0.0035875651770295,1.6299972534179543,42.42424374610406,AMD
2021-07-27,92.94000244140624,94.0999984741211,89.0999984741211,91.02999877929688,91.02999877929688,69427000.0,-0.0086038000234481,-0.008641026390147,5.0,51.70730799596999,AMD
2021-07-28,93.44000244140624,98.70999908447266,89.6500015258789,97.93000030517578,97.93000030517578,140561000.0,0.0757992048600157,0.0730638317416695,9.05999755859375,70.0244438939511,AMD
2021-07-29,96.58000183105467,105.73999786376952,96.58000183105467,102.9499969482422,102.9499969482422,164091800.0,0.0512610704321738,0.0499904629817241,9.159996032714844,74.78402478564107,AMD
2021-07-30,101.5999984741211,106.97000122070312,101.37999725341795,106.19000244140624,106.19000244140624,125632000.0,0.0314716424400958,0.0309865615759864,5.5900039672851705,78.00437203652545,AMD
2021-08-02,105.93000030517578,110.33000183105467,103.83000183105467,108.62999725341795,108.62999725341795,115581900.0,0.0229776321302757,0.0227176217551548,6.5,81.2947040835318,AMD
2021-08-03,108.1500015258789,114.8499984741211,107.66000366210938,112.55999755859376,112.55999755859376,157723100.0,0.0361778551462879,0.0355388039544795,7.189994812011719,86.654177015235,AMD
2021-08-04,114.36000061035156,122.48999786376952,114.16000366210938,118.7699966430664,118.7699966430664,225368700.0,0.0551705687559205,0.0537024304056818,8.329994201660142,94.02653915001464,AMD
2021-08-05,116.62999725341795,117.68000030517578,111.58999633789062,112.3499984741211,112.3499984741211,137860900.0,-0.0540540401650344,-0.055569836472133,6.090003967285156,81.84881861013886,AMD
2021-08-06,110.5500030517578,116.26000213623048,109.6999969482422,110.11000061035156,110.11000061035156,143899000.0,-0.0199376759607655,-0.0201391133812541,6.560005187988281,77.30331953939628,AMD
2021-08-09,111.30999755859376,112.33000183105467,107.05999755859376,107.58000183105467,107.58000183105467,115749900.0,-0.0229770117634441,-0.0232450978031104,5.270004272460909,72.69904954893673,AMD
2021-08-10,107.9000015258789,109.16999816894533,104.36000061035156,106.4800033569336,106.4800033569336,113012300.0,-0.0102249345175559,-0.0102775682522173,4.809997558593764,69.44634643367893,AMD
2021-08-11,107.5999984741211,109.79000091552734,105.62000274658205,107.68000030517578,107.68000030517578,91788300.0,0.0112696929978453,0.0112066631172372,4.169998168945298,69.02287338304924,AMD
2021-08-12,107.38999938964844,108.44000244140624,105.86000061035156,106.5,106.5,60578700.0,-0.0109583980482127,-0.0110188835810369,2.5800018310546733,66.48288696487971,AMD
2021-08-13,107.16999816894533,111.70999908447266,106.56999969482422,110.5500030517578,110.5500030517578,100135700.0,0.0380281976690872,0.0373229497592016,5.1399993896484375,69.82011257274365,AMD
2021-08-16,110.1999969482422,111.58000183105467,105.87000274658205,107.4800033569336,107.4800033569336,73325400.0,-0.0277702361834117,-0.0281631199282914,5.709999084472628,66.60610490303829,AMD
2021-08-17,106.63999938964844,108.6999969482422,105.3499984741211,107.55999755859376,107.55999755859376,74053900.0,0.0007442705541653,0.0007439937221865,3.349998474121108,61.27370744592392,AMD
2021-08-18,107.3499984741211,108.06999969482422,103.2699966430664,103.44000244140624,103.44000244140624,79387900.0,-0.038304157778947,-0.0390570506368265,4.8000030517578125,50.58599103157995,AMD
2021-08-19,103.31999969482422,106.18000030517578,101.9800033569336,103.6999969482422,103.6999969482422,71117500.0,0.0025134812519289,0.0025103277410154,4.199996948242188,46.79370675674458,AMD
2021-08-20,104.31999969482422,105.9800033569336,103.98999786376952,104.6500015258789,104.6500015258789,55227600.0,0.009161085878439,0.0091193776660256,1.9900054931640767,44.670597557203145,AMD
2021-08-23,105.3000030517578,109.0199966430664,104.86000061035156,108.7699966430664,108.7699966430664,68835300.0,0.0393692790933086,0.0386140667702881,4.159996032714844,44.95070163844045,AMD
2021-08-24,109.4499969482422,109.61000061035156,107.27999877929688,107.6500015258789,107.6500015258789,51239300.0,-0.0102969123081139,-0.0103502922582634,2.3300018310546875,32.86065853679189,AMD
2021-08-25,108.12999725341795,109.91000366210938,107.4499969482422,108.3000030517578,108.3000030517578,45485500.0,0.0060381004799394,0.0060199442008708,2.4600067138671733,42.40720064468013,AMD
2021-08-26,108.56999969482422,109.2300033569336,106.83999633789062,107.2699966430664,107.2699966430664,51442500.0,-0.009510677559253,-0.0095561928705938,2.3900070190429688,44.42261238905382,AMD
2021-08-27,108.01000213623048,111.77999877929688,107.8000030517578,111.4000015258789,111.4000015258789,61030000.0,0.0385010255622064,0.0377783518753877,3.9799957275390767,57.05839082870879,AMD
2021-08-30,112.61000061035156,114.48999786376952,111.26000213623048,111.31999969482422,111.31999969482422,56130500.0,-0.000718149281498,-0.0007184072742188,3.229995727539034,59.29339014167122,AMD
2021-08-31,111.26000213623048,111.26000213623048,109.02999877929688,110.72000122070312,110.72000122070312,49339000.0,-0.0053898533575812,-0.0054044310217658,2.230003356933608,55.97484578513353,AMD
2021-09-01,111.3000030517578,111.8499984741211,109.8499984741211,109.98999786376952,109.98999786376952,38579600.0,-0.00659323833892,-0.0066150697475136,2.0,56.98278943998893,AMD
2021-09-02,110.31999969482422,110.87999725341795,108.7699966430664,109.1999969482422,109.1999969482422,40090500.0,-0.0071824795969701,-0.007208397782678,2.1100006103515483,46.893680697312114,AMD
2021-09-03,108.8499984741211,111.16999816894533,108.5,109.91999816894533,109.91999816894533,42605800.0,0.0065934179562696,0.0065717764516683,2.6699981689453267,56.2951371460628,AMD
2021-09-07,109.95999908447266,110.58000183105467,108.66000366210938,109.1500015258789,109.1500015258789,28815200.0,-0.0070050641911669,-0.0070297148403687,1.9199981689452983,53.96114596776796,AMD
2021-09-08,108.87999725341795,109.3000030517578,105.5199966430664,106.16999816894533,106.16999816894533,43067900.0,-0.0273019085228967,-0.0276815311965635,3.780006408691392,57.21076223785816,AMD
2021-09-09,106.55999755859376,107.3000030517578,105.83999633789062,106.1500015258789,106.1500015258789,31857900.0,-0.0001883455157887,-0.0001883632550328,1.4600067138671733,56.55431583063813,AMD
2021-09-10,106.98999786376952,106.98999786376952,104.9800033569336,105.1999969482422,105.1999969482422,32602300.0,-0.0089496426187529,-0.0089899312295028,2.0099945068359237,51.47136202784222,AMD
2021-09-13,105.26000213623048,105.27999877929688,102.62999725341795,104.8000030517578,104.8000030517578,37767800.0,-0.0038022234609113,-0.0038094702877368,2.6500015258789205,36.74017620476319,AMD
2021-09-14,105.5199966430664,106.81999969482422,104.41999816894533,105.7300033569336,105.7300033569336,40629500.0,0.0088740484550986,0.0088349054877245,2.400001525878892,43.50474849347992,AMD
2021-09-15,106.0,106.31999969482422,104.02999877929688,105.5999984741211,105.5999984741211,37998900.0,-0.0012295931020981,-0.0012303496719421,2.290000915527344,40.532954824516175,AMD
2021-09-16,104.91999816894533,106.75,103.76000213623048,106.22000122070312,106.22000122070312,38150300.0,0.0058712382153487,0.0058540696639183,2.989997863769517,46.2094065659,AMD
2021-09-17,105.55999755859376,105.9800033569336,103.70999908447266,103.87999725341795,103.87999725341795,44528300.0,-0.0220297866728802,-0.0222760661318715,2.270004272460937,18.822569319238625,AMD
2021-09-20,101.58000183105467,102.51000213623048,99.51000213623048,101.5500030517578,101.5500030517578,45228400.0,-0.0224296713829907,-0.0226850422764282,3.0,15.86305694959755,AMD
2021-09-21,102.1500015258789,103.43000030517578,101.18000030517578,102.81999969482422,102.81999969482422,35481500.0,0.0125061211708592,0.0124285655811312,2.25,23.631509494214143,AMD
2021-09-22,102.81999969482422,104.55999755859376,102.20999908447266,104.37999725341795,104.37999725341795,34126300.0,0.0151721217975482,0.0150581762426688,2.349998474121108,32.25805984611884,AMD
2021-09-23,104.88999938964844,106.86000061035156,103.88999938964844,106.1500015258789,106.1500015258789,32816700.0,0.0169573128859512,0.0168151426220384,2.970001220703125,40.9172267538632,AMD
2021-09-24,105.19000244140624,106.0500030517578,104.68000030517578,105.8000030517578,105.8000030517578,26482600.0,-0.0032972064916624,-0.0033026542552171,1.370002746582017,37.45433746460599,AMD
2021-09-27,105.06999969482422,108.44000244140624,103.44000244140624,108.16000366210938,108.16000366210938,51944300.0,0.0223062433107592,0.0220610978841229,5.0,47.25153318616781,AMD
2021-09-28,106.83999633789062,107.6500015258789,101.41999816894533,101.5199966430664,101.5199966430664,74469000.0,-0.0613905953607978,-0.0633558558135032,6.23000335693358,39.27088075298268,AMD
2021-09-29,102.3000030517578,102.66000366210938,99.80999755859376,100.3499984741211,100.3499984741211,52224700.0,-0.0115248050397293,-0.0115917303026324,2.850006103515611,37.29184664721321,AMD
2021-09-30,102.08000183105467,104.44000244140624,101.98999786376952,102.9000015258789,102.9000015258789,57636700.0,0.0254110920830299,0.0250935976319814,2.4500045776367188,45.2907557816394,AMD
2021-10-01,102.5999984741211,103.0,100.63999938964844,102.4499969482422,102.4499969482422,41491600.0,-0.0043732222639815,-0.0043828127716281,2.3600006103515625,45.19819264223815,AMD
2021-10-04,101.73999786376952,101.8499984741211,99.81999969482422,100.33999633789062,100.33999633789062,41967100.0,-0.0205954189673382,-0.0208104623380285,2.029998779296875,39.49317058095499,AMD
2021-10-05,100.91999816894533,102.87000274658205,100.61000061035156,101.80999755859376,101.80999755859376,31455200.0,0.0146502020565455,0.0145439245799778,2.260002136230483,42.9788827846853,AMD
2021-10-06,100.4499969482422,103.72000122070312,100.3499984741211,103.63999938964844,103.63999938964844,39071700.0,0.0179746770939805,0.0178150426656785,3.3700027465820312,45.42553064850909,AMD
2021-10-07,104.5999984741211,107.9499969482422,104.45999908447266,106.4499969482422,106.4499969482422,41543100.0,0.0271130603545182,0.0267520128662672,3.489997863769545,54.48203553375817,AMD
2021-10-08,106.5500030517578,107.27999877929688,104.88999938964844,105.05999755859376,105.05999755859376,30623000.0,-0.0130577682432839,-0.0131437703834196,2.389999389648437,56.32887327121239,AMD
2021-10-11,104.62000274658205,107.1999969482422,104.0199966430664,104.68000030517578,104.68000030517578,31284400.0,-0.003616954713958,-0.0036235117103402,3.1800003051757955,53.46497728522155,AMD
2021-10-12,105.16999816894533,106.04000091552734,104.33999633789062,105.04000091552734,105.04000091552734,34039900.0,0.0034390581706347,0.0034331581332624,1.7000045776367188,51.287057888146734,AMD
2021-10-13,106.27999877929688,109.87999725341795,106.25,109.16000366210938,109.16000366210938,55631900.0,0.0392231788906334,0.0384734906776975,3.6299972534179545,55.37692162388546,AMD
2021-10-14,110.5,112.22000122070312,109.62999725341795,111.98999786376952,111.98999786376952,46900200.0,0.0259251933558011,0.0255948331311864,2.5900039672851705,60.15752053513413,AMD
2021-10-15,112.51000213623048,112.83999633789062,111.11000061035156,112.12000274658205,112.12000274658205,34203000.0,0.0011608615527494,0.0011601882739823,1.7299957275390625,57.01132656576097,AMD
2021-10-18,111.9000015258789,116.87999725341795,111.37000274658205,116.43000030517578,116.43000030517578,47537800.0,0.0384409334018245,0.0377204858766395,5.509994506835909,78.77267764325649,AMD
2021-10-19,116.16000366210938,117.16999816894533,114.47000122070312,116.33000183105467,116.33000183105467,39593900.0,-0.0008588720592545,-0.0008592411011832,2.6999969482422017,82.16586313347528,AMD
2021-10-20,116.29000091552734,118.3000030517578,115.41999816894533,116.38999938964844,116.38999938964844,34244800.0,0.0005157530959287,0.0005156201410134,2.880004882812472,80.17896819856492,AMD
2021-10-21,116.5,119.68000030517578,116.26000213623048,119.33000183105467,119.33000183105467,34794900.0,0.0252599231619869,0.024946164016162,3.4199981689452983,83.97747055434118,AMD
2021-10-22,120.83000183105467,121.55999755859376,118.37000274658205,119.81999969482422,119.81999969482422,38992700.0,0.0041062419865145,0.0040978343828004,3.1899948120117188,91.94661656630484,AMD
2021-10-25,120.5199966430664,123.45999908447266,118.5999984741211,122.36000061035156,122.36000061035156,47834100.0,0.0211984720580586,0.0209769101620381,4.8600006103515625,92.30137655799555,AMD
2021-10-26,122.98999786376952,127.1999969482422,122.58000183105467,122.93000030517578,122.93000030517578,59458900.0,0.0046583825758497,0.0046475658909012,4.619995117187528,91.88017439947886,AMD
2021-10-27,121.62999725341795,128.0800018310547,121.0500030517578,122.27999877929688,122.27999877929688,98245300.0,-0.005287574426627,-0.0053016031219845,7.029998779296889,87.92526481718683,AMD
2021-10-28,122.86000061035156,123.5,120.26000213623048,121.16000366210938,121.16000366210938,58002500.0,-0.0091592666696781,-0.0092014706553464,3.239997863769517,89.07770208460325,AMD
2021-10-29,120.9499969482422,122.56999969482422,119.87999725341795,120.2300033569336,120.2300033569336,43320100.0,-0.0076758028810346,-0.0077054134766865,2.690002441406264,86.76124713762344,AMD
2021-11-01,119.4499969482422,125.66999816894533,118.12999725341795,125.2300033569336,125.2300033569336,54559800.0,0.041586957168721,0.0407454704743372,7.540000915527372,89.14309363597687,AMD
2021-11-02,124.9800033569336,128.4600067138672,124.1999969482422,127.62999725341795,127.62999725341795,53491900.0,0.0191646876319553,0.0189833580926347,4.260009765624986,88.36727364820635,AMD
2021-11-03,127.75,130.60000610351562,126.79000091552734,130.52999877929688,130.52999877929688,59537800.0,0.0227219430250458,0.0224676445740802,3.810005187988281,88.40100920426396,AMD
2021-11-04,132.00999450683594,139.0,130.77000427246094,137.5,137.5,84825200.0,0.0533976962068938,0.0520208410578246,8.229995727539062,90.9619222141309,AMD
2021-11-05,139.19000244140625,141.22000122070312,134.4199981689453,136.33999633789062,136.33999633789062,64920600.0,-0.0084363902698864,-0.0084721780321116,6.8000030517578125,85.77075131321286,AMD
2021-11-08,137.6999969482422,153.60000610351562,137.6999969482422,150.16000366210938,150.16000366210938,141493800.0,0.1013642929105609,0.0965496775917873,15.900009155273438,90.7099871796802,AMD
2021-11-09,154.00999450683594,155.64999389648438,143.88999938964844,148.9199981689453,148.9199981689453,98442600.0,-0.0082578946651754,-0.0082921799573448,11.759994506835938,88.06458040662002,AMD
2021-11-10,143.92999267578125,146.3000030517578,138.52000427246094,139.8699951171875,139.8699951171875,82989200.0,-0.0607709049357552,-0.0626958518273931,7.779998779296875,71.02783416162129,AMD
2021-11-11,142.9600067138672,146.47000122070312,140.83999633789062,146.00999450683594,146.00999450683594,67934800.0,0.0438979023664378,0.0429616900100736,5.6300048828125,74.03192191668714,AMD
2021-11-12,146.02999877929688,148.58999633789062,144.25,147.88999938964844,147.88999938964844,52162100.0,0.0128758643486182,0.0127936751599759,4.339996337890625,73.71353397184197,AMD
2021-11-15,148.0,148.97999572753906,142.86000061035156,146.49000549316406,146.49000549316406,52271300.0,-0.0094664541366031,-0.0095115458113753,6.1199951171875,71.55140900204162,AMD
2021-11-16,145.92999267578125,153.0800018310547,145.33999633789062,152.4499969482422,152.4499969482422,53100800.0,0.0406853111583522,0.0398794491759356,7.7400054931640625,75.15424174989835,AMD
2021-11-17,151.97999572753906,154.66000366210938,149.69000244140625,151.33999633789062,151.33999633789062,54527500.0,-0.0072810799119163,-0.007307716347693,4.970001220703125,75.16676892632952,AMD
2021-11-18,157.07000732421875,158.88999938964844,152.55999755859375,155.02000427246094,155.02000427246094,60612700.0,0.0243161624396641,0.0240252313455923,6.330001831054688,77.73879202538053,AMD
2021-11-19,155.75999450683594,156.9199981689453,153.4499969482422,155.41000366210938,155.41000366210938,41668900.0,0.0025158004057526,0.0025126410776283,3.470001220703125,75.9724553972701,AMD
2021-11-22,157.13999938964844,161.8800048828125,152.38999938964844,152.52000427246094,152.52000427246094,58674100.0,-0.018595967579615,-0.0187710464898751,9.490005493164062,71.24082509941064,AMD
2021-11-23,150.41000366210938,152.66000366210938,145.3000030517578,149.9199981689453,149.9199981689453,62852700.0,-0.0170469842032719,-0.0171939567252592,7.360000610351562,66.63234814840993,AMD
2021-11-24,149.4600067138672,157.92999267578125,147.19000244140625,157.8000030517578,157.8000030517578,60677100.0,0.0525613992733144,0.05122662147461,10.739990234375,67.14526489322847,AMD
2021-11-26,155.8000030517578,158.10000610351562,152.80999755859375,154.80999755859375,154.80999755859375,36245100.0,-0.0189480699324406,-0.0191298849691422,5.290008544921875,65.13189607927066,AMD
2021-11-29,157.5,162.50999450683594,156.10000610351562,161.91000366210938,161.91000366210938,57438900.0,0.0458627105192501,0.0448421051348053,6.4099884033203125,60.81752340794243,AMD
2021-11-30,163.27999877929688,164.4600067138672,155.67999267578125,158.3699951171875,158.3699951171875,75182500.0,-0.0218640507989211,-0.0221066112448816,8.780014038085938,58.34657459107088,AMD
2021-12-01,160.3699951171875,160.8800048828125,148.9199981689453,149.11000061035156,149.11000061035156,64039100.0,-0.0584706370672292,-0.0602497439758448,11.960006713867188,58.13094141212759,AMD
2021-12-02,147.67999267578125,152.52999877929688,146.47000122070312,150.67999267578125,150.67999267578125,56161200.0,0.0105290863054339,0.010474041519956,6.05999755859375,54.46889646425488,AMD
2021-12-03,151.64999389648438,152.3800048828125,140.72000122070312,144.00999450683594,144.00999450683594,65910000.0,-0.0442659841595372,-0.0452756307511025,11.660003662109377,46.59887420970773,AMD
2021-12-06,141.13999938964844,141.30999755859375,134.1999969482422,139.05999755859375,139.05999755859375,66776500.0,-0.0343725931328136,-0.0349772263505906,7.1100006103515625,43.868619811439785,AMD
2021-12-07,143.89999389648438,145.75999450683594,141.0,144.85000610351562,144.85000610351562,53359400.0,0.0416367657599174,0.0407932892377832,4.7599945068359375,43.71070238632498,AMD
2021-12-08,144.9600067138672,147.0399932861328,142.6999969482422,145.24000549316406,145.24000549316406,40977500.0,0.0026924361285129,0.0026888180152641,4.339996337890625,44.89113229619622,AMD
2021-12-09,145.16000366210938,146.69000244140625,137.8000030517578,138.10000610351562,138.10000610351562,53019900.0,-0.0491600049545887,-0.0504094797558304,8.889999389648438,36.60545194727072,AMD
2021-12-10,141.2899932861328,141.3699951171875,135.82000732421875,138.5500030517578,138.5500030517578,42224300.0,0.0032584860851119,0.0032531887237945,5.54998779296875,36.66561514119444,AMD
2021-12-13,138.25,139.39999389648438,133.4199981689453,133.8000030517578,133.8000030517578,42174000.0,-0.0342836513560057,-0.0348851228329056,5.979995727539063,35.61770412962558,AMD
2021-12-14,131.6699981689453,137.24000549316406,130.60000610351562,135.60000610351562,135.60000610351562,50754600.0,0.0134529372997211,0.0133632500149891,6.6399993896484375,38.861240713991535,AMD
2021-12-15,135.11000061035156,146.69000244140625,133.80999755859375,146.5,146.5,72425800.0,0.0803834321966285,0.0773160079396506,12.8800048828125,41.6047529425315,AMD
2021-12-16,147.0,147.92999267578125,137.02000427246094,138.63999938964844,138.63999938964844,63369600.0,-0.053651881299328,-0.0551447874521917,10.909988403320312,38.79728517444853,AMD
2021-12-17,136.3000030517578,142.0399932861328,136.11000061035156,137.75,137.75,55642100.0,-0.0064194993765622,-0.0064401929719064,5.92999267578125,31.68586507582897,AMD
2021-12-20,135.97000122070312,138.25999450683594,133.52000427246094,135.8000030517578,135.8000030517578,38195400.0,-0.0141560577004877,-0.014257210435985,4.739990234375,32.46854192351829,AMD
2021-12-21,138.19000244140625,144.5,135.14999389648438,144.25,144.25,57785200.0,0.0622238347448462,0.0603646677911701,9.350006103515623,46.17683923555271,AMD
2021-12-22,142.64999389648438,144.5,140.27000427246094,143.8800048828125,143.8800048828125,46923700.0,-0.0025649574848353,-0.0025682526240855,4.229995727539063,44.54779554979613,AMD
2021-12-23,143.88999938964844,149.02000427246094,143.85000610351562,146.13999938964844,146.13999938964844,48653800.0,0.015707495344309,0.0155854094224631,5.1699981689453125,51.83779599295384,AMD
2021-12-27,147.50999450683594,154.88999938964844,147.25,154.36000061035156,154.36000061035156,53296400.0,0.0562474425553156,0.05472247843691,7.639999389648437,62.49592172503616,AMD
2021-12-28,155.8800048828125,156.72999572753906,151.3800048828125,153.14999389648438,153.14999389648438,58699100.0,-0.0078388618105903,-0.0078697471979003,5.3499908447265625,57.32696867798612,AMD
2021-12-29,152.82000732421875,154.33999633789062,147.2899932861328,148.25999450683594,148.25999450683594,51300200.0,-0.03192947818825,-0.0324503412479071,7.0500030517578125,52.46973323317202,AMD
2021-12-30,147.44000244140625,148.85000610351562,144.85000610351562,145.14999389648438,145.14999389648438,44358000.0,-0.020976667513691,-0.0211998037567625,4.0,56.17228996783122,AMD
2021-12-31,146.16000366210938,148.61000061035156,143.5500030517578,143.89999389648438,143.89999389648438,49448100.0,-0.0086117812784164,-0.0086490769425853,5.05999755859375,54.61922976694968,AMD
2022-01-03,145.13999938964844,151.64999389648438,145.02000427246094,150.24000549316406,150.24000549316406,59396600.0,0.0440584563279442,0.0431154805442045,6.6299896240234375,63.81512810202206,AMD
2022-01-04,151.00999450683594,152.4199981689453,140.6999969482422,144.4199981689453,144.4199981689453,80200500.0,-0.0387380665030896,-0.0395083436781882,11.720001220703123,56.94268850140301,AMD
2022-01-05,142.82000732421875,143.75999450683594,135.2899932861328,136.14999389648438,136.14999389648438,65403200.0,-0.0572635672158541,-0.058968534053937,8.470001220703125,41.5010645314558,AMD
2022-01-06,136.19000244140625,138.0,131.77000427246094,136.22999572753906,136.22999572753906,64802900.0,0.0005876006951239,0.0005874281254335,6.229995727539063,47.73112131236464,AMD
2022-01-07,136.27999877929688,137.44000244140625,131.1300048828125,132.0,132.0,58441100.0,-0.0310503990325234,-0.0315426798294829,6.30999755859375,44.90699844411744,AMD
2022-01-10,129.0800018310547,132.4199981689453,125.02999877929688,132.0,132.0,84671300.0,0.0,0.0,7.389999389648437,46.51375964418194,AMD
2022-01-11,133.4499969482422,138.99000549316406,131.58999633789062,137.30999755859375,137.30999755859375,77153900.0,0.0402272542317707,0.0394392029670384,7.400009155273437,43.243769181177264,AMD
2022-01-12,138.58999633789062,140.57000732421875,135.77000427246094,137.47000122070312,137.47000122070312,69669600.0,0.0011652732135625,0.0011645948096974,4.8000030517578125,43.734114757971554,AMD
2022-01-13,139.44000244140625,141.25,131.80999755859375,132.74000549316406,132.74000549316406,76618100.0,-0.0344074757077016,-0.0350133512624445,9.44000244140625,37.50467410463506,AMD
2022-01-14,131.67999267578125,137.0,131.42999267578125,136.8800048828125,136.8800048828125,71078400.0,0.0311887842272362,0.030712296155488,5.57000732421875,32.35770354410924,AMD
2022-01-18,134.5,136.38999938964844,131.58999633789062,131.92999267578125,131.92999267578125,56527400.0,-0.0361631504270409,-0.0368332418764125,4.8000030517578125,30.086346140628223,AMD
2022-01-19,133.5500030517578,134.57000732421875,128.02000427246094,128.27000427246094,128.27000427246094,69831800.0,-0.0277418980255289,-0.0281339727596375,6.5500030517578125,30.79732641484543,AMD
2022-01-20,126.04000091552734,128.50999450683594,121.41000366210938,121.88999938964844,121.88999938964844,91157300.0,-0.0497388685608881,-0.0510184569597515,7.0999908447265625,28.97687544149656,AMD
2022-01-21,120.13999938964844,125.0199966430664,118.38999938964844,118.80999755859376,118.80999755859376,95685300.0,-0.0252687000285295,-0.0255934357389805,6.629997253417969,28.049006457014823,AMD
2022-01-24,115.4000015258789,116.7699966430664,107.5,116.52999877929688,116.52999877929688,116210100.0,-0.0191902939664017,-0.0193768178116369,9.269996643066406,18.25202547518802,AMD
2022-01-25,114.0999984741211,114.81999969482422,109.86000061035156,111.12999725341795,111.12999725341795,85102900.0,-0.046340011863437,-0.047448077627213,4.959999084472656,18.39757238399939,AMD
2022-01-26,114.5500030517578,117.16000366210938,108.62999725341795,110.70999908447266,110.70999908447266,94752600.0,-0.0037793411259386,-0.0037865008807418,8.53000640869142,21.61981817801137,AMD
2022-01-27,111.95999908447266,112.75,101.94000244140624,102.5999984741211,102.5999984741211,125954100.0,-0.0732544546781502,-0.076076243737221,10.809997558593764,18.18353999585689,AMD
2022-01-28,101.5500030517578,105.4000015258789,99.3499984741211,105.23999786376952,105.23999786376952,98749500.0,0.0257309885858751,0.0254055180088815,6.0500030517578125,23.897775047773,AMD
2022-01-31,107.93000030517578,114.30999755859376,106.9000015258789,114.25,114.25,97206000.0,0.0856138570802111,0.0821455939008777,7.409996032714858,35.27459868779994,AMD
2022-02-01,116.75,117.26000213623048,112.7300033569336,116.77999877929688,116.77999877929688,122467900.0,0.0221444094467997,0.021902782628062,4.529998779296889,32.14472358874794,AMD
2022-02-02,129.88999938964844,130.05999755859375,120.63999938964844,122.76000213623048,122.76000213623048,180065000.0,0.0512074278082093,0.0499394347508411,9.419998168945312,38.38256367157624,AMD
2022-02-03,120.31999969482422,125.37000274658205,118.81999969482422,120.08000183105467,120.08000183105467,103599500.0,-0.0218312174856573,-0.0220730445793876,6.550003051757827,39.66699180220069,AMD
2022-02-04,120.33999633789062,124.95999908447266,118.58000183105467,123.5999984741211,123.5999984741211,86212000.0,0.0293137624033255,0.0288923301044621,6.379997253417983,39.05012790935114,AMD
2022-02-07,123.55999755859376,127.62999725341795,122.79000091552734,123.66999816894533,123.66999816894533,81672500.0,0.0005663405800031,0.0005661802697008,4.839996337890611,42.59326101097152,AMD
2022-02-08,122.37999725341795,128.7100067138672,122.0500030517578,128.22999572753906,128.22999572753906,84902800.0,0.0368723023054009,0.0362087802042997,6.660003662109389,49.96469419137311,AMD
2022-02-09,129.60000610351562,132.9600067138672,127.6500015258789,132.85000610351562,132.85000610351562,92948900.0,0.0360290924893507,0.0353952249964392,5.310005187988281,59.98178951379502,AMD
2022-02-10,128.83999633789062,131.75999450683594,124.61000061035156,125.7699966430664,125.7699966430664,108939900.0,-0.0532932565688595,-0.0547659027807196,7.149993896484375,55.90831672418502,AMD
2022-02-11,126.13999938964844,127.16999816894533,111.80999755859376,113.18000030517578,113.18000030517578,164723200.0,-0.1001033368365339,-0.1054753409572586,15.360000610351562,47.579831108323376,AMD
2022-02-14,115.51000213623048,118.37000274658205,113.45999908447266,114.2699966430664,114.2699966430664,135146400.0,0.0096306444155467,0.0095845653706602,4.910003662109389,52.41910550592989,AMD
2022-02-15,117.19000244140624,121.87999725341795,114.36000061035156,121.47000122070312,121.47000122070312,143975900.0,0.0630087056021069,0.0611032889801863,7.519996643066392,57.50558021756329,AMD
2022-02-16,119.0500030517578,119.54000091552734,114.22000122070312,117.69000244140624,117.69000244140624,119109600.0,-0.031118784401993,-0.031613259127648,5.319999694824219,61.202673266799565,AMD
2022-02-17,116.26000213623048,116.9800033569336,112.26000213623048,112.37000274658205,112.37000274658205,98179600.0,-0.0452034971914698,-0.0462570472718342,4.720001220703111,55.090677890579066,AMD
2022-02-18,113.9000015258789,115.63999938964844,109.88999938964844,113.83000183105467,113.83000183105467,114321200.0,0.0129927832053651,0.0129091010608781,5.75,49.66389396999528,AMD
2022-02-22,115.2699966430664,119.1999969482422,113.61000061035156,115.6500015258789,115.6500015258789,141648500.0,0.0159887522230339,0.0158622784483899,5.589996337890639,49.08531889615515,AMD
2022-02-23,117.4000015258789,118.6500015258789,109.04000091552734,109.76000213623048,109.76000213623048,120299400.0,-0.0509295228010042,-0.0522722184310697,9.610000610351562,39.461739358245296,AMD
2022-02-24,104.55999755859376,116.95999908447266,104.26000213623048,116.61000061035156,116.61000061035156,142956600.0,0.0624088770116739,0.0605388553260524,12.699996948242172,47.36522331125657,AMD
2022-02-25,117.16000366210938,121.2300033569336,116.04000091552734,121.05999755859376,121.05999755859376,127821000.0,0.038161366306066,0.0374512315302615,5.19000244140625,48.09823250092056,AMD
2022-02-28,120.30999755859376,124.61000061035156,119.1999969482422,123.33999633789062,123.33999633789062,124666100.0,0.0188336265098083,0.0186584695755425,5.410003662109361,49.76083359560872,AMD
2022-03-01,122.33000183105467,122.43000030517578,112.8000030517578,113.83000183105467,113.83000183105467,126552200.0,-0.0771038980800945,-0.0802386164491766,9.629997253417985,40.26237934743397,AMD
2022-03-02,115.47000122070312,119.4800033569336,113.30999755859376,118.27999877929688,118.27999877929688,118354500.0,0.0390933574335423,0.0383485612408279,6.1700057983398295,40.1247055076025,AMD
2022-03-03,118.12999725341795,118.26000213623048,111.0500030517578,111.9800033569336,111.9800033569336,123916700.0,-0.0532634045263956,-0.0547343707651024,7.209999084472685,40.55350183998189,AMD
2022-03-04,112.0,113.0,106.80999755859376,108.41000366210938,108.41000366210938,100609400.0,-0.0318806892999005,-0.0323999444453409,6.190002441406236,46.27169121562641,AMD
2022-03-07,108.52999877929688,109.52999877929688,102.81999969482422,102.9499969482422,102.9499969482422,92600000.0,-0.0503644177606048,-0.0516769656226887,6.709999084472656,41.717880037184656,AMD
2022-03-08,102.80999755859376,109.9000015258789,100.08000183105467,105.52999877929688,105.52999877929688,135348300.0,0.0250607276108203,0.0247518572849507,9.819999694824231,37.49214849879776,AMD
2022-03-09,108.41000366210938,111.70999908447266,106.8499984741211,111.0500030517578,111.0500030517578,102310300.0,0.0523074418299325,0.0509853167057284,4.8600006103515625,44.92820023188886,AMD
2022-03-10,108.88999938964844,109.06999969482422,103.06999969482422,106.45999908447266,106.45999908447266,102557400.0,-0.0413327675925038,-0.0422112586764903,6.0,45.43488023158095,AMD
2022-03-11,108.12999725341795,108.19000244140624,104.08000183105467,104.29000091552734,104.29000091552734,87584400.0,-0.0203832255082351,-0.0205938302330904,4.1100006103515625,42.71087891821147,AMD
2022-03-14,102.98999786376952,105.23999786376952,101.04000091552734,102.25,102.25,89731700.0,-0.0195608485724312,-0.0197546939888789,4.199996948242173,39.79591658884474,AMD
2022-03-15,102.66000366210938,109.69000244140624,101.79000091552734,109.33000183105467,109.33000183105467,112425500.0,0.0692420716973563,0.0669500532714441,7.900001525878892,49.67838420718717,AMD
2022-03-16,111.5999984741211,115.41999816894533,109.88999938964844,115.37000274658205,115.37000274658205,113689800.0,0.0552455942044238,0.0537735305515693,5.529998779296889,49.06117667581833,AMD
2022-03-17,112.13999938964844,114.2699966430664,109.70999908447266,111.69000244140624,111.69000244140624,103201700.0,-0.0318973755531512,-0.0324171803344177,4.55999755859375,42.82212769737709,AMD
2022-03-18,111.27999877929688,114.93000030517578,110.5500030517578,113.45999908447266,113.45999908447266,105834800.0,0.0158474044621403,0.0157231454177501,4.379997253417983,42.37183683793416,AMD
2022-03-21,113.7300033569336,117.56999969482422,112.54000091552734,115.91999816894533,115.91999816894533,101905900.0,0.0216816420264658,0.0214499383873219,5.029998779296875,51.81077464455436,AMD
2022-03-22,115.43000030517578,117.9499969482422,113.80999755859376,114.77999877929688,114.77999877929688,101672600.0,-0.0098343634200802,-0.0098830401715178,4.1399993896484375,46.783088776685695,AMD
2022-03-23,114.29000091552734,117.5500030517578,112.20999908447266,113.91999816894533,113.91999816894533,90579200.0,-0.0074925999259259,-0.0075208104545581,5.340003967285142,51.98120327172528,AMD
2022-03-24,114.95999908447266,120.5500030517578,113.70999908447266,120.52999877929688,120.52999877929688,121961300.0,0.0580231804476401,0.0564022428819541,6.840003967285142,61.65383803915229,AMD
2022-03-25,119.91999816894533,121.4000015258789,117.25,119.66999816894533,119.66999816894533,95852400.0,-0.0071351582100842,-0.0071607351878986,4.150001525878906,67.6371286827515,AMD
2022-03-28,117.6999969482422,120.41000366210938,116.70999908447266,120.23999786376952,120.23999786376952,92966100.0,0.0047630960436673,0.0047517883937723,3.700004577636719,66.20400617948924,AMD
2022-03-29,122.27999877929688,123.70999908447266,119.58999633789062,123.2300033569336,123.2300033569336,94143000.0,0.0248669789278581,0.0245628275129045,4.120002746582031,64.20905035417225,AMD
2022-03-30,123.04000091552734,125.66999816894533,118.58999633789062,119.22000122070312,119.22000122070312,99476900.0,-0.03254079385696,-0.0330820191603751,7.080001831054702,65.08987724941241,AMD
2022-03-31,116.30999755859376,116.37999725341795,109.0199966430664,109.33999633789062,109.33999633789062,147004800.0,-0.0828720414498435,-0.0865082760568684,7.360000610351548,55.0510042975808,AMD
2022-04-01,110.4800033569336,111.41999816894533,106.0999984741211,108.19000244140624,108.19000244140624,111867100.0,-0.0105175958935519,-0.0105732967085962,5.319999694824233,56.04888157130078,AMD
2022-04-04,109.97000122070312,110.94000244140624,107.02999877929688,110.52999877929688,110.52999877929688,90123900.0,0.0216285819861954,0.0213980030133794,3.910003662109361,51.35256642440417,AMD
2022-04-05,109.69000244140624,110.4800033569336,106.0500030517578,106.81999969482422,106.81999969482422,79532000.0,-0.033565539902707,-0.034141794224067,4.430000305175796,39.82868986428644,AMD
2022-04-06,104.4499969482422,105.73999786376952,101.70999908447266,103.66999816894533,103.66999816894533,105256600.0,-0.0294888741329168,-0.0299324123820264,4.029998779296861,40.3373442500471,AMD
2022-04-07,103.91999816894533,105.23999786376952,100.91000366210938,103.72000122070312,103.72000122070312,91895500.0,0.0004823290502649,0.0004822127669982,4.329994201660142,37.75767182676789,AMD
2022-04-08,102.51000213623048,102.98999786376952,100.41999816894533,101.0,101.0,92746700.0,-0.0262244619040767,-0.0265744555984205,2.5699996948241903,31.368637631275448,AMD
2022-04-11,98.5999984741211,98.66999816894533,95.94000244140624,97.37000274658205,97.37000274658205,95527700.0,-0.0359405668655242,-0.0366023336429124,2.729995727539091,29.532102740105685,AMD
2022-04-12,98.77999877929688,99.58999633789062,94.5999984741211,95.0999984741211,95.0999984741211,89246400.0,-0.0233131786836745,-0.0235892296919961,4.989997863769531,28.584438573751484,AMD
2022-04-13,95.3000030517578,98.33000183105467,94.70999908447266,97.73999786376952,97.73999786376952,77728400.0,0.0277602463933459,0.0273819164794015,3.620002746582017,21.491123505878704,AMD
2022-04-14,98.37000274658205,98.38999938964844,92.91999816894533,93.05999755859376,93.05999755859376,73354400.0,-0.0478821404487727,-0.0490664498040045,5.470001220703111,19.616355996992112,AMD
2022-04-18,92.02999877929688,95.16000366210938,91.63999938964844,93.88999938964844,93.88999938964844,80605800.0,0.0089189969141367,0.0088794575879993,3.520004272460937,20.090814886685763,AMD
2022-04-19,93.38999938964844,97.06999969482422,92.83999633789062,96.93000030517578,96.93000030517578,77069500.0,0.0323783250110716,0.0318651938831836,4.230003356933594,20.181406562593168,AMD
2022-04-20,97.83999633789062,97.91000366210938,93.1999969482422,94.0199966430664,94.0199966430664,62489000.0,-0.0300217028056068,-0.0304815817614096,4.710006713867173,20.697674294817816,AMD
2022-04-21,95.16000366210938,96.2300033569336,89.23999786376953,89.8499984741211,89.8499984741211,76680600.0,-0.0443522475838423,-0.0453658936444673,6.990005493164063,23.866991974711866,AMD
2022-04-22,90.02999877929688,91.45999908447266,87.94000244140625,88.13999938964844,88.13999938964844,75017700.0,-0.019031709666252,-0.0192151437580092,3.5199966430664062,23.513870781257907,AMD
2022-04-25,89.86000061035156,91.37000274658205,88.61000061035156,90.69000244140624,90.69000244140624,93481000.0,0.0289312805697306,0.0285206718907782,2.760002136230483,23.935904287413507,AMD
2022-04-26,89.73999786376953,90.12000274658205,85.08000183105469,85.16000366210938,85.16000366210938,89127400.0,-0.0609769393585553,-0.0629152413518513,5.040000915527358,22.84354408604446,AMD
2022-04-27,84.25,87.9000015258789,84.0199966430664,84.91000366210938,84.91000366210938,83125100.0,-0.0029356504139188,-0.0029399678873941,3.8800048828125,24.634952767088464,AMD
2022-04-28,86.66999816894531,90.58000183105467,84.77999877929688,89.63999938964844,89.63999938964844,91495400.0,0.055705988971118,0.0542097269832292,5.800003051757798,33.10129549525128,AMD
2022-04-29,88.05000305175781,91.79000091552734,85.37999725341797,85.5199966430664,85.5199966430664,82647700.0,-0.0459616552279651,-0.0470514146602166,6.410003662109375,32.02507954962833,AMD
2022-05-02,85.66000366210938,90.37000274658205,85.31999969482422,89.83999633789062,89.83999633789062,98304100.0,0.050514497946656,0.049280042204026,5.050003051757827,41.39427989078542,AMD
2022-05-03,89.8499984741211,92.20999908447266,89.01000213623047,91.12999725341795,91.12999725341795,126381800.0,0.0143588709718509,0.0142567587012547,3.1999969482421875,45.35889545928877,AMD
2022-05-04,98.18000030517578,99.69000244140624,91.6999969482422,99.41999816894533,99.41999816894533,225394100.0,0.0909689582506427,0.0870662538802882,7.990005493164034,51.73482042956861,AMD
2022-05-05,97.6500015258789,97.83999633789062,92.16999816894533,93.87000274658205,93.87000274658205,153129800.0,-0.0558237328965961,-0.0574424066408357,5.669998168945298,50.821672928528095,AMD
2022-05-06,94.33999633789062,98.18000030517578,92.6500015258789,95.33999633789062,95.33999633789062,144286600.0,0.0156598865270845,0.0155385357573071,5.529998779296875,51.45203000294602,AMD
2022-05-09,92.87000274658205,93.73999786376952,85.37999725341797,86.36000061035156,86.36000061035156,144523700.0,-0.0941891763422501,-0.0989247986514974,8.360000610351548,40.54053869518615,AMD
2022-05-10,89.18000030517578,90.7699966430664,85.41000366210938,88.7300033569336,88.7300033569336,137235500.0,0.0274432923787861,0.0270734759662425,5.359992980957031,45.21959644864215,AMD
2022-05-11,87.83999633789062,93.45999908447266,86.52999877929688,87.91999816894531,87.91999816894531,136137900.0,-0.0091288758857573,-0.0091707994113823,6.930000305175781,48.14315899252049,AMD
2022-05-12,86.5999984741211,88.55000305175781,83.2699966430664,87.05999755859375,87.05999755859375,129214200.0,-0.0097816268000711,-0.0098297811876428,5.280006408691406,48.94366007999522,AMD
2022-05-13,88.30000305175781,96.56999969482422,88.22000122070312,95.12000274658205,95.12000274658205,138068100.0,0.0925798921894489,0.0885417731760922,8.349998474121094,53.91135486494168,AMD
2022-05-16,93.86000061035156,98.16999816894533,93.08000183105467,94.23999786376952,94.23999786376952,131065700.0,-0.0092515228911108,-0.0092945840221465,5.089996337890653,58.7341223694332,AMD
2022-05-17,97.87999725341795,103.1999969482422,97.54000091552734,102.47000122070312,102.47000122070312,164227200.0,0.0873302583137858,0.0837253874891161,5.659996032714858,64.64309172144618,AMD
2022-05-18,100.0,104.22000122070312,95.70999908447266,96.27999877929688,96.27999877929688,142603200.0,-0.0604079473764621,-0.0623094844882188,8.510002136230469,55.40540372680066,AMD
2022-05-19,96.69000244140624,100.69000244140624,95.08999633789062,96.66999816894533,96.66999816894533,141506200.0,0.0040506792126415,0.0040424972990291,5.600006103515611,59.66371951763826,AMD
2022-05-20,98.38999938964844,98.63999938964844,88.26000213623047,93.5,93.5,164126800.0,-0.0327919543704271,-0.0333416612405808,10.379997253417969,53.236649371216,AMD
2022-05-23,91.66000366210938,95.19000244140624,90.91999816894533,95.06999969482422,95.06999969482422,128773000.0,0.0167914405863551,0.0166520228662862,4.270004272460909,53.467090754603696,AMD
2022-05-24,92.54000091552734,93.41999816894533,89.62000274658203,91.16000366210938,91.16000366210938,123341400.0,-0.0411275485985692,-0.0419972146111175,3.799995422363296,42.12433817478819,AMD
2022-05-25,90.43000030517578,93.88999938964844,89.5199966430664,92.6500015258789,92.6500015258789,111771100.0,0.0163448640183507,0.0162127246508397,4.370002746582031,48.73914727410811,AMD
2022-05-26,91.33999633789062,100.33000183105467,90.73999786376952,98.75,98.75,128792700.0,0.0658391621549758,0.0637624345805814,9.590003967285156,53.21637713064584,AMD
2022-05-27,100.13999938964844,102.4000015258789,99.37999725341795,102.26000213623048,102.26000213623048,104348400.0,0.0355443254301821,0.0349272067608083,3.020004272460952,66.72275569656716,AMD
2022-05-31,102.43000030517578,104.5500030517578,100.04000091552734,101.86000061035156,101.86000061035156,125102900.0,-0.0039116127275847,-0.0039192830935178,4.510002136230455,64.40639998339176,AMD
2022-06-01,102.12999725341795,103.56999969482422,99.5500030517578,101.22000122070312,101.22000122070312,99351400.0,-0.0062831276832271,-0.0063029496026894,4.0199966430664205,64.64757749967646,AMD
2022-06-02,100.77999877929688,109.5,100.77999877929688,108.58999633789062,108.58999633789062,120953800.0,0.072811648175322,0.07028291065879,8.720001220703125,70.7378128110326,AMD
2022-06-03,105.8000030517578,109.38999938964844,104.6500015258789,106.3000030517578,106.3000030517578,110844700.0,-0.0210884369035914,-0.0213139744478042,4.739997863769531,62.11530375131801,AMD
2022-06-06,108.2699966430664,109.56999969482422,104.2300033569336,105.6500015258789,105.6500015258789,96726900.0,-0.0061147836991349,-0.00613355555198,5.339996337890625,62.42649373146452,AMD
2022-06-07,104.23999786376952,106.23999786376952,102.61000061035156,105.27999877929688,105.27999877929688,79022900.0,-0.0035021556198595,-0.0035083025226555,3.6299972534179545,53.692507831911854,AMD
2022-06-08,104.56999969482422,105.8499984741211,100.41000366210938,101.9000015258789,101.9000015258789,97641900.0,-0.0321048375057793,-0.0326315007792257,5.439994812011719,57.97390113607455,AMD
2022-06-09,101.56999969482422,103.94000244140624,98.73999786376952,98.8000030517578,98.8000030517578,95299000.0,-0.0304219669057985,-0.0308943195608983,5.200004577636719,52.80633189792081,AMD
2022-06-10,98.81999969482422,99.93000030517578,94.25,94.81999969482422,94.81999969482422,102135400.0,-0.0402834335424928,-0.041117281386561,5.680000305175781,51.7027865605296,AMD
2022-06-13,91.26000213623048,92.02999877929688,86.63999938964844,86.98999786376953,86.98999786376953,98148800.0,-0.082577534868755,-0.0861872092932443,5.3899993896484375,41.02620634958295,AMD
2022-06-14,87.41000366210938,88.30000305175781,85.81999969482422,86.98999786376953,86.98999786376953,84066600.0,0.0,0.0,2.4800033569335938,44.928233385649726,AMD
2022-06-15,87.9000015258789,90.86000061035156,86.19000244140625,89.30000305175781,89.30000305175781,95774800.0,0.0265548367020982,0.0262083770944191,4.6699981689453125,46.00524868860117,AMD
2022-06-16,86.62999725341797,86.7300033569336,80.63999938964844,82.05000305175781,82.05000305175781,102433300.0,-0.0811870073038848,-0.0846726673266936,6.090003967285156,30.617460261800872,AMD
2022-06-17,82.19000244140625,82.94000244140625,79.43000030517578,81.56999969482422,81.56999969482422,105212300.0,-0.0058501321033566,-0.0058673111587644,3.5100021362304688,24.169786685574092,AMD
2022-06-21,84.16999816894531,85.80999755859375,82.5999984741211,83.79000091552734,83.79000091552734,87780600.0,0.0272159032611101,0.0268521359804318,3.209999084472656,28.42130581625132,AMD
2022-06-22,84.4000015258789,86.37999725341797,83.30000305175781,83.75,83.75,86634700.0,-0.0004773948572655,-0.0004775088464703,3.079994201660156,28.83450519490171,AMD
2022-06-23,84.31999969482422,84.41000366210938,80.2300033569336,82.43000030517578,82.43000030517578,100614600.0,-0.0157611903859608,-0.0158867186777979,4.180000305175781,12.862025185660473,AMD
2022-06-24,83.55999755859375,87.52999877929688,83.08000183105469,87.08000183105469,87.08000183105469,88553900.0,0.0564115189695921,0.0548778053662389,4.449996948242188,24.42789717903368,AMD
2022-06-27,87.36000061035156,88.22000122070312,85.25,86.16000366210938,86.16000366210938,74663500.0,-0.0105649764538385,-0.0106211820418937,2.970001220703125,24.253644924277538,AMD
2022-06-28,85.70999908447266,86.7300033569336,80.43000030517578,80.77999877929688,80.77999877929688,95618600.0,-0.0624420224482704,-0.0644766803279086,6.3000030517578125,21.41858267761387,AMD
2022-06-29,79.55000305175781,79.75,76.51000213623047,77.98999786376953,77.98999786376953,104140900.0,-0.0345382638980974,-0.0351488090724897,3.2399978637695312,21.717538899606097,AMD
2022-06-30,77.7300033569336,78.91000366210938,75.4800033569336,76.47000122070312,76.47000122070312,105368600.0,-0.0194896356545808,-0.0196820629320272,3.430000305175781,22.560835441775325,AMD
2022-07-01,75.19000244140625,75.44999694824219,72.69000244140625,73.66999816894531,73.66999816894531,87734200.0,-0.0366157055977626,-0.0373028871793967,2.759994506835937,23.23463399873752,AMD
2022-07-05,71.9800033569336,75.20999908447266,71.5999984741211,75.19999694824219,75.19999694824219,95589000.0,0.0207682749738662,0.0205555545340069,3.6100006103515625,32.249328781275395,AMD
2022-07-06,75.16999816894531,76.27999877929688,73.55000305175781,75.3499984741211,75.3499984741211,85458900.0,0.0019947012229555,0.0019927144480472,2.7299957275390625,32.55396604829569,AMD
2022-07-07,77.19000244140625,79.98999786376953,76.9000015258789,79.30000305175781,79.30000305175781,83640900.0,0.0524220923374449,0.0510942623025518,3.089996337890625,35.71429194236016,AMD
2022-07-08,78.30999755859375,80.47000122070312,77.4000015258789,79.3499984741211,79.3499984741211,83405900.0,0.0006304592741395,0.0006302606181832,3.0699996948242188,45.14387852471717,AMD
2022-07-11,77.8499984741211,78.29000091552734,75.83999633789062,76.94999694824219,76.94999694824219,76150300.0,-0.0302457665032171,-0.0307126071167735,2.4500045776367188,42.22745395217665,AMD
2022-07-12,76.9800033569336,77.44000244140625,74.43000030517578,76.36000061035156,76.36000061035156,77873200.0,-0.0076672691525571,-0.0076968137752899,3.0100021362304688,36.77465422605657,AMD
2022-07-13,74.94000244140625,79.11000061035156,74.4800033569336,77.5199966430664,77.5199966430664,79355000.0,0.0151911475044905,0.0150769174277864,4.629997253417969,39.33583780862678,AMD
2022-07-14,78.2300033569336,79.25,76.0,78.5999984741211,78.5999984741211,83493600.0,0.013931912768617,0.0138357557435301,3.25,43.38971061499712,AMD
2022-07-15,79.36000061035156,81.19999694824219,77.9000015258789,81.11000061035156,81.11000061035156,76050600.0,0.0319338700376297,0.0314345855852957,3.299995422363281,38.87439281909948,AMD
2022-07-18,82.20999908447266,84.47000122070312,80.94000244140625,81.43000030517578,81.43000030517578,90464300.0,0.0039452557319223,0.0039374936195082,3.529998779296875,40.983601312267325,AMD
2022-07-19,82.76000213623047,86.41000366210938,82.19000244140625,85.87999725341797,85.87999725341797,85047500.0,0.0546481263854219,0.053207181802207,4.220001220703125,60.079050191473705,AMD
2022-07-20,85.38999938964844,89.91999816894531,85.08000183105469,89.43000030517578,89.43000030517578,88348600.0,0.0413367858091835,0.04050525874159,4.839996337890625,71.94935439975455,AMD
2022-07-21,89.5999984741211,91.58000183105467,88.22000122070312,91.08999633789062,91.08999633789062,90449300.0,0.0185619593766095,0.018391788782975,3.3600006103515483,77.900757290295,AMD
2022-07-22,90.1999969482422,90.69000244140624,87.04000091552734,88.0999984741211,88.0999984741211,76989700.0,-0.0328246567568011,-0.0333754729312366,3.650001525878892,77.33991059237252,AMD
2022-07-25,86.56999969482422,87.5999984741211,85.12000274658203,87.54000091552734,87.54000091552734,70083000.0,-0.0063563855651852,-0.0063766734011443,2.4799957275390625,74.27224342999938,AMD
2022-07-26,87.0,87.75,84.70999908447266,85.25,85.25,69180400.0,-0.0261594801413939,-0.0265077260575117,3.040000915527344,67.96082210354885,AMD
2022-07-27,86.94000244140625,90.62000274658205,86.29000091552734,89.81999969482422,89.81999969482422,78301600.0,0.0536070345433925,0.0522195480983284,4.330001831054702,68.66572431771978,AMD
2022-07-28,90.41999816894533,92.22000122070312,88.58999633789062,91.66999816894533,91.66999816894533,79009200.0,0.0205967321354567,0.0203874877373137,3.6300048828125,70.54703900230487,AMD
2022-07-29,90.6999969482422,94.80999755859376,90.55999755859376,94.47000122070312,94.47000122070312,76630700.0,0.0305443777428409,0.0300871847033699,4.25,78.83477659025718,AMD
2022-08-01,95.58999633789062,98.38999938964844,93.95999908447266,96.77999877929688,96.77999877929688,96477500.0,0.024452180890705,0.0241580120493586,4.430000305175781,81.80685980211103,AMD
2022-08-02,95.70999908447266,100.91999816894533,95.36000061035156,99.29000091552734,99.29000091552734,116734100.0,0.0259351329602146,0.0256045215142465,5.559997558593764,82.54111548372647,AMD
2022-08-03,94.83000183105467,98.7699966430664,93.62000274658205,98.08999633789062,98.08999633789062,131142000.0,-0.012085855237907,-0.0121594830241963,5.149993896484361,79.02889192872777,AMD
2022-08-04,97.5,104.58999633789062,97.26000213623048,103.91000366210938,103.91000366210938,125855800.0,0.0593333422520536,0.0576397878655967,7.329994201660142,80.91106295159886,AMD
2022-08-05,101.0500030517578,103.86000061035156,100.9800033569336,102.30999755859376,102.30999755859376,93859900.0,-0.0153979987212631,-0.0155177790796263,2.8799972534179688,77.3584788719216,AMD
2022-08-08,100.05999755859376,101.8000030517578,97.98999786376952,100.06999969482422,100.06999969482422,92606800.0,-0.0218942226294813,-0.0221374579752757,3.810005187988281,69.73574078318521,AMD
2022-08-09,97.9499969482422,98.0500030517578,93.66999816894533,95.54000091552734,95.54000091552734,89473700.0,-0.0452683001210318,-0.0463249205082657,4.380004882812472,58.27240630597316,AMD
2022-08-10,98.4499969482422,99.3499984741211,95.61000061035156,99.0500030517578,99.0500030517578,83416100.0,0.0367385608393897,0.0360797864103592,3.7399978637695312,60.26302711758902,AMD
2022-08-11,99.93000030517578,102.37000274658205,98.0,98.12000274658205,98.12000274658205,77516900.0,-0.0093892001668065,-0.0094335565724755,4.3700027465820455,63.64379054412604,AMD
2022-08-12,99.1999969482422,101.4000015258789,98.4800033569336,100.83000183105467,100.83000183105467,72316300.0,0.027619231640992,0.0272447011825844,2.9199981689453125,67.09543961838523,AMD
2022-08-15,100.51000213623048,101.8499984741211,99.8000030517578,101.01000213623048,101.01000213623048,61327100.0,0.0017851859754738,0.0017835944248513,2.0499954223632955,71.43633661387462,AMD
2022-08-16,100.83999633789062,101.4499969482422,98.31999969482422,100.1999969482422,100.1999969482422,60220700.0,-0.0080190592105506,-0.0080513847956962,3.129997253417983,65.7272576576527,AMD
2022-08-17,99.26000213623048,99.63999938964844,96.7300033569336,98.2699966430664,98.2699966430664,63735600.0,-0.0192614806782153,-0.0194493999800737,2.909996032714844,59.97580644231312,AMD
2022-08-18,97.73999786376952,101.06999969482422,96.7300033569336,100.44000244140624,100.44000244140624,76059500.0,0.0220820786859459,0.0218418003824694,4.339996337890625,59.1987614293876,AMD
2022-08-19,98.66999816894533,99.25,94.58999633789062,95.9499969482422,95.9499969482422,67221700.0,-0.044703359060384,-0.0457333679484958,4.660003662109375,48.80161567630781,AMD
2022-08-22,94.4000015258789,95.0199966430664,92.36000061035156,92.83999633789062,92.83999633789062,61837300.0,-0.0324127223477577,-0.0329496486871468,2.659996032714844,40.84587230229263,AMD
2022-08-23,92.38999938964844,94.44000244140624,92.11000061035156,92.48999786376952,92.48999786376952,52927000.0,-0.0037699104688381,-0.0037770344915644,2.3300018310546733,41.85573887342025,AMD
2022-08-24,92.20999908447266,93.37999725341795,90.9000015258789,92.7300033569336,92.7300033569336,56520400.0,0.002594934573548,0.0025915735440064,2.4799957275390483,30.59029473013291,AMD
2022-08-25,93.13999938964844,97.56999969482422,93.13999938964844,97.18000030517578,97.18000030517578,61016200.0,0.0479887499961948,0.0468728511047774,4.430000305175781,41.89574323400821,AMD
2022-08-26,96.29000091552734,97.5999984741211,91.12000274658205,91.18000030517578,91.18000030517578,65552500.0,-0.0617410987976755,-0.0637293539858165,6.479995727539048,37.44705642560148,AMD
2022-08-29,90.05000305175781,91.19000244140624,88.26000213623047,88.48999786376953,88.48999786376953,61142500.0,-0.0295021104672397,-0.0299460509939216,2.930000305175767,39.49955569090631,AMD
2022-08-30,90.05999755859375,90.1500015258789,85.33999633789062,86.94000244140625,86.94000244140625,69087100.0,-0.0175160522068211,-0.0176712734961803,4.810005187988281,30.84467805950395,AMD
2022-08-31,86.27999877929688,86.72000122070312,83.72000122070312,84.87000274658203,84.87000274658203,64991700.0,-0.0238095196307281,-0.024097547298343,3.0,29.77100179145087,AMD
2022-09-01,82.3499984741211,82.76000213623047,78.5199966430664,82.33000183105469,82.33000183105469,94854700.0,-0.0299281351870774,-0.0303851227930444,4.240005493164063,21.60836357300897,AMD
2022-09-02,83.31999969482422,83.6500015258789,79.80999755859375,80.23999786376953,80.23999786376953,84924400.0,-0.025385690766459,-0.0257134665200975,3.840003967285156,19.88983506006622,AMD
2022-09-06,80.41000366210938,80.88999938964844,78.37000274658203,78.72000122070312,78.72000122070312,68727300.0,-0.0189431291566961,-0.0191248487797706,2.5199966430664062,19.48865301352309,AMD
2022-09-07,79.23999786376953,80.25,77.73999786376953,79.61000061035156,79.61000061035156,67891200.0,0.011305886380174,0.0112424525163594,2.5100021362304688,22.687368465015908,AMD
2022-09-08,80.02999877929688,83.44999694824219,79.23999786376953,82.77999877929688,82.77999877929688,89089300.0,0.0398190948956369,0.039046750806976,4.209999084472656,24.88623176518483,AMD
2022-09-09,84.02999877929688,85.68000030517578,83.83999633789062,85.44999694824219,85.44999694824219,68907700.0,0.032254146029452,0.031744902273407,1.840003967285156,34.25314764047104,AMD
2022-09-12,84.88999938964844,85.3499984741211,83.45999908447266,84.63999938964844,84.63999938964844,71922500.0,-0.0094791993858627,-0.0095244129487987,1.8899993896484373,36.791239172230185,AMD
2022-09-13,80.95999908447266,81.47000122070312,76.80000305175781,77.02999877929688,77.02999877929688,80921200.0,-0.0899102157990123,-0.0942120203810801,4.6699981689453125,29.817231158929104,AMD
2022-09-14,77.0999984741211,78.08000183105469,75.87000274658203,77.44999694824219,77.44999694824219,71483000.0,0.0054523974503579,0.0054375869421743,2.209999084472656,30.14551567724081,AMD
2022-09-15,76.63999938964844,77.97000122070312,74.91000366210938,76.66000366210938,76.66000366210938,81818000.0,-0.0102000428309989,-0.0102524197367295,3.05999755859375,20.53416741072651,AMD
2022-09-16,75.62000274658203,76.81999969482422,74.68000030517578,76.51000213623047,76.51000213623047,75300200.0,-0.0019567116972765,-0.0019586285585143,2.139999389648437,24.68069506793772,AMD
2022-09-19,75.38999938964844,77.33999633789062,75.3499984741211,76.7699966430664,76.7699966430664,64966900.0,0.0033981767033937,0.0033924159479608,1.9899978637695312,27.92009999287079,AMD
2022-09-20,76.08000183105469,76.58000183105469,74.7300033569336,75.25,75.25,51129100.0,-0.019799357946223,-0.0199979914836673,1.8499984741210935,27.951694469418516,AMD
2022-09-21,75.44000244140625,78.41000366210938,74.44999694824219,74.4800033569336,74.4800033569336,82069700.0,-0.0102325135291216,-0.0102852255885634,3.960006713867188,29.39307973012316,AMD
2022-09-22,73.88999938964844,74.29000091552734,69.16999816894531,69.5,69.5,101436900.0,-0.0668636295982388,-0.0692039254696753,5.120002746582031,26.79925543674109,AMD
2022-09-23,68.0,69.08000183105469,66.81999969482422,67.95999908447266,67.95999908447266,87690000.0,-0.0221582865543502,-0.0224074692385771,2.2600021362304688,27.343155272676498,AMD
2022-09-26,67.87000274658203,68.73999786376953,66.25,66.30000305175781,66.30000305175781,82898700.0,-0.0244260749717125,-0.024729340110824,2.4899978637695312,27.20262558964015,AMD
2022-09-27,67.9000015258789,68.77999877929688,66.0,67.16999816894531,67.16999816894531,94871800.0,0.0131220976944499,0.01303674879742,2.779998779296875,27.14912595409577,AMD
2022-09-28,67.11000061035156,68.80000305175781,66.55999755859375,68.36000061035156,68.36000061035156,72389500.0,0.0177162791997278,0.0175611751571142,2.2400054931640625,21.43420668425098,AMD
2022-09-29,67.1500015258789,67.19999694824219,62.83000183105469,64.13999938964844,64.13999938964844,102552400.0,-0.0617320243274559,-0.0637196824267981,4.3699951171875,10.22766883787054,AMD
2022-09-30,63.619998931884766,65.91000366210938,63.34000015258789,63.36000061035156,63.36000061035156,81664100.0,-0.0121608791194151,-0.0122354276098374,2.5700035095214844,10.239134376664296,AMD
2022-10-03,64.45999908447266,66.91000366210938,63.38999938964844,66.11000061035156,66.11000061035156,83841600.0,0.0434027773596756,0.0424872734386061,3.520004272460937,25.06847301177436,AMD
2022-10-04,68.2699966430664,69.18000030517578,67.33000183105469,67.9000015258789,67.9000015258789,77160500.0,0.0270760989109273,0.0267160264592432,1.8499984741210935,29.480010609686488,AMD
2022-10-05,66.58999633789062,68.69000244140625,64.5199966430664,67.94000244140625,67.94000244140625,87127400.0,0.0005891150902566,0.0005889416300838,4.170005798339844,30.639419461063653,AMD
2022-10-06,67.81999969482422,70.29000091552734,67.66000366210938,67.8499984741211,67.8499984741211,98325900.0,-0.0013247566095214,-0.0013256348753033,2.6299972534179688,30.721266792487185,AMD
2022-10-07,64.01000213623047,64.02999877929688,58.220001220703125,58.43999862670898,58.43999862670898,163786300.0,-0.1386882838472165,-0.1492988004085375,5.80999755859375,21.00601095461451,AMD
2022-10-10,57.310001373291016,58.790000915527344,56.29999923706055,57.810001373291016,57.810001373291016,112241800.0,-0.0107802407293355,-0.0108387685337019,2.490001678466797,21.614583171645364,AMD
2022-10-11,57.209999084472656,58.91999816894531,56.04999923706055,57.630001068115234,57.630001068115234,114054800.0,-0.003113653362737,-0.0031185108670457,2.8699989318847656,22.03783323683699,AMD
2022-10-12,57.45000076293945,58.31999969482422,56.31999969482422,57.84999847412109,57.84999847412109,89264200.0,0.0038174111040849,0.0038101432806241,2.0,27.03980337389511,AMD
2022-10-13,55.52000045776367,60.13999938964844,54.56999969482422,58.93999862670898,58.93999862670898,131159800.0,0.0188418354596067,0.0186665267465215,5.569999694824219,31.90208165872625,AMD
2022-10-14,59.59999847412109,59.93999862670898,55.84000015258789,55.93999862670898,55.93999862670898,96959300.0,-0.0508992207312426,-0.0522402907852781,4.099998474121087,30.274171578004957,AMD
2022-10-17,57.34999847412109,58.5099983215332,57.09999847412109,57.959999084472656,57.959999084472656,76977600.0,0.0361101270531531,0.035473438432177,1.4099998474121165,33.19956611825589,AMD
2022-10-18,59.90999984741211,60.4900016784668,56.400001525878906,57.91999816894531,57.91999816894531,103064500.0,-0.000690146931663,-0.0006903851926863,4.090000152587891,30.12185530822489,AMD
2022-10-19,57.33000183105469,59.040000915527344,56.56999969482422,57.22999954223633,57.22999954223633,75704800.0,-0.0119129600918899,-0.0119844880416025,2.470001220703125,34.799824050651395,AMD
2022-10-20,57.470001220703125,60.20000076293945,57.400001525878906,57.77000045776367,57.77000045776367,79552600.0,0.0094356267664972,0.0093913892947291,2.799999237060547,37.57225492352881,AMD
2022-10-21,57.220001220703125,58.90999984741211,55.709999084472656,58.81999969482422,58.81999969482422,95366400.0,0.0181755102776606,0.0180123102204757,3.200000762939453,32.467531037762754,AMD
2022-10-24,58.56999969482422,59.0,56.65999984741211,58.70000076293945,58.70000076293945,76305400.0,-0.0020401042588805,-0.0020421881062337,2.34000015258789,25.941419255004742,AMD
2022-10-25,58.77000045776367,61.97999954223633,58.68999862670898,61.470001220703125,61.470001220703125,85501900.0,0.0471891042889478,0.0461095309461205,3.290000915527351,35.19450418185126,AMD
2022-10-26,59.68999862670898,61.77000045776367,59.150001525878906,59.72999954223633,59.72999954223633,79761600.0,-0.0283065177145427,-0.0287148716971036,2.6199989318847656,32.72340372343733,AMD
2022-10-27,61.59999847412109,62.720001220703125,58.5099983215332,58.59999847412109,58.59999847412109,83871400.0,-0.018918484459659,-0.0190997285362552,4.210002899169922,50.52562376702171,AMD
2022-10-28,59.09999847412109,62.34999847412109,58.91999816894531,62.0099983215332,62.0099983215332,78198600.0,0.058191125191207,0.0565609647500296,3.430000305175774,61.666658189561616,AMD
2022-10-31,60.75,61.86000061035156,59.52999877929688,60.060001373291016,60.060001373291016,73274100.0,-0.0314464925177242,-0.0319515498736046,2.3300018310546804,56.1456770809013,AMD
2022-11-01,61.4900016784668,61.9900016784668,59.43000030517578,59.65999984741211,59.65999984741211,83806700.0,-0.006660031913632,-0.0066823088915244,2.560001373291016,54.53634412048096,AMD
2022-11-02,63.0,63.93000030517578,58.56999969482422,58.630001068115234,58.630001068115234,142669400.0,-0.0172644784098429,-0.0174152473349583,5.3600006103515625,49.220720039953655,AMD
2022-11-03,58.11000061035156,62.27999877929688,58.02999877929688,60.11000061035156,60.11000061035156,95279900.0,0.0252430413657487,0.0249296980109617,4.25,61.350033277369214,AMD
2022-11-04,62.5,63.0,60.52999877929688,62.18999862670898,62.18999862670898,84791300.0,0.0346031940648361,0.0340179658286324,2.470001220703118,61.475855528300464,AMD
2022-11-07,62.93000030517578,63.52999877929688,61.400001525878906,63.08000183105469,63.08000183105469,62722500.0,0.0143110343141812,0.0142095980887234,2.129997253417976,63.38175308301952,AMD
2022-11-08,64.08999633789062,64.95999908447266,62.369998931884766,63.84999847412109,63.84999847412109,75938000.0,0.0122066680519232,0.0121327674583423,2.59000015258789,67.09710750926037,AMD
2022-11-09,62.27999877929688,63.04999923706055,59.79999923706055,59.91999816894531,59.91999816894531,62940300.0,-0.0615505152559813,-0.0635262499300383,3.25,54.72527048723334,AMD
2022-11-10,64.30000305175781,68.80000305175781,63.619998931884766,68.47000122070312,68.47000122070312,107996300.0,0.1426903089624762,0.133385402310622,5.180004119873047,65.95041574525439,AMD
2022-11-11,69.58000183105469,73.31999969482422,68.29000091552734,72.37000274658203,72.37000274658203,111709500.0,0.0569592734971307,0.0553961758687144,5.029998779296875,70.08522030799838,AMD
2022-11-14,75.22000122070312,75.25,72.66999816894531,73.52999877929688,73.52999877929688,108892800.0,0.01602868576331,0.0159015827767237,2.5800018310546875,68.59962714332579,AMD
2022-11-15,77.26000213623047,79.16000366210938,75.38999938964844,76.37000274658203,76.37000274658203,108946300.0,0.0386237456063278,0.0378965152577397,3.7700042724609375,74.82100682742035,AMD
2022-11-16,73.66000366210938,74.83000183105469,71.93000030517578,72.69999694824219,72.69999694824219,79968000.0,-0.0480555933789604,-0.0492486423023793,2.9000015258789062,69.55074382354479,AMD
2022-11-17,70.55999755859375,74.37999725341797,70.16000366210938,73.9000015258789,73.9000015258789,82320800.0,0.0165062534801898,0.0163715060399822,4.219993591308594,67.56277654434058,AMD
2022-11-18,75.06999969482422,75.3499984741211,72.18000030517578,73.56999969482422,73.56999969482422,73223200.0,-0.0044655185959519,-0.0044755188059714,3.1699981689453125,70.95872186987546,AMD
2022-11-21,72.20999908447266,72.9800033569336,71.56999969482422,72.45999908447266,72.45999908447266,51536300.0,-0.0150876799640609,-0.0152026569640755,1.410003662109375,69.42925598263909,AMD
2022-11-22,72.72000122070312,75.33000183105469,72.11000061035156,75.25,75.25,55450200.0,0.0385040153295448,0.0377812307969883,3.220001220703125,73.94811420472779,AMD
2022-11-23,75.48999786376953,78.22000122070312,75.30000305175781,76.4000015258789,76.4000015258789,81623600.0,0.0152824123040387,0.0151668125157265,2.9199981689453125,73.69798135249982,AMD
2022-11-25,75.66999816894531,76.04000091552734,74.75,75.13999938964844,75.13999938964844,26018900.0,-0.0164921742286048,-0.0166296841217469,1.2900009155273438,69.2995413156456,AMD
2022-11-28,73.80999755859375,75.47000122070312,72.56999969482422,73.19000244140625,73.19000244140625,45383800.0,-0.0259515166899352,-0.026294199052728,2.9000015258789062,64.60559950127899,AMD
2022-11-29,73.62000274658203,74.48999786376953,72.77999877929688,73.38999938964844,73.38999938964844,51846400.0,0.0027325719575197,0.0027288452701854,1.7099990844726562,64.01292065590351,AMD
2022-11-30,73.37999725341797,77.69999694824219,72.80999755859375,77.62999725341797,77.62999725341797,88468400.0,0.0577735100017942,0.0561662367967459,4.8899993896484375,75.7787365416757,AMD
2022-12-01,78.30999755859375,79.2300033569336,76.44000244140625,77.4800033569336,77.4800033569336,59833400.0,-0.0019321641348862,-0.0019340331719206,2.790000915527344,67.36030933881827,AMD
2022-12-02,75.05000305175781,76.27999877929688,73.6500015258789,74.9800033569336,74.9800033569336,64377200.0,-0.0322663899288058,-0.0327984257864289,2.6299972534179688,55.31568286335648,AMD
2022-12-05,74.54000091552734,75.16999816894531,72.81999969482422,73.62000274658203,73.62000274658203,47022200.0,-0.0181381775068405,-0.0183046908203913,2.3499984741210938,50.18182614048624,AMD
2022-12-06,73.08000183105469,73.38999938964844,69.4000015258789,70.2699966430664,70.2699966430664,64965200.0,-0.045504020355,-0.0465718478262529,3.9899978637695312,37.92556661673029,AMD
2022-12-07,69.52999877929688,71.37000274658203,69.27999877929688,70.13999938964844,70.13999938964844,59180100.0,-0.0018499681176631,-0.0018516814220463,2.090003967285156,44.106819947704224,AMD
2022-12-08,70.13999938964844,71.22000122070312,69.0,70.47000122070312,70.47000122070312,56734100.0,0.0047049021090153,0.0046938686511123,2.220001220703125,41.77457900192877,AMD
2022-12-09,69.48999786376953,70.66999816894531,68.5199966430664,68.58999633789062,68.58999633789062,59058300.0,-0.0266780878422941,-0.027040406541313,2.1500015258789062,38.88392183549596,AMD
2022-12-12,68.54000091552734,70.66999816894531,67.52999877929688,70.66999816894531,70.66999816894531,60968300.0,0.030325148594674,0.0298744306729064,3.139999389648437,46.17030229962395,AMD
2022-12-13,74.87000274658203,75.20999908447266,70.66000366210938,71.6500015258789,71.6500015258789,72458000.0,0.0138673182726107,0.0137720467776331,4.549995422363281,41.65121148457153,AMD
2022-12-14,70.93000030517578,72.0,68.31999969482422,68.93000030517578,68.93000030517578,67278000.0,-0.0379623330464369,-0.0387016742455775,3.680000305175781,33.85214084789504,AMD
2022-12-15,67.5999984741211,68.20999908447266,66.12000274658203,66.52999877929688,66.52999877929688,58557000.0,-0.0348179532170798,-0.0354385459192539,2.089996337890625,32.26205378109205,AMD
2022-12-16,66.25,67.19000244140625,64.80000305175781,65.41000366210938,65.41000366210938,62438600.0,-0.0168344376632699,-0.01697774744552,2.389999389648437,33.40444119247685,AMD
2022-12-19,65.12000274658203,65.58999633789062,63.709999084472656,64.58999633789062,64.58999633789062,46246900.0,-0.0125364207049228,-0.0126156646135119,1.8799972534179688,31.712389102718987,AMD
2022-12-20,63.7599983215332,66.05999755859375,63.52000045776367,65.05000305175781,65.05000305175781,52431300.0,0.0071219498366394,0.0070967085259422,2.539997100830078,18.984268340717563,AMD
2022-12-21,65.43000030517578,67.8499984741211,65.20999908447266,67.68000030517578,67.68000030517578,44167600.0,0.0404303940051375,0.0396344679345206,2.639999389648437,28.471018724176247,AMD
2022-12-22,66.08000183105469,66.30999755859375,62.2599983215332,63.86000061035156,63.86000061035156,73917700.0,-0.0564420756146493,-0.0580975229627798,4.049999237060547,26.910317002918376,AMD
2022-12-23,63.11000061035156,64.66000366210938,62.720001220703125,64.5199966430664,64.5199966430664,45923000.0,0.0103350458253497,0.0102820043833713,1.94000244140625,30.5389258683242,AMD
2022-12-27,63.869998931884766,64.27999877929688,62.970001220703125,63.27000045776367,63.27000045776367,36086000.0,-0.0193737794534908,-0.0195639108337824,1.30999755859375,33.552648443727946,AMD
2022-12-28,62.540000915527344,63.540000915527344,61.959999084472656,62.56999969482422,62.56999969482422,39526500.0,-0.0110637072526456,-0.0111253652609531,1.5800018310546875,32.677357123528026,AMD
2022-12-29,63.63999938964844,65.18000030517578,63.060001373291016,64.81999969482422,64.81999969482422,41428500.0,0.0359597252832672,0.0353282678724293,2.1199989318847656,38.11527409155846,AMD
2022-12-30,63.77000045776367,64.81999969482422,63.13999938964844,64.7699966430664,64.7699966430664,37127000.0,-0.0007714139462083,-0.0007717116390527,1.6800003051757812,41.29444407159109,AMD
2023-01-03,66.0,66.87999725341797,63.59000015258789,64.0199966430664,64.0199966430664,46851800.0,-0.0115794355237207,-0.0116469992602844,3.289997100830078,33.86705757580805,AMD
2023-01-04,65.0,65.79000091552734,63.310001373291016,64.66000366210938,64.66000366210938,47477100.0,0.0099969861387407,0.0099473468276671,2.479999542236328,32.75778549708279,AMD
2023-01-05,64.1500015258789,64.3499984741211,62.29999923706055,62.33000183105469,62.33000183105469,46159500.0,-0.0360346690239992,-0.0366999487361429,2.049999237060547,33.40041669976702,AMD
2023-01-06,63.150001525878906,64.30000305175781,60.04999923706055,63.959999084472656,63.959999084472656,70161300.0,0.0261510862431237,0.0258149934541538,4.250003814697266,43.27577554498646,AMD
2023-01-09,66.22000122070312,69.31999969482422,65.66999816894531,67.23999786376953,67.23999786376953,69741300.0,0.0512820329306906,0.0500104031184889,3.650001525878906,54.30181753095427,AMD
2023-01-10,66.66999816894531,68.1500015258789,66.55999755859375,68.05000305175781,68.05000305175781,41149600.0,0.012046478490814,0.0119744971731092,1.5900039672851562,58.13735918282978,AMD
2023-01-11,68.38999938964844,69.12999725341797,67.22000122070312,69.05999755859375,69.05999755859375,44470100.0,0.0148419465325777,0.0147328826665967,1.909996032714844,59.19301915569424,AMD
2023-01-12,70.06999969482422,71.6500015258789,67.18000030517578,70.80000305175781,70.80000305175781,70066200.0,0.0251955626220194,0.0248833871937098,4.470001220703125,57.45698346515187,AMD
2023-01-13,69.83999633789062,71.0999984741211,69.2300033569336,71.0,71.0,45757400.0,0.0028248155313777,0.0028208332377184,1.8699951171875,70.63583274606115,AMD
2023-01-17,70.87000274658203,72.66000366210938,70.6500015258789,71.58999633789062,71.58999633789062,42621300.0,0.0083098075759242,0.0082754712128534,2.0100021362304688,70.51653603415913,AMD
2023-01-18,71.87000274658203,72.77999877929688,70.5,70.52999877929688,70.52999877929688,39538700.0,-0.0148065038806647,-0.0149172143416543,2.279998779296875,71.3028060627701,AMD
2023-01-19,68.97000122070312,69.25,67.2699966430664,67.70999908447266,67.70999908447266,47189900.0,-0.0399829823285349,-0.0408042679362624,1.9800033569335935,63.413357012590886,AMD
2023-01-20,68.01000213623047,70.12999725341797,67.44999694824219,70.06999969482422,70.06999969482422,47757600.0,0.0348545361432852,0.0342608720508916,2.680000305175781,63.62220766993512,AMD
2023-01-23,72.22000122070312,76.58999633789062,71.54000091552734,76.52999877929688,76.52999877929688,84293200.0,0.0921935081005833,0.0881880668440372,5.049995422363281,72.89720014890392,AMD
2023-01-24,73.75,75.63999938964844,73.41999816894531,74.69999694824219,74.69999694824219,60822600.0,-0.0239122156049184,-0.0242027535859286,2.220001220703125,69.95515592787658,AMD
2023-01-25,72.9000015258789,75.12000274658203,72.08999633789062,74.91000366210938,74.91000366210938,49932600.0,0.0028113349725127,0.0028073905613269,3.0300064086914062,69.46448782223541,AMD
2023-01-26,76.5,77.08000183105469,74.27999877929688,75.16000366210938,75.16000366210938,49583900.0,0.0033373379759484,0.0033317814228639,2.8000030517578125,76.45361202279318,AMD
2023-01-27,73.69999694824219,76.73999786376953,73.48999786376953,75.4000015258789,75.4000015258789,58118600.0,0.0031931592878635,0.0031880719815874,3.25,75.02187693780274,AMD
2023-01-30,74.2300033569336,74.63999938964844,72.4000015258789,72.44999694824219,72.44999694824219,48105200.0,-0.0391247283546036,-0.0399106686066014,2.2399978637695312,61.56235597532452,AMD
2023-01-31,72.26000213623047,75.19999694824219,72.02999877929688,75.1500015258789,75.1500015258789,71669100.0,0.0372671454985096,0.036589509858997,3.1699981689453125,64.53725796126506,AMD
2023-02-01,78.47000122070312,85.4800033569336,77.87999725341797,84.63999938964844,84.63999938964844,152548200.0,0.1262807407994732,0.1189208243954148,7.600006103515625,73.67780774394924,AMD
2023-02-02,84.29000091552734,88.94000244140625,83.19999694824219,88.30999755859375,88.30999755859375,97762100.0,0.0433600921007821,0.042446362936005,5.740005493164063,75.13636747963633,AMD
2023-02-03,86.66000366210938,88.80000305175781,85.83000183105469,86.08999633789062,86.08999633789062,66557800.0,-0.0251387304051293,-0.0254601057031345,2.970001220703125,70.4748898758676,AMD
2023-02-06,84.62999725341797,86.27999877929688,83.22000122070312,83.68000030517578,83.68000030517578,53008900.0,-0.0279939149173147,-0.028393214168161,3.05999755859375,65.63227586560666,AMD
2023-02-07,84.31999969482422,86.25,82.5199966430664,85.91000366210938,85.91000366210938,65291900.0,0.0266491795984813,0.0263002753136905,3.7300033569335938,69.30220934485658,AMD
2023-02-08,85.87999725341797,88.0,84.54000091552734,84.69000244140625,84.69000244140625,54140400.0,-0.014200921530646,-0.0143027195161718,3.459999084472656,72.20187961561751,AMD
2023-02-09,85.87999725341797,86.66999816894531,82.76000213623047,83.20999908447266,83.20999908447266,46525400.0,-0.0174755380123828,-0.017630037851343,3.909996032714844,67.58564481834452,AMD
2023-02-10,82.29000091552734,82.70999908447266,80.47000122070312,81.4800033569336,81.4800033569336,49332600.0,-0.0207907192233329,-0.0210098893516427,2.2399978637695312,57.58504854355312,AMD
2023-02-13,81.56999969482422,84.1500015258789,80.9000015258789,83.12999725341797,83.12999725341797,45400000.0,0.0202502924460663,0.0200479819453114,3.25,62.98921281352517,AMD
2023-02-14,82.69999694824219,86.19000244140625,81.7699966430664,85.94999694824219,85.94999694824219,55979700.0,0.0339227690123407,0.0333600818192632,4.420005798339844,65.74442962764374,AMD
2023-02-15,85.0999984741211,85.88999938964844,83.31999969482422,85.18000030517578,85.18000030517578,46430200.0,-0.0089586581780809,-0.0089990282448746,2.5699996948242188,64.08094192803279,AMD
2023-02-16,82.9800033569336,83.3499984741211,80.05000305175781,80.08000183105469,80.08000183105469,57755200.0,-0.0598731915455417,-0.0617405102055006,3.299995422363281,55.78635126800968,AMD
2023-02-17,79.5999984741211,79.6500015258789,77.37000274658203,78.5,78.5,47826600.0,-0.0197302921444485,-0.0199275330839203,2.279998779296875,57.74251891531742,AMD
2023-02-21,77.1500015258789,78.45999908447266,76.44999694824219,76.7699966430664,76.7699966430664,44045600.0,-0.0220382593239948,-0.0222847296757103,2.0100021362304688,52.12597835494195,AMD
2023-02-22,76.93000030517578,78.12999725341797,75.91999816894531,76.61000061035156,76.61000061035156,50286800.0,-0.0020840958670185,-0.0020862706169268,2.209999084472656,36.04448758134576,AMD
2023-02-23,80.62999725341797,81.79000091552734,77.97000122070312,79.75,79.75,76391300.0,0.0409868080489763,0.0401691171692284,3.8199996948242183,34.844191716160495,AMD
2023-02-24,77.75,78.80999755859375,76.94000244140625,78.08999633789062,78.08999633789062,46700000.0,-0.0208150929418103,-0.0210347808863808,1.8699951171875,35.54912912422907,AMD
2023-02-27,79.63999938964844,80.12000274658203,78.52999877929688,78.7699966430664,78.7699966430664,45617300.0,0.0087079054560774,0.0086702103197541,1.5900039672851562,40.53949086795178,AMD
2023-02-28,77.87000274658203,80.13999938964844,77.41999816894531,78.58000183105469,78.58000183105469,44220100.0,-0.0024120200597779,-0.0024149336662233,2.720001220703125,34.67167422373825,AMD
2023-03-01,78.55000305175781,80.29000091552734,77.87999725341797,78.29000091552734,78.29000091552734,44266000.0,-0.0036905180551005,-0.0036973448182288,2.410003662109375,36.07483716147864,AMD
2023-03-02,77.56999969482422,80.91999816894531,76.6500015258789,80.44000244140625,80.44000244140625,60108600.0,0.027462019424405,0.0270917026412254,4.269996643066406,44.14376691008697,AMD
2023-03-03,80.4000015258789,81.62999725341797,79.33999633789062,81.5199966430664,81.5199966430664,54536200.0,0.0134260836509403,0.0133367524801043,2.290000915527344,50.08694198405522,AMD
2023-03-06,82.02999877929688,83.30000305175781,81.04000091552734,81.16000366210938,81.16000366210938,54541300.0,-0.0044160082897605,-0.0044257876554948,2.2600021362304688,45.46293169279558,AMD
2023-03-07,81.06999969482422,84.8499984741211,80.66999816894531,82.11000061035156,82.11000061035156,70959000.0,0.0117052354038484,0.0116372590743278,4.180000305175781,40.32258064516129,AMD
2023-03-08,82.79000091552734,85.7699966430664,82.27999877929688,85.37000274658203,85.37000274658203,69529800.0,0.0397028633783675,0.0389349640408609,3.4899978637695312,50.42544235481592,AMD
2023-03-09,85.29000091552734,87.80999755859375,83.58999633789062,84.02999877929688,84.02999877929688,79496700.0,-0.0156964264281789,-0.0158209197817636,4.220001220703125,60.63542982227652,AMD
2023-03-10,84.47000122070312,85.44999694824219,81.62999725341797,82.66999816894531,82.66999816894531,70273600.0,-0.0161847034405364,-0.0163171062975128,3.8199996948242183,61.36239849989813,AMD
2023-03-13,81.38999938964844,83.83000183105469,78.5199966430664,82.01000213623047,82.01000213623047,65269100.0,-0.0079835012378501,-0.0080155400188881,5.310005187988281,65.16206739128323,AMD
2023-03-14,83.66999816894531,88.30000305175781,83.58999633789062,87.44999694824219,87.44999694824219,66616300.0,0.0663333089904705,0.0642259494707031,4.710006713867188,74.0248334281372,AMD
2023-03-15,86.7699966430664,90.41999816894533,86.22000122070312,89.68000030517578,89.68000030517578,86177400.0,0.0255003251544243,0.0251806155994087,4.199996948242202,72.93304065571252,AMD
2023-03-16,89.72000122070312,96.69000244140624,89.0199966430664,96.5999984741211,96.5999984741211,115839200.0,0.0771632264205728,0.0743309432557785,7.670005798339829,84.3924477162124,AMD
2023-03-17,96.66000366210938,98.75,95.94000244140624,97.83999633789062,97.83999633789062,94080800.0,0.0128364170119705,0.0127547285267194,2.809997558593764,84.71062019777561,AMD
2023-03-20,96.3000030517578,96.94000244140624,92.9000015258789,96.80999755859376,96.80999755859376,92008900.0,-0.0105273795773638,-0.0105831844358974,4.0400009155273295,82.19711608167424,AMD
2023-03-21,97.0,99.45999908447266,93.63999938964844,95.93000030517578,95.93000030517578,85285300.0,-0.0090899419028016,-0.009131507502356,5.819999694824219,80.51905264497313,AMD
2023-03-22,95.6500015258789,101.6999969482422,95.63999938964844,97.58000183105467,97.58000183105467,110816300.0,0.0172000575485233,0.0170538111412519,6.059997558593764,80.17607796172511,AMD
2023-03-23,100.0500030517578,102.43000030517578,98.66999816894533,100.27999877929688,100.27999877929688,84088900.0,0.0276695726335078,0.0272936879648033,3.760002136230455,81.24585904316353,AMD
2023-03-24,99.18000030517578,99.5199966430664,96.73999786376952,97.9499969482422,97.9499969482422,64712400.0,-0.0232349607042048,-0.023509147882878,2.779998779296889,76.2425733223436,AMD
2023-03-27,98.0199966430664,98.93000030517578,95.43000030517578,96.61000061035156,96.61000061035156,57461400.0,-0.0136804122474726,-0.0137748513871641,3.5,72.39037159734315,AMD
2023-03-28,96.7699966430664,96.94000244140624,92.87000274658205,94.55999755859376,94.55999755859376,59150100.0,-0.0212193669268867,-0.0214477340079095,4.06999969482419,64.74173500365808,AMD
2023-03-29,96.06999969482422,96.91000366210938,94.87000274658205,96.08999633789062,96.08999633789062,55326000.0,0.0161801905541378,0.0160506863387385,2.040000915527329,69.22832141564263,AMD
2023-03-30,98.0,99.52999877929688,97.25,97.87999725341795,97.87999725341795,59678500.0,0.0186283794749348,0.0184569963358307,2.279998779296875,73.92262652884952,AMD
2023-03-31,96.33999633789062,98.36000061035156,95.2699966430664,98.01000213623048,98.01000213623048,55861100.0,0.0013282068498217,0.0013273255633712,3.090003967285156,75.59181511772361,AMD
2023-04-03,96.6999969482422,96.79000091552734,94.80999755859376,96.55999755859376,96.55999755859376,50655300.0,-0.0147944551171549,-0.0149049845716846,1.9800033569335795,66.70333550250204,AMD
2023-04-04,97.04000091552734,97.2699966430664,95.20999908447266,95.87000274658205,95.87000274658205,43195900.0,-0.0071457625254497,-0.0071714157675197,2.05999755859375,62.02876694375244,AMD
2023-04-05,94.3499984741211,94.5,91.36000061035156,92.55999755859376,92.55999755859376,52979300.0,-0.0345259736430568,-0.035136079228981,3.139999389648437,40.86799183116831,AMD
2023-04-06,91.47000122070312,92.91000366210938,90.62000274658205,92.47000122070312,92.47000122070312,47778400.0,-0.0009723027254151,-0.0009727757183297,2.290000915527329,37.19600666525989,AMD
2023-04-10,91.31999969482422,95.8000030517578,91.0199966430664,95.4800033569336,95.4800033569336,52536300.0,0.0325511203254591,0.0320325558385096,4.780006408691392,47.10240972466698,AMD
2023-04-11,96.05999755859376,96.06999969482422,92.69000244140624,94.02999877929688,94.02999877929688,51935800.0,-0.0151864738862247,-0.0153029693222037,3.379997253417983,45.960883153870725,AMD
2023-04-12,94.97000122070312,95.0,91.73999786376952,92.33000183105467,92.33000183105467,53383100.0,-0.0180793041615618,-0.0182447316907558,3.260002136230483,38.86296485235816,AMD
2023-04-13,92.79000091552734,93.16000366210938,91.83000183105467,92.08999633789062,92.08999633789062,40572500.0,-0.0025994312618254,-0.002602815649529,1.3300018310547017,30.601619410957696,AMD
2023-04-14,91.81999969482422,92.97000122070312,90.5,91.75,91.75,38734800.0,-0.0036920007754494,-0.0036988330319606,2.470001220703125,33.78662765781704,AMD
2023-04-17,90.2300033569336,90.69000244140624,88.30000305175781,89.87000274658203,89.87000274658203,47250800.0,-0.0204904332797598,-0.0207032747026752,2.3899993896484237,32.85861141218615,AMD
2023-04-18,91.61000061035156,92.16000366210938,89.33000183105469,89.77999877929688,89.77999877929688,46246300.0,-0.0010014906479857,-0.0010019924748226,2.8300018310546875,36.49718790194379,AMD
2023-04-19,88.51000213623047,90.54000091552734,88.22000122070312,89.94000244140625,89.94000244140625,37344500.0,0.0017821749196356,0.0017805887302119,2.3199996948242188,31.16966484894472,AMD
2023-04-20,88.83000183105469,91.58000183105467,88.7300033569336,90.11000061035156,90.11000061035156,47082700.0,0.0018901285782826,0.0018883445329577,2.8499984741210795,23.58943213190813,AMD
2023-04-21,89.80000305175781,89.80000305175781,88.05999755859375,88.43000030517578,88.43000030517578,41118300.0,-0.0186438829630058,-0.0188198709816641,1.7400054931640625,20.54121747421209,AMD
2023-04-24,88.11000061035156,88.63999938964844,86.33999633789062,87.56999969482422,87.56999969482422,40423800.0,-0.009725213246451,-0.0097728119894895,2.3000030517578125,21.314631342631728,AMD
2023-04-25,86.9000015258789,87.05999755859375,83.76000213623047,83.80000305175781,83.80000305175781,52771500.0,-0.0430512350828434,-0.0440054261440034,3.299995422363281,17.813347243917946,AMD
2023-04-26,86.51000213623047,87.3499984741211,85.31999969482422,85.94000244140625,85.94000244140625,47786600.0,0.0255369846266795,0.0252163628499187,2.029998779296875,31.171801969060567,AMD
2023-04-27,86.41000366210938,87.56999969482422,84.08999633789062,87.44000244140625,87.44000244140625,53087200.0,0.0174540372048825,0.0173034650341011,3.4800033569335938,36.75619451214074,AMD
2023-04-28,87.0199966430664,89.75,86.44000244140625,89.37000274658203,89.37000274658203,50686100.0,0.0220722810074152,0.021832214336793,3.30999755859375,32.94249201277955,AMD
2023-05-01,91.02999877929688,91.04000091552734,88.61000061035156,89.69000244140625,89.69000244140625,59358700.0,0.003580616370032,0.0035742212243997,2.430000305175781,37.06794799280527,AMD
2023-05-02,89.31999969482422,90.45999908447266,88.12000274658203,89.91000366210938,89.91000366210938,70483500.0,0.00245290684262,0.0024499033771088,2.339996337890625,42.09151082925023,AMD
2023-05-03,83.54000091552734,85.4800033569336,81.0199966430664,81.62000274658203,81.62000274658203,109482200.0,-0.0922033208527272,-0.0967348470990109,4.460006713867188,27.580312043890416,AMD
2023-05-04,81.56999969482422,91.63999938964844,81.11000061035156,86.61000061035156,86.61000061035156,122840500.0,0.0611369480011259,0.0593409257615744,10.529998779296877,40.82142966134207,AMD
2023-05-05,84.98999786376953,90.43000030517578,84.72000122070312,89.83999633789062,89.83999633789062,78491100.0,0.0372935654633053,0.0366149802775367,5.709999084472656,49.94888175425653,AMD
2023-05-08,89.98999786376953,95.66000366210938,89.16999816894531,95.04000091552734,95.04000091552734,95503200.0,0.0578807300712631,0.0562675955797926,6.490005493164063,57.63204044686202,AMD
2023-05-09,94.88999938964844,96.16000366210938,93.43000030517578,95.05999755859376,95.05999755859376,68674800.0,0.00021040238714,0.0002103802556621,2.7300033569335938,57.45920207007399,AMD
2023-05-10,96.41999816894533,99.94000244140624,96.12000274658205,97.0199966430664,97.0199966430664,95619500.0,0.0206185475995255,0.0204088627135704,3.8199996948241903,59.567983073769774,AMD
2023-05-11,98.16000366210938,99.19000244140624,96.13999938964844,97.0999984741211,97.0999984741211,57061000.0,0.000824591154636,0.0008242513661281,3.0500030517577983,62.56157570124781,AMD
2023-05-12,96.83000183105467,97.4499969482422,93.68000030517578,95.26000213623048,95.26000213623048,53829700.0,-0.0189494991432054,-0.0191313417847928,3.769996643066421,60.834044177839566,AMD
2023-05-15,95.1999969482422,97.43000030517578,93.4499969482422,97.4000015258789,97.4000015258789,51749200.0,0.022464826177392,0.0222162085166207,3.98000335693358,70.0826953534364,AMD
2023-05-16,97.38999938964844,103.27999877929688,97.30999755859376,101.4800033569336,101.4800033569336,90622900.0,0.0418891351862109,0.041035541496239,5.970001220703111,71.70391466840795,AMD
2023-05-17,101.79000091552734,104.13999938964844,100.0500030517578,103.75,103.75,75240900.0,0.0223689058728366,0.0221223912999714,4.089996337890639,72.29970070736208,AMD
2023-05-18,103.9800033569336,108.0999984741211,103.93000030517578,107.93000030517578,107.93000030517578,74338700.0,0.0402891595679593,0.0394987125539815,4.1699981689453125,73.9052052449052,AMD
2023-05-19,106.36000061035156,107.29000091552734,104.62000274658205,105.81999969482422,105.81999969482422,67880200.0,-0.0195497137439587,-0.0197433370727176,2.6699981689452983,69.85964053352794,AMD
2023-05-22,104.68000030517578,108.79000091552734,103.48999786376952,108.0,108.0,65424200.0,0.0206010235443461,0.0203916925321479,5.300003051757827,71.24735695285834,AMD
2023-05-23,107.25,110.98999786376952,107.19000244140624,108.12000274658205,108.12000274658205,73099100.0,0.0011111365424263,0.0011105196871164,3.799995422363281,88.51744869453056,AMD
2023-05-24,105.9800033569336,108.91000366210938,105.63999938964844,108.2699966430664,108.2699966430664,65910500.0,0.0013872909052354,0.0013863295062649,3.270004272460937,86.63735353867496,AMD
2023-05-25,117.30999755859376,120.69000244140624,115.8000030517578,120.3499984741211,120.3499984741211,108514700.0,0.1115729399242415,0.1057760752328018,4.8899993896484375,89.71622661747256,AMD
2023-05-26,122.45999908447266,127.43000030517578,120.88999938964844,127.02999877929688,127.02999877929688,92922800.0,0.0555047809710789,0.0540191178754007,6.540000915527344,90.09777446938978,AMD
2023-05-30,130.4199981689453,130.7899932861328,123.51000213623048,125.2699966430664,125.2699966430664,98902300.0,-0.0138550118329789,-0.0139518883672893,7.2799911499023295,86.28393115254448,AMD
2023-05-31,122.41999816894533,123.95999908447266,117.86000061035156,118.20999908447266,118.20999908447266,87552200.0,-0.0563582481662381,-0.0580086850411516,6.099998474121094,72.67280588356496,AMD
2023-06-01,117.29000091552734,121.27999877929688,116.5999984741211,119.47000122070312,119.47000122070312,66032900.0,0.0106590148548268,0.0106026080294237,4.680000305175781,73.34586161446029,AMD
2023-06-02,120.75,121.66000366210938,117.68000030517578,117.86000061035156,117.86000061035156,52382400.0,-0.0134761914614642,-0.0135678194584041,3.9800033569335938,73.69966267771584,AMD
2023-06-05,116.58999633789062,119.31999969482422,116.41999816894533,117.93000030517578,117.93000030517578,52602900.0,0.0005939224033744,0.0005937461012668,2.900001525878892,72.50602774015029,AMD
2023-06-06,117.91000366210938,124.41999816894533,117.73999786376952,124.2300033569336,124.2300033569336,75257500.0,0.0534215469808772,0.0520434825578598,6.68000030517581,73.78214418677803,AMD
2023-06-07,124.02999877929688,125.33999633789062,117.06999969482422,117.83000183105467,117.83000183105467,81755200.0,-0.0515173577472315,-0.0528917899824594,8.269996643066406,63.5488837680394,AMD
2023-06-08,118.3000030517578,122.20999908447266,117.0500030517578,121.0500030517578,121.0500030517578,65246900.0,0.0273275156637948,0.0269607853297388,5.159996032714858,62.86274586655172,AMD
2023-06-09,123.56999969482422,127.25,123.5500030517578,124.91999816894533,124.91999816894533,75105000.0,0.0319702190799022,0.031469809162271,3.6999969482422017,68.10083178617336,AMD
2023-06-12,128.52000427246094,130.47999572753906,126.4000015258789,129.19000244140625,129.19000244140625,85394700.0,0.0341819111035053,0.0336106901129463,4.079994201660156,69.31631730488364,AMD
2023-06-13,132.32000732421875,132.8300018310547,122.4499969482422,124.52999877929688,124.52999877929688,132461900.0,-0.0360709309857232,-0.0367375669394309,10.380004882812486,63.81545217485248,AMD
2023-06-14,126.52999877929688,127.7300033569336,123.80999755859376,127.33000183105467,127.33000183105467,95888100.0,0.0224845666040696,0.0222355150351564,3.9200057983398295,65.36105755874931,AMD
2023-06-15,125.38999938964844,125.6999969482422,122.26000213623048,124.23999786376952,124.23999786376952,85587100.0,-0.0242676817941546,-0.0245669943196853,3.4399948120117188,53.666350656918674,AMD
2023-06-16,125.81999969482422,125.8499984741211,119.9000015258789,120.08000183105467,120.08000183105467,82007100.0,-0.0334835488107165,-0.0340569590722162,5.949996948242188,43.12290221906154,AMD
2023-06-20,119.08999633789062,121.75,117.6999969482422,118.93000030517578,118.93000030517578,58851800.0,-0.0095769612620165,-0.0096231152686638,4.050003051757798,43.6498451196647,AMD
2023-06-21,118.48999786376952,119.19000244140624,111.66999816894533,112.11000061035156,112.11000061035156,82835600.0,-0.0573446538074835,-0.059054549695443,7.520004272460909,43.86071199367166,AMD
2023-06-22,112.23999786376952,114.0,109.8499984741211,110.6999969482422,110.6999969482422,70754800.0,-0.0125769659658637,-0.012656725462953,4.150001525878906,41.20007900393796,AMD
2023-06-23,109.30999755859376,111.0999984741211,107.45999908447266,110.01000213623048,110.01000213623048,73622000.0,-0.0062330156371578,-0.0062525219769137,3.6399993896484375,41.975059638266025,AMD
2023-06-26,110.9499969482422,112.5500030517578,107.1999969482422,107.51000213623048,107.51000213623048,68557000.0,-0.0227252063580921,-0.0229874038026563,5.350006103515597,39.851971352477065,AMD
2023-06-27,108.56999969482422,110.97000122070312,107.08000183105467,110.38999938964844,110.38999938964844,59381600.0,0.0267881796687956,0.026435658134013,3.889999389648452,35.5592630502513,AMD
2023-06-28,108.20999908447266,111.77999877929688,107.62999725341795,110.16999816894533,110.16999816894533,67534100.0,-0.0019929452116994,-0.0019949337695049,4.1500015258789205,40.82414631765696,AMD
2023-06-29,112.06999969482422,112.76000213623048,109.83999633789062,111.23999786376952,111.23999786376952,58347200.0,0.0097122602578547,0.0096653994302581,2.920005798339858,37.61050239336335,AMD
2023-06-30,113.02999877929688,114.69000244140624,112.41000366210938,113.91000366210938,113.91000366210938,53378800.0,0.0240022100828309,0.0237186848990015,2.279998779296861,35.66034083646268,AMD
2023-07-03,115.16000366210938,116.7300033569336,114.51000213623048,115.81999969482422,115.81999969482422,31860000.0,0.016767588195155,0.0166285641017619,2.220001220703111,31.446016696576464,AMD
2023-07-05,116.0999984741211,117.66000366210938,113.86000061035156,113.9499969482422,113.9499969482422,49501600.0,-0.016145767151695,-0.016277530252588,3.800003051757813,34.08543910555231,AMD
2023-07-06,112.06999969482422,113.79000091552734,110.30999755859376,113.4800033569336,113.4800033569336,42342000.0,-0.004124559928879,-0.0041330893877711,3.4800033569335795,27.59624676194976,AMD
2023-07-07,114.16000366210938,115.33000183105467,113.04000091552734,113.16999816894533,113.16999816894533,37211300.0,-0.0027318045366389,-0.0027355427242027,2.290000915527329,30.323496666038324,AMD
2023-07-10,113.0,113.61000061035156,109.87999725341795,113.58000183105467,113.58000183105467,49330200.0,0.0036229006692858,0.0036163537723961,3.730003356933608,36.6694038183265,AMD
2023-07-11,111.66000366210938,113.2699966430664,109.5,111.31999969482422,111.31999969482422,59899500.0,-0.0198978878305716,-0.0200985166543017,3.7699966430664062,35.07257950102746,AMD
2023-07-12,112.88999938964844,115.4000015258789,112.30999755859376,114.58000183105467,114.58000183105467,57993100.0,0.0292849635749867,0.0288643510447482,3.090003967285142,55.63155569316834,AMD
2023-07-13,115.76000213623048,116.16000366210938,113.58000183105467,115.91999816894533,115.91999816894533,49206700.0,0.0116948535213539,0.0116269972555689,2.5800018310547017,61.93961819523297,AMD
2023-07-14,116.16999816894533,122.12000274658205,115.25,115.94000244140624,115.94000244140624,91927200.0,0.0001725696409324,0.0001725547525048,6.8700027465820455,63.99244333854082,AMD
2023-07-17,115.9499969482422,118.83999633789062,112.7300033569336,118.31999969482422,118.31999969482422,68593300.0,0.0205278351155873,0.0203199788542195,6.109992980957031,75.65257190529859,AMD
2023-07-18,117.5500030517578,118.43000030517578,115.19000244140624,117.93000030517578,117.93000030517578,57980100.0,-0.0032961408946444,-0.0033015851336542,3.239997863769545,70.29062722378474,AMD
2023-07-19,121.3000030517578,121.66999816894533,115.5500030517578,116.43000030517578,116.43000030517578,70363100.0,-0.0127194097864694,-0.012800994019615,6.119995117187528,65.76032109519032,AMD
2023-07-20,114.95999908447266,115.0500030517578,109.23999786376952,110.25,110.25,76340400.0,-0.0530791058058689,-0.0545397223430787,5.810005187988281,48.01762612557975,AMD
2023-07-21,110.97000122070312,112.3000030517578,109.54000091552734,110.9499969482422,110.9499969482422,76815400.0,0.0063491786688634,0.0063291075459436,2.7600021362304545,43.56520279594091,AMD
2023-07-24,110.62000274658205,111.30999755859376,108.5500030517578,110.61000061035156,110.61000061035156,45583600.0,-0.0030644105204369,-0.0030691154406858,2.759994506835966,37.84414603294629,AMD
2023-07-25,111.13999938964844,114.0500030517578,111.0,113.0,113.0,44916300.0,0.0216074439604041,0.0213773122801273,3.0500030517577983,47.83599753912886,AMD
2023-07-26,111.91000366210938,112.36000061035156,109.3000030517578,110.08999633789062,110.08999633789062,51721700.0,-0.0257522447974281,-0.0260896388947161,3.059997558593764,43.05041811509902,AMD
2023-07-27,111.79000091552734,115.08000183105467,110.51000213623048,111.0999984741211,111.0999984741211,70678000.0,0.0091743316361874,0.0091325030936762,4.56999969482419,45.87485179850249,AMD
2023-07-28,113.37999725341795,114.86000061035156,112.44000244140624,112.95999908447266,112.95999908447266,55526000.0,0.0167416798910651,0.0166030827287503,2.4199981689453267,48.831946636785375,AMD
2023-07-31,114.16000366210938,114.68000030517578,112.3499984741211,114.4000015258789,114.4000015258789,54187300.0,0.0127478970704435,0.0126673266437487,2.3300018310546875,55.98756159578922,AMD
2023-08-01,114.26000213623048,118.19000244140624,113.16000366210938,117.5999984741211,117.5999984741211,95279300.0,0.02797200092273,0.027587930205566,5.029998779296861,55.88463973107423,AMD
2023-08-02,119.48999786376952,119.5,107.37999725341795,109.3499984741211,109.3499984741211,173372000.0,-0.070153062134737,-0.0727352893206712,12.120002746582044,39.91403169115122,AMD
2023-08-03,108.9499969482422,114.95999908447266,108.9499969482422,113.1500015258789,113.1500015258789,90605400.0,0.0347508285759796,0.034160652396304,6.010002136230455,46.16230944615633,AMD
2023-08-04,114.4800033569336,118.8499984741211,113.95999908447266,115.81999969482422,115.81999969482422,83169700.0,0.0235969786384373,0.023322873597731,4.8899993896484375,46.58842789076806,AMD
2023-08-07,116.36000061035156,119.08000183105467,115.48999786376952,116.80999755859376,116.80999755859376,65854800.0,0.0085477280813166,0.0085114031042138,3.590003967285156,48.49623682756484,AMD
2023-08-08,114.94000244140624,115.45999908447266,111.41000366210938,113.2300033569336,113.2300033569336,54141800.0,-0.0306480119551786,-0.0311274842939621,4.049995422363281,45.93082706766918,AMD
2023-08-09,112.88999938964844,113.1500015258789,108.77999877929688,110.47000122070312,110.47000122070312,56257100.0,-0.0243751837357996,-0.0246771760387102,4.370002746582031,50.30640843747424,AMD
2023-08-10,111.3000030517578,113.88999938964844,109.47000122070312,110.2300033569336,110.2300033569336,57297800.0,-0.0021725161683491,-0.0021748795051453,4.4199981689453125,48.984207538505935,AMD
2023-08-11,108.8499984741211,109.06999969482422,106.4800033569336,107.56999969482422,107.56999969482422,55667700.0,-0.0241313941858104,-0.0244273268222084,2.589996337890625,45.97457528662257,AMD
2023-08-14,106.75,111.98999786376952,105.41999816894533,111.9800033569336,111.9800033569336,57421800.0,0.0409965945395607,0.0401785182918044,6.56999969482419,48.71795314386432,AMD
2023-08-15,111.98999786376952,113.18000030517578,110.16999816894533,111.3499984741211,111.3499984741211,53816600.0,-0.0056260480793555,-0.0056419338987925,3.0100021362304545,51.68000250650992,AMD
2023-08-16,110.08999633789062,110.44000244140624,106.9800033569336,107.19000244140624,107.19000244140624,54327300.0,-0.0373596415780974,-0.0380753965200644,3.459999084472642,45.19065696685688,AMD
2023-08-17,107.62000274658205,107.8499984741211,104.0999984741211,104.44000244140624,104.44000244140624,59064300.0,-0.0256553777158764,-0.0259902162727757,3.75,39.74482853239213,AMD
2023-08-18,102.4000015258789,106.06999969482422,101.68000030517578,105.4499969482422,105.4499969482422,59916700.0,0.0096705714594615,0.0096241107773645,4.3899993896484375,39.11456323796685,AMD
2023-08-21,106.1999969482422,108.54000091552734,105.66999816894533,108.22000122070312,108.22000122070312,49319200.0,0.0262684149134733,0.0259293255099652,2.870002746582017,38.47099657933812,AMD
2023-08-22,109.4000015258789,109.72000122070312,104.8499984741211,105.66000366210938,105.66000366210938,47295200.0,-0.0236554937138921,-0.023939777098876,4.870002746582031,44.72707196728279,AMD
2023-08-23,105.6500015258789,110.08000183105467,105.0,109.43000030517578,109.43000030517578,54656300.0,0.035680451565405,0.0350586518235854,5.080001831054673,44.6796308210156,AMD
2023-08-24,111.05999755859376,111.63999938964844,100.87000274658205,101.8000030517578,101.8000030517578,109179100.0,-0.0697249130232992,-0.0722749441247315,10.769996643066392,32.43987980260658,AMD
2023-08-25,101.16999816894533,104.12000274658205,99.58000183105467,102.25,102.25,74793100.0,0.0044204021095501,0.0044106608285148,4.540000915527372,31.513456837338097,AMD
2023-08-28,103.47000122070312,104.06999969482422,100.88999938964844,102.61000061035156,102.61000061035156,55386800.0,0.0035207883652963,0.0035146048994724,3.180000305175781,35.31526007777512,AMD
2023-08-29,102.11000061035156,106.56999969482422,101.79000091552734,105.91999816894533,105.91999816894533,50850300.0,0.0322580405311863,0.0317486750791667,4.779998779296875,43.80277293536609,AMD
2023-08-30,105.4000015258789,107.66999816894533,104.5,106.58999633789062,106.58999633789062,54847300.0,0.0063255115231084,0.0063055894425249,3.1699981689453267,45.09961251130596,AMD
2023-08-31,106.19000244140624,108.05999755859376,104.86000061035156,105.72000122070312,105.72000122070312,58919000.0,-0.008162070992381,-0.0081955630614194,3.1999969482422017,47.38331067535174,AMD
2023-09-01,107.0,110.05999755859376,106.61000061035156,109.4499969482422,109.4499969482422,54856100.0,0.0352818358349453,0.0346736948035495,3.4499969482422017,46.35130052992094,AMD
2023-09-05,109.0,111.81999969482422,106.3000030517578,110.77999877929688,110.77999877929688,66042200.0,0.0121516844964701,0.0120784454995869,5.5199966430664205,49.19423219909003,AMD
2023-09-06,110.55999755859376,111.33000183105467,108.22000122070312,109.27999877929688,109.27999877929688,47736700.0,-0.0135403503929296,-0.0136328569337292,3.1100006103515483,53.19473839624461,AMD
2023-09-07,106.13999938964844,107.69000244140624,105.08999633789062,106.58999633789062,106.58999633789062,49080100.0,-0.0246156887944244,-0.0249237203079879,2.600006103515611,53.29248897884754,AMD
2023-09-08,107.0199966430664,109.73999786376952,105.75,106.08999633789062,106.08999633789062,46232000.0,-0.0046908717251007,-0.0047019083917889,3.989997863769517,50.99564359932885,AMD
2023-09-11,107.31999969482422,107.51000213623048,103.0,105.31999969482422,105.31999969482422,50611300.0,-0.0072579571085478,-0.0072844242217829,4.510002136230483,45.18911116978151,AMD
2023-09-12,104.1999969482422,106.73999786376952,103.18000030517578,105.30999755859376,105.30999755859376,44413600.0,-9.496901119865342e-05,-9.497352104072986e-05,3.559997558593736,49.36570071847434,AMD
2023-09-13,105.0999984741211,108.73999786376952,104.83000183105467,107.70999908447266,107.70999908447266,44702300.0,0.0227898735307019,0.022534063653287,3.909996032714844,46.72005693824261,AMD
2023-09-14,108.43000030517578,109.1500015258789,106.22000122070312,106.62999725341795,106.62999725341795,45920600.0,-0.0100269412332618,-0.010077549590723,2.930000305175781,62.27757123712999,AMD
2023-09-15,106.06999969482422,106.76000213623048,101.27999877929688,101.48999786376952,101.48999786376952,71103600.0,-0.0482040656667435,-0.0494046218599797,5.480003356933608,48.44006084725763,AMD
2023-09-18,100.81999969482422,102.98999786376952,99.4499969482422,102.37000274658205,102.37000274658205,49061300.0,0.0086708532991965,0.0086334773495825,3.5400009155273158,49.51768912728368,AMD
2023-09-19,101.75,102.86000061035156,100.6999969482422,101.61000061035156,101.61000061035156,41704100.0,-0.0074240706832047,-0.0074517662570336,2.160003662109361,40.349312124552135,AMD
2023-09-20,102.36000061035156,103.94000244140624,100.27999877929688,100.33999633789062,100.33999633789062,55180600.0,-0.0124988117786858,-0.0125775789454937,3.660003662109361,36.3715703504463,AMD
2023-09-21,98.5999984741211,98.87000274658205,95.83999633789062,96.11000061035156,96.11000061035156,59704300.0,-0.0421566262898269,-0.0430710073733572,3.0300064086914205,31.723093406510515,AMD
2023-09-22,96.91999816894533,98.41999816894533,95.61000061035156,96.1999969482422,96.1999969482422,52169400.0,0.0009363889014577,0.0009359507628611,2.809997558593764,20.75056369918711,AMD
2023-09-25,95.9499969482422,97.4499969482422,94.45999908447266,97.37999725341795,97.37999725341795,43223700.0,0.0122661158275361,0.0121914966011624,2.989997863769545,20.222228928551917,AMD
2023-09-26,96.5,97.83000183105467,95.2699966430664,95.95999908447266,95.95999908447266,42866500.0,-0.01458203131029,-0.0146893941189932,2.560005187988267,20.294388381000037,AMD
2023-09-27,96.81999969482422,99.2300033569336,96.3499984741211,98.06999969482422,98.06999969482422,51261500.0,0.0219883350404594,0.0217500778616378,2.8800048828125,30.494516723007976,AMD
2023-09-28,97.94000244140624,104.1999969482422,97.76000213623048,102.76000213623048,102.76000213623048,72542100.0,0.0478230086264983,0.0467146867378106,6.439994812011719,43.603547096038646,AMD
2023-09-29,104.69000244140624,104.94000244140624,102.55999755859376,102.81999969482422,102.81999969482422,56078600.0,0.0005838610095998,0.0005836906290763,2.380004882812472,45.06319258128979,AMD
2023-10-02,102.20999908447266,103.70999908447266,101.6999969482422,103.2699966430664,103.2699966430664,45118600.0,0.0043765507642268,0.0043670015176346,2.0100021362304545,46.04037122213944,AMD
2023-10-03,101.8000030517578,103.29000091552734,99.16999816894533,100.08000183105467,100.08000183105467,48117000.0,-0.0308898510284391,-0.0313770007223691,4.120002746582017,35.63088781742094,AMD
2023-10-04,100.6500015258789,104.4000015258789,100.33999633789062,104.06999969482422,104.06999969482422,51023200.0,0.0398680834409364,0.0390938622627938,4.060005187988281,45.65512847738376,AMD
2023-10-05,103.41000366210938,103.73999786376952,100.2699966430664,102.91000366210938,102.91000366210938,51789700.0,-0.0111463057184243,-0.0112088912838053,3.470001220703111,52.7865118948844,AMD
2023-10-06,102.16000366210938,107.87000274658205,102.02999877929688,107.23999786376952,107.23999786376952,64864100.0,0.0420755421977931,0.0412144380141141,5.8400039672851705,58.41686643406615,AMD
2023-10-09,106.01000213623048,107.30999755859376,104.79000091552734,106.97000122070312,106.97000122070312,39593200.0,-0.0025176860168291,-0.0025208607179887,2.5199966430664205,59.42335777388857,AMD
2023-10-10,107.48999786376952,110.12000274658205,106.4000015258789,109.01000213623048,109.01000213623048,57105500.0,0.0190707758460091,0.0188912080072345,3.720001220703139,64.84083383808587,AMD
2023-10-11,109.13999938964844,110.0999984741211,106.93000030517578,108.30999755859376,108.30999755859376,51085600.0,-0.0064214710936517,-0.0064421774301809,3.1699981689453125,73.7539090283031,AMD
2023-10-12,108.4000015258789,111.30999755859376,107.51000213623048,108.79000091552734,108.79000091552734,60959400.0,0.0044317548495365,0.0044219635418051,3.799995422363281,74.14655060147,AMD
2023-10-13,108.6500015258789,108.97000122070312,104.75,105.08999633789062,105.08999633789062,52881500.0,-0.0340105206958282,-0.0346023358183965,4.220001220703125,63.48373929609404,AMD
2023-10-16,105.41999816894533,107.4800033569336,105.02999877929688,106.45999908447266,106.45999908447266,42464500.0,0.0130364715417548,0.0129522281147388,2.4500045776367188,68.3952390856059,AMD
2023-10-17,103.54000091552734,106.29000091552734,101.66000366210938,105.13999938964844,105.13999938964844,49642100.0,-0.0123990203473216,-0.0124765295587103,4.629997253417969,62.738741691174674,AMD
2023-10-18,103.37999725341795,104.77999877929688,101.73999786376952,102.16999816894533,102.16999816894533,50450000.0,-0.0282480619930032,-0.0286547149044849,3.040000915527358,48.86668427221619,AMD
2023-10-19,103.80999755859376,105.5999984741211,101.83999633789062,102.4000015258789,102.4000015258789,52734200.0,0.0022511829407421,0.0022486528248833,3.7600021362304688,49.198476683461045,AMD
2023-10-20,102.27999877929688,104.33999633789062,101.44000244140624,101.80999755859376,101.80999755859376,61317900.0,-0.0057617574071621,-0.0057784203674883,2.899993896484389,47.22855188957831,AMD
2023-10-23,100.80999755859376,102.41999816894533,99.31999969482422,100.01000213623048,100.01000213623048,50817400.0,-0.0176799476036461,-0.0178381047904868,3.099998474121108,49.85972007619002,AMD
2023-10-24,100.97000122070312,101.79000091552734,99.37999725341795,101.66999816894533,101.66999816894533,51982900.0,0.0165983001425562,0.0164620539286929,2.410003662109389,44.69495748350087,AMD
2023-10-25,100.41999816894533,101.02999877929688,95.2300033569336,96.05999755859376,96.05999755859376,53424500.0,-0.055178525734105,-0.0567592854560385,5.799995422363281,37.3476094382377,AMD
2023-10-26,95.98999786376952,97.5199966430664,93.12000274658205,93.66999816894533,93.66999816894533,49896400.0,-0.024880277434846,-0.0251950231481394,4.399993896484361,23.00041198102761,AMD
2023-10-27,95.8000030517578,97.3499984741211,94.58999633789062,96.43000030517578,96.43000030517578,52458700.0,0.0294651669710983,0.0290394120139237,2.7600021362304688,30.919634242313464,AMD
2023-10-30,96.13999938964844,97.04000091552734,94.6999969482422,96.18000030517578,96.18000030517578,43716600.0,-0.0025925541761776,-0.0025959206645503,2.340003967285142,25.164550247046805,AMD
2023-10-31,96.23999786376952,98.81999969482422,94.06999969482422,98.5,98.5,79547100.0,0.024121435719099,0.0238351091555616,4.75,32.131159934273214,AMD
2023-11-01,98.58000183105467,108.1500015258789,98.5,108.04000091552734,108.04000091552734,138641500.0,0.0968528011728664,0.0924449892203381,9.650001525878906,48.97288441606205,AMD
2023-11-02,107.95999908447266,109.41000366210938,105.91000366210938,107.83000183105467,107.83000183105467,71377000.0,-0.0019437160560269,-0.0019456075234613,3.5,54.1490083867876,AMD
2023-11-03,109.0500030517578,113.38999938964844,107.86000061035156,112.25,112.25,65632200.0,0.0409904302502976,0.0401725967474435,5.529998779296875,58.02606177504095,AMD
2023-11-06,112.5999984741211,113.08000183105467,110.22000122070312,111.75,111.75,49270400.0,-0.0044543429844098,-0.0044642931286854,2.8600006103515483,59.3758873905696,AMD
2023-11-07,111.86000061035156,114.6500015258789,111.22000122070312,113.4499969482422,113.4499969482422,50550200.0,0.0152125006554111,0.0150979508325881,3.430000305175781,66.59799911357112,AMD
2023-11-08,113.5500030517578,115.31999969482422,112.87999725341795,113.58999633789062,113.58999633789062,41880600.0,0.001234018452308,0.001233257677347,2.440002441406264,66.50929113700067,AMD
2023-11-09,114.0999984741211,115.80999755859376,113.05999755859376,113.48999786376952,113.48999786376952,61146900.0,-0.0008803457817152,-0.0008807335136384,2.75,67.48503758620471,AMD
2023-11-10,114.3499984741211,119.6999969482422,114.02999877929688,118.58999633789062,118.58999633789062,75135900.0,0.0449378673902436,0.0439574266063052,5.669998168945327,75.31335096617886,AMD
2023-11-13,118.33999633789062,118.68000030517578,116.0,116.79000091552734,116.79000091552734,46741900.0,-0.0151783074285175,-0.0152946769667159,2.680000305175781,70.52118265592058,AMD
2023-11-14,119.6999969482422,122.11000061035156,119.22000122070312,119.87999725341795,119.87999725341795,61017400.0,0.0264577131061549,0.026113761407803,2.889999389648437,84.7028124957623,AMD
2023-11-15,120.54000091552734,120.58999633789062,116.87000274658205,118.0,118.0,59555600.0,-0.0156823264638867,-0.0158065950717026,3.71999359130858,85.98050069253543,AMD
2023-11-16,117.1999969482422,120.7300033569336,116.41000366210938,119.83000183105467,119.83000183105467,49661900.0,0.0155084900936837,0.0153894625091966,4.319999694824219,85.58396341229958,AMD
2023-11-17,119.63999938964844,121.48999786376952,118.81999969482422,120.62000274658205,120.62000274658205,38508900.0,0.00659268049283,0.0065710438185151,2.6699981689452983,86.56495352961264,AMD
2023-11-20,120.6999969482422,121.93000030517578,120.06999969482422,121.52999877929688,121.52999877929688,43138700.0,0.0075443211075587,0.0075160050448732,1.8600006103515625,85.97315481031131,AMD
2023-11-21,120.54000091552734,120.6500015258789,117.94000244140624,119.16000366210938,119.16000366210938,41064800.0,-0.0195013177075028,-0.0196939772604615,2.7099990844726705,72.38328227100655,AMD
2023-11-22,120.0,124.76000213623048,119.9499969482422,122.51000213623048,122.51000213623048,56862200.0,0.0281134472236201,0.0277255181654835,4.810005187988281,76.23304959847479,AMD
2023-11-24,122.02999877929688,123.25,121.54000091552734,122.30999755859376,122.30999755859376,19001000.0,-0.0016325571312481,-0.0016338912048067,1.7099990844726562,71.17004702228583,AMD
2023-11-27,122.06999969482422,123.88999938964844,121.7699966430664,122.6500015258789,122.6500015258789,32743000.0,0.0027798542561678,0.0027759976069536,2.1200027465820312,73.09323999603012,AMD
2023-11-28,121.9800033569336,122.54000091552734,120.79000091552734,122.01000213623048,122.01000213623048,32047100.0,-0.0052180952440785,-0.0052317570495252,1.75,68.98848854286936,AMD
2023-11-29,123.9800033569336,125.7300033569336,123.4800033569336,123.8499984741211,123.8499984741211,37876300.0,0.0150807008087432,0.0149681175190962,2.25,71.16338593024075,AMD
2023-11-30,123.61000061035156,124.0500030517578,119.6500015258789,121.16000366210938,121.16000366210938,44494200.0,-0.0217197807440732,-0.0219591272305543,4.400001525878892,64.29372310479924,AMD
2023-12-01,119.87999725341795,121.4000015258789,118.6500015258789,121.38999938964844,121.38999938964844,37048000.0,0.0018982809556564,0.001896481497255,2.75,56.37524154564198,AMD
2023-12-04,119.75,119.9000015258789,116.37000274658205,118.56999969482422,118.56999969482422,39854400.0,-0.023230906244363,-0.0235049969855139,3.529998779296861,53.87293362089116,AMD
2023-12-05,117.43000030517578,118.48999786376952,116.4499969482422,118.37999725341795,118.37999725341795,39191600.0,-0.0016024495394728,-0.0016037348350004,2.0400009155273158,46.26493774136335,AMD
2023-12-06,120.69000244140624,122.83000183105467,116.37999725341795,116.81999969482422,116.81999969482422,60599000.0,-0.013177881354856,-0.0132654800613717,6.450004577636719,47.01416728539707,AMD
2023-12-07,120.79000091552734,128.67999267578125,119.55999755859376,128.3699951171875,128.3699951171875,118579100.0,0.0988700175700738,0.0942823950600083,9.119995117187486,64.48439440993792,AMD
2023-12-08,129.5399932861328,131.0,126.88999938964844,128.9199981689453,128.9199981689453,89341000.0,0.0042845140817815,0.004275361684394,4.1100006103515625,64.19288707263036,AMD
2023-12-11,130.55999755859375,135.0399932861328,128.25,134.41000366210938,134.41000366210938,98668300.0,0.0425845917711664,0.0417028145846604,6.7899932861328125,69.04199867624787,AMD
2023-12-12,132.25,139.88999938964844,131.89999389648438,137.61000061035156,137.61000061035156,111677800.0,0.0238077290458722,0.0235287443836955,7.9900054931640625,76.62337690933066,AMD
2023-12-13,137.97000122070312,139.24000549316406,136.02999877929688,138.19000244140625,138.19000244140625,70651600.0,0.0042148232576277,0.0042059657698561,3.2100067138671875,74.59222342545007,AMD
2023-12-14,138.88999938964844,141.82000732421875,135.72999572753906,138.0,138.0,76115200.0,-0.001374936233081,-0.0013758823252139,6.090011596679688,74.61563358217245,AMD
2023-12-15,139.52000427246094,140.88999938964844,137.25,139.14999389648438,139.14999389648438,70211800.0,0.0083332891049592,0.0082987589518437,3.6399993896484375,75.24479792017196,AMD
2023-12-18,139.14999389648438,139.7899932861328,137.64999389648438,138.89999389648438,138.89999389648438,45199500.0,-0.0017966224287869,-0.0017982382905484,2.139999389648437,76.1536067866436,AMD
2023-12-19,138.57000732421875,143.47000122070312,138.55999755859375,140.14999389648438,140.14999389648438,63739800.0,0.0089992804530398,0.0089590282424167,4.910003662109375,75.7097806223422,AMD
2023-12-20,139.0,139.5800018310547,135.3699951171875,135.47000122070312,135.47000122070312,54671700.0,-0.0333927426299991,-0.0339630114573976,4.210006713867188,71.23776046726606,AMD
2023-12-21,138.13999938964844,139.97999572753906,137.3800048828125,139.91000366210938,139.91000366210938,47179400.0,0.0327748018114559,0.0322491623164257,2.5999908447265625,74.43272724930289,AMD
2023-12-22,140.47999572753906,140.6999969482422,138.30999755859375,139.60000610351562,139.60000610351562,35396600.0,-0.0022156925915205,-0.0022181508702151,2.389999389648437,79.71179896163463,AMD
2023-12-26,140.07000732421875,143.85000610351562,139.9199981689453,143.41000366210938,143.41000366210938,47157400.0,0.0272922449284749,0.0269264522273323,3.930007934570313,82.08153656566047,AMD
2023-12-27,144.72000122070312,146.25,143.17999267578125,146.07000732421875,146.07000732421875,49033400.0,0.0185482434571067,0.018378322727497,3.07000732421875,86.46224476189951,AMD
2023-12-28,146.8000030517578,150.41000366210938,145.9499969482422,148.75999450683594,148.75999450683594,63800700.0,0.0184157393560366,0.0182482231259577,4.460006713867188,82.6240149531323,AMD
2023-12-29,149.5,151.0500030517578,147.1999969482422,147.41000366210938,147.41000366210938,62079200.0,-0.0090749589578973,-0.0091163872283119,3.850006103515625,78.84558711157302,AMD
2024-01-02,144.27999877929688,144.39999389648438,137.42999267578125,138.5800018310547,138.5800018310547,64902000.0,-0.0599009674492286,-0.0617700554899906,6.970001220703125,55.89149736754398,AMD
2024-01-03,135.7100067138672,137.42999267578125,133.74000549316406,135.32000732421875,135.32000732421875,61988600.0,-0.0235242781336534,-0.0238053913745327,3.689987182617188,46.770105141549614,AMD
2024-01-04,134.3000030517578,137.6999969482422,134.0,136.00999450683594,136.00999450683594,58610300.0,0.0050989295393992,0.0050859740190369,3.699996948242188,46.934742842283725,AMD
2024-01-05,136.77999877929688,141.00999450683594,136.44000244140625,138.5800018310547,138.5800018310547,69657700.0,0.0188957240498204,0.0187194173554959,4.569992065429688,50.76436807265669,AMD
2024-01-08,140.36000061035156,147.14999389648438,140.14999389648438,146.17999267578125,146.17999267578125,71756900.0,0.0548419017485066,0.0533908995359202,7.0,57.91845700103811,AMD
2024-01-09,145.9499969482422,149.86000061035156,145.0800018310547,149.25999450683594,149.25999450683594,67875700.0,0.0210699273866155,0.0208510259524525,4.779998779296875,60.969938993869015,AMD
2024-01-10,150.07000732421875,150.8800048828125,146.64999389648438,148.5399932861328,148.5399932861328,56951200.0,-0.0048238057564055,-0.0048354778584898,4.230010986328125,58.98480100317889,AMD
2024-01-11,148.52000427246094,150.3800048828125,143.69000244140625,148.02000427246094,148.02000427246094,62764600.0,-0.00350066673741,-0.0035068084086986,6.69000244140625,64.75431098042043,AMD
2024-01-12,148.0399932861328,148.75,145.0,146.55999755859375,146.55999755859375,48293100.0,-0.0098635770282762,-0.0099125443656453,3.75,58.40708101171861,AMD
2024-01-16,150.36000061035156,159.72000122070312,149.97999572753906,158.74000549316406,158.74000549316406,112711400.0,0.0831059507196076,0.0798327939997636,9.740005493164062,68.61144635428367,AMD
2024-01-17,158.4499969482422,160.63999938964844,154.39999389648438,160.1699981689453,160.1699981689453,104085000.0,0.0090083950251773,0.0089680614807421,6.240005493164063,67.08809872668047,AMD
2024-01-18,166.1999969482422,168.60000610351562,158.22000122070312,162.6699981689453,162.6699981689453,131864900.0,0.0156084162363729,0.0154878577738497,10.3800048828125,66.98036490637907,AMD
2024-01-19,165.8000030517578,174.25,162.1999969482422,174.22999572753906,174.22999572753906,140367900.0,0.0710641033301531,0.0686526433907456,12.050003051757812,72.05196076203622,AMD
2024-01-22,174.38999938964844,174.72000122070312,164.14999389648438,168.17999267578125,168.17999267578125,122973800.0,-0.0347242334851388,-0.0353414500579831,10.57000732421875,66.62929952242052,AMD
2024-01-23,166.5,169.6300048828125,164.27000427246094,168.4199981689453,168.4199981689453,76830500.0,0.0014270751790717,0.0014260578750195,5.3600006103515625,77.70145233341114,AMD
2024-01-24,172.5500030517578,180.5800018310547,170.55999755859375,178.2899932861328,178.2899932861328,125516400.0,0.0586034629170741,0.0569505516597835,10.020004272460938,85.53001152421132,AMD
2024-01-25,183.41000366210932,184.9199981689453,177.6300048828125,180.3300018310547,180.3300018310547,127171400.0,0.0114420810014161,0.0113771154834163,7.2899932861328125,85.84600620619455,AMD
2024-01-26,175.2899932861328,181.22999572753903,174.14999389648438,177.25,177.25,107381200.0,-0.0170798081283237,-0.0172273504608539,7.080001831054659,81.02037304102785,AMD
2024-01-29,178.77000427246094,178.88999938964844,174.39999389648438,177.8300018310547,177.8300018310547,89384500.0,0.0032722247168106,0.0032668826399902,4.490005493164063,78.61146431096694,AMD
2024-01-30,176.1300048828125,178.47999572753906,169.52000427246094,172.05999755859375,172.05999755859375,122265700.0,-0.0324467424678016,-0.0329848090482977,8.959991455078125,69.6551698736862,AMD
2024-01-31,165.74000549316406,171.3000030517578,162.55999755859375,167.69000244140625,167.69000244140625,133157300.0,-0.0253980889177877,-0.0257261876858663,8.740005493164062,65.53122977406352,AMD
2024-02-01,169.27000427246094,171.13999938964844,165.86000061035156,170.47999572753906,170.47999572753906,91576700.0,0.0166378033604459,0.0165009114109367,5.279998779296875,67.56882567028131,AMD
2024-02-02,173.7899932861328,179.0,173.0500030517578,177.66000366210938,177.66000366210938,82134300.0,0.0421164248856822,0.0412536692255764,5.949996948242188,72.329120880084,AMD
2024-02-05,179.08999633789062,180.00999450683594,171.11000061035156,174.22999572753906,174.22999572753906,76349200.0,-0.0193065848467155,-0.0194953910417215,8.899993896484375,62.71964732133012,AMD
2024-02-06,173.14999389648438,173.8800048828125,165.5,167.8800048828125,167.8800048828125,68854100.0,-0.0364460253712952,-0.0371267733623295,8.3800048828125,55.857776335085816,AMD
2024-02-07,169.47000122070312,172.97000122070312,168.1999969482422,170.94000244140625,170.94000244140625,53665400.0,0.018227290145302,0.0180631644695876,4.7700042724609375,56.2302267436848,AMD
2024-02-08,170.3300018310547,172.1699981689453,168.60000610351562,169.35000610351562,169.35000610351562,43385300.0,-0.0093014877453019,-0.0093450167154962,3.5699920654296875,45.67376876607549,AMD
2024-02-09,171.0,175.10000610351562,168.66000366210938,172.47999572753906,172.47999572753906,56375700.0,0.0184823708958723,0.0183136476452541,6.44000244140625,54.02019763956671,AMD
2024-02-12,172.67999267578125,177.41000366210938,170.6699981689453,171.91000366210938,171.91000366210938,58177100.0,-0.0033046850623192,-0.0033101575939884,6.740005493164063,53.242897826763205,AMD
2024-02-13,167.94000244140625,173.1699981689453,164.3000030517578,171.5399932861328,171.5399932861328,63071300.0,-0.002152349299601,-0.0021546689323925,8.8699951171875,42.38320878818141,AMD
2024-02-14,173.47000122070312,178.74000549316406,172.8800048828125,178.6999969482422,178.6999969482422,57402500.0,0.041739558950351,0.0408919686643446,5.8600006103515625,48.35119853900855,AMD
2024-02-15,179.13999938964844,180.5,175.25999450683594,176.75999450683594,176.75999450683594,51126400.0,-0.010856197395281,-0.010915555902259,5.240005493164063,49.49264282326502,AMD
2024-02-16,177.4499969482422,180.3300018310547,173.25,173.8699951171875,173.8699951171875,53940300.0,-0.0163498499630054,-0.0164849837289997,7.080001831054688,46.08694917947807,AMD
2024-02-20,171.13999938964844,171.80999755859375,162.0,165.69000244140625,165.69000244140625,66550000.0,-0.0470466032409327,-0.0481892781405864,9.80999755859375,43.99170193278071,AMD
2024-02-21,162.74000549316406,164.89999389648438,161.80999755859375,164.2899932861328,164.2899932861328,48365700.0,-0.008449569283871,-0.008485469263696,3.089996337890625,46.60270822196967,AMD
2024-02-22,173.1999969482422,183.8300018310547,172.0,181.8600006103516,181.8600006103516,100684700.0,0.1069450851678974,0.1016040456016355,11.830001831054688,58.77815766503362,AMD
2024-02-23,181.8600006103516,183.8000030517578,174.5500030517578,176.52000427246094,176.52000427246094,69207400.0,-0.029363226217798,-0.0298029550487475,9.25,49.09495120118756,AMD
2024-02-26,178.77999877929688,179.83999633789062,174.80999755859375,176.00999450683594,176.00999450683594,45435100.0,-0.0028892462796329,-0.0028934282086895,5.029998779296875,51.48185052585152,AMD
2024-02-27,175.9199981689453,178.4600067138672,172.49000549316406,178.0,178.0,43665200.0,0.0113062073477128,0.0112427698955937,5.970001220703125,59.08437423637584,AMD
2024-02-28,176.25,176.83999633789062,173.58999633789062,176.5399932861328,176.5399932861328,35914400.0,-0.0082022849093662,-0.0082361087302879,3.25,55.17559023426603,AMD
2024-02-29,179.82000732421875,193.0,179.82000732421875,192.52999877929688,192.52999877929688,105538500.0,0.0905744086397903,0.0867045378391199,13.17999267578125,66.91969514512326,AMD
2024-03-01,197.91000366210932,202.72000122070312,195.4199981689453,202.63999938964844,202.63999938964844,103820800.0,0.0525113004438386,0.051179023280503,7.300003051757812,69.97879377195925,AMD
2024-03-04,205.16000366210932,211.009994506836,203.5,205.3600006103516,205.3600006103516,86835300.0,0.0134228248563748,0.0133335368535701,7.509994506835966,71.54448996503827,AMD
2024-03-05,200.5,205.3300018310547,199.1499938964844,205.1300048828125,205.1300048828125,65407100.0,-0.0011199636095419,-0.0011205912374426,6.180007934570284,71.67376176726978,AMD
2024-03-06,210.42999267578125,214.8099975585937,207.32000732421875,210.6300048828125,210.6300048828125,86687000.0,0.0268122647544519,0.0264591145816612,7.489990234374972,71.05366893935259,AMD
2024-03-07,212.5200042724609,213.8300018310547,208.22000122070312,211.3800048828125,211.3800048828125,63869000.0,0.0035607462498863,0.003554421801682,5.6100006103515625,73.19131598621227,AMD
2024-03-08,213.41000366210932,227.3000030517578,205.6000061035156,207.38999938964844,207.38999938964844,120815200.0,-0.0188759835414711,-0.0190564089986212,21.699996948242216,72.12832607295483,AMD
2024-03-11,203.009994506836,203.5500030517578,196.6999969482422,198.38999938964844,198.38999938964844,73098600.0,-0.043396499476769,-0.044366288404113,6.850006103515625,71.35578529205833,AMD
2024-03-12,200.5200042724609,202.8500061035156,194.2700042724609,202.759994506836,202.759994506836,68951700.0,0.0220272953809763,0.02178819923404,8.580001831054688,74.18583367868487,AMD
2024-03-13,198.72999572753903,198.8300018310547,192.6999969482422,194.7899932861328,194.7899932861328,70526900.0,-0.0393075628162657,-0.0401009657908992,6.1300048828125,59.24495094190748,AMD
2024-03-14,192.9199981689453,196.92999267578125,184.02999877929688,187.0599975585937,187.0599975585937,84490500.0,-0.0396837414342136,-0.0404926127663539,12.899993896484377,57.287050604855054,AMD
2024-03-15,184.8300018310547,193.8000030517578,184.47999572753903,191.0599975585937,191.0599975585937,95289500.0,0.021383513590323,0.0211580941087005,9.320007324218778,59.92613145179872,AMD
2024-03-18,193.2899932861328,193.5,188.0500030517578,190.6499938964844,190.6499938964844,59306900.0,-0.0021459419415285,-0.0021482477743161,5.449996948242188,58.52080831485684,AMD
2024-03-19,183.16000366210932,185.6100006103516,177.36000061035156,181.4199981689453,181.4199981689453,83509500.0,-0.0484133019828504,-0.0496244791954345,8.250000000000028,52.97561273342226,AMD
2024-03-20,182.02999877929688,182.67999267578125,174.0,179.72999572753906,179.72999572753906,81773100.0,-0.0093154142788186,-0.0093590741015022,8.67999267578125,40.54652612352138,AMD
2024-03-21,185.97000122070312,187.69000244140625,177.66000366210938,178.67999267578125,178.67999267578125,75265600.0,-0.0058421135966061,-0.0058592454991771,10.029998779296877,29.57025327144125,AMD
2024-03-22,177.2100067138672,180.759994506836,175.0500030517578,179.64999389648438,179.64999389648438,57899100.0,0.005428706405105,0.0054140240918311,5.709991455078153,27.40375550210912,AMD
2024-03-25,172.89999389648438,182.8000030517578,172.0,178.6300048828125,178.6300048828125,71935300.0,-0.0056776456906511,-0.0056938247894685,10.800003051757812,27.028429815381344,AMD
2024-03-26,179.5399932861328,182.6000061035156,176.3300018310547,177.8699951171875,177.8699951171875,65322400.0,-0.0042546590429956,-0.0042637358597711,6.270004272460909,19.059304632745736,AMD
2024-03-27,179.9600067138672,181.22999572753903,175.39999389648438,179.58999633789062,179.58999633789062,55685600.0,0.0096699908243091,0.0096235357033396,5.830001831054659,20.515668349633746,AMD
2024-03-28,179.47000122070312,183.3999938964844,178.3000030517578,180.4900054931641,180.4900054931641,57628600.0,0.0050114659704103,0.0049989503717392,5.099990844726591,23.534051535186563,AMD
2024-04-01,180.10000610351562,187.2400054931641,179.89999389648438,183.33999633789065,183.33999633789065,74299900.0,0.0157902972906414,0.015666927548329,7.340011596679716,33.15423811431836,AMD
2024-04-02,179.47000122070312,180.10000610351562,174.8300018310547,178.6999969482422,178.6999969482422,61598800.0,-0.0253081677884244,-0.0256339274713795,5.2700042724609375,23.2309788033905,AMD
2024-04-03,177.5399932861328,182.0500030517578,176.6999969482422,180.7700042724609,180.7700042724609,49835100.0,0.0115837009489052,0.0115171235337179,5.350006103515625,32.04407537777608,AMD
2024-04-04,182.9199981689453,183.0200042724609,165.64999389648438,165.8300018310547,165.8300018310547,88280000.0,-0.0826464683758501,-0.0862623503537872,17.370010375976534,27.04866083962574,AMD
2024-04-05,168.10000610351562,172.69000244140625,165.5800018310547,170.4199981689453,170.4199981689453,66080300.0,0.0276789259314298,0.0273027893876798,7.1100006103515625,27.96755520966661,AMD
2024-04-08,168.1999969482422,171.66000366210938,166.82000732421875,169.89999389648438,169.89999389648438,43997500.0,-0.0030513101634083,-0.003055974901724,4.839996337890625,27.90202917466709,AMD
2024-04-09,170.2100067138672,171.60000610351562,167.2899932861328,170.77999877929688,170.77999877929688,42886100.0,0.0051795462885575,0.0051661785779284,4.3100128173828125,36.21762499846819,AMD
2024-04-10,166.7100067138672,169.77999877929688,164.0,167.13999938964844,167.13999938964844,59600000.0,-0.0213139677694488,-0.0215443904100976,5.779998779296875,34.47596713585696,AMD
2024-04-11,167.5500030517578,170.9499969482422,166.5500030517578,170.5,170.5,48994500.0,0.0201029114671615,0.0199035158020197,4.399993896484375,40.45731492405854,AMD
2024-04-12,164.52999877929688,165.6999969482422,161.82000732421875,163.27999877929688,163.27999877929688,63519600.0,-0.0423460482152675,-0.0432687856981158,3.8799896240234375,33.333343690208466,AMD
2024-04-15,164.42999267578125,164.44000244140625,158.75999450683594,160.32000732421875,160.32000732421875,61461200.0,-0.018128316249433,-0.0182946474439594,5.6800079345703125,32.06661019472061,AMD
2024-04-16,162.27999877929688,164.8800048828125,161.6699981689453,163.4600067138672,163.4600067138672,55302100.0,0.0195858236414518,0.019396489579943,3.2100067138671875,36.51507929685637,AMD
2024-04-17,163.97000122070312,164.4499969482422,153.8800048828125,154.02000427246094,154.02000427246094,75909000.0,-0.0577511443391211,-0.0594858613106852,10.569992065429688,29.092405366202144,AMD
2024-04-18,155.50999450683594,156.9600067138672,152.32000732421875,155.0800018310547,155.0800018310547,52669800.0,0.0068822070457719,0.0068586327591363,4.6399993896484375,29.277438693562857,AMD
2024-04-19,151.58999633789062,154.25,145.2899932861328,146.63999938964844,146.63999938964844,71618200.0,-0.054423538443086,-0.0559605252406854,8.960006713867188,22.57100752926479,AMD
2024-04-22,148.14999389648438,149.88999938964844,145.6300048828125,148.63999938964844,148.63999938964844,49397000.0,0.0136388434828456,0.0135466715900831,4.2599945068359375,26.610649711825943,AMD
2024-04-23,151.64999389648438,153.5,150.35000610351562,152.27000427246094,152.27000427246094,46051900.0,0.0244214538328724,0.0241280179518075,3.149993896484375,28.35004798798215,AMD
2024-04-24,156.55999755859375,157.66000366210938,150.6300048828125,151.74000549316406,151.74000549316406,43412600.0,-0.0034806512407298,-0.0034867228000072,7.029998779296875,36.29644491906996,AMD
2024-04-25,149.14999389648438,155.13999938964844,146.75,153.75999450683594,153.75999450683594,41471400.0,0.0133121717447339,0.0132243433853205,8.389999389648438,32.944302916353465,AMD
2024-04-26,154.24000549316406,158.6300048828125,153.42999267578125,157.39999389648438,157.39999389648438,42510700.0,0.0236732539001658,0.0233973877097925,5.20001220703125,37.97151457308567,AMD
2024-04-29,159.0800018310547,160.77000427246094,156.25999450683594,160.1999969482422,160.1999969482422,43478200.0,0.0177890925052974,0.0176327183783829,4.510009765625,40.18188208193585,AMD
2024-04-30,160.6300048828125,162.2899932861328,158.35000610351562,158.3800048828125,158.3800048828125,60742800.0,-0.0113607496885139,-0.0114257759725893,3.939987182617188,41.58663322589258,AMD
2024-05-01,148.11000061035156,151.3699951171875,142.13999938964844,144.27000427246094,144.27000427246094,89413200.0,-0.0890895326136133,-0.0933106660399737,9.229995727539062,29.11956446481865,AMD
2024-05-02,145.50999450683594,147.6199951171875,141.16000366210938,146.16000366210938,146.16000366210938,50034700.0,0.0131004320626419,0.0130153635532126,6.459991455078125,35.10786279190275,AMD
2024-05-03,148.75,150.7899932861328,147.24000549316406,150.60000610351562,150.60000610351562,49361100.0,0.0303776842512304,0.0299254187685507,3.54998779296875,41.75712124372607,AMD
2024-05-06,153.10000610351562,156.64999389648438,151.25999450683594,155.77999877929688,155.77999877929688,44624500.0,0.0343957003044259,0.0338173917619469,5.3899993896484375,43.7049099543612,AMD
2024-05-07,156.32000732421875,157.6999969482422,153.66000366210938,154.42999267578125,154.42999267578125,37374900.0,-0.0086661067793963,-0.0087038758482578,4.0399932861328125,50.38743951349514,AMD
2024-05-08,153.39999389648438,155.3300018310547,152.52000427246094,153.6199951171875,153.6199951171875,28728000.0,-0.0052450793046031,-0.0052588830219436,2.80999755859375,48.61374189575863,AMD
2024-05-09,153.1300048828125,154.08999633789062,150.61000061035156,152.38999938964844,152.38999938964844,33018000.0,-0.0080067423944439,-0.0080389684889551,3.4799957275390625,56.32563511167961,AMD
2024-05-10,154.2899932861328,156.3699951171875,151.30999755859375,151.9199981689453,151.9199981689453,37652800.0,-0.0030841998988487,-0.0030889658453006,5.05999755859375,53.734061994066025,AMD
2024-05-13,151.27999877929688,153.3300018310547,150.39999389648438,150.55999755859375,150.55999755859375,27859200.0,-0.00895208416761,-0.0089923948297088,2.9300079345703125,47.94716975878645,AMD
2024-05-14,150.42999267578125,153.49000549316406,148.77999877929688,153.16000366210938,153.16000366210938,31938300.0,0.0172689037305793,0.0171214908978789,4.710006713867188,51.62396915015289,AMD
2024-05-15,155.58999633789062,159.69000244140625,154.6999969482422,159.6699981689453,159.6699981689453,43195900.0,0.0425045335020872,0.0416260233644213,4.990005493164063,56.129438611927874,AMD
2024-05-16,160.9199981689453,168.05999755859375,159.89999389648438,162.6199951171875,162.6199951171875,76726700.0,0.0184755870362121,0.0183069868699211,8.160003662109375,55.49242679664898,AMD
2024-05-17,168.42999267578125,169.72000122070312,162.32000732421875,164.47000122070312,164.47000122070312,65944400.0,0.0113762523617251,0.0113120294214318,7.399993896484375,54.58450182519001,AMD
2024-05-20,165.5500030517578,168.49000549316406,164.47000122070312,166.3300018310547,166.3300018310547,45618000.0,0.0113090569498788,0.01124558763579,4.0200042724609375,58.52820944447336,AMD
2024-05-21,164.0,165.8300018310547,163.10000610351562,164.66000366210938,164.66000366210938,30005500.0,-0.0100402702492696,-0.0100910137002981,2.7299957275390625,79.83611425560372,AMD
2024-05-22,167.41000366210938,169.80999755859375,163.86000061035156,165.52000427246094,165.52000427246094,47426700.0,0.0052228871081305,0.0052092951389311,5.949996948242188,79.20941606353624,AMD
2024-05-23,170.17999267578125,173.13999938964844,158.27000427246094,160.42999267578125,160.42999267578125,91888800.0,-0.0307516400754863,-0.0312343945403314,14.8699951171875,64.54570003910656,AMD
2024-05-24,161.41000366210938,167.66000366210938,160.25,166.36000061035156,166.36000061035156,54868600.0,0.0369632126491115,0.0362964538342604,7.410003662109375,65.31556823929864,AMD
2024-05-28,169.4199981689453,174.5500030517578,164.9600067138672,171.61000061035156,171.61000061035156,66495400.0,0.031558066727209,0.0310703454272608,9.589996337890623,72.3465140788463,AMD
2024-05-29,167.4600067138672,168.47999572753906,162.91000366210938,165.13999938964844,165.13999938964844,56537500.0,-0.0377017726105226,-0.0384308686775136,5.569992065429688,63.06122300692112,AMD
2024-05-30,167.89999389648438,168.75,163.8000030517578,166.75,166.75,46367000.0,0.0097493073531673,0.0097020895024149,4.949996948242188,66.1420774925104,AMD
2024-05-31,166.64999389648438,169.5,160.07000732421875,166.89999389648438,166.89999389648438,64331900.0,0.0008995136220952,0.0008991093021598,9.42999267578125,66.9610386199924,AMD
2024-06-03,170.82000732421875,171.0800018310547,160.91000366210938,163.5500030517578,163.5500030517578,59157600.0,-0.0200718452201041,-0.0202760214540209,10.169998168945312,64.07367596554391,AMD
2024-06-04,162.83999633789062,164.8300018310547,158.8699951171875,159.99000549316406,159.99000549316406,48157200.0,-0.0217670283837728,-0.0220074250288306,5.960006713867188,57.24899357096794,AMD
2024-06-05,162.07000732421875,167.1199951171875,161.3800048828125,166.1699981689453,166.1699981689453,60507500.0,0.0386273671079115,0.0379000020789156,5.739990234375,56.94741360583004,AMD
2024-06-06,165.4600067138672,169.50999450683594,163.86000061035156,166.77999877929688,166.77999877929688,47153700.0,0.003670943112916,0.0036642216456406,5.649993896484375,54.68047190995804,AMD
2024-06-07,166.58999633789062,169.4499969482422,165.86000061035156,167.8699951171875,167.8699951171875,44796000.0,0.0065355339121511,0.0065142699078567,3.589996337890625,53.89193505791214,AMD
2024-06-10,162.47999572753906,165.5500030517578,159.61000061035156,160.33999633789062,160.33999633789062,67444600.0,-0.0448561327117469,-0.0458933034722984,5.94000244140625,43.93109766523478,AMD
2024-06-11,160.5,161.5399932861328,156.9199981689453,158.9600067138672,158.9600067138672,40497100.0,-0.0086066462239111,-0.0086438972953901,4.6199951171875,44.19078780602732,AMD
2024-06-12,160.32000732421875,162.24000549316406,158.6199951171875,160.24000549316406,160.24000549316406,48325800.0,0.0080523321919638,0.0080200851586505,3.6200103759765625,44.66451004095328,AMD
2024-06-13,160.39999389648438,162.66000366210938,157.30999755859375,159.89999389648438,159.89999389648438,44442500.0,-0.0021218895720407,-0.0021241439693379,5.350006103515625,49.40755755564531,AMD
2024-06-14,158.5,161.33999633789062,157.61000061035156,159.6300048828125,159.6300048828125,34054000.0,-0.0016884867040498,-0.0016899138043775,3.7299957275390634,41.38725063845226,AMD
2024-06-17,158.0,159.22999572753906,154.13999938964844,158.39999389648438,158.39999389648438,44507700.0,-0.0077053871371557,-0.0077352270166716,5.089996337890625,31.155467809589325,AMD
2024-06-18,156.99000549316406,157.24000549316406,153.33999633789062,154.6300048828125,154.6300048828125,51852000.0,-0.0238004366094584,-0.024088242783296,3.9000091552734375,33.755784550350995,AMD
2024-06-20,155.82000732421875,166.82000732421875,155.5,161.77999877929688,161.77999877929688,93245700.0,0.0462393692731437,0.0452021819796222,11.32000732421875,43.44153166373759,AMD
2024-06-21,161.75,163.1999969482422,157.88999938964844,161.22999572753906,161.22999572753906,61293900.0,-0.0033996974651244,-0.0034054895678756,5.30999755859375,42.59597325385525,AMD
2024-06-24,159.75,163.39999389648438,158.19000244140625,160.25,160.25,45954100.0,-0.0060782469361045,-0.0060967946757001,5.209991455078125,45.40645041250168,AMD
2024-06-25,160.72999572753906,161.0,156.4499969482422,160.25,160.25,40572300.0,0.0,0.0,4.5500030517578125,50.40172241521014,AMD
2024-06-26,160.60000610351562,160.74000549316406,156.0,157.5399932861328,157.5399932861328,36973400.0,-0.0169111183392648,-0.0170557441425069,4.740005493164063,35.06401934365516,AMD
2024-06-27,157.17999267578125,160.61000061035156,156.80999755859375,159.47000122070312,159.47000122070312,34018200.0,0.0122509078127541,0.0121764727563592,3.800003051757813,37.90135778511619,AMD
2024-06-28,160.22999572753906,166.4499969482422,159.41000366210938,162.2100067138672,162.2100067138672,56204600.0,0.0171819494086036,0.0170360090373616,7.0399932861328125,41.117406944616725,AMD
2024-07-01,161.25,161.50999450683594,153.63999938964844,157.69000244140625,157.69000244140625,50436700.0,-0.0278651383106965,-0.0282607375521828,7.8699951171875,45.40729057911456,AMD
2024-07-02,157.0399932861328,164.5800018310547,156.6999969482422,164.30999755859375,164.30999755859375,57838600.0,0.0419810705478764,0.0411237767053918,7.8800048828125,57.84685981926688,AMD
2024-07-03,164.1999969482422,165.25999450683594,162.50999450683594,163.89999389648438,163.89999389648438,26980900.0,-0.0024953056308284,-0.0024984240946845,2.75,55.50870949383746,AMD
2024-07-05,165.97000122070312,174.0399932861328,165.67999267578125,171.89999389648438,171.89999389648438,61857100.0,0.04881025197019,0.0476564283720861,8.360000610351562,64.67710196512874,AMD
2024-07-08,174.89999389648438,178.9499969482422,173.22000122070312,178.69000244140625,178.69000244140625,60223400.0,0.039499760244382,0.0387395976707688,5.729995727539063,70.10547230112722,AMD
2024-07-09,177.97000122070312,180.41000366210932,174.6999969482422,177.10000610351562,177.10000610351562,43395600.0,-0.008898071051356,-0.0089378953009173,5.710006713867159,69.5770607028754,AMD
2024-07-10,179.99000549316406,187.27999877929688,177.8000030517578,183.9600067138672,183.9600067138672,90247000.0,0.038735179977023,0.0380037999156095,9.479995727539062,78.83971436519113,AMD
2024-07-11,184.07000732421875,187.1100006103516,177.25,181.94000244140625,181.94000244140625,59231400.0,-0.0109806707911402,-0.0110414033554054,9.860000610351593,72.04723279449243,AMD
2024-07-12,182.0200042724609,186.9900054931641,179.69000244140625,181.6100006103516,181.6100006103516,50827400.0,-0.0018137948039268,-0.0018154417214705,7.300003051757841,72.39559474024868,AMD
2024-07-15,184.4499969482422,185.5,178.5399932861328,179.8300018310547,179.8300018310547,42202700.0,-0.0098012156451445,-0.009849563731941,6.960006713867188,71.14469506996463,AMD
2024-07-16,179.69000244140625,179.75,174.52999877929688,177.5500030517578,177.5500030517578,40633100.0,-0.0126786340214736,-0.0127596937819911,5.220001220703125,67.8056726348029,AMD
2024-07-17,169.8000030517578,169.8000030517578,159.3699951171875,159.42999267578125,159.42999267578125,76954200.0,-0.1020558156267357,-0.1076473680980124,10.430007934570312,51.47679194096028,AMD
2024-07-18,163.41000366210938,163.41000366210938,153.1999969482422,155.77000427246094,155.77000427246094,69420300.0,-0.0229567118576196,-0.0232243207127214,10.210006713867188,47.18503041657273,AMD
2024-07-19,154.86000061035156,155.80999755859375,150.6199951171875,151.5800018310547,151.5800018310547,47513100.0,-0.0268986475347167,-0.0272670373028491,5.19000244140625,42.08723927512021,AMD
2024-07-22,154.22999572753906,156.6999969482422,152.5399932861328,155.8699951171875,155.8699951171875,43912500.0,0.0283018421580063,0.0279087447111001,4.160003662109375,48.64056822688957,AMD
2024-07-23,154.9499969482422,157.0500030517578,153.8000030517578,154.0,154.0,31950600.0,-0.0119971461844313,-0.0120696927611447,3.25,41.71088828280112,AMD
2024-07-24,152.72000122070312,153.67999267578125,144.52999877929688,144.6300048828125,144.6300048828125,49203100.0,-0.0608441241375812,-0.0627738115672721,9.149993896484377,36.45819348789569,AMD
2024-07-25,144.07000732421875,144.75,136.80999755859375,138.32000732421875,138.32000732421875,60578500.0,-0.0436285510997975,-0.04460889652006,7.94000244140625,25.82782126169508,AMD
2024-07-26,140.32000732421875,141.2899932861328,138.27000427246094,139.99000549316406,139.99000549316406,49435800.0,0.0120734389858068,0.0120011364001249,3.019989013671875,19.92538985932929,AMD
2024-07-29,141.19000244140625,144.58999633789062,138.75,139.75,139.75,47447200.0,-0.0017144473444269,-0.0017159186912135,5.839996337890625,20.3524274535187,AMD
2024-07-30,139.8800048828125,141.6999969482422,134.0500030517578,138.44000244140625,138.44000244140625,68801700.0,-0.0093738644622093,-0.0094180756329435,7.649993896484375,10.376032007336107,AMD
2024-07-31,150.72999572753906,153.60000610351562,140.02999877929688,144.47999572753906,144.47999572753906,114306800.0,0.043628959690962,0.042704023695113,13.57000732421875,19.52487697503452,AMD
2024-08-01,145.0,147.2899932861328,130.24000549316406,132.5399932861328,132.5399932861328,94731900.0,-0.0826412153549807,-0.0862566240927022,17.04998779296875,16.422592787959346,AMD
2024-08-02,133.5,137.10000610351562,131.3300018310547,132.5,132.5,78562000.0,-0.0003017450442032,-0.0003017905783991,5.7700042724609375,16.823201412032176,AMD
2024-08-05,122.16000366210938,139.13999938964844,121.83000183105467,134.82000732421875,134.82000732421875,76089400.0,0.0175094892393867,0.0173579643249211,17.309997558593764,20.06444739628799,AMD
2024-08-06,135.14999389648438,136.44000244140625,129.10000610351562,130.17999267578125,130.17999267578125,64455600.0,-0.0344163654974374,-0.0350225578692011,7.339996337890625,24.73656243031536,AMD
2024-08-07,133.75,136.24000549316406,128.3699951171875,128.6699981689453,128.6699981689453,54676500.0,-0.0115992824688248,-0.0116670789157245,7.870010375976562,25.690697119280276,AMD
2024-08-08,131.97000122070312,136.47999572753906,128.94000244140625,136.32000732421875,136.32000732421875,49037500.0,0.0594544902785254,0.0577541438428623,7.5399932861328125,37.11149046158097,AMD
2024-08-09,134.69000244140625,135.5,132.44000244140625,134.27000427246094,134.27000427246094,40583000.0,-0.0150381671186545,-0.0151523869045963,3.05999755859375,31.039336114168734,AMD
2024-08-12,134.44000244140625,137.99000549316406,133.22999572753906,136.77000427246094,136.77000427246094,39724300.0,0.0186191995267013,0.0184479842272109,4.760009765625,35.04081241708549,AMD
2024-08-13,138.1199951171875,141.19000244140625,137.52000427246094,141.1300048828125,141.1300048828125,42218000.0,0.0318783393591621,0.0313807718921427,3.669998168945313,46.67173938530723,AMD
2024-08-14,143.0,143.25,137.63999938964844,140.75,140.75,35506400.0,-0.00269258747017,-0.0026962190040923,5.6100006103515625,52.60449239448708,AMD
2024-08-15,143.0,147.9600067138672,141.80999755859375,147.36000061035156,147.36000061035156,43582400.0,0.0469627041588032,0.0458933096291048,6.1500091552734375,57.14284869228194,AMD
2024-08-16,145.6999969482422,149.3699951171875,145.1999969482422,148.55999755859375,148.55999755859375,31123900.0,0.0081433017323011,0.0081103239617392,4.1699981689453125,58.38248762020466,AMD
2024-08-19,148.42999267578125,155.3699951171875,147.72000122070312,155.27999877929688,155.27999877929688,60766900.0,0.0452342577486424,0.0442410303888077,7.649993896484375,64.52725151297838,AMD
2024-08-20,156.49000549316406,162.0399932861328,154.50999450683594,156.39999389648438,156.39999389648438,76851200.0,0.0072127455306034,0.007186858086722,7.529998779296875,61.23679564422757,AMD
2024-08-21,156.1199951171875,158.64999389648438,155.07000732421875,157.80999755859375,157.80999755859375,42791200.0,0.0090153690353889,0.0089749732033251,3.579986572265625,79.72240578304535,AMD
2024-08-22,158.8699951171875,159.83999633789062,151.00999450683594,151.6999969482422,151.6999969482422,45737300.0,-0.0387174494954476,-0.0394868960520715,8.830001831054688,69.76120230885616,AMD
2024-08-23,153.60000610351562,156.39999389648438,151.8300018310547,154.97999572753906,154.97999572753906,43694600.0,0.0216216140097613,0.0213911825305548,4.569992065429688,70.34717270544607,AMD
2024-08-26,154.6999969482422,158.27999877929688,148.91000366210938,149.99000549316406,149.99000549316406,49893300.0,-0.0321976408048662,-0.0327273869371797,9.3699951171875,69.85369118033418,AMD
2024-08-27,150.1300048828125,151.6999969482422,148.44000244140625,150.5,150.5,35102700.0,0.0034001899337163,0.0033944223581275,3.259994506835937,72.32563111432232,AMD
2024-08-28,149.39999389648438,150.42999267578125,144.72000122070312,146.36000061035156,146.36000061035156,34075800.0,-0.0275083015923484,-0.0278937398677169,5.709991455078125,61.0621370446698,AMD
2024-08-29,146.58999633789062,149.49000549316406,144.47000122070312,145.49000549316406,145.49000549316406,31602100.0,-0.0059442136755906,-0.005961950837617,5.0200042724609375,62.6923143311849,AMD
2024-08-30,147.52000427246094,148.99000549316406,145.25,148.55999755859375,148.55999755859375,31169100.0,0.0211010512716898,0.0208815071270475,3.7400054931640634,63.167299751707965,AMD
2024-09-03,146.41000366210938,146.49000549316406,136.10000610351562,136.94000244140625,136.94000244140625,42172700.0,-0.0782175236143527,-0.0814460090894356,10.389999389648438,45.97347203795139,AMD
2024-09-04,140.50999450683594,143.3699951171875,138.50999450683594,140.8699951171875,140.8699951171875,42130600.0,0.0286986461641316,0.0282945530891729,4.8600006103515625,50.107948193652255,AMD
2024-09-05,138.1999969482422,141.7100067138672,137.8300018310547,139.44000244140625,139.44000244140625,25023000.0,-0.0101511515961341,-0.0102030258899652,3.8800048828125,42.14285087152298,AMD
2024-09-06,138.6999969482422,139.1300048828125,132.11000061035156,134.35000610351562,134.35000610351562,39993500.0,-0.0365031285769625,-0.0371860382289531,7.0200042724609375,36.91287051574139,AMD
2024-09-09,136.10000610351562,138.4499969482422,134.86000061035156,138.14999389648438,138.14999389648438,27194500.0,0.0282842398238589,0.0278916266976097,3.589996337890625,33.326818314134826,AMD
2024-09-10,139.05999755859375,143.0800018310547,137.25,142.83999633789062,142.83999633789062,37217500.0,0.033948625759046,0.0333850898993325,5.830001831054688,37.65925371277229,AMD
2024-09-11,145.32000732421875,150.16000366210938,140.7100067138672,149.86000061035156,149.86000061035156,50935400.0,0.0491459286785123,0.0479764319205711,9.449996948242188,43.43517377269952,AMD
2024-09-12,148.42999267578125,151.5399932861328,147.64999389648438,150.77000427246094,150.77000427246094,29233700.0,0.0060723585907054,0.006053996119457,3.8899993896484375,49.15989738144033,AMD
2024-09-13,152.32000732421875,153.02999877929688,150.6999969482422,152.30999755859375,152.30999755859375,25117200.0,0.0102141887808786,0.010162376469787,2.3300018310546875,47.509791850072624,AMD
2024-09-16,151.6999969482422,154.44000244140625,150.91000366210938,152.0800018310547,152.0800018310547,27677800.0,-0.001510050103248,-0.0015111913779712,3.529998779296875,52.13920029486823,AMD
2024-09-17,153.5500030517578,154.0399932861328,149.22999572753906,150.82000732421875,150.82000732421875,29889000.0,-0.0082850768783897,-0.0083195888831002,4.80999755859375,50.32258838571062,AMD
2024-09-18,150.89999389648438,152.82000732421875,148.00999450683594,148.2899932861328,148.2899932861328,26320100.0,-0.0167750557964577,-0.0169173506254248,4.8100128173828125,52.0108296476708,AMD
2024-09-19,153.80999755859375,159.25,152.77000427246094,156.74000549316406,156.74000549316406,44500000.0,0.056983023734626,0.0554186459593384,6.479995727539063,60.122372409066415,AMD
2024-09-20,156.0,157.4499969482422,152.47000122070312,155.9499969482422,155.9499969482422,40248200.0,-0.0050402482916611,-0.0050529931860726,4.979995727539063,56.93375897982283,AMD
2024-09-23,156.4499969482422,157.19000244140625,154.97000122070312,156.75,156.75,21728500.0,0.0051298689798842,0.0051167560280402,2.220001220703125,73.32234164021739,AMD
2024-09-24,157.4600067138672,159.63999938964844,154.5800018310547,158.32000732421875,158.32000732421875,27531200.0,0.0100159956887957,0.0099661680433984,5.05999755859375,71.752686740342,AMD
2024-09-25,158.5,162.9499969482422,158.17999267578125,162.02000427246094,162.02000427246094,35233300.0,0.0233703687283508,0.0231014632158763,4.7700042724609375,76.63991399202928,AMD
2024-09-26,167.05999755859375,168.67999267578125,164.0500030517578,167.49000549316406,167.49000549316406,38044900.0,0.0337612706854673,0.0332038700150406,4.6299896240234375,88.75114592510994,AMD
2024-09-27,167.47999572753906,168.72999572753906,163.74000549316406,164.35000610351562,164.35000610351562,27876000.0,-0.0187473836447906,-0.0189253435398156,4.989990234375,81.11637697947278,AMD
2024-09-30,163.10000610351562,165.0800018310547,162.17999267578125,164.0800018310547,164.0800018310547,21881600.0,-0.0016428613473301,-0.0016442123238809,2.900009155273437,78.18469190276662,AMD
2024-10-01,164.47999572753906,165.39999389648438,158.0800018310547,159.75,159.75,31831900.0,-0.0263895769303628,-0.0267440316660048,7.319992065429687,64.13259389989216,AMD
2024-10-02,159.30999755859375,163.10000610351562,158.6699981689453,159.77999877929688,159.77999877929688,24630400.0,0.0001877857858958,0.0001877681563521,4.4300079345703125,63.20725049039672,AMD
2024-10-03,159.7100067138672,166.7899932861328,159.39999389648438,162.85000610351562,162.85000610351562,29598800.0,0.0192139651250049,0.0190317077876166,7.389999389648437,64.78674970223136,AMD
2024-10-04,166.52999877929688,171.2100067138672,164.4199981689453,170.89999389648438,170.89999389648438,44556500.0,0.0494319158198359,0.0482489852059722,6.790008544921875,71.6520662018814,AMD
2024-10-07,171.0800018310547,172.41000366210938,168.2100067138672,170.97000122070312,170.97000122070312,38379900.0,0.0004096391265007,0.0004095552472997,4.199996948242188,73.83483562617997,AMD
2024-10-08,171.75,173.60000610351562,170.0,172.8000030517578,172.8000030517578,34730200.0,0.0107036428495568,0.0106467643757054,3.600006103515625,79.48037942484291,AMD
2024-10-09,174.0500030517578,174.0500030517578,169.5500030517578,171.02000427246094,171.02000427246094,33890700.0,-0.0103009186797509,-0.0103543403205518,4.5,70.45843666164161,AMD
2024-10-10,169.75999450683594,172.00999450683594,162.0,164.17999267578125,164.17999267578125,75113600.0,-0.0399953889942752,-0.0408171914008268,10.009994506835938,60.04882809225022,AMD
2024-10-11,164.19000244140625,169.35000610351562,163.00999450683594,167.88999938964844,167.88999938964844,42136200.0,0.0225971913715066,0.0223456571036694,6.340011596679688,62.699488695249215,AMD
2024-10-14,167.77000427246094,168.89999389648438,165.14999389648438,165.27000427246094,165.27000427246094,31757200.0,-0.0156054269266322,-0.0157284734087464,3.75,57.737690959876296,AMD
2024-10-15,163.2100067138672,164.1300048828125,155.74000549316406,156.63999938964844,156.63999938964844,50768000.0,-0.0522176115430192,-0.0536303511184589,8.389999389648438,44.602726741686965,AMD
2024-10-16,158.07000732421875,158.27999877929688,154.9199981689453,156.1300048828125,156.1300048828125,30575800.0,-0.003255838284111,-0.0032611500582291,3.3600006103515625,37.34403352036221,AMD
2024-10-17,160.0,160.44000244140625,156.1999969482422,156.25,156.25,29491900.0,0.0007685589792785,0.0007682637890639,4.240005493164063,40.324888876252224,AMD
2024-10-18,157.41000366210938,158.00999450683594,155.55999755859375,155.97000122070312,155.97000122070312,23823000.0,-0.0017919921875,-0.0017935997262517,2.4499969482421875,40.3152631949134,AMD
2024-10-21,155.75999450683594,158.0,154.14999389648438,157.89999389648438,157.89999389648438,25781200.0,0.0123741274647439,0.012298193717026,3.850006103515625,47.65644027577932,AMD
2024-10-22,156.60000610351562,156.74000549316406,151.91000366210938,154.08999633789062,154.08999633789062,34997400.0,-0.0241291811644495,-0.0244250590795651,4.830001831054688,43.4219624954841,AMD
2024-10-23,153.0,153.4499969482422,150.52000427246094,152.91000366210938,152.91000366210938,26095900.0,-0.0076578149381855,-0.0076872865582169,2.92999267578125,37.98355178693175,AMD
2024-10-24,154.74000549316406,155.19000244140625,152.35000610351562,153.44000244140625,153.44000244140625,22877000.0,0.0034660830985788,0.0034600900767709,2.839996337890625,24.20213749324762,AMD
2024-10-25,155.39999389648438,158.91000366210938,155.0500030517578,156.22999572753906,156.22999572753906,29758500.0,0.0181829590832951,0.0180196260302868,3.8600006103515625,29.841339401793405,AMD
2024-10-28,158.5,160.27999877929688,157.0399932861328,159.9199981689453,159.9199981689453,36010100.0,0.0236190395078901,0.0233444256657669,3.2400054931640625,33.237883118100385,AMD
2024-10-29,161.10000610351562,167.50999450683594,158.94000244140625,166.25,166.25,71896000.0,0.0395823030485995,0.0388190007936356,8.569992065429688,44.44960922643915,AMD
2024-10-30,153.00999450683594,153.1199951171875,148.10000610351562,148.60000610351562,148.60000610351562,87701700.0,-0.1061653768209586,-0.1122345061788491,5.019989013671875,35.51506529676064,AMD
2024-10-31,147.8000030517578,148.67999267578125,143.3300018310547,144.07000732421875,144.07000732421875,44386600.0,-0.0304845127404722,-0.0309588299458167,5.3499908447265625,28.18680460323905,AMD
2024-11-01,144.44000244140625,144.5399932861328,141.32000732421875,141.86000061035156,141.86000061035156,39027400.0,-0.0153398112134035,-0.0154586833348645,3.2199859619140625,28.400059244341804,AMD
2024-11-04,141.6999969482422,143.63999938964844,139.72000122070312,140.7100067138672,140.7100067138672,29117400.0,-0.0081065408962113,-0.0081395775620548,3.919998168945313,32.947970458489266,AMD
2024-11-05,141.94000244140625,143.0800018310547,140.8000030517578,141.66000366210938,141.66000366210938,27067300.0,0.006751452653783,0.0067287636624983,2.279998779296875,34.65534203662112,AMD
2024-11-06,144.9499969482422,145.6300048828125,141.52000427246094,145.10000610351562,145.10000610351562,32911500.0,0.024283512300419,0.023993355777466,4.1100006103515625,38.953833595356144,AMD
2024-11-07,146.67999267578125,150.1199951171875,145.66000366210938,149.82000732421875,149.82000732421875,30326400.0,0.0325292971892492,0.0320114204521822,4.459991455078125,44.399929972378,AMD
2024-11-08,149.38999938964844,150.7100067138672,147.52999877929688,147.9499969482422,147.9499969482422,27560300.0,-0.0124817132863286,-0.01256026418726,3.1800079345703125,40.92980983678796,AMD
2024-11-11,147.3800048828125,148.57000732421875,144.91000366210938,147.35000610351562,147.35000610351562,29868100.0,-0.0040553623325619,-0.0040636076136708,3.660003662109375,43.47405857320232,AMD
2024-11-12,147.0,147.4499969482422,141.5500030517578,143.6300048828125,143.6300048828125,33560300.0,-0.0252460201331092,-0.0255701681660926,5.899993896484375,41.435954195463474,AMD
2024-11-13,142.86000061035156,144.49000549316406,139.07000732421875,139.3000030517578,139.3000030517578,35146600.0,-0.0301469169661835,-0.0306106797459322,5.4199981689453125,37.80613967609152,AMD
2024-11-14,140.33999633789062,141.39999389648438,138.55999755859375,138.83999633789062,138.83999633789062,31681400.0,-0.0033022735376126,-0.0033077380764557,2.839996337890625,34.37556466421485,AMD
2024-11-15,136.57000732421875,137.35000610351562,133.64999389648438,134.89999389648438,134.89999389648438,44217500.0,-0.0283780073849727,-0.0287884466481454,3.70001220703125,27.620751185422108,AMD
2024-11-18,138.19000244140625,140.89999389648438,137.2100067138672,138.92999267578125,138.92999267578125,38705400.0,0.0298739730291559,0.0294364384730309,3.689987182617188,24.51492144286638,AMD
2024-11-19,137.41000366210938,139.75,137.13999938964844,139.38999938964844,139.38999938964844,23131400.0,0.0033110684381931,0.0033055989210635,2.6100006103515625,37.35237307363651,AMD
2024-11-20,138.9600067138672,140.77000427246094,135.47999572753906,137.60000610351562,137.60000610351562,28843100.0,-0.012841619154679,-0.0129247855068749,5.290008544921875,40.39204241098741,AMD
2024-11-21,138.8699951171875,140.27999877929688,134.92999267578125,137.49000549316406,137.49000549316406,29311400.0,-0.0007994230048856,-0.0007997427138558,5.350006103515625,43.078881686170725,AMD
2024-11-22,137.35000610351562,139.1300048828125,137.0399932861328,138.35000610351562,138.35000610351562,21784700.0,0.0062550045529987,0.006235523207087,2.0900115966796875,46.227622200747625,AMD
2024-11-25,140.49000549316406,142.35000610351562,139.0500030517578,141.1300048828125,141.1300048828125,30923100.0,0.0200939548728089,0.0198947356744737,3.3000030517578125,49.19963979873708,AMD
2024-11-26,142.5500030517578,142.8000030517578,136.6199951171875,137.72000122070312,137.72000122070312,32092400.0,-0.0241621451436984,-0.02445883868991,6.1800079345703125,38.84522208261145,AMD
2024-11-27,137.1999969482422,137.94000244140625,132.9600067138672,136.24000549316406,136.24000549316406,30175300.0,-0.0107464109382869,-0.0108045706597902,4.979995727539063,27.24531408599429,AMD
2024-11-29,136.24000549316406,138.58999633789062,135.77999877929688,137.17999267578125,137.17999267578125,16085700.0,0.0068994946030322,0.0068758020056805,2.80999755859375,31.373212395989757,AMD
2024-12-02,137.9199981689453,142.82000732421875,137.8000030517578,142.05999755859375,142.05999755859375,33102400.0,0.0355737362834402,0.0349556077040513,5.0200042724609375,42.03071986171005,AMD
2024-12-03,142.5800018310547,143.4499969482422,141.0800018310547,141.97999572753906,141.97999572753906,22665300.0,-0.0005631552332083,-0.0005633138646756,2.3699951171875,47.20810662458581,AMD
2024-12-04,142.9600067138672,144.1199951171875,141.17999267578125,143.99000549316406,143.99000549316406,25942700.0,0.0141569927180602,0.0140577183505523,2.94000244140625,58.611826201173855,AMD
2024-12-05,143.67999267578125,143.9499969482422,140.3800048828125,141.36000061035156,141.36000061035156,29576900.0,-0.0182651905165553,-0.0184340585406488,3.5699920654296875,54.2857202172145,AMD
2024-12-06,141.47999572753906,142.7899932861328,137.39999389648438,138.58999633789062,138.58999633789062,33576800.0,-0.0195953895055238,-0.0197899246724927,5.3899993896484375,56.53560220574007,AMD
2024-12-09,135.7100067138672,135.77000427246094,130.0,130.8699951171875,130.8699951171875,57055600.0,-0.0557038850183768,-0.0573154808996736,5.7700042724609375,37.374695852116005,AMD
2024-12-10,131.55999755859375,131.55999755859375,127.06999969482422,127.73999786376952,127.73999786376952,38907200.0,-0.0239168439688197,-0.0242074953468118,4.489997863769531,33.15987252141203,AMD
2024-12-11,128.52000427246094,131.2100067138672,126.22000122070312,130.14999389648438,130.14999389648438,45588100.0,0.0188664167294339,0.0186906531343908,4.990005493164063,39.4206038249673,AMD
2024-12-12,130.0,132.32000732421875,129.07000732421875,130.60000610351562,130.60000610351562,34267100.0,0.0034576429361123,0.0034516790321885,3.25,40.30942919710912,AMD
2024-12-13,131.3000030517578,131.3000030517578,124.7699966430664,126.91000366210938,126.91000366210938,67544700.0,-0.0282542287056364,-0.0286610608987238,6.530006408691406,35.096409018027074,AMD
2024-12-16,126.01000213623048,127.76000213623048,123.12000274658205,126.69000244140624,126.69000244140624,42090300.0,-0.0017335215062233,-0.001735025793357,4.6399993896484375,29.84367205807368,AMD
2024-12-17,124.4499969482422,127.08000183105467,123.1500015258789,125.0199966430664,125.0199966430664,43314900.0,-0.0131818278171729,-0.0132694792321782,3.930000305175767,31.36737769079798,AMD
2024-12-18,125.43000030517578,127.75,120.43000030517578,121.41000366210938,121.41000366210938,49724400.0,-0.0288753245711852,-0.0293004199334489,7.319999694824219,29.52224132554593,AMD
2024-12-19,122.16000366210938,123.37999725341795,118.4499969482422,118.87999725341795,118.87999725341795,46160700.0,-0.0208385333364503,-0.021058719853415,4.930000305175753,25.793683231517363,AMD
2024-12-20,118.0,121.86000061035156,117.9000015258789,119.20999908447266,119.20999908447266,53591200.0,0.0027759239458193,0.0027720781843265,3.959999084472656,15.63913946035352,AMD
2024-12-23,120.70999908447266,126.33999633789062,120.47000122070312,124.5999984741211,124.5999984741211,47777900.0,0.0452143228843502,0.0442219580571776,5.8699951171875,27.46371737551449,AMD
2024-12-24,127.51000213623048,127.51000213623048,124.66000366210938,126.29000091552734,126.29000091552734,24829600.0,0.0135634226492968,0.01347226280035,2.849998474121108,26.85670575198864,AMD
2024-12-26,125.5199966430664,127.3000030517578,125.0500030517578,125.05999755859376,125.05999755859376,24998200.0,-0.0097395149894432,-0.0097872542902113,2.25,27.877319259692527,AMD
2024-12-27,124.37000274658205,126.18000030517578,122.26000213623048,125.19000244140624,125.19000244140624,32924000.0,0.0010395401035536,0.0010390001559059,3.9199981689452974,30.40938138152606,AMD
2024-12-30,123.55999755859376,124.0999984741211,122.3499984741211,122.44000244140624,122.44000244140624,30501600.0,-0.0219666103232732,-0.0222114687563534,1.75,35.57990915730109,AMD
2024-12-31,123.0999984741211,123.5500030517578,120.13999938964844,120.79000091552734,120.79000091552734,30203400.0,-0.0134760004326894,-0.0135676258201415,3.410003662109361,37.47749674754459,AMD
2025-01-02,122.29000091552734,123.13999938964844,119.44000244140624,120.62999725341795,120.62999725341795,34256200.0,-0.001324643272594,-0.0013255213880393,3.6999969482422017,31.3333678400857,AMD
2025-01-03,121.6500015258789,125.55999755859376,121.41999816894533,125.37000274658205,125.37000274658205,36785300.0,0.03929375446479,0.0385414002270989,4.1399993896484375,41.221890167055165,AMD
2025-01-06,129.07000732421875,130.72999572753906,127.36000061035156,129.5500030517578,129.5500030517578,48020200.0,0.0333413114269851,0.0327975435289782,3.3699951171875,54.35930785232248,AMD
2025-01-07,130.50999450683594,131.7100067138672,126.8499984741211,127.33000183105467,127.33000183105467,39220400.0,-0.017136249852624,-0.0172847745989897,4.860008239746094,50.99132405327524,AMD
2025-01-08,124.51000213623048,125.3000030517578,120.12000274658205,121.83999633789062,121.83999633789062,46723100.0,-0.0431163544664702,-0.0440734774355337,5.180000305175753,45.595570981526095,AMD
2025-01-10,118.18000030517578,118.70999908447266,114.4499969482422,116.04000091552734,116.04000091552734,59415600.0,-0.0476033781737693,-0.0487737113872375,4.260002136230455,42.98772742461222,AMD
2025-01-13,115.27999877929688,117.4800033569336,114.41000366210938,117.31999969482422,117.31999969482422,39128900.0,0.011030668469476,0.010970274365065,3.0699996948242188,47.894173115464575,AMD
2025-01-14,118.0,118.66000366210938,114.5,116.08999633789062,116.08999633789062,37005300.0,-0.0104841745664261,-0.0105395207035143,4.160003662109375,45.88824372219289,AMD
2025-01-15,117.5500030517578,120.41999816894533,117.45999908447266,119.95999908447266,119.95999908447266,38185800.0,0.0333362293794723,0.0327926254443593,2.9599990844726705,43.629879551185816,AMD
2025-01-16,120.23999786376952,121.08999633789062,118.25,118.44000244140624,118.44000244140624,29414100.0,-0.0126708624096943,-0.0127518224024582,2.839996337890625,39.17242273427643,AMD
2025-01-17,120.77999877929688,122.73999786376952,120.5500030517578,121.45999908447266,121.45999908447266,35765900.0,0.0254981136509218,0.0251784590853317,2.1899948120117188,45.26814281883544,AMD
2025-01-21,122.38999938964844,123.75,121.12000274658205,122.27999877929688,122.27999877929688,31578800.0,0.0067511913469875,0.0067285041080385,2.6299972534179545,46.243218646211325,AMD
2025-01-22,123.08000183105467,125.6500015258789,121.91000366210938,123.75,123.75,35023800.0,0.0120215998967772,0.0119499144090177,3.7399978637695312,51.74899483523775,AMD
2025-01-23,121.43000030517578,123.70999908447266,120.62999725341795,123.04000091552734,123.04000091552734,24921100.0,-0.0057373663391729,-0.0057538882505739,3.0800018310547017,53.08134675181383,AMD
2025-01-24,124.5500030517578,125.25,122.2300033569336,122.83999633789062,122.83999633789062,31570300.0,-0.0016255248386581,-0.0016268474376313,3.0199966430664062,53.02325367802462,AMD
2025-01-27,117.8000030517578,118.08000183105467,112.8000030517578,115.01000213623048,115.01000213623048,61067900.0,-0.0637414069935538,-0.0658635660818024,5.279998779296875,36.9323905526384,AMD
2025-01-28,115.18000030517578,116.1500015258789,112.9499969482422,114.16999816894533,114.16999816894533,40554800.0,-0.0073037470801031,-0.007330550028523,3.2000045776367045,28.815422052605427,AMD
2025-01-29,115.7699966430664,118.5199966430664,114.95999908447266,117.3499984741211,117.3499984741211,40199100.0,0.0278532044860866,0.0274723596439608,3.55999755859375,36.60761837795315,AMD
2025-01-30,118.52999877929688,120.44000244140624,117.08999633789062,118.86000061035156,118.86000061035156,29788400.0,0.0128675087845311,0.0127854257793308,3.350006103515611,45.52284279320214,AMD
2025-01-31,119.13999938964844,119.56999969482422,115.33000183105467,115.9499969482422,115.9499969482422,40463400.0,-0.0244826152378122,-0.0247872976916217,4.2399978637695455,49.85191848223539,AMD
2025-02-03,113.87999725341795,115.16000366210938,112.9800033569336,114.2699966430664,114.2699966430664,34586100.0,-0.0144890068942883,-0.0145949976005251,2.180000305175781,45.04708963086527,AMD
2025-02-04,115.4499969482422,119.8499984741211,114.79000091552734,119.5,119.5,69412100.0,0.0457688239308349,0.0447523315901518,5.05999755859375,54.90083763231372,AMD
2025-02-05,107.61000061035156,112.08999633789062,106.5,112.01000213623048,112.01000213623048,110385200.0,-0.0626778063913767,-0.0647281992761338,5.589996337890625,39.65113747686951,AMD
2025-02-06,110.93000030517578,112.55999755859376,109.0199966430664,110.16000366210938,110.16000366210938,50426600.0,-0.0165163685281523,-0.0166542844314835,3.540000915527358,39.31337428339042,AMD
2025-02-07,109.12999725341795,109.91999816894533,106.79000091552734,107.55999755859376,107.55999755859376,46082500.0,-0.0236020880272529,-0.0238850789613713,3.129997253417983,31.86326187149851,AMD
2025-02-10,108.44000244140624,111.4000015258789,108.1500015258789,110.4800033569336,110.4800033569336,34905400.0,0.0271476930514911,0.0267857307834486,3.25,35.40327897691418,AMD
2025-02-11,108.9800033569336,113.06999969482422,108.94000244140624,111.0999984741211,111.0999984741211,35033800.0,0.0056118310857073,0.0055961434252753,4.129997253417983,34.01567254813003,AMD
2025-02-12,109.5199966430664,111.83999633789062,109.05999755859376,111.72000122070312,111.72000122070312,25319700.0,0.0055805828541612,0.0055650690921264,2.779998779296861,35.66363429940719,AMD
2025-02-13,112.0,114.5999984741211,110.4000015258789,111.80999755859376,111.80999755859376,40911800.0,0.0008055526038963,0.0008052283205373,4.199996948242188,35.991877225885446,AMD
2025-02-14,112.6500015258789,114.62999725341795,111.6999969482422,113.0999984741211,113.0999984741211,32477200.0,0.0115374380081827,0.0114713893066964,2.930000305175753,47.09107117294151,AMD
2025-02-18,114.0500030517578,115.5500030517578,113.4499969482422,114.27999877929688,114.27999877929688,31720300.0,0.0104332477550455,0.0103791970502249,2.1000061035155966,50.16581333406935,AMD
2025-02-19,114.25,116.11000061035156,113.13999938964844,114.69000244140624,114.69000244140624,28807700.0,0.0035877114673512,0.0035812909825469,2.970001220703125,45.62500894069175,AMD
2025-02-20,115.01000213623048,116.5500030517578,113.11000061035156,114.16999816894533,114.16999816894533,27219600.0,-0.0045339982683021,-0.0045443080131637,3.440002441406236,42.02652257038572,AMD
2025-02-21,114.8499984741211,115.76000213623048,110.43000030517578,110.83999633789062,110.83999633789062,41353700.0,-0.0291670481252619,-0.0296008626950926,5.330001831054702,41.43480106806344,AMD
2025-02-24,111.48999786376952,111.5999984741211,107.9800033569336,108.11000061035156,108.11000061035156,29072200.0,-0.0246300597053142,-0.0249384540048429,3.6199951171875,40.02591720084346,AMD
2025-02-25,107.88999938964844,108.63999938964844,103.62000274658205,103.95999908447266,103.95999908447266,39169200.0,-0.03838684212792,-0.0391430319835783,5.019996643066392,23.92618230610907,AMD
2025-02-26,104.9499969482422,105.8000030517578,103.98999786376952,104.73999786376952,104.73999786376952,29178200.0,0.0075028740493068,0.007474867489031,1.8100051879882808,34.25725287745979,AMD
2025-02-27,105.08000183105467,105.76000213623048,99.5,99.51000213623048,99.51000213623048,47263700.0,-0.0499331280714885,-0.0512229053612198,6.260002136230483,29.882890130126185,AMD
2025-02-28,99.55999755859376,101.8000030517578,98.69000244140624,99.86000061035156,99.86000061035156,45194600.0,0.0035172190393677,0.0035110480899696,3.1100006103515625,34.10405334401817,AMD
2025-03-03,101.5199966430664,102.33999633789062,97.08999633789062,98.2300033569336,98.2300033569336,38958000.0,-0.0163228243886972,-0.0164575093235384,5.25,23.288260111529496,AMD
2025-03-04,96.0,103.18000030517578,95.88999938964844,100.75,100.75,54156900.0,0.0256540421149087,0.025330498965795,7.290000915527344,29.158274484355047,AMD
2025-03-05,100.36000061035156,101.83999633789062,98.87000274658205,101.66999816894533,101.66999816894533,27855500.0,0.0091314954734027,0.0090900554504937,2.9699935913085795,30.003964979455542,AMD
2025-03-06,99.0500030517578,101.08000183105467,98.2699966430664,98.8499984741211,98.8499984741211,28985000.0,-0.0277367930128042,-0.0281287220969668,2.810005187988267,26.740842875783983,AMD
2025-03-07,98.87999725341795,100.6500015258789,96.38999938964844,100.30999755859376,100.30999755859376,33254400.0,0.0147698442793087,0.0146618323764616,4.260002136230469,27.18514992186876,AMD
2025-03-10,98.56999969482422,101.29000091552734,95.83000183105467,96.62999725341795,96.62999725341795,38733200.0,-0.0366862764902992,-0.0373761429692632,5.459999084472671,21.09399501752658,AMD
2025-03-11,96.79000091552734,98.16000366210938,94.7300033569336,96.76000213623048,96.76000213623048,34078300.0,0.0013453884560461,0.0013444842319282,3.430000305175781,20.363628384583198,AMD
2025-03-12,99.0500030517578,101.72000122070312,98.16999816894533,100.79000091552734,100.79000091552734,34241300.0,0.041649428382845,0.0408054456308542,3.5500030517577983,30.18364565426039,AMD
2025-03-13,99.72000122070312,100.06999969482422,97.2699966430664,98.11000061035156,98.11000061035156,28575200.0,-0.0265899422644305,-0.0269498490539064,2.8000030517578125,30.776198490618924,AMD
2025-03-14,99.63999938964844,101.22000122070312,99.58000183105467,100.97000122070312,100.97000122070312,24715300.0,0.0291509590516687,0.0287341507095963,1.6399993896484517,39.25992556059082,AMD
2025-03-17,102.5999984741211,106.1500015258789,102.5999984741211,104.58999633789062,104.58999633789062,43689500.0,0.0358521845441479,0.0352244546462326,3.5500030517578125,50.96300453215648,AMD
2025-03-18,103.8499984741211,104.5500030517578,102.97000122070312,103.51000213623048,103.51000213623048,27152800.0,-0.0103259799165791,-0.0103796627186502,1.5800018310546733,48.136933503810354,AMD
2025-03-19,104.41999816894533,107.9000015258789,101.95999908447266,106.2300033569336,106.2300033569336,32287500.0,0.026277665583692,0.0259383393589664,5.94000244140625,61.01640095515061,AMD
2025-03-20,105.12000274658205,108.26000213623048,105.12000274658205,107.13999938964844,107.13999938964844,26871800.0,0.0085662807489259,0.0085297983635087,3.139999389648437,61.719257771989525,AMD
2025-03-21,105.33000183105467,107.25,104.33000183105467,106.44000244140624,106.44000244140624,30767900.0,-0.0065334791135889,-0.0065549157096351,2.9199981689453267,63.62430134531141,AMD
2025-03-24,109.7300033569336,114.8499984741211,109.4000015258789,113.8499984741211,113.8499984741211,53342000.0,0.0696166465873011,0.0673003100607982,5.449996948242188,68.70360570780096,AMD
2025-03-25,113.2699966430664,114.9499969482422,112.70999908447266,114.80999755859376,114.80999755859376,29077500.0,0.008432139634072,0.008396787733757,2.239997863769545,68.73931264038545,AMD
2025-03-26,114.11000061035156,115.9000015258789,108.68000030517578,110.19000244140624,110.19000244140624,39824000.0,-0.0402403555041424,-0.0410723961849503,7.220001220703125,65.38254316478482,AMD
2025-03-27,106.11000061035156,107.62000274658205,105.5500030517578,106.6500015258789,106.6500015258789,32773700.0,-0.0321263348497494,-0.0326537114313077,2.069999694824247,58.14073869584304,AMD
2025-03-28,105.52999877929688,106.51000213623048,102.4800033569336,103.22000122070312,103.22000122070312,31069100.0,-0.0321612776005773,-0.0326898146779019,4.029998779296889,58.51642213744237,AMD
2025-03-31,100.23999786376952,102.81999969482422,98.8000030517578,102.73999786376952,102.73999786376952,30865300.0,-0.004650294044342,-0.0046611403002741,4.0199966430664205,57.65881031407167,AMD
2025-04-01,102.16000366210938,102.83000183105467,100.93000030517578,102.77999877929688,102.77999877929688,23523200.0,0.0003893412143185,0.0003892654406951,1.900001525878892,52.838800271045,AMD
2025-04-02,101.5199966430664,104.19000244140624,100.76000213623048,102.95999908447266,102.95999908447266,20794000.0,0.0017513164751277,0.0017497847085742,3.430000305175753,57.45007900119795,AMD
2025-04-03,97.79000091552734,99.4499969482422,93.63999938964844,93.8000030517578,93.8000030517578,50472500.0,-0.0889665512253901,-0.0931756658488931,5.809997558593764,40.7721973298477,AMD
2025-04-04,90.0999984741211,91.08000183105467,83.66999816894531,85.76000213623047,85.76000213623047,65847000.0,-0.0857142926860135,-0.0896121663150144,7.410003662109361,28.24127304974733,AMD
2025-04-07,80.68000030517578,89.0,77.75,83.63999938964844,83.63999938964844,70515400.0,-0.0247201806643426,-0.0250308549688269,11.25,27.57841653955313,AMD
2025-04-08,86.1500015258789,88.93000030517578,76.4800033569336,78.20999908447266,78.20999908447266,69910200.0,-0.0649210945098095,-0.0671243623555621,12.449996948242188,20.20415693385894,AMD
2025-04-09,79.22000122070312,97.91000366210938,78.87000274658203,96.83999633789062,96.83999633789062,97827400.0,0.238204800811929,0.2136625893462689,19.040000915527344,42.045099934005854,AMD
2025-04-10,91.0,92.9499969482422,85.05999755859375,88.69999694824219,88.69999694824219,65210600.0,-0.0840561720102368,-0.0878002393436287,7.889999389648452,37.711272310009264,AMD
2025-04-11,90.51000213623048,94.76000213623048,90.5,93.4000015258789,93.4000015258789,57892600.0,0.0529876520782661,0.0516315066616837,4.260002136230483,35.28141889383777,AMD
2025-04-14,97.11000061035156,97.37000274658205,93.4499969482422,94.5,94.5,36003000.0,0.0117772853977557,0.0117084729278671,3.920005798339844,35.41158067769541,AMD
2025-04-15,94.66000366210938,96.8499984741211,94.62000274658205,95.29000091552734,95.29000091552734,28116500.0,0.0083597980479084,0.0083250484682006,2.2299957275390483,38.67436905272923,AMD
2025-04-16,87.61000061035156,90.47000122070312,85.30000305175781,88.29000091552734,88.29000091552734,62109000.0,-0.0734599636136572,-0.0762980216848592,5.1699981689453125,36.74176837539087,AMD
2025-04-17,88.83999633789062,89.02999877929688,86.5199966430664,87.5,87.5,34801400.0,-0.0089477959829583,-0.0089880679194697,2.5100021362304688,38.19819836332319,AMD
2025-04-21,86.0199966430664,86.13999938964844,83.75,85.55999755859375,85.55999755859375,33855400.0,-0.0221714564732142,-0.0224209376837991,2.389999389648437,37.37878416426582,AMD
2025-04-22,86.12000274658203,87.16999816894531,85.16999816894531,86.26000213623047,86.26000213623047,35236700.0,0.0081814469098988,0.0081481603049452,2.0,37.98021353642263,AMD
2025-04-23,91.87999725341795,93.73999786376952,90.12000274658205,90.38999938964844,90.38999938964844,41102600.0,0.0478784738133377,0.046767619073181,3.619995117187472,41.35131505995327,AMD
2025-04-24,91.58999633789062,94.75,90.37000274658205,94.47000122070312,94.47000122070312,33681900.0,0.0451377570373336,0.0441487016447424,4.3799972534179545,50.49563400946231,AMD
2025-04-25,93.27999877929688,97.0999984741211,92.8499984741211,96.6500015258789,96.6500015258789,28575300.0,0.0230761117498328,0.0228138847393776,4.25,58.82066859834217,AMD
2025-04-28,95.58000183105467,97.48999786376952,94.2699966430664,96.38999938964844,96.38999938964844,30456700.0,-0.0026901410463077,-0.0026937659782438,3.220001220703111,60.648068974709965,AMD
2025-04-29,95.76000213623048,97.18000030517578,95.33000183105467,96.05999755859376,96.05999755859376,20700600.0,-0.0034236106768781,-0.0034294846425245,1.849998474121108,66.2954122651162,AMD
2025-04-30,92.80999755859376,97.5500030517578,91.87000274658205,97.3499984741211,97.3499984741211,29730700.0,0.0134291166803379,0.0133397453228068,5.680000305175753,50.68127427753658,AMD
2025-05-01,99.2699966430664,100.0999984741211,96.4499969482422,96.6500015258789,96.6500015258789,29591500.0,-0.0071905183278279,-0.0072164947020384,3.650001525878892,63.25441997165501,AMD
2025-05-02,98.4000015258789,99.87999725341795,98.3000030517578,98.8000030517578,98.8000030517578,29957900.0,0.0222452301286639,0.0220014142000425,1.5799942016601562,59.839649314897855,AMD
2025-05-05,99.0,102.0500030517578,98.76000213623048,100.58999633789062,100.58999633789062,41268900.0,0.0181173403931487,0.0179551770978911,3.2900009155273158,60.82473387982174,AMD
2025-05-06,98.41000366210938,100.06999969482422,97.44000244140624,98.62000274658205,98.62000274658205,54264300.0,-0.0195843887367407,-0.0197787040938173,2.629997253417983,55.680658663307085,AMD
2025-05-07,100.75,103.41999816894533,96.87999725341795,100.36000061035156,100.36000061035156,86474400.0,0.017643457871733,0.017489618933711,6.540000915527372,75.0935592353601,AMD
2025-05-08,101.91999816894533,105.44000244140624,101.55999755859376,101.6999969482422,101.6999969482422,54231400.0,0.0133518964701204,0.0132635454672192,3.880004882812472,78.86179315649267,AMD
2025-05-09,102.58999633789062,103.54000091552734,101.5999984741211,102.83999633789062,102.83999633789062,31704300.0,0.0112094338628996,0.0111470737408494,1.94000244140625,86.30253706348951,AMD
2025-05-12,110.41999816894533,110.66999816894533,106.9800033569336,108.12000274658205,108.12000274658205,50543400.0,0.0513419544604363,0.0500674000234241,3.689994812011733,88.51305250627593,AMD
2025-05-13,109.5999984741211,113.12999725341795,109.0,112.45999908447266,112.45999908447266,55659500.0,0.0401405496452209,0.039355847911804,4.1299972534179545,88.59742639259196,AMD
2025-05-14,119.83000183105467,122.5199966430664,116.58999633789062,117.72000122070312,117.72000122070312,86743700.0,0.0467722050422523,0.0457113390116791,5.930000305175781,89.04939297982689,AMD
2025-05-15,117.0199966430664,117.5,114.01000213623048,114.98999786376952,114.98999786376952,43843200.0,-0.0231906500902541,-0.0234637842517789,3.489997863769517,80.24406520013831,AMD
2025-05-16,118.06999969482422,118.23999786376952,116.01000213623048,117.16999816894533,117.16999816894533,43419700.0,0.0189581732818056,0.0187807065696898,2.229995727539034,82.22705501495592,AMD
2025-05-19,115.0199966430664,115.52999877929688,114.05999755859376,114.73999786376952,114.73999786376952,37737400.0,-0.0207390999671437,-0.0209571754970157,1.4700012207031108,77.19861160081584,AMD
2025-05-20,114.3499984741211,114.51000213623048,112.08000183105467,113.51000213623048,113.51000213623048,29030800.0,-0.0107198514069993,-0.010777722968711,2.4300003051758097,73.57061177179644,AMD
2025-05-21,113.8499984741211,116.0999984741211,111.08999633789062,112.05999755859376,112.05999755859376,43594600.0,-0.0127742450035062,-0.012856537236464,5.010002136230469,71.99543238074415,AMD
2025-05-22,111.9000015258789,112.63999938964844,110.61000061035156,110.70999908447266,110.70999908447266,29252000.0,-0.0120471042614044,-0.0121202587487635,2.029998779296875,67.39702041170216,AMD
2025-05-23,108.08999633789062,111.0199966430664,107.66999816894533,110.30999755859376,110.30999755859376,30867300.0,-0.0036130568980827,-0.0036195997527154,3.3499984741210795,64.79902908741839,AMD
2025-05-27,113.18000030517578,115.4000015258789,112.2699966430664,114.55999755859376,114.55999755859376,37885000.0,0.0385277861849513,0.0378041200521169,3.1300048828125,72.69361270702495,AMD
2025-05-28,114.91999816894533,114.9499969482422,112.66000366210938,112.86000061035156,112.86000061035156,27483700.0,-0.0148393591521569,-0.0149505639521419,2.2899932861328267,67.81641868235923,AMD
2025-05-29,115.48999786376952,115.54000091552734,112.12999725341795,113.02999877929688,113.02999877929688,30501400.0,0.0015062747477048,0.0015051414537889,3.410003662109389,66.70598733039162,AMD
2025-05-30,111.58000183105467,112.11000061035156,108.62000274658205,110.7300033569336,110.7300033569336,36088500.0,-0.0203485397434557,-0.0205584233764203,3.489997863769517,61.2489408150856,AMD
2025-06-02,111.05999755859376,114.86000061035156,111.01000213623048,114.62999725341795,114.62999725341795,34078400.0,0.0352207511808058,0.0346146901401017,3.84999847412108,59.66161618220328,AMD
2025-06-03,114.5,117.68000030517578,113.27999877929688,117.30999755859376,117.30999755859376,37161500.0,0.0233795722706946,0.0231104565395447,4.400001525878906,57.57102687200693,AMD
2025-06-04,117.41000366210938,119.3000030517578,115.7300033569336,118.58000183105467,118.58000183105467,31025000.0,0.0108260531829487,0.0107678710146845,3.5699996948242045,51.533524993347385,AMD
2025-06-05,118.9499969482422,119.23999786376952,114.70999908447266,115.69000244140624,115.69000244140624,34091000.0,-0.0243717266404324,-0.0246736325769363,4.529998779296861,51.24114333825096,AMD
2025-06-06,117.69000244140624,118.37999725341795,115.87999725341795,116.19000244140624,116.19000244140624,27042100.0,0.0043218946274397,0.0043125820631605,2.5,48.15234514796768,AMD
2025-06-09,119.18000030517578,122.37000274658205,119.04000091552734,121.7300033569336,121.7300033569336,55437700.0,0.0476805301585319,0.0465787017914253,3.3300018310547017,61.79549095673107,AMD
2025-06-10,121.11000061035156,124.08999633789062,120.8000030517578,123.23999786376952,123.23999786376952,41691900.0,0.012404456298324,0.0123281513961772,3.2899932861328267,66.26546222007045,AMD
2025-06-11,124.44000244140624,124.47000122070312,119.87999725341795,121.13999938964844,121.13999938964844,32261900.0,-0.0170399100172204,-0.0171867598801588,4.5900039672851705,64.85603254278179,AMD
2025-06-12,120.62000274658205,122.25,118.02999877929688,118.5,118.5,44718400.0,-0.0217929618866584,-0.022033935939217,4.220001220703125,62.22920725398904,AMD
2025-06-13,116.0500030517578,117.87999725341795,115.05999755859376,116.16000366210938,116.16000366210938,39702700.0,-0.0197468045391614,-0.0199443779722767,2.8199996948241903,58.656421881632525,AMD
2025-06-16,118.63999938964844,128.13999938964844,117.77999877929688,126.38999938964844,126.38999938964844,100968500.0,0.0880681422608806,0.0844037772270129,10.360000610351562,64.87303198132264,AMD
2025-06-17,127.93000030517578,130.6999969482422,126.58000183105467,127.0999984741211,127.0999984741211,86623900.0,0.005617525816135,0.0056018063601446,4.119995117187514,68.35998803061756,AMD
2025-06-18,128.00999450683594,129.2100067138672,125.7699966430664,126.79000091552734,126.79000091552734,49627100.0,-0.0024390052109786,-0.0024419844293935,3.440010070800781,67.6773007137958,AMD
2025-06-20,129.0,132.80999755859375,127.5500030517578,128.24000549316406,128.24000549316406,79931000.0,0.011436269162919,0.0113713693756519,5.259994506835952,72.9971227932213,AMD
2025-06-23,130.47000122070312,133.25,126.81999969482422,129.5800018310547,129.5800018310547,65152900.0,0.010449128824796,0.010394914016175,6.430000305175781,71.0504225603278,AMD
2025-06-24,133.42999267578125,138.7899932861328,132.92999267578125,138.42999267578125,138.42999267578125,78572000.0,0.068297505168005,0.066066264637955,5.8600006103515625,75.33590038436209,AMD
2025-06-25,140.94000244140625,144.17999267578125,139.4600067138672,143.39999389648438,143.39999389648438,74607200.0,0.0359026329817371,0.0352731558121934,4.719985961914063,77.34685553771965,AMD
2025-06-26,145.97000122070312,146.0,141.91000366210938,143.67999267578125,143.67999267578125,58180100.0,0.0019525717657908,0.0019506679753294,4.089996337890625,82.7215424479651,AMD
2025-06-27,144.17999267578125,147.75,141.6300048828125,143.80999755859375,143.80999755859375,61937900.0,0.0009048224487724,0.0009044133437002,6.1199951171875,82.5707653690092,AMD
2025-06-30,144.0,146.0,141.00999450683594,141.89999389648438,141.89999389648438,42972500.0,-0.0132814386658421,-0.0133704257684774,4.990005493164063,76.01238099604875,AMD
2025-07-01,138.77000427246094,140.22999572753906,135.1199951171875,136.11000061035156,136.11000061035156,55257200.0,-0.0408033371048387,-0.0416591543249665,5.1100006103515625,64.94774526919727,AMD
2025-07-02,135.52999877929688,139.77999877929688,135.22000122070312,138.52000427246094,138.52000427246094,39228000.0,0.0177062938160481,0.0175513635496258,4.55999755859375,70.0415253163666,AMD
2025-07-03,139.11000061035156,139.5,137.32000732421875,137.91000366210938,137.91000366210938,28646000.0,-0.0044037004875607,-0.0044134253372716,2.17999267578125,73.4817444571037,AMD
2025-07-07,136.55999755859375,137.44000244140625,133.5,134.8000030517578,134.8000030517578,37395000.0,-0.0225509428450986,-0.0228091039232292,3.94000244140625,72.13777131020835,AMD
2025-07-08,137.32000732421875,139.14999389648438,135.91000366210938,137.82000732421875,137.82000732421875,36124600.0,0.0224035920184761,0.0221563179550674,3.239990234375,66.38006324809724,AMD
2025-07-09,138.69000244140625,140.64999389648438,137.58999633789062,138.41000366210938,138.41000366210938,37013100.0,0.0042809193624744,0.0042717822945994,3.05999755859375,66.26402973818469,AMD
2025-07-10,143.0,145.82000732421875,141.85000610351562,144.16000366210938,144.16000366210938,61101500.0,0.0415432399961281,0.0407034978960905,3.970001220703125,71.59910860740302,AMD
2025-07-11,142.60000610351562,147.39999389648438,141.60000610351562,146.4199981689453,146.4199981689453,50049200.0,0.0156769870243138,0.0155553724498838,5.79998779296875,72.15991899671388,AMD
2025-07-14,145.08999633789062,147.5800018310547,141.89999389648438,146.24000549316406,146.24000549316406,44718600.0,-0.0012292902474535,-0.001230046444497,5.6800079345703125,70.89815577598588,AMD
2025-07-15,153.75,158.67999267578125,153.55999755859375,155.61000061035156,155.61000061035156,93370100.0,0.06407272131582,0.0621037356852306,5.1199951171875,71.27292267102186,AMD
2025-07-16,155.30999755859375,160.36000061035156,152.85000610351562,160.0800018310547,160.0800018310547,59492800.0,0.0287256680365681,0.0283208207601162,7.5099945068359375,70.91275360378026,AMD
2025-07-17,161.80999755859375,161.9600067138672,158.67999267578125,160.41000366210938,160.41000366210938,50605100.0,0.0020614806801599,0.0020593587445816,3.280014038085937,70.94917863142433,AMD
2025-07-18,159.58999633789062,160.8300018310547,155.80999755859375,156.99000549316406,156.99000549316406,48859800.0,-0.02132035465911,-0.0215509164156718,5.0200042724609375,65.24758470095836,AMD
2025-07-21,157.6199951171875,160.33999633789062,156.9199981689453,157.0,157.0,39021100.0,6.366333197171947e-05,6.366130554780608e-05,3.4199981689453125,68.27204087526118,AMD
2025-07-22,156.1999969482422,156.22999572753906,149.33999633789062,154.72000122070312,154.72000122070312,49028000.0,-0.0145222852184514,-0.0146287657535674,6.8899993896484375,74.60990389097284,AMD
2025-07-23,156.32000732421875,159.4499969482422,156.0,158.64999389648438,158.64999389648438,41510900.0,0.0254006763493701,0.0250834399628865,3.4499969482421875,75.59115726728972,AMD
2025-07-24,159.1199951171875,163.92999267578125,158.36000061035156,162.1199951171875,162.1199951171875,48440100.0,0.021872053918686,0.0216362920839721,5.569992065429688,78.69164205511684,AMD
2025-07-25,163.50999450683594,167.17999267578125,162.36000061035156,166.47000122070312,166.47000122070312,53432300.0,0.0268320147701166,0.0264783486971915,4.819992065429688,86.46098852972725,AMD
2025-07-28,169.0800018310547,174.6999969482422,168.6699981689453,173.66000366210938,173.66000366210938,68267800.0,0.0431909796881293,0.0422842653815195,6.029998779296875,87.64707428597806,AMD
2025-07-29,175.2100067138672,182.3099975585937,174.67999267578125,177.44000244140625,177.44000244140625,108154800.0,0.0217666630173036,0.0215331516407985,7.630004882812472,88.42293331795136,AMD
2025-07-30,175.61000061035156,180.3699951171875,173.8000030517578,179.50999450683594,179.50999450683594,64820300.0,0.0116658703615224,0.0115983487209885,6.569992065429688,87.51858765258393,AMD
2025-07-31,182.0200042724609,182.5,173.0,176.30999755859375,176.30999755859375,71765300.0,-0.0178262884862397,-0.0179870906366654,9.5,81.10303483356478,AMD
2025-08-01,170.16000366210938,174.39999389648438,166.82000732421875,171.6999969482422,171.6999969482422,75396100.0,-0.0261471310429772,-0.0264950453157812,7.579986572265625,74.25686064254413,AMD
2025-08-04,174.61000061035156,177.86000061035156,173.55999755859375,176.77999877929688,176.77999877929688,52951000.0,0.029586499250702,0.0291572645979404,4.3000030517578125,71.96514193780656,AMD
2025-08-05,177.57000732421875,177.99000549316406,171.8000030517578,174.30999755859375,174.30999755859375,88808500.0,-0.0139721757990666,-0.0140707055069342,6.19000244140625,65.40376669869946,AMD
2025-08-06,165.0500030517578,166.17999267578125,157.8000030517578,163.1199951171875,163.1199951171875,133641800.0,-0.0641959875975832,-0.0663492128883254,8.379989624023438,52.37510257224991,AMD
2025-08-07,166.83999633789062,175.75,166.6999969482422,172.39999389648438,172.39999389648438,95448300.0,0.0568906268825597,0.0553312264940376,9.050003051757812,62.24764842152395,AMD
2025-08-08,174.0399932861328,176.47999572753906,170.52000427246094,172.75999450683594,172.75999450683594,68866700.0,0.0020881706676145,0.0020859934696265,5.959991455078125,62.45652535200023,AMD
2025-08-11,170.0399932861328,178.82000732421875,169.3800048828125,172.27999877929688,172.27999877929688,70651000.0,-0.0027783962884999,-0.0027822631956624,9.44000244140625,64.28571428571428,AMD
2025-08-12,173.32000732421875,175.16000366210938,168.5,174.9499969482422,174.9499969482422,52243500.0,0.0154980159499871,0.0153791482697636,6.660003662109375,63.53820920105027,AMD
2025-08-13,179.91000366210938,186.6499938964844,179.3800048828125,184.4199981689453,184.4199981689453,108305100.0,0.0541297592791885,0.0527155538121773,7.269989013671903,66.84290338350985,AMD
2025-08-14,179.8300018310547,185.44000244140625,179.55999755859375,180.9499969482422,180.9499969482422,66308800.0,-0.0188157534711842,-0.0189950220377223,5.8800048828125,61.083892748360064,AMD
2025-08-15,180.05999755859375,180.13999938964844,176.25,177.50999450683594,177.50999450683594,51543100.0,-0.0190107902703651,-0.0191938187334997,3.8899993896484375,53.12651562520524,AMD
2025-08-18,176.75999450683594,178.8000030517578,174.36000061035156,176.13999938964844,176.13999938964844,35937500.0,-0.0077178477808738,-0.007747784498889,4.44000244140625,48.90128185717761,AMD
2025-08-19,173.10000610351562,173.1699981689453,166.10000610351562,166.5500030517578,166.5500030517578,64455000.0,-0.0544453069780935,-0.0559835469491014,7.069992065429688,40.281948951244175,AMD
2025-08-20,164.10000610351562,166.64999389648438,158.25,165.1999969482422,165.1999969482422,60233200.0,-0.0081057104700027,-0.0081387403492944,8.399993896484375,41.43143583482849,AMD
2025-08-21,165.86000061035156,165.8800048828125,162.25999450683594,163.7100067138672,163.7100067138672,37880500.0,-0.0090193115127104,-0.0090602317367843,3.6200103759765625,43.52617781498858,AMD
2025-08-22,162.1699981689453,168.52999877929688,161.8000030517578,167.75999450683594,167.75999450683594,43998600.0,0.0247387919300945,0.0244377429724984,6.729995727539063,42.56756128098437,AMD
2025-08-25,165.5500030517578,165.58999633789062,161.72000122070312,163.36000061035156,163.36000061035156,36134700.0,-0.0262279091592667,-0.0265779956968897,3.8699951171875,41.25538877273314,AMD
2025-08-26,168.64999389648438,169.77000427246094,164.91000366210938,166.6199951171875,166.6199951171875,52138600.0,0.0199558918624866,0.0197593830890906,4.8600006103515625,53.20044113223195,AMD
2025-08-27,166.0399932861328,167.67999267578125,164.64999389648438,167.1300048828125,167.1300048828125,37031000.0,0.0030609157398324,0.0030562406748065,3.029998779296875,44.26051830058669,AMD
2025-08-28,168.5,170.99000549316406,166.64999389648438,168.5800018310547,168.5800018310547,36285200.0,0.0086758625374234,0.0086384435144837,4.340011596679688,45.55319639372895,AMD
2025-08-29,166.80999755859375,168.57000732421875,161.89999389648438,162.6300048828125,162.6300048828125,37516800.0,-0.0352947970317681,-0.0359327134665588,6.670013427734375,40.8042697878716,AMD
2025-09-02,158.4199981689453,162.38999938964844,156.6199951171875,162.32000732421875,162.32000732421875,38656100.0,-0.001906152304534,-0.0019079713247587,5.7700042724609375,37.39772783675553,AMD
2025-09-03,161.80999755859375,164.75,160.5800018310547,162.1300048828125,162.1300048828125,30752800.0,-0.0011705423412576,-0.0011712279610275,4.1699981689453125,22.703883239350134,AMD
2025-09-04,159.94000244140625,162.0500030517578,157.7899932861328,161.7899932861328,161.7899932861328,32103500.0,-0.0020971540519316,-0.0020993561588006,4.260009765625,24.588842217568583,AMD
2025-09-05,157.1199951171875,157.13999938964844,150.17999267578125,151.13999938964844,151.13999938964844,78256000.0,-0.0658260358392461,-0.0680926009655723,6.960006713867188,20.64127044529461,AMD
2025-09-08,151.8000030517578,152.63999938964844,149.22000122070312,151.41000366210938,151.41000366210938,41849000.0,0.0017864514592516,0.0017848576527331,3.4199981689453125,21.775843735447808,AMD
2025-09-09,151.99000549316406,156.66000366210938,151.92999267578125,155.82000732421875,155.82000732421875,42802500.0,0.0291262370744727,0.0287101287000791,4.730010986328125,36.11183198342586,AMD
2025-09-10,163.5399932861328,164.52999877929688,158.0,159.5399932861328,159.5399932861328,52465300.0,0.0238736092097198,0.0235930904932581,6.529998779296875,43.09755137191502,AMD
2025-09-11,158.6199951171875,160.2100067138672,154.99000549316406,155.6699981689453,155.6699981689453,48817700.0,-0.0242572099789845,-0.0245562621149791,5.220001220703125,40.73304138307041,AMD
2025-09-12,157.0,160.41000366210938,154.9199981689453,158.57000732421875,158.57000732421875,42232800.0,0.0186292104412189,0.0184578121053123,5.490005493164063,39.11912371255083,AMD
2025-09-15,160.00999450683594,162.3000030517578,157.60000610351562,161.16000366210938,161.16000366210938,36808700.0,0.0163334566327855,0.0162015006559267,4.699996948242188,47.278578614666486,AMD
2025-09-16,161.3699951171875,161.9499969482422,159.22000122070312,160.4600067138672,160.4600067138672,27946500.0,-0.004343490520823,-0.0043529508796998,2.7299957275390625,41.86478036976568,AMD
2025-09-17,159.27999877929688,161.6300048828125,155.75999450683594,159.16000366210938,159.16000366210938,41823800.0,-0.0081017262704966,-0.0081347235991766,5.8700103759765625,39.689518138024745,AMD
2025-09-18,150.9600067138672,158.77000427246094,149.85000610351562,157.9199981689453,157.9199981689453,84549500.0,-0.0077909365709525,-0.0078214444773615,8.919998168945312,36.13423128893095,AMD
2025-09-19,157.3800048828125,159.83999633789062,155.89999389648438,157.38999938964844,157.38999938964844,55448100.0,-0.0033561219949475,-0.0033617664047936,3.94000244140625,42.06540760878355,AMD
2025-09-22,157.4199981689453,162.67999267578125,157.4199981689453,159.7899932861328,159.7899932861328,46505500.0,0.015248706434916,0.015133613448926,5.2599945068359375,46.39701795200196,AMD
2025-09-23,160.52000427246094,163.38999938964844,159.2100067138672,160.89999389648438,160.89999389648438,39448300.0,0.0069466215469695,0.0069226049302614,4.17999267578125,48.29307378850801,AMD
2025-09-24,162.97999572753906,165.10000610351562,158.42999267578125,160.8800048828125,160.8800048828125,38464100.0,-0.0001242325321947,-0.0001242402496949,6.670013427734375,48.725862489632696,AMD
2025-09-25,157.13999938964844,161.6300048828125,154.77999877929688,161.27000427246094,161.27000427246094,36744500.0,0.0024241632136481,0.0024212296699742,6.850006103515625,69.9017920846099,AMD
