Date,Open,High,Low,Raw_Close,Adj_Close,Volume,Return,LogReturn,Volatility,RSI_14,Ticker
2015-01-22,49.22999954223633,49.58000183105469,48.63999938964844,49.290000915527344,45.849708557128906,1048800.0,0.002848289236734,0.0028442405470169,0.94000244140625,29.7690421853044,AME
2015-01-23,49.119998931884766,49.31999969482422,48.61000061035156,48.83000183105469,45.42182159423828,1025700.0,-0.0093323813030888,-0.0093762008134849,0.7099990844726562,28.193256530824517,AME
2015-01-26,48.900001525878906,49.619998931884766,48.5099983215332,49.58000183105469,46.11946487426758,1282400.0,0.0153592096385186,0.0152424510072129,1.1100006103515625,40.71233251227543,AME
2015-01-27,49.02000045776367,49.34999847412109,48.5099983215332,49.0,45.57995223999024,1421800.0,-0.0116981546890921,-0.0117671164451014,0.8400001525878835,42.89535658449388,AME
2015-01-28,49.470001220703125,50.20000076293945,48.63999938964844,48.75,45.34739685058594,2427100.0,-0.0051021420158546,-0.0051152023852756,1.5600013732910156,40.34395760633538,AME
2015-01-29,48.720001220703125,49.310001373291016,48.060001373291016,49.13999938964844,45.710182189941406,1538500.0,0.0080001359405657,0.0079683045108401,1.25,32.78680609457217,AME
2015-01-30,48.68999862670898,49.13999938964844,47.84999847412109,47.900001525878906,44.55672836303711,1687700.0,-0.0252340675893896,-0.0255579061279933,1.2900009155273509,29.372413985680083,AME
2015-02-02,48.18000030517578,49.58000183105469,47.959999084472656,49.52000045776367,46.063663482666016,1589200.0,0.03382059623747,0.0332612564266435,1.6200027465820312,48.72449927004397,AME
2015-02-03,49.84000015258789,50.77999877929688,49.84000015258789,50.45000076293945,46.92877197265625,1527000.0,0.0187807140071649,0.0186065338371614,0.9399986267089916,54.16204124118209,AME
2015-02-04,50.20000076293945,50.31999969482422,49.369998931884766,49.5099983215332,46.05435180664063,992700.0,-0.0186329223898105,-0.0188087022409823,0.9500007629394532,52.25518591704342,AME
2015-02-05,49.650001525878906,50.18000030517578,49.61000061035156,49.68999862670898,46.221797943115234,1169600.0,0.0036358374378522,0.0036292437584462,0.5699996948242188,57.99988999940178,AME
2015-02-06,49.72999954223633,50.13999938964844,49.43000030517578,49.61000061035156,46.14738464355469,1084100.0,-0.0016099178931145,-0.0016112152034883,0.7099990844726562,56.28738691838482,AME
2015-02-09,49.38999938964844,50.02000045776367,49.38999938964844,49.84999847412109,46.3706283569336,865300.0,0.0048376243876713,0.0048259606840989,0.6300010681152344,58.18608638948933,AME
2015-02-10,50.11000061035156,50.16999816894531,49.38999938964844,50.02999877929688,46.53805923461914,782200.0,0.0036107097017696,0.0036042067383355,0.779998779296875,55.5137185173004,AME
2015-02-11,50.0,50.15999984741211,49.68999862670898,49.900001525878906,46.41713333129883,1015300.0,-0.0025984303021892,-0.0026018120816893,0.4700012207031321,53.82683474378086,AME
2015-02-12,50.13999938964844,50.7400016784668,50.0,50.61000061035156,47.07759475708008,974000.0,0.0142288284170255,0.0141285487598825,0.7400016784667969,60.82723312883744,AME
2015-02-13,51.09000015258789,51.459999084472656,50.900001525878906,51.40999984741211,47.82174682617188,1144600.0,0.0158069262657027,0.0156832978946447,0.55999755859375,61.06406073886528,AME
2015-02-17,51.310001373291016,51.59999847412109,51.08000183105469,51.5,47.90546417236328,1149200.0,0.0017506124670791,0.0017490819310641,0.5199966430663991,66.06671379000802,AME
2015-02-18,51.369998931884766,51.650001525878906,51.25,51.380001068115234,47.7938346862793,554400.0,-0.0023302036210804,-0.0023329227704741,0.4000015258789062,67.1894005142998,AME
2015-02-19,51.18000030517578,51.68000030517578,51.18000030517578,51.2599983215332,47.68221664428711,716600.0,-0.0023354067051712,-0.0023381380207276,0.5,64.36305259981765,AME
2015-02-20,51.18000030517578,51.630001068115234,50.66999816894531,51.619998931884766,48.01709365844727,940600.0,0.0070231008062895,0.0069985536980188,0.960002899169922,78.61518641381643,AME
2015-02-23,51.59000015258789,52.41999816894531,51.5,52.40999984741211,48.751949310302734,1304800.0,0.0153040427036796,0.0151881170995215,0.9199981689453124,75.48476594538226,AME
2015-02-24,52.29999923706055,52.720001220703125,52.220001220703125,52.59999847412109,48.92868423461914,988800.0,0.0036251868246641,0.0036186316725645,0.5,71.80488997839751,AME
2015-02-25,52.66999816894531,52.97999954223633,52.619998931884766,52.95000076293945,49.25425720214844,1289000.0,0.006654030710659,0.0066319903657083,0.3600006103515625,89.63144526673065,AME
2015-02-26,52.880001068115234,53.310001373291016,52.68000030517578,53.27000045776367,49.55192184448242,1801900.0,0.006043429730598,0.0060252414520791,0.6300010681152344,89.95543887399856,AME
2015-02-27,53.2400016784668,53.4900016784668,53.06999969482422,53.13999938964844,49.43100357055664,1990200.0,-0.0024402337876072,-0.0024432160106117,0.4200019836425781,88.96265965854414,AME
2015-03-02,53.13999938964844,53.810001373291016,52.90999984741211,53.75,49.99842834472656,1098500.0,0.0114791271304048,0.0114137418520993,0.9000015258789062,89.79610795682797,AME
2015-03-03,53.43000030517578,53.7400016784668,53.34000015258789,53.540000915527344,49.80307769775391,1182900.0,-0.0039071357528631,-0.0039147885479354,0.4000015258789062,85.5984235135386,AME
2015-03-04,53.27999877929688,53.290000915527344,52.72999954223633,52.86000061035156,49.17053985595703,761100.0,-0.0127007781654708,-0.0127821225403408,0.5600013732910156,77.00734051095465,AME
2015-03-05,52.9900016784668,53.11000061035156,52.59000015258789,52.91999816894531,49.226341247558594,1279000.0,0.0011348541578968,0.0011342106976932,0.5200004577636719,73.91292903992698,AME
2015-03-06,52.43999862670898,52.709999084472656,51.88999938964844,52.02000045776367,48.38916397094727,723700.0,-0.0170066930711174,-0.0171529676792263,0.8199996948242188,56.18656735661864,AME
2015-03-09,52.06999969482422,52.33000183105469,51.880001068115234,52.209999084472656,48.565895080566406,789000.0,0.0036522868988859,0.003645633494264,0.4500007629394531,57.05755358144512,AME
2015-03-10,51.54999923706055,51.70000076293945,51.22999954223633,51.43999862670898,47.849647521972656,1124500.0,-0.0147479534229846,-0.0148577856932307,0.470001220703125,50.52817931021536,AME
2015-03-11,51.43999862670898,51.56999969482422,51.15999984741211,51.459999084472656,47.86825942993164,740600.0,0.0003889664589573,0.0003888908311147,0.4099998474121094,51.79214498846149,AME
2015-03-12,51.63999938964844,52.18000030517578,51.61000061035156,52.15999984741211,48.5193977355957,590700.0,0.0136027153152953,0.0135110289036974,0.5699996948242188,54.56078904601517,AME
2015-03-13,51.90999984741211,51.9900016784668,51.5,51.90999984741211,48.37031555175781,978800.0,-0.0030726305518116,-0.0030773607730321,0.4900016784667969,46.12239139416855,AME
2015-03-16,52.0,53.0,51.95000076293945,52.95000076293945,49.339385986328125,1311700.0,0.0200344038180477,0.019836355960742,1.0499992370605469,53.59424189515363,AME
2015-03-17,52.61000061035156,52.84000015258789,52.209999084472656,52.79999923706055,49.19962692260742,838400.0,-0.0028326064649331,-0.0028366258867135,0.6300010681152344,49.505833313204576,AME
2015-03-18,52.66999816894531,53.93999862670898,52.33000183105469,53.720001220703125,50.05689239501953,1019300.0,0.0174242270934414,0.0172741658745727,1.6099967956542898,54.14786354085134,AME
2015-03-19,53.34000015258789,53.41999816894531,52.72999954223633,53.09999847412109,49.47916030883789,773200.0,-0.0115415092415749,-0.0116086294044755,0.6899986267089844,50.36794967157344,AME
2015-03-20,53.25,53.84999847412109,53.209999084472656,53.79999923706055,50.13142395019531,1855900.0,0.013182593182385,0.0130964589567316,0.6399993896484304,51.003169721676805,AME
2015-03-23,54.0,54.0,53.369998931884766,53.65999984741211,50.00098037719727,878300.0,-0.0026020320732886,-0.0026054232426421,0.6300010681152344,51.50751709937426,AME
2015-03-24,53.56999969482422,53.790000915527344,53.209999084472656,53.209999084472656,49.58164978027344,680900.0,-0.0083864475008388,-0.0084218116099792,0.5800018310546875,53.23675235135327,AME
2015-03-25,53.369998931884766,53.459999084472656,51.97999954223633,52.0,48.45417785644531,1568100.0,-0.0227397016602843,-0.0230022362835383,1.479999542236328,44.79837263159408,AME
2015-03-26,51.75,52.0,51.54999923706055,51.84999847412109,48.31439971923828,1938700.0,-0.0028847489193016,-0.0028889178268968,0.4500007629394531,49.44412584044798,AME
2015-03-27,51.72999954223633,51.959999084472656,51.4900016784668,51.810001373291016,48.277130126953125,1331100.0,-0.0007713971921773,-0.0007716948720875,0.4699974060058594,47.80755818668397,AME
2015-03-30,52.040000915527344,53.040000915527344,52.0099983215332,52.970001220703125,49.35802459716797,1337200.0,0.0223893687833647,0.0221424062922396,1.0300025939941406,60.85145971579588,AME
2015-03-31,52.720001220703125,52.790000915527344,52.40999984741211,52.540000915527344,48.95734405517578,1136800.0,-0.0081178399107807,-0.0081509689860246,0.3800010681152344,57.4267449912517,AME
2015-04-01,52.18999862670898,52.54999923706055,52.040000915527344,52.27999877929688,48.71506881713867,1606200.0,-0.0049487006027953,-0.0049609859694499,0.5099983215332031,51.41313103819152,AME
2015-04-02,52.43000030517578,52.83000183105469,52.16999816894531,52.400001525878906,48.8268928527832,648700.0,0.0022954711624094,0.0022928405933086,0.660003662109375,53.3152294643238,AME
2015-04-06,52.209999084472656,53.119998931884766,52.06999969482422,52.91999816894531,49.31142044067383,1008000.0,0.0099233754101764,0.0098744620446844,1.0499992370605469,49.78157091362412,AME
2015-04-07,52.90999984741211,53.20000076293945,52.81999969482422,53.040000915527344,49.423248291015625,1033700.0,0.0022677880568526,0.0022652205065578,0.3800010681152344,51.75428253701676,AME
2015-04-08,53.02000045776367,53.220001220703125,52.7400016784668,53.20000076293945,49.57233810424805,844500.0,0.0030165927653023,0.0030120519788569,0.4799995422363281,45.72357191481282,AME
2015-04-09,53.11000061035156,53.52000045776367,52.970001220703125,53.400001525878906,49.75870513916016,639800.0,0.003759496566819,0.0037524473218186,0.5499992370605469,52.65019431358813,AME
2015-04-10,53.61000061035156,53.61000061035156,53.209999084472656,53.52000045776367,49.87051773071289,1043600.0,0.0022470960858009,0.0022445751412216,0.4000015258789062,47.244099564584246,AME
2015-04-13,53.43000030517578,53.630001068115234,52.81999969482422,52.88999938964844,49.28348159790039,645500.0,-0.0117712059053073,-0.0118410350728141,0.8100013732910156,43.087927466014335,AME
2015-04-14,52.810001373291016,53.13999938964844,52.650001525878906,52.9900016784668,49.37667083740234,957100.0,0.0018908818224789,0.001889096355829,0.4899978637695312,47.89291652288477,AME
2015-04-15,53.18000030517578,53.5,53.06999969482422,53.310001373291016,49.67485046386719,1300600.0,0.0060388766882797,0.0060207157502192,0.4300003051757812,65.12698475729091,AME
2015-04-16,53.04999923706055,53.06999969482422,52.560001373291016,52.810001373291016,49.20894241333008,850900.0,-0.0093791535593248,-0.0094234147927389,0.5099983215332031,60.25644277930228,AME
2015-04-17,52.43000030517578,52.43000030517578,51.54999923706055,51.709999084472656,48.18395614624024,940700.0,-0.0208292683569679,-0.0210492577412254,0.8800010681152344,49.12898695744898,AME
2015-04-20,51.970001220703125,52.400001525878906,51.959999084472656,52.060001373291016,48.51007080078125,804900.0,0.00676811703778,0.0067453161552062,0.44000244140625,40.77070887745151,AME
2015-04-21,52.209999084472656,52.34000015258789,51.650001525878906,52.06999969482422,48.5193977355957,936000.0,0.0001922680107551,0.0001922495296299,0.6899986267089844,44.78941152869646,AME
2015-04-22,52.09000015258789,52.43000030517578,51.58000183105469,52.34999847412109,48.780311584472656,830100.0,0.0053775162317304,0.0053631090182558,0.8499984741210938,50.77281645349411,AME
2015-04-23,52.25,52.77000045776367,52.15999984741211,52.68999862670898,49.09712600708008,708600.0,0.0064947191257438,0.0064737193136952,0.6100006103515625,53.052727200644,AME
2015-04-24,52.709999084472656,52.720001220703125,51.95000076293945,52.33000183105469,48.76166534423828,473700.0,-0.0068325926611961,-0.0068560416952712,0.7700004577636719,43.573163324554,AME
2015-04-27,52.43999862670898,52.65999984741211,52.15999984741211,52.25,48.6871337890625,930300.0,-0.0015284866636448,-0.0015296559910714,0.5,41.31885335876624,AME
2015-04-28,52.09999847412109,52.31999969482422,51.95000076293945,52.310001373291016,48.74301910400391,1119800.0,0.001147845654327,0.0011471873831848,0.3699989318847656,39.999834404643366,AME
2015-04-29,51.83000183105469,52.68000030517578,51.22999954223633,52.400001525878906,48.8268928527832,1867200.0,0.0017207335598217,0.0017192547939614,1.4500007629394531,38.47917073460607,AME
2015-04-30,52.18999862670898,52.66999816894531,52.130001068115234,52.41999816894531,48.84553146362305,2227800.0,0.0003817283826772,0.0003816555429342,0.5399971008300781,37.02831145106561,AME
2015-05-01,52.59999847412109,52.84000015258789,52.29999923706055,52.72999954223633,49.1343879699707,1080600.0,0.0059136731179345,0.0058962559854808,0.5400009155273438,47.95911973331328,AME
2015-05-04,52.810001373291016,53.56999969482422,52.810001373291016,53.27999877929688,49.646881103515625,1345900.0,0.0104304369041523,0.0103764152189569,0.7599983215332031,53.317919594996006,AME
2015-05-05,53.04999923706055,53.70000076293945,52.75,52.880001068115234,49.27416610717773,1564700.0,-0.0075073194539808,-0.0075356412127015,0.9500007629394532,45.16842458727572,AME
2015-05-06,53.02999877929688,53.130001068115234,51.970001220703125,52.27000045776367,48.705753326416016,1255400.0,-0.0115357158866035,-0.0116027684218969,1.1599998474121094,44.07876781199722,AME
2015-05-07,52.16999816894531,52.59999847412109,52.0,52.290000915527344,48.72438430786133,775000.0,0.0003825211637822,0.0003824480212136,0.5999984741210866,58.3330784451664,AME
2015-05-08,52.88999938964844,53.04999923706055,52.619998931884766,52.90999984741211,49.30212020874024,762800.0,0.0118572232176097,0.011787477134956,0.4300003051757812,61.33348325940749,AME
2015-05-11,52.84000015258789,53.02999877929688,52.66999816894531,52.869998931884766,49.26484298706055,709400.0,-0.0007560977402567,-0.0007563837263178,0.3600006103515696,60.58197791914948,AME
2015-05-12,52.709999084472656,53.470001220703125,52.56999969482422,53.290000915527344,49.65620422363281,1227800.0,0.0079440268727752,0.0079126392113343,0.9000015258789062,61.98970267250108,AME
2015-05-13,53.61000061035156,54.810001373291016,53.59999847412109,54.34000015258789,50.63460159301758,1997700.0,0.0197034264837971,0.019511826668557,1.210002899169929,67.81849048595878,AME
2015-05-14,54.66999816894531,55.34999847412109,54.43000030517578,55.220001220703125,51.4546012878418,1064200.0,0.0161944533782467,0.0160647219636678,0.9199981689453054,78.05837776306274,AME
2015-05-15,55.369998931884766,55.459999084472656,54.959999084472656,55.380001068115234,51.60368347167969,1409500.0,0.0028973537857948,0.0028931645461702,0.5,79.92339857943729,AME
2015-05-18,55.09999847412109,55.560001373291016,55.060001373291016,55.380001068115234,51.60368347167969,1469800.0,0.0,0.0,0.5,79.69049911629988,AME
2015-05-19,55.34999847412109,55.47999954223633,54.720001220703125,54.959999084472656,51.21233367919922,670200.0,-0.0075837569365614,-0.0076126598423314,0.7599983215332031,73.27281862334611,AME
2015-05-20,54.95000076293945,55.04999923706055,54.68000030517578,54.93999862670898,51.19368743896485,744100.0,-0.0003640966715394,-0.0003641629708259,0.3699989318847656,72.9090263547497,AME
2015-05-21,54.91999816894531,55.209999084472656,54.79999923706055,54.95000076293945,51.20301055908203,640900.0,0.0001821146431051,0.0001820980622465,0.4099998474121094,71.34614339957754,AME
2015-05-22,54.900001525878906,55.060001373291016,54.650001525878906,54.75,51.01666259765625,704700.0,-0.0036393946252585,-0.0036460333340262,0.4099998474121094,65.15486594941174,AME
2015-05-26,54.5,54.5,53.709999084472656,53.900001525878906,50.2246208190918,738000.0,-0.0155251586096665,-0.0156469359371187,0.7900009155273438,59.62270184593861,AME
2015-05-27,53.83000183105469,54.459999084472656,53.83000183105469,54.369998931884766,50.66256332397461,750800.0,0.0087196776748255,0.0086818808439866,0.6299972534179688,70.34894606894187,AME
2015-05-28,54.2599983215332,54.34000015258789,53.90999984741211,54.16999816894531,50.47620391845703,617800.0,-0.0036784440677795,-0.0036852261800146,0.4300003051757812,67.60316867692482,AME
2015-05-29,54.119998931884766,54.209999084472656,53.380001068115234,53.7599983215332,50.09415817260742,1621500.0,-0.007568828798354,-0.0075976177407569,0.8299980163574219,58.284613923616206,AME
2015-06-01,53.9900016784668,53.9900016784668,53.34999847412109,53.70000076293945,50.03824615478516,683100.0,-0.0011161384852422,-0.0011167618316718,0.6400032043457102,58.058282371963394,AME
2015-06-02,53.4900016784668,54.34000015258789,53.220001220703125,54.040000915527344,50.35506439208984,745600.0,0.006331521618976,0.0063115617425926,1.1199989318847656,57.396494616605736,AME
2015-06-03,54.02999877929688,54.36000061035156,53.88999938964844,54.119998931884766,50.42959976196289,738100.0,0.0014801960989003,0.001479101688483,0.470001220703125,47.31701374743382,AME
2015-06-04,53.790000915527344,53.810001373291016,52.9900016784668,53.29999923706055,49.66551208496094,1164300.0,-0.0151515713114637,-0.0152675291547378,0.8199996948242188,26.237309226732847,AME
2015-06-05,53.369998931884766,53.93999862670898,53.22999954223633,53.880001068115234,50.205997467041016,1077000.0,0.0108825089964941,0.0108237206209198,0.7099990844726491,33.184296929715345,AME
2015-06-08,53.810001373291016,54.130001068115234,53.650001525878906,53.9900016784668,50.308475494384766,1247900.0,0.0020411511077143,0.0020390707891407,0.4799995422363281,34.79222113630021,AME
2015-06-09,54.0099983215332,54.209999084472656,53.72999954223633,53.7400016784668,50.075531005859375,572000.0,-0.0046303229473012,-0.0046410760991497,0.4799995422363281,36.13644441384383,AME
2015-06-10,54.0,54.61000061035156,53.81999969482422,54.52000045776367,50.8023567199707,532000.0,0.0145145882532184,0.0144102599272334,0.7900009155273438,45.93054575949253,AME
2015-06-11,54.59000015258789,54.97999954223633,54.369998931884766,54.81999969482422,51.081878662109375,1097300.0,0.0055021451795913,0.0054870636739342,0.6100006103515625,48.80736866933381,AME
2015-06-12,54.59000015258789,55.290000915527344,54.41999816894531,54.7599983215332,51.10988998413086,1075100.0,0.0005483612340644,0.0005482109389844,0.8700027465820312,50.94743093821986,AME
2015-06-15,54.15999984741211,54.220001220703125,53.880001068115234,54.08000183105469,50.4752197265625,757800.0,-0.0124177582414169,-0.0124955028811776,0.3400001525878906,52.63088337416911,AME
2015-06-16,53.9900016784668,54.34999847412109,53.709999084472656,54.29999923706055,50.6805419921875,627800.0,0.0040677834933118,0.0040595324301613,0.6399993896484304,50.19843926444843,AME
2015-06-17,54.400001525878906,54.59999847412109,53.9900016784668,54.40999984741211,50.78320693969727,618300.0,0.002025727103029,0.0020236780845826,0.6099967956542898,53.45232447105605,AME
2015-06-18,54.65999984741211,55.27999877929688,54.47999954223633,55.09999847412109,51.42721176147461,905900.0,0.0126814524049665,0.0126017161937786,0.799999237060554,64.15647422560139,AME
2015-06-19,54.97999954223633,55.040000915527344,54.54999923706055,54.56999969482422,50.93254852294922,1064900.0,-0.0096187061592936,-0.0096652647092689,0.4900016784667969,58.68755113899128,AME
2015-06-22,54.959999084472656,55.02000045776367,54.58000183105469,54.75,51.10055541992188,643600.0,0.0032986155581231,0.0032931870602323,0.4399986267089844,57.45756166361649,AME
2015-06-23,54.900001525878906,54.900001525878906,54.43000030517578,54.68999862670898,51.0445442199707,684300.0,-0.0010960976742993,-0.0010966988286778,0.470001220703125,56.17451535853432,AME
2015-06-24,54.54999923706055,54.619998931884766,53.93000030517578,54.06999969482422,50.46587753295898,864000.0,-0.0113365041426959,-0.0114012521146558,0.6899986267089844,58.34709191902223,AME
2015-06-25,54.08000183105469,54.150001525878906,53.65999984741211,53.79999923706055,50.2138671875,878300.0,-0.0049936780608716,-0.0050061881360623,0.4900016784667969,50.08732873957919,AME
2015-06-26,54.02000045776367,55.13999938964844,53.79999923706055,55.11000061035156,51.43654251098633,2133400.0,0.0243493559044323,0.024057636308212,1.3400001525878906,60.02548104110189,AME
2015-06-29,54.2599983215332,54.70000076293945,54.0,54.040000915527344,50.437870025634766,1843500.0,-0.0194156223688296,-0.0196065813306521,0.7000007629394531,52.83443734695351,AME
2015-06-30,54.77000045776367,54.959999084472656,54.27999877929688,54.77999877929688,51.1285400390625,1605300.0,0.0136934809712763,0.0136005724604879,0.6800003051757741,52.56612097294539,AME
2015-07-01,55.130001068115234,55.59999847412109,54.869998931884766,55.5,51.80054473876953,2020000.0,0.0131434361159856,0.0130578106189636,0.729999542236321,55.324987195880965,AME
2015-07-02,55.84000015258789,56.0,55.20000076293945,55.54999923706055,51.84720230102539,1562200.0,0.0009007156679752,0.0009003102670336,0.7999992370605469,55.44809313076076,AME
2015-07-06,54.9900016784668,55.209999084472656,54.27000045776367,54.470001220703125,50.83919525146485,1178700.0,-0.0194418793073547,-0.0196333585164498,0.9399986267089844,52.54883481379144,AME
2015-07-07,54.470001220703125,55.0,53.97999954223633,54.83000183105469,51.17520904541016,1893500.0,0.0066093452558266,0.0065875992985751,1.020000457763672,53.40177063953524,AME
2015-07-08,54.43999862670898,54.619998931884766,53.45000076293945,53.77999877929688,50.1952018737793,1450000.0,-0.0191500374871211,-0.0193357745257584,1.1699981689453125,46.391753059970895,AME
2015-07-09,54.650001525878906,55.08000183105469,54.130001068115234,54.310001373291016,50.68986511230469,1539400.0,0.0098547912959743,0.0098065495230431,0.9500007629394532,45.39085157087952,AME
2015-07-10,55.060001373291016,55.220001220703125,54.720001220703125,55.09999847412109,51.42721176147461,1264200.0,0.0145462341936857,0.0144414526249778,0.5,53.00108265133396,AME
2015-07-13,55.68000030517578,56.04999923706055,55.2400016784668,55.93000030517578,52.20189666748047,1577300.0,0.0150637158708688,0.014951384780543,0.80999755859375,56.22360931831954,AME
2015-07-14,55.880001068115234,55.91999816894531,55.52999877929688,55.77999877929688,52.061893463134766,883900.0,-0.0026819562752193,-0.002685559163251,0.3899993896484304,55.69491589123516,AME
2015-07-15,55.68000030517578,55.81999969482422,54.970001220703125,55.040000915527344,51.3712158203125,885600.0,-0.013266471825719,-0.0133552575865864,0.8499984741210938,55.00513527820137,AME
2015-07-16,55.369998931884766,55.630001068115234,54.97999954223633,55.290000915527344,51.60456085205078,650400.0,0.0045423303305587,0.0045320450823781,0.6500015258789062,57.70430801509069,AME
2015-07-17,55.25,55.29999923706055,54.720001220703125,54.86000061035156,51.20321273803711,549200.0,-0.0077773767935809,-0.0078077783204833,0.5799980163574219,48.57796876859897,AME
2015-07-20,54.84000015258789,55.2599983215332,54.72999954223633,55.09999847412109,51.42721176147461,532200.0,0.0043747064189803,0.0043651652073996,0.529998779296875,56.65826307520101,AME
2015-07-21,55.02999877929688,55.18999862670898,54.619998931884766,54.68999862670898,51.0445442199707,981000.0,-0.0074409544752058,-0.0074687764777144,0.5699996948242116,49.41025980280035,AME
2015-07-22,54.66999816894531,55.13999938964844,54.5,55.0099983215332,51.34321212768555,1149100.0,0.0058511230196858,0.0058340716800501,0.6399993896484375,46.61139159432235,AME
2015-07-23,55.130001068115234,55.79999923706055,55.09999847412109,55.150001525878906,51.47388458251953,1266600.0,0.0025450775169464,0.0025418442918731,0.7000007629394602,47.26791532081329,AME
2015-07-24,55.040000915527344,55.18999862670898,53.810001373291016,53.95000076293945,50.35386657714844,1189600.0,-0.0217589563028909,-0.0219991733670975,1.3799972534179616,46.50546760582255,AME
2015-07-27,53.310001373291016,53.400001525878906,51.93999862670898,52.0099983215332,48.54318618774414,2404500.0,-0.0359591132218239,-0.0366215716007186,1.460002899169929,34.36814801355543,AME
2015-07-28,52.25,52.650001525878906,51.84999847412109,52.45000076293945,48.953857421875,2095600.0,0.0084599151061606,0.008424330578229,0.8000030517578196,42.09278874074506,AME
2015-07-29,52.70000076293945,53.470001220703125,52.36000061035156,53.34000015258789,49.78452301025391,1941900.0,0.0169683377802161,0.0168259836223094,1.1100006103515625,44.4698070525864,AME
2015-07-30,53.18999862670898,53.45000076293945,53.0,53.36000061035156,49.80319213867188,1220200.0,0.000374998639921,0.000374928345504,0.4500007629394531,39.125019349954,AME
2015-07-31,53.52999877929688,53.52999877929688,52.93999862670898,53.04999923706055,49.513858795166016,1638300.0,-0.0058095341097865,-0.0058264750977684,0.5900001525879048,30.74862701535463,AME
2015-08-03,53.16999816894531,53.34000015258789,52.65999984741211,53.290000915527344,49.73786163330078,1757700.0,0.0045240432393169,0.0045138405158363,0.6800003051757812,33.55347305870943,AME
2015-08-04,53.11000061035156,54.720001220703125,52.93999862670898,53.709999084472656,50.129859924316406,2143900.0,0.0078812855668319,0.0078503904583532,1.7800025939941475,40.82751739145143,AME
2015-08-05,53.90999984741211,55.02000045776367,53.90999984741211,54.22999954223633,50.615211486816406,1091400.0,0.009681885471708,0.0096353163618158,1.1100006103515625,42.95209253435745,AME
2015-08-06,54.130001068115234,55.209999084472656,54.130001068115234,55.040000915527344,51.3712158203125,2242900.0,0.0149363069181882,0.0148258587200331,1.079998016357422,51.13925085351335,AME
2015-08-07,54.83000183105469,55.16999816894531,54.68000030517578,54.93999862670898,51.27787399291992,1308800.0,-0.001817006389708,-0.00181865914817,0.4899978637695312,48.969052617607744,AME
2015-08-10,55.33000183105469,56.22999954223633,55.31999969482422,56.08000183105469,52.341888427734375,1577100.0,0.0207499717121923,0.02053762350478,0.9099998474121094,58.186075552664974,AME
2015-08-11,55.27000045776367,55.81999969482422,55.2400016784668,55.630001068115234,51.92188262939453,1228100.0,-0.0080242767495812,-0.0080566445265413,0.5799980163574219,53.59626867122381,AME
2015-08-12,54.58000183105469,55.630001068115234,54.56999969482422,55.4900016784668,51.79122543334961,1221400.0,-0.002516418693396,-0.0025195901965867,1.0600013732910156,51.97218472521131,AME
2015-08-13,55.34000015258789,56.34000015258789,55.2599983215332,56.04999923706055,52.31388854980469,979100.0,0.0100917310235821,0.0100411495246536,1.0800018310546875,63.157937867228256,AME
2015-08-14,55.970001220703125,56.7400016784668,55.869998931884766,56.65999984741211,52.88322448730469,1055600.0,0.0108830743284924,0.0108242798667621,0.8700027465820312,84.96244437028164,AME
2015-08-17,56.459999084472656,57.52999877929688,56.040000915527344,57.5,53.66723251342773,1348400.0,0.0148252689529408,0.014716448859606,1.4899978637695384,85.81564025251002,AME
2015-08-18,57.45000076293945,57.66999816894531,57.33000183105469,57.5,53.66723251342773,1329300.0,0.0,0.0,0.339996337890625,83.76629796167234,AME
2015-08-19,57.040000915527344,57.13999938964844,56.2400016784668,56.540000915527344,52.77123641967773,1038500.0,-0.0166954033548463,-0.0168363424940945,0.8999977111816406,72.3945444068541,AME
2015-08-20,56.150001525878906,56.290000915527344,55.060001373291016,55.060001373291016,51.389892578125,989700.0,-0.0261760749846224,-0.0265247668196128,1.229999542236328,62.152487598947744,AME
2015-08-21,54.63999938964844,55.0,53.83000183105469,53.84000015258789,50.251197814941406,1748100.0,-0.0221579518083736,-0.0224071269071806,1.1699981689453125,52.97296126984913,AME
2015-08-24,50.810001373291016,53.209999084472656,50.54999923706055,52.58000183105469,49.07518768310547,3697200.0,-0.0234026288520882,-0.0236808191993718,2.6599998474121094,44.400422566817966,AME
2015-08-25,53.93000030517578,54.060001373291016,51.47999954223633,51.4900016784668,48.05783462524414,1768900.0,-0.0207304975465546,-0.0209483909302015,2.5800018310546875,37.14812189175375,AME
2015-08-26,52.70000076293945,53.400001525878906,51.869998931884766,53.209999084472656,49.663177490234375,2576500.0,0.0334043944657249,0.032858589296321,1.5300025939941406,42.09151231863988,AME
2015-08-27,53.79999923706055,54.7400016784668,53.45000076293945,54.7400016784668,51.09122085571289,1554600.0,0.0287545710453045,0.0283489162996886,1.2900009155273438,49.23083356074544,AME
2015-08-28,54.43000030517578,55.09999847412109,54.18000030517578,54.77000045776367,51.11920547485352,1816400.0,0.0005477383133916,0.0005475883595161,0.9199981689453054,44.49114803169476,AME
2015-08-31,54.470001220703125,54.470001220703125,53.650001525878906,53.81999969482422,50.2325325012207,1912200.0,-0.0173452025593197,-0.0174973930021477,0.8199996948242188,42.69571668578286,AME
2015-09-01,52.650001525878906,52.88999938964844,51.52000045776367,51.84000015258789,48.38451385498047,1706300.0,-0.0367892788641569,-0.0374830737421814,1.3699989318847656,37.17494285048757,AME
2015-09-02,52.45000076293945,52.7599983215332,51.77000045776367,52.72999954223633,49.21518707275391,2055600.0,0.0171681629428614,0.0170224553568435,0.9899978637695312,38.59889400404225,AME
2015-09-03,52.790000915527344,53.33000183105469,52.58000183105469,52.77999877929688,49.26186752319336,1190000.0,0.0009484968607442,0.0009480473218318,0.75,36.142931503546016,AME
2015-09-04,52.02999877929688,52.369998931884766,51.810001373291016,51.93000030517578,48.468509674072266,1065800.0,-0.0161049080964615,-0.0162360015327197,0.55999755859375,30.12138839619124,AME
2015-09-08,52.95000076293945,53.65999984741211,52.65999984741211,53.619998931884766,50.04586410522461,1195500.0,0.0325439020460769,0.032025565090574,1.0,37.64335514693597,AME
2015-09-09,54.15999984741211,54.34000015258789,52.869998931884766,52.9900016784668,49.45786666870117,747100.0,-0.0117491714257772,-0.0118187383799686,1.470001220703125,38.451558450606505,AME
2015-09-10,53.0099983215332,53.2599983215332,52.560001373291016,52.93000030517578,49.40185928344727,677700.0,-0.0011324262251154,-0.0011330679041749,0.6999969482421875,42.36557564606461,AME
2015-09-11,52.77999877929688,53.220001220703125,52.400001525878906,53.220001220703125,49.67253112792969,695600.0,0.005478980921131,0.0054640259057914,0.8199996948242188,47.61908050494441,AME
2015-09-14,53.08000183105469,53.45000076293945,52.36000061035156,52.68000030517578,49.25182342529297,763600.0,-0.0084696248224839,-0.0085056959116005,1.0900001525878906,50.77493121615199,AME
2015-09-15,52.88999938964844,53.5099983215332,52.66999816894531,53.38999938964844,49.91561126708984,687400.0,0.0134774267353516,0.0133874140771258,0.8400001525878906,58.41132875176815,AME
2015-09-16,53.34999847412109,53.869998931884766,53.2400016784668,53.77000045776367,50.270877838134766,899400.0,0.0071173438935558,0.0070921351437249,0.6299972534179688,53.10265713890626,AME
2015-09-17,53.84000015258789,54.5099983215332,53.41999816894531,53.5,50.018436431884766,925000.0,-0.0050216231962931,-0.0050342739152555,1.0900001525878906,43.77563568531662,AME
2015-09-18,52.68999862670898,52.869998931884766,52.02999877929688,52.15999984741211,48.76564407348633,1476100.0,-0.0250466117649338,-0.0253656160654716,0.8400001525878835,38.04379927554145,AME
2015-09-21,52.310001373291016,52.560001373291016,51.91999816894531,52.16999816894531,48.77499008178711,886100.0,0.000191651489042,0.0001916331262416,0.6400032043457031,41.87102259091766,AME
2015-09-22,51.369998931884766,51.70000076293945,50.90999984741211,51.52999877929688,48.17665100097656,1503600.0,-0.0122673337258959,-0.0123431985420567,0.7900009155273438,48.6529394547087,AME
2015-09-23,51.63999938964844,51.810001373291016,51.31999969482422,51.560001373291016,48.20470428466797,1238700.0,0.0005823004112683,0.0005821309401694,0.4900016784667969,42.691223132742806,AME
2015-09-24,51.04999923706055,51.59999847412109,50.63999938964844,51.52000045776367,48.16730880737305,2203800.0,-0.000775764063899,-0.0007760651245518,0.9599990844726491,42.07245777790547,AME
2015-09-25,52.06999969482422,52.2599983215332,51.70000076293945,52.02000045776367,48.63476943969727,1279600.0,0.009704935648235,0.0096581452485718,0.55999755859375,51.26382892841325,AME
2015-09-28,51.540000915527344,51.65999984741211,50.68000030517578,50.83000183105469,47.52219772338867,1780700.0,-0.0228760561451429,-0.0231417733122719,0.979999542236328,29.357656180184776,AME
2015-09-29,51.04999923706055,51.4900016784668,50.709999084472656,51.130001068115234,47.80268096923828,937000.0,0.0059021522422471,0.0058848027743644,0.7800025939941406,35.74424492601348,AME
2015-09-30,51.720001220703125,52.38999938964844,51.630001068115234,52.31999969482422,48.91522979736328,2361600.0,0.0232737747249143,0.0230070706427295,0.7599983215332031,46.454102380646574,AME
2015-10-01,52.43000030517578,52.66999816894531,51.11000061035156,51.86000061035156,48.48516845703125,1704300.0,-0.00879197219585,-0.0088308496239827,1.55999755859375,41.54451314259637,AME
2015-10-02,50.970001220703125,53.290000915527344,50.970001220703125,53.27999877929688,49.81276321411133,1070300.0,0.0273814611628424,0.0270132944681797,2.3199996948242188,53.53764949009173,AME
2015-10-05,53.90999984741211,54.77999877929688,52.9900016784668,54.72999954223633,51.16840362548828,1165800.0,0.0272147201621795,0.0268509842268344,1.7899971008300852,57.266781137152186,AME
2015-10-06,54.63999938964844,55.11000061035156,54.2400016784668,54.459999084472656,50.91598129272461,944000.0,-0.0049331680271129,-0.0049453762672539,0.8699989318847656,53.78708481135117,AME
2015-10-07,54.81999969482422,55.650001525878906,54.4900016784668,55.150001525878906,51.56107711791992,1003200.0,0.0126698103192108,0.0125902198316709,1.1599998474121094,58.65698314646188,AME
2015-10-08,54.93000030517578,55.959999084472656,54.75,55.90999984741211,52.27163314819336,1093200.0,0.0137808608739573,0.0136867682765648,1.2099990844726562,70.94986660636748,AME
2015-10-09,55.93000030517578,56.380001068115234,55.810001373291016,56.02000045776367,52.37445068359375,1050600.0,0.0019669853266091,0.001965053344011,0.5699996948242188,71.27079171383727,AME
2015-10-12,55.93999862670898,56.130001068115234,55.65999984741211,55.77999877929688,52.15007781982422,1015200.0,-0.0042840136906642,-0.0042932163696548,0.470001220703125,74.56652852057894,AME
2015-10-13,55.27000045776367,55.52999877929688,54.720001220703125,54.93000030517578,51.35538864135742,1703600.0,-0.0152385041727531,-0.0153558033457478,0.8099975585937571,67.7930172468393,AME
2015-10-14,54.79999923706055,54.90999984741211,54.0,54.11000061035156,50.58875274658203,1453200.0,-0.0149280516622943,-0.0150405964799603,0.9099998474121094,62.63412513688674,AME
2015-10-15,54.34999847412109,54.59999847412109,53.61000061035156,54.52999877929688,50.98143005371094,939000.0,0.007762146441838,0.0077321759733498,0.989997863769524,62.34023628400133,AME
2015-10-16,54.5,54.5,53.540000915527344,54.09999847412109,50.579402923583984,1132600.0,-0.0078857562391522,-0.0079170132467533,0.9599990844726562,67.37517799504302,AME
2015-10-19,53.959999084472656,54.34000015258789,53.70000076293945,54.27999877929688,50.7476921081543,793400.0,0.0033272275836186,0.0033217046093262,0.6399993896484375,66.95374671747993,AME
2015-10-20,54.09999847412109,55.02999877929688,53.93000030517578,54.59999847412109,51.046875,1470600.0,0.0058954974978582,0.0058781870549458,1.0999984741211009,63.539305315819725,AME
2015-10-21,54.81999969482422,55.540000915527344,54.540000915527344,54.619998931884766,51.06557846069336,980900.0,0.0003663977607515,0.0003663306534834,1.0,67.29333938036966,AME
2015-10-22,54.869998931884766,56.130001068115234,54.83000183105469,55.630001068115234,52.00984573364258,1405600.0,0.0184912675311423,0.0183223827953829,1.2999992370605469,65.52186933377604,AME
2015-10-23,56.09999847412109,56.150001525878906,55.33000183105469,55.86000061035156,52.22487258911133,1374700.0,0.0041343490340264,0.0041258260961831,0.8199996948242188,58.89768403899795,AME
2015-10-26,55.95000076293945,56.52999877929688,55.86000061035156,56.29999923706055,52.63623046875,2808300.0,0.0078766660260736,0.0078458070303134,0.6699981689453196,64.11035131865745,AME
2015-10-27,53.720001220703125,54.45000076293945,52.310001373291016,53.7599983215332,50.26152420043945,4105800.0,-0.0451154318453789,-0.0461648168491815,2.139999389648437,41.69647618796913,AME
2015-10-28,53.709999084472656,54.2599983215332,53.36000061035156,54.220001220703125,50.69160842895508,1836600.0,0.0085569276968298,0.008520524708774,0.8999977111816406,39.52910102667868,AME
2015-10-29,54.54999923706055,55.43000030517578,54.54999923706055,54.68000030517578,51.12166595458984,2265200.0,0.0084838011450649,0.0084480159579578,0.8800010681152344,42.042858707376986,AME
2015-10-30,54.880001068115234,55.369998931884766,54.650001525878906,54.81999969482422,51.2525520324707,2182600.0,0.0025602858482181,0.0025570138999644,0.7199974060058594,44.23079469435455,AME
2015-11-02,54.869998931884766,55.70000076293945,54.7400016784668,55.43999862670898,51.83220291137695,1067800.0,0.0113096978768787,0.0112462213953638,0.9599990844726562,53.15205221057728,AME
2015-11-03,55.33000183105469,55.970001220703125,55.16999816894531,55.720001220703125,52.093994140625,1347600.0,0.0050507447984733,0.0050380325731333,0.8000030517578125,60.66230075907994,AME
2015-11-04,55.83000183105469,56.5099983215332,55.720001220703125,56.18000030517578,52.52404022216797,1489300.0,0.0082551950303921,0.0082213072801512,0.7899971008300781,60.86945770172358,AME
2015-11-05,56.13999938964844,56.81999969482422,56.119998931884766,56.47999954223633,52.80452346801758,967200.0,0.0053400927396904,0.0053258850024344,0.7000007629394531,65.95175274512506,AME
2015-11-06,56.2400016784668,56.58000183105469,55.77000045776367,56.209999084472656,52.552093505859375,741400.0,-0.0047804609450001,-0.0047919238951377,0.8100013732910156,62.78144757669874,AME
2015-11-09,56.02999877929688,56.18999862670898,55.43000030517578,56.02000045776367,52.37445068359375,849400.0,-0.0033803186593474,-0.0033860448443283,0.759998321533196,59.56861813510708,AME
2015-11-10,55.7400016784668,56.09000015258789,55.18999862670898,55.970001220703125,52.32772064208984,693400.0,-0.0008922297206747,-0.0008926279945307,0.9000015258789134,59.060395700691394,AME
2015-11-11,56.27999877929688,56.459999084472656,55.72999954223633,55.77000045776367,52.140724182128906,967100.0,-0.003573564024314,-0.0035799644570189,0.7299995422363281,51.054129968703926,AME
2015-11-12,55.290000915527344,55.54999923706055,54.02999877929688,54.09000015258789,50.5700569152832,1293600.0,-0.0301236181791284,-0.0305866570278384,1.5200004577636648,39.06055981286446,AME
2015-11-13,53.869998931884766,54.380001068115234,53.72999954223633,53.7599983215332,50.26152420043945,874600.0,-0.006101094870441,-0.0061197825989248,0.6500015258789062,34.08524173743557,AME
2015-11-16,53.75,54.90999984741211,53.560001373291016,54.900001525878906,51.32734298706055,957400.0,0.0212054609082423,0.0209837539112798,1.3499984741210938,58.66263358347874,AME
2015-11-17,54.93000030517578,55.13999938964844,54.09000015258789,54.2400016784668,50.71030044555664,1121800.0,-0.0120217121244607,-0.0120945573102159,1.0499992370605469,50.14744185374731,AME
2015-11-18,54.52999877929688,55.9900016784668,54.33000183105469,55.93000030517578,52.29030990600586,1107800.0,0.0311575645690669,0.0306820202920861,1.6599998474121094,57.80268704234324,AME
2015-11-19,55.95000076293945,56.06999969482422,55.63999938964844,55.790000915527344,52.15943145751953,1066900.0,-0.0025029197325773,-0.0025060572726051,0.4300003051757812,56.05496955616128,AME
2015-11-20,56.04999923706055,56.54999923706055,55.88999938964844,56.220001220703125,52.56144714355469,924200.0,0.0077074399547965,0.0076778893818535,0.6599998474121094,54.98725057485898,AME
2015-11-23,56.150001525878906,56.45000076293945,56.02000045776367,56.310001373291016,52.64558029174805,701300.0,0.0016006627055678,0.0015993830104108,0.4300003051757812,53.86620748294772,AME
2015-11-24,56.11000061035156,56.619998931884766,55.77999877929688,56.459999084472656,52.78584289550781,1177000.0,0.0026642807047136,0.0026607378003429,0.8400001525878835,51.91274344767617,AME
2015-11-25,56.5,56.68000030517578,56.290000915527344,56.459999084472656,52.78584289550781,1221700.0,0.0,0.0,0.3899993896484375,49.85768613996105,AME
2015-11-27,56.5,56.970001220703125,56.43999862670898,56.86000061035156,53.15979766845703,426700.0,0.0070843762728101,0.0070593999708585,0.5300025939941477,54.54549604816389,AME
2015-11-30,56.77999877929688,57.0,56.38999938964844,56.459999084472656,52.78584289550781,1555800.0,-0.0070345409378995,-0.0070593999708586,0.6100006103515625,52.98933591749029,AME
2015-12-01,56.619998931884766,56.93000030517578,56.34000015258789,56.66999816894531,52.98216247558594,1195200.0,0.0037191710752209,0.0037122720589342,0.5900001525878906,54.65424795960562,AME
2015-12-02,56.4900016784668,56.56999969482422,55.7400016784668,55.79999923706055,52.25176239013672,1323700.0,-0.013785773387143,-0.0138816796088182,0.8299980163574219,50.7330232145843,AME
2015-12-03,55.81999969482422,56.0,54.27000045776367,54.709999084472656,51.231082916259766,1371100.0,-0.0195338765084337,-0.0197271841806855,1.729999542236328,54.70547982403737,AME
2015-12-04,54.77999877929688,55.52000045776367,54.59999847412109,55.310001373291016,51.79292297363281,1754400.0,0.0109667808172513,0.0109070817509808,0.9200019836425852,60.52173739832668,AME
2015-12-07,54.970001220703125,55.220001220703125,54.68000030517578,55.11000061035156,51.60563659667969,1008200.0,-0.0036160611566269,-0.0036226149097226,0.5400009155273438,52.17458437189437,AME
2015-12-08,54.619998931884766,54.7400016784668,53.810001373291016,53.83000183105469,50.40703582763672,1255800.0,-0.0232261599330815,-0.0235001378025398,0.9300003051757812,47.82772168037542,AME
2015-12-09,53.470001220703125,54.84000015258789,53.470001220703125,54.0,50.56622314453125,1828400.0,0.0031580376485311,0.0031530615214151,1.3699989318847656,34.494264759059504,AME
2015-12-10,53.93000030517578,54.43000030517578,53.84999847412109,54.08000183105469,50.641143798828125,2388900.0,0.001481634372469,0.00148053783524,0.5800018310546946,36.206301413160105,AME
2015-12-11,53.5099983215332,53.59999847412109,52.84999847412109,52.90999984741211,49.545528411865234,1681300.0,-0.0216348862757764,-0.0218723517000899,0.75,25.666908990629395,AME
2015-12-14,52.9900016784668,53.45000076293945,52.90999984741211,53.41999816894531,50.02309799194336,2154600.0,0.0096390046768328,0.0095928458509715,0.5400009155273438,30.104347785821943,AME
2015-12-15,53.88999938964844,53.959999084472656,53.25,53.33000183105469,49.93883514404297,2063500.0,-0.0016844787964543,-0.0016858991260964,0.7099990844726562,28.2158710662672,AME
2015-12-16,53.83000183105469,54.54999923706055,53.38999938964844,54.34999847412109,50.89395523071289,2042600.0,0.01912579826732,0.018945199287588,1.1599998474121094,37.37009029822504,AME
2015-12-17,54.380001068115234,54.58000183105469,53.41999816894531,53.54999923706055,50.144832611083984,1931100.0,-0.0147192847604981,-0.0148286883211453,1.160003662109375,30.832732301158583,AME
2015-12-18,53.290000915527344,53.59999847412109,52.91999816894531,52.95000076293945,49.5829963684082,3289900.0,-0.0112042699799858,-0.0112675106334897,0.6800003051757741,30.11336424784093,AME
2015-12-21,53.34999847412109,53.560001373291016,52.810001373291016,53.08000183105469,49.7047233581543,1264800.0,0.002455014796638,0.0024520061709531,0.75,29.459952979517823,AME
2015-12-22,53.34999847412109,53.560001373291016,53.040000915527344,53.41999816894531,50.02309799194336,2324000.0,0.0064053195004218,0.0063848926221902,0.5200004577636719,35.27212354021012,AME
2015-12-23,53.77999877929688,54.5099983215332,53.59000015258789,54.16999816894531,50.72540664672852,1461500.0,0.0140396873240093,0.0139420437758564,0.9199981689453124,46.51150550537911,AME
2015-12-24,53.959999084472656,54.470001220703125,53.959999084472656,54.290000915527344,50.83777618408203,386900.0,0.0022152515826259,0.0022128015304928,0.5100021362304688,42.97510737127512,AME
2015-12-28,54.16999816894531,54.2599983215332,53.650001525878906,53.93999862670898,50.51003646850586,707300.0,-0.0064467752167096,-0.0064676454174065,0.6099967956542969,42.10521107472266,AME
2015-12-29,54.41999816894531,54.70000076293945,54.0099983215332,54.54999923706055,51.08123779296875,528800.0,0.0113086698090001,0.0112452048240767,0.69000244140625,55.34118190323993,AME
2015-12-30,54.470001220703125,54.630001068115234,54.13999938964844,54.18000030517578,50.73476791381836,600100.0,-0.0067827228571599,-0.0068058300676481,0.4900016784667969,51.29676991791987,AME
2015-12-31,53.90999984741211,54.25,53.58000183105469,53.59000015258789,50.18229293823242,708700.0,-0.0108894747784086,-0.0109491990821702,0.6699981689453125,46.711308767054526,AME
2016-01-04,52.86000061035156,52.93000030517578,52.27999877929688,52.650001525878906,49.30207443237305,1942300.0,-0.0175404202223841,-0.0176960762604555,0.6500015258788991,48.199516786642455,AME
2016-01-05,52.650001525878906,52.869998931884766,52.04999923706055,52.380001068115234,49.04923629760742,1277100.0,-0.00512834678209,-0.0051415418844884,0.8199996948242188,42.55009075575321,AME
2016-01-06,51.58000183105469,51.90999984741211,50.97999954223633,51.18999862670898,47.93490982055664,1973700.0,-0.0227185285880819,-0.0229805707734623,0.9300003051757812,36.75725957502591,AME
2016-01-07,50.38999938964844,50.43999862670898,49.380001068115234,49.97999954223633,46.80186080932617,2498700.0,-0.023637240905887,-0.0239210822250162,1.059997558593743,23.57912926625741,AME
2016-01-08,50.290000915527344,50.59999847412109,48.97999954223633,49.06999969482422,45.94970703125,1708500.0,-0.0182076901076199,-0.0183754900509299,1.6199989318847583,23.26953861979216,AME
2016-01-11,49.150001525878906,49.52000045776367,47.79999923706055,48.20000076293945,45.135040283203125,2482900.0,-0.017729530843207,-0.0178885817107687,1.720001220703125,22.543204236711414,AME
2016-01-12,48.720001220703125,48.77000045776367,47.880001068115234,48.470001220703125,45.38785934448242,1711900.0,0.0056013921709821,0.0055857627111822,0.8899993896484375,23.77682821139078,AME
2016-01-13,48.77000045776367,48.93000030517578,47.34000015258789,47.38999938964844,44.37654495239258,1325200.0,-0.0222816058456122,-0.0225335909475914,1.5900001525878906,18.362928322276176,AME
2016-01-14,47.47999954223633,48.43000030517578,46.77000045776367,47.9900016784668,44.938385009765625,1510600.0,0.0126607435972267,0.0125812665060357,1.6599998474121094,17.0573589045474,AME
2016-01-15,46.93999862670898,48.15999984741211,46.93000030517578,47.88999938964844,44.84475326538086,1822900.0,-0.002083558284625,-0.0020857319119653,1.229999542236328,15.811762145693931,AME
2016-01-19,48.459999084472656,48.470001220703125,46.970001220703125,47.41999816894531,44.40462493896485,1202700.0,-0.0098144887499197,-0.0098629683068054,1.5,15.611577908346376,AME
2016-01-20,46.40999984741211,47.0099983215332,45.09000015258789,46.560001373291016,43.59932327270508,1910800.0,-0.0181355358223761,-0.0183020003390525,1.9199981689453125,8.941261191858331,AME
2016-01-21,46.52000045776367,46.970001220703125,45.810001373291016,46.33000183105469,43.38394165039063,1869200.0,-0.0049400221413363,-0.0049522643853272,1.1599998474121094,9.071781847005925,AME
2016-01-22,47.25,47.540000915527344,46.56999969482422,46.90999984741211,43.92705535888672,1381100.0,0.0125187727955373,0.0124410608593038,0.970001220703125,15.135499228835016,AME
2016-01-25,46.790000915527344,46.93000030517578,45.900001525878906,45.900001525878906,42.98129653930664,1290900.0,-0.0215302121176385,-0.0217653685732539,1.029998779296875,15.025721689044872,AME
2016-01-26,46.2400016784668,46.720001220703125,46.08000183105469,46.619998931884766,43.6555061340332,1815200.0,0.0156861157994616,0.0155643602818821,0.6399993896484375,21.484964574363943,AME
2016-01-27,46.52999877929688,47.13999938964844,46.040000915527344,46.310001373291016,43.365230560302734,1589700.0,-0.0066492316648271,-0.0066714362895567,1.0999984741210938,23.535628726375837,AME
2016-01-28,46.77000045776367,46.880001068115234,45.91999816894531,46.18000030517578,43.243499755859375,1607700.0,-0.0028071061278939,-0.0028110534390453,0.960002899169922,26.658298913943725,AME
2016-01-29,46.4900016784668,47.130001068115234,46.150001525878906,47.04999923706055,44.05815505981445,2863700.0,0.0188387921549919,0.0186635397184529,0.979999542236328,37.5306854993444,AME
2016-02-01,46.58000183105469,46.90999984741211,45.970001220703125,46.68000030517578,43.7116813659668,3142400.0,-0.0078640082267918,-0.0078950926119748,0.9399986267089844,39.99977486930357,AME
2016-02-02,46.09000015258789,46.18999862670898,45.36000061035156,45.52000045776367,42.625450134277344,2498100.0,-0.0248499073415916,-0.0251638786439075,0.8299980163574148,32.62645887324577,AME
2016-02-03,45.97999954223633,46.209999084472656,44.68999862670898,45.84999847412109,42.93446731567383,2261100.0,0.0072495933866512,0.0072234414026173,1.520000457763679,40.051548616440165,AME
2016-02-04,45.84999847412109,47.15999984741211,44.91999816894531,46.63999938964844,43.67423248291016,1878800.0,0.0172301000451977,0.0170833452066652,2.240001678466797,41.48796154928916,AME
2016-02-05,43.93999862670898,45.95000076293945,42.81999969482422,45.33000183105469,42.44753646850586,3453900.0,-0.0280874086312635,-0.0284894051407089,3.1300010681152344,35.99550191609816,AME
2016-02-08,44.33000183105469,44.93000030517578,44.040000915527344,44.75,41.904415130615234,2958400.0,-0.0127951203550669,-0.0128776829289945,0.8899993896484375,35.567494531231745,AME
2016-02-09,44.369998931884766,46.09000015258789,44.040000915527344,45.75,42.8408203125,1952300.0,0.022346217671002,0.0221001992580833,2.049999237060547,45.68681238825868,AME
2016-02-10,45.61000061035156,46.16999816894531,45.22999954223633,45.619998931884766,42.71909332275391,2293800.0,-0.0028413785930837,-0.0028454229721298,0.9399986267089844,46.17867269357904,AME
2016-02-11,44.63999938964844,45.45000076293945,44.27999877929688,45.02999877929688,42.16660690307617,1994000.0,-0.0129330090295588,-0.0130173685282967,1.170001983642571,39.892417303467774,AME
2016-02-12,45.709999084472656,46.18000030517578,45.38999938964844,45.630001068115234,42.72846603393555,1722300.0,0.0133247413563737,0.0132367477894431,0.7900009155273438,48.48143528400401,AME
2016-02-16,46.31999969482422,46.33000183105469,45.25,45.97999954223633,43.05620193481445,2381000.0,0.0076702004845812,0.0076409340545022,1.0800018310546875,46.24410451786144,AME
2016-02-17,46.15999984741211,46.34000015258789,45.86000061035156,46.0099983215332,43.08429336547852,1908500.0,0.0006524363367348,0.0006522235926777,0.4799995422363281,48.179514332808346,AME
2016-02-18,46.02000045776367,46.060001373291016,45.54999923706055,45.86000061035156,42.94383239746094,1300800.0,-0.0032601432458476,-0.0032654690913357,0.5100021362304688,48.06284437061924,AME
2016-02-19,45.810001373291016,46.16999816894531,45.34000015258789,46.130001068115234,43.19666290283203,1588900.0,0.0058874695446613,0.005870206121288,0.8299980163574219,43.994813684597375,AME
2016-02-22,46.40999984741211,46.91999816894531,46.04999923706055,46.130001068115234,43.19666290283203,1358900.0,0.0,0.0,0.8699989318847656,46.2277599361165,AME
2016-02-23,46.09000015258789,46.25,45.2400016784668,45.540000915527344,42.64418411254883,2424700.0,-0.0127898488715659,-0.0128723431362774,1.0099983215332031,50.14885544078609,AME
2016-02-24,44.93999862670898,45.5099983215332,44.63999938964844,45.380001068115234,42.49435806274414,2032100.0,-0.0035133993749125,-0.0035195858571354,0.8699989318847656,46.41224089719479,AME
2016-02-25,45.59000015258789,46.40999984741211,45.22999954223633,46.38999938964844,43.44013595581055,1177900.0,0.0222565520738056,0.0220124897053224,1.1800003051757812,48.15366628135561,AME
2016-02-26,46.61000061035156,47.0,46.16999816894531,46.66999816894531,43.70233154296875,1070500.0,0.0060357911270103,0.0060176487057215,0.8300018310546875,61.67252060470266,AME
2016-02-29,46.86000061035156,47.060001373291016,46.400001525878906,46.40999984741211,43.4588508605957,1362900.0,-0.0055713430788847,-0.0055869208972595,0.6599998474121094,65.3135649400138,AME
2016-03-01,46.68999862670898,48.08000183105469,46.54999923706055,47.90999984741211,44.86347961425781,1713000.0,0.0323208903559779,0.0318095589948851,1.5300025939941406,68.24326184132292,AME
2016-03-02,47.84000015258789,47.970001220703125,47.4900016784668,47.86000061035156,44.816654205322266,1155000.0,-0.0010437311001767,-0.0010442761667831,0.4799995422363281,69.17795366986574,AME
2016-03-03,47.97999954223633,48.25,47.5,48.220001220703125,45.153770446777344,927200.0,0.0075221197885637,0.007493969722816,0.75,78.43126576202698,AME
2016-03-04,48.150001525878906,48.560001373291016,47.900001525878906,48.130001068115234,45.06949615478516,1004800.0,-0.0018663843829279,-0.0018681282484137,0.6599998474121094,74.50969585287325,AME
2016-03-07,47.93999862670898,48.34000015258789,47.900001525878906,48.15999984741211,45.09757995605469,834700.0,0.0006231221483612,0.0006229280883665,0.4399986267089844,72.80323852135933,AME
2016-03-08,47.810001373291016,48.130001068115234,47.59999847412109,47.72999954223633,44.69491958618164,1577300.0,-0.0089286469532382,-0.0089687461878325,0.5300025939941477,66.60220546947616,AME
2016-03-09,47.84999847412109,47.9900016784668,47.540000915527344,47.650001525878906,44.62001800537109,933300.0,-0.0016758410464555,-0.0016772468388713,0.4500007629394531,67.51470846155068,AME
2016-03-10,47.65999984741211,47.790000915527344,46.81999969482422,47.400001525878906,44.38589859008789,1456500.0,-0.0052469592292637,-0.0052607728607349,0.970001220703125,62.47527961743936,AME
2016-03-11,47.88999938964844,48.11000061035156,47.540000915527344,48.06999969482422,45.013301849365234,1345700.0,0.0141351933656121,0.0140362230723093,0.5699996948242188,66.84015290552324,AME
2016-03-14,48.0099983215332,48.68999862670898,46.810001373291016,48.52000045776367,45.434696197509766,1892200.0,0.0093615516043392,0.0093180038521647,1.8799972534179616,76.51223341562887,AME
2016-03-15,48.060001373291016,48.52000045776367,47.790000915527344,48.5,45.50034713745117,1488400.0,0.0014449516654853,0.00144390872737,0.7299995422363281,79.02367264916222,AME
2016-03-16,48.209999084472656,48.97999954223633,48.060001373291016,48.77999877929688,45.76304244995117,1630500.0,0.0057734793034969,0.0057568766446168,0.9199981689453124,75.83631040773906,AME
2016-03-17,48.84000015258789,50.08000183105469,48.81999969482422,49.90999984741211,46.82314300537109,2123900.0,0.0231649929433623,0.0229007573893128,1.2600021362304688,79.47868862855435,AME
2016-03-18,49.880001068115234,50.27999877929688,49.7400016784668,50.15999984741211,47.05770111083984,2341600.0,0.0050094481150453,0.0049969425763467,0.5399971008300852,84.05156513823596,AME
2016-03-21,50.150001525878906,50.290000915527344,49.56999969482422,49.900001525878906,46.81377410888672,799400.0,-0.0051835724269354,-0.0051970537462648,0.720001220703125,73.64732480670799,AME
2016-03-22,49.93000030517578,50.040000915527344,49.54999923706055,49.77000045776367,46.69182205200195,918100.0,-0.0026050464677577,-0.0026084455056917,0.4900016784667969,72.3296084309986,AME
2016-03-23,49.77000045776367,49.869998931884766,49.20000076293945,49.34999847412109,46.29778671264648,714300.0,-0.0084390653874382,-0.0084748759136536,0.6699981689453125,63.440810095901725,AME
2016-03-24,49.09000015258789,49.119998931884766,48.68999862670898,49.06999969482422,46.035118103027344,858800.0,-0.0056734593221361,-0.0056896145253786,0.4300003051757883,60.88846562157491,AME
2016-03-28,49.040000915527344,49.34000015258789,48.810001373291016,49.2599983215332,46.21335220336914,904800.0,0.0038716985572384,0.0038642228220287,0.529998779296875,62.16949158183881,AME
2016-03-29,49.040000915527344,49.77000045776367,48.70000076293945,49.72999954223633,46.65428161621094,1189700.0,0.0095411692036841,0.0094959397160056,1.0699996948242188,71.19342718432988,AME
2016-03-30,50.13999938964844,50.650001525878906,50.060001373291016,50.31999969482422,47.20779800415039,1870700.0,0.0118642141463629,0.0117943861182026,0.5900001525878906,75.36449939988576,AME
2016-03-31,50.15999984741211,50.290000915527344,49.59999847412109,49.97999954223633,46.888816833496094,1240400.0,-0.0067569593190144,-0.0067798909256317,0.6900024414062571,74.1312741312742,AME
2016-04-01,49.81999969482422,50.15999984741211,49.20000076293945,50.11000061035156,47.010780334472656,838200.0,0.002601121316617,0.0025977442553948,0.9599990844726562,71.33781529315985,AME
2016-04-04,50.16999816894531,50.16999816894531,49.18000030517578,49.31999969482422,46.26964569091797,1294900.0,-0.0157652061565806,-0.0158907987636195,0.9899978637695312,58.3489152898473,AME
2016-04-05,49.0,49.31999969482422,48.709999084472656,48.84000015258789,45.819332122802734,785700.0,-0.0097323755432089,-0.0097800446513273,0.6100006103515625,52.96178650768464,AME
2016-04-06,48.84999847412109,48.97999954223633,48.380001068115234,48.95000076293945,45.92253112792969,760100.0,0.0022523026928975,0.0022497700613097,0.5999984741210938,51.52605747983155,AME
2016-04-07,48.560001373291016,49.290000915527344,48.5099983215332,49.02999877929688,45.9975700378418,1606300.0,0.0016340325341186,0.0016326989555002,0.7800025939941406,40.26550702630158,AME
2016-04-08,49.470001220703125,49.72999954223633,49.27000045776367,49.52999877929688,46.46665954589844,1124300.0,0.010198136720499,0.0101464865841658,0.4599990844726562,43.39615886249144,AME
2016-04-11,49.68000030517578,49.95000076293945,49.18999862670898,49.4900016784668,46.42912673950195,1225600.0,-0.0008077362729165,-0.0008080626676322,0.7600021362304759,45.49444362524967,AME
2016-04-12,49.4900016784668,50.18000030517578,49.29999923706055,50.02000045776367,46.92633819580078,878400.0,0.0107090417420192,0.0106521060780738,0.8800010681152344,52.52501936572427,AME
2016-04-13,50.38999938964844,50.91999816894531,50.09000015258789,50.880001068115234,47.73315048217773,1121100.0,0.017193165232934,0.0170470353463739,0.8299980163574219,64.19290204018822,AME
2016-04-14,51.0,51.08000183105469,50.59999847412109,50.68000030517578,47.54551696777344,1125400.0,-0.0039308847731378,-0.0039386310070532,0.4800033569336008,65.15980623235887,AME
2016-04-15,50.68999862670898,50.81999969482422,50.45000076293945,50.52999877929688,47.40480422973633,918700.0,-0.0029595374498185,-0.0029639255407285,0.3699989318847656,62.04930643536018,AME
2016-04-18,50.25,50.58000183105469,50.18999862670898,50.47999954223633,47.35788345336914,807600.0,-0.0009897894766065,-0.0009902796416773,0.3900032043457102,57.7317859002273,AME
2016-04-19,50.709999084472656,51.11000061035156,50.52000045776367,50.9900016784668,47.83634948730469,1367300.0,0.0101031971668807,0.0100525010463693,0.5900001525878906,57.02290603419839,AME
2016-04-20,50.720001220703125,51.18999862670898,50.619998931884766,50.95000076293945,47.79881286621094,1261000.0,-0.0007846882443174,-0.0007849962732861,0.5699996948242116,60.84990876161406,AME
2016-04-21,50.84999847412109,51.040000915527344,50.70000076293945,50.959999084472656,47.80820846557617,970000.0,0.0001965655379669,0.0001965462214928,0.3400001525878906,59.770015021373005,AME
2016-04-22,50.84999847412109,51.22999954223633,50.75,51.13999938964844,47.9770736694336,1014700.0,0.0035321382933439,0.0035259149430661,0.4799995422363281,74.33115313027308,AME
2016-04-25,50.9900016784668,51.15999984741211,50.7400016784668,51.040000915527344,47.88325500488281,951700.0,-0.0019554895156217,-0.0019574039814636,0.4199981689453125,82.73747215125995,AME
2016-04-26,51.16999816894531,51.650001525878906,50.88999938964844,51.59999847412109,48.40862274169922,1238000.0,0.0109718467711277,0.0109120927377707,0.7600021362304688,84.77633061830849,AME
2016-04-27,51.59999847412109,52.61000061035156,51.56999969482422,52.34000015258789,49.10286331176758,1668400.0,0.0143412584525017,0.01423939534716,1.0400009155273438,87.02416385282645,AME
2016-04-28,48.70000076293945,48.97999954223633,47.209999084472656,48.09999847412109,45.125099182128906,8458800.0,-0.0810088019589153,-0.0844787344295698,1.770000457763672,41.29114568526863,AME
2016-04-29,47.84000015258789,48.77000045776367,47.720001220703125,48.09000015258789,45.11572265625,3258200.0,-0.0002077895904685,-0.0002078111817164,1.0499992370605469,41.44264250829512,AME
2016-05-02,48.11000061035156,48.720001220703125,48.11000061035156,48.459999084472656,45.46282577514648,1504000.0,0.0076936176228663,0.0076641726758129,0.6100006103515625,40.27439001204126,AME
2016-05-03,48.18999862670898,48.380001068115234,47.560001373291016,47.72999954223633,44.77796936035156,1458400.0,-0.0150640969433385,-0.0151787129663126,0.8199996948242188,30.038110600622066,AME
2016-05-04,47.38999938964844,47.52999877929688,46.790000915527344,46.959999084472656,44.05560302734375,1941300.0,-0.0161321815912319,-0.0162637218384834,0.7399978637695384,28.014324837953996,AME
2016-05-05,46.970001220703125,47.33000183105469,46.59000015258789,46.63999938964844,43.7553825378418,1380300.0,-0.0068145813215998,-0.0068379066093379,0.7400016784667969,27.46240569620373,AME
2016-05-06,46.56999969482422,46.81999969482422,46.0,46.7400016784668,43.84921646118164,1232900.0,0.0021445115525773,0.0021422153698853,0.8199996948242188,28.45649071951296,AME
2016-05-09,46.7400016784668,46.79999923706055,46.04999923706055,46.310001373291016,43.44580459594727,1370900.0,-0.0091999788774218,-0.0092425600482225,0.75,22.790906370108274,AME
2016-05-10,46.459999084472656,47.130001068115234,46.25,47.02000045776367,44.11189651489258,1702000.0,0.0153315590570841,0.0152152183218011,0.8800010681152344,28.802815696701984,AME
2016-05-11,46.95000076293945,47.25,46.75,46.90999984741211,44.00868988037109,2414000.0,-0.0023396553464131,-0.0023423966165693,0.5,28.38855346528761,AME
2016-05-12,47.0099983215332,47.310001373291016,46.54999923706055,46.9900016784668,44.08374786376953,1191400.0,0.0017055264222243,0.0017040736636134,0.7600021362304688,27.616115856183317,AME
2016-05-13,46.790000915527344,47.06999969482422,46.02999877929688,46.31999969482422,43.455169677734375,1490000.0,-0.0142587283635146,-0.014361360804322,1.0400009155273366,26.01637371610292,AME
2016-05-16,46.2400016784668,47.119998931884766,46.18999862670898,46.970001220703125,44.06498718261719,1900000.0,0.0140332556380575,0.0139357011184346,0.9300003051757884,26.68704245583945,AME
2016-05-17,46.83000183105469,47.43999862670898,46.68999862670898,47.08000183105469,44.16819381713867,1955800.0,0.0023421460238661,0.0023394074750881,0.75,21.72074058075056,AME
2016-05-18,47.040000915527344,47.68999862670898,46.75,47.5099983215332,44.57158660888672,1927200.0,0.0091331059046275,0.0090916513078691,0.9399986267089772,44.626634414129086,AME
2016-05-19,47.150001525878906,47.27999877929688,46.619998931884766,47.02999877929688,44.12126922607422,1624900.0,-0.010103238791206,-0.010154622898485,0.6599998474121165,41.107392165745175,AME
2016-05-20,47.369998931884766,47.709999084472656,47.119998931884766,47.52999877929688,44.5903549194336,1120900.0,0.0106317361578114,0.0105756166656098,0.5900001525878906,42.3647550150394,AME
2016-05-23,47.52999877929688,47.79999923706055,47.18000030517578,47.52999877929688,44.5903549194336,1007400.0,0.0,0.0,0.6199989318847656,48.134521405477486,AME
2016-05-24,47.77000045776367,48.0,47.59999847412109,47.72999954223633,44.77796936035156,2711800.0,0.0042075117198987,0.0041986848931184,0.4000015258789133,58.037302891602266,AME
2016-05-25,47.9900016784668,48.13999938964844,47.720001220703125,47.93000030517578,44.965606689453125,1111700.0,0.0041903938874838,0.0041816386371275,0.4199981689453125,63.8113953709081,AME
2016-05-26,47.86000061035156,48.13999938964844,47.68000030517578,47.79999923706055,44.84364700317383,726100.0,-0.0027122882411347,-0.0027159731594348,0.4599990844726562,61.27631301194229,AME
2016-05-27,47.90999984741211,47.970001220703125,47.59999847412109,47.83000183105469,44.87179946899414,645300.0,0.0006277916204791,0.0006275946417564,0.3700027465820383,67.67418110295773,AME
2016-05-31,47.90999984741211,48.18000030517578,47.560001373291016,47.81999969482422,44.86241149902344,1351700.0,-0.0002092175950552,-0.0002092394841093,0.6199989318847656,61.110791093882845,AME
2016-06-01,47.68000030517578,48.06999969482422,47.2599983215332,47.900001525878906,44.93746948242188,1365400.0,0.0016730706373213,0.0016716726137535,0.8100013732910156,63.86541987949765,AME
2016-06-02,47.79999923706055,47.90999984741211,47.59000015258789,47.84000015258789,44.88117218017578,989800.0,-0.0012527919995166,-0.001253577399444,0.3199996948242187,61.97152124910655,AME
2016-06-03,47.59000015258789,47.84000015258789,47.220001220703125,47.47999954223633,44.5434455871582,1104100.0,-0.007524905803747,-0.0075533607444646,0.6199989318847656,67.90131358500645,AME
2016-06-06,47.61000061035156,48.27999877929688,47.5099983215332,48.22999954223633,45.247047424316406,974400.0,0.0157958556614454,0.0156723995001791,0.770000457763679,68.86203269492037,AME
2016-06-07,48.36000061035156,48.93000030517578,48.36000061035156,48.75,45.734901428222656,1051600.0,0.0107820074828588,0.0107242960992953,0.5699996948242188,72.26648016524884,AME
2016-06-08,48.86000061035156,49.36000061035156,48.84999847412109,49.22999954223633,46.18520736694336,941500.0,0.0098460021702992,0.0097978461292498,0.5100021362304759,72.63143589968564,AME
2016-06-09,48.84999847412109,48.84999847412109,48.43000030517578,48.790000915527344,45.77241897583008,847800.0,-0.0089376753867025,-0.0089778560007236,0.4199981689453054,73.4041667342557,AME
2016-06-10,48.310001373291016,48.619998931884766,48.119998931884766,48.31999969482422,45.331485748291016,1078900.0,-0.009633164193745,-0.0096798632685055,0.5,60.58964925190079,AME
2016-06-13,48.09000015258789,48.27000045776367,47.209999084472656,47.2599983215332,44.33705520629883,1584800.0,-0.0219368618869871,-0.0221810526333597,1.0600013732910156,47.18164292462953,AME
2016-06-14,46.97999954223633,47.18999862670898,46.58000183105469,46.81999969482422,44.00807189941406,1113700.0,-0.00742005316668,-0.0074477186992847,0.6099967956542898,41.69495040606783,AME
2016-06-15,47.0,47.18000030517578,46.56999969482422,46.59999847412109,43.80127334594727,1025200.0,-0.0046991050628042,-0.0047101805672603,0.6100006103515625,37.49179364490035,AME
2016-06-16,46.27999877929688,46.77000045776367,45.72999954223633,46.66999816894531,43.867069244384766,967700.0,0.0015021457919233,0.0015010186994968,1.0400009155273438,39.38067046744232,AME
2016-06-17,46.720001220703125,46.83000183105469,46.36000061035156,46.52999877929688,43.73548126220703,1466000.0,-0.0029996985083423,-0.0030042066214902,0.470001220703125,37.91549254634749,AME
2016-06-20,47.18000030517578,47.5099983215332,46.790000915527344,46.84000015258789,44.02687072753906,1281200.0,0.0066625416463366,0.0066404450079583,0.7199974060058594,41.61701398031855,AME
2016-06-21,46.970001220703125,47.060001373291016,46.36000061035156,46.400001525878906,43.6133041381836,1336600.0,-0.0093935040697038,-0.0094379012780325,0.7000007629394531,37.55965325492813,AME
2016-06-22,46.5,46.709999084472656,46.2400016784668,46.41999816894531,43.63207626342773,943900.0,0.0004304219919832,0.0004303293870095,0.4699974060058594,38.18158981137045,AME
2016-06-23,46.95000076293945,47.470001220703125,46.90999984741211,47.470001220703125,44.61903762817383,1062200.0,0.0226200870842667,0.0223680466199348,0.5600013732910156,50.63696478693052,AME
2016-06-24,45.56999969482422,46.02000045776367,44.70000076293945,44.70000076293945,42.01539993286133,4968600.0,-0.0583526188307674,-0.0601244044536934,1.3199996948242188,29.373705008558133,AME
2016-06-27,44.220001220703125,44.2400016784668,43.27999877929688,43.880001068115234,41.2446403503418,2393700.0,-0.0183446922735751,-0.0185150427081521,0.9600028991699148,22.339404073886516,AME
2016-06-28,44.400001525878906,44.7599983215332,44.25,44.709999084472656,42.0247917175293,1605300.0,0.0189152180879916,0.0187385496879108,0.5099983215332031,25.372118503450807,AME
2016-06-29,45.220001220703125,45.79999923706055,45.060001373291016,45.47999954223633,42.7485580444336,2395700.0,0.017222365592413,0.0170757417330866,0.7399978637695312,32.73565982136439,AME
2016-06-30,45.540000915527344,46.22999954223633,45.540000915527344,46.22999954223633,43.453495025634766,2628700.0,0.0164903101636419,0.0163558214915345,0.6899986267089844,39.59162634855312,AME
2016-07-01,46.2599983215332,46.650001525878906,46.209999084472656,46.400001525878906,43.6133041381836,1123900.0,0.0036777044620819,0.0036709582423689,0.44000244140625,45.579831055689965,AME
2016-07-05,46.25,46.36000061035156,45.0,45.16999816894531,42.45716094970703,1731100.0,-0.0265089566434468,-0.0268666546677252,1.3600006103515625,41.39728292931061,AME
2016-07-06,45.060001373291016,45.09999847412109,44.4900016784668,44.93999862670898,42.240970611572266,2228800.0,-0.0050919640715226,-0.0051049722976443,0.6099967956542898,41.35419590707548,AME
2016-07-07,45.16999816894531,45.52000045776367,44.970001220703125,45.36000061035156,42.63576889038086,1698900.0,0.0093463353964795,0.0093029286568301,0.5499992370605469,43.41724538217249,AME
2016-07-08,45.86000061035156,46.0,45.66999816894531,45.84000015258789,43.0869255065918,1439700.0,0.0105816460674343,0.0105260522892528,0.3300018310546875,46.64726458676054,AME
2016-07-11,46.119998931884766,46.310001373291016,45.88999938964844,46.2400016784668,43.46290969848633,1298200.0,0.0087261782425624,0.0086883251980871,0.4200019836425781,47.10985856900279,AME
2016-07-12,46.619998931884766,46.869998931884766,46.220001220703125,46.70000076293945,43.89527130126953,1158700.0,0.0099478292130603,0.0098986752745469,0.6499977111816406,51.4422240172951,AME
2016-07-13,46.7599983215332,46.91999816894531,46.400001525878906,46.45000076293945,43.66029739379883,967700.0,-0.0053530574138155,-0.005367436362836,0.5199966430664062,50.14122384838999,AME
2016-07-14,46.88999938964844,47.38999938964844,46.66999816894531,47.11000061035156,44.28065490722656,1743100.0,0.0142087331158637,0.0141087351836172,0.720001220703125,48.242172560175945,AME
2016-07-15,47.29999923706055,47.65999984741211,47.29999923706055,47.619998931884766,44.760032653808594,1490500.0,0.010825895587732,0.010767715107317,0.3600006103515625,68.29568103439942,AME
2016-07-18,47.56999969482422,47.72999954223633,47.40999984741211,47.52000045776367,44.6660270690918,1053200.0,-0.0021002126035937,-0.0021024211428937,0.3199996948242187,75.06873038570626,AME
2016-07-19,47.470001220703125,48.0099983215332,47.34999847412109,48.0,45.1171989440918,1848200.0,0.010101007512983,0.0100503332913546,0.6599998474121165,73.80593832849567,AME
2016-07-20,48.150001525878906,48.22999954223633,47.77999877929688,47.790000915527344,44.91981887817383,1204100.0,-0.0043748297885815,-0.0043844273584729,0.450000762939446,68.18888629689154,AME
2016-07-21,47.7400016784668,47.959999084472656,47.18999862670898,47.36000061035156,44.5156364440918,1587700.0,-0.0089978642874364,-0.0090385895459308,0.770000457763679,59.36980920767474,AME
2016-07-22,47.310001373291016,47.369998931884766,47.04999923706055,47.34000015258789,44.49684143066406,1244000.0,-0.0004222114953099,-0.0004223006516794,0.3199996948242187,57.99309515625618,AME
2016-07-25,47.20000076293945,47.31999969482422,46.709999084472656,46.86000061035156,44.04567337036133,1562300.0,-0.0101393277769109,-0.0101910808858117,0.6100006103515625,66.47184052947985,AME
2016-07-26,46.880001068115234,47.43000030517578,46.880001068115234,47.40999984741211,44.56263732910156,760100.0,0.0117369975114991,0.0116686532076879,0.5499992370605469,72.6606790336285,AME
2016-07-27,47.43000030517578,47.56999969482422,47.11000061035156,47.209999084472656,44.37465286254883,632700.0,-0.0042184322522126,-0.0042273549395549,0.4599990844726562,67.68645667140542,AME
2016-07-28,47.18999862670898,47.470001220703125,46.84999847412109,47.38999938964844,44.5438346862793,900800.0,0.0038125779655,0.0038053285103614,0.6200027465820384,65.72015878216516,AME
2016-07-29,47.36000061035156,47.36000061035156,46.81999969482422,47.02999877929688,44.205448150634766,1280800.0,-0.0075967086809606,-0.0076257106453642,0.5400009155273438,58.07758384582824,AME
2016-08-01,46.95000076293945,47.15999984741211,46.68000030517578,47.08000183105469,44.2524642944336,788400.0,0.0010635825620095,0.0010630173588011,0.4799995422363281,54.241244924692566,AME
2016-08-02,47.11000061035156,47.11000061035156,46.34000015258789,46.45000076293945,43.66029739379883,880800.0,-0.0133815576166513,-0.0134718974894318,0.7700004577636719,50.0,AME
2016-08-03,46.33000183105469,46.86000061035156,46.09999847412109,46.84999847412109,44.0362663269043,1549200.0,0.0086112316119695,0.0085743664421984,0.7600021362304759,47.173881396980015,AME
2016-08-04,43.5,46.720001220703125,43.29999923706055,45.90999984741211,43.15273284912109,4362300.0,-0.0200637690585363,-0.0202677799025884,3.420001983642578,33.00198807157058,AME
2016-08-05,46.11000061035156,46.45000076293945,45.869998931884766,46.18999862670898,43.41590881347656,4202700.0,0.0060987090962614,0.0060801872380757,0.5800018310546875,37.23607368787588,AME
2016-08-08,46.34000015258789,47.310001373291016,46.150001525878906,47.08000183105469,44.2524642944336,4760000.0,0.0192684088349053,0.0190851237117461,1.1599998474121094,41.815037208479545,AME
2016-08-09,47.11000061035156,47.7400016784668,47.02999877929688,47.369998931884766,44.5250358581543,2268000.0,0.0061594663272792,0.006140574351199,0.7100028991699148,46.31570777998345,AME
2016-08-10,47.43000030517578,47.59000015258789,47.18000030517578,47.290000915527344,44.44984817504883,2047700.0,-0.0016886608097295,-0.0016900882045447,0.4099998474121094,49.34586628150432,AME
2016-08-11,47.459999084472656,47.77000045776367,47.38999938964844,47.4900016784668,44.63783645629883,1459900.0,0.004229222122642,0.0042203040981233,0.3800010681152344,51.35628236036651,AME
2016-08-12,47.52000045776367,47.63999938964844,47.20000076293945,47.59999847412109,44.74121856689453,1268500.0,0.0023160197447498,0.0023133419048438,0.4399986267089844,57.17047541518698,AME
2016-08-15,47.810001373291016,48.34000015258789,47.77999877929688,48.310001373291016,45.40858840942383,1464600.0,0.0149162196271315,0.0148060668476732,0.5600013732910085,58.45871702408293,AME
2016-08-16,48.2599983215332,48.58000183105469,48.18999862670898,48.380001068115234,45.474365234375,1260300.0,0.001448554717405,0.0014475065740935,0.3900032043457102,61.27156013378088,AME
2016-08-17,48.40999984741211,48.5099983215332,48.130001068115234,48.380001068115234,45.474365234375,1383400.0,0.0,0.0,0.3799972534179687,59.8801740360336,AME
2016-08-18,48.27999877929688,48.93000030517578,48.27999877929688,48.93000030517578,45.9913444519043,1327100.0,0.01136858568261,0.0113044489506073,0.6500015258788991,68.26939436841758,AME
2016-08-19,48.619998931884766,49.40999984741211,48.58000183105469,49.27999877929688,46.3203239440918,1835000.0,0.0071530740426937,0.0071276121569635,0.8299980163574219,70.00005165331167,AME
2016-08-22,49.060001373291016,49.45000076293945,48.880001068115234,49.209999084472656,46.254520416259766,1232600.0,-0.0014206189039492,-0.0014216289396816,0.5699996948242188,77.9352878641741,AME
2016-08-23,49.45000076293945,49.72999954223633,49.18000030517578,49.27999877929688,46.3203239440918,1528300.0,0.0014226399331318,0.0014216289396816,0.5499992370605469,76.35588758849818,AME
2016-08-24,49.310001373291016,49.75,49.310001373291016,49.619998931884766,46.63991165161133,1382100.0,0.0068995136542064,0.0068758209263117,0.4399986267089844,96.25934783510768,AME
2016-08-25,49.59000015258789,49.9900016784668,49.40999984741211,49.790000915527344,46.7996940612793,1302100.0,0.0034258729060532,0.003420017971832,0.5800018310546875,96.15384215143412,AME
2016-08-26,49.84999847412109,50.27000045776367,49.52000045776367,49.65999984741211,46.67749786376953,1045600.0,-0.0026110469301308,-0.0026144616584722,0.75,91.08265024673835,AME
2016-08-29,49.65999984741211,49.90999984741211,49.4900016784668,49.81999969482422,46.827884674072266,899600.0,0.0032218267299084,0.0032166477670022,0.4199981689453125,90.6975395866592,AME
2016-08-30,49.81999969482422,49.9900016784668,49.31999969482422,49.61000061035156,46.6305046081543,846900.0,-0.0042150113611101,-0.0042239195624228,0.6700019836425781,86.9425459095045,AME
2016-08-31,49.459999084472656,49.4900016784668,48.650001525878906,48.75,45.82216262817383,1457900.0,-0.0173350468062297,-0.0174870580395171,0.8400001525878906,66.57898278149091,AME
2016-09-01,48.790000915527344,48.90999984741211,48.2599983215332,48.77999877929688,45.8503532409668,1539300.0,0.0006152178591334,0.000615028690209,0.6500015258789062,65.8602869059477,AME
2016-09-02,48.9900016784668,49.220001220703125,48.90999984741211,49.150001525878906,46.19813537597656,680400.0,0.0075851571564127,0.0075565344989853,0.3100013732910156,62.42602022744165,AME
2016-09-06,49.18999862670898,49.40999984741211,48.790000915527344,48.91999816894531,45.9819450378418,766900.0,-0.0046796334175683,-0.0046906171820871,0.6199989318847656,57.62726437904338,AME
2016-09-07,48.90999984741211,49.0099983215332,48.63999938964844,48.7400016784668,45.81275939941406,674000.0,-0.0036793928201275,-0.0036861784356334,0.3699989318847656,54.83891731488856,AME
2016-09-08,48.720001220703125,48.720001220703125,48.33000183105469,48.470001220703125,45.558963775634766,978100.0,-0.005539845822571,-0.0055552476773785,0.3899993896484375,43.31385128678249,AME
2016-09-09,48.08000183105469,48.380001068115234,47.7599983215332,47.77999877929688,44.910404205322266,1901600.0,-0.0142356084634952,-0.014337906750446,0.6200027465820312,30.158665398316927,AME
2016-09-12,47.43000030517578,48.59000015258789,47.27000045776367,48.5,45.58716583251953,1216200.0,0.0150691502152426,0.0149567384640035,1.3199996948242188,41.98650912965289,AME
2016-09-13,48.06999969482422,48.31999969482422,47.7400016784668,47.90999984741211,45.03261184692383,1080200.0,-0.0121646953801219,-0.0122392908584148,0.5799980163574219,36.16165276680036,AME
2016-09-14,47.83000183105469,47.86000061035156,47.36000061035156,47.5099983215332,44.74067306518555,1017100.0,-0.0064828303259568,-0.0065039351325084,0.5,29.467894175984057,AME
2016-09-15,47.400001525878906,47.77999877929688,47.400001525878906,47.59999847412109,44.8254280090332,2539200.0,0.001894360054087,0.0018925680168986,0.3799972534179758,28.30485596431805,AME
2016-09-16,47.34000015258789,47.34000015258789,46.7400016784668,46.77000045776367,44.04381942749024,1665700.0,-0.0174367232229316,-0.0175905334682149,0.5999984741210938,24.722012915735803,AME
2016-09-19,46.91999816894531,47.20000076293945,46.77000045776367,47.09000015258789,44.34515380859375,1454200.0,0.0068416950441729,0.0068183968543409,0.4300003051757812,26.84183146632729,AME
2016-09-20,47.40999984741211,47.54999923706055,46.630001068115234,46.77999877929688,44.053218841552734,1980800.0,-0.0065832439842489,-0.0066050091109425,0.9199981689453124,26.37655963937901,AME
2016-09-21,47.0,47.36000061035156,46.88999938964844,47.33000183105469,44.57115936279297,1517300.0,0.0117571549789159,0.0116885766331079,0.470001220703125,37.888512103621416,AME
2016-09-22,47.709999084472656,48.20000076293945,47.68000030517578,48.11000061035156,45.305702209472656,1905300.0,0.0164802275099191,0.0163459023574044,0.5200004577636719,45.36142225849356,AME
2016-09-23,47.880001068115234,48.02999877929688,47.36000061035156,47.369998931884766,44.608829498291016,1004200.0,-0.0153815673788615,-0.0155010909099129,0.6699981689453196,37.224176938895255,AME
2016-09-26,46.84000015258789,47.220001220703125,46.84000015258789,47.04999923706055,44.3074951171875,1512600.0,-0.0067550389573673,-0.0067779575017748,0.3800010681152344,36.72150329521932,AME
2016-09-27,47.02999877929688,47.58000183105469,46.93999862670898,47.56999969482422,44.797176361083984,1166000.0,0.0110518828157932,0.0109912570359303,0.6400032043457102,42.33593284452158,AME
2016-09-28,47.619998931884766,48.04999923706055,47.43000030517578,47.97999954223633,45.18328094482422,1731100.0,0.008618949119205,0.0085820180303109,0.6199989318847656,47.22042686936685,AME
2016-09-29,47.77999877929688,48.060001373291016,47.220001220703125,47.22999954223633,44.476993560791016,1466200.0,-0.0156316090656561,-0.0157550709621382,0.8400001525878906,46.820475048161896,AME
2016-09-30,47.470001220703125,47.91999816894531,47.38999938964844,47.77999877929688,44.99494552612305,2225000.0,0.0116453906585232,0.011578104971651,0.529998779296875,45.55179189605345,AME
2016-10-03,47.59000015258789,48.02000045776367,47.40999984741211,47.43000030517578,44.66533279418945,1248100.0,-0.0073255501941262,-0.0073525137998168,0.6100006103515625,47.14486348248367,AME
2016-10-04,47.52999877929688,47.68000030517578,47.04999923706055,47.130001068115234,44.38282775878906,2531800.0,-0.0063249284786957,-0.006345015583287,0.6300010681152344,47.21411299878653,AME
2016-10-05,47.380001068115234,48.220001220703125,47.18999862670898,48.119998931884766,45.315128326416016,2195500.0,0.0210058848141403,0.0207883029407861,1.0300025939941475,53.3679471505255,AME
2016-10-06,48.06999969482422,48.29999923706055,47.709999084472656,48.18999862670898,45.38103103637695,1542600.0,0.0014543202765802,0.0014532637770485,0.5900001525878906,60.20101596347742,AME
2016-10-07,48.06999969482422,48.09000015258789,47.63999938964844,47.7400016784668,44.957275390625,1769100.0,-0.0093377262718485,-0.0093815961479823,0.4500007629394531,54.583994186019936,AME
2016-10-10,47.95000076293945,48.130001068115234,47.43000030517578,47.540000915527344,44.76893997192383,1182600.0,-0.0041892089114556,-0.0041980082304963,0.7000007629394531,55.44429652035336,AME
2016-10-11,47.290000915527344,47.290000915527344,46.29999923706055,46.400001525878906,43.69536972045898,2485800.0,-0.0239802472906019,-0.0242724543420786,0.9900016784667968,43.85734719421045,AME
2016-10-12,46.31999969482422,46.540000915527344,46.16999816894531,46.2400016784668,43.54469680786133,2235600.0,-0.0034482581006083,-0.0034542170451687,0.3700027465820312,36.5467100075013,AME
2016-10-13,45.880001068115234,45.90999984741211,45.54999923706055,45.70000076293945,43.03617858886719,1407900.0,-0.0116780746284202,-0.0117467989107579,0.3600006103515625,37.62964892245039,AME
2016-10-14,46.09000015258789,46.33000183105469,45.810001373291016,45.84000015258789,43.16801452636719,1134300.0,0.0030633746262522,0.0030586920547451,0.5200004577636719,40.79138340730035,AME
2016-10-17,45.84000015258789,45.91999816894531,45.43999862670898,45.45000076293945,42.80075073242188,741700.0,-0.0085077759071123,-0.0085441736219879,0.4799995422363352,33.54038204733547,AME
2016-10-18,45.84000015258789,45.84000015258789,45.45000076293945,45.650001525878906,42.98908996582031,1008500.0,0.0044003721938401,0.0043907188645855,0.3899993896484375,31.300098832219263,AME
2016-10-19,45.66999816894531,45.810001373291016,45.52999877929688,45.66999816894531,43.007930755615234,841100.0,0.0004382691005997,0.0004381730887491,0.2800025939941335,35.818228687166226,AME
2016-10-20,45.58000183105469,45.66999816894531,45.34999847412109,45.470001220703125,42.8195915222168,778200.0,-0.0043791744938541,-0.0043887911641323,0.3199996948242258,27.572710454448146,AME
2016-10-21,45.09999847412109,45.34000015258789,44.790000915527344,45.25,42.612396240234375,1106400.0,-0.0048387963223543,-0.0048505411999764,0.5499992370605469,28.28671788569397,AME
2016-10-24,45.72999954223633,45.93999862670898,44.900001525878906,45.119998931884766,42.48998260498047,1831900.0,-0.002872723574703,-0.0028768577645594,1.039997100830071,29.27821756873456,AME
2016-10-25,45.08000183105469,45.25,44.77000045776367,44.79999923706055,42.18863677978516,914800.0,-0.0070921616512966,-0.0071174305748134,0.4799995422363281,10.286708305673486,AME
2016-10-26,44.68000030517578,45.04999923706055,44.52000045776367,44.83000183105469,42.21688079833984,1883900.0,0.0006694698077613,0.0006692458128159,0.529998779296875,9.420134577544047,AME
2016-10-27,44.93000030517578,44.9900016784668,44.15999984741211,44.18999862670898,41.61419296264648,2069200.0,-0.0142759916009015,-0.0143788739074562,0.8300018310546875,9.006762907198322,AME
2016-10-28,44.27000045776367,44.79999923706055,43.9900016784668,44.130001068115234,41.55768966674805,3740300.0,-0.001357789058871,-0.0013587116896885,0.80999755859375,9.307687845623905,AME
2016-10-31,44.34999847412109,44.470001220703125,44.060001373291016,44.09999847412109,41.52943801879883,2757100.0,-0.0006798175783054,-0.0006800487590551,0.4099998474121094,12.662165148039309,AME
2016-11-01,45.0,46.02999877929688,44.65999984741211,44.88999938964844,42.27338790893555,11642600.0,0.0179137962281108,0.0177552350026501,1.3699989318847727,31.80584368789968,AME
2016-11-02,44.369998931884766,45.0099983215332,43.97999954223633,44.09999847412109,41.52943801879883,3617100.0,-0.0175985395762298,-0.01775523500265,1.029998779296875,29.79785735548174,AME
2016-11-03,44.75,44.900001525878906,44.119998931884766,44.2599983215332,41.680118560791016,2909200.0,0.0036282827117473,0.00362171637226,0.7800025939941406,30.15082690681156,AME
2016-11-04,44.2599983215332,44.900001525878906,44.18000030517578,44.38999938964844,41.80253219604492,7383700.0,0.0029369790557425,0.0029326745588408,0.720001220703125,35.75257722977855,AME
2016-11-07,45.0099983215332,45.15999984741211,44.7400016784668,44.86000061035156,42.24513244628906,3153400.0,0.0105878813314093,0.0105322222456967,0.4199981689453125,40.10014375868026,AME
2016-11-08,44.88999938964844,45.56999969482422,44.59000015258789,45.40999984741211,42.76307678222656,2705300.0,0.0122604500434699,0.0121858994564653,0.979999542236328,47.12377702158319,AME
2016-11-09,45.04999923706055,47.06999969482422,44.77999877929688,46.79999923706055,44.07206344604492,4065500.0,0.0306102077379617,0.0301510615184394,2.2900009155273366,61.64620684566888,AME
2016-11-10,47.290000915527344,48.08000183105469,47.25,47.91999816894531,45.12677383422852,3391700.0,0.0239314955033778,0.0236496254570007,0.8300018310546875,70.19683618270558,AME
2016-11-11,47.65999984741211,47.88999938964844,46.95000076293945,47.27999877929688,44.52408599853516,1914100.0,-0.013355438124323,-0.0134454240874844,0.9399986267089844,65.16865567025334,AME
2016-11-14,47.5099983215332,47.97999954223633,47.290000915527344,47.84000015258789,45.05143356323242,2497000.0,0.0118440963552763,0.0117745040126809,0.6899986267089844,70.6522451041852,AME
2016-11-15,47.84999847412109,48.09000015258789,47.630001068115234,48.06999969482422,45.26802062988281,2116000.0,0.0048075510482123,0.0047960316798859,0.4599990844726562,71.42864797495777,AME
2016-11-16,47.900001525878906,48.15999984741211,47.43999862670898,47.459999084472656,44.693580627441406,2025400.0,-0.0126897530408519,-0.0127709556490712,0.7200012207031321,71.71319027563423,AME
2016-11-17,47.68999862670898,48.43999862670898,47.5,48.20000076293945,45.39046096801758,1894500.0,0.015592403445704,0.0154720909520622,0.9399986267089772,74.78694933953308,AME
2016-11-18,48.09000015258789,48.18000030517578,47.58000183105469,47.650001525878906,44.87252426147461,1241500.0,-0.0114106950116217,-0.0114762965085025,0.5999984741210938,70.33231621870934,AME
2016-11-21,47.81999969482422,48.13999938964844,47.52000045776367,47.61000061035156,44.83485412597656,4565800.0,-0.0008394922308926,-0.0008398448018296,0.6199989318847656,67.04273011402718,AME
2016-11-22,47.720001220703125,47.869998931884766,47.33000183105469,47.560001373291016,44.78775405883789,1795300.0,-0.0010505234835007,-0.0010510756700526,0.5399971008300781,73.89500552231473,AME
2016-11-23,47.56999969482422,47.59999847412109,47.18000030517578,47.470001220703125,44.70301055908203,1708000.0,-0.0018921131799672,-0.0018939054872992,0.4199981689453054,72.38499917232059,AME
2016-11-25,47.47999954223633,47.7400016784668,47.380001068115234,47.470001220703125,44.70301055908203,500800.0,0.0,0.0,0.3600006103515625,71.87509889701418,AME
2016-11-28,47.310001373291016,47.34999847412109,46.119998931884766,46.22999954223633,43.5352783203125,3349800.0,-0.0261220044056359,-0.0264692443821923,1.229999542236321,58.7708142289866,AME
2016-11-29,46.209999084472656,46.209999084472656,45.77999877929688,45.97999954223633,43.29985427856445,3073300.0,-0.005407661345723,-0.0054223356727743,0.4300003051757741,53.79495746102774,AME
2016-11-30,46.369998931884766,47.900001525878906,46.310001373291016,47.34999847412109,44.59000396728516,4443700.0,0.0297957050945409,0.0293604380002523,1.5900001525878906,53.67156136070732,AME
2016-12-01,47.720001220703125,49.72999954223633,47.52000045776367,49.400001525878906,46.52051162719727,5589500.0,0.0432946285747919,0.042383617983174,2.209999084472656,58.78863308563385,AME
2016-12-02,49.400001525878906,49.4900016784668,47.9900016784668,48.0099983215332,45.21154022216797,3172800.0,-0.0281375109439691,-0.0285409566944058,1.5,53.9804005933538,AME
2016-12-05,48.16999816894531,48.84999847412109,48.15999984741211,48.58000183105469,45.83422470092773,2397900.0,0.0137726889130498,0.0136787073689666,0.6899986267089773,54.48291500890882,AME
2016-12-06,48.47999954223633,49.540000915527344,48.380001068115234,49.52000045776367,46.72110366821289,4348000.0,0.0193497102453925,0.0191648850066834,1.1599998474121094,57.728244916608055,AME
2016-12-07,49.810001373291016,51.0,49.47999954223633,50.84999847412109,47.97591018676758,3853700.0,0.0268573817833075,0.0265030525430942,1.520000457763672,66.27899717004797,AME
2016-12-08,50.84999847412109,51.22999954223633,50.54999923706055,51.04999923706055,48.16461944580078,2758400.0,0.0039334169648594,0.0039257013063331,0.6800003051757812,64.48901751563103,AME
2016-12-09,51.040000915527344,51.209999084472656,50.63999938964844,50.869998931884766,47.99479675292969,1586000.0,-0.0035258805078319,-0.0035321110743096,0.5699996948242188,66.92251805067211,AME
2016-12-12,50.880001068115234,51.2599983215332,50.43000030517578,50.63999938964844,47.77780151367188,2023600.0,-0.0045212242563472,-0.0045314759023995,0.8299980163574219,65.64644227571048,AME
2016-12-13,50.709999084472656,50.86000061035156,50.20000076293945,50.27999877929688,47.43812942504883,1879800.0,-0.0071094122764492,-0.0071348045689978,0.6599998474121094,63.665817478588,AME
2016-12-14,50.02000045776367,50.43000030517578,49.79999923706055,49.81999969482422,47.0041389465332,2492900.0,-0.0091485580012449,-0.0091906630550878,0.6300010681152344,61.45256530157133,AME
2016-12-15,49.75,50.11000061035156,49.56999969482422,49.869998931884766,47.05131530761719,1973200.0,0.001003663978137,0.0010031606442037,0.5400009155273438,61.63273312179037,AME
2016-12-16,49.84000015258789,49.97999954223633,49.150001525878906,49.18000030517578,46.40031051635742,2801200.0,-0.0138360593535707,-0.0139326697964743,0.8299980163574219,64.95820153682592,AME
2016-12-19,49.20000076293945,49.400001525878906,48.880001068115234,49.13999938964844,46.36257553100586,1377200.0,-0.0008132485522539,-0.0008135794182541,0.5200004577636719,66.32736480935264,AME
2016-12-20,49.27999877929688,49.54999923706055,49.11000061035156,49.470001220703125,46.67391586303711,967600.0,0.0067153372836898,0.0066928898449836,0.4399986267089844,62.40380148468244,AME
2016-12-21,49.36000061035156,49.70000076293945,49.0099983215332,49.29999923706055,46.51352691650391,1317700.0,-0.0034363721913509,-0.0034422900795367,0.69000244140625,49.94732635966172,AME
2016-12-22,50.2400016784668,50.380001068115234,49.36000061035156,49.41999816894531,46.62675476074219,1155800.0,0.0024342992618369,0.0024313411550277,1.020000457763672,63.02081139741292,AME
2016-12-23,49.4900016784668,49.7400016784668,49.36000061035156,49.45000076293945,46.655052185058594,665900.0,0.0006068924260675,0.0006067083413351,0.3800010681152344,58.47954230372434,AME
2016-12-27,49.43999862670898,49.86000061035156,49.369998931884766,49.709999084472656,46.90036010742188,572600.0,0.0052579069334284,0.0052441324031369,0.4900016784667969,52.13478041622571,AME
2016-12-28,49.84000015258789,49.93000030517578,48.7400016784668,48.75,45.9946174621582,966400.0,-0.0193120616385277,-0.0195009756689051,1.1899986267089844,24.26498860370627,AME
2016-12-29,48.75,48.95000076293945,48.45000076293945,48.65999984741211,45.90970993041992,889600.0,-0.0018460319146721,-0.0018477379314847,0.5,19.899296152620096,AME
2016-12-30,48.709999084472656,48.83000183105469,48.209999084472656,48.59999847412109,45.85309982299805,1045600.0,-0.001233074822465,-0.001233835684755,0.6200027465820312,20.519506705971693,AME
2017-01-03,49.040000915527344,49.369998931884766,48.54999923706055,49.220001220703125,46.43806457519531,1965500.0,0.0127573654661374,0.0126766758129354,0.8199996948242188,33.254821335937194,AME
2017-01-04,49.650001525878906,50.06999969482422,49.29999923706055,49.810001373291016,46.99468994140625,2478500.0,0.0119864032082908,0.0119151352100857,0.7700004577636719,44.74263824629482,AME
2017-01-05,49.56999969482422,49.75,48.65999984741211,49.18000030517578,46.40031051635742,1433100.0,-0.0126477996937507,-0.0127284639845686,1.0900001525878906,43.10337315591806,AME
2017-01-06,49.40999984741211,50.18999862670898,49.18000030517578,50.06999969482422,47.240013122558594,1534100.0,0.0180969178192278,0.0179351177413286,1.009998321533196,51.82484767727208,AME
2017-01-09,49.88999938964844,50.119998931884766,49.290000915527344,49.630001068115234,46.82487869262695,1499700.0,-0.0087877712661642,-0.008826611441214,0.8299980163574219,54.30215676057623,AME
2017-01-10,49.7400016784668,50.06999969482422,49.34999847412109,49.869998931884766,47.05131530761719,1411200.0,0.0048358185074357,0.0048241634963598,0.7200012207031321,56.72194915639164,AME
2017-01-11,49.77999877929688,50.08000183105469,49.619998931884766,49.97999954223633,47.15510940551758,1121100.0,0.002205976543308,0.0022035469494817,0.4600028991699219,54.89463546525074,AME
2017-01-12,49.88999938964844,50.5099983215332,49.540000915527344,50.43999862670898,47.5890998840332,1410300.0,0.0092034666865781,0.0091613728626728,0.9699974060058594,60.36372939144899,AME
2017-01-13,50.54999923706055,51.0,50.54999923706055,50.65999984741211,47.79664993286133,1471600.0,0.0043612938537163,0.0043518109734312,0.4500007629394531,61.07133238942599,AME
2017-01-17,50.540000915527344,50.65999984741211,49.93000030517578,50.27999877929688,47.43812942504883,1356600.0,-0.0075009547387966,-0.0075292283747017,0.7299995422363281,56.97473955024125,AME
2017-01-18,50.38999938964844,50.77000045776367,50.18999862670898,50.709999084472656,47.84383392333984,2030400.0,0.0085522870148582,0.0085159233892839,0.5800018310546946,58.16992989067373,AME
2017-01-19,50.90999984741211,51.18000030517578,50.43999862670898,50.68000030517578,47.81553649902344,1685800.0,-0.0005914539449689,-0.0005916289228511,0.740001678466804,68.59364032473816,AME
2017-01-20,50.95000076293945,51.18000030517578,50.630001068115234,50.810001373291016,47.93818664550781,1224300.0,0.0025650689182767,0.0025617847438893,0.5499992370605469,70.5546059452051,AME
2017-01-23,50.630001068115234,50.97999954223633,50.060001373291016,50.459999084472656,47.60797500610352,1332900.0,-0.0068882797308569,-0.0069121134415845,0.9199981689453124,66.84800283613981,AME
2017-01-24,50.7400016784668,51.34999847412109,50.4900016784668,51.18000030517578,48.28727340698242,1026000.0,0.0142685842191736,0.0141677460513412,0.8599967956542898,67.43781318234642,AME
2017-01-25,51.619998931884766,52.43000030517578,51.5099983215332,52.400001525878906,49.438323974609375,2017500.0,0.0238375556624514,0.0235578769847413,0.920001983642578,70.72027895121599,AME
2017-01-26,52.380001068115234,52.83000183105469,51.9900016784668,52.18000030517578,49.23075485229492,1880000.0,-0.0041985469090953,-0.0042073855554923,0.8400001525878906,75.68502966650294,AME
2017-01-27,52.18000030517578,52.43000030517578,51.630001068115234,51.810001373291016,48.88167572021485,1343100.0,-0.0070906719412976,-0.00711593022521,0.7999992370605469,66.35354346028522,AME
2017-01-30,51.810001373291016,52.040000915527344,50.900001525878906,51.38999938964844,48.48541259765625,1470900.0,-0.0081065781137844,-0.0081396150838002,1.1399993896484375,66.60395825847621,AME
2017-01-31,51.380001068115234,51.459999084472656,50.84999847412109,51.09999847412109,48.2117805480957,1688200.0,-0.0056435953599325,-0.0056595806154724,0.6100006103515696,61.49519234039279,AME
2017-02-01,51.34999847412109,51.560001373291016,50.65999984741211,51.09000015258789,48.20236206054688,1706100.0,-0.0001953565589518,-0.0001953756435299,0.9000015258789062,60.57139952605445,AME
2017-02-02,50.77999877929688,51.08000183105469,50.43999862670898,51.040000915527344,48.15517425537109,1025100.0,-0.0009789521334353,-0.0009794316200302,0.6400032043457102,56.1982117900227,AME
2017-02-03,51.41999816894531,51.70000076293945,51.08000183105469,51.5099983215332,48.59861755371094,2067200.0,0.0092086324096396,0.0091664914636402,0.6199989318847656,58.34978286616663,AME
2017-02-06,51.380001068115234,51.9900016784668,51.18999862670898,51.65999984741211,48.74014663696289,3851900.0,0.0029122038933624,0.0029079716423983,0.8000030517578196,64.19762432842109,AME
2017-02-07,52.0099983215332,52.869998931884766,51.290000915527344,51.68000030517578,48.759010314941406,4780600.0,0.0003870254662756,0.0003869505912383,1.579998016357422,60.89886517476682,AME
2017-02-08,51.709999084472656,52.47999954223633,51.310001373291016,52.34999847412109,49.39113998413086,2368400.0,0.0129643662803333,0.0128810482217143,1.1699981689453125,66.40458622242734,AME
2017-02-09,52.560001373291016,53.43999862670898,52.470001220703125,53.130001068115234,50.12705993652344,1850700.0,0.014899837351983,0.0147899252124817,0.9699974060058524,70.20897873161715,AME
2017-02-10,53.2400016784668,53.650001525878906,53.060001373291016,53.52000045776367,50.49501037597656,1712300.0,0.0073403554870177,0.0073135461909179,0.5900001525878906,76.47036603595924,AME
2017-02-13,53.75,53.88999938964844,53.5099983215332,53.66999816894531,50.63652801513672,1741700.0,0.0028026063982646,0.0027986864193502,0.3800010681152344,73.896132418323,AME
2017-02-14,53.47999954223633,53.630001068115234,53.20000076293945,53.58000183105469,50.55161666870117,2152900.0,-0.001676879315465,-0.0016782868513162,0.4300003051757812,64.4605445837433,AME
2017-02-15,54.0,54.400001525878906,53.619998931884766,54.27999877929688,51.21206283569336,2007700.0,0.0130647882405134,0.0129801800234836,0.7800025939941406,73.02619212285641,AME
2017-02-16,54.31999969482422,54.43000030517578,53.91999816894531,54.369998931884766,51.29696273803711,1763400.0,0.0016578106337199,0.0016564379825257,0.5100021362304688,79.90613725914349,AME
2017-02-17,54.09999847412109,54.5,53.90999984741211,54.5,51.41962814331055,1719500.0,0.0023912800822118,0.0023884255217927,0.5900001525878906,88.97202701538728,AME
2017-02-21,54.47999954223633,55.18000030517578,54.36000061035156,55.150001525878906,52.03289413452149,6020000.0,0.0119266905140138,0.0118561280378119,0.8199996948242188,96.5518395208377,AME
2017-02-22,54.91999816894531,55.31999969482422,54.75,55.310001373291016,52.183837890625,2534700.0,0.002900929471908,0.0028967298958298,0.5699996948242188,96.88861774446544,AME
2017-02-23,55.31999969482422,55.47999954223633,54.15999984741211,54.4900016784668,51.410194396972656,1771300.0,-0.0148253467917378,-0.0149363406263337,1.3199996948242188,82.73265439837229,AME
2017-02-24,54.15999984741211,54.65999984741211,54.060001373291016,54.630001068115234,51.54228210449219,997700.0,0.0025692901781229,0.002565995194752,0.5999984741210938,81.57913690851322,AME
2017-02-27,54.720001220703125,54.810001373291016,54.400001525878906,54.5,51.41962814331055,1468800.0,-0.0023796765718091,-0.0023825125020602,0.4099998474121094,78.86191021706938,AME
2017-02-28,54.52000045776367,54.66999816894531,53.83000183105469,53.970001220703125,50.919578552246094,1337500.0,-0.0097248776220391,-0.009772473069061,0.839996337890625,71.08659360559231,AME
2017-03-01,54.75,55.369998931884766,54.75,55.2599983215332,52.13667297363281,1526800.0,0.0239022878034609,0.0236210999974082,0.6199989318847656,74.04965879875509,AME
2017-03-02,55.310001373291016,55.310001373291016,54.65999984741211,54.70000076293945,51.60831069946289,1141300.0,-0.0101341770395884,-0.0101858774020627,0.6500015258789062,63.46471131220088,AME
2017-03-03,54.7599983215332,55.02000045776367,54.43000030517578,54.84999847412109,51.74984359741211,1913200.0,0.0027424439209688,0.0027386902828343,0.5900001525878906,61.896240833174815,AME
2017-03-06,54.36000061035156,54.7400016784668,54.27999877929688,54.61000061035156,51.52341079711914,1042600.0,-0.004375526273171,-0.0043851269036974,0.4600028991699147,58.2747199477231,AME
2017-03-07,54.7400016784668,54.88999938964844,54.43999862670898,54.5099983215332,51.42905426025391,1041300.0,-0.0018313332794828,-0.0018330122203864,0.4500007629394602,58.17219177391088,AME
2017-03-08,54.75,54.959999084472656,54.38999938964844,54.52000045776367,51.4384994506836,1572100.0,0.000183654756354,0.0001836378938838,0.5699996948242188,52.39999773581313,AME
2017-03-09,54.540000915527344,54.619998931884766,53.75,53.790000915527344,50.74975204467773,1339400.0,-0.0133897258543905,-0.0134801765476786,0.8699989318847656,44.8582808460853,AME
2017-03-10,53.91999816894531,54.25,53.54999923706055,53.619998931884766,50.58935546875,2266300.0,-0.003160539105423,-0.0031655441576993,0.7000007629394531,42.25349205208021,AME
2017-03-13,53.70000076293945,54.29999923706055,53.65999984741211,54.27000045776367,51.2026252746582,1869700.0,0.0121225068045596,0.012049617693514,0.6399993896484375,42.25353315765414,AME
2017-03-14,53.91999816894531,53.91999816894531,53.18000030517578,53.5,50.47613906860352,1647200.0,-0.0141884562003941,-0.0142900746966407,0.7399978637695312,35.612251391487774,AME
2017-03-15,53.63999938964844,54.2599983215332,53.59999847412109,54.09999847412109,51.12823486328125,1779600.0,0.0129188921084364,0.0128361550407116,0.6599998474121165,47.57475492930387,AME
2017-03-16,54.33000183105469,54.34999847412109,53.880001068115234,54.09999847412109,51.12823486328125,1815000.0,0.0,0.0,0.4699974060058522,46.35581042424892,AME
2017-03-17,54.33000183105469,54.400001525878906,53.86000061035156,54.310001373291016,51.32670974731445,1814400.0,0.0038819036988844,0.0038743885531568,0.5400009155273438,49.192960553868005,AME
2017-03-20,54.36000061035156,54.36000061035156,54.02000045776367,54.209999084472656,51.23219680786133,773800.0,-0.0018413987555099,-0.0018430962143174,0.3400001525878906,52.92100653912534,AME
2017-03-21,54.369998931884766,54.45000076293945,53.209999084472656,53.29999923706055,50.3721809387207,1902000.0,-0.0167866287749867,-0.0169291211228142,1.2400016784667969,32.33433726887263,AME
2017-03-22,53.290000915527344,53.52999877929688,52.90999984741211,53.36000061035156,50.428897857666016,1503700.0,0.0011259571828805,0.0011253237685121,0.6199989318847727,36.96056318544594,AME
2017-03-23,53.2599983215332,53.75,53.130001068115234,53.459999084472656,50.52339172363281,873700.0,0.0018738039096848,0.0018720505291247,0.6199989318847656,36.29798902328732,AME
2017-03-24,53.45000076293945,53.88999938964844,53.20000076293945,53.41999816894531,50.48558807373047,1363500.0,-0.0007482405399291,-0.0007485206115979,0.6899986267089844,37.89517896567156,AME
2017-03-27,52.470001220703125,53.66999816894531,52.41999816894531,53.5,50.56120300292969,1283600.0,0.0014977527663695,0.0014966322533897,1.25,39.83322161147597,AME
2017-03-28,53.25,54.18999862670898,53.209999084472656,53.93000030517578,50.96758270263672,1290400.0,0.0080373819365706,0.0080052542160702,0.979999542236321,44.95267003787696,AME
2017-03-29,53.86000061035156,54.52000045776367,53.68000030517578,54.18999862670898,51.21330261230469,1357700.0,0.0048211018972901,0.0048095176033256,0.8400001525878906,55.48972819030575,AME
2017-03-30,54.09000015258789,54.40999984741211,53.93000030517578,54.119998931884766,51.14714050292969,1158000.0,-0.0012918930434121,-0.0012927282566448,0.4799995422363281,56.75653196114095,AME
2017-03-31,53.91999816894531,54.2599983215332,53.77999877929688,54.08000183105469,51.10934829711914,1214700.0,-0.0007388918605993,-0.0007391649757335,0.479999542236321,48.68707890627852,AME
2017-04-03,54.09000015258789,54.4900016784668,53.52000045776367,53.66999816894531,50.72185134887695,1570400.0,-0.0075817235232488,-0.0076106108923635,0.970001220703125,53.82338765014674,AME
2017-04-04,53.59000015258789,53.91999816894531,53.5,53.7599983215332,50.80691146850586,877400.0,0.0016769916193286,0.0016755870389767,0.4199981689453125,43.928689326896325,AME
2017-04-05,54.060001373291016,54.52999877929688,53.59000015258789,53.68999862670898,50.74077224731445,1099200.0,-0.0013017760631327,-0.0013026241096496,0.9399986267089916,42.85752459442924,AME
2017-04-06,53.72999954223633,54.43000030517578,53.65999984741211,54.209999084472656,51.23219680786133,1054400.0,0.0096850035736868,0.0096384045594046,0.7700004577636719,48.42757955396469,AME
2017-04-07,54.119998931884766,54.27999877929688,53.91999816894531,54.150001525878906,51.17549514770508,1408500.0,-0.0011067583217034,-0.0011073712309648,0.3600006103515696,49.04462938253132,AME
2017-04-10,54.130001068115234,54.86000061035156,54.130001068115234,54.5099983215332,51.51572036743164,835000.0,0.0066482057231609,0.0066262038649111,0.7299995422363281,73.35917264337077,AME
2017-04-11,54.40999984741211,54.54999923706055,53.93999862670898,54.4900016784668,51.496826171875,694400.0,-0.0003667656284699,-0.0003668329034329,0.6100006103515696,72.15703221088322,AME
2017-04-12,54.34999847412109,54.4900016784668,53.470001220703125,53.52000045776367,50.58009719848633,2350700.0,-0.0178016596659571,-0.0179620151218099,1.020000457763672,50.877211617787125,AME
2017-04-13,53.34999847412109,53.790000915527344,53.18999862670898,53.20000076293945,50.27767562866211,1736800.0,-0.0059790626466662,-0.0059970088116521,0.6000022888183665,47.02707125363415,AME
2017-04-17,53.5,53.97999954223633,53.31999969482422,53.970001220703125,51.00537490844727,1173400.0,0.0144736062414612,0.0143698634262837,0.6599998474121094,55.35295767266316,AME
2017-04-18,53.77999877929688,54.209999084472656,53.650001525878906,53.97999954223633,51.01482772827149,1211600.0,0.0001853298763352,0.0001853127048752,0.55999755859375,50.62961151673093,AME
2017-04-19,54.150001525878906,54.38999938964844,53.709999084472656,53.86000061035156,50.90142059326172,1130400.0,-0.0022230229927234,-0.0022254975763876,0.6800003051757812,45.69176842056453,AME
2017-04-20,54.18999862670898,54.880001068115234,54.11000061035156,54.77000045776367,51.76143264770508,1658900.0,0.0168956395405044,0.0167544958133376,0.7700004577636719,56.959309777944085,AME
2017-04-21,54.79999923706055,55.16999816894531,54.7599983215332,54.84000015258789,51.82758331298828,2092800.0,0.0012779913904901,0.0012771754545917,0.4099998474121094,58.08492822452859,AME
2017-04-24,55.52999877929688,56.65999984741211,55.27999877929688,56.58000183105469,53.47200775146485,2501800.0,0.0317287500855643,0.0312357934467545,1.3800010681152273,74.12950476306501,AME
2017-04-25,56.93999862670898,57.33000183105469,56.68999862670898,57.02999877929688,53.89729309082031,1810700.0,0.0079534200647966,0.0079219583282722,0.6400032043457102,75.58700481782647,AME
2017-04-26,57.119998931884766,57.45000076293945,57.02000045776367,57.09999847412109,53.96345520019531,2058000.0,0.0012275590401824,0.0012268062056201,0.4300003051757812,76.6823006976883,AME
2017-04-27,57.11000061035156,57.560001373291016,56.959999084472656,57.2599983215332,54.114654541015625,1391700.0,0.0028018839835104,0.0027979660233222,0.6000022888183594,75.29019738308591,AME
2017-04-28,57.22999954223633,57.59000015258789,56.95000076293945,57.20000076293945,54.05794906616211,2095300.0,-0.0010478765010046,-0.0010484259074256,0.6399993896484375,75.29014698459996,AME
2017-05-01,57.38999938964844,57.63999938964844,56.65999984741211,57.59000015258789,54.42653274536133,3255000.0,0.0068183067535194,0.0067951672220955,0.979999542236328,75.41250036634129,AME
2017-05-02,57.5099983215332,59.52999877929688,57.43999862670898,59.02999877929688,55.78742218017578,4210000.0,0.0250041545211316,0.0246966657735053,2.090000152587905,80.3474449687231,AME
2017-05-03,58.900001525878906,60.43000030517578,58.900001525878906,59.90999984741211,56.61909484863281,3772600.0,0.0149078884801485,0.0147978581098326,1.529998779296875,93.23411063063703,AME
2017-05-04,60.0,60.68999862670898,59.90999984741211,60.38999938964844,57.07272720336914,2431800.0,0.008012002946163,0.0079800772629664,0.7799987792968679,97.61589333162244,AME
2017-05-05,60.41999816894531,60.66999816894531,60.119998931884766,60.18999862670898,56.88370132446289,2398500.0,-0.0033120176337936,-0.0033175145047083,0.5499992370605469,94.55570590888578,AME
2017-05-08,60.11000061035156,60.31999969482422,59.79999923706055,59.93000030517578,56.63798904418945,1476000.0,-0.0043195550667827,-0.0043289112976608,0.5200004577636719,91.14791585947688,AME
2017-05-09,59.790000915527344,60.41999816894531,59.77999877929688,60.29999923706055,56.9876708984375,1056100.0,0.0061739807530105,0.0061549998190583,0.6399993896484304,93.04803975108088,AME
2017-05-10,59.959999084472656,60.20000076293945,59.63999938964844,59.95000076293945,56.65689849853516,965200.0,-0.0058042800256187,-0.0058211903254186,0.5600013732910156,87.42769315122837,AME
2017-05-11,59.619998931884766,59.880001068115234,59.18000030517578,59.84999847412109,56.56239318847656,1287600.0,-0.0016680282995201,-0.0016694210076573,0.7000007629394531,86.04314716684826,AME
2017-05-12,59.650001525878906,59.83000183105469,59.290000915527344,59.470001220703125,56.20326614379883,1158000.0,-0.006349219409459,-0.0063694614291847,0.5400009155273438,75.84972145902755,AME
2017-05-15,59.68999862670898,59.93000030517578,59.470001220703125,59.720001220703125,56.43953323364258,1138300.0,0.0042037964348771,0.0041949851678614,0.4599990844726562,74.95358877293883,AME
2017-05-16,59.720001220703125,59.95000076293945,59.43000030517578,59.810001373291016,56.52457809448242,856700.0,0.0015068313993276,0.001505697268048,0.5200004577636719,75.04609059945759,AME
2017-05-17,59.810001373291016,59.810001373291016,59.04999923706055,59.470001220703125,56.20326614379883,1649000.0,-0.005684464378425,-0.0057006824359093,0.7600021362304688,69.76754093649383,AME
2017-05-18,59.0,59.58000183105469,58.72999954223633,59.13999938964844,55.89139938354492,2145800.0,-0.0055489081267267,-0.0055643605064942,0.8500022888183594,66.55308180727357,AME
2017-05-19,59.5,60.369998931884766,59.36000061035156,60.060001373291016,56.7608528137207,1455100.0,0.0155561220467805,0.0154363659438002,1.0099983215332031,69.3271588639347,AME
2017-05-22,60.27999877929688,60.81999969482422,60.13999938964844,60.58000183105469,57.25230026245117,1016700.0,0.0086582111502677,0.008620943798015,0.6800003051757812,64.16841123440128,AME
2017-05-23,60.7400016784668,60.869998931884766,60.43999862670898,60.560001373291016,57.2333869934082,1195700.0,-0.0003303495048455,-0.0003304040822633,0.4300003051757883,57.04987045781496,AME
2017-05-24,60.83000183105469,61.29999923706055,60.630001068115234,60.9900016784668,57.639766693115234,1175800.0,0.0071003957839126,0.0070753066655423,0.6699981689453125,56.57893339187333,AME
2017-05-25,61.119998931884766,61.369998931884766,60.869998931884766,61.09000015258789,57.73427581787109,873400.0,0.0016396514104408,0.0016383086496397,0.5,60.08986953983712,AME
2017-05-26,60.95000076293945,61.27000045776367,60.72999954223633,60.869998931884766,57.52635955810547,568900.0,-0.0036012621067857,-0.0036077622617001,0.5400009155273438,60.63357341873765,AME
2017-05-30,60.650001525878906,60.869998931884766,60.41999816894531,60.79999923706055,57.4602165222168,732400.0,-0.001149786574307,-0.0011504480860037,0.4500007629394531,56.06814545718181,AME
2017-05-31,60.88999938964844,61.09999847412109,60.25,61.02000045776367,57.668113708496094,1315500.0,0.0036181065589775,0.0036115769565667,0.8499984741210866,63.4085593350652,AME
2017-06-01,61.20000076293945,61.75,60.83000183105469,61.5099983215332,58.13119888305664,1627100.0,0.0080301772466735,0.0079981069457673,0.9199981689453124,68.94984743468174,AME
2017-06-02,61.59000015258789,62.18999862670898,61.36000061035156,61.86000061035156,58.46198272705078,1186100.0,0.0056902979871373,0.0056741693969436,0.8299980163574148,77.47149197488315,AME
2017-06-05,61.869998931884766,62.130001068115234,61.66999816894531,61.79999923706055,58.4052734375,741900.0,-0.0009700199498116,-0.0009704907236277,0.4600028991699219,75.00012128751068,AME
2017-06-06,61.380001068115234,61.7599983215332,61.25,61.5,58.12175750732422,1256100.0,-0.0048542864965639,-0.0048661068135771,0.5099983215332031,69.33662899014173,AME
2017-06-07,61.65999984741211,61.83000183105469,61.22999954223633,61.52999877929688,58.15011215209961,1070300.0,0.0004878490601702,0.0004877301005055,0.6000022888183594,75.36954187544748,AME
2017-06-08,61.52999877929688,62.02000045776367,61.25,61.959999084472656,58.55649948120117,1190300.0,0.006988590633129,0.006964283615764,0.7700004577636719,83.89422657085373,AME
2017-06-09,62.060001373291016,62.86000061035156,61.970001220703125,62.380001068115234,58.95340347290039,1580700.0,0.006778137272817,0.0067552689785056,0.8899993896484375,81.69391072653535,AME
2017-06-12,62.34000015258789,62.66999816894531,61.75,61.7599983215332,58.36747741699219,1200800.0,-0.0099387994821629,-0.0099885190593128,0.9199981689453124,65.6915821532589,AME
2017-06-13,61.880001068115234,62.2599983215332,61.720001220703125,62.04999923706055,58.64154052734375,586100.0,0.004695476359096,0.0046844869967438,0.5399971008300781,68.486621026748,AME
2017-06-14,62.06999969482422,62.119998931884766,61.43000030517578,61.540000915527344,58.24404144287109,900600.0,-0.0067784556970722,-0.0068015337761725,0.6899986267089844,57.95162373615421,AME
2017-06-15,61.16999816894531,62.2400016784668,61.09999847412109,62.209999084472656,58.87815475463867,783300.0,0.0108871791183919,0.0108283404566264,1.1400032043457102,63.18045996513477,AME
2017-06-16,62.290000915527344,62.619998931884766,61.93999862670898,62.33000183105469,58.99171829223633,1464400.0,0.0019287890062265,0.0019269312811008,0.6800003051757884,67.2600416791353,AME
2017-06-19,62.540000915527344,62.88999938964844,62.33000183105469,62.86000061035156,59.49333953857422,707500.0,0.0085032486060658,0.0084672996325891,0.55999755859375,71.71943322642818,AME
2017-06-20,62.68999862670898,62.75,61.83000183105469,61.869998931884766,58.55637741088867,977900.0,-0.0157490256044214,-0.0158743591708924,0.9199981689453124,58.21023718940949,AME
2017-06-21,61.84000015258789,61.869998931884766,60.45000076293945,60.5099983215332,57.26921463012695,1984100.0,-0.0219815985495436,-0.0222267937353122,1.4199981689453125,43.08594620131549,AME
2017-06-22,60.540000915527344,60.83000183105469,60.2599983215332,60.58000183105469,57.33545684814453,994000.0,0.0011566810972596,0.0011560126570776,0.5700035095214844,40.56356822585678,AME
2017-06-23,60.540000915527344,60.72999954223633,60.380001068115234,60.43000030517578,57.1934814453125,1653200.0,-0.0024762234511893,-0.0024792943630362,0.3499984741210937,39.99228780111603,AME
2017-06-26,60.709999084472656,60.9900016784668,60.25,60.41999816894531,57.18402099609375,1160000.0,-0.0001654113192566,-0.0001654250012176,0.7400016784667969,41.888422667090815,AME
2017-06-27,60.31999969482422,60.41999816894531,60.09000015258789,60.09000015258789,56.87168502807617,773000.0,-0.0054619448331364,-0.005476915792404,0.3299980163574219,39.45925578317394,AME
2017-06-28,60.45000076293945,60.810001373291016,60.22999954223633,60.56999969482422,57.32599258422852,848600.0,0.0079882907624078,0.0079565532745719,0.5800018310546875,39.93390585797571,AME
2017-06-29,60.66999816894531,60.810001373291016,59.560001373291016,60.0,56.78650665283203,1839500.0,-0.009410843268066,-0.0094554050498981,1.25,32.677903706735165,AME
2017-06-30,60.34000015258789,60.93999862670898,60.34000015258789,60.56999969482422,57.32599258422852,2045300.0,0.0095002486188255,0.0094554050498982,0.5999984741210866,41.61212881644632,AME
2017-07-03,61.0,61.68000030517578,60.7400016784668,61.209999084472656,57.93169784545898,563100.0,0.0105659794785148,0.0105105496226273,0.9399986267089844,44.57300246558415,AME
2017-07-05,61.22999954223633,61.59999847412109,61.150001525878906,61.220001220703125,57.94116973876953,988800.0,0.0001635010480069,0.0001634876831674,0.4499969482421804,47.538386365073904,AME
2017-07-06,60.970001220703125,61.33000183105469,60.720001220703125,61.16999816894531,57.89385223388672,1050200.0,-0.0008166473872748,-0.0008169810254079,0.6100006103515625,41.1564670149302,AME
2017-07-07,61.34999847412109,62.040000915527344,61.06999969482422,61.560001373291016,58.262969970703125,849500.0,0.0063757674187097,0.0063555281951232,0.970001220703125,43.7399768915535,AME
2017-07-10,61.540000915527344,62.13999938964844,61.369998931884766,61.70000076293945,58.39545822143555,1072900.0,0.0022739700842411,0.0022713885271175,0.7700004577636719,39.93050088763216,AME
2017-07-11,61.650001525878906,61.81999969482422,60.72999954223633,61.619998931884766,58.31974792480469,1020300.0,-0.0012965100187032,-0.0012973512149757,1.0900001525878906,47.42248678853598,AME
2017-07-12,62.0,62.310001373291016,61.88999938964844,62.220001220703125,58.88761520385742,973000.0,0.0097371353488173,0.0096900349482542,0.4200019836425781,70.90431947904506,AME
2017-07-13,62.22999954223633,62.2400016784668,61.70000076293945,61.7599983215332,58.45225524902344,735000.0,-0.0073930647951501,-0.007420528945236,0.5400009155273438,63.16951473395742,AME
2017-07-14,61.79999923706055,62.09000015258789,61.56999969482422,61.900001525878906,58.58475875854492,758800.0,0.0022668673596422,0.0022643018921472,0.5200004577636719,66.4429578614123,AME
2017-07-17,61.869998931884766,61.95000076293945,61.470001220703125,61.869998931884766,58.55637741088867,1014700.0,-0.0004844493390033,-0.0004845667224968,0.4799995422363281,66.14712327119334,AME
2017-07-18,61.65999984741211,61.75,61.310001373291016,61.40999984741211,58.12099456787109,537700.0,-0.0074352762631219,-0.0074630557139293,0.4399986267089844,64.28570805419758,AME
2017-07-19,61.619998931884766,61.630001068115234,61.27999877929688,61.619998931884766,58.31974792480469,742000.0,0.0034196482426243,0.0034138145412606,0.3500022888183522,62.06883452010863,AME
2017-07-20,61.58000183105469,61.720001220703125,61.06999969482422,61.13999938964844,57.86545944213867,650000.0,-0.0077896167049925,-0.0078201142485511,0.6500015258789062,63.38042294551811,AME
2017-07-21,60.86000061035156,60.91999816894531,60.5,60.90999984741211,57.64777374267578,1096300.0,-0.003761928127099,-0.0037690219753358,0.4199981689453125,54.33663423346344,AME
2017-07-24,61.060001373291016,61.369998931884766,61.02999877929688,61.209999084472656,57.93169784545898,686500.0,0.004925152947806,0.0049130640588625,0.3400001525878835,50.0,AME
2017-07-25,61.619998931884766,61.90999984741211,61.31999969482422,61.77999877929688,58.47117614746094,878100.0,0.0093123164358326,0.0092692241366337,0.5900001525878906,56.76329019771247,AME
2017-07-26,61.77999877929688,61.959999084472656,61.34999847412109,61.5099983215332,58.21564102172852,637400.0,-0.0043702751093627,-0.004379852676216,0.6100006103515696,53.899074723753024,AME
2017-07-27,61.619998931884766,61.709999084472656,61.18999862670898,61.59999847412109,58.30082702636719,1167500.0,0.0014632838038641,0.0014622142473681,0.520000457763679,50.49260399086667,AME
2017-07-28,61.63999938964844,62.0,61.290000915527344,61.84999847412109,58.53741836547852,871400.0,0.0040581129150076,0.0040499009839243,0.7099990844726562,51.79849022318029,AME
2017-07-31,62.0099983215332,62.0099983215332,61.54999923706055,61.58000183105469,58.28188705444336,771300.0,-0.0043652644440134,-0.0043748200294242,0.4599990844726562,49.54124369412302,AME
2017-08-01,61.7400016784668,62.08000183105469,61.09000015258789,61.619998931884766,58.31974792480469,1200900.0,0.0006496164121445,0.0006494055027382,0.9900016784667968,42.10519616754936,AME
2017-08-02,61.310001373291016,64.97000122070312,60.95000076293945,64.2300033569336,60.78996658325195,3210400.0,0.0423564700868095,0.0414839866384508,4.020000457763672,70.75633189429462,AME
2017-08-03,64.33999633789062,64.94999694824219,63.810001373291016,64.4000015258789,60.95086669921875,1078100.0,0.0026468202733167,0.0026433236131987,1.139995574951172,70.90305669556585,AME
2017-08-04,64.51000213623047,64.7300033569336,64.2300033569336,64.5199966430664,61.06442642211914,815300.0,0.0018631354901117,0.0018614020059943,0.5,71.82849819719914,AME
2017-08-07,64.44000244140625,64.58999633789062,64.12999725341797,64.19000244140625,60.75210571289063,641800.0,-0.0051146097249736,-0.0051277341111609,0.4599990844726562,73.4008264743204,AME
2017-08-08,64.08000183105469,64.4000015258789,63.630001068115234,63.79999923706055,60.382999420166016,594600.0,-0.0060756131560111,-0.0060941447924515,0.7700004577636719,67.81064379502722,AME
2017-08-09,63.650001525878906,63.83000183105469,63.22999954223633,63.560001373291016,60.15585708618164,886600.0,-0.003761693459509,-0.0037687864216374,0.6000022888183594,70.57844509549355,AME
2017-08-10,63.2400016784668,63.40999984741211,62.68999862670898,62.7400016784668,59.3797721862793,618000.0,-0.0129012358479158,-0.0129851795577775,0.7200012207031321,64.14236526638355,AME
2017-08-11,62.61000061035156,63.02000045776367,62.40999984741211,62.58000183105469,59.22833633422852,711900.0,-0.0025502935844163,-0.0025535511227311,0.6100006103515625,60.821640606892736,AME
2017-08-14,63.0,63.470001220703125,62.86000061035156,63.119998931884766,59.73941421508789,770600.0,0.008628942031654,0.0085919255012697,0.6100006103515625,60.63502888908653,AME
2017-08-15,63.25,63.41999816894531,63.06999969482422,63.11000061035156,59.729942321777344,536900.0,-0.0001585535016537,-0.0001585660725889,0.3499984741210937,63.245032007756826,AME
2017-08-16,63.41999816894531,63.43999862670898,63.08000183105469,63.11000061035156,59.729942321777344,541600.0,0.0,0.0,0.3599967956542897,62.68903111477213,AME
2017-08-17,63.02999877929688,63.27000045776367,62.77000045776367,62.790000915527344,59.427093505859375,1270200.0,-0.0050703014961317,-0.0050831990896917,0.5,57.80751094182367,AME
2017-08-18,62.61000061035156,63.16999816894531,62.459999084472656,62.93999862670898,59.56905364990234,875100.0,0.0023888118309027,0.0023859631556518,0.7099990844726562,61.52551323294225,AME
2017-08-21,62.869998931884766,63.0,62.22999954223633,62.380001068115234,59.03905487060547,597600.0,-0.0088972167060393,-0.0089370332856961,0.7700004577636719,55.91912457151469,AME
2017-08-22,62.56999969482422,63.08000183105469,62.33000183105469,62.93999862670898,59.56905364990234,690100.0,0.0089770878015993,0.0089370332856961,0.75,35.24007957919298,AME
2017-08-23,62.59000015258789,62.70000076293945,62.09999847412109,62.459999084472656,59.11475372314453,819200.0,-0.0076264419009878,-0.0076556719178751,0.6000022888183665,29.273130333230934,AME
2017-08-24,62.54999923706055,63.02999877929688,62.459999084472656,62.5099983215332,59.162086486816406,759600.0,0.0008006929013617,0.0008003725178084,0.5699996948242259,28.19957071225896,AME
2017-08-25,62.79999923706055,63.0,62.38999938964844,62.52000045776367,59.17155075073242,577100.0,0.0001599717737832,0.0001599589796634,0.6100006103515625,30.53610469360521,AME
2017-08-28,62.59000015258789,62.77999877929688,62.119998931884766,62.380001068115234,59.03905487060547,431900.0,-0.0022391821482777,-0.002241692865293,0.6599998474121165,32.42572108981291,AME
2017-08-29,61.84000015258789,62.650001525878906,61.77000045776367,62.56999969482422,59.21885681152344,678200.0,0.0030454745813941,0.0030408465177338,0.8800010681152344,37.59358013267632,AME
2017-08-30,62.5099983215332,62.790000915527344,62.470001220703125,62.68000030517578,59.3229866027832,684300.0,0.0017583890818964,0.0017568449257013,0.3199996948242187,49.08537709301552,AME
2017-08-31,62.70000076293945,63.29999923706055,62.65999984741211,63.25,59.86245346069336,1187900.0,0.0090937238464128,0.0090526249133735,0.6399993896484375,59.07866538211989,AME
2017-09-01,63.29999923706055,63.52000045776367,62.91999816894531,63.22999954223633,59.8435173034668,1101500.0,-0.0003163277836414,-0.0003163778258282,0.6000022888183594,51.73493234463171,AME
2017-09-05,63.209999084472656,63.459999084472656,62.83000183105469,63.0099983215332,59.63530349731445,793700.0,-0.0034793042844806,-0.0034853711400113,0.6299972534179688,48.52078203163661,AME
2017-09-06,63.400001525878906,63.4900016784668,63.040000915527344,63.459999084472656,60.06119918823242,848300.0,0.0071416705532008,0.007116289594043,0.4500007629394531,54.56925737005005,AME
2017-09-07,63.5099983215332,63.630001068115234,62.81999969482422,63.59999847412109,60.19370651245117,702600.0,0.0022062051042881,0.0022037750073455,0.8100013732910156,61.09585380370756,AME
2017-09-08,63.52000045776367,64.27999877929688,63.27999877929688,64.05000305175781,60.619606018066406,1163700.0,0.0070754823102168,0.0070505685342122,0.9999999999999928,64.050672952317,AME
2017-09-11,64.31999969482422,64.5199966430664,63.86000061035156,64.41000366210938,60.96032333374024,1034600.0,0.0056205795130421,0.0056048429940459,0.6599960327148438,77.06652364436043,AME
2017-09-12,64.56999969482422,65.02999877929688,64.5199966430664,64.91999816894531,61.443016052246094,864900.0,0.0079181456414403,0.0078869616311017,0.5100021362304688,76.7567184827723,AME
2017-09-13,64.7300033569336,65.11000061035156,64.55999755859375,65.0999984741211,61.61336517333984,517800.0,0.0027724732937735,0.0027686370785914,0.5500030517578125,88.82359635542002,AME
2017-09-14,65.0,65.30000305175781,64.69999694824219,65.26000213623047,61.85029983520508,760900.0,0.0038455075647736,0.0038381325017521,0.600006103515625,89.44547873680251,AME
2017-09-15,65.22000122070312,65.83999633789062,65.05999755859375,65.33000183105469,61.916629791259766,1328300.0,0.0010724273969797,0.0010718527575215,0.779998779296875,89.61872525226721,AME
2017-09-18,65.48999786376953,66.36000061035156,65.36000061035156,66.30999755859375,62.84544372558594,1016400.0,0.0150010415207917,0.014889638622083,1.0,94.66870323050834,AME
2017-09-19,66.19999694824219,66.48999786376953,66.04000091552734,66.37000274658203,62.902320861816406,657800.0,0.0009050319777965,0.0009046226832872,0.4499969482421875,94.51032092118486,AME
2017-09-20,66.52999877929688,66.63999938964844,66.08000183105469,66.4000015258789,62.93074417114258,1283700.0,0.0004518642386599,0.0004517621787585,0.55999755859375,94.40800718227273,AME
2017-09-21,66.36000061035156,66.69999694824219,66.02999877929688,66.11000061035156,62.65589141845703,860900.0,-0.0043675433415831,-0.00437710892122,0.6699981689453125,86.78050823876393,AME
2017-09-22,66.06999969482422,66.16999816894531,65.44000244140625,65.58999633789062,62.16304397583008,1015500.0,-0.0078659393629146,-0.0078970390568354,0.7299957275390625,77.15211974529119,AME
2017-09-25,65.56999969482422,65.73999786376953,64.80999755859375,65.02999877929688,61.63231658935547,1338700.0,-0.0085376672783424,-0.0085743219389321,0.9300003051757812,71.73563738576962,AME
2017-09-26,65.12999725341797,65.7699966430664,65.0,65.41999816894531,62.001949310302734,1197300.0,0.0059973848364334,0.005979472107999,0.7699966430664062,71.38518006634686,AME
2017-09-27,65.66000366210938,66.38999938964844,65.66000366210938,66.2699966430664,62.80752944946289,1510500.0,0.0129928195503732,0.0129091369397195,0.7299957275390625,75.08140866270165,AME
2017-09-28,66.19999694824219,66.30000305175781,65.26000213623047,65.55000305175781,62.12515640258789,940000.0,-0.0108645102403536,-0.010923960019013,1.0400009155273438,63.76905638576008,AME
2017-09-29,65.47000122070312,66.18000030517578,65.44999694824219,66.04000091552734,62.589542388916016,794500.0,0.0074750071181919,0.0074472077004277,0.7300033569335938,64.57048307860258,AME
2017-10-02,66.0,66.83999633789062,65.6500015258789,66.83000183105469,63.33827972412109,889500.0,0.0119626587226442,0.0118916716890967,1.1899948120117188,66.17984787754125,AME
2017-10-03,66.80000305175781,66.88999938964844,66.06999969482422,66.29000091552734,62.82650375366211,1013100.0,-0.0080800421591507,-0.0081128626131228,0.8199996948242188,59.78607190224304,AME
2017-10-04,66.22000122070312,67.05000305175781,66.08000183105469,66.94999694824219,63.45199966430664,661000.0,0.0099559242242264,0.0099066905189885,0.970001220703125,62.1583085462245,AME
2017-10-05,66.9000015258789,67.06999969482422,66.5199966430664,66.86000061035156,63.36671447753906,1070600.0,-0.0013440898193718,-0.0013449939183107,0.5500030517578125,60.975830887240285,AME
2017-10-06,66.7699966430664,67.01000213623047,66.48999786376953,66.98999786376953,63.489933013916016,642200.0,0.0019445309322552,0.0019426427793002,0.5200042724609375,55.55573824508005,AME
2017-10-09,67.0,67.36000061035156,66.73999786376953,67.11000061035156,63.603633880615234,623300.0,0.0017908487424973,0.0017892470848207,0.6200027465820312,55.98692707441187,AME
2017-10-10,67.26000213623047,67.37999725341797,66.93000030517578,67.16000366210938,63.65105438232422,1086500.0,0.0007455627739445,0.0007452849800862,0.4499969482421875,56.1292211531408,AME
2017-10-11,67.1500015258789,67.19000244140625,66.73999786376953,66.97000122070312,63.4709587097168,880800.0,-0.0028294216703098,-0.0028334320502944,0.4500045776367187,57.04919806773487,AME
2017-10-12,66.88999938964844,67.58999633789062,66.88999938964844,67.11000061035156,63.603633880615234,982000.0,0.0020903287676057,0.0020881470702082,0.6999969482421875,63.28686730794945,AME
2017-10-13,67.55000305175781,67.6500015258789,67.1500015258789,67.19999694824219,63.68893814086914,860600.0,0.0013411853230591,0.0013402867373806,0.5,70.66673311125513,AME
2017-10-16,67.5,67.77999877929688,67.0,67.7699966430664,64.22915649414062,518700.0,0.0084821378569166,0.0084463666607474,0.779998779296875,71.6390561448947,AME
2017-10-17,67.75,68.19000244140625,67.75,67.91999816894531,64.3713150024414,885200.0,0.0022133018096501,0.0022108560653152,0.44000244140625,67.44188619164692,AME
2017-10-18,68.04000091552734,68.13999938964844,67.56999969482422,67.91999816894531,64.3713150024414,984600.0,0.0,0.0,0.5699996948242188,79.55104584997466,AME
2017-10-19,67.69999694824219,68.4000015258789,67.47000122070312,68.4000015258789,64.82624816894531,680400.0,0.0070673275275898,0.0070424710124405,0.9300003051757812,79.50005685288598,AME
2017-10-20,68.70999908447266,68.83000183105469,68.30999755859375,68.58000183105469,64.99684143066406,810400.0,0.002631546118081,0.0026280896631476,0.5200042724609375,75.81117406522654,AME
2017-10-23,68.62000274658203,68.83999633789062,68.30000305175781,68.48999786376953,64.91155242919922,1178400.0,-0.0013122022484096,-0.0013130639396713,0.5399932861328125,87.41489660270935,AME
2017-10-24,68.58000183105469,69.06999969482422,68.58000183105469,68.7300033569336,65.13900756835938,889500.0,0.0035040779437258,0.0034979529667022,0.4899978637695312,85.31746982467405,AME
2017-10-25,68.69999694824219,69.05000305175781,67.83000183105469,68.51000213623047,64.93050384521484,987100.0,-0.0032009042036097,-0.0032060380557098,1.220001220703125,81.13175737250756,AME
2017-10-26,68.93000030517578,69.30999755859375,68.52999877929688,69.2300033569336,65.61289978027344,843300.0,0.0105096356049434,0.0104547932984546,0.779998779296875,84.56763360940747,AME
2017-10-27,69.0999984741211,69.41999816894531,68.75,69.19000244140625,65.5749740600586,1006300.0,-0.0005780223148473,-0.0005781894341478,0.6699981689453125,82.91086760759279,AME
2017-10-30,70.26000213623047,70.26000213623047,67.61000061035156,67.62999725341797,64.09647369384766,1634500.0,-0.0225467167529004,-0.0228047803392722,2.6500015258789062,55.03179454295668,AME
2017-10-31,67.75,67.9800033569336,67.30000305175781,67.48999786376953,63.96379089355469,1406400.0,-0.0020700483606433,-0.0020721938721374,0.6800003051757812,55.627691484736886,AME
2017-11-01,67.94000244140625,67.97000122070312,66.91999816894531,67.25,63.73630905151367,1860900.0,-0.0035564158856622,-0.0035627549667065,1.0500030517578125,51.48292040665618,AME
2017-11-02,67.79000091552734,68.51000213623047,66.97000122070312,68.37999725341797,64.80728912353516,3550300.0,0.0168032960797257,0.0166636825083545,1.5400009155273438,60.24296420523034,AME
2017-11-03,68.77999877929688,69.11000061035156,67.48999786376953,67.66000366210938,64.1249008178711,2380600.0,-0.0105294993031308,-0.0105853267165364,1.6200027465820312,49.0693597685556,AME
2017-11-06,67.75,68.76000213623047,67.62000274658203,68.55000305175781,64.9684066772461,1500000.0,0.0131541078210903,0.0130683438253397,1.1399993896484375,54.73684146815333,AME
2017-11-07,68.58999633789062,68.88999938964844,68.27999877929688,68.55999755859375,64.97786712646484,1352000.0,0.0001456161494886,0.0001456055484862,0.6100006103515625,54.80468103159647,AME
2017-11-08,68.25,68.5999984741211,67.52999877929688,68.05000305175781,64.49456024169922,1322200.0,-0.0074380232245078,-0.0074658232565605,1.0699996948242188,47.38435825177064,AME
2017-11-09,67.69999694824219,68.5999984741211,67.5999984741211,68.01000213623047,64.45661926269531,1284000.0,-0.0005882818467436,-0.0005884549524025,1.0,45.64885561854853,AME
2017-11-10,67.8499984741211,68.33999633789062,67.68000030517578,68.2300033569336,64.66511535644531,1039700.0,0.0032346731202308,0.0032294528194153,0.6599960327148438,48.05373454484105,AME
2017-11-13,68.12999725341797,68.98999786376953,68.02999877929688,68.88999938964844,65.29064178466797,1953500.0,0.0096733211527519,0.0096268341305293,0.9599990844726562,51.12670579004894,AME
2017-11-14,68.62999725341797,69.5,68.62999725341797,69.48999786376953,65.85929870605469,1927400.0,0.0087096237047596,0.0086719137338043,0.8700027465820312,56.55072847454053,AME
2017-11-15,69.01000213623047,69.44000244140625,68.63999938964844,68.81999969482422,65.22431182861328,1813800.0,-0.0096415675526018,-0.0096883484016954,0.8000030517578125,47.24086336983797,AME
2017-11-16,69.2300033569336,70.43000030517578,69.0,70.12000274658203,66.45638275146484,1985100.0,0.0188897496701692,0.0187135537553002,1.4300003051757812,55.35096113318394,AME
2017-11-17,69.94999694824219,70.43000030517578,69.69000244140625,70.26000213623047,66.58906555175781,2939400.0,0.0019965396068752,0.0019945491705573,0.7399978637695312,68.08803598240742,AME
2017-11-20,70.37999725341797,70.94999694824219,70.20999908447266,70.66000366210938,66.9681625366211,1761800.0,0.0056930816151583,0.0056769372710836,0.7399978637695312,71.04909525917088,AME
2017-11-21,70.80999755859375,71.23999786376953,70.19999694824219,70.3499984741211,66.67437744140625,1473700.0,-0.0043869367784159,-0.0043965876209983,1.0400009155273438,70.39508143500161,AME
2017-11-22,70.43000030517578,70.56999969482422,70.05000305175781,70.23999786376953,66.57010650634766,1000200.0,-0.0015638831446191,-0.001565107286307,0.5199966430664062,64.1338018174967,AME
2017-11-24,70.31999969482422,70.54000091552734,70.0999984741211,70.23999786376953,66.57010650634766,280800.0,0.0,0.0,0.44000244140625,72.01385817079839,AME
2017-11-27,70.31999969482422,70.80000305175781,70.2300033569336,70.5999984741211,66.91128540039062,911500.0,0.0051251066274085,0.0051120179698998,0.5699996948242188,69.23086217442852,AME
2017-11-28,70.81999969482422,72.02999877929688,70.7699966430664,72.0,68.23815155029297,1510600.0,0.0198302295638546,0.0196361718391746,1.2600021362304688,75.5954862358945,AME
2017-11-29,72.08999633789062,72.08999633789062,71.2699966430664,71.68000030517578,67.93487548828125,1357400.0,-0.0044443768642853,-0.0044542824675263,0.8199996948242188,77.79452971770858,AME
2017-11-30,71.77999877929688,73.05999755859375,71.77999877929688,72.69000244140625,68.8921127319336,1569700.0,0.0140905129621893,0.013992164461583,1.279998779296875,81.20013695733607,AME
2017-12-01,72.5999984741211,72.79000091552734,70.56999969482422,72.08999633789062,68.3234634399414,1321700.0,-0.0082542002188967,-0.008288454755624,2.220001220703125,74.4925593763504,AME
2017-12-04,72.61000061035156,72.94000244140625,71.73999786376953,71.79000091552734,68.03912353515625,988900.0,-0.0041616728788215,-0.0041703567406991,1.2000045776367188,69.28191332775971,AME
2017-12-05,71.69999694824219,71.95999908447266,70.86000061035156,71.05000305175781,67.42231750488281,1117600.0,-0.0090654611380278,-0.0091068024726957,1.0999984741210938,60.89174182380373,AME
2017-12-06,71.08000183105469,71.55999755859375,70.87999725341797,71.04000091552734,67.41283416748047,729300.0,-0.0001406557613754,-0.0001406656543247,0.6800003051757812,66.70693125588244,AME
2017-12-07,71.0,71.45999908447266,70.73999786376953,71.4000015258789,67.75444793701172,1103600.0,0.0050674886132593,0.0050546921054017,0.720001220703125,61.468452655391,AME
2017-12-08,71.69999694824219,71.91000366210938,71.3499984741211,71.73999786376953,68.07707214355469,865500.0,0.0047616682943516,0.0047503674117163,0.5600051879882812,62.719683827461616,AME
2017-12-11,71.83000183105469,72.0999984741211,71.61000061035156,71.91000366210938,68.2384033203125,953500.0,0.0023698313055768,0.0023670276839017,0.4899978637695312,61.27807274357935,AME
2017-12-12,71.91999816894531,72.27999877929688,71.80000305175781,72.12999725341797,68.44717407226562,1060900.0,0.0030594319590562,0.0030547614208047,0.4799957275390625,65.98136960373269,AME
2017-12-13,72.05000305175781,72.30000305175781,71.68000030517578,71.70999908447266,68.04859924316406,740800.0,-0.005823101311396,-0.0058401216721906,0.6200027465820312,62.65669922239828,AME
2017-12-14,71.94999694824219,72.13999938964844,70.94000244140625,70.95999908447266,67.33689880371094,807000.0,-0.0104587081493028,-0.0105137847943257,1.1999969482421875,55.85118583955392,AME
2017-12-15,71.16999816894531,71.41000366210938,71.04000091552734,71.22000122070312,67.5836410522461,3172300.0,0.003664294805949,0.0036575976330279,0.3700027465820312,55.20559030792768,AME
2017-12-18,71.38999938964844,72.26000213623047,71.38999938964844,71.5,67.84933471679688,1240200.0,0.0039313310205555,0.0039236235326125,0.8700027465820312,46.397738116274965,AME
2017-12-19,71.80999755859375,72.31999969482422,71.33000183105469,72.05999755859375,68.38074493408203,1519700.0,0.0078322096967238,0.0078016971591982,0.9899978637695312,53.96330008938296,AME
2017-12-20,72.13999938964844,72.66999816894531,72.04000091552734,72.4800033569336,68.77930450439453,1553000.0,0.0058285350751399,0.0058116148793801,0.6299972534179688,48.88668021986296,AME
2017-12-21,72.80000305175781,72.93000030517578,72.31999969482422,72.62000274658203,68.91213989257812,681600.0,0.0019313278774883,0.0019294652616322,0.6100006103515625,56.35653052179258,AME
2017-12-22,72.88999938964844,72.94000244140625,72.26000213623047,72.5999984741211,68.89315795898438,565500.0,-0.0002754512285257,-0.0002754891721833,0.6800003051757812,59.78246811128628,AME
2017-12-26,72.70999908447266,72.70999908447266,72.3499984741211,72.54000091552734,68.83623504638672,235500.0,-0.0008262491411925,-0.0008265906731541,0.3600006103515625,68.57853761621298,AME
2017-12-27,72.69999694824219,72.91999816894531,72.44999694824219,72.66999816894531,68.9596176147461,507500.0,0.0017924072732367,0.0017908028282466,0.470001220703125,69.73369152601764,AME
2017-12-28,72.91000366210938,72.93000030517578,72.05000305175781,72.87000274658203,69.1494140625,570400.0,0.0027522839354219,0.0027485033372557,0.8799972534179688,68.51400693815805,AME
2017-12-29,73.0,73.05999755859375,72.37000274658203,72.47000122070312,68.7697982788086,886600.0,-0.0054897903162027,-0.0055049145931976,0.6899948120117188,59.05685860260424,AME
2018-01-02,72.88999938964844,73.29000091552734,72.13999938964844,72.75,69.03550720214844,791800.0,0.0038637444051035,0.0038562993158089,1.1500015258789062,60.14463764851188,AME
2018-01-03,72.43000030517578,73.38999938964844,72.43000030517578,73.38999938964844,69.64283752441406,1118500.0,0.0087973616314174,0.0087588903116806,0.9599990844726562,63.81549484997761,AME
2018-01-04,73.66999816894531,74.5,73.5999984741211,73.9800033569336,70.20272064208984,1166500.0,0.0080393495954198,0.0080072061842849,0.9000015258789062,73.9956656609867,AME
2018-01-05,74.12000274658203,74.30000305175781,73.5199966430664,73.79000091552734,70.02240753173828,2135000.0,-0.0025684632832229,-0.0025717674439979,0.7800064086914062,83.93213476647226,AME
2018-01-08,73.7300033569336,74.33999633789062,73.19999694824219,74.27999877929688,70.4874038696289,1642300.0,0.0066406790951862,0.0066187269170856,1.1399993896484375,84.77201881297027,AME
2018-01-09,74.19000244140625,74.36000061035156,73.75,74.0,70.22168731689453,1166500.0,-0.0037697026439764,-0.0037768258802786,0.6100006103515625,78.40832473025937,AME
2018-01-10,73.79000091552734,73.93000030517578,73.45999908447266,73.72000122070312,69.95600128173828,789000.0,-0.0037835324855877,-0.0037907081499134,0.470001220703125,70.14533930717954,AME
2018-01-11,73.76000213623047,74.58000183105469,73.62000274658203,74.56999969482422,70.7625961303711,930400.0,0.0115300307887005,0.0114640665459912,0.9599990844726562,72.9666500570734,AME
2018-01-12,74.88999938964844,75.41999816894531,74.5999984741211,75.19999694824219,71.36042022705078,738700.0,0.0084483064411355,0.0084128192314051,0.8199996948242188,75.59488582435375,AME
2018-01-16,75.44999694824219,75.62000274658203,74.58999633789062,74.91000366210938,71.08524322509766,773300.0,-0.0038561572518432,-0.0038636113952889,1.0300064086914062,71.75141756186929,AME
2018-01-17,75.37999725341797,76.13999938964844,75.05000305175781,76.02999877929688,72.14804077148438,1297600.0,0.0149510291892971,0.0148403642256809,1.089996337890625,77.39373752850852,AME
2018-01-18,76.36000061035156,76.44000244140625,75.80000305175781,76.06999969482422,72.1860122680664,1174100.0,0.0005262997605479,0.0005261613134033,0.6399993896484375,77.06974159915607,AME
2018-01-19,76.41000366210938,77.31999969482422,76.41000366210938,76.9800033569336,73.04955291748047,1649700.0,0.0119627144135245,0.01189172672164,0.9099960327148438,79.39881829401406,AME
2018-01-22,76.80000305175781,76.94000244140625,76.0999984741211,76.5,72.59404754638672,792300.0,-0.0062355668570388,-0.0062550892016212,0.8400039672851562,78.50069595436723,AME
2018-01-23,76.4800033569336,77.37999725341797,76.3499984741211,77.0,73.06853485107422,823500.0,0.0065361737046596,0.0065149055459277,1.029998779296875,79.14954016231901,AME
2018-01-24,77.12999725341797,77.3499984741211,76.0999984741211,76.9000015258789,72.9736328125,806900.0,-0.0012988085605882,-0.0012996527434606,1.25,75.99991900596497,AME
2018-01-25,77.37000274658203,77.54000091552734,76.37999725341797,76.9800033569336,73.04955291748047,695200.0,0.0010403772164604,0.0010398363991543,1.160003662109375,74.0383748167198,AME
2018-01-26,77.37000274658203,78.08999633789062,76.77999877929688,78.08000183105469,74.09336853027344,775300.0,0.0142891444383252,0.0141880168268404,1.30999755859375,80.0,AME
2018-01-29,77.73999786376953,78.16000366210938,77.47000122070312,77.48999786376953,73.53350830078125,1029700.0,-0.0075561449100999,-0.0075848371998299,0.69000244140625,72.13803397619515,AME
2018-01-30,77.33000183105469,77.9000015258789,76.55000305175781,76.55000305175781,72.64151000976562,1638400.0,-0.0121305009325408,-0.0122046759224986,1.3499984741210938,66.11908273423342,AME
2018-01-31,76.73999786376953,77.23999786376953,75.93000030517578,76.30000305175781,72.4042739868164,1612100.0,-0.0032658465238033,-0.0032711910399806,1.30999755859375,66.37064486770845,AME
2018-02-01,77.30999755859375,78.51000213623047,76.1500015258789,77.91000366210938,73.93205261230469,1625800.0,0.0211006690815858,0.0208811328348312,2.3600006103515625,69.32874883099844,AME
2018-02-02,77.83999633789062,78.37000274658203,77.16000366210938,77.25,73.30577087402344,1949800.0,-0.0084710449142462,-0.0085071281347727,1.2099990844726562,61.82257398932644,AME
2018-02-05,76.77999877929688,77.45999908447266,73.87999725341797,73.9000015258789,70.12679290771484,2557600.0,-0.0433659987256895,-0.0443344044889656,3.5800018310546875,45.694708328878136,AME
2018-02-06,72.41000366210938,75.31999969482422,71.58000183105469,74.70999908447266,70.89543914794922,2698900.0,0.0109608069664028,0.010901172685904,3.7399978637695312,44.22067604090911,AME
2018-02-07,74.25,75.0,74.0999984741211,74.16000366210938,70.37353515625,1569100.0,-0.007361601789504,-0.0073888321014061,0.9000015258789062,41.99496309255604,AME
2018-02-08,74.12999725341797,74.48999786376953,72.01000213623047,72.05000305175781,68.37125396728516,1594500.0,-0.0284521899392887,-0.0288647987551511,2.4799957275390625,31.22611909590572,AME
2018-02-09,72.7300033569336,72.91999816894531,71.16000366210938,72.30000305175781,68.60850524902344,2040000.0,0.0034700443237709,0.0034640376116605,1.7599945068359375,33.72097299028917,AME
2018-02-12,73.05000305175781,74.33000183105469,72.63999938964844,74.0,70.22168731689453,1739800.0,0.0235128583841877,0.0232406891904504,1.69000244140625,39.36158444656815,AME
2018-02-13,73.86000061035156,74.55999755859375,73.51000213623047,74.41999816894531,70.6202392578125,981300.0,0.0056756246701876,0.0056595789966742,1.0499954223632812,41.40073195699251,AME
2018-02-14,74.05000305175781,74.87000274658203,73.83999633789062,74.70999908447266,70.89543914794922,902200.0,0.0038968982975553,0.0038893250577721,1.0300064086914062,42.24188148607328,AME
2018-02-15,75.3499984741211,75.87000274658203,74.55000305175781,75.83999633789062,71.96773529052734,1162000.0,0.0151250370329236,0.0150117941015835,1.3199996948242188,42.360128134184414,AME
2018-02-16,75.55999755859375,76.94000244140625,75.41999816894531,76.55000305175781,72.64151000976562,1390600.0,0.0093621775997023,0.0093186240414002,1.5200042724609375,46.82005209069961,AME
2018-02-20,76.13999938964844,77.05999755859375,75.63999938964844,75.72000122070312,71.85387420654297,1143800.0,-0.0108427785038714,-0.0109019898258668,1.4199981689453125,47.17105115328778,AME
2018-02-21,75.81999969482422,77.11000061035156,75.81999969482422,76.3499984741211,72.45171356201172,1261500.0,0.0083202104558797,0.0082857883060858,1.2900009155273438,50.166086334978345,AME
2018-02-22,76.48999786376953,77.13999938964844,76.29000091552734,76.47000122070312,72.56556701660156,744600.0,0.0015714390867014,0.001570205668292,0.8499984741210938,44.690239251698095,AME
2018-02-23,76.88999938964844,77.05000305175781,75.9000015258789,76.76000213623047,72.84078216552734,1006000.0,0.0037926410588484,0.0037854671287877,1.1500015258789062,48.14251327429313,AME
2018-02-26,77.19000244140625,78.62000274658203,76.94999694824219,78.4000015258789,74.39705657958984,1271600.0,0.021365427001126,0.0211403860205081,1.6700057983398438,69.59932375553791,AME
2018-02-27,78.3499984741211,79.0999984741211,77.66999816894531,77.68000030517578,73.71379852294922,1054100.0,-0.0091839393660645,-0.0092263717345472,1.4300003051757812,63.03767786127421,AME
2018-02-28,77.87999725341797,78.0199966430664,75.70999908447266,75.73999786376953,71.87283325195312,1494100.0,-0.024974500132739,-0.0252916546162809,2.30999755859375,56.18135791331832,AME
2018-03-01,75.75,75.87999725341797,73.7300033569336,74.18000030517578,70.39250183105469,985400.0,-0.020596536325611,-0.0208116031933317,2.149993896484375,58.70804964326872,AME
2018-03-02,73.55999755859375,74.69999694824219,73.19000244140625,74.5199966430664,70.71514892578125,997200.0,0.0045835435072463,0.004573071060123,1.5099945068359375,59.00966218253341,AME
2018-03-05,73.97000122070312,75.48999786376953,73.61000061035156,75.19999694824219,71.36042022705078,935100.0,0.0091249373164266,0.0090835566162826,1.8799972534179688,55.30971184631803,AME
2018-03-06,75.52999877929688,76.12999725341797,74.77999877929688,76.11000061035156,72.22395324707031,1074000.0,0.0121010080556138,0.0120283762161883,1.3499984741210938,57.16705558881814,AME
2018-03-07,75.27999877929688,76.68000030517578,74.29000091552734,76.5199966430664,72.61302947998047,1322200.0,0.0053870802610205,0.0053726218466662,2.389999389648437,57.59863153887072,AME
2018-03-08,76.75,77.27999877929688,76.3499984741211,77.25,73.30577087402344,849000.0,0.0095401803092922,0.0094949601671705,0.9300003051757812,56.12518100086405,AME
2018-03-09,77.80000305175781,78.80999755859375,77.56999969482422,78.79000091552734,74.76712799072266,778900.0,0.0199350896836016,0.0197389877061275,1.2399978637695312,59.07608090155865,AME
2018-03-12,78.80999755859375,78.87000274658203,78.11000061035156,78.3499984741211,74.3495864868164,969000.0,-0.0055845598878434,-0.0056002118424659,0.7600021362304688,61.00411479442175,AME
2018-03-13,78.5199966430664,79.31999969482422,78.12999725341797,78.37999725341797,74.3780517578125,807500.0,0.0003828571528254,0.0003827838817267,1.19000244140625,58.94263360522485,AME
2018-03-14,78.94999694824219,79.01000213623047,78.08000183105469,78.19999694824219,74.20726013183594,766100.0,-0.0022962637759413,-0.0022989042325033,0.9300003051757812,57.58114908771134,AME
2018-03-15,78.36000061035156,78.58000183105469,77.81999969482422,77.95999908447266,74.11219024658203,612400.0,-0.0012811399462129,-0.001281961307588,0.7600021362304688,55.97055244968709,AME
2018-03-16,77.94999694824219,78.83000183105469,77.7300033569336,78.68000030517578,74.79664611816406,1433900.0,0.009235402020973,0.009193016460993,1.0999984741210938,52.0438306557038,AME
2018-03-19,78.36000061035156,78.5199966430664,77.16999816894531,77.87000274658203,74.02664184570312,830500.0,-0.0102946363563478,-0.0103479926300441,1.3499984741210938,51.58606444825226,AME
2018-03-20,78.19999694824219,78.95999908447266,78.06999969482422,78.43000030517578,74.55897521972656,982700.0,0.007191105266304,0.0071653725595854,0.8899993896484375,65.70178568243038,AME
2018-03-21,78.5999984741211,79.1500015258789,78.12999725341797,78.12999725341797,74.27378845214844,998700.0,-0.0038249823946436,-0.0038323163472697,1.0200042724609375,76.37290174081639,AME
2018-03-22,77.4000015258789,77.83999633789062,76.12000274658203,76.18000030517578,72.42005920410156,1226200.0,-0.0249580543375831,-0.0252747877174524,1.7199935913085938,59.58939967661427,AME
2018-03-23,76.4000015258789,76.81999969482422,74.52999877929688,74.61000061035156,70.92752838134766,931600.0,-0.0206093565671839,-0.0208246931260883,2.290000915527344,47.77703600621834,AME
2018-03-26,75.70999908447266,76.93000030517578,74.9800033569336,76.79000091552734,72.99992370605469,924200.0,0.0292184906481531,0.0287997673038559,1.9499969482421875,53.54464295671763,AME
2018-03-27,76.87999725341797,77.01000213623047,74.91000366210938,75.06999969482422,71.36481475830078,1164000.0,-0.0223987761184233,-0.0226534386409001,2.0999984741210938,44.88088801445815,AME
2018-03-28,75.04000091552734,75.58999633789062,74.5199966430664,74.94999694824219,71.2507553100586,1230500.0,-0.0015982588706842,-0.0015995374489073,1.0699996948242188,41.15211251505279,AME
2018-03-29,75.48999786376953,76.55999755859375,75.31999969482422,75.97000122070312,72.22041320800781,852000.0,0.0136090893876086,0.0135173174151381,1.2399978637695312,38.55031402316671,AME
2018-04-02,75.97000122070312,75.97000122070312,73.5199966430664,74.66000366210938,70.9750747680664,841300.0,-0.0172435795452264,-0.0173939815498689,2.4500045776367188,35.879672786803184,AME
2018-04-03,74.87000274658203,75.66999816894531,74.4000015258789,75.62999725341797,71.89717864990234,982000.0,0.0129919395625746,0.0129082682384179,1.2699966430664062,40.34135970016521,AME
2018-04-04,74.44000244140625,75.88999938964844,73.88999938964844,75.66999816894531,71.93519592285156,883200.0,0.0005287728067098,0.0005286330556314,2.0,41.06189718138402,AME
2018-04-05,76.04000091552734,76.73999786376953,75.9000015258789,76.41000366210938,72.638671875,867500.0,0.0097793012603022,0.0097317933719309,0.839996337890625,44.46810936093841,AME
2018-04-06,75.41000366210938,75.86000061035156,72.72000122070312,73.54000091552734,69.91035461425781,1201400.0,-0.0375601203920303,-0.0382836775160428,3.139999389648437,34.096442026617495,AME
2018-04-09,74.2300033569336,74.86000061035156,73.2300033569336,73.37000274658203,69.74873352050781,1077300.0,-0.0023118334135446,-0.002314509826153,1.6299972534179688,35.50242525157461,AME
2018-04-10,74.58999633789062,75.0,74.06999969482422,74.52999877929688,70.85147094726562,969600.0,0.0158101426520322,0.0156864642259172,0.9300003051757812,37.90316959609357,AME
2018-04-11,73.87000274658203,74.51000213623047,73.62000274658203,74.06999969482422,70.41419219970703,858000.0,-0.0061717666791146,-0.0061908907579234,0.8899993896484375,37.53068125070557,AME
2018-04-12,75.1500015258789,75.73999786376953,74.75,75.1500015258789,71.44087219238281,1229500.0,0.0145805832688379,0.014475308641132,0.9899978637695312,46.65791025125565,AME
2018-04-13,75.55999755859375,75.77999877929688,74.61000061035156,74.94000244140625,71.24124145507812,679700.0,-0.0027943491054687,-0.0027982605873268,1.1699981689453125,51.17439035605571,AME
2018-04-16,75.68000030517578,76.13999938964844,75.2699966430664,75.5999984741211,71.86865997314453,646600.0,0.0088069565500488,0.0087684015112206,0.8700027465820312,45.25135836060303,AME
2018-04-17,75.91000366210938,76.62000274658203,75.68000030517578,76.37999725341797,72.61016845703125,935200.0,0.0103175498772873,0.0102646872571123,0.94000244140625,55.65153022821337,AME
2018-04-18,76.7699966430664,77.19999694824219,76.41000366210938,76.9800033569336,73.1805648803711,750300.0,0.0078555997797662,0.0078249052005759,0.7899932861328125,58.40935566749826,AME
2018-04-19,76.86000061035156,77.12999725341797,76.12999725341797,76.52999877929688,72.75274658203125,641600.0,-0.0058460644440119,-0.0058632195714148,1.0,52.4346720412248,AME
2018-04-20,76.05000305175781,76.31999969482422,75.31999969482422,75.80999755859375,72.06832885742188,1349700.0,-0.0094074486086607,-0.0094519781462563,1.0,55.27051212922142,AME
2018-04-23,75.86000061035156,76.04000091552734,74.54000091552734,74.83000183105469,71.13666534423828,1225000.0,-0.0129275026624632,-0.0130117900297881,1.5,46.33698745311085,AME
2018-04-24,74.94999694824219,75.23999786376953,70.8499984741211,71.81999969482422,68.27522277832031,1736800.0,-0.040224581122423,-0.0410559605573645,4.3899993896484375,36.14109207223781,AME
2018-04-25,71.30000305175781,72.05000305175781,70.56999969482422,71.94999694824219,68.3988265991211,2431200.0,0.0018103759427061,0.0018087391873098,1.4800033569335938,33.207914557300526,AME
2018-04-26,72.05999755859375,72.16999816894531,71.02999877929688,71.5,67.97102355957031,1452800.0,-0.0062545376992809,-0.0062741792622908,1.1399993896484375,40.60767519712679,AME
2018-04-27,71.52999877929688,71.52999877929688,70.30000305175781,70.94999694824219,67.44816589355469,1931800.0,-0.0076923612244471,-0.007722100041029,1.2299957275390625,39.234851178618506,AME
2018-04-30,71.08000183105469,71.27999877929688,69.79000091552734,69.80000305175781,66.35492706298828,1861200.0,-0.0162085775955973,-0.0163413734997255,1.4899978637695312,28.940400616597103,AME
2018-05-01,69.73999786376953,69.77999877929688,68.56999969482422,69.26000213623047,65.84158325195312,3139500.0,-0.007736332986213,-0.0077664136533893,1.2099990844726562,28.73565828379799,AME
2018-05-02,70.11000061035156,72.36000061035156,69.97000122070312,70.1500015258789,66.68766021728516,2751400.0,0.0128501916804519,0.0127683285262678,2.389999389648437,27.518149295138315,AME
2018-05-03,70.01000213623047,71.05999755859375,69.5,69.98999786376953,66.53556060791016,4585800.0,-0.002280775916855,-0.0022833808478428,1.55999755859375,27.64243733148901,AME
2018-05-04,69.70999908447266,71.66000366210938,69.58000183105469,71.5,67.97102355957031,3295700.0,0.0215743722386176,0.0213449395157192,2.0800018310546875,32.80211785981432,AME
2018-05-07,71.63999938964844,72.88999938964844,71.5,72.80000305175781,69.20687103271484,1849900.0,0.0181819753245502,0.0180186598392782,1.3899993896484375,35.61104132918125,AME
2018-05-08,72.88999938964844,73.54000091552734,72.6500015258789,73.44999694824219,69.82477569580078,1748000.0,0.0089283716178101,0.0088887493747019,0.8899993896484375,35.868672628693545,AME
2018-05-09,73.77999877929688,75.05000305175781,73.38999938964844,74.80000305175781,71.10813903808594,1879500.0,0.0183797703536674,0.0182129039177196,1.660003662109375,43.53998245058833,AME
2018-05-10,75.20999908447266,75.20999908447266,74.2699966430664,74.69000244140625,71.00357055664062,1788800.0,-0.0014705557318734,-0.0014716380601666,0.94000244140625,45.61801774646296,AME
2018-05-11,74.79000091552734,75.16000366210938,74.29000091552734,74.80999755859375,71.11763763427734,1374500.0,0.0016064977682457,0.0016052087310782,0.8700027465820312,49.91604197497284,AME
2018-05-14,75.0199966430664,75.0199966430664,74.05000305175781,74.25,70.5853042602539,1078600.0,-0.0074852510816088,-0.0075134061600307,0.9699935913085938,62.830120721873584,AME
2018-05-15,74.0,74.55000305175781,73.69999694824219,74.25,70.5853042602539,1316800.0,0.0,0.0,0.850006103515625,62.31268001622294,AME
2018-05-16,74.37999725341797,75.16000366210938,74.08000183105469,74.91999816894531,71.22221374511719,1189900.0,0.0090232590414989,0.0089827926830915,1.0800018310546875,67.88712482958246,AME
2018-05-17,74.95999908447266,75.70999908447266,74.68000030517578,75.33000183105469,71.61197662353516,1264400.0,0.0054724903639307,0.0054575706956155,1.029998779296875,73.24857912309892,AME
2018-05-18,75.38999938964844,76.0999984741211,75.19999694824219,75.54000091552734,71.81163024902344,1187100.0,0.0027879921055364,0.0027841128640699,0.9000015258789062,83.84466361228178,AME
2018-05-21,76.0,76.69000244140625,76.0,76.23999786376953,72.47708892822266,1069700.0,0.0092667256945926,0.009224053013486,0.69000244140625,90.3938559914394,AME
2018-05-22,76.36000061035156,76.52999877929688,75.5,75.56999969482422,71.84014892578125,918500.0,-0.0087881565313998,-0.0088270001221638,1.029998779296875,82.18546650666397,AME
2018-05-23,75.02999877929688,75.19000244140625,74.20999908447266,74.91999816894531,71.22221374511719,1024200.0,-0.008601529783888,-0.0086387364510078,0.9800033569335938,77.66551643071968,AME
2018-05-24,74.9000015258789,76.12000274658203,74.7699966430664,76.05999755859375,72.30594635009766,1332300.0,0.0152162162335871,0.0151016107278064,1.350006103515625,76.69788225785989,AME
2018-05-25,75.73999786376953,76.06999969482422,74.9000015258789,75.08999633789062,71.38385009765625,1126100.0,-0.0127527029101689,-0.0128347166364661,1.1699981689453125,63.9465444617251,AME
2018-05-29,74.4000015258789,74.5999984741211,73.19999694824219,73.61000061035156,69.97686767578125,1153900.0,-0.0197100943693873,-0.0199069289921875,1.4000015258789062,50.88489329345432,AME
2018-05-30,74.0999984741211,75.05000305175781,73.9000015258789,74.70999908447266,71.0225830078125,1414400.0,0.0149437287887232,0.0148331713398969,1.1500015258789062,49.488065825586304,AME
2018-05-31,74.79000091552734,74.88999938964844,72.94999694824219,73.02999877929688,69.42552185058594,2477400.0,-0.0224866667697918,-0.0227433470824366,1.94000244140625,41.98850088544112,AME
2018-06-01,73.7699966430664,74.63999938964844,73.5199966430664,74.20999908447266,70.54725646972656,1238900.0,0.0161573811653121,0.0160282398818663,1.1200027465820312,47.37304447984798,AME
2018-06-04,74.58000183105469,74.83000183105469,74.20999908447266,74.72000122070312,71.0321044921875,895100.0,0.0068726701323813,0.006849160987275,0.6200027465820312,52.06682971762539,AME
2018-06-05,74.72000122070312,75.69999694824219,74.72000122070312,75.61000061035156,71.878173828125,1569100.0,0.0119110836147415,0.0118407049644094,0.9799957275390624,55.546463772992304,AME
2018-06-06,75.6500015258789,75.95999908447266,75.13999938964844,75.95999908447266,72.21089172363281,1245200.0,0.0046289141444162,0.0046182336679944,0.8199996948242188,54.35513792547185,AME
2018-06-07,76.0,76.19999694824219,75.37000274658203,75.77999877929688,72.03976440429688,831400.0,-0.0023698269783301,-0.002372639462563,0.8299942016601562,51.92142021502252,AME
2018-06-08,75.7699966430664,75.87999725341797,75.27999877929688,75.75,72.01126098632812,608300.0,-0.0003956622874109,-0.0003957405823867,0.5999984741210938,50.91064753910084,AME
2018-06-11,75.75,76.12000274658203,75.44000244140625,75.62000274658203,71.8876724243164,1557400.0,-0.0017162393814376,-0.0017177138074649,0.6800003051757812,47.17144853058553,AME
2018-06-12,75.7699966430664,76.01000213623047,75.47000122070312,75.8499984741211,72.10631561279297,654100.0,0.0030414559423488,0.0030368400721664,0.5400009155273438,51.33073292346236,AME
2018-06-13,76.0199966430664,76.20999908447266,75.2699966430664,75.33000183105469,71.61197662353516,1010000.0,-0.0068556961350291,-0.0068793043822943,0.94000244140625,51.97305153099097,AME
2018-06-14,75.26000213623047,75.5999984741211,74.5199966430664,74.83999633789062,71.27861785888672,887300.0,-0.0046550700087627,-0.0046659385896094,1.0800018310546875,44.37190390765933,AME
2018-06-15,74.54000091552734,75.16999816894531,74.1500015258789,75.08999633789062,71.51675415039062,1503800.0,0.0033409218452489,0.0033353533649856,1.0199966430664062,50.78708280544866,AME
2018-06-18,74.38999938964844,75.0199966430664,74.05000305175781,74.88999938964844,71.3262710571289,838800.0,-0.0026634750909019,-0.0026670284516094,0.9699935913085938,59.33671815694981,AME
2018-06-19,73.98999786376953,74.19000244140625,72.69000244140625,73.37999725341797,69.88813018798828,1209700.0,-0.0201628495058818,-0.0203688940909619,1.5,42.55486403532929,AME
2018-06-20,73.87999725341797,73.87999725341797,73.08999633789062,73.30999755859375,69.82144927978516,771200.0,-0.0009541092031474,-0.0009545646550568,0.7900009155273438,53.251505297519465,AME
2018-06-21,72.91999816894531,72.91999816894531,71.86000061035156,72.48999786376953,69.04045867919922,1495600.0,-0.0111855398110742,-0.0112485684081666,1.05999755859375,36.89200149199645,AME
2018-06-22,73.08999633789062,73.3499984741211,72.69000244140625,73.0,69.52620697021484,1444800.0,0.0070357048650659,0.0070110697762397,0.6599960327148438,36.901884744071104,AME
2018-06-25,72.76000213623047,72.88999938964844,71.69999694824219,72.5,69.04998016357422,1310500.0,-0.0068496014293523,-0.0068731676235652,1.19000244140625,23.70924616486643,AME
2018-06-26,72.6500015258789,73.06999969482422,72.23999786376953,72.29000091552734,68.8499984741211,1060000.0,-0.0028961875004074,-0.0029003895667019,0.8300018310546875,17.966774142411907,AME
2018-06-27,72.68000030517578,73.69000244140625,71.4800033569336,71.51000213623047,68.10710906982422,1468400.0,-0.0107899698004511,-0.0108486036778827,2.209999084472656,16.201007423882587,AME
2018-06-28,71.56999969482422,72.05000305175781,71.04000091552734,71.70999908447266,68.29759979248047,894600.0,0.0027969286210776,0.0027930244942371,1.0100021362304688,18.94775387198557,AME
2018-06-29,72.16000366210938,73.0,72.0,72.16000366210938,68.72618103027344,1282500.0,0.0062752020436325,0.0062555949462025,1.0,24.84767774571561,AME
2018-07-02,71.45999908447266,71.94999694824219,70.79000091552734,71.91000366210938,68.48809051513672,1244100.0,-0.0034643350113087,-0.0034703497151612,1.1599960327148438,21.30277769709643,AME
2018-07-03,72.43000030517578,72.79000091552734,71.41999816894531,71.56999969482422,68.16425323486328,532300.0,-0.0047283736170431,-0.0047395877392448,1.3700027465820312,21.894948429500417,AME
2018-07-05,72.05999755859375,72.12999725341797,71.30000305175781,71.9800033569336,68.55474090576172,961200.0,0.0057286283112791,0.0057122821179142,0.8299942016601562,28.000483094168857,AME
2018-07-06,71.81999969482422,72.2300033569336,71.5999984741211,71.88999938964844,68.46902465820312,613100.0,-0.0012503328934817,-0.0012511152118275,0.6300048828125,24.763537673508893,AME
2018-07-09,71.94000244140625,73.0999984741211,71.94000244140625,73.02999877929688,69.55477905273438,769700.0,0.0158575998409693,0.0157331816964495,1.1599960327148438,37.225339264945205,AME
2018-07-10,73.44999694824219,73.72000122070312,73.12999725341797,73.37000274658203,69.87858581542969,1442100.0,0.0046554207648308,0.0046446178088107,0.5900039672851562,49.917993562724114,AME
2018-07-11,72.62999725341797,72.93000030517578,71.80000305175781,72.05999755859375,68.63092803955078,976400.0,-0.0178546511970684,-0.0180159685429115,1.1299972534179688,41.49659196676323,AME
2018-07-12,72.66999816894531,73.30999755859375,72.16000366210938,73.20999908447266,69.72622680664062,824200.0,0.0159592591616806,0.0158332491019793,1.149993896484375,54.68768742144597,AME
2018-07-13,73.0999984741211,73.91000366210938,73.0999984741211,73.69999694824219,70.19287872314453,550200.0,0.0066926311357415,0.0066703349049958,0.8100051879882812,54.56907947025409,AME
2018-07-16,73.75,73.9000015258789,72.7699966430664,72.97000122070312,69.49764251708984,515400.0,-0.0099046544136883,-0.0099540318178419,1.1300048828125,52.97866464691179,AME
2018-07-17,72.8499984741211,73.37000274658203,72.6500015258789,73.18000030517578,69.69763946533203,804200.0,0.0028777515466515,0.0028736187465522,0.720001220703125,55.640038987146426,AME
2018-07-18,73.3499984741211,73.86000061035156,73.08000183105469,73.76000213623047,70.25005340576172,733600.0,0.0079258629799716,0.0078946183133631,0.779998779296875,64.62956288399477,AME
2018-07-19,73.47000122070312,73.77999877929688,73.2699966430664,73.63999938964844,70.1357421875,639800.0,-0.0016272047168628,-0.0016285300523813,0.5100021362304688,62.68062051244805,AME
2018-07-20,73.31999969482422,74.02999877929688,73.19000244140625,73.56999969482422,70.06908416748047,763100.0,-0.0009504144098357,-0.0009508663399809,0.839996337890625,59.751083318283406,AME
2018-07-23,73.44999694824219,73.44999694824219,72.63999938964844,72.70999908447266,69.25,809600.0,-0.0116896656665681,-0.011758526978122,0.80999755859375,55.1019052766774,AME
2018-07-24,73.22000122070312,73.88999938964844,73.12000274658203,73.44000244140625,69.94525909423828,1025300.0,0.0100398425160763,0.0099897781108339,0.7699966430664062,61.360871181814815,AME
2018-07-25,73.37000274658203,75.43000030517578,73.27999877929688,75.31999969482422,71.73580169677734,1580300.0,0.0255991989410839,0.0252770261202778,2.1500015258789062,67.21653588175349,AME
2018-07-26,75.16999816894531,77.13999938964844,75.16999816894531,77.0999984741211,73.43109130859375,1446900.0,0.0236324062980752,0.0233574839446732,1.970001220703125,72.87096374899428,AME
2018-07-27,77.19999694824219,77.44000244140625,76.41000366210938,76.8499984741211,73.1929931640625,948100.0,-0.003242470461601,-0.0032477386600158,1.029998779296875,68.19051542616498,AME
2018-07-30,76.94000244140625,77.73999786376953,75.87000274658203,76.06999969482422,72.45012664794922,2009100.0,-0.0101494211945689,-0.01020127774422,1.8699951171875,62.34019947469662,AME
2018-07-31,76.41999816894531,78.01000213623047,75.22000122070312,77.80000305175781,74.0978012084961,1946300.0,0.0227421902042115,0.0224874417231355,2.790000915527344,75.26425868651269,AME
2018-08-01,77.8499984741211,77.88999938964844,76.48999786376953,76.81999969482422,73.1644287109375,2060000.0,-0.0125964938545514,-0.0126765022770589,1.4000015258789062,66.13050095425996,AME
2018-08-02,76.41999816894531,77.16999816894531,76.05999755859375,76.76000213623047,73.1072769165039,1225500.0,-0.0007811418122239,-0.0007814470624622,1.1100006103515625,64.2194130522178,AME
2018-08-03,76.8499984741211,77.11000061035156,75.94000244140625,76.56999969482422,72.92630004882812,1013400.0,-0.0024754973144803,-0.0024785664240519,1.1699981689453125,67.61231056226805,AME
2018-08-06,76.73999786376953,76.80000305175781,76.11000061035156,76.31999969482422,72.68822479248047,794900.0,-0.0032646007844666,-0.0032699412197012,0.69000244140625,65.30216129530936,AME
2018-08-07,76.58000183105469,77.5999984741211,76.56999969482422,77.48999786376953,73.80253601074219,1075500.0,0.015330010073062,0.0152136927263541,1.029998779296875,67.18886932382398,AME
2018-08-08,77.5199966430664,77.55999755859375,77.0199966430664,77.16999816894531,73.49776458740234,724400.0,-0.0041295521781999,-0.0041381023257682,0.5400009155273438,65.97292048318894,AME
2018-08-09,77.25,77.55000305175781,76.4800033569336,76.66000366210938,73.01202392578125,1295100.0,-0.0066089174867822,-0.0066308530823995,1.0699996948242188,63.44641366919766,AME
2018-08-10,76.20999908447266,76.31999969482422,75.56999969482422,75.87999725341797,72.2691650390625,1453000.0,-0.0101744732822895,-0.0102265870235027,0.75,63.89145144689748,AME
2018-08-13,76.0,76.45999908447266,75.2699966430664,75.66000366210938,72.05963897705078,1313400.0,-0.0028992456450612,-0.0029034565987453,1.19000244140625,60.18364185282195,AME
2018-08-14,75.79000091552734,76.13999938964844,75.58999633789062,75.81999969482422,72.21202850341797,990500.0,0.0021147694955245,0.0021125365181158,0.5500030517578125,52.723442724804016,AME
2018-08-15,75.29000091552734,75.48999786376953,74.5,75.0999984741211,71.5262680053711,1165200.0,-0.0094964857276432,-0.0095418648716763,0.9899978637695312,37.68471521375616,AME
2018-08-16,75.48999786376953,76.19999694824219,75.27999877929688,75.7300033569336,72.12630462646484,876700.0,0.0083890385703988,0.0083540461519593,0.9199981689453124,43.41185285012181,AME
2018-08-17,75.7300033569336,76.47000122070312,75.51000213623047,76.30999755859375,72.67867279052734,1422600.0,0.00765834554984,0.0076291692881422,0.9599990844726562,51.445577082323965,AME
2018-08-20,76.38999938964844,76.83000183105469,76.30000305175781,76.58000183105469,72.93583679199219,960200.0,0.0035383695325041,0.0035321242308175,0.529998779296875,41.08171159744645,AME
2018-08-21,76.75,77.1500015258789,76.61000061035156,77.0,73.33585357666016,1455800.0,0.005484502574623,0.0054695174560232,0.5400009155273438,51.43304322536453,AME
2018-08-22,76.76000213623047,76.86000061035156,75.93000030517578,76.12000274658203,72.49773406982422,564800.0,-0.0114285096028755,-0.0114943168852932,0.9300003051757812,45.4929574286604,AME
2018-08-23,76.12000274658203,76.30999755859375,75.62999725341797,75.83000183105469,72.22154235839844,867800.0,-0.0038096599151605,-0.0038169351528273,0.6800003051757812,44.86128232629139,AME
2018-08-24,76.11000061035156,76.26000213623047,75.62000274658203,76.20999908447266,72.58346557617188,764300.0,0.0050112917275761,0.0049987769977478,0.6399993896484375,49.24970247104762,AME
2018-08-27,76.56999969482422,77.37999725341797,76.4800033569336,77.05999755859375,73.39299774169922,637400.0,0.0111531208809227,0.0110913834474751,0.899993896484375,46.93294053519127,AME
2018-08-28,77.38999938964844,77.83000183105469,77.2300033569336,77.33000183105469,73.65013122558594,751800.0,0.0035035152098799,0.0034973921976769,0.5999984741210938,51.14928439479999,AME
2018-08-29,77.5999984741211,77.5999984741211,77.02999877929688,77.31999969482422,73.64061737060547,736800.0,-0.0001291763479868,-0.0001291846919698,0.5699996948242188,55.10841057754906,AME
2018-08-30,77.20999908447266,77.37000274658203,76.29000091552734,76.44999694824219,72.8120346069336,743400.0,-0.0112517085442389,-0.011315487885826,1.0800018310546875,54.35113084762512,AME
2018-08-31,76.22000122070312,77.02999877929688,76.12000274658203,76.95999908447266,73.29773712158203,852300.0,0.0066706351123195,0.0066484848754541,0.9099960327148438,59.50272878457827,AME
2018-09-04,76.73999786376953,76.91000366210938,75.93000030517578,76.72000122070312,73.06918334960938,1163000.0,-0.0031181559069626,-0.0031230274846209,0.9800033569335938,56.502859894679936,AME
2018-09-05,76.56999969482422,78.13999938964844,76.41999816894531,78.0,74.28827667236328,1515200.0,0.01668409672681,0.0165464461257008,1.720001220703125,69.38542304776021,AME
2018-09-06,78.12999725341797,78.88999938964844,78.06999969482422,78.29000091552734,74.5644760131836,1306800.0,0.0037179398041287,0.0037110453494294,0.8199996948242188,67.92748136995093,AME
2018-09-07,78.12999725341797,78.72000122070312,77.61000061035156,78.08999633789062,74.37398529052734,1273400.0,-0.002554711477119,-0.0025579803209735,1.1100006103515625,63.1660089824262,AME
2018-09-10,78.55999755859375,79.73999786376953,78.37999725341797,79.37999725341797,75.60260009765625,1449100.0,0.0165194160609998,0.0163844548000568,1.3600006103515625,67.99516062602964,AME
2018-09-11,79.0999984741211,80.20999908447266,78.9000015258789,79.48999786376953,75.70736694335938,1529300.0,0.0013857571772373,0.001384797901873,1.30999755859375,66.66695263597572,AME
2018-09-12,79.44000244140625,79.9000015258789,79.0,79.73999786376953,75.94546508789062,1127400.0,0.0031449798631799,0.003140044758506,0.9000015258789062,76.46239701120214,AME
2018-09-13,79.9000015258789,80.86000061035156,79.83000183105469,80.69000244140625,76.98544311523438,1012800.0,0.0136937475613612,0.0136008354493053,1.029998779296875,82.72726700951605,AME
2018-09-14,80.58999633789062,81.18000030517578,80.38999938964844,80.83000183105469,77.11902618408203,721900.0,0.0017351730852248,0.0017336694115784,0.7900009155273438,82.16781362651062,AME
2018-09-17,80.87000274658203,81.16000366210938,80.44000244140625,80.79000091552734,77.08084106445312,839200.0,-0.0004951452516757,-0.0004952678765655,0.720001220703125,79.36884444093397,AME
2018-09-18,81.0,81.54000091552734,80.38999938964844,81.5,77.75826263427734,1230500.0,0.0087884558661961,0.0087500621714904,1.1500015258789062,80.66326280746631,AME
2018-09-19,81.6500015258789,81.6500015258789,80.93000030517578,80.95999908447266,77.24303436279297,1474400.0,-0.0066260260199956,-0.006648075585038,0.720001220703125,75.00116487417242,AME
2018-09-20,81.31999969482422,81.51000213623047,80.4800033569336,81.37999725341797,77.64374542236328,940900.0,0.005187665954295,0.0051742563715655,1.029998779296875,85.64982335576757,AME
2018-09-21,81.58000183105469,81.91999816894531,81.26000213623047,81.52999877929688,77.786865234375,1507200.0,0.0018432883580408,0.0018415915868278,0.6599960327148438,84.88574365930967,AME
2018-09-24,81.36000061035156,81.36000061035156,80.44000244140625,80.54000091552734,76.84232330322266,929500.0,-0.012142691806726,-0.0122170165701433,0.9199981689453124,76.38547583200042,AME
2018-09-25,80.33000183105469,80.4000015258789,79.73999786376953,80.04000091552734,76.36528015136719,1317900.0,-0.006208078196348,-0.0062274284405825,0.660003662109375,66.20637761085453,AME
2018-09-26,79.98999786376953,80.26000213623047,79.29000091552734,79.38999938964844,75.74508666992188,987800.0,-0.0081214064849365,-0.0081545647564816,0.970001220703125,58.742704761043846,AME
2018-09-27,79.48999786376953,79.81999969482422,78.91000366210938,78.93000030517578,75.3062515258789,652100.0,-0.005793579007379,-0.0058104268907801,0.9099960327148438,56.65873972531078,AME
2018-09-28,78.81999969482422,79.62000274658203,78.72000122070312,79.12000274658203,75.48750305175781,959200.0,0.00240685895535,0.0024039671095817,0.9000015258789062,49.03327839480382,AME
2018-10-01,79.66999816894531,79.95999908447266,79.30999755859375,79.70999908447266,76.05043029785156,1034600.0,0.0074572243528545,0.0074295567193574,0.6500015258789062,52.67553473803965,AME
2018-10-02,79.81999969482422,80.18000030517578,79.55999755859375,79.68000030517578,76.02181243896484,687700.0,-0.00037630107778,-0.0003763718967973,0.6200027465820312,50.61554189461668,AME
2018-10-03,79.94000244140625,80.05000305175781,79.5199966430664,79.81999969482422,76.15536499023438,1071800.0,0.0017567662093922,0.0017552249005172,0.5300064086914062,42.16199315903373,AME
2018-10-04,79.6500015258789,80.31999969482422,78.93000030517578,79.25,75.61153411865234,813400.0,-0.0071410710414396,-0.0071666905291627,1.3899993896484375,36.78903916151618,AME
2018-10-05,79.26000213623047,79.43000030517578,78.08999633789062,78.6500015258789,75.03910827636719,805700.0,-0.0075706153691695,-0.0075994179385696,1.3400039672851562,33.639175887999016,AME
2018-10-08,78.4000015258789,78.47000122070312,77.19000244140625,77.91999816894531,74.34259033203125,1048000.0,-0.009282065849859,-0.009325412663578,1.279998779296875,22.71302719682869,AME
2018-10-09,77.80000305175781,77.91999816894531,76.76000213623047,76.80000305175781,73.2740249633789,1036100.0,-0.0143735288732862,-0.0144778286833596,1.1599960327148438,20.868089776901712,AME
2018-10-10,76.5,76.69999694824219,74.12999725341797,74.18000030517578,70.77430725097656,1623800.0,-0.0341146499547644,-0.0347101370666503,2.5699996948242188,11.455897726114957,AME
2018-10-11,73.98999786376953,74.11000061035156,71.6500015258789,71.8499984741211,68.5512924194336,1716500.0,-0.0314099129739244,-0.031913783397327,2.459999084472656,7.985883826166145,AME
2018-10-12,73.13999938964844,73.37000274658203,71.73999786376953,72.80000305175781,69.45767211914062,1427300.0,0.0132219199334902,0.0131352732713027,1.6300048828125,16.288977197925632,AME
2018-10-15,72.69000244140625,73.13999938964844,72.08999633789062,72.26000213623047,68.94247436523438,1433300.0,-0.0074174347942805,-0.0074450807566643,1.0500030517578125,16.232431126684688,AME
2018-10-16,72.77999877929688,73.61000061035156,71.73999786376953,73.45999908447266,70.08737182617188,2508400.0,0.0166065617963204,0.0164701806589785,1.8700027465820312,25.43484453984722,AME
2018-10-17,73.33000183105469,73.68000030517578,72.70999908447266,73.30999755859375,69.94424438476562,1646500.0,-0.0020421288126087,-0.0020442168007638,0.970001220703125,26.10518886110792,AME
2018-10-18,72.95999908447266,73.13999938964844,71.12000274658203,71.2699966430664,67.99790954589844,1375100.0,-0.0278269478209005,-0.0282214531471474,2.0199966430664062,21.160833474345225,AME
2018-10-19,71.37999725341797,71.5,70.0999984741211,70.61000061035156,67.36822509765625,1586900.0,-0.0092603500967504,-0.0093034936951537,1.4000015258789062,16.739598324461895,AME
2018-10-22,70.87000274658203,70.9800033569336,70.2699966430664,70.5,67.2632827758789,1527800.0,-0.0015577421198973,-0.0015589566616124,0.7100067138671875,16.642277906340183,AME
2018-10-23,69.19999694824219,69.19999694824219,67.33000183105469,68.01000213623047,64.88758850097656,1712600.0,-0.0353193328791006,-0.0359581473081911,1.8699951171875,13.34569298428488,AME
2018-10-24,67.6500015258789,68.19000244140625,65.22000122070312,65.37999725341797,62.378326416015625,2277600.0,-0.0386709098446951,-0.0394384831019183,2.970001220703125,11.832633361103362,AME
2018-10-25,65.97000122070312,67.04000091552734,65.7699966430664,66.43000030517578,63.3801155090332,1553600.0,0.0160598905192872,0.0159322947804659,1.2700042724609375,17.185728816769355,AME
2018-10-26,65.38999938964844,67.68000030517578,65.29000091552734,66.7300033569336,63.66634750366211,1649900.0,0.0045161166452609,0.0045059495893986,2.389999389648437,19.241308926957828,AME
2018-10-29,67.68000030517578,67.9800033569336,64.91000366210938,65.69999694824219,62.68364715576172,1520900.0,-0.0154351613753853,-0.0155555236255668,3.0699996948242188,19.336980815814957,AME
2018-10-30,65.51000213623047,66.61000061035156,65.19000244140625,66.37999725341797,63.33243179321289,1690800.0,0.0103501418135261,0.0102969458381502,1.4199981689453125,25.866339481417317,AME
2018-10-31,67.19999694824219,68.08000183105469,66.94999694824219,67.08000183105469,64.00027465820312,1919200.0,0.0105450374489142,0.0104898263378339,1.1300048828125,33.58558507986092,AME
2018-11-01,69.81999969482422,71.94999694824219,69.81999969482422,71.62999725341797,68.34136962890625,2780100.0,0.0678293178253839,0.0656279129960221,2.1299972534179688,46.77324169724364,AME
2018-11-02,72.45999908447266,73.20999908447266,71.6500015258789,72.62999725341797,69.29547119140625,2742500.0,0.0139608200374206,0.0138642654061349,1.55999755859375,50.99511475823064,AME
2018-11-05,72.98999786376953,73.81999969482422,72.37000274658203,73.51000213623047,70.13508605957031,2659200.0,0.0121164464824101,0.0120436299398058,1.4499969482421875,50.13686440881972,AME
2018-11-06,73.2300033569336,74.91999816894531,73.0199966430664,74.63999938964844,71.21320343017578,2348700.0,0.015372011801479,0.0152550594339957,1.9000015258789065,53.45460504616386,AME
2018-11-07,75.04000091552734,75.55000305175781,74.13999938964844,75.23999786376953,71.78565216064453,1938600.0,0.0080385195847849,0.00800638279284,1.410003662109375,61.145461419099,AME
2018-11-08,75.08999633789062,75.43000030517578,74.70999908447266,74.97000122070312,71.52803039550781,1695500.0,-0.0035887640131792,-0.003595219075174,0.720001220703125,62.514270474085,AME
2018-11-09,74.5,74.94000244140625,73.2300033569336,74.44999694824219,71.03191375732422,1556800.0,-0.0069359751057083,-0.0069601407875802,1.7099990844726562,61.07676700358476,AME
2018-11-12,74.54000091552734,74.58000183105469,72.62999725341797,72.73999786376953,69.40042114257812,1931700.0,-0.0229684451459378,-0.0232363297597243,1.9500045776367188,63.870940358141,AME
2018-11-13,72.75,73.75,72.55999755859375,72.80999755859375,69.46721649169922,1678100.0,0.0009624631669578,0.0009620002962574,1.19000244140625,75.63839720800557,AME
2018-11-14,73.7699966430664,74.62999725341797,72.80999755859375,72.97000122070312,69.619873046875,1568300.0,0.0021975337847892,0.0021951227390118,1.8199996948242188,74.04415900015317,AME
2018-11-15,72.4000015258789,74.69000244140625,72.25,74.4000015258789,70.98421478271484,1587500.0,0.0195970155665357,0.0194074664525105,2.44000244140625,76.03532042145424,AME
2018-11-16,73.94000244140625,74.94999694824219,73.86000061035156,74.37999725341797,70.96512603759766,1526900.0,-0.0002689153521754,-0.0002689515163923,1.089996337890625,81.63255909375968,AME
2018-11-19,74.23999786376953,74.4000015258789,72.36000061035156,72.5999984741211,69.266845703125,1304900.0,-0.0239311959168916,-0.0242221990669785,2.040000915527344,70.98506319107865,AME
2018-11-20,71.9800033569336,72.3499984741211,70.80000305175781,71.23999786376953,67.96927642822266,1840300.0,-0.0187329055009041,-0.0189105888916898,1.5499954223632812,63.43662489855861,AME
2018-11-21,71.81999969482422,72.87999725341797,71.7699966430664,72.25,68.93293762207031,1521100.0,0.0141778939616241,0.0140783276135511,1.1100006103515625,52.59643976532991,AME
2018-11-23,71.44000244140625,72.26000213623047,71.36000061035156,71.66000366210938,68.3700180053711,324600.0,-0.0081661921879125,-0.0081997181798848,0.9000015258789062,45.79367176484704,AME
2018-11-26,72.31999969482422,72.68000030517578,71.70999908447266,72.16000366210938,68.84701538085938,3050800.0,0.0069767039618273,0.0069524793693515,0.970001220703125,43.945959359074216,AME
2018-11-27,71.83000183105469,72.23999786376953,70.48999786376953,71.37999725341797,68.1028823852539,2139800.0,-0.0108085004337362,-0.0108673366125342,1.75,34.90739547839377,AME
2018-11-28,71.75,73.94000244140625,71.44999694824219,73.93000030517578,70.53581237792969,1350800.0,0.0357243321789648,0.0351010197990877,2.4900054931640625,44.86280127367682,AME
2018-11-29,73.44000244140625,73.7300033569336,72.83000183105469,73.22000122070312,69.85840606689453,1230700.0,-0.0096037216868734,-0.0096501348202484,0.9000015258789062,43.36628753271523,AME
2018-11-30,73.06999969482422,73.8499984741211,72.80000305175781,73.43000030517578,70.05874633789062,1486600.0,0.0028678047822083,0.0028637004751025,1.0499954223632812,46.04036895919955,AME
2018-12-03,74.66000366210938,76.31999969482422,74.66000366210938,76.08999633789062,72.59662628173828,1928300.0,0.0362250265171397,0.0355843273141287,1.6599960327148438,62.11142558955071,AME
2018-12-04,75.87999725341797,76.0,72.0,72.08000183105469,68.77071380615234,2118600.0,-0.0527009679587321,-0.0541404679091848,4.0,47.94591870255287,AME
2018-12-06,70.69000244140625,71.66000366210938,68.73999786376953,71.48999786376953,68.34056091308594,2967800.0,-0.0062548848086542,-0.0062745285563978,2.920005798339844,46.287892137633264,AME
2018-12-07,71.38999938964844,72.7699966430664,70.68000030517578,70.8499984741211,67.72872161865234,1619300.0,-0.008952798839502,-0.0089931159574547,2.089996337890625,40.1223639436098,AME
2018-12-10,70.81999969482422,71.05999755859375,69.23999786376953,70.69999694824219,67.58534240722656,1517400.0,-0.0021169632025993,-0.0021192071366431,1.8199996948242188,39.82201419787606,AME
2018-12-11,72.0199966430664,72.48999786376953,70.1500015258789,70.7300033569336,67.6140365600586,1729700.0,0.0004245617734557,0.0004244716726073,2.339996337890625,44.46621930566234,AME
2018-12-12,71.8499984741211,73.87000274658203,71.72000122070312,72.61000061035156,69.41121673583984,1950200.0,0.0265799864527374,0.0262328759732621,2.1500015258789062,54.67148485582508,AME
2018-12-13,72.5999984741211,73.16999816894531,71.44999694824219,71.7699966430664,68.60820007324219,1685800.0,-0.0115689754532573,-0.0116364167051532,1.720001220703125,48.936874885729786,AME
2018-12-14,70.8499984741211,71.8499984741211,70.08000183105469,70.38999938964844,67.28900909423828,1207600.0,-0.019227890800161,-0.0194151509909843,1.7699966430664062,46.627970070824766,AME
2018-12-17,70.3499984741211,70.77999877929688,68.7699966430664,69.16999816894531,66.12274169921875,1514600.0,-0.0173322123585766,-0.017484173593953,2.0100021362304688,41.85243124641766,AME
2018-12-18,69.81999969482422,70.4800033569336,68.61000061035156,68.87000274658203,65.83597564697266,1755700.0,-0.0043368748009655,-0.0043463063212449,1.8700027465820312,43.029601812179656,AME
2018-12-19,69.05000305175781,70.25,67.16999816894531,67.9000015258789,64.90869903564453,1992400.0,-0.0140846490420434,-0.0141847790203251,3.0800018310546875,30.93189424857303,AME
2018-12-20,67.61000061035156,67.83999633789062,65.25,66.11000061035156,63.19755172729492,2272300.0,-0.0263623725906128,-0.0267160903467208,2.589996337890625,28.906719806678083,AME
2018-12-21,66.38999938964844,67.54000091552734,65.19999694824219,65.20999908447266,62.33722305297852,2620500.0,-0.01361332283929,-0.0137068337512883,2.340003967285156,26.528942965179866,AME
2018-12-24,64.76000213623047,65.0,63.31999969482422,63.34999847412109,60.55914688110352,695400.0,-0.0285235062582731,-0.028938206297071,1.6800003051757812,11.63775758679472,AME
2018-12-26,63.790000915527344,66.3499984741211,63.13999938964844,66.25,63.331390380859375,1297900.0,0.0457774529948156,0.044760582962905,3.209999084472656,31.41743887334279,AME
2018-12-27,65.06999969482422,67.31999969482422,64.69999694824219,67.30999755859375,64.34469604492188,1385300.0,0.0160000539695832,0.0158734022759573,2.6200027465820312,36.8718689638335,AME
2018-12-28,67.69999694824219,67.83999633789062,66.55999755859375,66.7300033569336,63.79024124145508,820400.0,-0.0086169465013823,-0.008654287047289,1.279998779296875,37.011426232201615,AME
2018-12-31,67.05999755859375,67.73999786376953,66.9000015258789,67.69999694824219,64.71748352050781,819500.0,0.0145358014173828,0.0144311693775586,0.839996337890625,41.00713503747425,AME
2019-01-02,66.73999786376953,67.55999755859375,66.18000030517578,67.48999786376953,64.51679229736328,1045300.0,-0.0031010356433426,-0.0031058538178388,1.3799972534179688,40.391486533567615,AME
2019-01-03,66.80999755859375,67.25,65.41999816894531,65.56999969482422,62.68136215209961,1575900.0,-0.028448874779825,-0.0288613865156572,1.8300018310546875,29.17154952797497,AME
2019-01-04,66.66000366210938,68.0999984741211,66.29000091552734,68.05000305175781,65.0521011352539,1444000.0,0.0378220718528989,0.0371243556506649,1.80999755859375,39.9676497303068,AME
2019-01-07,68.0999984741211,68.69999694824219,67.55999755859375,67.94000244140625,64.94693756103516,1470100.0,-0.0016166053422332,-0.0016179134586449,1.1399993896484375,42.90673949863324,AME
2019-01-08,69.04000091552734,69.04000091552734,67.52999877929688,68.94000244140625,65.90290069580078,1352700.0,0.0147191410506035,0.0146118658784099,1.5100021362304688,49.32559260784901,AME
2019-01-09,69.61000061035156,69.88999938964844,69.12999725341797,69.4000015258789,66.34261322021484,1464200.0,0.006672127019776,0.0066499668957882,0.7600021362304688,51.53976572633509,AME
2019-01-10,68.91999816894531,70.62000274658203,68.8499984741211,70.5999984741211,67.48974609375,1014000.0,0.0172910414265323,0.0171432525530285,1.7700042724609375,57.74083555435149,AME
2019-01-11,70.0199966430664,70.66000366210938,69.98999786376953,70.55000305175781,67.4419937133789,875700.0,-0.0007075501559119,-0.0007078005876591,0.6700057983398438,64.1403760091645,AME
2019-01-14,70.12999725341797,70.45999908447266,69.7699966430664,70.20999908447266,67.11695861816406,717000.0,-0.004819476372484,-0.0048311274986949,0.69000244140625,66.51266013792848,AME
2019-01-15,70.12999725341797,70.43000030517578,69.52999877929688,69.87999725341797,66.80147552490234,887400.0,-0.0047004974563364,-0.004711579535666,0.9000015258789062,73.98985804488085,AME
2019-01-16,69.73999786376953,70.4000015258789,69.58000183105469,70.27999877929688,67.18385314941406,1202100.0,0.0057240894981305,0.005707769147653,0.8199996948242188,68.13694642713469,AME
2019-01-17,70.13999938964844,71.47000122070312,69.94000244140625,71.2300033569336,68.09199523925781,974400.0,0.0135172671300063,0.0134267238935554,1.529998779296875,67.81828445058422,AME
2019-01-18,71.77999877929688,72.66000366210938,71.58999633789062,72.36000061035156,69.17223358154297,947700.0,0.0158643954915622,0.0157398712441421,1.07000732421875,74.37252946161827,AME
2019-01-22,71.7300033569336,71.7300033569336,69.87000274658203,70.79000091552734,67.67141723632812,1637600.0,-0.0216968032909566,-0.0219356399077751,1.8600006103515625,62.71638292938788,AME
2019-01-23,70.95999908447266,71.41000366210938,69.97000122070312,70.70999908447266,67.59490966796875,1057800.0,-0.0011305743471011,-0.0011312139283865,1.44000244140625,63.39419102014366,AME
2019-01-24,70.70999908447266,71.23999786376953,70.44999694824219,71.19999694824219,68.06332397460938,1004500.0,0.0069297275333528,0.0069058273226145,0.7900009155273438,76.58158518567086,AME
2019-01-25,72.16999816894531,72.62000274658203,70.98999786376953,71.31999969482422,68.17805480957031,1211800.0,0.0016856484265115,0.0016842293157267,1.6300048828125,69.866321439481,AME
2019-01-28,70.16999816894531,70.69999694824219,69.51000213623047,70.1500015258789,67.0595932006836,2027600.0,-0.0164050090899589,-0.0165410612618092,1.1899948120117188,61.89455507637326,AME
2019-01-29,70.79000091552734,71.79000091552734,70.72000122070312,71.7699966430664,68.60820007324219,1481500.0,0.0230929953291576,0.0228303873630042,1.0699996948242188,64.27837986500754,AME
2019-01-30,72.33999633789062,72.91000366210938,71.25,72.58999633789062,69.39207458496094,758100.0,0.0114253764255864,0.0113605997440694,1.660003662109375,65.53062653431861,AME
2019-01-31,72.76000213623047,72.94999694824219,72.0999984741211,72.9000015258789,69.68844604492188,1003700.0,0.0042709698727636,0.0042618751672165,0.8499984741210938,62.26020975105889,AME
2019-02-01,73.19000244140625,73.77999877929688,72.66000366210938,73.41000366210938,70.17597198486328,1000200.0,0.0069957929557955,0.006971435928091,1.1199951171875,64.53225623306892,AME
2019-02-04,73.33000183105469,73.69999694824219,72.7699966430664,73.69999694824219,70.45317840576172,1605400.0,0.0039501614734773,0.0039423800707775,0.9300003051757812,67.82405388241835,AME
2019-02-05,75.11000061035156,76.33000183105469,74.04000091552734,74.9000015258789,71.6003189086914,3157600.0,0.0162823101652411,0.0161511748950125,2.290000915527344,73.54586958832893,AME
2019-02-06,74.75,76.1500015258789,74.55999755859375,74.62000274658203,71.33265686035156,2137500.0,-0.0037382801141037,-0.0037452849460079,1.5900039672851562,70.58816848169299,AME
2019-02-07,74.1500015258789,75.11000061035156,74.05000305175781,75.11000061035156,71.80107116699219,1903800.0,0.006566617973555,0.0065451516605559,1.05999755859375,69.24598933021696,AME
2019-02-08,74.41000366210938,75.80999755859375,74.41000366210938,75.76000213623047,72.42242431640625,1786000.0,0.0086538144809698,0.0086165848597425,1.399993896484375,67.7081852486451,AME
2019-02-11,75.7300033569336,76.12000274658203,75.70999908447266,76.05000305175781,72.69964599609375,1450900.0,0.0038278431342804,0.0038205355849154,0.410003662109375,81.61019875681069,AME
2019-02-12,76.56999969482422,77.88999938964844,76.44000244140625,77.33999633789062,73.93281555175781,1929400.0,0.0169625249032205,0.0168202677180943,1.4499969482421875,84.78484799252315,AME
2019-02-13,78.20999908447266,79.37999725341797,76.7699966430664,78.7699966430664,75.29983520507812,2595300.0,0.0184900256147191,0.01832116342589,2.6100006103515625,86.15089323011156,AME
2019-02-14,78.56999969482422,78.79000091552734,77.87999725341797,77.91000366210938,74.47770690917969,1137200.0,-0.0109180623524524,-0.0109781018048146,0.910003662109375,79.3932455638237,AME
2019-02-15,78.63999938964844,79.22000122070312,78.43000030517578,79.01000213623047,75.52925872802734,2697500.0,0.0141190144338083,0.0140202695180241,0.7900009155273438,89.76650250963951,AME
2019-02-19,78.55999755859375,79.45999908447266,78.4800033569336,79.04000091552734,75.55792999267578,878100.0,0.0003796047403521,0.0003795327087011,0.9799957275390624,88.06273122864256,AME
2019-02-20,79.20999908447266,79.91999816894531,78.83000183105469,79.80999755859375,76.29402160644531,967200.0,0.0097420828474374,0.0096949347249645,1.089996337890625,87.99992271076857,AME
2019-02-21,79.72000122070312,79.94999694824219,79.08999633789062,79.26000213623047,75.76824188232422,1076300.0,-0.0068914931085068,-0.0069153491126406,0.8600006103515625,82.64868244342239,AME
2019-02-22,79.37999725341797,79.75,79.08000183105469,79.4000015258789,75.90208435058594,1032300.0,0.001766471874451,0.0017649134979583,0.6699981689453125,81.96355335613201,AME
2019-02-25,79.94999694824219,80.41000366210938,79.58000183105469,79.7699966430664,76.25579071044922,1156500.0,0.004660034871105,0.00464921052347,0.8300018310546875,82.11629022559438,AME
2019-02-26,79.45999908447266,79.83000183105469,79.04000091552734,79.12999725341797,75.64395141601562,996800.0,-0.0080235125586305,-0.0080558741542041,0.7900009155273438,73.79040837267677,AME
2019-02-27,78.94000244140625,79.77999877929688,78.69999694824219,79.63999938964844,76.13150024414062,1025000.0,0.0064453114756479,0.0064246292768787,1.0800018310546875,77.52154927235655,AME
2019-02-28,79.48999786376953,79.81999969482422,79.01000213623047,79.58000183105469,76.07415008544922,1376300.0,-0.0007533039347378,-0.000753587810719,0.80999755859375,75.71890001478623,AME
2019-03-01,79.95999908447266,80.05999755859375,79.04000091552734,79.56999969482422,76.06458282470703,2015700.0,-0.0001257623086349,-0.0001257702173771,1.0199966430664062,73.66424663143191,AME
2019-03-04,80.0,80.5,78.93000030517578,79.5,75.99768829345703,1792700.0,-0.0008794438721126,-0.0008798308097513,1.5699996948242188,72.03053730780404,AME
2019-03-05,79.55999755859375,79.75,79.11000061035156,79.1500015258789,75.66307830810547,938900.0,-0.0044028968889092,-0.0044126181844853,0.6399993896484375,63.13471613621384,AME
2019-03-06,79.3499984741211,79.61000061035156,79.20999908447266,79.26000213623047,75.76824188232422,1023100.0,0.0013898928852791,0.0013889278782303,0.4000015258789062,54.39839524304187,AME
2019-03-07,79.20999908447266,79.22000122070312,78.05000305175781,78.93000030517578,75.45279693603516,1514600.0,-0.004163287129969,-0.0041719777392206,1.1699981689453125,60.11911077048295,AME
2019-03-08,78.16000366210938,78.80999755859375,77.91000366210938,78.63999938964844,75.17558288574219,895600.0,-0.0036740062867116,-0.003680772024468,0.899993896484375,45.62685488633427,AME
2019-03-11,78.58000183105469,80.18000030517578,78.33999633789062,80.08999633789062,76.56167602539062,1506600.0,0.0184380763865195,0.0182701560013669,1.840003967285156,59.29197289596985,AME
2019-03-12,80.45999908447266,80.66000366210938,80.06999969482422,80.13999938964844,76.60948944091797,968300.0,0.0006245084748599,0.0006243135505927,0.5900039672851562,53.34687765591485,AME
2019-03-13,80.5999984741211,81.44000244140625,80.31999969482422,81.08999633789062,77.5176010131836,1411000.0,0.0118537739762116,0.011784068306914,1.1200027465820312,67.16673804126151,AME
2019-03-14,80.69999694824219,81.05000305175781,80.16999816894531,80.6500015258789,77.2303466796875,1124500.0,-0.0037056659357561,-0.0037125489250705,0.8800048828125,62.653464080029536,AME
2019-03-15,80.72000122070312,81.0999984741211,80.5199966430664,80.80999755859375,77.38356018066406,1868500.0,0.0019838510062892,0.0019818857726063,0.5800018310546875,61.170195884032296,AME
2019-03-18,80.80000305175781,81.76000213623047,80.80000305175781,81.76000213623047,78.29326629638672,929500.0,0.0117558059308566,0.0116872432608139,0.9599990844726562,74.7785457301105,AME
2019-03-19,82.16000366210938,82.31999969482422,80.83000183105469,81.08999633789062,77.65167999267578,1311600.0,-0.0081946549692044,-0.0082284157192059,1.4899978637695312,63.819758385016485,AME
2019-03-20,81.0,81.44999694824219,80.18000030517578,80.86000061035156,77.43142700195312,1110700.0,-0.0028364227373243,-0.0028404530071334,1.2699966430664062,61.98388415778491,AME
2019-03-21,80.55000305175781,82.16999816894531,80.55000305175781,82.13999938964844,78.65717315673828,809300.0,0.015830086080607,0.0157060970607994,1.6199951171875,68.84395191968574,AME
2019-03-22,82.1500015258789,82.30999755859375,79.36000061035156,79.41000366210938,76.04293060302734,1596000.0,-0.0332359077855696,-0.0338007717047424,2.9499969482421875,50.23997526595573,AME
2019-03-25,79.5199966430664,79.83000183105469,79.12000274658203,79.62000274658203,76.2440185546875,1131800.0,0.0026444003415637,0.0026409100667491,0.7099990844726562,53.125710668670976,AME
2019-03-26,80.25,80.73999786376953,79.9000015258789,80.6500015258789,77.2303466796875,889800.0,0.0129364656231036,0.0128535042701131,0.839996337890625,57.18542914755399,AME
2019-03-27,80.73999786376953,80.9800033569336,80.11000061035156,80.68000030517578,77.25907897949219,924500.0,0.0003720338058801,0.0003719646184632,0.8700027465820312,59.13427816775067,AME
2019-03-28,81.05000305175781,82.31999969482422,81.05000305175781,82.2300033569336,78.74336242675781,903100.0,0.0192117673012852,0.0190295513943915,1.2699966430664062,66.07911581298498,AME
2019-03-29,82.75,83.12000274658203,82.5999984741211,82.97000122070312,79.45197296142578,1286500.0,0.008998987506116,0.0089587379082489,0.5200042724609375,63.873022243738525,AME
2019-04-01,83.72000122070312,84.06999969482422,83.41000366210938,84.0,80.43830871582031,1188800.0,0.0124142386605479,0.0123378138536094,0.6599960327148438,66.85888817894808,AME
2019-04-02,84.0,84.01000213623047,83.41000366210938,83.72000122070312,80.17018127441406,1286900.0,-0.0033333301717408,-0.0033388980933482,0.5999984741210938,62.377296452908965,AME
2019-04-03,84.19999694824219,84.62999725341797,83.86000061035156,84.33000183105469,80.7542953491211,1498700.0,0.0072859268299227,0.0072595126884406,0.7699966430664062,65.99995981746042,AME
2019-04-04,84.58999633789062,84.73999786376953,83.61000061035156,84.01000213623047,80.44789123535156,979000.0,-0.0037942763594787,-0.0038014928861393,1.1299972534179688,63.722247883828544,AME
2019-04-05,84.08000183105469,84.31999969482422,83.87999725341797,84.29000091552734,80.71601104736328,644500.0,0.003332838286927,0.0033272966908191,0.44000244140625,61.51060100130637,AME
2019-04-08,84.05999755859375,84.66000366210938,83.5999984741211,84.62000274658203,81.0320053100586,755700.0,0.0039148894822105,0.0039072462441753,1.0600051879882812,66.57285508879184,AME
2019-04-09,84.16999816894531,84.16999816894531,83.41999816894531,83.55000305175781,80.00739288330078,642000.0,-0.0126445399300839,-0.0127251624693801,0.75,61.70602107546298,AME
2019-04-10,83.79000091552734,84.12999725341797,83.44000244140625,84.04000091552734,80.47660827636719,560600.0,0.0058646504548749,0.0058475203345446,0.6899948120117188,58.87857774177191,AME
2019-04-11,84.12999725341797,84.87000274658203,83.95999908447266,84.80000305175781,81.20437622070312,487900.0,0.0090432233654367,0.0090025782789701,0.910003662109375,80.87087385817819,AME
2019-04-12,85.04000091552734,85.91999816894531,85.0,85.80999755859375,82.1715316772461,1260000.0,0.0119101395953631,0.0118397720565343,0.9199981689453124,82.47667282259474,AME
2019-04-15,85.93000030517578,86.20999908447266,85.3499984741211,85.62000274658203,81.98961639404297,661800.0,-0.0022138480260737,-0.0022163022104114,0.8600006103515625,78.59660896982766,AME
2019-04-16,86.01000213623047,86.25,85.41999816894531,85.91000366210938,82.26729583740234,690400.0,0.0033867635387492,0.0033810413712279,0.8300018310546875,79.21832478583784,AME
2019-04-17,86.7300033569336,86.7300033569336,85.69999694824219,85.75,82.11408233642578,601700.0,-0.0018623864977813,-0.0018641228957459,1.0300064086914062,73.28081444673373,AME
2019-04-18,86.19999694824219,86.55999755859375,85.7699966430664,86.48999786376953,82.8227310180664,954000.0,0.0086300505525624,0.0085930245380443,0.7900009155273438,73.28095524149778,AME
2019-04-22,86.0199966430664,86.7300033569336,85.70999908447266,86.62000274658203,82.94720458984375,456200.0,0.0015028914193881,0.0015017632083233,1.0200042724609375,69.67008173187351,AME
2019-04-23,86.5199966430664,87.58999633789062,86.41999816894531,87.29000091552734,83.58880615234375,753400.0,0.0077350594956464,0.0077052972993299,1.1699981689453125,75.31971303805365,AME
2019-04-24,87.29000091552734,87.7699966430664,87.08000183105469,87.0999984741211,83.4068603515625,700600.0,-0.0021766766288018,-0.0021790490326375,0.6899948120117188,70.89045993296826,AME
2019-04-25,86.48999786376953,86.91999816894531,85.47000122070312,85.91000366210938,82.26729583740234,1107100.0,-0.0136627192218584,-0.0137569131173141,1.4499969482421875,62.666583098474845,AME
2019-04-26,85.98999786376953,87.33999633789062,85.72000122070312,87.30000305175781,83.598388671875,1048200.0,0.0161800970959773,0.0160505943686669,1.6199951171875,67.47980193823665,AME
2019-04-29,87.79000091552734,87.9800033569336,87.08999633789062,87.44000244140625,83.73246002197266,1050000.0,0.0016037551946592,0.0016024705526145,0.8900070190429688,66.74605517643363,AME
2019-04-30,87.86000061035156,88.23999786376953,87.38999938964844,88.16999816894531,84.43150329589844,1689100.0,0.0083485338152293,0.0083138775591492,0.8499984741210938,78.58917029448162,AME
2019-05-01,88.5,88.76000213623047,86.31999969482422,86.36000061035156,82.69823455810547,1709100.0,-0.0205286968741816,-0.0207423394990861,2.44000244140625,62.34039108792147,AME
2019-05-02,86.44999694824219,87.3499984741211,86.12000274658203,87.0199966430664,83.33024597167969,973900.0,0.0076423809643741,0.007613325910272,1.2299957275390625,61.93546397369625,AME
2019-05-03,87.55000305175781,87.72000122070312,87.0999984741211,87.3499984741211,83.64627075195312,1048800.0,0.0037924378668081,0.0037852647044497,0.6200027465820312,58.93288081327909,AME
2019-05-06,85.77999877929688,86.58000183105469,85.25,86.5199966430664,82.85145568847656,953300.0,-0.0095020980174181,-0.0095475309855204,1.3300018310546875,54.85956421673012,AME
2019-05-07,85.48999786376953,86.52999877929688,84.83999633789062,85.45999908447266,81.83638763427734,1461200.0,-0.0122516622763503,-0.0123273325838275,1.69000244140625,47.75681811321714,AME
2019-05-08,85.4000015258789,86.12000274658203,84.88999938964844,85.48999786376953,81.8651123046875,947000.0,0.0003510012017946,0.0003509396152836,1.2300033569335938,48.68691599690651,AME
2019-05-09,84.44000244140625,85.5999984741211,83.95999908447266,85.44999694824219,81.82681274414062,608000.0,-0.0004678373909062,-0.0004679468609625,1.6399993896484375,44.34779973067647,AME
2019-05-10,84.87000274658203,85.8499984741211,83.5,85.58000183105469,81.95130920410156,749400.0,0.0015214629017779,0.0015203066497449,2.3499984741210938,44.34794431339133,AME
2019-05-13,83.7699966430664,84.48999786376953,83.16000366210938,84.11000061035156,80.54364776611328,1241600.0,-0.0171768023190754,-0.0173260349497307,1.3299942016601562,34.100196230431735,AME
2019-05-14,84.44999694824219,85.86000061035156,84.44999694824219,85.0199966430664,81.4150390625,923400.0,0.0108188705199583,0.0107607652535232,1.410003662109375,40.2985008071205,AME
2019-05-15,84.56999969482422,86.13999938964844,84.0,85.7699966430664,82.13325500488281,943100.0,0.0088216618287373,0.0087829783055373,2.139999389648437,49.3191877528972,AME
2019-05-16,86.12000274658203,86.73999786376953,85.76000213623047,86.58999633789062,82.91850280761719,693800.0,0.0095606560666283,0.0095152422223982,0.9799957275390624,46.34404702515359,AME
2019-05-17,85.68000030517578,86.55999755859375,85.62000274658203,85.9000015258789,82.25773620605469,757900.0,-0.0079688679750473,-0.0080007891000331,0.9399948120117188,42.49507100164856,AME
2019-05-20,85.31999969482422,85.91000366210938,84.8499984741211,85.16000366210938,81.54914093017578,786400.0,-0.0086143298923748,-0.0086516476986082,1.0600051879882812,35.34578860686139,AME
2019-05-21,85.76000213623047,86.5999984741211,85.63999938964844,86.47000122070312,82.8035888671875,1090400.0,0.0153827241182811,0.01526560951827,0.9599990844726562,50.56304478833936,AME
2019-05-22,86.12000274658203,86.4000015258789,85.58999633789062,85.61000061035156,81.98003387451172,1040500.0,-0.0099458852441374,-0.0099956759778215,0.8100051879882812,42.92883485098511,AME
2019-05-23,84.63999938964844,84.88999938964844,84.0999984741211,84.87000274658203,81.27142333984375,1224100.0,-0.0086436965341176,-0.0086812699511619,0.7900009155273438,38.05396203069905,AME
2019-05-24,85.33000183105469,85.66999816894531,84.43000030517578,84.48999786376953,80.90750885009766,1031600.0,-0.00447776690491,-0.0044878221310039,1.2399978637695312,39.77837917203897,AME
2019-05-28,84.83999633789062,85.1500015258789,83.81999969482422,83.93000030517578,80.37127685546875,1544500.0,-0.0066277160457679,-0.0066497768851065,1.3300018310546875,41.88768005434264,AME
2019-05-29,83.41999816894531,83.91000366210938,82.91000366210938,83.38999938964844,79.85417938232422,2141100.0,-0.0064338591269916,-0.0064546456047718,1.0,39.43674841477285,AME
2019-05-30,83.6500015258789,84.27999877929688,83.30000305175781,83.80999755859375,80.2563705444336,521600.0,0.0050365699731729,0.0050239288820185,0.9799957275390624,42.05436695027982,AME
2019-05-31,82.23999786376953,82.83999633789062,81.83000183105469,81.88999938964844,78.41777038574219,1078900.0,-0.0229090867954646,-0.0231755778350505,1.0099945068359375,34.764667956157325,AME
2019-06-03,81.87999725341797,82.91999816894531,81.62000274658203,82.18000030517578,78.69548034667969,1372700.0,0.0035414161811975,0.0035351601327433,1.2999954223632812,41.1710979498861,AME
2019-06-04,82.95999908447266,83.80000305175781,82.19000244140625,83.66999816894531,80.1222915649414,1379000.0,0.0181307898747951,0.0179683871595203,1.6100006103515625,44.13560143284822,AME
2019-06-05,84.16000366210938,84.43000030517578,82.80000305175781,84.37000274658203,80.79261016845703,1159900.0,0.0083661936075842,0.0083313909854313,1.6299972534179688,43.89177674870012,AME
2019-06-06,84.44000244140625,84.44000244140625,83.25,83.94000244140625,80.38086700439453,1153700.0,-0.005096297337145,-0.0051093277505128,1.19000244140625,38.03069004009527,AME
2019-06-07,84.08000183105469,86.06999969482422,83.97000122070312,85.7699966430664,82.13325500488281,973800.0,0.0218010587070736,0.0215668140336886,2.0999984741210938,49.46767485230229,AME
2019-06-10,86.29000091552734,87.11000061035156,86.19999694824219,86.4800033569336,82.81315612792969,1308800.0,0.0082780248147531,0.0082439498869154,0.910003662109375,55.41866910524275,AME
2019-06-11,87.27999877929688,87.66000366210938,86.02999877929688,86.30000305175781,82.64079284667969,890900.0,-0.002081351433868,-0.002083520455951,1.6300048828125,49.23074704563316,AME
2019-06-12,86.12000274658203,86.86000061035156,85.33999633789062,85.5199966430664,81.89385223388672,1048300.0,-0.0090384008558429,-0.0090794950051976,1.5200042724609375,49.589799606068176,AME
2019-06-13,85.83999633789062,86.01000213623047,84.98999786376953,85.68000030517578,82.18161010742188,729600.0,0.0035137909096438,0.0035076319696337,1.0200042724609375,54.513038254524766,AME
2019-06-14,85.33999633789062,85.33999633789062,84.5,84.98999786376953,81.51978302001953,737800.0,-0.0080532260993335,-0.0080858284788337,0.839996337890625,52.94876298341973,AME
2019-06-17,85.19000244140625,85.41000366210938,84.38999938964844,84.44999694824219,81.00183868408203,1118300.0,-0.0063536029752471,-0.0063738730147668,1.0200042724609375,53.04219668030304,AME
2019-06-18,85.08000183105469,86.66000366210938,84.93000030517578,86.51000213623047,82.97772979736328,1325800.0,0.0243931637278937,0.0241004018807994,1.7300033569335938,63.21031967289286,AME
2019-06-19,86.8499984741211,86.95999908447266,85.70999908447266,86.80000305175781,83.2558822631836,882600.0,0.0033521339581064,0.0033465280813431,1.25,62.82023522721195,AME
2019-06-20,87.0,88.73999786376953,86.77999877929688,88.58000183105469,84.96317291259766,1159100.0,0.0205065468409435,0.0202991185739295,1.959999084472656,78.29333526810302,AME
2019-06-21,88.48999786376953,89.81999969482422,87.75,87.76000213623047,84.17666625976562,1715800.0,-0.0092570301445912,-0.0093001427173292,2.0699996948242188,72.69485040472478,AME
2019-06-24,87.68000030517578,88.44000244140625,87.45999908447266,87.8499984741211,84.26299285888672,650200.0,0.0010255407223505,0.0010250152147195,0.9800033569335938,69.28535488492676,AME
2019-06-25,88.11000061035156,88.13999938964844,87.48999786376953,87.55999755859375,83.9848403930664,573900.0,-0.003301003873505,-0.0033064642064897,0.6500015258789062,65.43156239350536,AME
2019-06-26,87.68000030517578,88.12000274658203,87.41000366210938,87.83000183105469,84.24382019042969,706100.0,0.0030836493366088,0.0030789046414749,0.7099990844726562,68.95384295178707,AME
2019-06-27,88.12999725341797,89.19000244140625,87.81999969482422,88.26000213623047,84.65626525878906,671700.0,0.0048958495403823,0.0048839038427144,1.3700027465820312,64.25352355501917,AME
2019-06-28,88.79000091552734,90.87000274658205,88.4000015258789,90.83999633789062,87.13089752197266,4909400.0,0.0292315312472006,0.0288124376129807,2.470001220703139,70.2802071828847,AME
2019-07-01,91.76000213623048,92.3000030517578,90.75,92.11000061035156,88.34904479980469,1684400.0,0.0139806579809973,0.0138838300176312,1.5500030517577983,74.41303034139453,AME
2019-07-02,92.08000183105467,92.12999725341795,90.7300033569336,91.22000122070312,87.49541473388672,1288300.0,-0.0096620180540973,-0.0097089982108712,1.3999938964843608,73.74009439025936,AME
2019-07-03,91.27999877929688,91.91000366210938,91.0,91.91000366210938,88.1572265625,452100.0,0.0075639601300954,0.0075354968237718,0.910003662109375,74.54709679360451,AME
2019-07-05,91.08999633789062,91.38999938964844,89.6500015258789,91.08999633789062,87.37071228027344,652200.0,-0.0089217221649884,-0.0089617590379807,1.7399978637695312,73.79118046158227,AME
2019-07-08,90.77999877929688,91.38999938964844,90.4800033569336,90.5999984741211,86.90069580078125,1025700.0,-0.005379565614441,-0.0053940875822085,0.9099960327148438,74.07992226405928,AME
2019-07-09,89.93000030517578,90.58999633789062,89.83999633789062,90.37000274658205,86.68012237548828,1992600.0,-0.0025382239262919,-0.0025414506779439,0.75,67.64190082320145,AME
2019-07-10,90.7699966430664,91.0,89.55000305175781,89.58000183105469,85.9223861694336,1500800.0,-0.0087417528412369,-0.0087801861092908,1.4499969482421875,62.15055811967832,AME
2019-07-11,89.6500015258789,90.01000213623047,88.91000366210938,89.58999633789062,85.93195343017578,1707800.0,0.0001113477077245,0.0001113415090287,1.0999984741210938,55.22251414413776,AME
2019-07-12,90.18000030517578,91.18000030517578,90.18000030517578,91.0,87.28437042236328,1154300.0,0.01573823168452,0.0156156699800595,1.0,65.78965526063419,AME
2019-07-15,91.19000244140624,91.27999877929688,90.6500015258789,90.9800033569336,87.26521301269531,1005500.0,-0.0002194827043521,-0.0002195067942058,0.6299972534179688,65.35854040648864,AME
2019-07-16,91.0999984741211,91.44000244140624,90.6500015258789,91.3000030517578,87.57213592529297,978200.0,0.003517127868043,0.0035109572381863,0.7900009155273295,68.29776470221974,AME
2019-07-17,91.2300033569336,91.27999877929688,89.25,89.27999877929688,85.63460540771484,1028100.0,-0.0221249658593575,-0.0223733940637982,2.029998779296875,56.0568454950025,AME
2019-07-18,89.30000305175781,89.43000030517578,88.5,88.9000015258789,85.27012634277344,1630800.0,-0.0042562123478713,-0.0042652958028844,0.9300003051757812,52.68457002837383,AME
2019-07-19,89.22000122070312,89.68000030517578,88.66000366210938,88.70999908447266,85.08788299560547,1169600.0,-0.0021372472984897,-0.0021395344709136,1.0199966430664062,38.82468516713185,AME
2019-07-22,88.69999694824219,89.19999694824219,88.41999816894531,88.61000061035156,84.99198150634766,833100.0,-0.0011270874992008,-0.0011277231399763,0.779998779296875,29.066765873676616,AME
2019-07-23,89.0999984741211,89.95999908447266,88.81999969482422,89.80000305175781,86.13338470458984,2048100.0,0.0134295397990802,0.0133401628346455,1.1399993896484375,41.80119773679183,AME
2019-07-24,89.20999908447266,90.11000061035156,88.83999633789062,89.9800033569336,86.30603790283203,764100.0,0.0020044864001842,0.0020024800979429,1.2700042724609375,38.15938825205812,AME
2019-07-25,89.86000061035156,89.87000274658203,88.91000366210938,89.2300033569336,85.58665466308594,970200.0,-0.0083352597017142,-0.0083701922287538,0.9599990844726562,38.489928194950615,AME
2019-07-26,89.08000183105469,89.43000030517578,88.58999633789062,89.27999877929688,85.63460540771484,1580400.0,0.0005602595967522,0.0005601027099398,0.8400039672851562,41.36118731682432,AME
2019-07-29,89.20999908447266,89.20999908447266,88.25,88.55000305175781,84.93443298339844,1606700.0,-0.0081762789818767,-0.0082098880744535,0.9599990844726562,38.8204587495737,AME
2019-07-30,88.98999786376953,92.13999938964844,88.2699966430664,90.75,87.04460144042969,1561900.0,0.0248446758624232,0.0245410653636932,3.8700027465820312,56.12566247408615,AME
2019-07-31,91.30999755859376,91.5199966430664,88.66000366210938,89.61000061035156,85.9511489868164,1271200.0,-0.0125619789799554,-0.012641547700578,2.8599929809570312,50.09369321059374,AME
2019-08-01,89.30000305175781,90.69000244140624,88.13999938964844,88.31999969482422,84.71381378173828,1379200.0,-0.0143957959802016,-0.0145004207698131,2.5500030517577983,37.310597501047006,AME
2019-08-02,87.81999969482422,88.02999877929688,86.16999816894531,86.5,82.96813201904297,1662800.0,-0.0206068135144168,-0.0208220965631309,1.8600006103515625,31.87692862130324,AME
2019-08-05,84.97000122070312,84.97000122070312,83.41999816894531,84.08000183105469,80.6469497680664,1536500.0,-0.02797679295038,-0.0283755992412621,1.5500030517578125,25.034545202507505,AME
2019-08-06,84.5,85.81999969482422,84.12999725341797,85.73999786376953,82.2391357421875,1072300.0,0.0197426682434993,0.0195503094309193,1.69000244140625,37.44668272178888,AME
2019-08-07,84.56999969482422,85.62000274658203,83.80999755859375,85.26000213623047,81.77873992919922,1699600.0,-0.0055982569470522,-0.0056139859181577,1.8100051879882808,37.1829723590716,AME
2019-08-08,85.62000274658203,87.16000366210938,85.51000213623047,86.93000030517578,83.38056182861328,1113500.0,0.0195872655998472,0.0193979038379115,1.6500015258789062,44.32394756305795,AME
2019-08-09,86.55000305175781,86.72000122070312,85.26000213623047,85.33000183105469,81.84590148925781,1281300.0,-0.0184054929074467,-0.0185769814725743,1.4599990844726562,40.45395471842426,AME
2019-08-12,84.86000061035156,85.52999877929688,84.44000244140625,85.04000091552734,81.56771087646484,751100.0,-0.0033989559370847,-0.0034047455105418,1.089996337890625,35.380706691682306,AME
2019-08-13,84.91000366210938,87.37999725341797,84.5999984741211,86.08999633789062,82.57484436035156,907200.0,0.0123472078971547,0.0122716028305462,2.779998779296875,38.65878947004703,AME
2019-08-14,84.66999816894531,84.87999725341797,83.06999969482422,83.33000183105469,79.92755889892578,1178700.0,-0.0320592243549765,-0.0325843757621593,1.80999755859375,34.60329268915403,AME
2019-08-15,83.44000244140625,84.62000274658203,83.12999725341797,84.33000183105469,80.88671875,1460300.0,0.0120003646337698,0.0119289311752581,1.4900054931640625,37.69264998170653,AME
2019-08-16,84.83999633789062,86.0199966430664,84.66999816894531,85.6500015258789,82.15283966064453,1261500.0,0.0156530136246197,0.0155317688013505,1.3499984741210938,42.995152560804335,AME
2019-08-19,86.70999908447266,87.22000122070312,86.33999633789062,86.69999694824219,83.15994262695312,982000.0,0.0122588941595775,0.0121843624161827,0.8800048828125,39.64185393258427,AME
2019-08-20,86.7300033569336,87.11000061035156,86.0,86.20999908447266,82.6899642944336,1013200.0,-0.005651498999077,-0.0056675291443086,1.1100006103515625,41.0052337776461,AME
2019-08-21,87.16000366210938,87.16000366210938,86.0,86.33000183105469,82.80508422851562,814400.0,0.0013921874929359,0.0013912192984295,1.160003662109375,44.38807669582906,AME
2019-08-22,86.66999816894531,86.8499984741211,85.27999877929688,85.7699966430664,82.2679214477539,718700.0,-0.0064870748670373,-0.0065082073789043,1.5699996948242188,47.7837931817194,AME
2019-08-23,85.29000091552734,85.68000030517578,83.2300033569336,83.62000274658203,80.2057113647461,1262200.0,-0.0250670011678545,-0.025386529492076,2.4499969482421875,48.580179567980224,AME
2019-08-26,84.1500015258789,84.5,82.66000366210938,82.95999908447266,79.57268524169922,846600.0,-0.0078925317446297,-0.0079238426302205,1.839996337890625,40.8553978734104,AME
2019-08-27,83.66000366210938,84.12000274658203,83.02999877929688,83.7300033569336,80.31123352050781,1106700.0,0.0092814296333632,0.0092386218398299,1.0900039672851562,45.061402225012266,AME
2019-08-28,83.22000122070312,84.25,82.8499984741211,84.11000061035156,80.67571258544922,840000.0,0.00453833229754,0.0045280651197086,1.4000015258789062,40.07043373828719,AME
2019-08-29,85.06999969482422,86.3499984741211,84.88999938964844,86.11000061035156,82.59403991699219,640700.0,0.0237782508522763,0.0234999512644934,1.4599990844726562,52.67118929214301,AME
2019-08-30,86.87999725341797,87.16999816894531,85.44999694824219,85.93000030517578,82.42140197753906,1052000.0,-0.0020901985134353,-0.0020923860271049,1.720001220703125,53.07120856222041,AME
2019-09-03,85.06999969482422,85.52999877929688,82.76000213623047,83.37999725341797,79.97551727294922,905400.0,-0.0296753591410199,-0.0301245821800836,2.7699966430664062,41.52598399110163,AME
2019-09-04,84.37999725341797,85.23999786376953,84.0199966430664,85.16999816894531,81.69242095947266,1284000.0,0.0214678659803324,0.0212406771011794,1.220001220703125,56.12515953418665,AME
2019-09-05,86.2699966430664,88.38999938964844,86.2699966430664,88.33000183105469,84.72339630126953,1922200.0,0.0371022832497587,0.0364305581825856,2.1200027465820312,61.64148070228399,AME
2019-09-06,88.73999786376953,89.56999969482422,88.2699966430664,89.2699966430664,85.62500762939453,1685400.0,0.0106418223004061,0.0105855966532791,1.3000030517578125,60.77378331415801,AME
2019-09-09,89.80000305175781,90.0,89.33000183105469,89.7699966430664,86.1045913696289,775500.0,0.0056009774890779,0.0055853503390506,0.6699981689453125,59.44618240218664,AME
2019-09-10,90.0,90.0,87.72000122070312,88.4000015258789,84.79055786132812,1278400.0,-0.0152608994177779,-0.015378545400324,2.279998779296875,56.39235895223719,AME
2019-09-11,88.29000091552734,88.29000091552734,86.95999908447266,88.0999984741211,84.5027847290039,1274700.0,-0.0033939289890609,-0.0033997014305908,1.3300018310546875,55.11258339617197,AME
2019-09-12,88.54000091552734,90.12000274658205,87.72000122070312,89.81999969482422,86.1525650024414,2001000.0,0.0195233835042034,0.0193352470167206,2.4000015258789205,60.9637982430981,AME
2019-09-13,90.30999755859376,91.06999969482422,89.8499984741211,90.6999969482422,87.13243103027344,773900.0,0.0113736140973197,0.0113094208295845,1.220001220703125,70.82168099195616,AME
2019-09-16,90.27999877929688,91.0199966430664,90.19000244140624,90.86000061035156,87.28614807128906,1480700.0,0.0017641771174985,0.0017626227848578,0.8299942016601705,73.87459719753862,AME
2019-09-17,90.58999633789062,90.73999786376952,90.0199966430664,90.38999938964844,86.83462524414062,1043100.0,-0.0051729035720498,-0.0051863293579439,0.7200012207031108,70.5563505297798,AME
2019-09-18,89.88999938964844,90.22000122070312,88.80999755859375,90.0199966430664,86.47918701171875,793700.0,-0.0040932776691617,-0.0041016780614621,1.410003662109375,68.29819099592167,AME
2019-09-19,90.01000213623047,90.8000030517578,89.73999786376953,90.20999908447266,86.66171264648438,1040100.0,0.0021106307895897,0.0021084065375913,1.060005187988267,64.40164189489971,AME
2019-09-20,90.69000244140624,91.1500015258789,89.16000366210938,89.87999725341797,86.34469604492188,2180300.0,-0.0036580929672563,-0.0036648001513329,1.9899978637695312,63.74989571947148,AME
2019-09-23,89.37000274658203,90.08000183105467,88.80000305175781,89.44999694824219,85.93161010742188,1041600.0,-0.0047841495357756,-0.0047956302106452,1.2799987792968608,74.34270879001292,AME
2019-09-24,89.73999786376953,91.04000091552734,89.37000274658203,89.87999725341797,86.34469604492188,1795500.0,0.0048071476489688,0.0047956302106452,1.6699981689453125,71.28210640791445,AME
2019-09-25,89.5,90.68000030517578,88.6500015258789,90.51000213623048,86.9499282836914,778200.0,0.0070094894821872,0.0069850372095884,2.029998779296875,63.09066703030129,AME
2019-09-26,90.44000244140624,90.6999969482422,89.87999725341797,90.16999816894533,86.62328338623047,763100.0,-0.0037567011716811,-0.0037637752959994,0.819999694824233,56.29484946743513,AME
2019-09-27,91.0,91.87000274658205,90.43000030517578,91.37000274658205,87.77606964111328,1380400.0,0.0133080415544033,0.0132202674461746,1.4400024414062642,59.7150631281329,AME
2019-09-30,91.19000244140624,91.98999786376952,90.81999969482422,91.81999969482422,88.20838928222656,1128400.0,0.004925256312807,0.0049131669172648,1.1699981689452983,72.13393545326983,AME
2019-10-01,92.23999786376952,92.86000061035156,88.55999755859375,88.80000305175781,85.30717468261719,2164300.0,-0.0328904611366024,-0.0334435129396505,4.3000030517578125,53.89186942472254,AME
2019-10-02,87.3499984741211,87.66000366210938,85.18000030517578,86.30000305175781,82.90550994873047,1492100.0,-0.028153138851709,-0.0285570371930036,2.4800033569335938,35.355314229085806,AME
2019-10-03,86.0,87.41999816894531,85.19000244140625,87.38999938964844,83.95263671875,791500.0,0.0126303640212463,0.0125512662992818,2.2299957275390625,35.74515560614435,AME
2019-10-04,87.6500015258789,88.9000015258789,87.30999755859375,88.83000183105469,85.33600616455078,724700.0,0.016477974961468,0.0163436863271404,1.5900039672851562,42.1257506612473,AME
2019-10-07,88.68000030517578,89.02999877929688,87.62000274658203,88.0,84.53861999511719,837600.0,-0.0093440764956356,-0.0093880062478804,1.4099960327148438,40.98113044697861,AME
2019-10-08,87.12000274658203,87.12000274658203,85.95999908447266,85.9800033569336,82.59809112548828,1029900.0,-0.0229543476075312,-0.023221900914892,1.160003662109375,36.44299562458059,AME
2019-10-09,86.72000122070312,87.31999969482422,86.2699966430664,86.93000030517578,83.51073455810547,861000.0,0.0110492073143753,0.0109886107771146,1.0500030517578125,39.5275326201999,AME
2019-10-10,86.87000274658203,88.30999755859375,86.7300033569336,87.94999694824219,84.4906005859375,675900.0,0.0117334140696636,0.01166511133051,1.5799942016601562,44.09785198922449,AME
2019-10-11,88.86000061035156,90.06999969482422,88.41999816894531,88.51000213623047,85.02857208251953,1214600.0,0.0063672348504002,0.006347049647887,1.6500015258789062,47.148032081175415,AME
2019-10-14,87.94999694824219,88.70999908447266,87.68000030517578,88.36000061035156,84.88446807861328,688800.0,-0.0016947715382824,-0.001696209288234,1.029998779296875,45.308612621975584,AME
2019-10-15,88.62000274658203,89.73999786376953,88.11000061035156,89.05999755859375,85.55696105957031,714700.0,0.0079224503160486,0.0078912324793195,1.6299972534179688,45.543964843549794,AME
2019-10-16,88.83000183105469,89.31999969482422,88.19000244140625,88.54000091552734,85.05741882324219,666600.0,-0.0058387094415416,-0.0058558213456468,1.1299972534179688,45.045678314399474,AME
2019-10-17,89.23999786376953,90.37000274658205,88.4800033569336,88.51000213623047,85.02857208251953,779200.0,-0.0003391443229967,-0.0003392018454386,1.889999389648452,40.64144996715204,AME
2019-10-18,88.4800033569336,88.87000274658203,88.05999755859375,88.3499984741211,84.87486267089844,1299700.0,-0.0018077383620169,-0.0018093742928636,0.8100051879882812,38.42563011987298,AME
2019-10-21,88.81999969482422,89.33000183105469,88.02999877929688,88.2300033569336,84.75959777832031,2047900.0,-0.0013580568963635,-0.0013589798913782,1.3000030517578125,47.64270483952972,AME
2019-10-22,88.27999877929688,89.19999694824219,87.87999725341797,88.37999725341797,84.90370178222656,1883200.0,0.0017001496902231,0.0016987060717519,1.3199996948242188,60.67757361784359,AME
2019-10-23,88.4800033569336,89.0199966430664,88.05000305175781,89.0,85.49932861328125,928500.0,0.0070153222833844,0.0069908293936401,0.9699935913085938,58.68395621868724,AME
2019-10-24,89.36000061035156,89.51000213623047,88.69000244140625,89.12000274658203,85.61459350585938,406700.0,0.0013481379847961,0.0013472300626943,0.8199996948242188,51.82384772682093,AME
2019-10-25,89.25,90.76000213623048,88.83999633789062,89.95999908447266,86.42157745361328,898900.0,0.0094257756149793,0.00938163017852,1.920005798339858,62.31182050102714,AME
2019-10-28,90.4800033569336,91.1999969482422,90.38999938964844,90.4000015258789,86.84424591064453,1155200.0,0.0048907746130659,0.0048788536276762,0.8099975585937642,84.639361077087,AME
2019-10-29,89.95999908447266,92.29000091552734,89.95999908447266,91.62999725341795,88.02583312988281,1444000.0,0.0136058204760511,0.0135140923879922,2.3300018310546875,85.28505144865926,AME
2019-10-30,91.62999725341795,91.62999725341795,90.4499969482422,91.30999755859376,87.71845245361328,1080400.0,-0.0034919371432245,-0.00349804818613,1.1800003051757528,78.18814885290203,AME
2019-10-31,93.8000030517578,94.0,90.95999908447266,91.6500015258789,88.0450668334961,1998500.0,0.0037234398321781,0.003716524989438,3.040000915527344,77.35210776527624,AME
2019-11-01,92.4800033569336,94.1999969482422,91.8499984741211,94.1999969482422,90.49476623535156,1109500.0,0.027823244276572,0.0274432108841598,2.349998474121108,85.87245293695821,AME
2019-11-04,94.73999786376952,95.81999969482422,94.4499969482422,95.62000274658205,91.85892486572266,1758600.0,0.0150744478064432,0.0149619573965024,1.370002746582017,87.02049904402334,AME
2019-11-05,95.5199966430664,96.87000274658205,95.51000213623048,96.25,92.46414184570312,1624400.0,0.0065885484819809,0.0065669388618529,1.3600006103515625,92.97675711665002,AME
2019-11-06,96.4499969482422,96.4800033569336,95.45999908447266,96.37000274658205,92.57939910888672,1198700.0,0.0012465076826855,0.0012457314369812,1.0200042724609375,93.37792231699086,AME
2019-11-07,97.13999938964844,97.3000030517578,96.04000091552734,96.1999969482422,92.4161148071289,1032200.0,-0.0017637217710364,-0.0017652789595134,1.2600021362304543,93.27530876629204,AME
2019-11-08,95.8499984741211,96.56999969482422,95.5500030517578,96.54000091552734,92.74273681640624,606100.0,0.0035342538469507,0.0035280230483237,1.0199966430664205,94.72612904659806,AME
2019-11-11,95.6999969482422,96.48999786376952,95.6999969482422,96.36000061035156,92.56980895996094,431000.0,-0.0018645972976581,-0.0018663378231219,0.7900009155273153,92.811663312104,AME
2019-11-12,96.56999969482422,97.06999969482422,96.16000366210938,96.25,92.46414184570312,1456200.0,-0.0011414857116482,-0.0011421377026694,0.9099960327148438,91.14698739572324,AME
2019-11-13,95.58000183105467,96.62000274658205,95.33000183105467,96.0500030517578,92.27200317382812,954300.0,-0.0020779803720627,-0.0020801423688532,1.2900009155273722,88.97686401961096,AME
2019-11-14,95.80999755859376,97.5199966430664,95.79000091552734,97.0,93.18465423583984,1113800.0,0.0098908773042718,0.0098422827431831,1.7299957275390625,89.11158527115379,AME
2019-11-15,97.38999938964844,98.25,97.33000183105467,98.16999816894533,94.30860900878906,1325400.0,0.0120615865580679,0.0119894252962812,0.9199981689453268,89.92850677181845,AME
2019-11-18,97.83000183105467,98.13999938964844,97.0199966430664,97.36000061035156,93.5304718017578,897200.0,-0.0082509668545609,-0.0082851944856377,1.1200027465820312,80.77379784520627,AME
2019-11-19,98.08999633789062,99.2300033569336,97.62999725341795,99.18000030517578,95.27888488769533,1706700.0,0.018693512950981,0.018520936625591,1.6000061035156392,86.4016356769171,AME
2019-11-20,98.69000244140624,99.08999633789062,97.31999969482422,98.48999786376952,94.61600494384766,1367600.0,-0.0069572596764645,-0.0069815742483888,1.7699966430664062,80.64514981241416,AME
2019-11-21,98.48999786376952,98.7300033569336,97.2699966430664,97.87000274658205,94.02042388916016,1342900.0,-0.0062947178444171,-0.0063146131148064,1.4600067138671875,69.88102746426816,AME
2019-11-22,98.25,98.43000030517578,97.33999633789062,97.9000015258789,94.04925537109376,583900.0,0.0003066512651292,0.0003066042572398,1.0900039672851562,64.54100936306256,AME
2019-11-25,98.04000091552734,99.04000091552734,97.6500015258789,98.70999908447266,94.827392578125,1150100.0,0.008273720020014,0.0082396804256926,1.3899993896484375,65.33685467627603,AME
2019-11-26,98.76000213623048,99.27999877929688,98.23999786376952,99.26000213623048,95.35577392578124,1498100.0,0.0055720328619277,0.0055565665128922,1.040000915527358,67.1009435230184,AME
2019-11-27,99.43000030517578,99.73999786376952,98.68000030517578,99.48999786376952,95.5767059326172,532900.0,0.0023169232206947,0.0023142432927494,1.0599975585937358,69.33023003190712,AME
2019-11-29,98.97000122070312,99.41999816894533,98.55999755859376,99.01000213623048,95.1155776977539,526200.0,-0.0048246926943517,-0.0048363690959878,0.8600006103515625,64.27743149185115,AME
2019-12-02,99.0,99.16000366210938,97.5,97.54000091552734,93.7033920288086,1153500.0,-0.0148470492754906,-0.0149583699413678,1.660003662109375,55.935599696071165,AME
2019-12-03,96.5199966430664,97.27999877929688,95.8499984741211,96.87000274658205,93.05974578857422,1231700.0,-0.0068689748182914,-0.0068926748179718,1.4300003051757812,52.952334994550405,AME
2019-12-04,97.66999816894533,98.54000091552734,96.66999816894533,96.6999969482422,92.89645385742188,976000.0,-0.0017546999486043,-0.0017562412378231,1.870002746582017,53.10420209626937,AME
2019-12-05,96.83999633789062,97.72000122070312,96.58999633789062,97.68000030517578,93.97396087646484,1088900.0,0.0115990113109887,0.0115322584614642,1.1300048828125,53.86044255382661,AME
2019-12-06,98.68000030517578,98.95999908447266,98.47000122070312,98.5500030517578,94.81095123291016,1074800.0,0.0089066199683291,0.0088671899810226,0.4899978637695312,52.52787872877755,AME
2019-12-09,98.37000274658205,98.98999786376952,98.0999984741211,98.33000183105467,94.59928131103516,556400.0,-0.002232547180705,-0.0022350430295876,0.8899993896484233,55.70361757169068,AME
2019-12-10,98.33000183105467,98.38999938964844,97.66000366210938,98.08000183105467,94.35877990722656,742100.0,-0.0025423174518403,-0.0025455546286379,0.7299957275390625,44.14815361145287,AME
2019-12-11,98.55999755859376,98.70999908447266,97.68000030517578,98.66999816894533,94.9263916015625,822900.0,0.0060154624179542,0.0059974417562008,1.029998779296875,51.99826711737332,AME
2019-12-12,98.79000091552734,99.83999633789062,98.25,99.3000030517578,95.53247833251952,761000.0,0.0063848074358601,0.0063645109000345,1.589996337890625,59.72144557132391,AME
2019-12-13,98.83000183105467,99.45999908447266,97.7300033569336,98.55999755859376,94.8205337524414,851500.0,-0.0074523826085621,-0.0074802903510693,1.7299957275390625,54.55837514011992,AME
2019-12-16,99.38999938964844,99.8000030517578,99.0,99.26000213623048,95.49402618408205,870100.0,0.0071028120702103,0.0070777059133325,0.8000030517577983,53.98925266286516,AME
2019-12-17,99.61000061035156,100.05999755859376,99.0199966430664,99.1999969482422,95.43626403808594,1142500.0,-0.0006048770619929,-0.0006050600739265,1.040000915527358,50.51041636428738,AME
2019-12-18,99.55999755859376,99.68000030517578,98.70999908447266,98.95999908447266,95.20539093017578,874900.0,-0.0024191339658687,-0.0024220647981125,0.970001220703125,47.64832480167139,AME
2019-12-19,98.5199966430664,99.76000213623048,98.37000274658205,99.55999755859376,95.78262329101562,906300.0,0.0060630218016035,0.0060447156414206,1.3899993896484375,54.16341663880929,AME
2019-12-20,100.33000183105467,100.58999633789062,99.5199966430664,99.77999877929688,95.9942855834961,1536900.0,0.0022098193305624,0.0022073812709457,1.0699996948242188,66.81939782845416,AME
2019-12-23,100.0999984741211,100.33999633789062,99.3499984741211,100.13999938964844,96.3406219482422,466300.0,0.0036078852260936,0.0036013924203702,0.9899978637695312,75.18728028610693,AME
2019-12-24,100.08999633789062,100.13999938964844,99.4499969482422,99.70999908447266,95.92691802978516,180500.0,-0.0042941794446719,-0.0043034259133815,0.6900024414062358,72.40349288034021,AME
2019-12-26,100.13999938964844,100.13999938964844,99.2300033569336,100.06999969482422,96.2732925415039,621000.0,0.0036108166386747,0.003604313290506,0.9099960327148438,69.0586827680235,AME
2019-12-27,100.33999633789062,100.87999725341795,99.61000061035156,99.9499969482422,96.1578140258789,339400.0,-0.0011994865094617,-0.0012002064691838,1.269996643066392,62.68058061624385,AME
2019-12-30,100.11000061035156,100.20999908447266,99.5199966430664,99.93000030517578,96.13855743408205,460900.0,-0.0002002602907723,-0.0002002803455418,0.69000244140625,65.03693722162939,AME
2019-12-31,99.87999725341795,100.43000030517578,99.55999755859376,99.73999786376952,95.9557876586914,641100.0,-0.0019011079453314,-0.0019029173446473,0.870002746582017,65.77888469940487,AME
2020-01-02,100.1500015258789,100.8000030517578,99.44000244140624,100.8000030517578,96.97557830810548,1108200.0,0.0106277138075443,0.0105716366221106,1.3600006103515625,68.5858374771129,AME
2020-01-03,99.29000091552734,101.02999877929688,99.19000244140624,100.94000244140624,97.11026763916016,785500.0,0.0013888994879385,0.0013879358591971,1.8399963378906392,65.648428679958,AME
2020-01-06,100.30999755859376,101.08999633789062,99.88999938964844,101.0500030517578,97.21609497070312,1157800.0,0.0010897645956058,0.0010891712332133,1.1999969482421875,77.00593631576831,AME
2020-01-07,100.5,101.77999877929688,100.30999755859376,101.62999725341795,97.7740707397461,1265600.0,0.0057395410627336,0.0057231326514903,1.4700012207031108,76.39103773251622,AME
2020-01-08,101.54000091552734,102.30999755859376,101.0,101.86000061035156,97.99534606933594,874000.0,0.0022631289452887,0.0022605719261599,1.3099975585937642,78.54050521758646,AME
2020-01-09,101.81999969482422,101.97000122070312,100.97000122070312,101.36000061035156,97.51432800292967,764200.0,-0.0049085807204142,-0.0049206673711805,1.0,74.38988419042056,AME
2020-01-10,101.61000061035156,101.61000061035156,100.58999633789062,100.76000213623048,96.93708038330078,840700.0,-0.0059196184955666,-0.0059372088904374,1.0200042724609375,62.19478189669199,AME
2020-01-13,100.37999725341795,101.0,99.9800033569336,100.83000183105467,97.0044403076172,1181900.0,0.0006948829493325,0.0006946416299618,1.0199966430664062,61.006013270091806,AME
2020-01-14,100.72000122070312,101.5999984741211,100.37999725341795,100.83999633789062,97.01405334472656,1007400.0,9.909893896487e-05,9.909402898939756e-05,1.2200012207031392,57.91828737925373,AME
2020-01-15,100.83999633789062,102.0,100.38999938964844,100.66000366210938,96.84089660644533,756600.0,-0.0017848624226218,-0.0017864571874621,1.6100006103515625,61.39103413782567,AME
2020-01-16,100.16000366210938,100.7699966430664,99.83999633789062,100.19000244140624,96.38871002197266,1642600.0,-0.0046693762688951,-0.0046803118611412,0.9300003051757812,51.40149858812542,AME
2020-01-17,100.47000122070312,102.06999969482422,100.19000244140624,101.77999877929688,97.91837310791016,1532600.0,0.0158697329343737,0.0157451253201915,1.879997253417983,65.9129902298819,AME
2020-01-21,101.36000061035156,101.98999786376952,100.87999725341795,101.26000213623048,97.41812133789062,1176100.0,-0.0051088652123358,-0.0051219600832081,1.1100006103515625,60.64028889258251,AME
2020-01-22,101.77999877929688,102.3000030517578,100.2300033569336,100.2699966430664,96.4656753540039,1143500.0,-0.0097768872033899,-0.0098249947834853,2.0699996948242045,53.7588470589294,AME
2020-01-23,99.8499984741211,100.93000030517578,99.29000091552734,100.77999877929688,96.9563217163086,1012000.0,0.0050862274120213,0.0050733362504869,1.6399993896484375,49.84602996437449,AME
2020-01-24,101.16000366210938,101.2300033569336,99.1999969482422,99.56999969482422,95.79224395751952,826700.0,-0.0120062079313933,-0.0120788645853792,2.030006408691392,40.95105199860871,AME
2020-01-27,97.63999938964844,98.75,97.13999938964844,97.77999877929688,94.0701675415039,1301500.0,-0.0179772009180544,-0.0181407539094566,1.6100006103515625,32.32425332794928,AME
2020-01-28,98.12000274658205,99.97000122070312,97.77999877929688,99.33000183105467,95.56133270263672,1120200.0,0.0158516265050225,0.0157273015873578,2.19000244140625,38.74747424584317,AME
2020-01-29,100.01000213623048,100.33000183105467,99.2300033569336,99.62999725341795,95.8499526977539,939200.0,0.0030202592089763,0.0030157073889461,1.0999984741210795,39.16416387486889,AME
2020-01-30,98.62999725341795,99.45999908447266,97.9800033569336,99.33000183105467,95.56133270263672,1232700.0,-0.0030111647110281,-0.0030157073889461,1.4799957275390625,39.940408682318285,AME
2020-01-31,98.6500015258789,98.6500015258789,96.54000091552734,97.1500015258789,93.4640655517578,1285800.0,-0.0219468177301911,-0.0221912318267955,2.1100006103515625,34.53296320583864,AME
2020-02-03,97.62999725341795,98.83000183105467,97.29000091552734,97.72000122070312,94.01243591308594,1316900.0,0.005867178557779,0.0058500336942954,1.5400009155273295,37.2225683104263,AME
2020-02-04,99.23999786376952,100.06999969482422,98.95999908447266,99.11000061035156,95.34967803955078,1633600.0,0.0142240982639905,0.0141238849562784,1.1100006103515625,43.61613154889864,AME
2020-02-05,98.0,101.47000122070312,96.6999969482422,100.02999877929688,96.23477935791016,2023400.0,0.0092826880652101,0.0092398686982634,4.770004272460923,47.795573999843455,AME
2020-02-06,100.3499984741211,100.3499984741211,97.63999938964844,98.68000030517578,94.93600463867188,1755200.0,-0.013495897511314,-0.0135877948979205,2.709999084472656,45.0230460759462,AME
2020-02-07,98.3499984741211,99.91000366210938,98.06999969482422,98.3000030517578,94.57041931152344,1711000.0,-0.0038508606775675,-0.0038582943316608,1.840003967285156,37.53576746165067,AME
2020-02-10,98.06999969482422,98.61000061035156,97.61000061035156,98.5999984741211,94.85905456542967,1407900.0,0.0030520669783165,0.0030474188770392,1.0,40.32022541948706,AME
2020-02-11,99.0,100.87999725341795,98.79000091552734,100.1500015258789,96.35022735595705,1179800.0,0.0157198782694889,0.0155976007765237,2.089996337890611,49.58041353058229,AME
2020-02-12,101.0,102.0,100.66000366210938,101.7699966430664,97.90876007080078,1049300.0,0.0161757035516467,0.0160462707710673,1.339996337890625,53.21221877196792,AME
2020-02-13,101.18000030517578,101.83000183105467,100.9499969482422,101.44000244140624,97.59129333496094,1025900.0,-0.0032424752964931,-0.0032477435106359,0.8800048828124716,56.43499888385978,AME
2020-02-14,101.63999938964844,101.77999877929688,100.5500030517578,101.33999633789062,97.49508666992188,776800.0,-0.0009858119689925,-0.0009862982011935,1.2299957275390767,63.86297087087214,AME
2020-02-18,101.0,101.69000244140624,100.16999816894533,100.47000122070312,96.65809631347656,1757200.0,-0.0085849490988095,-0.0086220120491391,1.520004272460909,54.687590691534965,AME
2020-02-19,100.94000244140624,100.94000244140624,100.12999725341795,100.16999816894533,96.3694839477539,901500.0,-0.0029859098899138,-0.0029903766125527,0.8100051879882812,52.2204889145117,AME
2020-02-20,99.7699966430664,101.1500015258789,99.06999969482422,100.5500030517578,96.73505401611328,1437200.0,0.0037934214585766,0.0037862445796205,2.0800018310546875,54.98373116709276,AME
2020-02-21,99.9000015258789,100.13999938964844,98.81999969482422,99.33999633789062,95.5709457397461,3049900.0,-0.0120339859031172,-0.0121069805132832,1.3199996948242188,59.71595862731872,AME
2020-02-24,96.3000030517578,96.4800033569336,94.33999633789062,95.36000061035156,91.7419662475586,2305600.0,-0.0400642628630502,-0.0408889372432131,2.1400070190429688,41.96178868332643,AME
2020-02-25,95.80999755859376,96.08999633789062,91.56999969482422,91.75,88.2689437866211,1668500.0,-0.0378564205999881,-0.0385915885176801,4.519996643066406,28.22486190023031,AME
2020-02-26,92.19000244140624,93.5199966430664,91.0500030517578,91.11000061035156,87.65322875976562,1677800.0,-0.0069754434622428,-0.006999885597463,2.469993591308608,23.164829543854992,AME
2020-02-27,89.30000305175781,91.47000122070312,87.33999633789062,87.36000061035156,84.04548645019531,1974500.0,-0.0411592631625491,-0.0420302900096466,4.1300048828125,20.24178619079386,AME
2020-02-28,84.5,86.0,83.23999786376953,86.0,82.73709106445312,2982200.0,-0.0155677055485606,-0.0156901547747432,2.7600021362304688,19.24994528100187,AME
2020-03-02,86.52999877929688,90.43000030517578,86.06999969482422,90.0199966430664,86.60458374023438,3211400.0,0.0467443636949773,0.0456847413265283,4.3600006103515625,31.913961051986888,AME
2020-03-03,90.01000213623047,91.91999816894533,86.77999877929688,87.31999969482422,84.00701904296875,2258400.0,-0.0299933858588463,-0.0304523888057355,5.139999389648452,24.205879886393205,AME
2020-03-04,88.80999755859375,91.27999877929688,87.62999725341797,91.01000213623048,87.55701446533203,1634700.0,0.0422583191595871,0.0413898196702404,3.650001525878906,30.02970763938481,AME
2020-03-05,88.55999755859375,89.91999816894531,87.79000091552734,89.06999969482422,85.69062042236328,1935800.0,-0.0213163280448277,-0.0215468020908076,2.1299972534179688,28.336250360056734,AME
2020-03-06,86.01000213623047,88.9000015258789,85.86000061035156,88.5199966430664,85.16149139404297,2763900.0,-0.0061748768501415,-0.0061940202483013,3.040000915527344,27.89655418525838,AME
2020-03-09,79.98999786376953,84.7300033569336,74.7300033569336,76.26000213623047,73.36663818359375,3613200.0,-0.138499843266886,-0.1490800410836829,10.0,20.0297066249897,AME
2020-03-10,78.7699966430664,82.30999755859375,77.38999938964844,82.26000213623047,79.13899993896484,3053900.0,0.0786782916361283,0.0757364876358179,4.9199981689453125,30.570625195934,AME
2020-03-11,79.41000366210938,80.19999694824219,76.44999694824219,77.25,74.31908416748047,2216300.0,-0.0609044311300582,-0.0628380276685475,3.75,27.03077952126304,AME
2020-03-12,70.76000213623047,74.69000244140625,66.75,67.5199966430664,65.10993194580078,3500000.0,-0.123913693566602,-0.132290669573053,7.94000244140625,23.204933648992665,AME
2020-03-13,71.48999786376953,74.69999694824219,67.47000122070312,74.5999984741211,71.93724060058594,2459700.0,0.1048581752545585,0.099716978546463,7.2299957275390625,33.45166903962823,AME
2020-03-16,65.83999633789062,67.20999908447266,61.59000015258789,62.540000915527344,60.307708740234375,2898600.0,-0.1616621900320268,-0.1763341452086289,5.619998931884766,29.438923430988112,AME
2020-03-17,64.04000091552734,66.7699966430664,60.25,65.9000015258789,63.54777145385742,3188200.0,0.0537255150511368,0.0523319940508118,6.519996643066406,32.93295700551349,AME
2020-03-18,60.54999923706055,67.31999969482422,54.81999969482422,65.6500015258789,63.30669784545898,3772000.0,-0.0037935808429331,-0.0038007947208042,12.5,34.58156709991037,AME
2020-03-19,64.80999755859375,70.20999908447266,61.84000015258789,69.01000213623047,66.54678344726562,3338000.0,0.0511807709464831,0.0499140761022876,8.369998931884766,38.299251252121984,AME
2020-03-20,70.70999908447266,70.70999908447266,63.09999847412109,63.369998931884766,61.10807800292969,3217800.0,-0.0817275480887185,-0.0852611438202827,7.61000061035157,31.982830120890892,AME
2020-03-23,62.5,62.900001525878906,56.68999862670898,58.209999084472656,56.13226318359375,2527100.0,-0.0814264657300689,-0.0849333184461239,6.210002899169929,30.942783492786774,AME
2020-03-24,62.0099983215332,69.45999908447266,61.150001525878906,67.94000244140625,65.51497650146484,3162900.0,0.1671536614724178,0.1545680168492627,8.30999755859375,36.04353117220089,AME
2020-03-25,68.1500015258789,74.48999786376953,65.5999984741211,71.0,68.46573638916016,3310200.0,0.0450394710532993,0.0440546560463252,8.889999389648438,39.24136903042992,AME
2020-03-26,72.37000274658203,74.44000244140625,69.72000122070312,72.41000366210938,69.82542419433594,2367500.0,0.0198593906512201,0.0196647654909523,4.720001220703125,40.51948385156672,AME
2020-03-27,68.75,73.63999938964844,67.87999725341797,71.01000213623047,68.47537994384766,2148100.0,-0.0193345656838529,-0.0195239231353227,5.760002136230469,46.52793054680462,AME
2020-03-30,70.97000122070312,74.0999984741211,69.80999755859375,73.72000122070312,71.08866119384766,1410500.0,0.0381638079575898,0.0374535834273093,4.290000915527344,44.01712125267058,AME
2020-03-31,73.0199966430664,73.70999908447266,70.56999969482422,72.0199966430664,69.4493179321289,2453600.0,-0.0230605448771713,-0.0233305990511636,3.139999389648437,46.20128607198137,AME
2020-04-01,68.44999694824219,70.41999816894531,68.0199966430664,69.80999755859375,67.3182144165039,2119800.0,-0.0306857371545056,-0.0311664030086346,2.4000015258789062,51.93642688149397,AME
2020-04-02,69.30999755859375,71.68000030517578,68.61000061035156,71.08999633789062,68.55252075195312,1765500.0,0.018335399210271,0.0181693326377817,3.0699996948242188,46.70916847462294,AME
2020-04-03,70.80000305175781,72.36000061035156,69.72000122070312,71.29000091552734,68.74539947509766,1802700.0,0.002813590529259,0.0028096397921951,2.639999389648437,60.549787648732206,AME
2020-04-06,75.44000244140625,76.27999877929688,74.41000366210938,75.43000030517578,72.73764038085938,1788700.0,0.0580728446738878,0.0564491823645365,1.8699951171875,61.27811618439627,AME
2020-04-07,80.11000061035156,81.5,75.5999984741211,75.79000091552734,73.08478546142578,1623500.0,0.004772564503725,0.0047612119240373,5.900001525878906,61.96883719753118,AME
2020-04-08,75.2300033569336,77.73999786376953,75.2300033569336,77.2300033569336,74.473388671875,1350200.0,0.0189998944606895,0.0188216506691295,2.509994506835937,60.16319316597559,AME
2020-04-09,77.80999755859375,80.63999938964844,77.33000183105469,78.2300033569336,75.43768310546875,1537700.0,0.0129481745196577,0.0128650635626041,3.30999755859375,70.75417865957581,AME
2020-04-13,76.98999786376953,77.43000030517578,75.2699966430664,76.97000122070312,74.22267150878906,968500.0,-0.0161061626850468,-0.0162372766578783,2.160003662109375,79.40438397206321,AME
2020-04-14,78.88999938964844,81.01000213623047,77.44000244140625,78.08000183105469,75.29303741455078,1214000.0,0.0144210102385626,0.0143180164722989,3.5699996948242188,71.77832441331084,AME
2020-04-15,75.44999694824219,76.5199966430664,74.51000213623047,76.05000305175781,73.33549499511719,1224500.0,-0.0259989832613033,-0.0263429314605814,2.009994506835937,61.34832435538522,AME
2020-04-16,76.0199966430664,77.41000366210938,73.11000061035156,76.0,73.28726959228516,1860300.0,-0.0006575997453244,-0.0006578160588739,4.3000030517578125,58.5925809499823,AME
2020-04-17,78.41000366210938,80.55000305175781,78.38999938964844,80.30999755859375,77.44341278076172,1829500.0,0.0567103019610117,0.0551605935996964,2.160003662109375,69.53778481639644,AME
2020-04-20,78.66999816894531,79.94999694824219,77.16000366210938,77.75,74.97479248046875,2028200.0,-0.0318764399921462,-0.0323955552152309,2.7899932861328125,58.520041281879294,AME
2020-04-21,75.86000061035156,76.58000183105469,73.83000183105469,73.91000366210938,71.2718734741211,2503400.0,-0.0493888530243319,-0.0506501886184362,2.75,53.66425313880311,AME
2020-04-22,75.77999877929688,76.58999633789062,74.01000213623047,75.88999938964844,73.18119049072266,1181400.0,0.0267892076289371,0.026436659274898,2.579994201660156,61.89359786938202,AME
2020-04-23,76.75,77.02999877929688,75.05999755859375,75.68000030517578,72.97869110107422,1370800.0,-0.0027670961389199,-0.0027709316265168,1.970001220703125,59.37120299957581,AME
2020-04-24,76.5999984741211,77.30000305175781,75.26000213623047,77.05999755859375,74.3094482421875,1015400.0,0.0182348726872918,0.0180706112487405,2.040000915527344,61.2388292240905,AME
2020-04-27,77.52999877929688,79.83000183105469,77.26000213623047,79.27999877929688,76.45018768310547,1134600.0,0.0288084421504641,0.0284012802903187,2.5699996948242188,58.105225636985374,AME
2020-04-28,81.22000122070312,82.38999938964844,80.13999938964844,80.76000213623047,77.87735748291016,1366200.0,0.0186679698645144,0.018495861952605,2.25,59.99193229233606,AME
2020-04-29,82.30999755859375,84.95999908447266,82.0,84.5,81.4838638305664,1427500.0,0.0463100760506374,0.0452697615320944,2.959999084472656,63.37871250729085,AME
2020-04-30,83.30999755859375,84.62999725341797,82.47000122070312,83.87000274658203,80.8763656616211,1466500.0,-0.0074554413645444,-0.0074833720779727,2.159996032714844,60.52241659003317,AME
2020-05-01,81.97000122070312,82.33999633789062,79.93000030517578,80.48999786376953,77.61701202392578,1210300.0,-0.0403004463792566,-0.0411350084824067,2.409996032714844,56.085739822082566,AME
2020-05-04,79.68000030517578,79.94000244140625,78.2699966430664,79.66999816894531,76.82628631591797,2081600.0,-0.0101875308954699,-0.0102397789436499,1.6700057983398438,52.77681823934862,AME
2020-05-05,81.55999755859375,83.62000274658203,80.55999755859375,81.19000244140625,78.29203033447266,2052800.0,0.0190786785206222,0.0188989627620158,3.060005187988281,59.13942946566814,AME
2020-05-06,81.37999725341797,82.47000122070312,80.83000183105469,81.72000122070312,78.8031005859375,1303800.0,0.0065277429807542,0.0065065295337846,1.6399993896484375,60.00003319646248,AME
2020-05-07,82.95999908447266,84.12999725341797,82.55000305175781,83.30999755859375,80.33634948730469,1386500.0,0.0194567077940686,0.0192698459758344,1.5799942016601562,55.79603522410965,AME
2020-05-08,84.7300033569336,85.08999633789062,83.63999938964844,84.31999969482422,81.31028747558594,1128600.0,0.0121232542242308,0.0120503561608342,1.4499969482421875,63.50190430106688,AME
2020-05-11,83.61000061035156,83.94999694824219,82.55000305175781,83.23999786376953,80.26884460449219,921100.0,-0.0128082546923284,-0.0128909875883479,1.399993896484375,71.62732334201054,AME
2020-05-12,83.51000213623047,83.76000213623047,80.62000274658203,80.81999969482422,77.93521881103516,1409900.0,-0.0290726221980082,-0.0295036046289091,3.139999389648437,61.19948352105781,AME
2020-05-13,80.56999969482422,80.7300033569336,77.5199966430664,77.97000122070312,75.18696594238281,1604700.0,-0.0352632982954197,-0.0359000628474601,3.2100067138671875,54.64507375968155,AME
2020-05-14,76.44999694824219,79.0999984741211,75.22000122070312,78.75,75.9391098022461,1916900.0,0.0100036469145419,0.0099539416531262,3.8799972534179688,53.51349501982235,AME
2020-05-15,77.98999786376953,80.12999725341797,77.37000274658203,79.58999633789062,76.74910736083984,2751800.0,0.0106664083988221,0.0106099235699203,2.759994506835937,50.68369136098903,AME
2020-05-18,83.0,83.95999908447266,82.51000213623047,83.27999877929688,80.30741882324219,1289400.0,0.0463629035536889,0.0453202495955211,1.4499969482421875,55.06434556856844,AME
2020-05-19,82.79000091552734,84.80999755859375,82.63999938964844,84.01000213623047,81.01138305664062,1556400.0,0.0087658680071374,0.0087276708447317,2.1699981689453125,48.879810174230045,AME
2020-05-20,85.13999938964844,85.8499984741211,84.7300033569336,84.83000183105469,81.80210876464844,1027000.0,0.009760674095083,0.0097133464330766,1.1199951171875,52.17591056707918,AME
2020-05-21,84.8499984741211,85.38999938964844,84.2699966430664,84.86000061035156,81.83102416992188,1004000.0,0.0003534799494793,0.0003534174901602,1.1200027465820312,61.67827081611036,AME
2020-05-22,84.9000015258789,86.0,84.45999908447266,85.9000015258789,82.8338851928711,1266400.0,0.0122552666683821,0.0121807788490577,1.5400009155273438,66.45535020187074,AME
2020-05-26,89.01000213623047,90.33000183105467,88.2300033569336,88.41000366210938,85.25432586669922,1963400.0,0.029220417081637,0.0288016390460549,2.0999984741210795,68.12254096309647,AME
2020-05-27,90.0,91.83000183105467,89.5,91.69000244140624,88.417236328125,1133300.0,0.0370997064286355,0.0364280735440249,2.3300018310546733,71.98946301585573,AME
2020-05-28,92.5,93.1999969482422,91.1999969482422,91.87999725341795,88.60044860839844,1545200.0,0.0020721330804043,0.0020699891737819,2.0,70.1457827453221,AME
2020-05-29,91.5,92.13999938964844,89.91000366210938,91.70999908447266,88.4365234375,1650200.0,-0.001850161861177,-0.0018518755246627,2.2299957275390625,68.08622368246783,AME
2020-06-01,91.30999755859376,92.87000274658205,90.48999786376952,92.0199966430664,88.73544311523438,1075400.0,0.0033800478141321,0.003374348292013,2.3800048828125284,72.32964034625275,AME
2020-06-02,92.3499984741211,93.83999633789062,91.5,92.94000244140624,89.62261962890625,1091800.0,0.0099979949671267,0.0099483456701349,2.339996337890625,83.37015493828478,AME
2020-06-03,94.37000274658205,95.5500030517578,93.9800033569336,95.01000213623048,91.61873626708984,1409200.0,0.0222724647689251,0.0220280558283647,1.5699996948242043,99.02190405045349,AME
2020-06-04,94.16999816894533,94.69000244140624,93.48999786376952,94.20999908447266,90.84729766845705,786400.0,-0.00842009647878,-0.0084557457456958,1.2000045776367188,94.42536214684496,AME
2020-06-05,97.61000061035156,97.73999786376952,95.7300033569336,96.98999786376952,93.5280532836914,1287100.0,0.0295083693630344,0.029081376994221,2.0099945068359237,94.98455685327994,AME
2020-06-08,97.0999984741211,98.0,95.5999984741211,95.9499969482422,92.5251693725586,1351900.0,-0.010722813914354,-0.0107807175823143,2.4000015258789062,87.95689036053489,AME
2020-06-09,94.41999816894533,95.87000274658205,93.8000030517578,94.79000091552734,91.40660095214844,1054600.0,-0.012089342046013,-0.0121630124951304,2.069999694824247,81.48377335191756,AME
2020-06-10,94.81999969482422,94.87000274658205,92.62999725341795,93.1500015258789,89.82511901855469,924300.0,-0.0173016162631587,-0.017453038331867,2.240005493164091,73.18841858015945,AME
2020-06-11,90.12000274658205,90.43000030517578,87.83000183105469,88.08999633789062,85.1102066040039,1499900.0,-0.0524899100170058,-0.0539176930236874,2.5999984741210938,57.45756753746144,AME
2020-06-12,90.05999755859375,90.18000030517578,85.26000213623047,87.66000366210938,84.69474792480469,1757300.0,-0.0048814201701123,-0.0048933732159751,4.9199981689453125,54.34817565483714,AME
2020-06-15,85.33000183105469,89.2300033569336,84.63999938964844,88.27999877929688,85.29378509521484,1274400.0,0.0070728963139721,0.0070480007032896,4.590003967285156,50.10078060148794,AME
2020-06-16,91.62000274658205,91.95999908447266,89.2300033569336,90.73999786376952,87.67056274414062,1159700.0,0.0278657776328314,0.0274845920033974,2.7299957275390625,48.01317942450658,AME
2020-06-17,91.4000015258789,91.58000183105467,89.7300033569336,89.9800033569336,86.93626403808594,740400.0,-0.0083756586369552,-0.0084109315598177,1.8499984741210795,45.69794750789101,AME
2020-06-18,89.43000030517578,90.36000061035156,88.88999938964844,89.19999694824219,86.18267059326172,788700.0,-0.008668344023779,-0.0087061326528747,1.470001220703125,44.34598007771245,AME
2020-06-19,91.0500030517578,91.0999984741211,88.05999755859375,88.52999877929688,85.53530883789062,1856800.0,-0.0075115072544724,-0.0075398606990603,3.040000915527344,42.11006868759221,AME
2020-06-22,88.30000305175781,89.55999755859375,87.33000183105469,89.33000183105469,86.30824279785156,740000.0,0.0090364315095399,0.0089958472702307,2.2299957275390625,41.78210981753575,AME
2020-06-23,90.56999969482422,90.56999969482422,88.93000030517578,89.08000183105469,86.06671905517578,949100.0,-0.0027983855868954,-0.0028023083878909,1.6399993896484375,34.92203201597896,AME
2020-06-24,88.16999816894531,88.26000213623047,85.69000244140625,85.83999633789062,82.9363021850586,1875000.0,-0.0363719786751756,-0.0370499288335704,2.5699996948242188,30.955720134618147,AME
2020-06-25,85.55000305175781,87.25,84.52999877929688,87.13999938964844,84.19232940673828,1468700.0,0.0151444806265543,0.0150309478084802,2.720001220703125,25.87079156846599,AME
2020-06-26,86.8499984741211,86.87000274658203,85.05999755859375,85.79000091552734,82.88799285888672,5586200.0,-0.0154923442199851,-0.0156136046203279,1.8100051879882808,25.47383905160737,AME
2020-06-29,87.25,88.13999938964844,86.16000366210938,88.11000061035156,85.12950897216797,1256600.0,0.0270427119293059,0.026683519107236,1.9799957275390625,34.888806361331845,AME
2020-06-30,88.02999877929688,89.69999694824219,87.70999908447266,89.37000274658203,86.3469009399414,1029400.0,0.0143004697486444,0.0141991825256491,1.9899978637695312,41.477289509725,AME
2020-07-01,89.73999786376953,89.9800033569336,87.36000061035156,87.58999633789062,84.62709045410156,1138400.0,-0.0199174546754846,-0.0201184809416854,2.6200027465820312,48.612571192190096,AME
2020-07-02,88.91999816894531,90.08999633789062,88.54000091552734,88.95999908447266,85.95076751708984,1029600.0,0.015641292355504,0.0155202281111794,1.5499954223632812,53.42824383639121,AME
2020-07-06,90.52999877929688,91.27999877929688,89.18000030517578,89.76000213623047,86.72371673583984,888300.0,0.0089929298024744,0.0089527342135962,2.0999984741210938,53.86622351749108,AME
2020-07-07,89.1500015258789,89.94999694824219,88.16000366210938,88.37999725341797,85.39039611816406,774800.0,-0.0153743481928602,-0.0154937589737061,1.7899932861328125,43.46625589830948,AME
2020-07-08,88.61000061035156,89.22000122070312,87.0999984741211,87.98999786376953,85.01359558105469,964900.0,-0.0044126805148901,-0.0044224451255461,2.1200027465820312,44.3754190402984,AME
2020-07-09,87.83999633789062,88.0,85.76000213623047,86.26000213623047,83.34210205078125,1267900.0,-0.0196614849524836,-0.0198573434446141,2.2399978637695312,42.11372015577732,AME
2020-07-10,86.19000244140625,86.97000122070312,85.73999786376953,86.9000015258789,83.96045684814453,811400.0,0.0074194768568054,0.007392087929301,1.2300033569335938,45.62067969111661,AME
2020-07-13,87.58000183105469,89.58999633789062,87.22000122070312,88.47000122070312,85.47734832763672,1749900.0,0.0180667368477487,0.0179054728044767,2.3699951171875,47.78126513949832,AME
2020-07-14,88.76000213623047,91.87999725341795,88.58999633789062,91.79000091552734,88.68502807617188,1604600.0,0.0375266642133076,0.036839673239027,3.290000915527329,56.03556616704872,AME
2020-07-15,93.20999908447266,93.9000015258789,92.68000030517578,93.22000122070312,90.06665802001953,1378600.0,0.0155790664311563,0.0154589586146445,1.220001220703125,67.87784325022898,AME
2020-07-16,92.86000061035156,94.20999908447266,92.33999633789062,92.7300033569336,89.59327697753906,1135900.0,-0.0052558966091008,-0.0052697574223497,1.8700027465820312,64.09489499008258,AME
2020-07-17,93.2699966430664,93.70999908447266,92.7699966430664,92.9499969482422,89.80580139160156,2857800.0,0.002372102251777,0.0023692932584998,0.94000244140625,69.14442727667745,AME
2020-07-20,92.3499984741211,92.79000091552734,91.11000061035156,91.43000030517578,88.33722686767578,998000.0,-0.0163527801229901,-0.0164879625974,1.6800003051757812,59.27382035289935,AME
2020-07-21,91.51000213623048,92.95999908447266,91.51000213623048,92.05999755859376,88.9459228515625,1242900.0,0.006890594208923,0.006866962559942,1.4499969482421733,57.78813272191304,AME
2020-07-22,92.01000213623048,93.70999908447266,92.0,93.62000274658205,90.45313262939452,1093400.0,0.0169452373926946,0.0168032684117867,1.7099990844726562,67.68341397377604,AME
2020-07-23,93.58999633789062,94.16999816894533,92.88999938964844,93.31999969482422,90.16327667236328,918100.0,-0.0032044877673704,-0.0032096331334115,1.2799987792968892,63.64210927879477,AME
2020-07-24,93.48999786376952,93.7699966430664,92.38999938964844,92.9000015258789,89.75749969482422,1011700.0,-0.004500468400384,-0.0045106259957105,1.3799972534179688,60.06417479355034,AME
2020-07-27,92.62999725341795,93.86000061035156,92.16999816894533,93.0500030517578,89.90241241455078,1086600.0,0.0016144914934046,0.0016131896030857,1.6900024414062358,66.24923410861237,AME
2020-07-28,92.62000274658205,93.01000213623048,92.0199966430664,92.08000183105467,88.96522521972656,688500.0,-0.0104244944006923,-0.0104792100298066,0.9900054931640768,63.678979688637305,AME
2020-07-29,92.43000030517578,94.66000366210938,92.43000030517578,94.3499984741211,91.15843200683594,1382300.0,0.0246524052706278,0.02435343826812,2.2300033569335938,76.1138311018308,AME
2020-07-30,93.20999908447266,94.11000061035156,92.29000091552734,93.9000015258789,90.7236785888672,839200.0,-0.004769206845683,-0.0047806158015519,1.8199996948242188,72.87611165274795,AME
2020-07-31,93.31999969482422,93.52999877929688,91.4800033569336,93.25,90.09566497802734,1151800.0,-0.0069222679305788,-0.0069463379710575,2.049995422363281,66.62053907775578,AME
2020-08-03,93.83000183105467,95.8499984741211,93.2699966430664,94.9499969482422,91.73812103271484,1333500.0,0.0182301341034341,0.0180659575141151,2.5800018310546875,62.382579388679495,AME
2020-08-04,93.12999725341795,95.98999786376952,93.12999725341795,94.48999786376952,91.29370880126952,1197100.0,-0.0048443572469382,-0.0048561291791907,2.8600006103515625,55.38607240548783,AME
2020-08-05,95.80999755859376,97.0500030517578,94.95999908447266,96.41999816894533,93.15841674804688,1003100.0,0.0204253718165454,0.0202195715555319,2.090003967285142,63.94562492539095,AME
2020-08-06,96.51000213623048,97.54000091552734,96.13999938964844,97.5199966430664,94.22119903564452,826900.0,0.0114083335107766,0.0113437492093699,1.4000015258789062,66.1943257529332,AME
2020-08-07,97.5500030517578,98.8499984741211,96.5999984741211,97.79000091552734,94.48208618164062,1487500.0,0.0027688794949149,0.0027650532094745,2.25,74.72808650143594,AME
2020-08-10,97.9800033569336,99.2699966430664,97.83999633789062,99.04000091552734,95.68980407714844,1711300.0,0.0127825066561928,0.0127014999997141,1.4300003051757812,75.89044594643676,AME
2020-08-11,100.0,101.68000030517578,99.2300033569336,99.25,95.8927001953125,1370700.0,0.002120352529936,0.002118107755093,2.4499969482421875,73.20720496684154,AME
2020-08-12,100.2300033569336,101.5500030517578,99.9800033569336,101.2300033569336,97.80571746826172,843300.0,0.0199495610098872,0.0197531760831819,1.5699996948242043,78.63897469091253,AME
2020-08-13,100.73999786376952,101.33999633789062,100.51000213623048,100.95999908447266,97.54483795166016,849700.0,-0.0026673237859148,-0.0026708874323474,0.829994201660142,79.50234295604393,AME
2020-08-14,100.36000061035156,102.02999877929688,100.36000061035156,101.27999877929688,97.85401916503906,1007200.0,0.0031696317290734,0.0031646190358923,1.6699981689453125,79.75433325511,AME
2020-08-17,101.27999877929688,101.94000244140624,101.16999816894533,101.4000015258789,97.969970703125,906600.0,0.0011849440531448,0.0011842425610382,0.7700042724609091,85.90161800169847,AME
2020-08-18,101.3499984741211,101.8000030517578,101.30999755859376,101.58000183105467,98.14387512207033,967600.0,0.0017750788093251,0.001773505218825,0.4900054931640341,83.1958505730623,AME
2020-08-19,101.4800033569336,101.52999877929688,100.81999969482422,101.01000213623048,97.59315490722656,684700.0,-0.0056113559216892,-0.0056271587238208,0.7099990844726562,82.2888769990573,AME
2020-08-20,100.06999969482422,100.5999984741211,99.61000061035156,100.16000366210938,96.77191162109376,637100.0,-0.0084149681083011,-0.0084505738405382,0.9899978637695312,80.82077529798693,AME
2020-08-21,99.9800033569336,100.6999969482422,99.83000183105467,100.23999786376952,96.84919738769533,636900.0,0.0007986384200424,0.0007983196780745,0.8699951171875284,77.58096403419131,AME
2020-08-24,100.8499984741211,100.97000122070312,99.7699966430664,100.8000030517578,97.39027404785156,678800.0,0.0055867955001243,0.0055712472412252,1.2000045776367188,82.55929083250419,AME
2020-08-25,101.41999816894533,101.5999984741211,100.2699966430664,100.91999816894533,97.50619506835938,568300.0,0.001190273070295,0.0011895652569092,1.3300018310546875,78.55321912152574,AME
2020-08-26,100.4800033569336,101.1999969482422,99.97000122070312,101.01000213623048,97.59315490722656,627500.0,0.0008918391165424,0.0008914416643289,1.2299957275390767,75.40025448012612,AME
2020-08-27,101.5,101.56999969482422,100.4800033569336,100.91000366210938,97.49655151367188,586100.0,-0.0009898582912554,-0.0009903485245081,1.089996337890625,73.28362852926895,AME
2020-08-28,101.16999816894533,101.9800033569336,100.66999816894533,101.93000030517578,98.48204803466795,696900.0,0.0101080141368681,0.0100572698249608,1.310005187988267,72.33388946590519,AME
2020-08-31,101.77999877929688,101.77999877929688,100.37000274658205,100.6999969482422,97.29363250732422,657600.0,-0.0120673315701699,-0.0121407329190627,1.4099960327148295,59.67941736784457,AME
2020-09-01,100.41999816894533,102.20999908447266,100.19000244140624,102.0199966430664,98.5689926147461,533700.0,0.0131083615089184,0.0130231904329514,2.0199966430664205,55.78326458129083,AME
2020-09-02,101.9800033569336,103.9499969482422,101.61000061035156,103.08000183105467,99.5931396484375,1525700.0,0.0103901542110129,0.0103365475599259,2.339996337890639,63.91080916115974,AME
2020-09-03,103.4000015258789,103.58000183105467,99.0500030517578,99.88999938964844,96.51104736328124,862100.0,-0.0309468332461052,-0.0314358009454671,4.529998779296875,43.37470021182765,AME
2020-09-04,100.86000061035156,101.2300033569336,98.41999816894533,99.47000122070312,96.1052474975586,795200.0,-0.0042046985998934,-0.0042135632024323,2.810005187988267,41.0565056801341,AME
2020-09-08,98.66999816894533,98.75,96.91000366210938,96.98999786376952,93.7091293334961,915100.0,-0.0249322303043167,-0.0252483030196279,1.839996337890625,32.46753481784076,AME
2020-09-09,98.11000061035156,100.0199966430664,97.83000183105467,99.3499984741211,95.98931884765624,675200.0,0.0243326293860366,0.0240413072551758,2.189994812011733,44.42210292594283,AME
2020-09-10,99.5999984741211,100.36000061035156,97.94000244140624,98.11000061035156,94.791259765625,1243900.0,-0.0124811707845605,-0.012559714828705,2.4199981689453267,43.28752998023546,AME
2020-09-11,98.7300033569336,100.83999633789062,98.4800033569336,99.91000366210938,96.70779418945312,914900.0,0.0202184719199516,0.0200167925179866,2.3599929809570312,49.573901256547536,AME
2020-09-14,100.63999938964844,101.79000091552734,100.51000213623048,101.38999938964844,98.14036560058594,684600.0,0.0148134017856551,0.0147047549877293,1.2799987792968608,52.14504703499328,AME
2020-09-15,101.6500015258789,102.9499969482422,101.58999633789062,102.31999969482422,99.0405502319336,734800.0,0.0091724197870961,0.0091306086232737,1.3600006103515767,54.199448484501744,AME
2020-09-16,102.79000091552734,103.4800033569336,102.0,102.33999633789062,99.0599136352539,1079000.0,0.0001955098520249,0.0001954907424645,1.4800033569335938,54.02934986227976,AME
2020-09-17,101.16000366210938,103.04000091552734,100.3000030517578,102.33000183105467,99.05023956298828,695700.0,-9.765879971634917e-05,-9.76635686474181e-05,2.739997863769545,54.28863732758161,AME
2020-09-18,102.02999877929688,103.1999969482422,100.62000274658205,100.70999908447266,97.48214721679688,1209300.0,-0.0158312827218779,-0.0159579359790825,2.579994201660156,47.325982483480615,AME
2020-09-21,98.75,99.41000366210938,95.04000091552734,96.23999786376952,93.15541076660156,919900.0,-0.0443849112245424,-0.045400073810585,4.370002746582031,40.523846178842575,AME
2020-09-22,96.0999984741211,97.5500030517578,95.98999786376952,97.23999786376952,94.12336730957033,838300.0,0.0103907710244974,0.0103371580303404,1.5600051879882812,39.674552700454186,AME
2020-09-23,97.55999755859376,98.41999816894533,95.12000274658205,95.31999969482422,92.26490783691406,712000.0,-0.0197449318461356,-0.0199424675564315,3.299995422363281,33.61441960279903,AME
2020-09-24,95.31999969482422,97.08000183105467,94.9000015258789,96.2300033569336,93.145751953125,834200.0,0.0095469029001569,0.0095016192072095,2.180000305175767,41.65377477589305,AME
2020-09-25,95.5199966430664,97.93000030517578,95.1500015258789,97.48999786376952,94.36536407470705,573300.0,0.0130935882314398,0.0130086081969795,2.779998779296875,45.85236341626307,AME
2020-09-28,98.93000030517578,100.44000244140624,98.81999969482422,99.48999786376952,96.3012466430664,685900.0,0.0205147575844328,0.0203071642944436,1.620002746582017,56.31787333682432,AME
2020-09-29,99.9499969482422,100.91000366210938,99.3000030517578,99.88999938964844,96.68844604492188,1038900.0,0.0040207101709761,0.004012648717125,1.6100006103515767,51.87723756245103,AME
2020-09-30,100.0,101.11000061035156,98.7300033569336,99.4000015258789,96.2141342163086,1032400.0,-0.0049055688452466,-0.0049176406436344,2.3799972534179688,53.97508196385874,AME
2020-10-01,100.6999969482422,101.37999725341795,99.01000213623048,99.8499984741211,96.64971923828124,1046600.0,0.0045272456642737,0.0045170285130512,2.369995117187472,49.82311989366741,AME
2020-10-02,98.1500015258789,101.68000030517578,98.04000091552734,100.77999877929688,97.54989624023438,715400.0,0.0093138087626911,0.0092707026935987,3.6399993896484375,48.14131697181212,AME
2020-10-05,101.94000244140624,103.97000122070312,101.76000213623048,103.5,100.1827392578125,864700.0,0.0269897059766652,0.0266319075044293,2.209999084472642,53.241772304846,AME
2020-10-06,103.5,105.87000274658205,103.22000122070312,104.33000183105467,100.9861297607422,1221200.0,0.0080192507100673,0.0079872673934679,2.6500015258789205,55.23406548982619,AME
2020-10-07,105.62999725341795,107.27999877929688,105.31999969482422,106.54000091552734,103.12529754638672,1284700.0,0.0211827880790427,0.0209615516397853,1.959999084472656,59.92451713935119,AME
2020-10-08,107.01000213623048,107.01000213623048,105.7300033569336,106.5,103.08657836914062,1295100.0,-0.0003754576051397,-0.0003755281069939,1.2799987792968892,64.74781608715412,AME
2020-10-09,107.5,108.62999725341795,106.77999877929688,106.94000244140624,103.51246643066406,840000.0,0.0041313628627617,0.0041228522155387,1.8499984741210795,84.294803131783,AME
2020-10-12,107.80999755859376,107.91999816894533,106.8000030517578,107.62999725341795,104.18035888671876,1004800.0,0.0064522900389207,0.0064315631251456,1.1199951171875284,83.97638594910353,AME
2020-10-13,107.41000366210938,107.9499969482422,105.4800033569336,106.16000366210938,102.75748443603516,636200.0,-0.0136577994728428,-0.0137519252324982,2.469993591308608,86.52288198924025,AME
2020-10-14,106.87000274658205,108.37000274658205,105.80999755859376,107.9000015258789,104.44170379638672,778900.0,0.0163902354129734,0.0162573653860175,2.560005187988281,87.23671059706673,AME
2020-10-15,106.4000015258789,109.06999969482422,106.4000015258789,109.01000213623048,105.51612091064452,661000.0,0.0102872423103361,0.0102346887466953,2.6699981689453125,87.11335179920337,AME
2020-10-16,109.45999908447266,110.81999969482422,108.80999755859376,109.8499984741211,106.32919311523438,1475800.0,0.0077056680777565,0.0076761310554509,2.0100021362304545,86.07237951795648,AME
2020-10-19,109.9499969482422,110.4800033569336,107.33999633789062,107.5500030517578,104.10295104980467,692000.0,-0.0209372609741993,-0.0211595536982279,3.1400070190429688,73.55486117709096,AME
2020-10-20,108.2300033569336,109.80999755859376,107.97000122070312,108.6999969482422,105.21607208251952,543500.0,0.0106925021960453,0.0106357416441751,1.8399963378906392,77.48245402362558,AME
2020-10-21,108.63999938964844,109.41999816894533,107.12999725341795,107.1500015258789,103.71573638916016,1088000.0,-0.0142595676084796,-0.0143622121893116,2.290000915527372,70.2553358075938,AME
2020-10-22,107.58000183105467,108.23999786376952,106.8499984741211,107.01000213623048,103.5802230834961,1198500.0,-0.0013065838452478,-0.001307438170166,1.3899993896484233,68.07901631259949,AME
2020-10-23,107.97000122070312,108.08000183105467,106.88999938964844,107.76000213623048,104.30620574951172,882700.0,0.0070088926669951,0.0069844445484713,1.1900024414062358,63.95813522736837,AME
2020-10-26,106.33999633789062,106.48999786376952,104.12000274658205,105.0999984741211,101.73145294189452,910700.0,-0.0246845601286695,-0.0249943322350523,2.369995117187472,52.25279365230164,AME
2020-10-27,105.0500030517578,105.0500030517578,102.41999816894533,102.58999633789062,99.3018798828125,820400.0,-0.0238822211697861,-0.0241720248187335,2.630004882812472,38.64282143315253,AME
2020-10-28,100.4499969482422,101.37999725341795,98.05999755859376,98.19000244140624,95.04293060302734,1287900.0,-0.0428889088989171,-0.0438358116109938,3.3199996948241903,30.89651983357477,AME
2020-10-29,98.25,100.87999725341795,97.51000213623048,98.91000366210938,95.73986053466795,1191200.0,0.0073327908474489,0.0073060366456772,3.369995117187472,31.77487501623453,AME
2020-10-30,98.5199966430664,99.25,96.86000061035156,98.1999969482422,95.05260467529295,981900.0,-0.0071783670410313,-0.007204255483276,2.389999389648437,28.616754739319063,AME
2020-11-02,99.80999755859376,102.3000030517578,99.70999908447266,102.2699966430664,98.99214935302734,1178700.0,0.0414459413415568,0.0406100757549543,2.590003967285142,42.1094940598574,AME
2020-11-03,103.62999725341795,105.8000030517578,103.16999816894533,105.29000091552734,101.91536712646484,1122200.0,0.0295297939537879,0.0291021872843224,2.630004882812472,44.96723777146324,AME
2020-11-04,104.5199966430664,106.38999938964844,103.06999969482422,105.38999938964844,102.01215362548828,1094000.0,0.0009496752232009,0.0009492245669816,3.3199996948242188,42.73677072289434,AME
2020-11-05,106.86000061035156,109.5,106.4499969482422,109.0500030517578,105.55484771728516,881000.0,0.0347281570468847,0.034138742022482,3.0500030517577983,48.55806428423473,AME
2020-11-06,109.18000030517578,110.6999969482422,108.86000061035156,110.31999969482422,106.78414916992188,942400.0,0.0116460918586065,0.0115787980997439,1.8399963378906392,55.18527589982091,AME
2020-11-09,117.06999969482422,118.9499969482422,113.93000030517578,114.06999969482422,110.41394805908205,1610400.0,0.0339919259307315,0.0334269674781212,5.0199966430664205,59.1606617121086,AME
2020-11-10,114.33999633789062,117.43000030517578,113.77999877929688,116.4499969482422,112.71766662597656,1620000.0,0.0208643799754519,0.020649699777446,3.650001525878906,65.42799139202756,AME
2020-11-11,117.0,117.5500030517578,116.05999755859376,116.76000213623048,113.01774597167967,1143900.0,0.0026622210580249,0.0026586836244399,1.490005493164034,66.08380724629802,AME
2020-11-12,116.27999877929688,116.9499969482422,114.77999877929688,115.4499969482422,111.74971771240234,872700.0,-0.0112197270293735,-0.0112831429524141,2.1699981689453267,62.45541315567876,AME
2020-11-13,116.66000366210938,117.51000213623048,115.75,117.2699966430664,113.51139831542967,829100.0,0.0157645194913258,0.0156415501387667,1.760002136230483,70.2630459300835,AME
2020-11-16,118.86000061035156,120.33999633789062,118.4000015258789,120.08000183105467,116.23133850097656,1256100.0,0.0239618243270038,0.0236792449917046,1.9399948120117188,78.83285923448068,AME
2020-11-17,119.37999725341795,119.9000015258789,118.44000244140624,118.76000213623048,114.95362854003906,1058000.0,-0.0109928180937773,-0.0110536855999244,1.4599990844726705,87.74298610598906,AME
2020-11-18,119.20999908447266,120.3499984741211,118.25,119.23999786376952,115.4182586669922,1009500.0,0.0040418917858804,0.0040337452854136,2.0999984741210938,87.63407928745129,AME
2020-11-19,118.97000122070312,119.29000091552734,117.12999725341795,118.18000030517578,114.39221954345705,1048300.0,-0.0088897470416314,-0.0089294965938559,2.160003662109389,86.51302920429298,AME
2020-11-20,118.3000030517578,118.36000061035156,116.5199966430664,117.41999816894533,113.65657806396484,862100.0,-0.0064308698828309,-0.0064516370082214,1.840003967285156,81.49675871607138,AME
2020-11-23,118.4800033569336,118.9000015258789,117.3499984741211,117.79000091552734,114.01472473144533,817700.0,0.00315113012886,0.0031461757235708,1.5500030517578125,79.20547348834333,AME
2020-11-24,118.9000015258789,121.69000244140624,117.55999755859376,121.25,117.36383056640624,1679400.0,0.0293743272445687,0.0289511683923653,4.130004882812472,82.02734566374401,AME
2020-11-25,120.58999633789062,120.66999816894533,118.9499969482422,119.81999969482422,115.97966766357422,681600.0,-0.0117937774879359,-0.0118638757758374,1.720001220703125,73.90138454304766,AME
2020-11-27,120.0999984741211,120.3499984741211,119.18000030517578,119.7699966430664,115.9312515258789,423000.0,-0.0004174536681356,-0.0004175408261752,1.1699981689453125,72.1725380829883,AME
2020-11-30,119.72000122070312,119.80999755859376,117.54000091552734,118.52999877929688,114.73102569580078,964400.0,-0.0103529101452872,-0.0104068743000097,2.2699966430664205,61.861716444755245,AME
2020-12-01,119.54000091552734,120.08000183105467,117.1500015258789,117.23999786376952,113.48234558105467,1241900.0,-0.010883543550433,-0.0109432025731442,2.930000305175767,52.23036183185719,AME
2020-12-02,116.61000061035156,117.20999908447266,114.51000213623048,115.0199966430664,111.33350372314452,1380100.0,-0.0189354727108221,-0.019117044526801,2.6999969482421733,45.565741249973385,AME
2020-12-03,114.81999969482422,116.0199966430664,114.23999786376952,114.43000030517578,110.7624282836914,927100.0,-0.0051294122645526,-0.0051426128598546,1.7799987792968892,47.30164687827113,AME
2020-12-04,114.4800033569336,117.41000366210938,114.4800033569336,116.83999633789062,113.27335357666016,858600.0,0.0226694677236365,0.022416333806718,2.930000305175781,49.37499874803445,AME
2020-12-07,117.2300033569336,117.87000274658205,116.70999908447266,117.61000061035156,114.01985168457033,725500.0,0.0065902357821954,0.0065686151165677,1.1600036621093892,43.52233741483468,AME
2020-12-08,116.91000366210938,119.2300033569336,116.91000366210938,118.56999969482422,114.95053100585938,1130600.0,0.0081624323092763,0.0081292998309765,2.3199996948242188,49.990738738442815,AME
2020-12-09,118.83999633789062,119.3000030517578,118.19000244140624,118.76000213623048,115.13475036621094,849900.0,0.001602596862664,0.001601314074657,1.1100006103515625,49.13788783447441,AME
2020-12-10,118.11000061035156,119.06999969482422,117.23999786376952,118.3499984741211,114.7372589111328,880600.0,-0.003452402109822,-0.0034583754020864,1.8300018310547017,51.090922511574895,AME
2020-12-11,117.01000213623048,118.54000091552734,116.8000030517578,118.37999725341795,114.7663345336914,1045400.0,0.000253410468705,0.0002533783656956,1.7399978637695457,53.67285534215141,AME
2020-12-14,119.4800033569336,119.69000244140624,116.23999786376952,116.3000030517578,112.74983978271484,763500.0,-0.0175704378742234,-0.0177266303015986,3.4500045776367188,46.22780301054948,AME
2020-12-15,117.52999877929688,118.58999633789062,116.22000122070312,117.79000091552734,114.1943588256836,754800.0,0.0128117170343882,0.0127303412926599,2.3699951171875,39.33649605395763,AME
2020-12-16,117.9000015258789,118.12999725341795,116.2699966430664,116.77999877929688,113.2151870727539,660300.0,-0.0085746070383773,-0.0086115804882293,1.8600006103515483,40.4385012175312,AME
2020-12-17,117.2699966430664,117.77999877929688,116.83999633789062,117.62999725341795,114.03923797607422,789200.0,0.0072786251087564,0.0072522637560008,0.94000244140625,43.78932542341981,AME
2020-12-18,117.61000061035156,118.52999877929688,116.9800033569336,118.0999984741211,114.49488067626952,1914100.0,0.003995490572209,0.0039875297975076,1.5499954223632812,49.184996692801214,AME
2020-12-21,115.93000030517578,118.58999633789062,114.62999725341795,118.11000061035156,114.50458526611328,756400.0,8.476003281931987e-05,8.475644089070467e-05,3.9599990844726713,53.85797696852224,AME
2020-12-22,118.31999969482422,118.56999969482422,117.23999786376952,117.66000366210938,114.06834411621094,560200.0,-0.0038098138069188,-0.0038170896331148,1.3300018310547017,61.85372009214174,AME
2020-12-23,118.25,119.44000244140624,117.52999877929688,118.62000274658205,114.99901580810548,454000.0,0.008158895433306,0.0081257915846254,1.9100036621093608,67.80769289973011,AME
2020-12-24,118.63999938964844,119.31999969482422,118.0,119.04000091552734,115.4062042236328,188500.0,0.0035407991335054,0.0035345452623735,1.3199996948242188,60.89117204075693,AME
2020-12-28,120.13999938964844,120.9000015258789,119.62000274658205,119.76000213623048,116.1042251586914,371200.0,0.0060483830982429,0.0060301650520992,1.2799987792968608,60.69658597854277,AME
2020-12-29,120.33999633789062,120.33999633789062,117.66000366210938,118.66000366210938,115.0377960205078,392200.0,-0.0091851018920802,-0.0092275450367815,2.67999267578125,50.44167278063089,AME
2020-12-30,119.08000183105467,120.3499984741211,119.05999755859376,119.83000183105467,116.1720733642578,437000.0,0.0098600406387114,0.009811747625918,1.2900009155273295,54.78956950096372,AME
2020-12-31,120.0999984741211,121.06999969482422,118.81999969482422,120.94000244140624,117.24820709228516,638700.0,0.0092632738390847,0.0092206328458307,2.25,60.90993531243559,AME
2021-01-04,121.0999984741211,122.33000183105467,117.70999908447266,118.37999725341795,114.7663345336914,1154500.0,-0.0211676802583453,-0.0213949281981818,4.620002746582017,50.0,AME
2021-01-05,117.91999816894533,119.91000366210938,117.91999816894533,119.1999969482422,115.56131744384766,837400.0,0.0069269695977165,0.006903088363442,1.9900054931640483,61.0350035994188,AME
2021-01-06,120.45999908447266,125.26000213623048,120.45999908447266,124.25,120.4571533203125,848400.0,0.0423656980100091,0.041492839543016,4.800003051757827,69.34128463280214,AME
2021-01-07,124.95999908447266,125.80999755859376,123.43000030517578,124.4000015258789,120.60256958007812,734900.0,0.0012072031901579,0.0012064751062913,2.379997253417983,74.05299972227779,AME
2021-01-08,125.02999877929688,125.31999969482422,122.0500030517578,123.54000091552734,119.7688446044922,675300.0,-0.0069129951251357,-0.0069370005729347,3.2699966430664205,68.6436078966432,AME
2021-01-11,122.01000213623048,124.93000030517578,121.91999816894533,124.1500015258789,120.36019134521484,640000.0,0.004937400395532,0.0049252514074011,3.0100021362304545,68.91810352888837,AME
2021-01-12,124.06999969482422,124.83000183105467,123.3000030517578,124.12000274658205,120.33113098144533,640100.0,-0.0002414449781503,-0.0002414741306816,1.529998779296875,68.76963421557767,AME
2021-01-13,123.88999938964844,123.9800033569336,121.33999633789062,121.44000244140624,117.73294830322266,660800.0,-0.0215919409801217,-0.0218284577053645,2.6400070190429688,60.361857220209984,AME
2021-01-14,121.61000061035156,121.83999633789062,120.0199966430664,120.72000122070312,117.03491973876952,679700.0,-0.0059289143312316,-0.0059465601253091,1.8199996948242188,55.83336830949699,AME
2021-01-15,119.72000122070312,119.72000122070312,116.9000015258789,119.0,115.3674087524414,1241900.0,-0.0142479782106923,-0.014350455210214,2.8199996948242188,49.89632879572189,AME
2021-01-19,120.19000244140624,121.06999969482422,118.45999908447266,118.9499969482422,115.31893920898438,814900.0,-0.0004201320284573,-0.0004202203086451,2.6100006103515625,47.82605022457819,AME
2021-01-20,119.37000274658205,120.66999816894533,118.6500015258789,120.11000061035156,116.44354248046876,731600.0,0.0097521125254746,0.0097048675864308,2.0199966430664205,53.879109977801726,AME
2021-01-21,120.2699966430664,121.5199966430664,119.27999877929688,119.4800033569336,115.83277130126952,758100.0,-0.0052452129692094,-0.0052590173913369,2.2399978637695312,49.03585125317875,AME
2021-01-22,119.0,119.6500015258789,116.91000366210938,117.3499984741211,113.7677993774414,974800.0,-0.0178271822441105,-0.0179880006165059,2.7399978637695312,40.63640215045994,AME
2021-01-25,116.5999984741211,117.0,114.43000030517578,116.3499984741211,112.79830169677734,1041800.0,-0.0085217230707576,-0.0085582405621045,2.5699996948242188,44.23621606693259,AME
2021-01-26,117.16000366210938,117.41999816894533,113.23999786376952,113.3000030517578,109.84142303466795,930300.0,-0.0262138579892632,-0.0265635661719936,4.18000030517581,35.13100348343049,AME
2021-01-27,111.6999969482422,112.01000213623048,106.95999908447266,111.05999755859376,107.66978454589844,2026000.0,-0.0197706696505935,-0.0199687241331011,5.050003051757827,11.27410568887788,AME
2021-01-28,112.48999786376952,116.0,111.75,114.77999877929688,111.2762451171875,1323800.0,0.0334955678280537,0.0329468116235272,4.25,26.650502090036213,AME
2021-01-29,113.7699966430664,115.38999938964844,112.52999877929688,113.26000213623048,109.8026351928711,1505500.0,-0.0132428077777473,-0.0133312756669064,2.8600006103515625,25.823117205108645,AME
2021-02-01,114.0,115.11000061035156,112.69000244140624,114.87999725341795,111.3731918334961,1177000.0,0.0143034512593096,0.0142021219961237,2.4199981689453267,29.187356619159303,AME
2021-02-02,116.44000244140624,117.16000366210938,115.62999725341795,116.48999786376952,112.93402862548828,836500.0,0.0140144748147799,0.0139171800323712,1.5300064086914205,34.004201740287314,AME
2021-02-03,116.1500015258789,116.77999877929688,115.41999816894533,116.52999877929688,112.97281646728516,956100.0,0.0003434557526102,0.0003433967851847,1.3600006103515483,38.42528005509087,AME
2021-02-04,117.5199966430664,119.56999969482422,115.66999816894533,117.1500015258789,113.57391357421876,2128900.0,0.0053207233893091,0.0053066183511658,3.900001525878892,41.54436996524491,AME
2021-02-05,117.41000366210938,118.8000030517578,116.8499984741211,117.0,113.428466796875,2011100.0,-0.0012806354273309,-0.0012814561416451,1.9500045776367043,44.88233690256745,AME
2021-02-08,117.83999633789062,120.12000274658205,117.68000030517578,119.88999938964844,116.2302474975586,1291200.0,0.0247008601967702,0.0244007262852402,2.440002441406264,52.1000850604161,AME
2021-02-09,120.0,122.11000061035156,119.4800033569336,120.91000366210938,117.21912384033205,1397100.0,0.0085079087764501,0.0084719204998235,2.6299972534179688,51.79855707800688,AME
2021-02-10,121.3499984741211,121.3499984741211,119.68000030517578,120.4800033569336,116.80225372314452,983100.0,-0.0035563319664064,-0.0035626707479373,1.6699981689453125,52.26861135391136,AME
2021-02-11,121.52999877929688,122.0,120.0,121.6500015258789,117.9365234375,739000.0,0.0097110259280102,0.0096641769724871,2.0,60.19915876068204,AME
2021-02-12,121.06999969482422,122.0199966430664,120.38999938964844,121.75,118.0334701538086,630800.0,0.0008220245389882,0.0008216868618568,1.6299972534179688,63.379557774051335,AME
2021-02-16,122.4800033569336,122.5999984741211,120.62000274658205,121.2300033569336,117.5293426513672,632100.0,-0.0042710555047179,-0.0042802025165012,1.9799957275390483,72.46444531933783,AME
2021-02-17,120.62999725341795,121.26000213623048,119.62999725341795,120.20999908447266,116.5404815673828,848200.0,-0.0084137378945248,-0.008449333187469,1.6300048828125284,77.84531349986375,AME
2021-02-18,119.7300033569336,119.93000030517578,117.95999908447266,118.9499969482422,115.31893920898438,810300.0,-0.0104816999378206,-0.0105370198587097,1.970001220703125,64.92472909911504,AME
2021-02-19,119.77999877929688,122.3000030517578,119.38999938964844,120.86000061035156,117.17063903808594,863600.0,0.0160572048425269,0.0159296515501457,2.910003662109361,76.46230021181026,AME
2021-02-22,120.25,120.87999725341795,119.0,120.13999938964844,116.47261810302734,762700.0,-0.0059573024504177,-0.0059751179668447,1.8799972534179543,69.5392836679567,AME
2021-02-23,119.61000061035156,120.5500030517578,118.06999969482422,119.94000244140624,116.27872467041016,1300700.0,-0.0016647125803052,-0.0016660997540034,2.4800033569335795,64.31532668239268,AME
2021-02-24,120.5199966430664,123.6999969482422,119.91999816894533,123.01000213623048,119.25499725341795,816000.0,0.025596020178618,0.0252739266956728,3.779998779296875,71.48531964259047,AME
2021-02-25,123.12999725341795,123.8499984741211,119.68000030517578,120.3000030517578,116.62773895263672,859500.0,-0.0220305929419317,-0.0222768905633039,4.1699981689453125,59.17292409456925,AME
2021-02-26,120.91999816894533,120.91999816894533,117.8000030517578,117.97000122070312,114.36886596679688,1426100.0,-0.0193682309725407,-0.019558252750063,3.1199951171875284,52.506488890190326,AME
2021-03-01,119.52999877929688,123.05999755859376,119.52999877929688,122.27999877929688,118.54730224609376,828400.0,0.0365347356028691,0.0358831647324289,3.529998779296889,55.7535277894288,AME
2021-03-02,122.52999877929688,122.9499969482422,121.81999969482422,122.38999938964844,118.65393829345705,717300.0,0.0008995231889961,0.0008991188604627,1.129997253417983,53.72607308067531,AME
2021-03-03,122.0199966430664,124.0,121.80999755859376,122.4800033569336,118.7411880493164,839200.0,0.0007353296242351,0.0007350594018672,2.190002441406236,55.12292686152096,AME
2021-03-04,122.2699966430664,123.11000061035156,118.41000366210938,120.38999938964844,116.71499633789062,862200.0,-0.0170639332881211,-0.0172111999003705,4.699996948242188,46.917827733467206,AME
2021-03-05,121.4800033569336,122.76000213623048,118.86000061035156,122.25,118.51820373535156,982600.0,0.0154496633169627,0.015331532436498,3.900001525878921,51.126120936544105,AME
2021-03-08,123.30999755859376,125.77999877929688,122.0500030517578,123.4800033569336,119.7106704711914,1490600.0,0.0100614648067278,0.0100111852457869,3.7299957275390767,54.91055372907768,AME
2021-03-09,124.23999786376952,124.45999908447266,120.62000274658205,120.62999725341795,116.94766235351562,1435600.0,-0.023080717088964,-0.0233512476389051,3.839996337890611,50.84883243790024,AME
2021-03-10,121.12999725341795,124.0199966430664,120.23999786376952,123.72000122070312,119.94335174560548,1565100.0,0.0256156414912709,0.0252930581320039,3.779998779296889,58.97633809608296,AME
2021-03-11,123.69000244140624,124.69000244140624,121.69000244140624,121.91000366210938,118.18858337402344,1245300.0,-0.0146299761182581,-0.0147380495889456,3.0,51.983371219711465,AME
2021-03-12,122.04000091552734,122.0999984741211,120.41000366210938,121.56999969482422,118.05265045166016,1075700.0,-0.0011501358124675,-0.0011507977262369,1.6899948120117188,53.14748934007561,AME
2021-03-15,121.29000091552734,122.8499984741211,119.75,122.77999877929688,119.22762298583984,1096700.0,0.0099529534464861,0.0099037490221981,3.0999984741210938,55.653353942858885,AME
2021-03-16,123.5500030517578,124.11000061035156,120.73999786376952,120.83999633789062,117.34375762939452,610000.0,-0.0158005779975087,-0.0159267378269087,3.370002746582045,46.175770158458775,AME
2021-03-17,120.76000213623048,123.16999816894533,120.1999969482422,121.70999908447266,118.18859100341795,868300.0,0.0071996447965443,0.0071738510836652,2.970001220703125,53.36301654943952,AME
2021-03-18,121.44000244140624,124.0,121.25,121.66999816894533,118.1497573852539,827200.0,-0.0003285733236546,-0.0003286273156963,2.75,59.008088518912885,AME
2021-03-19,121.12999725341795,122.41000366210938,120.11000061035156,120.76000213623048,117.26607513427734,1226600.0,-0.0074793403772731,-0.0075074508966533,2.3000030517578125,46.37894222065436,AME
2021-03-22,120.91999816894533,123.2699966430664,120.25,122.88999938964844,119.33441925048828,1456700.0,0.017638043345806,0.0174842982683154,3.0199966430664062,51.731235374407376,AME
2021-03-23,122.33999633789062,124.72000122070312,121.12999725341795,121.66999816894533,118.1497573852539,1205100.0,-0.0099272437296378,-0.009976847371662,3.5900039672851705,48.57489730877666,AME
2021-03-24,122.20999908447266,124.5199966430664,122.0199966430664,122.80999755859376,119.25675201416016,932900.0,0.0093694193996238,0.0093257986454261,2.5,56.4084571251822,AME
2021-03-25,123.11000061035156,123.23999786376952,120.63999938964844,123.0500030517578,119.48983001708984,1254800.0,0.0019544218586635,0.001952514461098,2.5999984741210795,52.660367165888935,AME
2021-03-26,124.0,127.5199966430664,122.83999633789062,127.31999969482422,123.6362762451172,1045800.0,0.0347012480261652,0.0341127358000373,4.680000305175781,59.25190967620826,AME
2021-03-29,126.51000213623048,128.83999633789062,126.05999755859376,128.2100067138672,124.50052642822266,1354800.0,0.0069902637749459,0.0069659451444471,2.779998779296861,69.55044033314991,AME
2021-03-30,127.95999908447266,129.1300048828125,127.13999938964844,127.44000244140624,123.7528076171875,1011900.0,-0.0060057481882715,-0.006023855227869,1.9900054931640625,61.15939347046084,AME
2021-03-31,127.79000091552734,128.9499969482422,126.27999877929688,127.7300033569336,124.03440856933594,1247900.0,0.0022755116232962,0.0022729265675292,2.6699981689453125,68.74236826450421,AME
2021-04-01,128.3300018310547,128.99000549316406,127.0,128.66000366210938,124.9375228881836,701000.0,0.007281159552938,0.0072547798830484,1.9900054931640625,71.03870464765379,AME
2021-04-05,129.77999877929688,130.7899932861328,128.8300018310547,130.7100067138672,126.92822265625,738000.0,0.0159335620080129,0.0158079552937614,1.959991455078125,72.41397228868199,AME
2021-04-06,130.61000061035156,131.7899932861328,129.3699951171875,129.7899932861328,126.0348129272461,947300.0,-0.0070387003796898,-0.0070635888884731,2.4199981689453125,76.84468009897498,AME
2021-04-07,129.66000366210938,130.11000061035156,128.64999389648438,129.5500030517578,125.80174255371094,555300.0,-0.0018492539332739,-0.001850965914246,1.4600067138671875,74.43887409903684,AME
2021-04-08,129.02999877929688,131.08999633789062,128.42999267578125,130.32000732421875,126.54949188232422,1945900.0,0.0059438709944261,0.0059262758808579,2.660003662109375,75.79007385391505,AME
2021-04-09,130.9199981689453,131.47999572753906,130.08999633789062,131.2899932861328,127.49140167236328,865000.0,0.0074430151874091,0.0074154526310589,1.3899993896484375,81.28341322318678,AME
2021-04-12,131.3300018310547,133.10000610351562,131.3300018310547,132.99000549316406,129.1422119140625,784100.0,0.0129484045201855,0.0128652906230869,1.7700042724609375,80.79270322877049,AME
2021-04-13,132.3800048828125,132.58999633789062,130.97999572753906,131.86000061035156,128.04490661621094,1022200.0,-0.00849687551102,-0.0085331797524357,1.6100006103515625,81.23832154991067,AME
2021-04-14,132.38999938964844,132.60000610351562,131.00999450683594,131.11000061035156,127.31661987304688,707000.0,-0.0056877447327675,-0.0057039815493558,1.5900115966796875,76.06777078035297,AME
2021-04-15,131.47999572753906,133.9499969482422,131.47999572753906,133.14999389648438,129.29759216308594,1006000.0,0.0155594162962728,0.0154396097272582,2.470001220703125,78.49876806829474,AME
2021-04-16,134.3300018310547,134.8000030517578,132.2899932861328,132.85000610351562,129.00628662109375,1456900.0,-0.0022529850488225,-0.0022555268380974,2.510009765625,70.10907948117247,AME
2021-04-19,133.0,133.27999877929688,130.91000366210938,132.1199951171875,128.29739379882812,727500.0,-0.0054950254040543,-0.0055101785930835,2.3699951171875,64.38551062965064,AME
2021-04-20,131.5,132.22000122070312,130.1300048828125,130.88999938964844,127.10298919677734,723400.0,-0.0093096560006793,-0.0093532616951242,2.089996337890625,62.27754524586405,AME
2021-04-21,131.0500030517578,133.1699981689453,130.6699981689453,133.08999633789062,129.23931884765625,624900.0,0.016807863169697,0.0166681741142847,2.5,66.79191764448741,AME
2021-04-22,133.63999938964844,134.24000549316406,132.92999267578125,133.52999877929688,129.6665802001953,946300.0,0.0033059703219475,0.0033005176164128,1.3100128173828125,65.7400113863923,AME
2021-04-23,133.7899932861328,135.61000061035156,133.50999450683594,135.00999450683594,131.1038055419922,540900.0,0.0110840074564926,0.0110230300150427,2.100006103515625,64.429477471853,AME
2021-04-26,135.27999877929688,136.0399932861328,134.44000244140625,134.69000244140625,130.7930450439453,768000.0,-0.0023703392648456,-0.0023731529661246,1.5999908447265625,67.13284907502488,AME
2021-04-27,134.9199981689453,135.35000610351562,133.63999938964844,135.10000610351562,131.191162109375,543000.0,0.0030438703013293,0.0030392471073497,1.7100067138671875,69.17761286090949,AME
2021-04-28,134.97000122070312,136.0500030517578,134.4600067138672,135.07000732421875,131.1620635986328,737100.0,-0.0002218023704823,-0.0002218269722659,1.589996337890625,67.29799186399632,AME
2021-04-29,136.0800018310547,137.83999633789062,135.1999969482422,137.08999633789062,133.12359619140625,948000.0,0.0149550299755567,0.0148443060694343,2.639999389648437,69.6212227930799,AME
2021-04-30,135.86000061035156,136.27999877929688,134.55999755859375,134.92999267578125,131.02603149414062,881900.0,-0.0157565206866086,-0.0158819742110801,1.720001220703125,56.364660867269976,AME
2021-05-03,136.10000610351562,136.10000610351562,133.86000061035156,134.30999755859375,130.42405700683594,1104200.0,-0.0045943121411839,-0.004604898430131,2.2400054931640625,58.31654059220681,AME
2021-05-04,133.82000732421875,136.88999938964844,133.1300048828125,136.02999877929688,132.0943145751953,1462200.0,0.0128063610862207,0.0127250530813971,3.7599945068359375,65.66899399684931,AME
2021-05-05,136.94000244140625,137.39999389648438,134.9499969482422,136.8800048828125,132.919677734375,1381200.0,0.0062482867777768,0.0062288471680953,2.4499969482421875,62.85331077920053,AME
2021-05-06,136.2100067138672,137.2899932861328,134.69000244140625,135.83999633789062,131.90975952148438,1509200.0,-0.0075979586326475,-0.00762697016605,2.5999908447265625,59.80326696568686,AME
2021-05-07,135.38999938964844,138.05999755859375,134.7899932861328,137.3300018310547,133.35665893554688,1545400.0,0.010968857947367,0.0109091363466622,3.270004272460937,66.27117912116279,AME
2021-05-10,137.8000030517578,139.07000732421875,136.9199981689453,137.08999633789062,133.12359619140625,886000.0,-0.001747664841043,-0.0017491937888933,2.150009155273437,70.63920537020599,AME
2021-05-11,135.6699981689453,136.4199981689453,134.14999389648438,136.13999938964844,132.2010955810547,1333700.0,-0.0069296551230871,-0.0069537766838042,2.270004272460937,61.07493064724295,AME
2021-05-12,135.77999877929688,135.86000061035156,130.47000122070312,130.83999633789062,127.05440521240234,1660800.0,-0.0389307694163307,-0.0397088324571118,5.3899993896484375,42.78044330785136,AME
2021-05-13,131.52999877929688,133.99000549316406,131.16000366210938,133.4199981689453,129.55978393554688,856400.0,0.0197189441716418,0.0195270443969376,2.8300018310546875,45.97053070534528,AME
2021-05-14,134.22999572753906,134.8699951171875,133.75,134.33999633789062,130.45318603515625,716900.0,0.0068956745100301,0.0068720080815905,1.1199951171875,49.13923833432782,AME
2021-05-17,133.72999572753906,134.4199981689453,132.1699981689453,133.94000244140625,130.06471252441406,713200.0,-0.0029778767583146,-0.0029823194553702,2.25,47.14564432662833,AME
2021-05-18,133.83999633789062,134.30999755859375,132.02000427246094,132.0800018310547,128.258544921875,786700.0,-0.0138866843087822,-0.0139840063467082,2.2899932861328125,43.25051467552387,AME
2021-05-19,130.39999389648438,131.66000366210938,129.6699981689453,131.52999877929688,127.7244873046875,911900.0,-0.0041639145174522,-0.0041726077498164,1.9900054931640625,36.5571490986456,AME
2021-05-20,132.39999389648438,132.57000732421875,131.32000732421875,132.3800048828125,128.54986572265625,715500.0,0.0064621783605192,0.0064413880051927,1.25,43.41778744399493,AME
2021-05-21,133.02000427246094,133.86000061035156,131.97999572753906,132.85000610351562,129.00628662109375,1615000.0,0.0035505357852509,0.0035442475131641,1.8800048828125,46.20185224851655,AME
2021-05-24,133.58999633789062,134.2100067138672,132.6199951171875,133.69000244140625,129.82199096679688,1077600.0,0.0063229813605822,0.0063030751808094,1.5900115966796875,43.620443847362566,AME
2021-05-25,133.8800048828125,134.52999877929688,132.97000122070312,133.1199951171875,129.2684326171875,787000.0,-0.0042639798194972,-0.0042730965062562,1.55999755859375,39.59024487860477,AME
2021-05-26,133.1300048828125,133.6300048828125,132.07000732421875,133.49000549316406,129.6277618408203,561900.0,0.0027797136265814,0.0027758573672034,1.55999755859375,43.24333970658928,AME
2021-05-27,134.61000061035156,134.9600067138672,134.1699981689453,134.3800048828125,130.4920196533203,853600.0,0.0066672277622235,0.0066451000982054,0.790008544921875,41.215124788961226,AME
2021-05-28,135.1199951171875,135.57000732421875,134.02000427246094,135.10000610351562,131.191162109375,875400.0,0.0053577410933796,0.0053434394587954,1.5500030517578125,44.23857828762343,AME
2021-06-01,136.3300018310547,136.9499969482422,135.17999267578125,135.77000427246094,131.84182739257812,728100.0,0.0049596731421637,0.0049474144792577,1.7700042724609375,48.91121790069678,AME
2021-06-02,135.60000610351562,136.86000061035156,135.05999755859375,135.8699951171875,131.93890380859375,1205900.0,0.000736309697275,0.0007360387542803,1.8000030517578125,71.33152744319942,AME
2021-06-03,135.2100067138672,137.57000732421875,134.67999267578125,136.8300018310547,132.87110900878906,1094400.0,0.0070654308417452,0.0070405876352532,2.8900146484375,66.76477813674731,AME
2021-06-04,137.33999633789062,137.94000244140625,136.89999389648438,137.6999969482422,133.71591186523438,999700.0,0.0063580628079911,0.0063379355949958,1.040008544921875,66.60041798775848,AME
2021-06-07,138.05999755859375,138.10000610351562,135.80999755859375,136.67999267578125,132.7254638671875,724300.0,-0.0074071064859139,-0.0074346753203877,2.290008544921875,62.75624040767298,AME
2021-06-08,136.99000549316406,137.39999389648438,135.74000549316406,136.7100067138672,132.75462341308594,584500.0,0.0002196982029583,0.0002196740728422,1.6599884033203125,75.98226551987457,AME
2021-06-09,136.42999267578125,136.4499969482422,135.41000366210938,135.7100067138672,131.78353881835938,567700.0,-0.0073148834274863,-0.0073417683743324,1.0399932861328125,72.32889912569334,AME
2021-06-10,136.27000427246094,137.0,135.5,136.35000610351562,132.40501403808594,718100.0,0.0047158789731938,0.0047047940523841,1.5,71.6938944787046,AME
2021-06-11,137.0,137.41000366210938,135.57000732421875,135.86000061035156,132.12298583984375,673100.0,-0.0021300416777347,-0.0021323134430523,1.839996337890625,67.8895739910314,AME
2021-06-14,135.4600067138672,136.25999450683594,134.83999633789062,136.17999267578125,132.4341583251953,553600.0,0.0023551729729205,0.0023524038999659,1.4199981689453125,65.91541701142586,AME
2021-06-15,136.2100067138672,137.5399932861328,135.57000732421875,137.16000366210938,133.38723754882812,548200.0,0.0071966268799965,0.0071708547352404,1.9699859619140625,73.9300493973383,AME
2021-06-16,137.16000366210938,137.6199951171875,135.33999633789062,135.39999389648438,131.67564392089844,720900.0,-0.0128317645629563,-0.0129148027698328,2.279998779296875,60.28240017161594,AME
2021-06-17,135.82000732421875,136.1199951171875,132.97000122070312,133.99000549316406,130.30442810058594,870300.0,-0.0104135873536053,-0.0104681881452537,3.149993896484375,49.10373204402167,AME
2021-06-18,132.11000061035156,133.0,130.57000732421875,130.64999389648438,127.05630493164062,1545100.0,-0.0249271894769224,-0.0252431333129457,2.42999267578125,34.11396961404347,AME
2021-06-21,132.07000732421875,133.91000366210938,131.55999755859375,133.72000122070312,130.04188537597656,779200.0,0.0234980896535772,0.0232262596334176,2.350006103515625,44.13663182276832,AME
2021-06-22,133.86000061035156,134.24000549316406,133.11000061035156,133.6199951171875,129.94459533691406,662800.0,-0.0007481438675025,-0.0007484238667876,1.1300048828125,43.50356734918668,AME
2021-06-23,133.97000122070312,134.19000244140625,132.86000061035156,133.27999877929688,129.61395263671875,594800.0,-0.0025444898215123,-0.0025477325376115,1.3300018310546875,38.95706695774983,AME
2021-06-24,134.0399932861328,134.25999450683594,132.83999633789062,133.6300048828125,129.9542999267578,758500.0,0.0026258537998065,0.0026224122690388,1.4199981689453125,36.79509772937881,AME
2021-06-25,133.72000122070312,134.50999450683594,133.61000061035156,133.64999389648438,129.97372436523438,1042300.0,0.0001494713025078,0.0001494601327857,0.899993896484375,39.6334593381528,AME
2021-06-28,133.80999755859375,133.91000366210938,132.2100067138672,133.22999572753906,129.56529235839844,1307900.0,-0.003142419814702,-0.0031473675838788,1.6999969482421875,38.31874312591096,AME
2021-06-29,133.77000427246094,134.5399932861328,132.85000610351562,132.97999572753906,129.32220458984375,648600.0,-0.0018761796784455,-0.0018779419080563,1.6899871826171875,40.47728684202448,AME
2021-06-30,132.77999877929688,133.6999969482422,132.61000061035156,133.5,129.82789611816406,709300.0,0.0039103225151795,0.003902697076246,1.089996337890625,39.93919219982701,AME
2021-07-01,134.3800048828125,134.69000244140625,133.47999572753906,133.94000244140625,130.25579833984375,607800.0,0.0032959189394106,0.0032904993037711,1.2100067138671875,42.79277581320398,AME
2021-07-02,133.9600067138672,135.1699981689453,133.52999877929688,134.94000244140625,131.22830200195312,775800.0,0.0074661064958663,0.0074383730776533,1.6399993896484375,45.571560978944646,AME
2021-07-06,134.5399932861328,134.72000122070312,131.57000732421875,133.0,129.3416748046875,1240000.0,-0.0143766791803611,-0.0144810249369118,3.149993896484375,36.09625275840949,AME
2021-07-07,132.8699951171875,135.57000732421875,132.60000610351562,135.27999877929688,131.55894470214844,980600.0,0.0171427337770995,0.0169974550820042,2.970001220703125,49.61240152931112,AME
2021-07-08,133.10000610351562,134.2899932861328,131.6699981689453,133.02999877929688,129.37081909179688,900900.0,-0.0166322830827315,-0.0167721525711458,2.6199951171875,47.058766975123184,AME
2021-07-09,134.77000427246094,135.9600067138672,134.4499969482422,135.47000122070312,131.7436981201172,912300.0,0.0183416866722982,0.0181755068733253,1.510009765625,65.62901609235169,AME
2021-07-12,134.5800018310547,136.69000244140625,134.1199951171875,136.3000030517578,132.55088806152344,1111300.0,0.0061269719381209,0.0061082783633682,2.57000732421875,59.78747669648405,AME
2021-07-13,135.8300018310547,136.27000427246094,134.72000122070312,135.00999450683594,131.29640197753906,722500.0,-0.0094641846790352,-0.0095092546673978,1.5500030517578125,54.83665269042628,AME
2021-07-14,135.4600067138672,135.7100067138672,134.0399932861328,134.82000732421875,131.1116180419922,1089900.0,-0.0014073800406083,-0.0014083713300875,1.670013427734375,55.41504235441325,AME
2021-07-15,134.0,136.10000610351562,134.0,135.72999572753906,131.99658203125,876600.0,0.0067496992446114,0.0067270220104808,2.100006103515625,57.104396835153445,AME
2021-07-16,136.0399932861328,137.1999969482422,135.39999389648438,136.22999572753906,132.48281860351562,2951000.0,0.0036837057807337,0.0036769375529417,1.8000030517578125,58.45371933627126,AME
2021-07-19,134.47999572753906,134.47999572753906,131.6300048828125,133.05999755859375,129.40000915527344,1268800.0,-0.0232695037797179,-0.0235445132828891,2.8499908447265625,49.528154768023946,AME
2021-07-20,133.6300048828125,137.3000030517578,133.19000244140625,136.72999572753906,132.9690704345703,1064800.0,0.027581615353784,0.0272080952350273,4.1100006103515625,58.74945544935039,AME
2021-07-21,137.5,137.88999938964844,136.60000610351562,137.02000427246094,133.25106811523438,764000.0,0.0021207765064645,0.0021185308344545,1.2899932861328125,58.30188469779336,AME
2021-07-22,137.25,137.58999633789062,135.92999267578125,137.1699981689453,133.39694213867188,758600.0,0.0010947306126758,0.0010941318320811,1.660003662109375,57.72356381438053,AME
2021-07-23,137.99000549316406,138.1300048828125,136.69000244140625,137.8300018310547,134.038818359375,682700.0,0.0048117761202941,0.0048002365280625,1.44000244140625,57.02482238667759,AME
2021-07-26,137.57000732421875,138.3800048828125,136.75,137.25,133.4747772216797,727700.0,-0.004208043196733,-0.0042169219273145,1.6300048828125,61.06196352741978,AME
2021-07-27,136.5800018310547,137.83999633789062,135.63999938964844,137.02999877929688,133.2608184814453,636700.0,-0.0016029900531621,-0.0016042762163723,2.1999969482421875,55.10206508890898,AME
2021-07-28,137.3000030517578,137.77999877929688,135.92999267578125,136.8699951171875,133.10520935058594,467200.0,-0.0011677035503203,-0.0011683858473098,1.850006103515625,62.749042794259374,AME
2021-07-29,138.1199951171875,138.83999633789062,137.4199981689453,138.60000610351562,134.7876434326172,544200.0,0.0126398815661668,0.0125606650893358,1.4199981689453125,60.90603733314673,AME
2021-07-30,138.55999755859375,139.69000244140625,138.38999938964844,139.0500030517578,135.22528076171875,945600.0,0.0032468653502377,0.0032416056648548,1.3000030517578125,59.84262492460889,AME
2021-08-02,139.39999389648438,140.10000610351562,137.92999267578125,138.22999572753906,134.42779541015625,1013200.0,-0.0058974575395244,-0.0059149162172874,2.170013427734375,61.925693305610025,AME
2021-08-03,137.8800048828125,139.8000030517578,137.00999450683594,138.77000427246094,134.9529571533203,928800.0,0.0039066455085552,0.0038990343851911,2.790008544921875,64.25977156814099,AME
2021-08-04,139.13999938964844,139.72000122070312,136.42999267578125,136.72000122070312,132.9593505859375,1085300.0,-0.0147726037979135,-0.0148828053654943,3.290008544921875,53.30217612024661,AME
2021-08-05,137.47000122070312,137.80999755859375,136.10000610351562,136.89999389648438,133.13438415527344,885800.0,0.001316444225732,0.0013155784727593,1.709991455078125,52.28353699296773,AME
2021-08-06,137.88999938964844,138.0399932861328,136.13999938964844,136.82000732421875,133.05661010742188,1174200.0,-0.0005841770204221,-0.0005843477182994,1.899993896484375,66.23489066266325,AME
2021-08-09,136.9199981689453,136.9199981689453,135.8000030517578,136.0500030517578,132.3077392578125,694700.0,-0.0056282123000487,-0.0056441103667543,1.1199951171875,46.08279270371448,AME
2021-08-10,136.10000610351562,137.16000366210938,136.0,136.8000030517578,133.03713989257812,1237100.0,0.0055129098181045,0.0054977693506387,1.160003662109375,48.796636762832726,AME
2021-08-11,137.30999755859375,137.60000610351562,136.6300048828125,137.4499969482422,133.6692352294922,1282200.0,0.0047512697388447,0.0047400180824732,0.970001220703125,51.452232181367485,AME
2021-08-12,137.55999755859375,137.80999755859375,136.88999938964844,137.25,133.4747772216797,545700.0,-0.0014547701083098,-0.0014558293137354,0.9199981689453124,46.84101408874388,AME
2021-08-13,137.1999969482422,137.30999755859375,136.24000549316406,137.24000549316406,133.46505737304688,393300.0,-7.282161345489868e-05,-7.282426507732284e-05,1.0699920654296875,49.94195889195242,AME
2021-08-16,137.14999389648438,137.6699981689453,136.10000610351562,137.61000061035156,133.82485961914062,682400.0,0.0026958535303218,0.0026922262348358,1.5699920654296875,53.31045464233837,AME
2021-08-17,136.89999389648438,137.27999877929688,135.19000244140625,136.27000427246094,132.52174377441406,577000.0,-0.009737472159023,-0.0097851913700564,2.089996337890625,46.982052374863855,AME
2021-08-18,135.63999938964844,136.47000122070312,134.8800048828125,135.0,131.28668212890625,636900.0,-0.0093196905679886,-0.0093633906099661,1.589996337890625,31.012709557077144,AME
2021-08-19,133.86000061035156,135.4499969482422,133.60000610351562,134.3699951171875,130.67393493652344,676000.0,-0.0046672456219221,-0.0046781712209943,1.8499908447265625,25.776109487758816,AME
2021-08-20,134.27999877929688,135.77999877929688,133.8699951171875,134.77000427246094,131.06295776367188,584400.0,0.0029770499169357,0.0029726272792663,1.910003662109375,31.27706326053068,AME
2021-08-23,135.61000061035156,136.0500030517578,134.94000244140625,135.2899932861328,131.56866455078125,503300.0,0.003858502781703,0.0038510778531212,1.1100006103515625,31.12795108428364,AME
2021-08-24,135.52999877929688,136.60000610351562,135.49000549316406,136.0800018310547,132.33694458007812,423400.0,0.0058393845671387,0.0058224014430003,1.1100006103515625,45.97985492391391,AME
2021-08-25,136.24000549316406,136.77999877929688,135.3800048828125,136.63999938964844,132.88156127929688,713700.0,0.0041153791252086,0.0041069341142225,1.399993896484375,48.44141844185114,AME
2021-08-26,136.61000061035156,136.61000061035156,135.82000732421875,135.97999572753906,132.2397003173828,458900.0,-0.0048303237539855,-0.0048420274714759,0.7899932861328125,45.29145536834069,AME
2021-08-27,136.5500030517578,137.3800048828125,136.41000366210938,136.83999633789062,133.07608032226562,505100.0,0.0063247270137141,0.0063048098640573,0.970001220703125,54.38437319327672,AME
2021-08-30,137.52000427246094,137.9499969482422,136.72999572753906,137.1199951171875,133.34835815429688,564100.0,0.0020460313481722,0.0020439410767217,1.220001220703125,51.87364731042137,AME
2021-08-31,137.0500030517578,137.22000122070312,135.67999267578125,135.97000122070312,132.22996520996094,934700.0,-0.0083870019834954,-0.0084223707822598,1.540008544921875,41.81436971931213,AME
2021-09-01,136.36000061035156,136.36000061035156,133.89999389648438,134.17999267578125,130.48919677734375,1035900.0,-0.0131647046102834,-0.0132521274455842,2.4600067138671875,35.55981962966516,AME
2021-09-02,134.77000427246094,135.91000366210938,134.41000366210938,135.80999755859375,132.07437133789062,1238400.0,0.0121479371449553,0.0120747431311481,1.5,44.16325966001661,AME
2021-09-03,135.57000732421875,135.88999938964844,134.83999633789062,135.39999389648438,131.67564392089844,697000.0,-0.0030189613090954,-0.003023527565338,1.0500030517578125,41.009070656649165,AME
2021-09-07,134.5800018310547,134.82000732421875,133.11000061035156,133.1300048828125,129.46807861328125,1419700.0,-0.0167651757142219,-0.0169073020270307,1.7100067138671875,38.12411802475524,AME
2021-09-08,132.75,133.1699981689453,131.3800048828125,132.8800048828125,129.22496032714844,1264400.0,-0.0018778241612668,-0.0018795894833796,1.7899932861328125,41.31148552975265,AME
2021-09-09,132.72999572753906,133.4199981689453,131.5,131.75999450683594,128.13575744628906,1013000.0,-0.0084287344960441,-0.0084644571514617,1.9199981689453125,39.71656284851617,AME
2021-09-10,132.52000427246094,132.77999877929688,130.35000610351562,130.42999267578125,126.8423309326172,1297200.0,-0.0100941886905693,-0.0101454804710911,2.42999267578125,34.067693711357705,AME
2021-09-13,131.39999389648438,131.49000549316406,129.05999755859375,130.5500030517578,127.15402221679688,1599900.0,0.0024573128062843,0.0024542985501406,2.4300079345703125,33.087583679978266,AME
2021-09-14,131.33999633789062,131.97999572753906,130.13999938964844,131.24000549316406,127.82606506347656,1614900.0,0.0052852661281439,0.0052713481278065,1.839996337890625,32.59052924791082,AME
2021-09-15,131.30999755859375,132.67999267578125,130.72000122070312,131.42999267578125,128.01109313964844,1950100.0,0.0014474988030022,0.0014464521864722,1.959991455078125,30.66608194856495,AME
2021-09-16,131.69000244140625,132.7100067138672,130.3300018310547,132.3800048828125,128.93643188476562,1349300.0,0.0072285824800177,0.0072025815026334,2.3800048828125,37.17589186384168,AME
2021-09-17,131.64999389648438,131.9499969482422,130.00999450683594,130.13999938964844,126.75466918945312,1617800.0,-0.0169212274872194,-0.0170660272411361,1.94000244140625,27.779875522678125,AME
2021-09-20,127.7699966430664,128.05999755859375,126.33999633789062,127.76000213623048,124.43659973144533,1867600.0,-0.0182878427503377,-0.0184571324857741,1.720001220703125,22.61343291840592,AME
2021-09-21,128.57000732421875,128.5800018310547,126.3000030517578,127.44000244140624,124.12493896484376,1149600.0,-0.0025045747575406,-0.0025077164517336,2.279998779296889,23.79317184072559,AME
2021-09-22,127.9499969482422,128.66000366210938,127.55999755859376,127.83999633789062,124.51451873779295,1183600.0,0.00313860998602,0.0031336948315144,1.1000061035156108,28.83179735086935,AME
2021-09-23,128.60000610351562,130.0500030517578,128.24000549316406,129.24000549316406,125.8781280517578,862400.0,0.01095140813929,0.0108918757173782,1.80999755859375,27.696630632867013,AME
2021-09-24,128.6999969482422,130.14999389648438,128.5399932861328,129.61000061035156,126.2384796142578,1124500.0,0.0028627019489186,0.0028586122209501,1.6100006103515625,30.37471608245545,AME
2021-09-27,129.66000366210938,131.32000732421875,129.5,129.5399932861328,126.17030334472656,960200.0,-0.0005400593364207,-0.0005402052209907,1.82000732421875,35.92265514370902,AME
2021-09-28,129.08999633789062,129.50999450683594,127.06999969482422,127.26000213623048,123.9496078491211,929100.0,-0.017600777970217,-0.0177575134973668,2.4399948120117188,30.73371974505953,AME
2021-09-29,127.6999969482422,127.9000015258789,126.58000183105467,126.83000183105467,123.5308074951172,810500.0,-0.0033787953126377,-0.0033845163319238,1.319999694824233,32.31617707378692,AME
2021-09-30,127.20999908447266,127.6500015258789,123.9800033569336,124.01000213623048,120.78414916992188,1171000.0,-0.0222346018850714,-0.022485516951033,3.669998168945313,29.071418706570952,AME
2021-10-01,124.44000244140624,125.70999908447266,122.5,124.95999908447266,121.70943450927734,1749900.0,0.0076606520451103,0.0076314582511035,3.209999084472656,31.95609992662412,AME
2021-10-04,124.55999755859376,125.27999877929688,122.37999725341795,123.11000061035156,119.90756225585938,1079600.0,-0.0148047048339594,-0.0149153882586871,2.9000015258789205,25.585628393191428,AME
2021-10-05,123.54000091552734,126.0999984741211,123.0,125.41000366210938,122.14772033691406,1430700.0,0.0186823753140326,0.0185100033098364,3.0999984741210938,33.955322658093024,AME
2021-10-06,124.0,125.5,122.58000183105467,125.4499969482422,122.18669128417967,964000.0,0.0003190476838872,0.0003189967989977,2.9199981689453267,30.588185215545806,AME
2021-10-07,126.55999755859376,127.0999984741211,125.2699966430664,125.5199966430664,122.25487518310548,1378500.0,0.0005580304876839,0.0005578748465703,1.8300018310546875,35.26789929366487,AME
2021-10-08,125.5999984741211,126.51000213623048,124.93000030517578,126.19000244140624,122.9074249267578,924700.0,0.0053376173561583,0.0053234227644341,1.5800018310547017,44.38074101819058,AME
2021-10-11,126.20999908447266,127.0,124.44000244140624,124.45999908447266,121.2224349975586,816300.0,-0.0137094234152518,-0.013804265377121,2.559997558593764,40.31199275965731,AME
2021-10-12,124.54000091552734,125.01000213623048,123.06999969482422,123.4000015258789,120.19001007080078,1008800.0,-0.0085167809636772,-0.0085532559901999,1.940002441406264,36.15955837323986,AME
2021-10-13,123.73999786376952,124.70999908447266,122.9000015258789,124.2699966430664,121.03738403320312,745500.0,0.0070502861419445,0.0070255490754791,1.80999755859375,33.9779337568269,AME
2021-10-14,125.58999633789062,128.50999450683594,124.95999908447266,128.3800048828125,125.04047393798828,1030000.0,0.033073169391095,0.0325380195662067,3.549995422363281,46.80518689936397,AME
2021-10-15,129.32000732421875,130.27000427246094,128.16000366210938,128.3300018310547,124.99176025390624,925800.0,-0.0003895833288843,-0.0003896592361849,2.1100006103515625,46.85382338037299,AME
2021-10-18,127.2699966430664,129.17999267578125,127.02999877929688,128.97000122070312,125.61511993408205,737900.0,0.0049872061879081,0.0049748112687244,2.149993896484375,54.86069980967076,AME
2021-10-19,129.64999389648438,130.49000549316406,129.08999633789062,130.13999938964844,126.75466918945312,637200.0,0.0090717523174683,0.0090308511498196,1.4000091552734375,59.02881645365141,AME
2021-10-20,130.47999572753906,131.0,129.55999755859375,130.2899932861328,126.90079498291016,700500.0,0.0011528237530928,0.0011521597620508,1.44000244140625,70.0510955659653,AME
2021-10-21,129.6199951171875,130.5399932861328,128.38999938964844,130.52000427246094,127.12480926513672,820800.0,0.0017652709130524,0.0017637146535647,2.149993896484375,68.6077750595351,AME
2021-10-22,131.0800018310547,131.77999877929688,130.58999633789062,131.13999938964844,127.72864532470705,850900.0,0.0047499466316676,0.0047387012311407,1.19000244140625,79.28511886023077,AME
2021-10-25,131.22000122070312,131.69000244140625,129.47000122070312,130.49000549316406,127.09557342529295,712800.0,-0.0049563815368488,-0.0049687051329778,2.220001220703125,71.06140860805193,AME
2021-10-26,130.6999969482422,131.57000732421875,130.1999969482422,130.63999938964844,127.24166870117188,555300.0,0.0011494914570318,0.0011488312975769,1.3700103759765625,71.3229397172843,AME
2021-10-27,130.91000366210938,131.22999572753906,129.80999755859375,129.8800048828125,126.50146484375,619100.0,-0.0058173070581166,-0.0058342934977459,1.4199981689453125,66.95191471917704,AME
2021-10-28,130.10000610351562,132.1300048828125,130.10000610351562,131.99000549316406,128.5565948486328,587700.0,0.0162458988709832,0.0161153463204324,2.029998779296875,70.27993479289728,AME
2021-10-29,131.6699981689453,133.52000427246094,131.22000122070312,132.39999389648438,128.95590209960938,1139800.0,0.0031060814223238,0.0031012675171012,2.3000030517578125,80.58569108615224,AME
2021-11-01,132.52999877929688,134.55999755859375,132.52999877929688,134.0500030517578,130.56298828125,1813900.0,0.0124622925781192,0.0123852774069066,2.029998779296875,89.24117381187513,AME
2021-11-02,135.0,140.24000549316406,134.25999450683594,139.85000610351562,136.2121124267578,2387900.0,0.0432674237919465,0.0423575418041157,5.980010986328125,92.10826049180504,AME
2021-11-03,140.14999389648438,141.1999969482422,138.97000122070312,141.02000427246094,137.35166931152344,1581100.0,0.008366046634644,0.0083312452318828,2.2299957275390625,90.61713565969694,AME
2021-11-04,141.75999450683594,141.8800048828125,139.66000366210938,140.39999389648438,136.7477569580078,979100.0,-0.004396833009331,-0.0044065275067476,2.220001220703125,87.41476017268914,AME
2021-11-05,141.7100067138672,143.22000122070312,140.57000732421875,140.94000244140625,137.27374267578125,1095600.0,0.0038463937506116,0.0038390152924207,2.649993896484375,87.33626950778097,AME
2021-11-08,142.08999633789062,142.5,139.10000610351562,139.3699951171875,135.74459838867188,774400.0,-0.0111393792964541,-0.0112018868121102,3.399993896484375,78.08897483280022,AME
2021-11-09,139.3000030517578,139.8800048828125,138.4499969482422,139.36000061035156,135.73484802246094,681700.0,-7.18287602355927e-05,-7.183134004452826e-05,1.4300079345703125,77.83918865829611,AME
2021-11-10,139.1699981689453,140.00999450683594,138.5,139.4199981689453,135.79330444335938,770400.0,0.0004306662714115,0.0004305735613099,1.5099945068359375,77.60551081506193,AME
2021-11-11,139.67999267578125,140.08999633789062,138.5500030517578,138.72000122070312,135.1114959716797,452700.0,-0.0050209284947777,-0.005033575707848,1.5399932861328125,73.39508939688221,AME
2021-11-12,138.92999267578125,140.32000732421875,138.2899932861328,140.25999450683594,136.61143493652344,575700.0,0.0111014903214317,0.0110403210746005,2.030014038085937,78.58388575456777,AME
2021-11-15,140.74000549316406,140.74000549316406,139.3699951171875,140.08999633789062,136.44586181640625,703500.0,-0.0012120004463325,-0.0012127355128674,1.3700103759765625,77.61537729042371,AME
2021-11-16,140.27999877929688,142.4499969482422,140.08999633789062,141.41000366210938,137.73153686523438,799100.0,0.0094226019881646,0.0093784861813284,2.3600006103515625,82.62573765143134,AME
2021-11-17,141.1999969482422,141.3800048828125,140.13999938964844,141.3300018310547,137.6536102294922,965900.0,-0.0005657864387184,-0.0005659465562632,1.2400054931640625,79.85908410679477,AME
2021-11-18,141.77000427246094,141.86000061035156,140.55999755859375,141.0800018310547,137.4101104736328,564100.0,-0.0017689311268583,-0.0017704975330398,1.3000030517578125,78.0359573531421,AME
2021-11-19,141.42999267578125,143.16000366210938,140.69000244140625,142.47999572753906,138.773681640625,1289200.0,0.0099233685373816,0.0098744552394207,2.470001220703125,77.67539366109966,AME
2021-11-22,142.52999877929688,143.47000122070312,141.94000244140625,141.97999572753906,138.28668212890625,718600.0,-0.0035093074274695,-0.0035154794907889,1.529998779296875,60.72483911834169,AME
2021-11-23,142.6199951171875,143.13999938964844,141.1199951171875,143.11000061035156,139.38726806640625,953800.0,0.0079587269038248,0.0079272232789658,2.020004272460937,60.565945981051705,AME
2021-11-24,142.72999572753906,143.5500030517578,141.8000030517578,143.11000061035156,139.38726806640625,908800.0,0.0,0.0,1.75,64.6169888071872,AME
2021-11-26,140.1699981689453,141.13999938964844,138.58999633789062,139.08999633789062,135.47189331054688,1313600.0,-0.0280899024005121,-0.0284919709809604,2.5500030517578125,42.745187664496726,AME
2021-11-29,140.17999267578125,141.22000122070312,139.52000427246094,140.00999450683594,136.36790466308594,894700.0,0.0066140018467528,0.0065922253038645,1.6999969482421875,52.64445143606614,AME
2021-11-30,139.1199951171875,139.6300048828125,136.24000549316406,136.5,132.94927978515625,1714000.0,-0.025069131086056,-0.0253887141760806,3.389999389648437,40.83335592920763,AME
2021-12-01,138.82000732421875,140.0399932861328,135.7100067138672,135.8000030517578,132.26747131347656,864000.0,-0.0051283352025786,-0.0051415302452871,4.329986572265625,38.8545729392664,AME
2021-12-02,136.3800048828125,139.82000732421875,136.00999450683594,138.8699951171875,135.25759887695312,840300.0,0.0226066736876666,0.0223549298381113,3.810012817382813,50.40302655050522,AME
2021-12-03,139.2899932861328,140.10000610351562,136.99000549316406,139.13999938964844,135.52059936523438,1173700.0,0.0019444414987768,0.0019425535193865,3.1100006103515625,46.770531512265286,AME
2021-12-06,140.4199981689453,140.8800048828125,138.55999755859375,140.00999450683594,136.36790466308594,803800.0,0.0062522251364018,0.00623276106387,2.32000732421875,49.77815911579756,AME
2021-12-07,141.0,142.11000061035156,139.83999633789062,140.39999389648438,136.94338989257812,703900.0,0.004220092923727,0.0042112133046971,2.270004272460937,47.66271659194286,AME
2021-12-08,140.57000732421875,141.24000549316406,139.2100067138672,141.05999755859375,137.58712768554688,626700.0,0.004700758419035,0.0046897443569873,2.029998779296875,49.80924469304463,AME
2021-12-09,140.85000610351562,141.85000610351562,140.3000030517578,141.08999633789062,137.61642456054688,849000.0,0.0002129332554057,0.0002129105883377,1.5500030517578125,50.599334575058,AME
2021-12-10,141.7899932861328,142.83999633789062,141.05999755859375,142.75,139.23561096191406,678200.0,0.0117659385973569,0.0116972581435576,1.779998779296875,51.32225030203021,AME
2021-12-13,142.80999755859375,143.49000549316406,142.1300048828125,142.5,138.99171447753906,1153000.0,-0.0017516817909587,-0.0017532177794779,1.3600006103515625,52.04660437748766,AME
2021-12-14,143.22000122070312,143.6999969482422,140.47000122070312,141.13999938964844,137.6652069091797,1022400.0,-0.0095437888031357,-0.0095896226073772,3.2299957275390625,45.06583003024587,AME
2021-12-15,141.60000610351562,144.49000549316406,140.72000122070312,144.27999877929688,140.7279052734375,903700.0,0.0222474395166407,0.0220035755068641,3.7700042724609375,53.26776479829567,AME
2021-12-16,144.92999267578125,145.05999755859375,142.13999938964844,143.85000610351562,140.30848693847656,1122600.0,-0.0029803494491443,-0.0029847995346366,2.9199981689453125,64.21097654032835,AME
2021-12-17,143.14999389648438,143.72999572753906,139.17999267578125,139.8300018310547,136.38743591308594,1836400.0,-0.0279459290806118,-0.0283438475510175,4.5500030517578125,50.04872544884513,AME
2021-12-20,138.55999755859375,139.7899932861328,136.94000244140625,138.99000549316406,135.56813049316406,1285400.0,-0.0060071913108182,-0.0060253070708668,2.8499908447265625,57.50695675831246,AME
2021-12-21,140.1199951171875,141.19000244140625,139.02000427246094,140.60000610351562,137.1385040283203,671100.0,0.0115836482323952,0.0115170714208662,2.1699981689453125,63.28604272136884,AME
2021-12-22,140.55999755859375,141.69000244140625,140.17999267578125,141.0500030517578,137.577392578125,540000.0,0.0032003305921584,0.0031952204341028,1.510009765625,57.3503531341136,AME
2021-12-23,141.42999267578125,143.27999877929688,141.42999267578125,142.57000732421875,139.05999755859375,584600.0,0.0107765160589654,0.0107188632376398,1.850006103515625,60.41014418865161,AME
2021-12-27,143.3300018310547,145.6199951171875,142.97999572753906,145.3300018310547,141.75204467773438,514300.0,0.0193588894463077,0.019173889923734,2.639999389648437,64.28570850199151,AME
2021-12-28,145.52000427246094,146.63999938964844,145.5,146.36000061035156,142.75669860839844,687300.0,0.0070874034512029,0.0070624058499234,1.1399993896484375,65.08096228463035,AME
2021-12-29,146.50999450683594,148.07000732421875,146.1699981689453,147.41000366210938,143.78085327148438,454600.0,0.0071741268400675,0.0071485152131953,1.9000091552734373,65.75684173751019,AME
2021-12-30,147.72999572753906,147.91000366210938,146.3699951171875,146.47000122070312,142.86398315429688,353600.0,-0.0063768582278217,-0.0063972772406372,1.540008544921875,62.77296841967645,AME
2021-12-31,146.35000610351562,147.77999877929688,146.1699981689453,147.0399932861328,143.4199676513672,408800.0,0.0038917051365552,0.0038841520420559,1.6100006103515625,60.7409873564479,AME
2022-01-03,147.25,147.39999389648438,142.75999450683594,143.6699981689453,140.1329345703125,850400.0,-0.0229189361487305,-0.023185658169209,4.6399993896484375,52.53361337421027,AME
2022-01-04,144.5,146.52000427246094,143.92999267578125,146.08999633789062,142.49334716796875,774000.0,0.0168440959642639,0.0167038073448461,2.5900115966796875,60.2484367439188,AME
2022-01-05,146.5800018310547,147.52000427246094,143.2899932861328,143.42999267578125,139.89881896972656,1050900.0,-0.0182080654978494,-0.0183758724029789,4.230010986328125,48.20445576520554,AME
2022-01-06,143.75999450683594,146.02000427246094,143.2100067138672,145.14999389648438,141.57647705078125,761100.0,0.0119919388412972,0.0119206052617077,2.80999755859375,52.604150018395366,AME
2022-01-07,145.10000610351562,145.82000732421875,142.32000732421875,142.3800048828125,138.8746795654297,834300.0,-0.0190836609416582,-0.0192681043395236,3.5,55.37751895941293,AME
2022-01-10,141.0399932861328,141.3699951171875,138.4600067138672,140.22999572753906,136.777587890625,973300.0,-0.0151006049581318,-0.0152157800397198,2.9099884033203125,52.47798007561836,AME
2022-01-11,140.5800018310547,142.6699981689453,138.60000610351562,142.5800018310547,139.06976318359375,883600.0,0.0167584128973066,0.0166195400737008,4.069992065429688,53.84316409488107,AME
2022-01-12,143.82000732421875,145.27999877929688,143.02999877929688,143.61000061035156,140.0743865966797,828600.0,0.0072238809507403,0.0071979137039508,2.25,54.85954670798769,AME
2022-01-13,143.97000122070312,144.77999877929688,142.6300048828125,144.05999755859375,140.5133056640625,839900.0,0.0031334712794182,0.0031285721897254,2.149993896484375,52.94813189643218,AME
2022-01-14,142.75,143.3000030517578,139.6300048828125,141.5399932861328,138.0553741455078,938100.0,-0.0174925179287368,-0.0176473199280092,3.669998168945313,42.429147773260375,AME
2022-01-18,140.05999755859375,140.1300048828125,137.35000610351562,139.55999755859375,136.1240997314453,1036500.0,-0.0139891288261402,-0.0140878989089844,2.779998779296875,36.91302284803144,AME
2022-01-19,139.92999267578125,140.82000732421875,138.57000732421875,138.83999633789062,135.4217987060547,831700.0,-0.0051592703039077,-0.0051726252934129,2.25,33.29432020487687,AME
2022-01-20,139.27000427246094,140.6199951171875,136.3000030517578,136.6199951171875,133.25648498535156,682600.0,-0.0159894030458356,-0.0161186127255095,4.319992065429688,31.711877925245005,AME
2022-01-21,136.52000427246094,137.47000122070312,135.17999267578125,136.4199981689453,133.06137084960938,1411100.0,-0.0014641999281583,-0.0014652729163806,2.290008544921875,30.00747443583913,AME
2022-01-24,134.63999938964844,136.57000732421875,131.7100067138672,136.3300018310547,132.97360229492188,1232400.0,-0.0006596095780998,-0.0006598272162069,4.8600006103515625,34.23534392387711,AME
2022-01-25,133.8000030517578,135.0,129.94000244140625,133.88999938964844,130.59371948242188,1514200.0,-0.0178974079924649,-0.0180595035717792,5.05999755859375,23.81979003569232,AME
2022-01-26,135.25,137.0800018310547,131.7100067138672,133.38999938964844,130.10598754882812,1380600.0,-0.0037347273324227,-0.0037417188395569,5.3699951171875,26.25356594453592,AME
2022-01-27,134.57000732421875,135.6999969482422,131.7899932861328,132.4600067138672,129.1988983154297,953600.0,-0.0069719253547652,-0.006996342783519,3.910003662109375,18.82067149693464,AME
2022-01-28,132.17999267578125,135.13999938964844,130.4199981689453,134.99000549316406,131.6666259765625,956600.0,0.0191002221637217,0.0189201028524103,4.720001220703125,31.62611776877988,AME
2022-01-31,134.63999938964844,136.9199981689453,133.67999267578125,136.77000427246094,133.4027862548828,889200.0,0.0131860315052758,0.0130998525375925,3.2400054931640625,41.2361084804542,AME
2022-02-01,136.67999267578125,137.36000061035156,135.00999450683594,137.08999633789062,133.7148895263672,892900.0,0.0023395558687062,0.0023368233689355,2.350006103515625,34.50013912628691,AME
2022-02-02,137.1199951171875,139.80999755859375,137.1199951171875,139.7899932861328,136.3484344482422,1535000.0,0.0196952256491651,0.0195037842638771,2.69000244140625,40.144476428337335,AME
2022-02-03,134.64999389648438,143.47999572753906,134.64999389648438,138.25999450683594,134.85609436035156,1260100.0,-0.0109450474728928,-0.0110053851749152,8.830001831054688,35.8259898841997,AME
2022-02-04,138.24000549316406,138.24000549316406,134.02000427246094,134.49000549316406,131.17893981933594,1076200.0,-0.0272672477907437,-0.0276458982340564,4.220001220703125,33.76323537677318,AME
2022-02-07,134.74000549316406,136.27999877929688,134.1999969482422,135.25999450683594,131.92994689941406,816400.0,0.0057250583143333,0.0057087324493639,2.0800018310546875,39.51212141562017,AME
2022-02-08,135.44000244140625,136.4199981689453,134.52999877929688,135.4600067138672,132.125,1478700.0,0.0014784596308119,0.0014773677854057,1.8899993896484373,41.5414609701957,AME
2022-02-09,137.11000061035156,137.32000732421875,135.74000549316406,136.52000427246094,133.158935546875,1311800.0,0.0078254346026489,0.0077949746941069,1.5800018310546875,49.73429347333666,AME
2022-02-10,134.6699981689453,137.7100067138672,134.5399932861328,135.49000549316406,132.15428161621094,1373200.0,-0.0075447729177018,-0.0075733786904272,3.170013427734375,47.63361683596415,AME
2022-02-11,135.27999877929688,135.27999877929688,130.10000610351562,130.80999755859375,127.58950805664062,1238500.0,-0.0345412460628923,-0.0351518979255112,5.17999267578125,38.61384285546488,AME
2022-02-14,130.80999755859375,131.2899932861328,129.2899932861328,130.16000366210938,126.9555435180664,1085200.0,-0.0049687826862125,-0.0049811681309927,2.0,41.692615104272825,AME
2022-02-15,131.3800048828125,132.5,130.66000366210938,131.41000366210938,128.17474365234375,777700.0,0.0096033627244001,0.0095575435484724,1.839996337890625,45.732757022107286,AME
2022-02-16,130.47999572753906,132.2100067138672,129.9499969482422,131.8000030517578,128.5551300048828,712000.0,0.0029677168972601,0.00296332191869,2.260009765625,48.54364273647425,AME
2022-02-17,130.61000061035156,130.97999572753906,127.83999633789062,128.32000732421875,125.16083526611328,1029300.0,-0.0264034172626219,-0.0267582472396116,3.139999389648437,35.87452429282922,AME
2022-02-18,128.1300048828125,129.32000732421875,127.5,128.22000122070312,125.06328582763672,777000.0,-0.0007793926771834,-0.0007796965615631,1.82000732421875,30.50604128583531,AME
2022-02-22,128.00999450683594,129.1300048828125,126.29000091552734,127.44000244140624,124.302490234375,1105600.0,-0.0060832848603566,-0.0061018634218108,2.840003967285156,28.45013827383389,AME
2022-02-23,128.0800018310547,128.3800048828125,124.6500015258789,124.7699966430664,121.6982192993164,1187700.0,-0.0209510761220325,-0.0211736643826134,3.7300033569335938,16.413040094116027,AME
2022-02-24,122.58000183105467,128.02999877929688,121.8000030517578,127.61000061035156,124.4683074951172,1196200.0,0.0227619451767635,0.0225067572280137,6.229995727539077,27.5030765915992,AME
2022-02-25,127.41999816894533,130.22000122070312,127.13999938964844,129.8699951171875,126.67263793945312,818000.0,0.0177099736366415,0.0175549793412967,3.0800018310546875,39.575648687094734,AME
2022-02-28,128.55999755859375,130.0399932861328,128.16000366210938,129.7899932861328,126.59464263916016,1211900.0,-0.0006157233445335,-0.000615912979998,1.8799896240234373,37.26128189966762,AME
2022-03-01,129.5800018310547,129.9199981689453,126.41000366210938,127.38999938964844,124.2537078857422,1986100.0,-0.0184915783528885,-0.018664684918213,3.509994506835937,32.95310569905247,AME
2022-03-02,128.61000061035156,131.8000030517578,128.4600067138672,130.99000549316406,127.76506805419922,878200.0,0.0282596006848012,0.0278676650017065,3.339996337890625,39.45051380221397,AME
2022-03-03,131.60000610351562,131.85000610351562,129.39999389648438,131.0500030517578,127.82360076904295,907200.0,0.0004581276849389,0.0004580227764908,2.45001220703125,41.204409455456194,AME
2022-03-04,129.0500030517578,131.3000030517578,128.6999969482422,130.99000549316406,127.76506805419922,1095100.0,-0.0004579179000714,-0.0004580227764907,2.600006103515625,50.43645071924939,AME
2022-03-07,131.17999267578125,131.49000549316406,128.19000244140625,129.5,126.31177520751952,1209300.0,-0.0113747276060088,-0.0114399146144701,3.3000030517578125,48.46220688438518,AME
2022-03-08,130.41000366210938,132.11000061035156,128.80999755859375,128.8300018310547,125.65827178955078,1446300.0,-0.0051737331447926,-0.0051871632446482,3.3000030517578125,43.82183978017489,AME
2022-03-09,131.00999450683594,131.72999572753906,130.00999450683594,130.50999450683594,127.5146713256836,784800.0,0.0147733970051877,0.0146653333867449,1.720001220703125,47.61820264288251,AME
2022-03-10,128.83999633789062,129.19000244140625,127.87999725341795,128.17999267578125,125.23812866210938,1186200.0,-0.0178531822252807,-0.0180144728674589,1.3100051879882957,50.18648165389403,AME
2022-03-11,129.05999755859375,129.1999969482422,126.22000122070312,126.33999633789062,123.44036102294922,1126900.0,-0.0143547948086202,-0.0144588215978405,2.9799957275390625,46.381333177282,AME
2022-03-14,127.5500030517578,128.14999389648438,125.86000061035156,127.08999633789062,124.17314910888672,922600.0,0.0059363734832342,0.005918822642811,2.2899932861328125,49.71124494257091,AME
2022-03-15,127.3499984741211,129.77000427246094,126.83000183105467,129.3800048828125,126.41059112548828,1228400.0,0.0180187265335403,0.0178583133751887,2.940002441406264,60.69558905221631,AME
2022-03-16,130.25,131.72999572753906,129.11000061035156,131.3800048828125,128.36468505859375,959400.0,0.0154583086409716,0.0153400461890937,2.6199951171875,59.18371457199394,AME
2022-03-17,130.72000122070312,133.2100067138672,129.97999572753906,132.75,129.7032470703125,796900.0,0.0104278058338844,0.0103738113052214,3.230010986328125,57.447038267429576,AME
2022-03-18,132.02000427246094,135.36000061035156,130.86000061035156,134.75999450683594,131.66708374023438,1372400.0,0.0151409985045114,0.0150275176287555,4.5,61.407157570805886,AME
2022-03-21,134.66000366210938,135.77999877929688,133.97000122070312,134.69000244140625,131.59873962402344,1122600.0,-0.000519067592822,-0.0005192023550408,1.80999755859375,68.3984576857336,AME
2022-03-22,135.08999633789062,135.82000732421875,134.58999633789062,134.6199951171875,131.53033447265625,973800.0,-0.000519800961336,-0.0005199361046895,1.230010986328125,61.39743461245524,AME
2022-03-23,133.92999267578125,134.5399932861328,132.41000366210938,132.5500030517578,129.5078125,866400.0,-0.0153768480918499,-0.0154962979103656,2.129989624023437,54.55634872900758,AME
2022-03-24,133.1699981689453,133.63999938964844,132.19000244140625,132.5,129.45899963378906,869700.0,-0.0003769105914821,-0.0003769816401323,1.4499969482421875,54.585055445578085,AME
2022-03-25,132.8699951171875,133.61000061035156,132.27999877929688,133.55999755859375,130.49465942382812,799000.0,0.0079999057073569,0.0079680761048837,1.3300018310546875,61.58393349061453,AME
2022-03-28,133.4499969482422,134.0500030517578,132.39999389648438,133.6699981689453,130.60214233398438,576800.0,0.0008236575399394,0.0008233185202125,1.6500091552734375,64.11835835626466,AME
2022-03-29,134.7100067138672,136.7100067138672,134.07000732421875,135.97000122070312,132.84933471679688,838700.0,0.0172063975571383,0.0170600439258551,2.639999389648437,64.90175042421157,AME
2022-03-30,135.5399932861328,136.24000549316406,135.05999755859375,135.42999267578125,132.32171630859375,886100.0,-0.0039715547641083,-0.003979462331566,1.1800079345703125,71.92989500595688,AME
2022-03-31,135.1300048828125,136.5,133.13999938964844,133.17999267578125,130.12335205078125,1068100.0,-0.0166137828252287,-0.0167533395847496,3.3600006103515625,70.18893338170334,AME
2022-04-01,134.2100067138672,134.77000427246094,132.6199951171875,134.3800048828125,131.2958526611328,795100.0,0.0090106855677525,0.0089703315708489,2.150009155273437,70.960425644459,AME
2022-04-04,134.6699981689453,134.83999633789062,133.0500030517578,134.0,130.92457580566406,880600.0,-0.0028277881436742,-0.0028317938899504,1.7899932861328125,64.92258707913203,AME
2022-04-05,134.0,134.55999755859375,131.52000427246094,131.7899932861328,128.76528930664062,1212600.0,-0.0164925987786169,-0.0166301157910155,3.0399932861328125,51.30661379295243,AME
2022-04-06,130.41000366210938,132.3800048828125,130.3800048828125,131.92999267578125,128.9020538330078,1026300.0,0.0010621226194078,0.0010615589662557,2.0,47.16453342002404,AME
2022-04-07,131.55999755859375,132.8000030517578,130.80999755859375,132.3000030517578,129.26358032226562,1024100.0,0.0028046604263278,0.0028007347047719,1.9900054931640625,40.40575571819785,AME
2022-04-08,132.49000549316406,133.66000366210938,131.63999938964844,131.82000732421875,128.7946319580078,850300.0,-0.00362784601114,-0.003634442603594,2.020004272460937,39.153530340840135,AME
2022-04-11,131.35000610351562,132.39999389648438,129.8300018310547,129.8800048828125,126.89913940429688,963100.0,-0.014717170466615,-0.0148265424437503,2.5699920654296875,34.30470315922729,AME
2022-04-12,130.35000610351562,132.19000244140625,128.1999969482422,128.69000244140625,125.73644256591795,909800.0,-0.0091623697673363,-0.0092046024427396,3.9900054931640634,36.42769478299782,AME
2022-04-13,128.1199951171875,129.94000244140625,128.1199951171875,129.5399932861328,126.5669174194336,825100.0,0.0066048858753122,0.0065831691883112,1.82000732421875,40.14641914116785,AME
2022-04-14,130.0,130.41000366210938,127.0500030517578,127.0500030517578,124.13406372070312,2247100.0,-0.0192218768405978,-0.0194090191474413,3.3600006103515767,30.212773633234196,AME
2022-04-18,127.05999755859376,128.3300018310547,126.3499984741211,127.27999877929688,124.3587875366211,581800.0,0.0018103315816968,0.0018086949064645,1.9800033569335935,30.71815096848806,AME
2022-04-19,127.7300033569336,130.25,127.58999633789062,130.1300048828125,127.14336395263672,783300.0,0.0223914728598944,0.0221444642893479,2.660003662109375,32.9439372757936,AME
2022-04-20,131.44000244140625,133.67999267578125,131.44000244140625,132.11000061035156,129.07797241210938,869900.0,0.0152159609383415,0.0151013592589334,2.239990234375,41.0562285221922,AME
2022-04-21,133.49000549316406,133.91000366210938,131.6699981689453,132.25,129.2147216796875,837200.0,0.0010594314817831,0.001058870680303,2.2400054931640625,47.17333475106473,AME
2022-04-22,131.41000366210938,131.41000366210938,127.0199966430664,127.16999816894533,124.25131225585938,1211700.0,-0.0384121047455567,-0.0391693034101638,4.390007019042969,32.26752560173982,AME
2022-04-25,126.97000122070312,127.86000061035156,124.19000244140624,127.6500015258789,124.7203140258789,1106600.0,0.0037746222676002,0.0037675162570258,3.669998168945327,34.45912863871443,AME
2022-04-26,127.01000213623048,128.13999938964844,125.27999877929688,125.33000183105467,122.45354461669922,735900.0,-0.0181748212140433,-0.018342012152338,2.8600006103515625,34.27457325434504,AME
2022-04-27,125.30999755859376,127.62000274658205,125.30999755859376,126.37999725341795,123.47945404052734,1046700.0,0.0083779479560137,0.0083430477426643,2.310005187988281,37.063014452635706,AME
2022-04-28,127.4000015258789,128.6699981689453,125.5999984741211,128.1300048828125,125.18929290771484,1582700.0,0.0138471527953656,0.0137521569188453,3.0699996948242188,40.86730542371155,AME
2022-04-29,127.38999938964844,129.1999969482422,125.98999786376952,126.26000213623048,123.3622055053711,1667500.0,-0.0145945979876299,-0.0147021468369962,3.2099990844726705,38.52184260761717,AME
2022-05-02,126.06999969482422,127.0,123.37000274658205,126.31999969482422,123.42083740234376,2039600.0,0.000475282496227,0.0004751695852764,3.6299972534179545,42.03223262746112,AME
2022-05-03,124.86000061035156,127.0,123.2300033569336,124.30999755859376,121.45695495605467,2369000.0,-0.0159120816842861,-0.0160400380393448,3.7699966430664062,40.54403878670183,AME
2022-05-04,124.91999816894533,127.37999725341795,123.45999908447266,127.12999725341795,124.21224212646484,1168800.0,0.0226852976135214,0.0224318126763532,3.9199981689452974,45.20497760586953,AME
2022-05-05,125.91999816894533,126.4800033569336,121.33999633789062,122.16999816894533,119.3660659790039,1278200.0,-0.0390152859693723,-0.0397967764540353,5.140007019042969,41.15945547029304,AME
2022-05-06,121.23999786376952,123.97000122070312,118.94000244140624,123.12999725341795,120.30403137207033,1779600.0,0.0078578898062318,0.0078271773751458,5.029998779296889,42.675629034698765,AME
2022-05-09,121.80999755859376,123.1500015258789,120.87000274658205,121.83999633789062,119.04364013671876,1684500.0,-0.0104767165403916,-0.0105319836861799,2.279998779296861,34.516336321322626,AME
2022-05-10,122.98999786376952,123.54000091552734,120.33000183105467,120.88999938964844,118.11544799804688,1555300.0,-0.0077970745653096,-0.0078276306870715,3.2099990844726705,28.205103313707767,AME
2022-05-11,120.83000183105467,122.54000091552734,119.5199966430664,120.44000244140624,117.67576599121094,1350000.0,-0.0037224767317752,-0.0037294223903437,3.020004272460937,27.33212752474924,AME
2022-05-12,120.0199966430664,121.43000030517578,118.27999877929688,120.41000366210938,117.646484375,1221600.0,-0.0002488330198175,-0.0002488639838901,3.1500015258789062,33.9048721102662,AME
2022-05-13,121.06999969482422,122.48999786376952,120.0,121.04000091552734,118.2620086669922,1446400.0,0.0052319820287209,0.0052183427636553,2.489997863769517,34.37351973544557,AME
2022-05-16,120.4499969482422,121.06999969482422,118.41999816894533,120.2699966430664,117.50968170166016,902100.0,-0.006361527034861,-0.0063818477744337,2.650001525878892,37.09186104510989,AME
2022-05-17,122.08000183105467,122.33999633789062,120.80999755859376,121.4499969482422,118.66258239746094,1282000.0,0.0098111124045747,0.0097632959420164,1.5299987792968608,37.50627795893222,AME
2022-05-18,120.56999969482422,120.76000213623048,116.01000213623048,116.37000274658205,113.6991958618164,1458900.0,-0.0418277306575011,-0.0427276953166433,4.75,24.50126068944793,AME
2022-05-19,115.12999725341795,118.1500015258789,114.37000274658205,116.70999908447266,114.03138732910156,988200.0,0.0029216694521647,0.0029174096710687,3.779998779296861,27.821596274781086,AME
2022-05-20,117.29000091552734,117.56999969482422,115.27999877929688,117.36000061035156,114.66647338867188,1021900.0,0.0055693969392602,0.0055539451928513,2.290000915527344,29.746777352437466,AME
2022-05-23,118.76000213623048,119.38999938964844,117.25,119.13999938964844,116.40560913085938,889700.0,0.0151669070373565,0.0150530394057981,2.139999389648437,38.190907449989474,AME
2022-05-24,118.45999908447266,118.88999938964844,116.43000030517578,118.48999786376952,115.7705307006836,760200.0,-0.0054557373559366,-0.005470674243581,2.459999084472656,28.09318580853936,AME
2022-05-25,118.02999877929688,118.4800033569336,116.44000244140624,118.0500030517578,115.34063720703124,935600.0,-0.0037133240303079,-0.0037202355330562,2.040000915527358,36.4473133304736,AME
2022-05-26,119.31999969482422,121.08000183105467,119.12999725341795,120.44000244140624,117.67576599121094,663400.0,0.0202454992509557,0.0200432838762145,1.9500045776367188,41.91213344327139,AME
2022-05-27,121.79000091552734,122.45999908447266,121.2300033569336,122.45999908447266,119.6494140625,613900.0,0.0167719160751966,0.0166328206013603,1.2299957275390625,51.78573677610185,AME
2022-05-31,121.27999877929688,122.38999938964844,119.61000061035156,121.47000122070312,118.68215942382812,1467600.0,-0.008084073342529,-0.008116926642219,2.779998779296875,51.66674744602592,AME
2022-06-01,122.05999755859376,122.41999816894533,119.48999786376952,120.43000030517578,117.66598510742188,781000.0,-0.0085621488633128,-0.0085990146442643,2.9300003051758097,49.97217705635861,AME
2022-06-02,121.33000183105467,123.20999908447266,120.26000213623048,123.20999908447266,120.38220977783205,900200.0,0.0230841960650771,0.0228217866766926,2.9499969482421733,56.75022599459271,AME
2022-06-03,122.19000244140624,122.83000183105467,121.79000091552734,122.41000366210938,119.60057067871094,1660100.0,-0.0064929784937793,-0.0065141495706292,1.0400009155273295,53.27596057972741,AME
2022-06-06,123.33000183105467,123.56999969482422,122.0500030517578,122.43000030517578,119.6200942993164,695900.0,0.0001632401960516,0.0001632268738206,1.5199966430664205,55.35712072384728,AME
2022-06-07,121.58999633789062,123.66999816894533,121.20999908447266,123.66999816894533,120.83163452148438,1153100.0,0.0101282332977972,0.0100772864551499,2.4599990844726705,55.48962982815628,AME
2022-06-08,123.16999816894533,123.47000122070312,121.58000183105467,121.75,118.9557113647461,683700.0,-0.0155250995665769,-0.0156468759629221,1.889999389648452,65.76786713085056,AME
2022-06-09,120.61000061035156,121.63999938964844,118.7699966430664,118.81999969482422,116.3031234741211,1220500.0,-0.0222989536205752,-0.0225513342251756,2.8700027465820312,55.981767082311286,AME
2022-06-10,117.1500015258789,117.63999938964844,115.41000366210938,115.45999908447266,113.01427459716795,658100.0,-0.0282782506497768,-0.0286857816042529,2.2299957275390625,46.18299392365669,AME
2022-06-13,112.95999908447266,114.18000030517578,111.27999877929688,111.70999908447266,109.34371185302734,1606800.0,-0.0324787533010683,-0.033017893906994,2.9000015258789062,35.02186967518317,AME
2022-06-14,111.93000030517578,112.68000030517578,110.1500015258789,111.33999633789062,108.98155212402344,1372300.0,-0.0033121221409667,-0.0033176193591667,2.529998779296875,35.432070024684705,AME
2022-06-15,112.36000061035156,113.68000030517578,110.75,112.27999877929688,109.9016571044922,914400.0,0.0084427590040345,0.0084073182529972,2.930000305175781,38.56940279170962,AME
2022-06-16,110.08999633789062,110.23999786376952,107.81999969482422,108.2300033569336,105.9374542236328,1639400.0,-0.0360704559449028,-0.0367370741223569,2.4199981689452983,26.911625852140943,AME
2022-06-17,107.83999633789062,108.54000091552734,106.16999816894533,107.13999938964844,104.87052154541016,2074900.0,-0.0100713452672778,-0.0101224043769183,2.370002746582017,19.85582577588889,AME
2022-06-21,108.33000183105467,108.87999725341795,107.4499969482422,108.29000091552734,105.99617004394533,885400.0,0.0107336979157459,0.010676500707953,1.4300003051757528,24.29079187511489,AME
2022-06-22,106.76000213623048,109.69000244140624,106.76000213623048,108.51000213623048,106.21150207519533,902600.0,0.0020315076588213,0.0020294469375794,2.930000305175753,26.00776643175618,AME
2022-06-23,108.61000061035156,109.23999786376952,106.97000122070312,108.95999908447266,106.65196990966795,959500.0,0.0041470822450169,0.0041385067999852,2.269996643066392,18.210376596591047,AME
2022-06-24,110.0,113.58000183105467,109.83999633789062,113.5,111.0958023071289,1245000.0,0.0416666696473098,0.0408219973816725,3.740005493164048,33.163987019769706,AME
2022-06-27,113.88999938964844,113.88999938964844,112.23999786376952,112.70999908447266,110.32252502441406,831500.0,-0.0069604545505426,-0.0069847915109373,1.6500015258789205,32.12790988596426,AME
2022-06-28,113.12000274658205,113.70999908447266,109.91000366210938,110.12000274658205,107.78738403320312,998400.0,-0.0229793597513283,-0.0232475010123837,3.799995422363281,26.14004023605752,AME
2022-06-29,110.43000030517578,110.75,108.5999984741211,110.54000091552734,108.1985092163086,962700.0,0.0038142235920561,0.0038069678853238,2.1500015258789062,29.2092984025891,AME
2022-06-30,109.19000244140624,110.83999633789062,108.4499969482422,109.88999938964844,107.56226348876952,1210000.0,-0.0058803557659662,-0.0058977131363912,2.3899993896484237,31.67832798563029,AME
2022-07-01,109.8000030517578,111.76000213623048,109.52999877929688,111.45999908447266,109.0990219116211,908200.0,0.0142871521387426,0.0141860525925289,2.230003356933608,41.14268020653623,AME
2022-07-05,110.19000244140624,111.51000213623048,108.8000030517578,111.4000015258789,109.040283203125,1069300.0,-0.0005383981218793,-0.0005385431101915,2.7099990844726847,49.179477593926514,AME
2022-07-06,111.94000244140624,113.33000183105467,110.68000030517578,112.33999633789062,109.96037292480467,1036300.0,0.0084380716433549,0.008402670124453,2.650001525878892,52.56936706285148,AME
2022-07-07,112.7699966430664,113.6500015258789,112.26000213623048,113.41000366210938,111.0077133178711,1075400.0,0.009524707539712,0.0094796334982024,1.3899993896484233,52.88409010700172,AME
2022-07-08,113.4800033569336,113.4800033569336,111.54000091552734,112.3499984741211,109.97017669677734,809800.0,-0.0093465272825029,-0.0093904801541486,1.94000244140625,62.40954792627575,AME
2022-07-11,110.27999877929688,112.63999938964844,109.8499984741211,111.93000030517578,109.55906677246094,945700.0,-0.0037383765004758,-0.0037453816940559,2.790000915527344,65.03447813563142,AME
2022-07-12,111.70999908447266,112.88999938964844,109.91999816894533,110.26000213623048,107.92443084716795,933400.0,-0.0149201337091333,-0.0150325585682601,2.970001220703111,55.98778093820664,AME
2022-07-13,108.58000183105467,110.45999908447266,108.26000213623048,109.58000183105467,107.25884246826172,780000.0,-0.0061671706181964,-0.0061862661657287,2.1999969482421733,53.163809542247,AME
2022-07-14,107.83000183105467,109.97000122070312,106.9800033569336,109.7300033569336,107.40567016601562,1033600.0,0.0013689099600096,0.0013679738569667,2.9899978637695312,52.317901305536736,AME
2022-07-15,111.18000030517578,111.75,110.0,111.6999969482422,109.33393096923828,838800.0,0.0179530633740487,0.0177938103601275,1.75,43.58978060046191,AME
2022-07-18,111.94000244140624,112.4000015258789,108.83000183105467,109.0999984741211,106.78900909423828,1016700.0,-0.0232765972323453,-0.0235517757554062,3.569999694824233,38.612082756124586,AME
2022-07-19,110.31999969482422,113.12999725341795,109.97000122070312,112.9000015258789,110.50850677490234,1321000.0,0.0348303417384621,0.0342374922551722,3.159996032714829,58.14771952123811,AME
2022-07-20,113.1500015258789,114.0999984741211,112.5,113.81999969482422,111.40901947021484,726100.0,0.0081488088256116,0.0081157865564512,1.5999984741210938,59.33935941379765,AME
2022-07-21,113.87000274658205,115.68000030517578,113.36000061035156,115.62999725341795,113.1806869506836,692300.0,0.0159023702828873,0.0157772522978823,2.3199996948242188,65.33120761328664,AME
2022-07-22,116.13999938964844,116.47000122070312,114.62000274658205,115.33000183105467,112.88703918457033,804600.0,-0.0025945041864008,-0.0025978757453325,1.8499984741210795,61.08879964301656,AME
2022-07-25,115.45999908447266,116.16000366210938,114.52999877929688,115.5,113.0534439086914,710000.0,0.0014740817486496,0.0014729963566555,1.6300048828125,61.67428139471814,AME
2022-07-26,115.5,116.31999969482422,114.83999633789062,116.12999725341795,113.67009735107422,751300.0,0.0054545303624793,0.0054397082856257,1.4800033569335938,60.98552301546388,AME
2022-07-27,116.81999969482422,119.13999938964844,116.23999786376952,118.5999984741211,116.08776092529295,751500.0,0.0212691255709203,0.0210460946259403,2.9000015258789205,63.91418099142812,AME
2022-07-28,119.4800033569336,120.93000030517578,118.12999725341795,120.6500015258789,118.09435272216795,808400.0,0.0172851279142709,0.0171374395366858,2.8000030517578267,71.1303133753432,AME
2022-07-29,120.86000061035156,123.76000213623048,119.88999938964844,123.5,120.8839874267578,1120500.0,0.0236220838701137,0.0233473997777939,3.8700027465820455,76.21204993565213,AME
2022-08-01,122.52999877929688,123.26000213623048,121.73999786376952,122.37999725341795,119.78768920898438,1498400.0,-0.0090690110502654,-0.0091103848673514,1.520004272460966,78.15980380474224,AME
2022-08-02,131.92999267578125,131.92999267578125,124.36000061035156,124.80999755859376,122.1662368774414,1957100.0,0.0198563615690703,0.0196617953887246,7.569992065429687,82.72447917294721,AME
2022-08-03,125.73999786376952,126.8499984741211,125.33999633789062,126.23999786376952,123.56594848632812,1387800.0,0.0114574341050623,0.0113922947877088,1.5100021362304688,83.62519533842053,AME
2022-08-04,126.37000274658205,126.58000183105467,125.31999969482422,125.37999725341795,122.72415161132812,790800.0,-0.0068125311650332,-0.0068358423880837,1.2600021362304543,79.180794990252,AME
2022-08-05,124.55999755859376,126.33999633789062,124.19000244140624,126.25,123.5757293701172,790300.0,0.006938958205114,0.006914994426534,2.149993896484389,89.49778247065774,AME
2022-08-08,127.1999969482422,127.33999633789062,125.47000122070312,125.66000366210938,122.99823760986328,985500.0,-0.0046731810784972,-0.004684134527483,1.8699951171875,84.4863950708623,AME
2022-08-09,125.02999877929688,125.38999938964844,124.08000183105467,124.83999633789062,122.19559478759766,775100.0,-0.0065256449024214,-0.0065470300082917,1.3099975585937642,79.94552347870294,AME
2022-08-10,127.2300033569336,127.4800033569336,126.2300033569336,127.05999755859376,124.36856842041016,887200.0,0.0177827493420659,0.0176264860626265,1.25,80.38263752201394,AME
2022-08-11,128.14999389648438,128.88999938964844,126.91000366210938,127.18000030517578,124.4860382080078,851100.0,0.000944529547052,0.0009440837597035,1.9799957275390625,81.80342052701116,AME
2022-08-12,127.72000122070312,129.36000061035156,127.19000244140624,129.30999755859375,126.57091522216795,1043200.0,0.0167478782695009,0.016609179026035,2.1699981689453267,83.53557065069259,AME
2022-08-15,128.72999572753906,129.7100067138672,128.07000732421875,129.5500030517578,126.80583190917967,938400.0,0.0018560084407968,0.0018542881853408,1.6399993896484375,83.21769607046816,AME
2022-08-16,128.8800048828125,130.85000610351562,128.74000549316406,130.30999755859375,127.54972839355467,714300.0,0.0058664217029686,0.0058492812539024,2.1100006103515625,81.6656458127213,AME
2022-08-17,128.80999755859375,130.05999755859375,128.3800048828125,129.63999938964844,126.8939208984375,741900.0,-0.0051415828428397,-0.0051548462627524,1.67999267578125,76.27106521795585,AME
2022-08-18,129.97000122070312,130.60000610351562,129.33999633789062,130.1300048828125,127.37355041503906,707500.0,0.0037797674877226,0.0037726421157808,1.260009765625,72.47446323921862,AME
2022-08-19,129.75,129.75,128.42999267578125,128.89999389648438,126.16960144042967,873600.0,-0.0094521112953701,-0.009497066001527,1.32000732421875,71.93807435692997,AME
2022-08-22,127.16000366210938,127.61000061035156,125.66000366210938,126.1500015258789,123.47785949707033,670000.0,-0.021334314388163,-0.021565180356564,1.9499969482421875,54.413716649439785,AME
2022-08-23,125.87999725341795,126.7699966430664,125.37999725341795,126.37999725341795,123.70297241210938,751400.0,0.0018231034774649,0.0018214436413826,1.3899993896484517,50.50067630329164,AME
2022-08-24,126.58999633789062,127.1500015258789,125.61000061035156,126.56999969482422,123.88894653320312,955200.0,0.0015033925011453,0.0015022635380139,1.5400009155273438,54.47033111698546,AME
2022-08-25,127.0999984741211,127.36000061035156,126.01000213623048,127.30999755859376,124.61327362060548,746100.0,0.0058465836353547,0.005829558691527,1.3499984741210795,54.02123677137206,AME
2022-08-26,127.68000030517578,127.68000030517578,122.2699966430664,122.66000366210938,120.06177520751952,592900.0,-0.0365249887178419,-0.0372087268224676,5.410003662109375,41.299276250827326,AME
2022-08-29,121.98999786376952,122.66000366210938,121.29000091552734,121.9499969482422,119.3668212890625,476700.0,-0.005788302873715,-0.0058051200253718,1.3700027465820312,41.56452583859223,AME
2022-08-30,122.52999877929688,122.79000091552734,119.91999816894533,120.3499984741211,117.80070495605467,781600.0,-0.0131201980256747,-0.0132070281456137,2.870002746582017,29.67898066198046,AME
2022-08-31,120.83999633789062,121.62000274658205,119.91000366210938,120.16000366210938,117.61473083496094,1094900.0,-0.0015787182357109,-0.0015799657244732,1.7099990844726705,28.82986435294751,AME
2022-09-01,119.52999877929688,120.5,118.83000183105467,120.43000030517578,117.87899780273438,1002300.0,0.0022468866433429,0.0022443661683239,1.6699981689453267,19.8368340705118,AME
2022-09-02,121.47000122070312,122.04000091552734,117.33999633789062,117.83000183105467,115.3340835571289,1556900.0,-0.0215892083665681,-0.0218256647911889,4.700004577636719,15.690761987383668,AME
2022-09-06,118.04000091552734,119.5999984741211,116.97000122070312,119.51000213623048,116.9784927368164,2036700.0,0.0142577903163636,0.0141571039389728,2.6299972534179688,19.99991339423164,AME
2022-09-07,119.69000244140624,122.87999725341795,119.69000244140624,122.62999725341795,120.03240203857422,1282800.0,0.0261065878890116,0.02577162818411,3.1899948120117188,32.860580285626185,AME
2022-09-08,121.80999755859376,124.18000030517578,121.37999725341795,123.98999786376952,121.36359405517578,1048100.0,0.0110902722431045,0.0110292261047416,2.8000030517578267,35.6003005204268,AME
2022-09-09,124.70999908447266,126.18000030517578,124.38999938964844,125.77999877929688,123.11566925048828,1042100.0,0.0144365796757464,0.014333364456565,1.7900009155273438,42.8701303374053,AME
2022-09-12,125.97000122070312,127.37000274658205,125.97000122070312,126.83000183105467,124.1434326171875,1164300.0,0.0083479493143001,0.0083132978973765,1.4000015258789205,51.68478307051605,AME
2022-09-13,123.91000366210938,124.93000030517578,122.6999969482422,123.25,120.84889221191406,1163900.0,-0.0265381771376709,-0.0268966713103807,2.2300033569335795,43.747062327793074,AME
2022-09-14,123.45999908447266,124.12999725341795,122.04000091552734,123.05999755859376,120.66260528564452,921900.0,-0.0015414864204371,-0.0015426757329925,2.089996337890611,42.93158117308041,AME
2022-09-15,122.83000183105467,123.55999755859376,120.97000122070312,121.44000244140624,119.07415771484376,960800.0,-0.0131643732293068,-0.0132517916439337,2.589996337890639,38.30736609378869,AME
2022-09-16,120.33000183105467,120.33000183105467,117.87999725341795,118.9499969482422,116.63267517089844,1480200.0,-0.020503882545129,-0.0207170054084899,2.4500045776367188,42.05356123099535,AME
2022-09-19,118.0199966430664,120.6500015258789,118.0199966430664,120.52999877929688,118.18189239501952,584200.0,0.0132828748191795,0.0131954309238931,2.6300048828125,47.35867712599524,AME
2022-09-20,119.69000244140624,119.69000244140624,118.08999633789062,118.86000061035156,116.54441833496094,573500.0,-0.0138555410382613,-0.0139524250078754,1.6000061035156108,47.20849427133064,AME
2022-09-21,120.0199966430664,120.9000015258789,117.5,117.55999755859376,115.26974487304688,551000.0,-0.0109372330320489,-0.0109974842893745,3.4000015258789062,45.02984081234795,AME
2022-09-22,117.29000091552734,117.79000091552734,115.41000366210938,115.51000213623048,113.25967407226562,750000.0,-0.0174379738846047,-0.0175918063251378,2.3799972534179688,40.884037459724766,AME
2022-09-23,114.91000366210938,115.19000244140624,112.8000030517578,114.43000030517578,112.20073699951172,766300.0,-0.0093496390611035,-0.0093936212964083,2.389999389648437,43.43127125231516,AME
2022-09-26,114.2699966430664,115.62999725341795,113.11000061035156,113.66999816894533,111.45553588867188,650500.0,-0.0066416775038036,-0.00666383159186,2.519996643066392,37.96808064704319,AME
2022-09-27,114.8499984741211,114.8499984741211,110.87000274658205,111.80999755859376,109.63175964355467,955300.0,-0.0163632629871242,-0.0164986197921557,3.979995727539048,26.05870743331738,AME
2022-09-28,112.9000015258789,114.87999725341795,112.18000030517578,114.36000061035156,112.13209533691406,600400.0,0.0228066730068796,0.0225504886675026,2.6999969482421733,29.83533176125522,AME
2022-09-29,113.38999938964844,113.56999969482422,112.23999786376952,113.27999877929688,111.07313537597656,682800.0,-0.0094438613472416,-0.0094887373645502,1.3300018310547017,22.8737136212732,AME
2022-09-30,113.33000183105467,114.94000244140624,112.58000183105467,113.41000366210938,111.20060729980467,1970200.0,0.0011476395565555,0.0011469815216893,2.3600006103515625,19.613322805851013,AME
2022-10-03,115.12000274658205,118.4800033569336,114.61000061035156,117.5500030517578,115.25994873046876,1019800.0,0.0365046696167747,0.0358541580613345,3.8700027465820312,37.33336607107045,AME
2022-10-04,119.66000366210938,121.6999969482422,119.47000122070312,121.12000274658205,118.76040649414062,1352500.0,0.0303701138359653,0.029918071517934,2.2299957275390767,46.251950128425136,AME
2022-10-05,119.98999786376952,122.23999786376952,119.94000244140624,121.08000183105467,118.72118377685548,1052000.0,-0.0003302676240592,-0.0003303221744221,2.299995422363281,49.25928665454372,AME
2022-10-06,120.66999816894533,121.4499969482422,119.25,119.70999908447266,117.37786865234376,1013000.0,-0.0113148730645793,-0.0113793732432538,2.1999969482422017,51.63934041027655,AME
2022-10-07,118.56999969482422,118.81999969482422,115.66000366210938,116.29000091552734,114.02449035644533,940100.0,-0.0285690849084222,-0.0289851242818913,3.159996032714844,41.52678602249893,AME
2022-10-10,117.16999816894533,117.27999877929688,114.68000030517578,115.52999877929688,113.279296875,580100.0,-0.0065353809441798,-0.0065568300493449,2.5999984741210938,43.09417263229099,AME
2022-10-11,115.18000030517578,116.73999786376952,114.36000061035156,115.05999755859376,112.81846618652344,778400.0,-0.0040680927688407,-0.0040763899683921,2.3799972534179545,44.6306277520009,AME
2022-10-12,115.4000015258789,116.12999725341795,113.9800033569336,113.98999786376952,111.76930236816406,1202700.0,-0.0092995752718777,-0.009343086288071,2.149993896484361,46.591969339482745,AME
2022-10-13,111.72000122070312,116.04000091552734,110.95999908447266,115.8000030517578,113.54403686523438,1632500.0,0.0158785503664002,0.015753804970224,5.080001831054688,52.97435254631498,AME
2022-10-14,116.76000213623048,117.0199966430664,113.12999725341795,113.26000213623048,111.05352020263672,1040300.0,-0.0219343677691647,-0.0221785025785165,3.889999389648452,49.17371506600652,AME
2022-10-17,115.11000061035156,117.16000366210938,114.9499969482422,116.95999908447266,114.68142700195312,1029400.0,0.0326680936605761,0.0321458351789785,2.2100067138671733,59.66227934435421,AME
2022-10-18,119.41000366210938,120.23999786376952,117.61000061035156,119.12000274658205,116.79935455322266,1857600.0,0.0184679211502438,0.0182994600181086,2.6299972534179545,59.06319511380644,AME
2022-10-19,117.7300033569336,118.91000366210938,116.79000091552734,117.98999786376952,115.6913604736328,1272200.0,-0.0094863031035412,-0.0095315846741649,2.1200027465820312,58.95093164689331,AME
2022-10-20,117.6999969482422,117.80999755859376,114.25,115.0999984741211,112.85768127441406,1395700.0,-0.02449343829667,-0.0247983924389492,3.559997558593764,52.90677381778317,AME
2022-10-21,115.0999984741211,119.41000366210938,114.36000061035156,119.18000030517578,116.85818481445312,1151000.0,0.0354473306102383,0.0348335368324608,5.0500030517578125,52.80936185735128,AME
2022-10-24,119.79000091552734,121.16999816894533,119.37000274658205,120.4499969482422,118.10343933105467,893600.0,0.0106561172294328,0.0105997409600113,1.7999954223632812,48.745749005309456,AME
2022-10-25,120.1999969482422,123.45999908447266,120.0500030517578,123.04000091552734,120.64299011230467,1115600.0,0.0215027673676073,0.0212748443933652,3.409996032714858,53.3492676007572,AME
2022-10-26,123.97000122070312,124.69000244140624,122.47000122070312,123.73999786376952,121.32936096191406,989500.0,0.0056892725302186,0.0056731497416446,2.220001220703111,57.047928581498375,AME
2022-10-27,124.61000061035156,125.81999969482422,124.11000061035156,124.62000274658205,122.19223022460938,1025700.0,0.0071117926926704,0.0070866231582367,1.7099990844726562,65.98853133869346,AME
2022-10-28,125.19000244140624,129.49000549316406,125.0,129.27999877929688,126.7614288330078,2182600.0,0.0373935282136963,0.0367113444480885,4.490005493164063,72.95495133180881,AME
2022-10-31,129.38999938964844,130.77000427246094,128.47999572753906,129.66000366210938,127.13402557373048,2265100.0,0.0029393542195987,0.0029350427645142,2.290008544921875,74.44741594987025,AME
2022-11-01,132.4499969482422,137.99000549316406,129.08999633789062,132.02999877929688,129.45785522460938,1914000.0,0.0182785815236472,0.018113536412109,8.900009155273438,78.94738944932296,AME
2022-11-02,132.1699981689453,134.55999755859375,129.72999572753906,130.08999633789062,127.55564880371094,1372000.0,-0.0146936346009912,-0.0148026553081815,4.830001831054688,72.834789978072,AME
2022-11-03,128.97000122070312,133.6300048828125,128.57000732421875,131.72000122070312,129.1538848876953,1204000.0,0.012529716237372,0.0124518689381168,5.05999755859375,80.38184719811474,AME
2022-11-04,134.17999267578125,135.5800018310547,132.13999938964844,135.25,132.61514282226562,1221300.0,0.0267994875847521,0.0264466709737733,3.44000244140625,80.27147650021404,AME
2022-11-07,135.42999267578125,136.4499969482422,134.42999267578125,136.39999389648438,133.74270629882812,1611800.0,0.0085025243163496,0.0084665814495021,2.020004272460937,79.58905726673626,AME
2022-11-08,136.7899932861328,138.3300018310547,135.8000030517578,137.22000122070312,134.5467529296875,805900.0,0.0060118914377496,0.0059938921223473,2.529998779296875,83.28146908425714,AME
2022-11-09,136.5399932861328,137.6199951171875,135.49000549316406,135.69000244140625,133.0465545654297,958400.0,-0.0111500153782365,-0.0112126427657405,2.129989624023437,87.39555175692374,AME
2022-11-10,139.3800048828125,141.07000732421875,138.77999877929688,140.67999267578125,137.9393310546875,1291100.0,0.036774920667725,0.0361148571525205,2.290008544921875,87.79885900891584,AME
2022-11-11,141.22999572753906,142.02999877929688,138.24000549316406,138.85000610351562,136.14500427246094,1386400.0,-0.0130080867328201,-0.0130934328272255,3.789993286132813,81.72419048273213,AME
2022-11-14,138.17999267578125,139.94000244140625,137.66000366210938,137.77999877929688,135.0958251953125,1093500.0,-0.0077063354821949,-0.0077361827262764,2.279998779296875,76.81948302370822,AME
2022-11-15,139.4600067138672,139.7899932861328,137.02999877929688,138.5800018310547,135.88021850585938,1166000.0,0.0058061994840539,0.005789408471126,2.759994506835937,76.90350618331641,AME
2022-11-16,138.5800018310547,139.67999267578125,137.38999938964844,138.57000732421875,135.87046813964844,652700.0,-7.175706896966894e-05,-7.175964363131001e-05,2.2899932861328125,76.11391323143934,AME
2022-11-17,136.88999938964844,138.05999755859375,135.86000061035156,138.02999877929688,135.34095764160156,817100.0,-0.0038971713669422,-0.0039047851271303,2.1999969482421875,69.3669942560488,AME
2022-11-18,139.41000366210938,139.83999633789062,137.72999572753906,139.32000732421875,136.60581970214844,836900.0,0.009345744869756,0.0093023435980891,2.1100006103515625,70.55320231019418,AME
2022-11-21,139.4199981689453,141.02000427246094,138.77999877929688,140.47999572753906,137.74322509765625,806700.0,0.0083261855021095,0.0082917140313312,2.2400054931640625,68.9547005730499,AME
2022-11-22,141.39999389648438,141.8000030517578,140.30999755859375,141.63999938964844,138.88063049316406,770100.0,0.008257432586622,0.0082235265136925,1.4900054931640625,76.84801340458135,AME
2022-11-23,142.0,142.7899932861328,140.57000732421875,142.0800018310547,139.31207275390625,457600.0,0.0031065689953317,0.003101753580239,2.2199859619140625,75.492189528293,AME
2022-11-25,142.58999633789062,143.07000732421875,141.9499969482422,142.57000732421875,139.7925567626953,359900.0,0.0034489760958322,0.003443042018191,1.1200103759765625,71.18062966555266,AME
2022-11-28,141.64999389648438,142.0,138.8800048828125,139.36000061035156,136.64505004882812,738200.0,-0.0225155529504351,-0.0227728981959334,3.1199951171875,57.6525332762569,AME
2022-11-29,139.1199951171875,139.89999389648438,138.2100067138672,139.00999450683594,136.3018798828125,781900.0,-0.0025113984435806,-0.0025145572945157,1.6899871826171875,54.7429682642049,AME
2022-11-30,138.80999755859375,142.57000732421875,137.8000030517578,142.4199981689453,139.6454620361328,1524100.0,0.0245307119475901,0.024234665746369,4.7700042724609375,66.21688308376744,AME
2022-12-01,142.99000549316406,143.52000427246094,141.6199951171875,143.2899932861328,140.49850463867188,1004800.0,0.0061086310296165,0.0060900489786204,1.9000091552734373,57.84730787154442,AME
2022-12-02,141.82000732421875,145.02999877929688,141.57000732421875,144.38999938964844,141.5770721435547,1203700.0,0.0076767187498303,0.0076474026829918,3.459991455078125,67.42130473336296,AME
2022-12-05,142.6999969482422,143.64999389648438,142.0,142.0800018310547,139.31207275390625,1105800.0,-0.0159983488523607,-0.0161277039357231,1.649993896484375,62.543784943971616,AME
2022-12-06,141.9199981689453,141.99000549316406,138.82000732421875,139.82000732421875,137.30870056152344,734000.0,-0.0143804636079297,-0.0144848645729615,3.1699981689453125,53.96248009596264,AME
2022-12-07,139.85000610351562,140.92999267578125,139.6999969482422,140.47999572753906,137.95684814453125,594700.0,0.004720367903543,0.0047092619028633,1.2299957275390625,55.58946670471111,AME
2022-12-08,140.8800048828125,142.05999755859375,140.1999969482422,140.75999450683594,138.23184204101562,647500.0,0.0019933326991949,0.0019913486477157,1.8600006103515625,57.85183152900533,AME
2022-12-09,141.00999450683594,141.55999755859375,139.0,139.11000061035156,136.61146545410156,770200.0,-0.0117221659133592,-0.0117914121762764,2.55999755859375,50.01504370807075,AME
2022-12-12,139.5500030517578,142.17999267578125,139.5500030517578,142.07000732421875,139.51829528808594,1034600.0,0.0212780810477506,0.0210548635560306,2.629989624023437,54.32228762341988,AME
2022-12-13,145.3000030517578,145.7899932861328,142.7899932861328,143.44000244140625,140.86367797851562,1025400.0,0.0096430556842144,0.009596858175412,3.0,54.78029427494646,AME
2022-12-14,143.49000549316406,144.49000549316406,141.3800048828125,141.75,139.2040557861328,853400.0,-0.0117817610344942,-0.0118517159855939,3.1100006103515625,49.75417253830484,AME
2022-12-15,140.0,140.4499969482422,137.94000244140625,138.25,135.76690673828125,1064800.0,-0.0246914432804475,-0.0250013896195509,2.509994506835937,41.9250379070996,AME
2022-12-16,136.72000122070312,137.52000427246094,135.5399932861328,136.77000427246094,134.3134765625,2326700.0,-0.0107053346850056,-0.0107630490510083,1.980010986328125,44.9821224030853,AME
2022-12-19,136.82000732421875,138.05999755859375,136.41000366210938,136.97999572753906,134.5196990966797,826700.0,0.0015353822971273,0.0015342048028433,1.649993896484375,46.14175069916048,AME
2022-12-20,136.94000244140625,138.75,136.0500030517578,137.75,135.27587890625,1029100.0,0.0056213314083228,0.0056055906865801,2.6999969482421875,39.346801752635535,AME
2022-12-21,138.74000549316406,140.49000549316406,138.49000549316406,140.36000061035156,137.8390350341797,630500.0,0.0189476213250554,0.0187703508832021,2.0,44.0151719619506,AME
2022-12-22,139.1999969482422,139.1999969482422,136.3699951171875,138.32000732421875,135.83563232421875,700500.0,-0.0145343640099059,-0.0146410226167085,2.8300018310546875,37.595873191900665,AME
2022-12-23,138.02999877929688,139.4199981689453,137.77000427246094,139.3800048828125,136.87661743164062,412200.0,0.007663564335882,0.0076343483972626,1.649993896484375,44.44448311869126,AME
2022-12-27,139.88999938964844,140.6699981689453,139.22000122070312,140.1300048828125,137.61312866210938,447500.0,0.0053808403822996,0.0053664153832979,1.4499969482421875,50.73702875930476,AME
2022-12-28,140.6199951171875,141.47999572753906,138.32000732421875,138.36000061035156,135.87493896484375,480200.0,-0.0126309874222357,-0.0127114364959229,3.1599884033203125,45.21233591969188,AME
2022-12-29,139.16000366210938,140.9499969482422,139.02000427246094,140.3699951171875,137.84886169433594,452700.0,0.0145274967152178,0.0144229836278358,1.92999267578125,49.18310981329247,AME
2022-12-30,140.0,140.19000244140625,138.35000610351562,139.72000122070312,137.21051025390625,551100.0,-0.0046308067588193,-0.0046415621614106,1.839996337890625,51.33362094442878,AME
2023-01-03,140.17999267578125,140.89999389648438,138.64999389648438,140.52000427246094,137.99612426757812,1446200.0,0.0057256110498977,0.0057092820383475,2.25,46.25783735807977,AME
2023-01-04,141.30999755859375,141.82000732421875,139.44000244140625,140.85000610351562,138.32022094726562,580900.0,0.0023485926246673,0.0023458389916078,2.3800048828125,43.41647524226904,AME
2023-01-05,139.97999572753906,140.3699951171875,137.47000122070312,137.97999572753906,135.50173950195312,1313200.0,-0.0203764961190094,-0.0205869608467268,2.899993896484375,40.9592404770865,AME
2023-01-06,139.91000366210938,144.49000549316406,139.57000732421875,143.83999633789062,141.25650024414062,960700.0,0.0424700137676428,0.0415929105050889,4.9199981689453125,62.04211859561837,AME
2023-01-09,143.72000122070312,146.4199981689453,141.82000732421875,142.5,139.94056701660156,1011700.0,-0.0093159127209343,-0.0093595772305993,4.5999908447265625,62.41864907113622,AME
2023-01-10,142.11000061035156,143.24000549316406,141.82000732421875,142.80999755859375,140.2449951171875,424300.0,0.0021754099406343,0.002173047162483,1.4199981689453125,62.58084893646557,AME
2023-01-11,143.69000244140625,145.5,142.89999389648438,145.47999572753906,142.86703491210938,816300.0,0.0186961380884282,0.0185235135871907,2.600006103515625,65.41672451236079,AME
2023-01-12,146.38999938964844,146.38999938964844,144.72999572753906,145.5500030517578,142.93580627441406,545300.0,0.0004813662042262,0.0004812503846811,1.660003662109375,61.51787290623,AME
2023-01-13,144.66000366210938,146.82000732421875,144.66000366210938,146.1300048828125,143.50538635253906,622700.0,0.0039848663044688,0.003976947754009,2.160003662109375,68.53343795098849,AME
2023-01-17,146.61000061035156,147.00999450683594,144.47000122070312,144.6300048828125,142.03233337402344,1190500.0,-0.0102647922559289,-0.0103178385543395,2.5399932861328125,62.203609597179934,AME
2023-01-18,144.6199951171875,144.9199981689453,140.82000732421875,141.4199981689453,138.87994384765625,939600.0,-0.0221948724736203,-0.0224448849094517,4.0999908447265625,52.690815794727655,AME
2023-01-19,141.0,141.75,138.44000244140625,139.02999877929688,136.53289794921875,1381900.0,-0.0168998188897029,-0.0170442503855982,3.30999755859375,51.36232034242517,AME
2023-01-20,139.9199981689453,142.64999389648438,138.6699981689453,142.5,139.94056701660156,1058300.0,0.0249585932662927,0.0246522149610253,3.9799957275390634,54.08820224316992,AME
2023-01-23,142.77000427246094,143.47000122070312,141.63999938964844,143.0500030517578,140.48068237304688,885000.0,0.0038596053164572,0.0038521761494903,1.8300018310546875,56.41613347080865,AME
2023-01-24,140.8000030517578,144.47000122070312,140.77999877929688,144.0800018310547,141.49220275878906,918400.0,0.0072004233511344,0.0071746240727079,3.69000244140625,56.799094083231104,AME
2023-01-25,142.64999389648438,143.25999450683594,141.4600067138672,142.8000030517578,140.2351837158203,1145200.0,-0.0088840163518527,-0.0089237145194661,1.79998779296875,53.59377067150498,AME
2023-01-26,143.8699951171875,144.3000030517578,141.72999572753906,143.5500030517578,140.97171020507812,927000.0,0.0052520806101723,0.0052383365371206,2.57000732421875,61.1355475205328,AME
2023-01-27,142.6699981689453,144.4199981689453,142.25999450683594,143.89999389648438,141.31546020507812,967900.0,0.0024384325018114,0.0024354643493921,2.160003662109375,50.15394373245025,AME
2023-01-30,143.1699981689453,143.75999450683594,141.99000549316406,142.30999755859375,139.75396728515625,798400.0,-0.0110496963152921,-0.011111197676847,1.769989013671875,49.51895882060928,AME
2023-01-31,142.92999267578125,145.02000427246094,142.07000732421875,144.9199981689453,142.3170928955078,1020600.0,0.0183402708355442,0.0181741165367056,2.9499969482421875,54.78453946557134,AME
2023-02-01,144.6300048828125,146.0399932861328,142.3699951171875,145.14999389648438,142.54296875,1842000.0,0.001587130891284,0.0015858727301193,3.669998168945313,49.15861651485475,AME
2023-02-02,145.5,146.13999938964844,143.02999877929688,144.52000427246094,141.92428588867188,1912600.0,-0.0043403253541969,-0.0043497719102811,3.1100006103515625,47.446667390786885,AME
2023-02-03,144.0,146.64999389648438,143.72999572753906,146.3800048828125,143.75086975097656,1301900.0,0.0128701289625476,0.0127880126671565,2.9199981689453125,50.58268489959479,AME
2023-02-06,145.72000122070312,148.05999755859375,145.72000122070312,147.08999633789062,144.4481201171875,1833300.0,0.0048504079830529,0.0048386826540523,2.339996337890625,55.95342579285128,AME
2023-02-07,145.8000030517578,147.05999755859375,144.02000427246094,146.74000549316406,144.10440063476562,1056800.0,-0.0023795358648006,-0.0023823714594257,3.0399932861328125,64.943775892681,AME
2023-02-08,146.5500030517578,146.74000549316406,144.6999969482422,144.97000122070312,142.36619567871094,832100.0,-0.0120621226582815,-0.0121354603956177,2.040008544921875,67.28739351700699,AME
2023-02-09,146.1699981689453,146.8300018310547,143.91000366210938,144.36000061035156,141.7671661376953,725600.0,-0.0042076669827401,-0.0042165441235782,2.9199981689453125,56.49439143426943,AME
2023-02-10,144.3300018310547,145.27999877929688,144.0,144.69000244140625,142.09121704101562,879200.0,0.0022857965786349,0.0022831881198167,1.279998779296875,55.81553468669901,AME
2023-02-13,144.9499969482422,146.6199951171875,144.6300048828125,145.8300018310547,143.2107696533203,1146200.0,0.0078791119931185,0.0078482338789144,1.989990234375,56.15759076088026,AME
2023-02-14,145.1300048828125,146.0,143.55999755859375,144.3699951171875,141.77699279785156,1074300.0,-0.0100116552612599,-0.0100621089139752,2.44000244140625,55.455173679720986,AME
2023-02-15,143.97000122070312,146.25,143.8300018310547,146.1999969482422,143.5740966796875,648000.0,0.0126755677798744,0.0125959052428861,2.4199981689453125,58.56487712376813,AME
2023-02-16,144.39999389648438,145.5,144.33999633789062,144.5500030517578,141.9537353515625,609400.0,-0.0112858890677195,-0.0113500579726632,1.160003662109375,51.937830075048645,AME
2023-02-17,144.32000732421875,146.8699951171875,143.92999267578125,146.49000549316406,143.85890197753906,853800.0,0.0134210390537328,0.0133317747024012,2.94000244140625,62.20799529507008,AME
2023-02-21,145.00999450683594,145.6999969482422,142.52999877929688,143.0,140.43157958984375,712500.0,-0.0238241939885682,-0.0241125796802713,3.1699981689453125,44.66666494023527,AME
2023-02-22,143.75,144.17999267578125,141.91000366210938,142.33999633789062,139.78343200683594,1033500.0,-0.0046153976541518,-0.0046260814880075,2.269989013671875,42.37652944484304,AME
2023-02-23,141.94000244140625,143.2899932861328,140.50999450683594,142.77000427246094,140.20571899414062,1100700.0,0.0030210088652282,0.0030164547875803,2.779998779296875,45.20021955880273,AME
2023-02-24,141.25,141.6699981689453,140.05999755859375,140.94000244140625,138.40859985351562,1115500.0,-0.012817730642643,-0.0129005865298293,1.6100006103515625,35.054992995148254,AME
2023-02-27,142.22999572753906,142.55999755859375,140.82000732421875,141.35000610351562,138.8112335205078,1128900.0,0.0029090220363352,0.002904799019648,1.739990234375,33.96650934920571,AME
2023-02-28,141.33999633789062,142.6699981689453,141.00999450683594,141.55999755859375,139.0174560546875,1046500.0,0.0014856328911536,0.0014845304303762,1.660003662109375,35.416688538703,AME
2023-03-01,140.92999267578125,142.32000732421875,140.92999267578125,141.64999389648438,139.1058349609375,733600.0,0.0006357396312535,0.0006355376344212,1.3900146484375,39.67662232374679,AME
2023-03-02,140.9600067138672,142.64999389648438,140.4600067138672,142.33999633789062,139.78343200683594,782700.0,0.0048710900307575,0.0048592646578034,2.1899871826171875,43.749939906041895,AME
2023-03-03,143.6199951171875,144.1300048828125,142.14999389648438,143.92999267578125,141.34487915039062,589500.0,0.0111704736472511,0.0111085446637866,1.980010986328125,47.81863330990463,AME
2023-03-06,143.74000549316406,144.72999572753906,143.02999877929688,143.39999389648438,140.8243865966797,647000.0,-0.0036824295074541,-0.0036892263420327,1.6999969482421875,42.772065456911726,AME
2023-03-07,143.55999755859375,143.55999755859375,140.0399932861328,140.0800018310547,137.56402587890625,876100.0,-0.023151961081223,-0.0234241775026556,3.520004272460937,38.51090939505434,AME
2023-03-08,140.14999389648438,141.14999389648438,139.47000122070312,140.77000427246094,138.2416534423828,1145200.0,0.0049259067488549,0.00491381416524,1.67999267578125,34.51236601599166,AME
2023-03-09,141.33999633789062,141.66000366210938,138.10000610351562,138.94000244140625,136.687255859375,1620400.0,-0.0112440609924827,-0.011307753336753,3.55999755859375,34.64511651496143,AME
2023-03-10,139.11000061035156,139.49000549316406,135.0800018310547,135.72000122070312,133.51947021484375,891700.0,-0.0231754279110724,-0.0234482008008461,4.410003662109375,21.9217544298741,AME
2023-03-13,134.41000366210938,136.80999755859375,133.3000030517578,135.35000610351562,133.15548706054688,1091400.0,-0.0027260679937629,-0.0027297904838293,3.509994506835937,26.297026080697663,AME
2023-03-14,137.63999938964844,138.8000030517578,136.22000122070312,138.50999450683594,136.26422119140625,1274000.0,0.0233466468373608,0.0230782827851567,2.5800018310546875,40.119609128335625,AME
2023-03-15,135.75999450683594,135.80999755859375,131.52000427246094,134.0,131.8273468017578,1619200.0,-0.0325608171452144,-0.0331027161523918,4.2899932861328125,30.80437830146793,AME
2023-03-16,133.2899932861328,136.47999572753906,132.9199981689453,135.83999633789062,133.63751220703125,1194700.0,0.013731334576547,0.0136379140230305,3.55999755859375,39.07552984089051,AME
2023-03-17,136.07000732421875,136.07000732421875,133.16000366210938,134.99000549316406,132.80133056640625,1855800.0,-0.0062570877504033,-0.0062767453664804,2.910003662109375,36.50687939661651,AME
2023-03-20,136.24000549316406,138.5800018310547,134.99000549316406,138.5399932861328,136.29376220703125,1240700.0,0.026298167538906,0.0259583161655562,3.589996337890625,44.67122185151307,AME
2023-03-21,140.35000610351562,140.85000610351562,138.72999572753906,140.07000732421875,137.79891967773438,960400.0,0.0110434802468566,0.0109829462815611,2.1200103759765625,47.57738508065201,AME
2023-03-22,139.97999572753906,141.60000610351562,138.22999572753906,138.4600067138672,136.21502685546875,1039300.0,-0.0114942325090052,-0.011560801799721,3.3700103759765625,43.60031371896539,AME
2023-03-23,138.24000549316406,139.85000610351562,136.7899932861328,138.35000610351562,136.10682678222656,1271200.0,-0.0007943328701685,-0.0007946485196877,3.0600128173828125,40.08931370833774,AME
2023-03-24,136.77000427246094,139.3699951171875,135.85000610351562,139.32000732421875,137.0610809326172,1053900.0,0.0070110675044789,0.0069866042465149,3.519989013671875,42.99460319263762,AME
2023-03-27,140.27999877929688,140.91000366210938,139.2899932861328,139.7899932861328,137.52346801757812,784300.0,0.003373584111658,0.0033679063428157,1.6200103759765625,49.91572242810724,AME
2023-03-28,139.9499969482422,141.22000122070312,139.3699951171875,141.13999938964844,138.85157775878906,673900.0,0.0096573316565953,0.0096109976986554,1.850006103515625,51.23403735083931,AME
2023-03-29,142.0,142.4600067138672,141.16000366210938,142.24000549316406,139.93374633789062,799200.0,0.0077937074721721,0.0077634934188827,1.3000030517578125,56.69646622779354,AME
2023-03-30,143.52000427246094,143.97000122070312,142.13999938964844,142.8300018310547,140.51417541503906,585200.0,0.0041478849265343,0.0041393061661446,1.8300018310546875,66.15183830861372,AME
2023-03-31,143.50999450683594,145.50999450683594,143.07000732421875,145.3300018310547,142.9736328125,1159700.0,0.0175032689064744,0.0173518510139481,2.4399871826171875,70.67113516125261,AME
2023-04-03,144.44000244140625,145.42999267578125,143.36000061035156,144.25,141.9111785888672,1104500.0,-0.0074311200095624,-0.0074588683347508,2.0699920654296875,63.01012534161866,AME
2023-04-04,144.05999755859375,144.1300048828125,138.9199981689453,139.05999755859375,136.80531311035156,964400.0,-0.0359793043034889,-0.0366425160371922,5.210006713867188,61.12585907254269,AME
2023-04-05,138.05999755859375,138.50999450683594,134.39999389648438,135.6699981689453,133.47024536132812,1605900.0,-0.024378203398674,-0.0246802711501682,4.1100006103515625,49.650011621580894,AME
2023-04-06,135.24000549316406,136.4499969482422,134.5,135.25,133.05709838867188,1175800.0,-0.0030954237893081,-0.0031002245229556,1.9499969482421875,50.54481228970675,AME
2023-04-10,134.30999755859375,136.80999755859375,133.8800048828125,136.77999877929688,134.56224060058594,924300.0,0.0113120023669643,0.0112485001112357,2.92999267578125,45.97053169224389,AME
2023-04-11,137.0500030517578,137.6999969482422,136.6699981689453,137.02000427246094,134.79840087890625,1109400.0,0.0017550263526102,0.0017534880933884,1.029998779296875,42.57912151942301,AME
2023-04-12,138.0,139.02000427246094,137.7100067138672,138.52999877929688,136.28392028808594,1232300.0,0.0110203043915497,0.0109600233100071,1.30999755859375,50.17122027915542,AME
2023-04-13,138.5500030517578,138.5800018310547,135.9600067138672,138.4499969482422,136.20516967773438,1142200.0,-0.0005778422735792,-0.0005780092887678,2.6199951171875,50.244769081544376,AME
2023-04-14,138.39999389648438,140.0500030517578,137.67999267578125,138.35000610351562,136.10682678222656,828100.0,-0.0007220202855772,-0.0007222810677578,2.3700103759765625,47.51922719908858,AME
2023-04-17,138.6699981689453,139.5,138.02000427246094,139.22000122070312,136.9627227783203,999900.0,0.0062884134200205,0.0062687238493454,1.4799957275390625,48.57145966975136,AME
2023-04-18,139.88999938964844,140.33999633789062,138.7100067138672,139.25,136.99224853515625,839800.0,0.0002155751304953,0.0002155518975157,1.6299896240234375,44.92760621376877,AME
2023-04-19,139.24000549316406,139.27000427246094,137.3000030517578,137.57000732421875,135.33949279785156,827000.0,-0.0120645931063796,-0.0121379610095162,1.970001220703125,37.84493428919536,AME
2023-04-20,136.8300018310547,137.97999572753906,136.3000030517578,137.97000122070312,135.7329559326172,888800.0,0.0029072307471502,0.002903012924653,1.67999267578125,37.22388035358972,AME
2023-04-21,138.32000732421875,138.32000732421875,136.64999389648438,137.5800018310547,135.34930419921875,850400.0,-0.0028265186649946,-0.0028305208120843,1.670013427734375,27.08449515702965,AME
2023-04-24,137.52000427246094,138.25999450683594,137.2100067138672,137.72000122070312,135.48703002929688,642900.0,0.0010175584639533,0.0010170411022736,1.04998779296875,29.55527044968275,AME
2023-04-25,137.4499969482422,137.85000610351562,135.83999633789062,135.9199981689453,133.71621704101562,1065000.0,-0.0130699815908456,-0.0131561453966057,2.010009765625,37.51977323810122,AME
2023-04-26,134.55999755859375,135.99000549316406,133.1199951171875,133.74000549316406,131.57159423828125,1149400.0,-0.0160386140902905,-0.0161686246615468,2.8700103759765625,41.51290355144368,AME
2023-04-27,134.4199981689453,137.4199981689453,133.77000427246094,137.3699951171875,135.14271545410156,1393800.0,0.027142038040163,0.0267802252199027,3.649993896484375,57.27025632569693,AME
2023-04-28,136.88999938964844,138.3000030517578,136.63999938964844,137.92999267578125,135.69363403320312,1412900.0,0.0040765688128314,0.0040682821194051,1.660003662109375,54.2250013960448,AME
2023-05-01,137.9199981689453,140.02999877929688,137.72999572753906,139.33999633789062,137.0807647705078,1509300.0,0.0102225188910871,0.0101706223209705,2.3000030517578125,57.84844093192529,AME
2023-05-02,141.22999572753906,146.3699951171875,140.80999755859375,145.60000610351562,143.23928833007812,2050800.0,0.0449262416202633,0.0439463007441687,5.55999755859375,68.10045435088023,AME
2023-05-03,146.16000366210938,147.8800048828125,144.42999267578125,144.5800018310547,142.23580932617188,1026800.0,-0.0070056128846008,-0.0070302674047028,3.45001220703125,64.97330579301419,AME
2023-05-04,144.5,144.7899932861328,142.39999389648438,142.9199981689453,140.6027374267578,1463000.0,-0.0114814399211462,-0.0115478605448454,2.389999389648437,60.372290617330194,AME
2023-05-05,144.11000061035156,145.22999572753906,143.49000549316406,145.02000427246094,142.66867065429688,717600.0,0.0146934068663864,0.0145865046631706,1.739990234375,62.46780066989277,AME
2023-05-08,145.47000122070312,145.61000061035156,143.9499969482422,145.02000427246094,142.66867065429688,630900.0,0.0,0.0,1.660003662109375,62.41931003907303,AME
2023-05-09,144.6199951171875,145.3000030517578,144.00999450683594,144.41000366210938,142.06857299804688,601300.0,-0.0042062328996118,-0.0042151039818458,1.290008544921875,65.4332791356745,AME
2023-05-10,145.6699981689453,146.3000030517578,142.72000122070312,144.67999267578125,142.3341827392578,756400.0,0.0018695882953267,0.0018678427903749,3.5800018310546875,65.22936025267154,AME
2023-05-11,144.13999938964844,144.13999938964844,142.66000366210938,143.75999450683594,141.42910766601562,720800.0,-0.006358803316419,-0.0063791066218083,1.4799957275390625,63.696877444974746,AME
2023-05-12,145.02999877929688,145.50999450683594,143.99000549316406,145.4199981689453,143.06219482421875,957500.0,0.0115470371350969,0.0114808789024421,1.519989013671875,65.98845485451339,AME
2023-05-15,145.82000732421875,146.52999877929688,145.1999969482422,146.33999633789062,143.96726989746094,1012200.0,0.0063264447630924,0.0063065168159647,1.3300018310546875,72.45699058081519,AME
2023-05-16,145.6999969482422,146.0,143.85000610351562,144.55999755859375,142.2161407470703,1083900.0,-0.0121633837443597,-0.0122379630713988,2.149993896484375,73.72810272729932,AME
2023-05-17,145.4499969482422,146.74000549316406,144.72999572753906,145.92999267578125,143.56394958496094,910400.0,0.0094771861394247,0.0094325593469153,2.010009765625,70.8374802345724,AME
2023-05-18,146.27000427246094,148.27999877929688,145.44000244140625,147.7899932861328,145.3937530517578,856300.0,0.0127455637162865,0.0126650226578784,2.839996337890625,72.57329938676013,AME
2023-05-19,149.11000061035156,149.47000122070312,146.97999572753906,147.57000732421875,145.1773223876953,880500.0,-0.0014885829653592,-0.0014896920057173,2.4900054931640625,69.92741322485375,AME
2023-05-22,147.85000610351562,148.97000122070312,147.1999969482422,147.92999267578125,145.53146362304688,731000.0,0.0024393702096656,0.0024363997758335,1.7700042724609375,57.898201426744734,AME
2023-05-23,146.8800048828125,147.6699981689453,145.9600067138672,145.97000122070312,143.603271484375,912000.0,-0.0132493145514309,-0.0133378697867042,1.709991455078125,54.42961392991939,AME
2023-05-24,145.44000244140625,145.63999938964844,143.72999572753906,144.25999450683594,141.92100524902344,952500.0,-0.0117146790456971,-0.0117838365340379,1.910003662109375,54.25669243852496,AME
2023-05-25,144.82000732421875,146.22999572753906,144.32000732421875,145.72999572753906,143.3671875,811900.0,0.0101900507852168,0.0101384822458587,1.9099884033203125,52.34955131771551,AME
2023-05-26,146.05999755859375,148.33999633789062,145.99000549316406,148.22000122070312,145.81680297851562,725900.0,0.0170863049016403,0.0169419757093272,2.3499908447265625,59.09102125274516,AME
2023-05-30,148.07000732421875,148.89999389648438,147.3800048828125,147.52999877929688,145.13796997070312,622900.0,-0.0046553826030084,-0.004666252645858,1.519989013671875,58.82352941176471,AME
2023-05-31,146.8800048828125,147.1199951171875,144.61000061035156,145.07000732421875,142.71786499023438,1734800.0,-0.0166745130923166,-0.0168150977641321,2.509994506835937,50.98139774143867,AME
2023-06-01,145.6300048828125,146.9499969482422,144.6699981689453,146.9499969482422,144.5673828125,838200.0,0.0129592593218248,0.0128760066116121,2.279998779296875,57.65724778402592,AME
2023-06-02,148.39999389648438,151.1999969482422,147.86000061035156,150.67999267578125,148.2368927001953,821800.0,0.0253826957112073,0.0250659045777178,3.339996337890625,61.48472503022484,AME
2023-06-05,150.50999450683594,150.50999450683594,148.27000427246094,148.7899932861328,146.3775177001953,747500.0,-0.0125432675100694,-0.0126225983668443,2.239990234375,55.13191888632442,AME
2023-06-06,148.64999389648438,150.25999450683594,148.22999572753906,149.2899932861328,146.8694305419922,1292800.0,0.0033605764705233,0.0033549423524773,2.029998779296875,60.46920873465105,AME
2023-06-07,149.63999938964844,151.52000427246094,148.85000610351562,151.1300048828125,148.6796112060547,910200.0,0.0123251016728422,0.0122497659888916,2.6699981689453125,61.27489820104738,AME
2023-06-08,150.80999755859375,151.50999450683594,150.36000061035156,150.41000366210938,147.97128295898438,1198800.0,-0.0047641249618862,-0.0047755095780938,1.149993896484375,55.97630155024883,AME
2023-06-09,149.9499969482422,150.9199981689453,149.25,150.2899932861328,148.09939575195312,774500.0,0.0008657949732331,0.0008654203889584,1.6699981689453125,56.80302727804307,AME
2023-06-12,150.5399932861328,151.5399932861328,149.69000244140625,151.17999267578125,148.9764404296875,581100.0,0.005922000378741,0.0059045342568289,1.8499908447265625,57.82978599440398,AME
2023-06-13,151.17999267578125,153.7100067138672,151.13999938964844,153.47000122070312,151.2330322265625,1162100.0,0.0151473064490357,0.0150337314699217,2.57000732421875,67.08595874964121,AME
2023-06-14,153.86000061035156,154.47999572753906,152.47999572753906,153.60000610351562,151.3611602783203,934900.0,0.0008472226594375,0.0008468639688998,2.0,72.72169694904099,AME
2023-06-15,153.41000366210938,156.91000366210938,153.27999877929688,156.6999969482422,154.4159393310547,1115900.0,0.0201820536200785,0.0199810953110695,3.6300048828125,74.68218858503616,AME
2023-06-16,158.61000061035156,158.61000061035156,155.6699981689453,155.91000366210938,153.637451171875,1750300.0,-0.0050415013019522,-0.0050542525446326,2.94000244140625,68.88050629554044,AME
2023-06-20,154.77999877929688,155.85000610351562,154.41000366210938,155.33999633789062,153.07577514648438,815800.0,-0.0036558535767576,-0.0036625525413846,1.44000244140625,69.2723646149469,AME
2023-06-21,154.8699951171875,156.97000122070312,153.91000366210938,156.57000732421875,154.28785705566406,820700.0,0.0079181824035827,0.0078869981044422,3.05999755859375,79.84152234264201,AME
2023-06-22,156.5500030517578,157.0399932861328,155.36000061035156,156.02999877929688,153.75572204589844,930300.0,-0.0034489753109581,-0.0034549367374613,1.67999267578125,75.42662231331606,AME
2023-06-23,154.75,157.11000061035156,154.35000610351562,156.05999755859375,153.78529357910156,1112400.0,0.000192328017518,0.0001923095248559,2.759994506835937,69.22735252437657,AME
2023-06-26,156.35000610351562,158.16000366210938,156.22000122070312,157.3800048828125,155.0860595703125,963000.0,0.0084583249863348,0.0084227537965884,1.94000244140625,81.39390585618243,AME
2023-06-27,157.6699981689453,159.86000061035156,157.22000122070312,159.5800018310547,157.25399780273438,797900.0,0.0139789368459579,0.013882132611979,2.639999389648437,83.3998651369096,AME
2023-06-28,159.41000366210938,159.58999633789062,158.3300018310547,158.77999877929688,156.4656524658203,653100.0,-0.0050131974253716,-0.0050258056556006,1.2599945068359375,76.80407713869079,AME
2023-06-29,158.57000732421875,160.5399932861328,158.02999877929688,160.13999938964844,157.80581665039062,689000.0,0.0085652292592655,0.0085287558041562,2.509994506835937,82.44473708585535,AME
2023-06-30,161.19000244140625,162.69000244140625,160.35000610351562,161.8800048828125,159.52047729492188,1035500.0,0.0108656365204204,0.0108070296437459,2.339996337890625,84.10831659418098,AME
2023-07-03,160.67999267578125,161.35000610351562,159.1300048828125,160.80999755859375,158.46603393554688,374700.0,-0.0066100815221705,-0.0066320248626689,2.220001220703125,78.04291638033501,AME
2023-07-05,157.92999267578125,159.60000610351562,157.60000610351562,158.4499969482422,156.14044189453125,789800.0,-0.0146756499374592,-0.0147844026103103,2.0,64.443099186618,AME
2023-07-06,157.44000244140625,157.61000061035156,156.1699981689453,156.75999450683594,154.47508239746094,1061500.0,-0.0106657793257382,-0.0107230664554313,1.44000244140625,58.40419398412018,AME
2023-07-07,156.27999877929688,157.80999755859375,155.80999755859375,157.0800018310547,154.79042053222656,1090800.0,0.0020413527532827,0.0020392720239383,2.0,51.18607600320127,AME
2023-07-10,157.27000427246094,158.91000366210938,156.89999389648438,157.52000427246094,155.2239990234375,1783800.0,0.0028010679841823,0.0027971523036104,2.010009765625,55.13723537131022,AME
2023-07-11,157.89999389648438,158.25,156.2899932861328,157.55999755859375,155.263427734375,1064700.0,0.0002540116939748,0.0002539794384666,1.9600067138671875,57.33156875218613,AME
2023-07-12,158.61000061035156,158.69000244140625,157.13999938964844,157.50999450683594,155.21412658691406,1386600.0,-0.0003175322622999,-0.0003175826863431,1.5500030517578125,53.36663139423706,AME
2023-07-13,157.77999877929688,158.42999267578125,156.7100067138672,158.27000427246094,155.96307373046875,909800.0,0.0048252511547994,0.0048136469442945,1.7199859619140625,57.89838637289343,AME
2023-07-14,158.08999633789062,159.0,156.7899932861328,157.5399932861328,155.2436981201172,705800.0,-0.0046124739218385,-0.0046231442032509,2.2100067138671875,54.972996035256045,AME
2023-07-17,157.49000549316406,158.5,156.88999938964844,157.89999389648438,155.5984649658203,715100.0,0.0022852254229903,0.002282618266578,1.6100006103515625,51.867742412730976,AME
2023-07-18,157.74000549316406,159.3000030517578,157.74000549316406,158.8699951171875,156.5543212890625,812500.0,0.0061430960996444,0.0061243042058036,1.55999755859375,47.20244820862486,AME
2023-07-19,157.9199981689453,158.57000732421875,156.2100067138672,157.47999572753906,155.18455505371094,889000.0,-0.0087494629600317,-0.008787964252678,2.3600006103515625,45.105300346764736,AME
2023-07-20,158.11000061035156,158.4199981689453,156.82000732421875,158.08999633789062,155.7856903076172,723000.0,0.0038736796564464,0.0038661962786527,1.5999908447265625,41.81972765997412,AME
2023-07-21,158.1699981689453,158.63999938964844,157.4600067138672,157.52999877929688,155.23385620117188,645000.0,-0.0035422644105221,-0.0035485530842547,1.17999267578125,30.83716006231907,AME
2023-07-24,158.0500030517578,158.8000030517578,157.50999450683594,158.22999572753906,155.9236602783203,616600.0,0.0044436445375324,0.0044338007000477,1.290008544921875,38.25159884643318,AME
2023-07-25,157.25,158.8800048828125,157.25,158.72000122070312,156.40652465820312,625000.0,0.0030967999277398,0.0030920147195199,1.6300048828125,51.48196621001462,AME
2023-07-26,157.8699951171875,159.44000244140625,157.2899932861328,158.75999450683594,156.44593811035156,686500.0,0.0002519936571352,0.0002519619120665,2.150009155273437,63.40461038394958,AME
2023-07-27,159.27000427246094,160.0,157.74000549316406,157.86000061035156,155.55905151367188,910100.0,-0.0056689653141017,-0.0056850948855069,2.259994506835937,54.85065644144604,AME
2023-07-28,158.82000732421875,159.36000061035156,157.74000549316406,158.25,155.943359375,805200.0,0.0024704950151637,0.0024674483591543,1.6199951171875,54.56812852464101,AME
2023-07-31,158.85000610351562,159.27999877929688,157.92999267578125,158.60000610351562,156.28826904296875,1366000.0,0.0022117624588253,0.0022093201128347,1.350006103515625,56.26494785739604,AME
2023-08-01,157.5800018310547,164.75,156.00999450683594,159.4499969482422,157.12588500976562,1518300.0,0.0053594295459666,0.0053451189118898,8.740005493164062,60.65939189338651,AME
2023-08-02,160.77000427246094,161.42999267578125,158.38999938964844,158.69000244140625,156.37693786621094,1020700.0,-0.0047665420850813,-0.0047779382748389,3.0399932861328125,52.307582360177854,AME
2023-08-03,158.41000366210938,158.9199981689453,157.32000732421875,157.85000610351562,155.5491943359375,941300.0,-0.0052932583382698,-0.0053073172638169,1.5999908447265625,51.68301683773401,AME
2023-08-04,158.38999938964844,158.72999572753906,156.16000366210938,156.57000732421875,154.28785705566406,606300.0,-0.008108928404665,-0.0081419845860202,2.5699920654296875,43.4354211504598,AME
2023-08-07,157.5800018310547,160.74000549316406,157.5800018310547,160.60000610351562,158.25912475585938,770100.0,0.0257393405805264,0.0254136604563081,3.160003662109375,56.55802945672003,AME
2023-08-08,160.00999450683594,160.75999450683594,158.14999389648438,160.5,158.1605682373047,969400.0,-0.0006227540984238,-0.000622948090301,2.6100006103515625,62.68913074028387,AME
2023-08-09,160.69000244140625,160.69000244140625,159.22000122070312,159.72000122070312,157.39195251464844,894200.0,-0.0048597177616548,-0.0048715645870856,1.470001220703125,56.75234639996305,AME
2023-08-10,159.6300048828125,161.00999450683594,158.47999572753906,158.9199981689453,156.6035919189453,721400.0,-0.0050089002843379,-0.005021486872936,2.529998779296875,55.64577298164889,AME
2023-08-11,158.8800048828125,159.25,157.9499969482422,158.22000122070312,155.91383361816406,560400.0,-0.0044044858251927,-0.0044142141489035,1.3000030517578125,49.95949634586599,AME
2023-08-14,158.25,158.69000244140625,157.60000610351562,158.1199951171875,155.81524658203125,456700.0,-0.0006323174399922,-0.0006325174369768,1.089996337890625,47.4831321138053,AME
2023-08-15,157.6999969482422,157.72999572753906,156.39999389648438,156.66000366210938,154.3765411376953,530000.0,-0.0092334060747932,-0.0092762981997645,1.3300018310546875,42.12893640236329,AME
2023-08-16,156.52000427246094,157.82000732421875,155.89999389648438,156.0399932861328,153.76556396484375,634000.0,-0.003957707358572,-0.0039655598076513,1.920013427734375,43.03212603802577,AME
2023-08-17,156.72999572753906,156.72999572753906,152.5500030517578,152.97999572753906,150.7501983642578,1285700.0,-0.0196101488710135,-0.0198049791473791,4.17999267578125,33.2486757486536,AME
2023-08-18,152.55999755859375,154.8800048828125,152.52000427246094,154.4499969482422,152.19874572753906,1142300.0,0.0096089250893132,0.0095630529889078,2.3600006103515625,37.68541194741703,AME
2023-08-21,154.69000244140625,155.00999450683594,153.02999877929688,154.6199951171875,152.3662567138672,616800.0,0.0011006068777201,0.0011000016540054,1.9799957275390625,35.064815674888365,AME
2023-08-22,155.4199981689453,155.83999633789062,154.0,154.69000244140625,152.43527221679688,501500.0,0.0004529579213807,0.0004528553669089,1.839996337890625,37.0801903353876,AME
2023-08-23,155.61000061035156,156.61000061035156,154.88999938964844,156.2899932861328,154.01194763183594,543700.0,0.0103432453139631,0.0102901199638172,1.720001220703125,45.19708883848165,AME
2023-08-24,156.36000061035156,157.50999450683594,154.8000030517578,154.8699951171875,152.61264038085938,567700.0,-0.0090857058331708,-0.0091272325830111,2.709991455078125,44.8107593542648,AME
2023-08-25,155.63999938964844,158.1300048828125,155.32000732421875,157.58999633789062,155.29299926757812,539900.0,0.0175631512568661,0.0174107015259664,2.80999755859375,40.01327535469446,AME
2023-08-28,157.82000732421875,159.39999389648438,157.82000732421875,158.50999450683594,156.1995849609375,418000.0,0.0058379044621146,0.0058209299296197,1.579986572265625,43.73822704828652,AME
2023-08-29,158.25999450683594,160.52000427246094,158.00999450683594,159.55999755859375,157.23428344726562,755300.0,0.0066242076545011,0.0066023640025045,2.510009765625,49.504946700203625,AME
2023-08-30,159.97000122070312,160.5800018310547,159.32000732421875,160.2899932861328,157.95362854003906,513900.0,0.0045749888446859,0.0045645553930687,1.2599945068359375,54.25732988676761,AME
2023-08-31,160.25,161.0500030517578,159.50999450683594,159.50999450683594,157.18499755859375,735600.0,-0.0048661812238803,-0.0048780596343982,1.540008544921875,53.988763453164935,AME
2023-09-01,160.25999450683594,160.92999267578125,159.72999572753906,160.64999389648438,158.3083953857422,471300.0,0.0071469786849707,0.0071215600718089,1.1999969482421875,57.35046557012434,AME
2023-09-05,160.77000427246094,160.77000427246094,157.07000732421875,157.1199951171875,154.82984924316406,774900.0,-0.0219732259562237,-0.0222182329991648,3.699996948242188,51.19298121620797,AME
2023-09-06,157.25999450683594,158.44000244140625,156.47999572753906,157.10000610351562,154.8101348876953,1641300.0,-0.0001273291653071,-0.0001273372723534,1.9600067138671875,52.83732064952042,AME
2023-09-07,156.97000122070312,157.91000366210938,155.33999633789062,156.63999938964844,154.35682678222656,1069500.0,-0.0029281552257388,-0.0029324506594322,2.57000732421875,61.380505748897406,AME
2023-09-08,156.1300048828125,156.6199951171875,153.55999755859375,153.89999389648438,151.65676879882812,1018900.0,-0.0174923133604437,-0.0176471117176133,3.05999755859375,48.41500822416128,AME
2023-09-11,154.47999572753906,154.94000244140625,152.16000366210938,153.4499969482422,151.2133331298828,790200.0,-0.0029239424818124,-0.0029282255526369,2.779998779296875,46.68186712713055,AME
2023-09-12,152.7899932861328,154.00999450683594,151.36000061035156,151.66000366210938,149.44943237304688,939500.0,-0.0116649816542359,-0.0117335513169089,2.649993896484375,42.17053258623697,AME
2023-09-13,150.97000122070312,152.5399932861328,150.85000610351562,152.49000549316406,150.51544189453125,1396000.0,0.0071329111429707,0.0071075922592212,1.6899871826171875,40.579161976399696,AME
2023-09-14,153.44000244140625,153.86000061035156,151.4499969482422,152.86000061035156,150.880615234375,1151300.0,0.0024261519964152,0.0024232136412982,2.410003662109375,45.057898045799455,AME
2023-09-15,151.77000427246094,152.6999969482422,150.57000732421875,151.6300048828125,149.6665802001953,1279700.0,-0.0080463287632663,-0.0080788751701794,2.129989624023437,32.4796802435805,AME
2023-09-18,151.77999877929688,154.11000061035156,151.60000610351562,152.47000122070312,150.49571228027344,969500.0,0.0055398611965948,0.0055245726040195,2.509994506835937,32.15240277877247,AME
2023-09-19,152.0500030517578,153.16000366210938,151.4600067138672,152.66000366210938,150.68324279785156,1161600.0,0.0012460854514504,0.0012453097313164,1.6999969482421875,28.353996400139152,AME
2023-09-20,153.3300018310547,154.72000122070312,151.25,151.41000366210938,149.44944763183594,786800.0,-0.0081880051365155,-0.0082217109656678,3.470001220703125,22.824306137972727,AME
2023-09-21,151.00999450683594,151.57000732421875,149.63999938964844,151.02999877929688,149.07432556152344,1447700.0,-0.0025100264755517,-0.0025131818731994,1.9300079345703125,23.41313944845649,AME
2023-09-22,150.61000061035156,152.57000732421875,150.52000427246094,151.66000366210938,149.69618225097656,1681100.0,0.00417145398519,0.0041627775914305,2.0500030517578125,20.80925812144044,AME
2023-09-25,151.05999755859375,153.39999389648438,151.05999755859375,152.50999450683594,150.53518676757812,1527500.0,0.0056047155243739,0.0055890675473988,2.339996337890625,32.271154241052585,AME
2023-09-26,151.72000122070312,153.02999877929688,148.5399932861328,149.27000427246094,147.337158203125,1519400.0,-0.0212443923120165,-0.0214733022549847,4.490005493164063,25.563158698335755,AME
2023-09-27,150.08999633789062,150.25999450683594,148.0,148.86000061035156,146.9324493408203,1045100.0,-0.0027468214212923,-0.0027506008577972,2.259994506835937,25.64466816033061,AME
2023-09-28,148.08999633789062,150.36000061035156,147.72999572753906,148.82000732421875,146.89297485351562,972300.0,-0.0002686573829115,-0.0002686934777712,2.6300048828125,31.06781868767601,AME
2023-09-29,149.8300018310547,149.9199981689453,147.57000732421875,147.75999450683594,145.84669494628906,964800.0,-0.0071227361844222,-0.0071482239704278,2.3499908447265625,29.647234471025318,AME
2023-10-02,147.72000122070312,148.2100067138672,146.1999969482422,147.4199981689453,145.51107788085938,821300.0,-0.0023011633246353,-0.0023038150698055,2.010009765625,33.24926728848715,AME
2023-10-03,146.60000610351562,148.55999755859375,146.60000610351562,147.9600067138672,146.0441131591797,934100.0,0.0036631937999713,0.0036565006461297,1.959991455078125,30.079252532641192,AME
2023-10-04,148.22999572753906,150.5399932861328,147.63999938964844,150.1199951171875,148.17611694335938,1055900.0,0.0145983548262293,0.0144928246492654,2.899993896484375,39.58977455338265,AME
2023-10-05,150.07000732421875,150.4499969482422,147.6999969482422,148.41000366210938,146.48826599121094,883300.0,-0.0113908434568684,-0.0114562160207415,2.75,38.196500215336485,AME
2023-10-06,148.0500030517578,151.05999755859375,147.44000244140625,150.22000122070312,148.2748260498047,878400.0,0.0121959260457145,0.0121221549386387,3.6199951171875,42.29974838268687,AME
2023-10-09,149.67999267578125,151.47000122070312,149.27000427246094,151.32000732421875,149.36058044433594,519100.0,0.0073225808011843,0.0072959008711836,2.1999969482421875,45.68296093837156,AME
2023-10-10,151.72999572753906,152.6999969482422,151.10000610351562,151.27999877929688,149.32110595703125,548700.0,-0.0002642898627419,-0.0002643247934624,1.5999908447265625,49.54568582481438,AME
2023-10-11,151.27000427246094,152.5800018310547,151.27000427246094,152.25,150.27853393554688,685700.0,0.0064118730729942,0.0063914044630037,1.30999755859375,54.09397588611423,AME
2023-10-12,152.25,152.63999938964844,150.27000427246094,151.1199951171875,149.16317749023438,733400.0,-0.0074219279101489,-0.0074496074592232,2.3699951171875,48.24676139472086,AME
2023-10-13,151.0399932861328,151.41000366210938,147.72000122070312,148.63999938964844,146.71530151367188,923900.0,-0.0164107256076839,-0.0165468731400617,3.69000244140625,38.63768400107477,AME
2023-10-16,149.85000610351562,151.1199951171875,149.5500030517578,150.47000122070312,148.5216064453125,608200.0,0.0123116328903996,0.0122364611009451,1.5699920654296875,53.84119016325948,AME
2023-10-17,149.86000061035156,151.17999267578125,149.19000244140625,149.75,147.8109130859375,924300.0,-0.004785117643046,-0.0047966029722233,1.989990234375,52.7934367749054,AME
2023-10-18,148.41000366210938,148.41000366210938,143.92999267578125,143.9600067138672,142.09591674804688,933500.0,-0.0386642381037719,-0.0394315430042553,4.480010986328125,38.79151751971592,AME
2023-10-19,144.7100067138672,146.47000122070312,143.22999572753906,143.64999389648438,141.78990173339844,1935400.0,-0.0021535806351918,-0.0021559029247255,3.2400054931640625,40.181519248751385,AME
2023-10-20,143.91000366210938,144.6300048828125,141.42999267578125,141.57000732421875,139.73683166503906,1136700.0,-0.0144796635251195,-0.0145855169098545,3.20001220703125,37.0974748049897,AME
2023-10-23,141.5399932861328,142.57000732421875,140.66000366210938,140.86000061035156,139.03602600097656,862600.0,-0.0050151821514201,-0.0050278003835938,1.910003662109375,34.456999057839965,AME
2023-10-24,142.27000427246094,142.27000427246094,140.32000732421875,140.97000122070312,139.14459228515625,745400.0,0.0007808500235682,0.0007805453187973,1.9499969482421875,27.994167370587604,AME
2023-10-25,140.5500030517578,141.10000610351562,139.0500030517578,139.66000366210938,137.85157775878906,825800.0,-0.0092925963210798,-0.0093360418515871,2.0500030517578125,28.543365590778265,AME
2023-10-26,141.39999389648438,141.91000366210938,139.69000244140625,139.83999633789062,138.02923583984375,810600.0,0.0012887634943543,0.0012879337515005,2.220001220703125,22.33465811750997,AME
2023-10-27,139.5399932861328,140.66000366210938,138.86000061035156,139.22000122070312,137.41726684570312,818700.0,-0.0044336186491005,-0.0044434762837157,1.8000030517578125,16.903611981926133,AME
2023-10-30,140.25,140.6300048828125,138.60000610351562,140.1199951171875,138.3055877685547,1335400.0,0.0064644054072839,0.0064436007503397,2.029998779296875,20.846192304244127,AME
2023-10-31,136.88999938964844,143.41000366210938,136.88999938964844,140.77000427246094,138.94720458984375,1428600.0,0.0046391243596228,0.0046283967871115,6.5200042724609375,19.500515026112723,AME
2023-11-01,141.83999633789062,142.9600067138672,140.86000061035156,142.39999389648438,140.5561065673828,1284700.0,0.01157923243068,0.0115127061749857,2.100006103515625,27.43272903015702,AME
2023-11-02,143.41000366210938,143.97000122070312,141.25999450683594,143.6999969482422,141.8392791748047,1208900.0,0.0091292554892072,0.0090878357331511,2.7100067138671875,36.38370962367557,AME
2023-11-03,145.3300018310547,145.9199981689453,143.55999755859375,143.6999969482422,141.8392791748047,1034700.0,0.0,0.0,2.3600006103515625,29.245884796090422,AME
2023-11-06,143.67999267578125,143.9199981689453,142.44000244140625,143.4600067138672,141.60235595703125,768600.0,-0.0016703639439781,-0.0016717605572824,1.4799957275390625,30.132655990906255,AME
2023-11-07,142.49000549316406,146.64999389648438,141.64999389648438,146.5,144.60299682617188,1858100.0,0.021190614018111,0.0209692152130186,5.0,59.709329948446666,AME
2023-11-08,147.14999389648438,148.6699981689453,146.52000427246094,147.89999389648438,145.98484802246094,1519400.0,0.0095561726009745,0.0095108012058208,2.149993896484375,64.99639981671794,AME
2023-11-09,148.8699951171875,149.4600067138672,147.1199951171875,147.4600067138672,145.55056762695312,1403500.0,-0.0029748319869538,-0.0029792655946376,2.3400115966796875,73.50366611517634,AME
2023-11-10,148.8000030517578,151.25,148.35000610351562,150.8000030517578,148.84732055664062,1233600.0,0.0226502237912056,0.0223975162766162,2.899993896484375,82.78371992711024,AME
2023-11-13,150.27000427246094,151.75999450683594,150.0399932861328,151.3800048828125,149.41981506347656,1193100.0,0.0038461861771847,0.0038388085143224,1.720001220703125,83.30143621119555,AME
2023-11-14,153.32000732421875,155.1999969482422,152.39999389648438,154.72999572753906,152.72640991210938,1365200.0,0.0221295605755373,0.0218882553470025,2.8000030517578125,92.6428555805866,AME
2023-11-15,154.67999267578125,155.19000244140625,152.72999572753906,153.10000610351562,151.11752319335938,1471600.0,-0.0105344368382382,-0.0105903168071185,2.4600067138671875,84.67572536711022,AME
2023-11-16,153.5800018310547,154.80999755859375,153.10000610351562,153.97000122070312,151.97625732421875,1122500.0,0.005682558267982,0.0056664734402926,1.709991455078125,88.07432437824922,AME
2023-11-17,154.57000732421875,155.82000732421875,154.2100067138672,155.66000366210938,153.64437866210938,1107800.0,0.0109761969880066,0.0109163957334806,1.6100006103515625,88.54166746543015,AME
2023-11-20,155.85000610351562,155.85000610351562,154.19000244140625,154.80999755859375,152.805419921875,696400.0,-0.0054603933286709,-0.0054753557683836,1.660003662109375,84.47949632203317,AME
2023-11-21,154.5399932861328,155.74000549316406,154.27000427246094,155.39999389648438,153.3877410888672,585400.0,0.0038108672276802,0.0038036242686383,1.470001220703125,83.64398113548746,AME
2023-11-22,155.61000061035156,156.05999755859375,154.9600067138672,155.64999389648438,153.63450622558594,494200.0,0.0016087670042403,0.001607474324831,1.0999908447265625,82.70397146125676,AME
2023-11-24,156.07000732421875,156.39999389648438,155.5,156.17999267578125,154.15765380859375,248500.0,0.0034051437783102,0.0033993594036004,0.899993896484375,83.19158436235988,AME
2023-11-27,154.89999389648438,154.89999389648438,153.5800018310547,154.05999755859375,152.0651092529297,813600.0,-0.0135740555461633,-0.0136670253146413,1.3199920654296875,75.62880916659378,AME
2023-11-28,153.52000427246094,154.39999389648438,152.4499969482422,152.52999877929688,150.55491638183594,555100.0,-0.0099312253712444,-0.0099808689444077,1.9499969482421875,65.72780591734681,AME
2023-11-29,153.67999267578125,154.0800018310547,152.42999267578125,152.8800048828125,150.90037536621094,710100.0,0.0022945712612854,0.0022919427527477,1.6500091552734375,63.74184389418221,AME
2023-11-30,153.6199951171875,155.38999938964844,152.50999450683594,155.22999572753906,153.21995544433594,1477100.0,0.0153715991262166,0.0152546530062614,2.8800048828125,69.39598651830732,AME
2023-12-01,155.5500030517578,157.3699951171875,154.80999755859375,157.0500030517578,155.01641845703125,691000.0,0.0117247326399854,0.0116565305454886,2.55999755859375,66.88289236319903,AME
2023-12-04,156.1699981689453,157.32000732421875,155.57000732421875,157.2899932861328,155.25328063964844,1394500.0,0.0015279812614354,0.0015268150858463,1.75,66.2631321020552,AME
2023-12-05,156.9600067138672,156.9600067138672,155.30999755859375,155.5,153.48646545410156,657200.0,-0.0113802116017616,-0.0114454617222733,1.6500091552734375,52.31797016714552,AME
2023-12-06,156.5,157.5500030517578,155.77999877929688,156.47999572753906,154.45376586914062,1080400.0,0.0063021870506771,0.0062824113133072,1.7700042724609375,60.58905120659895,AME
2023-12-07,156.2100067138672,156.2899932861328,154.69000244140625,155.91000366210938,154.1374053955078,1028500.0,-0.0020482535459889,-0.0020503540860658,1.5999908447265625,57.10394929684279,AME
2023-12-08,156.44000244140625,157.69000244140625,156.33999633789062,157.16000366210938,155.37319946289062,1256000.0,0.0080174832592505,0.0079855140019874,1.350006103515625,55.84908231873524,AME
2023-12-11,157.97000122070312,159.38999938964844,157.6300048828125,157.72999572753906,155.9366912841797,1612400.0,0.0036266989624786,0.0036201383472626,1.7599945068359375,60.79518135669008,AME
2023-12-12,158.13999938964844,161.99000549316406,157.67999267578125,161.33999633789062,159.50567626953125,1358800.0,0.0228873971607326,0.0226294097095802,4.3100128173828125,67.49004762656723,AME
2023-12-13,161.8000030517578,162.0800018310547,159.61000061035156,161.49000549316406,159.65399169921875,1290800.0,0.0009298442109162,0.0009294121735854,2.470001220703125,67.30601347480209,AME
2023-12-14,162.72000122070312,164.5500030517578,162.02000427246094,164.07000732421875,162.2046356201172,1444000.0,0.0159760735935983,0.0158497992663935,2.529998779296875,70.71955657217214,AME
2023-12-15,163.1699981689453,164.5500030517578,162.39999389648438,163.1300048828125,161.27532958984375,1451300.0,-0.0057292199246997,-0.0057456948609964,2.150009155273437,75.22578207735393,AME
2023-12-18,163.39999389648438,163.58999633789062,162.08999633789062,163.25,161.39395141601562,571700.0,0.0007355236940054,0.0007352533290183,1.5,82.13661069183016,AME
2023-12-19,163.97999572753906,164.16000366210938,162.7899932861328,163.38999938964844,161.53237915039062,717300.0,0.0008577008813557,0.0008573332661423,1.3700103759765625,81.91458469024789,AME
2023-12-20,162.6999969482422,164.47000122070312,161.72000122070312,161.82000732421875,159.98020935058594,720300.0,-0.0096090319969817,-0.0096554966379986,2.75,71.27263194082997,AME
2023-12-21,162.63999938964844,163.7899932861328,162.07000732421875,163.69000244140625,161.82894897460938,500400.0,0.0115560520362367,0.0114897908567445,1.7199859619140625,71.36683499814312,AME
2023-12-22,164.38999938964844,165.0399932861328,163.57000732421875,164.1999969482422,162.33314514160156,413600.0,0.0031156117010393,0.003110768240524,1.4699859619140625,71.83907504961009,AME
2023-12-26,164.49000549316406,165.25999450683594,164.32000732421875,164.89999389648438,163.0251922607422,577000.0,0.0042631288794223,0.004254067489621,0.9399871826171876,81.51339721408925,AME
2023-12-27,164.6999969482422,165.11000061035156,164.10000610351562,164.5399932861328,162.66928100585938,664600.0,-0.0021831672145098,-0.0021855537982266,1.0099945068359375,78.28447750530584,AME
2023-12-28,164.5800018310547,165.4199981689453,164.27000427246094,165.1199951171875,163.24267578125,501500.0,0.0035249112299817,0.0035187132909118,1.149993896484375,80.80258097819073,AME
2023-12-29,164.9199981689453,165.52000427246094,164.2100067138672,164.88999938964844,163.0153045654297,560800.0,-0.0013928417598655,-0.0013938126655996,1.30999755859375,77.7458431067092,AME
2024-01-02,163.75999450683594,164.5800018310547,161.9499969482422,162.8699951171875,161.01828002929688,798500.0,-0.0122505340308785,-0.0123261903446717,2.6300048828125,66.71008595212172,AME
2024-01-03,162.5800018310547,162.5800018310547,160.02999877929688,160.60000610351562,158.77410888671875,1033700.0,-0.0139373687395605,-0.0140354058487331,2.5500030517578125,47.36473547317575,AME
2024-01-04,161.13999938964844,161.80999755859375,160.35000610351562,160.47999572753906,158.6554412841797,697900.0,-0.0007473989517001,-0.0007476783935417,1.459991455078125,46.395305155009424,AME
2024-01-05,159.97999572753906,160.94000244140625,159.27999877929688,160.74000549316406,158.91250610351562,554100.0,0.0016202710556614,0.0016189598326812,1.660003662109375,35.75712925811354,AME
2024-01-08,160.85000610351562,162.05999755859375,159.92999267578125,161.8800048828125,160.03953552246094,638500.0,0.0070921379731507,0.0070671070415009,2.1300048828125,44.74346575973727,AME
2024-01-09,161.39999389648438,163.1999969482422,160.11000061035156,163.0,161.1468048095703,822400.0,0.0069187234485192,0.0068948989085838,3.089996337890625,49.030302086913,AME
2024-01-10,163.1999969482422,163.83999633789062,162.11000061035156,163.67999267578125,161.8190460205078,638300.0,0.0041716074465882,0.0041629304153192,1.7299957275390625,51.079537684122464,AME
2024-01-11,165.0,165.49000549316406,162.85000610351562,163.92999267578125,162.06622314453125,631900.0,0.001527490923362,0.0015263254957373,2.639999389648437,58.71183010309489,AME
2024-01-12,164.9199981689453,165.0,162.77999877929688,163.44000244140625,161.58180236816406,801000.0,-0.0029890298358787,-0.002993505907191,2.220001220703125,48.83509180745247,AME
2024-01-16,163.2100067138672,163.75999450683594,161.44000244140625,163.61000061035156,161.7498779296875,1040700.0,0.0010401886787998,0.0010396480574224,2.3199920654296875,47.160850712368365,AME
2024-01-17,162.64999389648438,163.4600067138672,159.99000549316406,160.07000732421875,158.2501220703125,1011500.0,-0.0216368377161703,-0.0218743462952698,3.470001220703125,31.746079891925064,AME
2024-01-18,160.3000030517578,162.4600067138672,160.0,162.30999755859375,160.4646453857422,1013800.0,0.0139938174230649,0.013896807934491,2.4600067138671875,42.62080574960495,AME
2024-01-19,162.58999633789062,162.9199981689453,161.47000122070312,162.02999877929688,160.1878204345703,1304400.0,-0.0017251460625885,-0.0017266358406936,1.4499969482421875,39.56790297148776,AME
2024-01-22,162.77999877929688,163.9499969482422,162.2899932861328,163.16000366210938,161.3049774169922,1300400.0,0.0069740444647488,0.0069498382947566,1.660003662109375,44.49397071913199,AME
2024-01-23,163.63999938964844,165.25999450683594,162.42999267578125,165.1199951171875,163.24267578125,970300.0,0.0120126383902503,0.0119410593152081,2.8300018310546875,57.18842026158359,AME
2024-01-24,166.36000061035156,166.64999389648438,162.5,162.74000549316406,160.88973999023438,802600.0,-0.0144137296191384,-0.0145186165141313,4.149993896484375,56.78920699711881,AME
2024-01-25,164.05999755859375,164.52000427246094,163.14999389648438,164.1199951171875,162.25405883789062,584700.0,0.0084798374821108,0.008444085631324,1.3700103759765625,60.69330876425199,AME
2024-01-26,164.66000366210938,164.97000122070312,163.32000732421875,163.52000427246094,161.660888671875,426900.0,-0.0036558109563734,-0.0036625097646157,1.649993896484375,58.006895644257305,AME
2024-01-29,162.77000427246094,165.3699951171875,162.7100067138672,165.3300018310547,163.4503173828125,982200.0,0.011069026810619,0.0110082134847208,2.6599884033203125,59.56741218597493,AME
2024-01-30,165.13999938964844,166.63999938964844,164.50999450683594,165.8699951171875,163.98416137695312,855600.0,0.003266093346826,0.0032607712491143,2.1300048828125,58.22347269014036,AME
2024-01-31,165.75999450683594,165.75999450683594,161.92999267578125,162.0500030517578,160.2075958251953,1043900.0,-0.02303006290392,-0.0232993980411524,3.830001831054688,46.04180971542168,AME
2024-02-01,163.50999450683594,165.89999389648438,162.36000061035156,165.8699951171875,163.98416137695312,1206800.0,0.0235729494117025,0.0232993980411524,3.5399932861328125,54.01489510945184,AME
2024-02-02,165.35000610351562,168.5399932861328,164.66000366210938,167.44000244140625,165.53631591796875,1301000.0,0.0094652710846119,0.0094207560835084,3.8799896240234375,57.92391830105528,AME
2024-02-05,166.08999633789062,167.5800018310547,164.77999877929688,166.99000549316406,165.0914306640625,1396300.0,-0.0026875386916712,-0.0026911566074271,2.8000030517578125,56.622226576722056,AME
2024-02-06,167.9600067138672,167.9600067138672,163.7899932861328,166.0800018310547,164.1917724609375,1559300.0,-0.0054494542781913,-0.0054643567189272,4.170013427734375,63.12797442048951,AME
2024-02-07,166.6699981689453,168.63999938964844,166.1199951171875,166.72999572753906,164.83438110351562,1098400.0,0.003913768838393,0.003906129969823,2.520004272460937,60.37556746337982,AME
2024-02-08,167.60000610351562,167.8300018310547,165.5500030517578,166.3000030517578,164.40928649902344,976400.0,-0.0025789195290831,-0.0025822506704481,2.279998779296875,59.95343087521461,AME
2024-02-09,166.41000366210938,168.61000061035156,166.41000366210938,168.5,166.58424377441406,814700.0,0.0132289198603361,0.0131421818295647,2.1999969482421875,61.85612088663726,AME
2024-02-12,168.8000030517578,169.3000030517578,167.6300048828125,168.4199981689453,166.5051727294922,882200.0,-0.0004746610071295,-0.0004747736943256,1.6699981689453125,57.99425549941336,AME
2024-02-13,166.44000244140625,168.1300048828125,164.6199951171875,168.0399932861328,166.12950134277344,1969300.0,-0.0022562145100986,-0.0022587635969693,3.510009765625,64.21685240586008,AME
2024-02-14,168.7899932861328,173.7899932861328,168.5,173.41000366210938,171.43844604492188,2079300.0,0.031956664284416,0.0314566742052183,5.2899932861328125,70.5259539548169,AME
2024-02-15,174.2100067138672,174.94000244140625,171.35000610351562,173.74000549316406,171.7647247314453,1526000.0,0.0019031827110584,0.0019013739534099,3.589996337890625,72.85343416710326,AME
2024-02-16,173.64999389648438,175.0,173.32000732421875,173.88999938964844,171.91297912597656,1016400.0,0.0008631248049506,0.0008627525269357,1.67999267578125,70.6763895568405,AME
2024-02-20,172.99000549316406,175.3699951171875,172.50999450683594,174.80999755859375,172.822509765625,1311700.0,0.0052906455595882,0.0052766992626859,2.8600006103515625,71.20500576224973,AME
2024-02-21,174.75,175.66000366210938,173.24000549316406,174.8000030517578,172.8126220703125,847000.0,-5.7213006140810485e-05,-5.721464286727464e-05,2.4199981689453125,86.91387241237858,AME
2024-02-22,176.39999389648438,178.6699981689453,176.27999877929688,178.2100067138672,176.1838836669922,835300.0,0.0195081907576635,0.0193203450929525,2.389999389648437,86.59567125088455,AME
2024-02-23,178.7899932861328,179.22999572753906,177.02999877929688,178.1999969482422,176.17398071289062,964700.0,-5.6208058849871456e-05,-5.620963858200735e-05,2.1999969482421875,85.1634927135937,AME
2024-02-26,178.27999877929688,180.1199951171875,177.77000427246094,178.88999938964844,176.85614013671875,1163500.0,0.0038720781642542,0.0038646009649174,2.3499908447265625,88.28840102974829,AME
2024-02-27,179.27999877929688,179.5399932861328,176.69000244140625,177.77000427246094,175.74888610839844,781100.0,-0.0062607610200264,-0.0062804417716239,2.8499908447265625,87.11131232893626,AME
2024-02-28,178.0,179.6699981689453,177.30999755859375,178.72000122070312,176.68807983398438,544800.0,0.0053439526496155,0.0053297244021988,2.3600006103515625,87.35221994634048,AME
2024-02-29,178.80999755859375,180.7400054931641,178.24000549316406,180.17999267578125,178.1314697265625,1819600.0,0.0081691413135189,0.0081359544946542,2.5000000000000284,90.63241838924658,AME
2024-03-01,180.11000061035156,181.41000366210932,179.5399932861328,180.67999267578125,178.6257781982422,1534700.0,0.0027749643139332,0.0027711212084734,1.870010375976534,89.59700225392932,AME
2024-03-04,181.1199951171875,182.1699981689453,180.67999267578125,181.1000061035156,179.041015625,850200.0,0.0023246220727277,0.0023219243188671,1.4900054931640625,90.33080579236594,AME
2024-03-05,180.6699981689453,180.8500061035156,178.41000366210938,179.4499969482422,177.40975952148438,630000.0,-0.0091110748999115,-0.0091528345867777,2.4400024414062216,83.57847345428185,AME
2024-03-06,180.1699981689453,181.27999877929688,179.58999633789062,180.3600006103516,178.30941772460938,819800.0,0.0050710750386653,0.0050582604419043,1.69000244140625,77.73332413602814,AME
2024-03-07,181.3699951171875,182.2100067138672,180.72000122070312,181.5800018310547,179.79469299316406,620400.0,0.0083297634387917,0.008295262417147,1.4900054931640625,79.63838213627578,AME
2024-03-08,181.7899932861328,182.72000122070312,181.08999633789065,181.44000244140625,179.6560516357422,648100.0,-0.0007711092864522,-0.0007714067441428,1.6300048828124716,78.59975336974924,AME
2024-03-11,180.8000030517578,181.3099975585937,178.9199981689453,180.8600006103516,179.08175659179688,582600.0,-0.0031966362319356,-0.0032017563879644,2.389999389648409,73.70617715456063,AME
2024-03-12,180.91000366210932,182.3500061035156,180.3300018310547,181.8300018310547,180.04225158691406,696900.0,0.0053634441240519,0.005349112080852,2.020004272460909,75.54219088785072,AME
2024-03-13,181.82000732421875,182.22000122070312,180.66000366210932,181.52999877929688,179.74517822265625,1182700.0,-0.0016500202682391,-0.0016513830509676,1.5599975585937784,66.0735216943956,AME
2024-03-14,182.07000732421875,182.3800048828125,180.8099975585937,181.6199951171875,179.83428955078125,664300.0,0.0004957647765917,0.0004956419258365,1.5700073242187784,66.40313016268969,AME
2024-03-15,180.33999633789065,182.97000122070312,180.33999633789065,181.5200042724609,179.73529052734375,1255200.0,-0.0005505013737079,-0.0005506529552222,2.630004882812472,63.61404926478016,AME
2024-03-18,182.3300018310547,183.7100067138672,182.0,182.0800018310547,180.289779663086,699800.0,0.0030850320719728,0.0030802831251256,1.7100067138671875,72.6559312020757,AME
2024-03-19,181.8000030517578,182.82000732421875,181.42999267578125,181.92999267578125,180.1412353515625,963700.0,-0.0008239197574096,-0.0008242593658459,1.3900146484375,68.70458287323858,AME
2024-03-20,182.2700042724609,184.2100067138672,181.3999938964844,184.1999969482422,182.388900756836,1022000.0,0.0124772398772936,0.0124000406123605,2.810012817382784,71.21280545938076,AME
2024-03-21,184.5599975585937,186.3300018310547,182.72999572753903,184.91000366210932,183.0919647216797,1051600.0,0.0038547519170646,0.0038473413985955,3.6000061035156534,71.79945124512528,AME
2024-03-22,185.02999877929688,185.8300018310547,182.759994506836,183.1499938964844,181.3492431640625,780300.0,-0.0095182853068747,-0.0095638736972986,3.0700073242187216,59.973942948772,AME
2024-03-25,183.1499938964844,183.3800048828125,182.3999938964844,182.759994506836,180.96307373046875,652700.0,-0.002129424015541,-0.0021316944625956,0.9800109863280966,67.20532909338613,AME
2024-03-26,182.0,183.25,181.52999877929688,181.6699981689453,179.88377380371094,752400.0,-0.0059641997923032,-0.0059820566686046,1.720001220703125,57.49276336906741,AME
2024-03-27,182.1699981689453,184.22000122070312,181.7899932861328,183.72000122070312,181.9136505126953,670800.0,0.0112843791636225,0.0112211855134289,2.4300079345703125,59.58765648258353,AME
2024-03-28,183.509994506836,183.88999938964844,182.5599975585937,182.8999938964844,181.1016998291016,1043500.0,-0.0044633851352295,-0.004473375777803,1.330001831054716,56.16546579065201,AME
2024-04-01,182.9900054931641,183.0,180.3099975585937,180.4600067138672,178.6857147216797,772500.0,-0.0133404882985734,-0.0134302720123936,2.6900024414062784,48.54025477348782,AME
2024-04-02,180.72999572753903,181.5200042724609,179.7899932861328,180.3699951171875,178.59657287597656,921900.0,-0.0004988750546845,-0.0004989995342462,1.7300109863280966,44.3057024713915,AME
2024-04-03,180.3800048828125,182.5,180.3800048828125,181.1100006103516,179.32928466796875,739600.0,0.0041026083546462,0.0040942156039391,2.1199951171875,48.416214394458855,AME
2024-04-04,182.3600006103516,182.8500061035156,179.0,179.33999633789062,177.5767059326172,845500.0,-0.0097729645138354,-0.0098210333714215,3.8500061035155966,42.36952120038745,AME
2024-04-05,180.63999938964844,182.66000366210932,179.7899932861328,182.22000122070312,180.4283905029297,763700.0,0.0160588887789967,0.0159313088732436,2.870010375976534,51.97510711922127,AME
2024-04-08,182.3600006103516,182.9900054931641,180.75,180.9199981689453,179.1411590576172,659800.0,-0.0071343065341571,-0.0071598773918261,2.240005493164091,46.85802248586696,AME
2024-04-09,181.1999969482422,181.5599975585937,178.82000732421875,181.17999267578125,179.39862060546875,749100.0,0.0014371992969453,0.001436167514502,2.739990234374972,47.9806579997776,AME
2024-04-10,178.9600067138672,181.69000244140625,178.0399932861328,179.75,177.982666015625,1376000.0,-0.007892784153328,-0.0079240970469429,3.6500091552734375,37.45079480139298,AME
2024-04-11,179.97000122070312,181.3500061035156,178.58999633789062,180.5,178.7252960205078,845000.0,0.0041724850037789,0.004163804326512,2.760009765624972,37.59144659934855,AME
2024-04-12,178.6300048828125,180.11000061035156,178.1199951171875,179.7100067138672,177.94308471679688,826300.0,-0.0043766121591494,-0.004386217562474,1.9900054931640625,39.76200347831192,AME
2024-04-15,182.33999633789065,182.8099975585937,178.5500030517578,179.0399932861328,177.27964782714844,919400.0,-0.0037283656777352,-0.0037353333571448,4.259994506835909,39.11012265925629,AME
2024-04-16,178.8300018310547,180.5399932861328,178.0,179.08999633789062,177.3291473388672,896200.0,0.0002792171144598,0.0002791781406159,2.5399932861328125,41.95765833450224,AME
2024-04-17,179.4499969482422,180.02999877929688,177.24000549316406,178.0500030517578,176.2993927001953,900900.0,-0.0058070241363313,-0.0058239504605154,2.7899932861328125,31.13771656950217,AME
2024-04-18,179.2100067138672,179.60000610351562,176.7100067138672,177.27000427246094,175.52706909179688,629000.0,-0.0043807502485945,-0.0043903738509815,2.889999389648437,31.22084864684257,AME
2024-04-19,178.13999938964844,178.72999572753906,176.77000427246094,177.6999969482422,175.95281982421875,806600.0,0.002425555981905,0.0024226190691332,1.959991455078125,39.368129617603365,AME
2024-04-22,178.52000427246094,179.3300018310547,177.22000122070312,177.86000061035156,176.1112518310547,643000.0,0.0009004232327405,0.0009000180949202,2.1100006103515625,40.38312113117801,AME
2024-04-23,179.10000610351562,180.41000366210932,178.5800018310547,179.85000610351562,178.08169555664062,601000.0,0.0111886305111055,0.0111265007862354,1.830001831054659,45.59448246133951,AME
2024-04-24,180.67999267578125,181.13999938964844,177.0399932861328,178.22000122070312,176.4677276611328,867300.0,-0.0090630757443258,-0.0091043952593658,4.100006103515625,46.0452340167119,AME
2024-04-25,177.1300048828125,178.77999877929688,176.3699951171875,177.92999267578125,176.18055725097656,998700.0,-0.0016273253696998,-0.0016286509018726,2.410003662109375,31.4606591919531,AME
2024-04-26,178.16000366210938,179.00999450683594,177.4499969482422,177.50999450683594,175.7646942138672,637900.0,-0.0023604366088872,-0.0023632268310059,1.55999755859375,34.050558461103776,AME
2024-04-29,177.80999755859375,178.4600067138672,176.8800048828125,177.69000244140625,175.9429168701172,689500.0,0.0010139843900227,0.0010134706551012,1.5800018310546875,33.55313515342796,AME
2024-04-30,177.69000244140625,178.0800018310547,174.3800048828125,174.66000366210938,172.94273376464844,1138300.0,-0.0170520255025867,-0.0171990854670826,3.699996948242188,29.15641726921976,AME
2024-05-01,174.22000122070312,176.22000122070312,173.55999755859375,173.97999572753906,172.2694091796875,1268000.0,-0.0038933383918704,-0.0039009371632585,2.660003662109375,23.146534379478567,AME
2024-05-02,170.0,171.1300048828125,161.9600067138672,163.33999633789062,161.73402404785156,2896000.0,-0.0611564478104577,-0.0631064247417925,9.169998168945312,12.778449366312415,AME
2024-05-03,163.6999969482422,166.8800048828125,162.77999877929688,166.55999755859375,164.92234802246094,2065100.0,0.0197133781427836,0.0195215859869699,4.100006103515625,24.57203931586575,AME
2024-05-06,167.0,169.22999572753906,166.9199981689453,168.0500030517578,166.39772033691406,1468600.0,0.0089458604739982,0.0089060833154505,2.30999755859375,28.752902041779905,AME
2024-05-07,168.2100067138672,169.91000366210938,168.2100067138672,169.5800018310547,167.9126739501953,1008500.0,0.0091044132708899,0.0090632179510745,1.6999969482421875,34.00074519118812,AME
2024-05-08,169.19000244140625,169.83999633789062,168.3000030517578,169.13999938964844,167.47698974609375,988100.0,-0.0025947070810794,-0.0025980791678123,1.5399932861328125,34.44313518728865,AME
2024-05-09,169.27999877929688,171.27000427246094,168.86000061035156,169.89999389648438,168.22950744628906,1266300.0,0.0044932602462952,0.0044831956896611,2.410003662109375,35.26076668299328,AME
2024-05-10,171.00999450683594,171.57000732421875,170.38999938964844,170.8000030517578,169.12069702148438,1193700.0,0.0052974629048345,0.0052834807066004,1.1800079345703125,37.02213245479603,AME
2024-05-13,171.25999450683594,171.55999755859375,169.8000030517578,170.10000610351562,168.4275665283203,826600.0,-0.0040984368286751,-0.0041068584390626,1.7599945068359375,31.184914458365185,AME
2024-05-14,170.0,170.9499969482422,168.3000030517578,168.52999877929688,166.8729705810547,1400200.0,-0.0092300564528089,-0.0092729173668392,2.649993896484375,31.25725057140167,AME
2024-05-15,169.52999877929688,170.97999572753906,169.2100067138672,169.6300048828125,167.96218872070312,1137000.0,0.006527229280187,0.0065060191646449,1.769989013671875,34.43370787685902,AME
2024-05-16,169.1999969482422,170.0800018310547,167.82000732421875,167.91000366210938,166.2590789794922,978200.0,-0.0101398401282026,-0.0101915984853474,2.259994506835937,32.8326842587377,AME
2024-05-17,168.3300018310547,168.3300018310547,166.27000427246094,166.8000030517578,165.16000366210938,1678600.0,-0.006610618344147,-0.0066325652568399,2.05999755859375,31.152749173613003,AME
2024-05-20,167.0800018310547,169.5399932861328,166.66000366210938,168.60000610351562,166.94232177734375,959900.0,0.0107914632823615,0.0107336509900668,2.879989624023437,39.04562505257916,AME
2024-05-21,168.13999938964844,169.38999938964844,167.36000061035156,169.1300048828125,167.4671173095703,1044300.0,0.0031435739400251,0.0031386432421068,2.029998779296875,41.18511364966763,AME
2024-05-22,171.3000030517578,174.47000122070312,170.5500030517578,174.1300048828125,172.41793823242188,1785500.0,0.0295629434744479,0.0291343854656479,3.919998168945313,74.66834931781462,AME
2024-05-23,175.3800048828125,176.05999755859375,172.6199951171875,172.72000122070312,171.02178955078125,1480400.0,-0.0080974676762379,-0.0081304302303608,3.44000244140625,65.35383107340422,AME
2024-05-24,173.27999877929688,173.8699951171875,172.66000366210938,173.66000366210938,171.95254516601562,1030700.0,0.0054423218098651,0.0054275658899567,1.209991455078125,64.37709560086728,AME
2024-05-28,173.6999969482422,174.4199981689453,168.2100067138672,168.30999755859375,166.65513610839844,1211400.0,-0.0308073896347546,-0.0312919145372135,6.209991455078125,47.27814723514662,AME
2024-05-29,167.14999389648438,168.58999633789062,166.19000244140625,166.7100067138672,165.07090759277344,1281800.0,-0.0095060287526606,-0.0095514994371789,2.399993896484375,45.03886539353373,AME
2024-05-30,166.63999938964844,168.24000549316406,166.24000549316406,167.69000244140625,166.04127502441406,1036800.0,0.0058784884980125,0.005861277600937,2.0,45.52822610821463,AME
2024-05-31,167.94000244140625,169.97000122070312,166.08999633789062,169.5800018310547,167.9126739501953,2005800.0,0.0112706851083026,0.0112076441710328,3.8800048828125,47.62642867293591,AME
2024-06-03,170.0,170.25999450683594,164.8300018310547,166.2100067138672,164.5758056640625,1301900.0,-0.0198726409843402,-0.0200727575821074,5.42999267578125,43.14416405618967,AME
2024-06-04,165.80999755859375,166.94000244140625,164.50999450683594,166.8699951171875,165.2293243408203,970700.0,0.0039709280116895,0.0039630646866438,2.4300079345703125,46.9774839134734,AME
2024-06-05,167.60000610351562,168.7100067138672,166.99000549316406,168.64999389648438,166.99180603027344,875600.0,0.0106668819017721,0.0106103920754876,1.720001220703125,48.25867213858993,AME
2024-06-06,168.72000122070312,169.17999267578125,167.47999572753906,168.69000244140625,167.03140258789062,1222100.0,0.0002371167697294,0.0002370886619913,1.6999969482421875,51.47391220532676,AME
2024-06-07,168.7899932861328,170.5,168.22000122070312,170.0,168.3285369873047,1265400.0,0.0077658115738536,0.0077358128685872,2.279998779296875,56.001500570228245,AME
2024-06-10,169.77999877929688,173.4199981689453,169.77999877929688,173.0,171.29905700683594,1677400.0,0.0176471564043552,0.0174932533361853,3.6399993896484375,57.89662914387522,AME
2024-06-11,172.25,172.6300048828125,171.32000732421875,172.52999877929688,170.83367919921875,1315200.0,-0.0027167563893747,-0.0027204534695766,1.30999755859375,56.11510073531655,AME
2024-06-12,174.2100067138672,176.05999755859375,173.17999267578125,173.7100067138672,172.0020751953125,1172000.0,0.0068393773497743,0.0068160949064998,2.8800048828125,49.12428507165349,AME
2024-06-13,174.27000427246094,174.86000061035156,172.52999877929688,173.9199981689453,172.2100067138672,811100.0,0.001208889592283,0.0012081594736225,2.3300018310546875,52.63392884323065,AME
2024-06-14,171.82000732421875,172.0500030517578,164.5399932861328,167.02000427246094,165.64451599121094,1875900.0,-0.0381249083484738,-0.0388706791047601,7.510009765625,38.81186918371622,AME
2024-06-17,166.24000549316406,169.02999877929688,165.7899932861328,168.52000427246094,167.1321563720703,1486900.0,0.0089809214144964,0.0089408327828904,3.2400054931640625,50.97826427091744,AME
2024-06-18,168.35000610351562,171.08999633789062,167.5800018310547,170.89999389648438,169.4925537109375,1660900.0,0.0141229395354205,0.0140241399651416,3.509994506835937,58.7880611173551,AME
2024-06-20,170.44000244140625,170.75,168.3000030517578,168.52000427246094,167.1321563720703,1248400.0,-0.0139262598101669,-0.0140241399651416,2.4499969482421875,52.05461106314886,AME
2024-06-21,169.0800018310547,169.74000549316406,166.35000610351562,168.6699981689453,167.28094482421875,1593300.0,0.0008902443155056,0.0008898482830613,3.389999389648437,48.72761157562753,AME
2024-06-24,169.57000732421875,172.0,168.7899932861328,171.4600067138672,170.04794311523438,1132800.0,0.016541025003913,0.0164057123509663,3.2100067138671875,61.280585623388696,AME
2024-06-25,170.9600067138672,171.22999572753906,167.69000244140625,168.72000122070312,167.3305206298828,684200.0,-0.0159803314028331,-0.0161093937178943,3.5399932861328125,53.99185071549744,AME
2024-06-26,168.0,168.0,166.41000366210938,166.5800018310547,165.2081298828125,761500.0,-0.0126838232444445,-0.0127649496559007,1.589996337890625,46.65708839104988,AME
2024-06-27,166.57000732421875,167.9499969482422,165.89999389648438,166.47000122070312,165.09902954101562,1169300.0,-0.0006603811923436,-0.0006605993400489,2.0500030517578125,46.38781578088668,AME
2024-06-28,166.80999755859375,167.8800048828125,165.67999267578125,166.7100067138672,165.3370819091797,1750000.0,0.0014418762413435,0.0014408377359401,2.20001220703125,44.177534587668426,AME
2024-07-01,168.05999755859375,168.08999633789062,165.1999969482422,165.57000732421875,164.20645141601562,953300.0,-0.0068383358415937,-0.0068618244031619,2.889999389648437,35.130191321772855,AME
2024-07-02,165.36000061035156,166.50999450683594,164.72000122070312,166.10000610351562,164.7321014404297,705700.0,0.0032011533035467,0.0031960405206059,1.7899932861328125,37.24015089484524,AME
2024-07-03,166.6199951171875,167.5,166.11000061035156,166.3000030517578,164.93043518066406,531300.0,0.0012039774791927,0.0012032532795293,1.3899993896484375,34.5861395754135,AME
2024-07-05,166.39999389648438,166.8300018310547,164.39999389648438,165.64999389648438,164.28579711914062,787800.0,-0.0039085452046331,-0.0039162035292266,2.4300079345703125,33.050493973426285,AME
2024-07-08,166.5500030517578,167.49000549316406,164.38999938964844,164.5,163.145263671875,1903700.0,-0.006942374004726,-0.0069665843999489,3.100006103515625,43.03867191982558,AME
2024-07-09,165.00999450683594,165.61000061035156,163.88999938964844,164.1300048828125,162.7783203125,1492700.0,-0.0022491818096112,-0.0022517150181614,1.720001220703125,37.06546484144447,AME
2024-07-10,164.13999938964844,166.17999267578125,163.92999267578125,165.8699951171875,164.5039825439453,847600.0,0.0106013026067133,0.0105455028187483,2.25,34.59893667837771,AME
2024-07-11,166.47000122070312,170.77000427246094,166.07000732421875,169.32000732421875,167.9255828857422,1099900.0,0.0207994985220667,0.0205861423485368,4.699996948242188,52.29888817954653,AME
2024-07-12,170.6300048828125,172.1300048828125,169.05999755859375,169.52000427246094,168.12393188476562,874100.0,0.0011811720145011,0.0011804749796619,3.07000732421875,52.43549118045894,AME
2024-07-15,169.60000610351562,172.97000122070312,169.1199951171875,172.11000061035156,170.69261169433594,1259200.0,0.015278489985179,0.0151629492296214,3.850006103515625,51.88411588055181,AME
2024-07-16,173.02999877929688,177.0399932861328,172.50999450683594,176.00999450683594,174.56045532226562,1505500.0,0.0226597014922704,0.0224067840173607,4.529998779296875,69.79891908877195,AME
2024-07-17,175.8000030517578,177.3699951171875,174.88999938964844,175.02999877929688,173.58853149414062,1060200.0,-0.0055678350880253,-0.005583393258904,2.4799957275390625,74.49272466834228,AME
2024-07-18,174.14999389648438,175.52000427246094,171.57000732421875,171.72999572753906,170.3157196044922,1031400.0,-0.0188538485894093,-0.0190338484435812,3.949996948242188,62.866958268693885,AME
2024-07-19,173.02000427246094,173.02000427246094,169.1199951171875,169.16000366210938,167.7668914794922,887000.0,-0.0149653134244971,-0.0150784236326097,3.9000091552734375,55.37986786147212,AME
2024-07-22,170.8300018310547,173.11000061035156,169.50999450683594,172.97000122070312,171.54550170898438,782700.0,0.02252297933263,0.0222730823572343,3.600006103515625,64.54405805866344,AME
2024-07-23,172.16000366210938,173.42999267578125,171.7100067138672,171.8699951171875,170.45455932617188,814100.0,-0.0063594927989613,-0.0063798005169324,1.7199859619140625,61.09188327801593,AME
2024-07-24,171.13999938964844,171.22999572753906,166.8800048828125,166.9499969482422,165.57508850097656,925000.0,-0.0286262265115375,-0.0290439481085659,4.3499908447265625,51.057611911902384,AME
2024-07-25,167.2899932861328,171.61000061035156,166.55999755859375,168.52000427246094,167.1321563720703,725700.0,0.0094039984226526,0.0093600561036696,5.0500030517578125,54.533968977121965,AME
2024-07-26,170.6199951171875,174.02999877929688,169.92999267578125,172.27000427246094,170.85128784179688,864600.0,0.0222526385733157,0.0220086614021699,4.100006103515625,61.343109394919765,AME
2024-07-29,172.1699981689453,173.22000122070312,171.55999755859375,171.89999389648438,170.48431396484375,882800.0,-0.002147914022708,-0.0021502240985214,1.660003662109375,61.34305428278799,AME
2024-07-30,172.72999572753906,174.57000732421875,170.9600067138672,172.35000610351562,170.9306182861328,878300.0,0.0026178614965193,0.0026144408656365,3.6100006103515625,59.83010592472679,AME
2024-07-31,174.5500030517578,175.97000122070312,173.1199951171875,173.47999572753906,172.05130004882812,1143800.0,0.0065563547007085,0.0065349552910486,2.850006103515625,56.7884837580838,AME
2024-08-01,165.0,167.0,156.5399932861328,159.1300048828125,157.81951904296875,4505900.0,-0.0827182416048027,-0.0863405928572207,10.460006713867188,38.40143062361697,AME
2024-08-02,157.64999389648438,157.64999389648438,150.4600067138672,152.74000549316406,151.48211669921875,4082200.0,-0.0401560110066268,-0.0409845191919103,7.189987182617188,30.067871691314423,AME
2024-08-05,150.5,156.64999389648438,149.02999877929688,154.69000244140625,153.4160614013672,3114100.0,0.012766818580892,0.0126860098064064,7.6199951171875,27.144098897383245,AME
2024-08-06,155.2100067138672,159.61000061035156,155.1199951171875,156.97999572753906,155.68719482421875,1820500.0,0.0148037526325865,0.0146952466397656,4.490005493164063,31.17831462152303,AME
2024-08-07,158.3000030517578,160.25,156.24000549316406,156.8300018310547,155.53842163085938,2319300.0,-0.0009555904294334,-0.0009560472970433,4.0099945068359375,33.3705264003808,AME
2024-08-08,157.6999969482422,159.32000732421875,156.08999633789062,158.85000610351562,157.54180908203125,1666800.0,0.0128803380551625,0.0127980919861853,3.230010986328125,38.35030025169615,AME
2024-08-09,158.82000732421875,160.88999938964844,156.97999572753906,159.52000427246094,158.20628356933594,1812800.0,0.0042177660087596,0.0042088961655762,3.910003662109375,33.6414796562424,AME
2024-08-12,160.77999877929688,162.57000732421875,159.94000244140625,160.75999450683594,159.4360809326172,2157300.0,0.0077733787529512,0.0077433217070498,2.6300048828125,36.53337679809661,AME
2024-08-13,160.6300048828125,162.17999267578125,158.8699951171875,161.30999755859375,159.98153686523438,1282200.0,0.0034211574282718,0.0034153185824813,3.30999755859375,42.35358657358061,AME
2024-08-14,161.16000366210938,162.9600067138672,160.77000427246094,161.47999572753906,160.15011596679688,1008100.0,0.0010537409807764,0.0010531861854553,2.19000244140625,40.0788961648589,AME
2024-08-15,163.8300018310547,166.32000732421875,162.4600067138672,163.14999389648438,161.80636596679688,879900.0,0.0103418595110065,0.0102887483468806,3.8600006103515625,36.34726257971436,AME
2024-08-16,162.5,163.5399932861328,161.74000549316406,162.69000244140625,161.35015869140625,1039500.0,-0.0028194643187539,-0.002823446495107,1.79998779296875,36.2496118019556,AME
2024-08-19,162.9499969482422,164.80999755859375,162.72000122070312,164.6699981689453,163.31387329101562,938900.0,0.0121705154524522,0.0120970502019244,2.089996337890625,39.03484319485944,AME
2024-08-20,164.83999633789062,165.86000061035156,164.38999938964844,164.86000061035156,163.5023193359375,1031500.0,0.0011538887733442,0.0011532235553694,1.470001220703125,37.35333447099285,AME
2024-08-21,164.88999938964844,166.82000732421875,164.64999389648438,165.88999938964844,164.52381896972656,791400.0,0.0062476155563901,0.0062281801144274,2.170013427734375,66.28121468141478,AME
2024-08-22,165.9499969482422,167.3699951171875,164.9600067138672,165.22000122070312,163.85934448242188,1060800.0,-0.0040387737864688,-0.0040469516597984,2.4099884033203125,91.48938564402216,AME
2024-08-23,165.9199981689453,167.91000366210938,165.50999450683594,167.38999938964844,166.01145935058594,999300.0,0.0131339160116983,0.0130484139741485,2.400009155273437,91.6120712774817,AME
2024-08-26,168.17999267578125,169.5800018310547,166.85000610351562,168.32000732421875,166.93382263183594,635100.0,0.005556021764149,0.0055406440083632,2.7299957275390625,90.79140051070952,AME
2024-08-27,168.07000732421875,168.47000122070312,167.19000244140625,167.97999572753906,166.5966033935547,686300.0,-0.0020200773753619,-0.002022120483618,1.279998779296875,89.56703381418848,AME
2024-08-28,169.0,170.86000061035156,167.5,168.58999633789062,167.2015838623047,831500.0,0.0036314093830642,0.0036248317352888,3.3600006103515625,88.40688561468562,AME
2024-08-29,169.77000427246094,170.8699951171875,168.72999572753906,169.3800048828125,167.98507690429688,856300.0,0.0046859187807539,0.004674974040801,2.139999389648437,88.51557720207752,AME
2024-08-30,169.97000122070312,171.3699951171875,168.89999389648438,171.0500030517578,169.64132690429688,1235600.0,0.0098595067521598,0.0098112189519719,2.470001220703125,88.88883720335248,AME
2024-09-03,170.25999450683594,171.11000061035156,165.97000122070312,166.67999267578125,165.30731201171875,1152600.0,-0.025548107714479,-0.0258801278148954,5.1399993896484375,65.74777925767108,AME
2024-09-04,166.2100067138672,168.1999969482422,165.25999450683594,167.49000549316406,166.1106414794922,1107300.0,0.0048596124272861,0.0048478426265258,2.94000244140625,66.98701585598027,AME
2024-09-05,166.8800048828125,167.72000122070312,164.47000122070312,165.14999389648438,163.78990173339844,1002100.0,-0.0139710480040513,-0.0140695617315329,3.25,55.44662647119208,AME
2024-09-06,165.42999267578125,166.99000549316406,163.22000122070312,163.63999938964844,162.2923583984375,835900.0,-0.0091430748728239,-0.0091851293161058,3.7700042724609375,52.44724868815295,AME
2024-09-09,165.19000244140625,165.5,163.5,164.3000030517578,162.94692993164062,1321600.0,0.0040332862228553,0.0040251743283904,2.0,48.97736318915719,AME
2024-09-10,165.25,165.25,163.3300018310547,164.94000244140625,163.58163452148438,797900.0,0.0038951613884963,0.0038875948895003,1.9199981689453125,50.215679277694335,AME
2024-09-11,164.8300018310547,165.52000427246094,162.25,165.25999450683594,163.8990020751953,1553400.0,0.0019401172670716,0.0019382376702661,3.270004272460937,48.23330031305981,AME
2024-09-12,165.19000244140625,167.83999633789062,163.88999938964844,166.88999938964844,165.5155792236328,1106500.0,0.0098632519293548,0.0098149275572039,3.949996948242188,54.4438175980794,AME
2024-09-13,167.63999938964844,169.0800018310547,167.10000610351562,167.50999450683594,166.13047790527344,920600.0,0.0037150501754872,0.0037081664203135,1.9799957275390625,50.34804709880433,AME
2024-09-16,168.63999938964844,169.5399932861328,167.41000366210938,168.35000610351562,167.24313354492188,839600.0,0.0066974805205994,0.0066751520388735,2.129989624023437,50.8945648269343,AME
2024-09-17,168.91000366210938,170.8800048828125,168.27000427246094,168.57000732421875,167.461669921875,853100.0,0.0013066986507666,0.001305845663069,2.6100006103515625,52.51917161898312,AME
2024-09-18,169.5,171.5500030517578,168.08999633789062,169.42999267578125,168.31600952148438,1211400.0,0.005101702377672,0.0050887327867228,3.4600067138671875,53.198875586580975,AME
2024-09-19,172.6999969482422,172.6999969482422,169.92999267578125,172.25,171.11749267578125,866200.0,0.0166441870993816,0.0165071906569691,2.770004272460937,58.05786356670938,AME
2024-09-20,171.27000427246094,171.38999938964844,170.02000427246094,171.10000610351562,169.97503662109375,1237500.0,-0.0066764422317251,-0.0066988293720989,1.3699951171875,50.88174675362375,AME
2024-09-23,171.50999450683594,172.75,170.47000122070312,171.08999633789062,169.96510314941406,641800.0,-5.844076799244036e-05,-5.844247572065642e-05,2.279998779296875,65.95228315298677,AME
2024-09-24,171.69000244140625,171.69000244140625,169.82000732421875,170.5399932861328,169.418701171875,1408900.0,-0.0032147891973961,-0.0032199677337682,1.8699951171875,61.53260186120045,AME
2024-09-25,171.72999572753906,172.75999450683594,170.9199981689453,171.25,170.12405395507812,1672400.0,0.0041633702674155,0.0041547274220296,1.839996337890625,74.8850509252876,AME
2024-09-26,173.0,173.5,170.77999877929688,171.97000122070312,170.8393096923828,1789000.0,0.0042043186761442,0.0041955052227877,2.720001220703125,85.77766649591146,AME
2024-09-27,172.55999755859375,173.8699951171875,171.30999755859375,172.07000732421875,170.9386749267578,1183400.0,0.0005816298049547,0.0005814607238983,2.55999755859375,85.08435700974397,AME
2024-09-30,171.6999969482422,172.3000030517578,169.5,171.7100067138672,170.58102416992188,1017900.0,-0.0020922752384103,-0.0020944671041048,2.8000030517578125,81.49395677881618,AME
2024-10-01,171.92999267578125,172.27000427246094,168.97999572753906,169.10000610351562,167.9882049560547,1869900.0,-0.015199927579778,-0.0153166305738964,3.290008544921875,65.27220878572291,AME
2024-10-02,168.4600067138672,169.3800048828125,167.2899932861328,168.1999969482422,167.0941162109375,2644500.0,-0.005322330489519,-0.005336544547481,2.0900115966796875,56.23177021525754,AME
2024-10-03,167.58999633789062,169.24000549316406,166.1699981689453,169.10000610351562,167.9882049560547,2126000.0,0.0053508092648126,0.005336544547481,3.07000732421875,57.1757791226486,AME
2024-10-04,170.80999755859375,170.92999267578125,168.77000427246094,170.11000061035156,168.99154663085938,718400.0,0.005972691208095,0.0059549253926839,2.1599884033203125,56.81105423212176,AME
2024-10-07,166.24000549316406,167.7100067138672,165.38999938964844,166.5399932861328,165.44500732421875,1891200.0,-0.0209864894271166,-0.0212098361659692,2.32000732421875,43.76152920984909,AME
2024-10-08,167.13999938964844,167.77000427246094,166.25999450683594,166.9199981689453,165.82252502441406,1127400.0,0.002281831928935,0.0022792325040086,1.510009765625,42.05202832248883,AME
2024-10-09,167.69000244140625,169.0800018310547,167.3000030517578,168.82000732421875,167.7100372314453,887600.0,0.0113827250354157,0.0113184292681391,1.779998779296875,38.46675873523813,AME
2024-10-10,167.6300048828125,169.14999389648438,166.9499969482422,168.89999389648438,167.78948974609375,793700.0,0.0004737493113711,0.000473637127596,2.1999969482421875,42.02897421570832,AME
2024-10-11,169.0399932861328,171.5800018310547,169.0399932861328,170.38999938964844,169.26971435546875,1171300.0,0.0088219149579329,0.0087832292212079,2.540008544921875,47.70946441082779,AME
2024-10-14,170.75,171.7100067138672,170.22000122070312,171.57000732421875,170.4419403076172,2034200.0,0.0069251960199256,0.0069013269851034,1.4900054931640625,53.23698501194699,AME
2024-10-15,171.9600067138672,173.1199951171875,169.0399932861328,169.3800048828125,168.26634216308594,1160600.0,-0.0127644530483793,-0.0128466186271529,4.080001831054688,44.62333252957351,AME
2024-10-16,169.3800048828125,170.3800048828125,168.8000030517578,169.7100067138672,168.5941925048828,1505400.0,0.0019484011929082,0.0019465055212572,1.5800018310546875,43.35302993341104,AME
2024-10-17,170.63999938964844,170.9199981689453,168.6300048828125,169.67999267578125,168.56436157226562,1223200.0,-0.0001769392656649,-0.0001769549212635,2.2899932861328125,42.94146518930208,AME
2024-10-18,170.2100067138672,170.72999572753906,168.8000030517578,169.39999389648438,168.2862091064453,719100.0,-0.0016501261786647,-0.0016514891364421,1.92999267578125,43.145403514785016,AME
2024-10-21,169.94000244140625,170.63999938964844,168.75999450683594,169.36000061035156,168.24647521972656,858600.0,-0.0002361089891425,-0.0002361368672581,1.8800048828125,50.91028972662266,AME
2024-10-22,168.4199981689453,168.8699951171875,167.08999633789062,168.3800048828125,167.27294921875,678200.0,-0.0057863084483948,-0.0058031139905148,1.779998779296875,50.62679830144079,AME
2024-10-23,167.57000732421875,168.63999938964844,165.88999938964844,166.6699981689453,165.57415771484375,772200.0,-0.0101558052981098,-0.0102077273278896,2.75,41.99071125614718,AME
2024-10-24,166.80999755859375,167.58999633789062,165.4199981689453,166.5800018310547,165.48475646972656,1096700.0,-0.0005399468513145,-0.0005400926751094,2.1699981689453125,37.61407963990338,AME
2024-10-25,167.8300018310547,168.19000244140625,166.50999450683594,166.9600067138672,165.8622589111328,603900.0,0.0022811916303318,0.0022785936629288,1.6800079345703125,51.89878691507017,AME
2024-10-28,168.4600067138672,169.02999877929688,167.77000427246094,168.0500030517578,166.94509887695312,1044800.0,0.0065285494899745,0.0065073308121426,1.2599945068359375,54.80034295154961,AME
2024-10-29,167.3800048828125,168.32000732421875,165.74000549316406,167.49000549316406,166.38877868652344,915600.0,-0.0033323541342158,-0.0033379187919663,2.5800018310546875,43.62416206218117,AME
2024-10-30,167.11000061035156,168.9600067138672,166.64999389648438,168.91000366210938,167.7994384765625,1557600.0,0.0084780945035767,0.0084423573071914,2.3100128173828125,50.04254264051468,AME
2024-10-31,179.6199951171875,184.1699981689453,178.6999969482422,183.33999633789065,182.1345367431641,2562000.0,0.0854299537397071,0.0819761792257547,5.470001220703125,76.20390278894074,AME
2024-11-01,182.6100006103516,183.47999572753903,177.9600067138672,178.42999267578125,177.2568359375,1962500.0,-0.0267807571967657,-0.0271458955563334,5.519989013671847,62.06047886436999,AME
2024-11-04,179.67999267578125,181.009994506836,178.61000061035156,179.9199981689453,178.73704528808594,959800.0,0.0083506474814198,0.0083159737232278,2.3999938964844034,68.99783833587296,AME
2024-11-05,179.77000427246094,182.27999877929688,179.5800018310547,182.0200042724609,180.8232269287109,1227600.0,0.0116717921417044,0.0116042021979357,2.6999969482421875,70.857306441119,AME
2024-11-06,188.69000244140625,192.1999969482422,187.47000122070312,190.32000732421875,189.06866455078125,2384100.0,0.0455994385351892,0.0445903463491437,4.729995727539063,77.31608493503998,AME
2024-11-07,190.4900054931641,191.17999267578125,188.75,188.9499969482422,187.70767211914065,832300.0,-0.0071984029446352,-0.0072244364554783,2.42999267578125,75.14795705264258,AME
2024-11-08,189.1300048828125,191.4499969482422,188.759994506836,190.9199981689453,189.66470336914065,832900.0,0.0104259523753393,0.0103719769730363,2.6900024414062216,76.42158126857623,AME
2024-11-11,192.009994506836,193.0399932861328,190.3600006103516,191.57000732421875,190.3104553222656,1228500.0,0.003404702834286,0.0033989199558621,2.6799926757812216,78.65082184481273,AME
2024-11-12,192.0399932861328,194.2700042724609,190.67999267578125,194.0,192.72447204589844,1867600.0,0.0126846248123626,0.0126048488693298,3.590011596679659,83.17556514076826,AME
2024-11-13,193.5599975585937,196.6999969482422,192.41000366210932,195.4199981689453,194.1351318359375,1429700.0,0.0073195675414956,0.0072929095114613,4.289993286132841,83.91347366420942,AME
2024-11-14,193.91000366210932,195.42999267578125,192.009994506836,193.75,192.4761199951172,1122300.0,-0.0085456549009498,-0.0085823783769022,3.419998168945284,80.57524370216937,AME
2024-11-15,193.3000030517578,194.63999938964844,192.4600067138672,193.1000061035156,191.8303985595703,2148700.0,-0.0033548132389786,-0.0033604532425514,2.17999267578125,78.87944666481324,AME
2024-11-18,193.2899932861328,193.32000732421875,192.1199951171875,193.2400054931641,191.969482421875,818800.0,0.0007250355696961,0.0007247728583831,1.20001220703125,79.97676182588106,AME
2024-11-19,191.1000061035156,193.5,191.0,193.4600067138672,192.1880340576172,1321000.0,0.0011384707245389,0.0011378231581872,2.5,79.40124386757832,AME
2024-11-20,194.0599975585937,194.0599975585937,191.3000030517578,193.3300018310547,192.05886840820312,1003300.0,-0.0006720795602463,-0.0006723055069558,2.759994506835909,68.19675066517075,AME
2024-11-21,194.44000244140625,195.97000122070312,193.009994506836,195.759994506836,194.472885131836,1136300.0,0.0125691499884403,0.0124908139513514,2.960006713867159,84.70161625171093,AME
2024-11-22,195.9499969482422,197.8300018310547,194.5800018310547,197.3800048828125,196.082260131836,1052800.0,0.0082755752757459,0.0082415204558236,3.25,84.78086332872346,AME
2024-11-25,198.0,198.3300018310547,196.259994506836,197.1199951171875,195.823959350586,1526500.0,-0.0013173082617281,-0.0013181766749854,2.0700073242187216,82.45911771930902,AME
2024-11-26,197.1499938964844,197.1499938964844,195.19000244140625,197.0200042724609,195.724609375,1285000.0,-0.0005073433093449,-0.0005074720515079,1.9599914550781532,72.24427477801825,AME
2024-11-27,197.27999877929688,197.3800048828125,195.0599975585937,195.1000061035156,193.8172607421875,748500.0,-0.0097450629172446,-0.0097928567992748,2.3200073242187784,69.69896447084093,AME
2024-11-29,195.4499969482422,196.0200042724609,194.3800048828125,194.3800048828125,193.1019744873047,1098700.0,-0.0036905188533969,-0.0036973456194823,1.639999389648409,62.04737767043552,AME
2024-12-02,195.4499969482422,196.3999938964844,194.3699951171875,195.5599975585937,194.2742156982422,1093100.0,0.0060705811737546,0.0060522294289146,2.0299987792969034,63.39820737618592,AME
2024-12-03,195.4499969482422,195.8999938964844,193.32000732421875,194.3300018310547,193.05230712890625,1717900.0,-0.006289607526888,-0.0063094704387227,2.5799865722656534,51.20527414727624,AME
2024-12-04,193.9600067138672,195.509994506836,193.44000244140625,195.0,193.71788024902344,890900.0,0.0034476310074489,0.0034417015521415,2.069992065429716,48.37707620886902,AME
2024-12-05,195.0,196.1499938964844,193.72999572753903,193.9600067138672,192.6847381591797,1390700.0,-0.0053332304096846,-0.0053475028510825,2.4199981689453693,50.85296040646632,AME
2024-12-06,193.72000122070312,195.3800048828125,191.13999938964844,191.5399932861328,190.5557403564453,995700.0,-0.0110491252346908,-0.0111106202156395,4.240005493164063,45.35214966416368,AME
2024-12-09,191.3999938964844,192.6100006103516,189.509994506836,189.88999938964844,188.91421508789065,1027900.0,-0.0086144099646858,-0.0086517284666853,3.100006103515625,39.95954332294348,AME
2024-12-10,190.009994506836,190.8300018310547,187.6300048828125,188.6000061035156,187.6308441162109,1044300.0,-0.0067934060498446,-0.006816586274156,3.1999969482421875,36.003374261880204,AME
2024-12-11,190.4199981689453,190.97000122070312,188.25,188.66000366210932,187.69053649902344,662600.0,0.0003181373675191,0.0003180867725573,2.720001220703125,36.525918555801546,AME
2024-12-12,189.0200042724609,189.9199981689453,188.25,188.4499969482422,187.4816131591797,774300.0,-0.0011131266591314,-0.0011137466447354,1.6699981689453125,25.0401488722362,AME
2024-12-13,188.8000030517578,189.6000061035156,187.1999969482422,187.3800048828125,186.4171295166016,827100.0,-0.0056778028769909,-0.0056939828733651,2.400009155273409,14.097224426498016,AME
2024-12-16,190.4600067138672,191.0599975585937,189.07000732421875,189.3800048828125,188.40684509277344,1122400.0,0.0106734589322954,0.0106168996688805,1.989990234374972,25.588040908241663,AME
2024-12-17,189.77999877929688,190.44000244140625,186.32000732421875,186.7100067138672,185.75054931640625,1217200.0,-0.0140987222362287,-0.0141990533640755,4.1199951171875,21.901689010854867,AME
2024-12-18,187.27999877929688,187.759994506836,180.6300048828125,180.759994506836,179.83111572265625,962400.0,-0.0318676505428087,-0.0323864764056637,7.129989624023466,17.863588999945307,AME
2024-12-19,182.3600006103516,183.0500030517578,181.0399932861328,182.1100006103516,181.17420959472656,1423200.0,0.0074686400441494,0.0074408878472135,2.010009765625,23.361726663422488,AME
2024-12-20,182.1199951171875,184.4499969482422,181.38999938964844,183.3600006103516,182.4177703857422,2334800.0,0.0068638952188468,0.0068404459312091,3.05999755859375,23.6050872330018,AME
2024-12-23,182.5800018310547,183.1300048828125,181.7700042724609,182.07000732421875,181.1343994140625,915500.0,-0.0070353396435328,-0.0070602043351466,1.360000610351591,23.54066674435684,AME
2024-12-24,181.7700042724609,184.0500030517578,181.1499938964844,184.0500030517578,183.10421752929688,348900.0,0.0108748979851778,0.010816191516498,2.900009155273409,27.72618310348957,AME
2024-12-26,183.509994506836,184.3300018310547,182.8000030517578,183.72000122070312,182.7759246826172,594000.0,-0.0017929289183475,-0.0017945381391674,1.529998779296875,28.571437999511616,AME
2024-12-27,182.47999572753903,183.83999633789065,181.44000244140625,182.4499969482422,181.512435913086,524000.0,-0.0069127745994185,-0.0069367785121367,2.3999938964844034,29.68259344480802,AME
2024-12-30,180.8000030517578,181.509994506836,179.25999450683594,180.7400054931641,179.81124877929688,601800.0,-0.0093722897014266,-0.0094164859721476,2.2500000000000284,29.603232454742724,AME
2024-12-31,180.82000732421875,181.6999969482422,179.85000610351562,180.259994506836,179.3336944580078,589400.0,-0.0026558645498048,-0.0026593976150064,1.8499908447265625,30.71229731953852,AME
2025-01-02,181.9600067138672,181.9600067138672,177.91000366210938,178.3300018310547,177.4136199951172,713800.0,-0.0107067133630051,-0.0107644426489002,4.0500030517578125,28.01192271780502,AME
2025-01-03,178.52000427246094,180.1699981689453,177.57000732421875,179.57000732421875,178.64724731445312,540500.0,0.0069533969227948,0.0069293335421718,2.5999908447265625,31.89233651407247,AME
2025-01-06,180.5,181.6699981689453,178.82000732421875,179.42999267578125,178.50796508789062,1730800.0,-0.0007796494413223,-0.0007799535260112,2.8499908447265625,33.149615975022854,AME
2025-01-07,179.75999450683594,180.6199951171875,177.97000122070312,178.69000244140625,177.7717742919922,480900.0,-0.0041241341557838,-0.0041326618513674,2.649993896484375,26.063603269455328,AME
2025-01-08,177.36000061035156,178.57000732421875,176.25999450683594,178.4499969482422,177.53298950195312,645500.0,-0.0013432098036376,-0.0013441127185526,2.3100128173828125,29.246238437076585,AME
2025-01-10,176.24000549316406,177.7100067138672,175.36000061035156,176.14999389648438,175.24481201171875,1430900.0,-0.0128887453349012,-0.0129725258756508,2.350006103515625,35.81541272765713,AME
2025-01-13,174.49000549316406,176.7100067138672,174.11000061035156,176.5,175.59303283691406,1007300.0,0.0019870535463955,0.0019850819668214,2.600006103515625,31.606536536697615,AME
2025-01-14,177.89999389648438,180.47000122070312,177.02000427246094,179.14999389648438,178.2294158935547,735000.0,0.0150141666445799,0.0149025696816491,3.4499969482421875,37.35740183940573,AME
2025-01-15,181.83999633789065,181.83999633789065,179.1699981689453,180.05999755859375,179.1347198486328,683200.0,0.0050794306346086,0.0050665738452239,2.669998168945341,43.822958528117226,AME
2025-01-16,182.0,182.92999267578125,180.2100067138672,180.8600006103516,179.9306182861328,1698900.0,0.0044430160617245,0.0044331750044122,2.7199859619140625,39.43012043416879,AME
2025-01-17,184.5,184.5,180.0800018310547,180.72999572753903,179.80128479003906,2612900.0,-0.0007187964856991,-0.000719054943753,4.4199981689453125,39.9597040845967,AME
2025-01-21,182.2100067138672,185.08999633789065,180.83999633789065,184.6999969482422,183.75086975097656,2766000.0,0.0219663889807548,0.0217286037463381,4.25,56.39567024224522,AME
2025-01-22,186.19000244140625,189.0,185.0,188.6999969482422,187.73031616210932,1832800.0,0.0216567487083234,0.0214255730465086,4.0,70.0200283606524,AME
2025-01-23,189.0800018310547,191.17999267578125,187.8000030517578,190.42999267578125,189.4514312744141,1487900.0,0.0091680190365126,0.0091262478618294,3.379989624023437,74.06529913040957,AME
2025-01-24,190.1999969482422,190.7100067138672,187.4900054931641,187.97999572753903,187.01402282714844,1314200.0,-0.0128656111535792,-0.0129490899051583,3.2200012207030966,72.28634337514978,AME
2025-01-27,186.1199951171875,187.97999572753903,183.9199981689453,184.9499969482422,183.9995880126953,1177100.0,-0.0161187635498289,-0.0162500838785311,4.059997558593722,61.476073288049015,AME
2025-01-28,183.92999267578125,184.4900054931641,181.69000244140625,182.88999938964844,181.9501800537109,1030000.0,-0.0111381116725272,-0.0112006049093952,2.800003051757841,56.82175423190128,AME
2025-01-29,183.3699951171875,184.41000366210932,182.1000061035156,182.5200042724609,181.58209228515625,765000.0,-0.0020230140384912,-0.0020250630953715,2.30999755859375,57.66306252451161,AME
2025-01-30,183.4600067138672,186.94000244140625,182.9499969482422,186.0,185.0442047119141,1120300.0,0.0190663758919626,0.0188868903841121,3.9900054931640634,63.37233024715674,AME
2025-01-31,186.07000732421875,186.8999938964844,184.5599975585937,184.5599975585937,183.61160278320312,1117000.0,-0.0077419443150965,-0.0077720687478328,2.339996337890682,65.3635580122633,AME
2025-02-03,180.6100006103516,184.97000122070312,180.07000732421875,184.1300048828125,183.18380737304688,2025700.0,-0.0023298931204329,-0.0023326115446553,4.899993896484375,63.89797940121254,AME
2025-02-04,176.0,183.67999267578125,175.63999938964844,180.5,179.5724639892578,3000100.0,-0.0197143155586601,-0.019911235063623,8.039993286132812,52.37422934249454,AME
2025-02-05,182.3000030517578,182.4499969482422,178.69000244140625,180.22999572753903,179.30384826660156,2095300.0,-0.0014958625431141,-0.0014969824624577,3.7599945068359375,50.30586913304701,AME
2025-02-06,180.8099975585937,182.9600067138672,180.22999572753903,182.8999938964844,181.9601287841797,1226700.0,0.0148144088554562,0.0147057473566708,2.7300109863281534,53.4389660193773,AME
2025-02-07,184.94000244140625,186.3999938964844,182.8999938964844,184.509994506836,183.56185913085932,1646800.0,0.0088026446089155,0.0087641272045056,3.5,56.06936501596061,AME
2025-02-10,185.6100006103516,186.52999877929688,182.9600067138672,185.97000122070312,185.01434326171875,1226400.0,0.0079127774023248,0.0078816355503733,3.5699920654296875,52.21795373858986,AME
2025-02-11,185.25,186.1300048828125,182.9199981689453,185.32000732421875,184.36770629882807,1139600.0,-0.0034950639582357,-0.0035011859629662,3.2100067138671875,43.31490552919063,AME
2025-02-12,182.92999267578125,186.1499938964844,181.97999572753903,185.5,184.54676818847656,1394700.0,0.0009712215509058,0.0009707502204082,4.169998168945369,39.61228665941907,AME
2025-02-13,185.5800018310547,186.22000122070312,183.7400054931641,184.42999267578125,183.48226928710932,855300.0,-0.0057681795883851,-0.0057848797870617,2.479995727539034,42.0581540338691,AME
2025-02-14,184.1100006103516,185.0,182.69000244140625,183.5399932861328,182.5968475341797,1041800.0,-0.0048256529438501,-0.0048373340013213,2.30999755859375,46.51165085089464,AME
2025-02-18,184.4600067138672,185.3600006103516,182.97000122070312,184.3600006103516,183.41261291503903,1104800.0,0.0044675764772261,0.0044576264813411,2.389999389648466,53.87452054617308,AME
2025-02-19,183.8000030517578,188.8999938964844,183.16000366210932,188.8600006103516,187.88951110839844,1104200.0,0.0244088894553462,0.0241157530245845,5.739990234375057,63.72296907441002,AME
2025-02-20,188.8600006103516,189.2899932861328,187.509994506836,188.77999877929688,187.80990600585932,1036200.0,-0.0004236803963642,-0.0004237701742623,1.7799987792968466,57.05581416713943,AME
2025-02-21,188.3999938964844,189.19000244140625,184.4600067138672,186.19000244140625,185.2332305908203,1202700.0,-0.0137195926979413,-0.013814576065834,4.729995727539063,53.90889075408947,AME
2025-02-24,186.1100006103516,187.82000732421875,184.509994506836,185.77999877929688,184.82534790039065,1087500.0,-0.002201995231248,-0.0022044231876343,3.310012817382784,53.96069202766231,AME
2025-02-25,185.3800048828125,187.88999938964844,184.7700042724609,186.9499969482422,185.98931884765625,1483200.0,0.0062976802721501,0.0062779327494355,3.1199951171875284,67.55586726280673,AME
2025-02-26,187.8500061035156,190.1699981689453,187.22000122070312,188.17999267578125,187.21299743652344,1180300.0,0.0065792949640806,0.0065577458698919,2.9499969482421875,70.56397862089534,AME
2025-02-27,188.6999969482422,190.25,186.94000244140625,187.3300018310547,186.3673553466797,851400.0,-0.0045170052369386,-0.0045272377302044,3.30999755859375,62.649938596783166,AME
2025-02-28,188.02999877929688,190.02999877929688,185.91000366210932,189.3000030517578,188.32725524902344,2096800.0,0.0105163262026117,0.0104614142897678,4.119995117187528,63.402417117054505,AME
2025-03-03,190.1699981689453,191.8300018310547,185.6000061035156,186.5500030517578,185.59136962890625,1108200.0,-0.0145272951411071,-0.0146338495168176,6.229995727539091,51.51358932322352,AME
2025-03-04,184.1100006103516,184.92999267578125,181.75,183.3300018310547,182.38790893554688,1605900.0,-0.0172608279133062,-0.0174115327142121,3.17999267578125,45.42102514151821,AME
2025-03-05,183.8099975585937,185.75,183.0200042724609,185.0399932861328,184.08914184570312,2119200.0,0.009327553126109,0.0092843201332069,2.729995727539091,49.01120117741935,AME
2025-03-06,183.759994506836,184.83999633789065,181.17999267578125,184.13999938964844,183.1937561035156,1436900.0,-0.0048638704771518,-0.0048757375908679,3.6600036621094034,49.37201668068237,AME
2025-03-07,182.9900054931641,184.5,180.97000122070312,183.9900054931641,183.04454040527344,1773300.0,-0.000814523930378,-0.0008148558352365,3.529998779296875,51.00672108130217,AME
2025-03-10,181.16000366210932,183.38999938964844,178.5800018310547,179.3699951171875,178.44827270507812,1814000.0,-0.0251101053875677,-0.0254307429638382,4.80999755859375,40.458953702861976,AME
2025-03-11,179.69000244140625,179.88999938964844,176.67999267578125,178.86000061035156,177.94090270996094,1238500.0,-0.0028432328731795,-0.0028472825376794,3.2100067138671875,27.436881323460756,AME
2025-03-12,180.91000366210932,181.6499938964844,176.6199951171875,177.2100067138672,176.2993927001953,943500.0,-0.0092250291235245,-0.0092678432156071,5.029998779296903,25.62166368597296,AME
2025-03-13,176.60000610351562,176.9600067138672,172.4199981689453,172.91000366210938,172.021484375,1721300.0,-0.0242650202004386,-0.0245642665325287,4.540008544921875,23.89943515018946,AME
2025-03-14,175.41000366210938,176.44000244140625,173.17999267578125,176.13999938964844,175.5496063232422,1336200.0,0.0205097750496736,0.0203022819084855,3.260009765625,33.68644329335278,AME
2025-03-17,175.36000061035156,179.88999938964844,175.36000061035156,178.6300048828125,178.03126525878906,688200.0,0.0141365109698814,0.0140375223107362,4.529998779296875,36.62387824664083,AME
2025-03-18,177.7899932861328,178.61000061035156,175.6199951171875,176.0800018310547,175.48980712890625,895200.0,-0.014275347232906,-0.0143782202074556,2.9900054931640625,31.13120291648268,AME
2025-03-19,176.36000061035156,177.97999572753906,175.36000061035156,177.07000732421875,176.47650146484375,1052200.0,0.0056225164987087,0.0056067691517245,2.6199951171875,34.152355777482114,AME
2025-03-20,175.67999267578125,177.39999389648438,175.0,175.92999267578125,175.34030151367188,864200.0,-0.0064382506551344,-0.0064590655801185,2.399993896484375,28.627484068163994,AME
2025-03-21,174.44000244140625,175.64999389648438,172.67999267578125,174.52000427246094,173.93502807617188,1422600.0,-0.0080145489962581,-0.008046838131689,2.970001220703125,29.938663904669056,AME
2025-03-24,176.57000732421875,179.1999969482422,176.47999572753906,178.82000732421875,178.22064208984375,1676500.0,0.0246391659062201,0.0243405173498923,2.720001220703125,43.08541989896985,AME
2025-03-25,179.49000549316406,180.0399932861328,177.94000244140625,179.6999969482422,179.09765625,1166300.0,0.0049209460243899,0.0049088777448773,2.0999908447265625,41.484923262739215,AME
2025-03-26,178.85000610351562,180.33999633789065,175.97000122070312,176.89999389648438,176.3070526123047,933800.0,-0.0155814637451198,-0.0157041306395927,4.369995117187528,38.96535284064658,AME
2025-03-27,176.8000030517578,177.5,174.6699981689453,175.55999755859375,174.97154235839844,1586500.0,-0.0075749111230565,-0.0076037464714109,2.8300018310546875,37.53828687717579,AME
2025-03-28,174.88999938964844,175.77000427246094,170.02000427246094,170.38999938964844,169.81887817382812,1101500.0,-0.0294485841247028,-0.0298908990280222,5.75,36.9043660449396,AME
2025-03-31,169.0,172.33999633789062,166.9499969482422,172.13999938964844,171.56300354003906,1498800.0,0.0102705034031942,0.010218120146092,5.3899993896484375,40.67131900731418,AME
2025-04-01,171.74000549316406,173.0800018310547,170.1699981689453,171.88999938964844,171.31385803222656,903200.0,-0.0014522099909165,-0.0014532654698205,2.910003662109375,42.39824369397541,AME
2025-04-02,168.8699951171875,173.02000427246094,168.75999450683594,172.72000122070312,172.1410675048828,2488100.0,0.0048286197168043,0.0048169993245762,4.260009765625,50.203779582102335,AME
2025-04-03,166.91000366210938,167.52000427246094,161.02000427246094,161.49000549316406,160.94871520996094,1873000.0,-0.0650184901090171,-0.0672285254066536,6.5,30.272011228792422,AME
2025-04-04,156.41000366210938,156.99000549316406,151.13999938964844,152.66000366210938,152.1483154296875,2753000.0,-0.0546782853705488,-0.0562299706631966,5.850006103515625,20.12880644130821,AME
2025-04-07,149.4499969482422,156.6300048828125,145.02000427246094,153.3300018310547,152.81605529785156,3049700.0,0.0043887430910969,0.0043791406430043,11.610000610351562,22.64963447491131,AME
2025-04-08,157.25999450683594,157.58999633789062,148.72000122070312,151.41000366210938,150.90249633789062,2260000.0,-0.0125219758894524,-0.0126010365197538,8.8699951171875,19.82589947019457,AME
2025-04-09,149.66000366210938,162.3699951171875,148.3000030517578,161.0,160.46035766601562,3174800.0,0.0633379934731077,0.0614130106956304,14.069992065429688,35.354118506485705,AME
2025-04-10,157.7899932861328,159.47000122070312,153.47000122070312,157.4199981689453,156.89234924316406,1688900.0,-0.0222360742226317,-0.0224870227710095,6.0,33.91040665186745,AME
2025-04-11,156.42999267578125,159.41000366210938,153.52999877929688,158.9499969482422,158.41722106933594,2007500.0,0.0097192236175169,0.0096722957867009,5.8800048828125,30.275895545774333,AME
2025-04-14,160.9600067138672,162.72999572753906,159.58999633789062,161.36000061035156,160.8191375732422,1133500.0,0.0151619659005064,0.0150481720792128,3.139999389648437,32.33139021561911,AME
2025-04-15,161.52000427246094,162.77000427246094,159.85000610351562,160.2100067138672,159.67300415039062,758200.0,-0.0071268472157399,-0.0071523645021717,2.9199981689453125,33.39301998299281,AME
2025-04-16,158.30999755859375,160.99000549316406,157.42999267578125,158.52000427246094,157.98866271972656,1070100.0,-0.0105486925584342,-0.01060472440595,3.5600128173828125,33.162037420854816,AME
2025-04-17,159.60000610351562,160.52999877929688,157.4199981689453,157.80999755859375,157.28103637695312,1698800.0,-0.0044789691272263,-0.0044890297615341,3.1100006103515625,36.36755182679584,AME
2025-04-21,156.0,156.3300018310547,153.72999572753906,155.25,154.72962951660156,1075900.0,-0.0162219611411806,-0.0163549776401099,2.600006103515625,32.01277115552804,AME
2025-04-22,155.5500030517578,159.83999633789062,155.5500030517578,159.64999389648438,159.1148681640625,1659200.0,0.0283412986973541,0.0279471145561829,4.2899932861328125,38.023454149477736,AME
2025-04-23,164.05999755859375,165.25,161.5,162.19000244140625,161.6463623046875,1755400.0,0.0159098528618633,0.0157846177216067,3.75,40.03028973839442,AME
2025-04-24,162.1999969482422,167.6999969482422,162.19000244140625,167.24000549316406,166.679443359375,1253400.0,0.0311363706731651,0.0306614665819283,5.5099945068359375,56.16556330747064,AME
2025-04-25,166.88999938964844,168.0,165.72000122070312,166.69000244140625,166.13128662109375,711100.0,-0.0032886883183271,-0.003294107939313,2.279998779296875,68.29205391076619,AME
2025-04-28,166.99000549316406,168.4499969482422,165.07000732421875,166.2899932861328,165.7326202392578,955000.0,-0.0023997068219016,-0.0024025907329349,3.379989624023437,67.01681297306338,AME
2025-04-29,166.17999267578125,168.88999938964844,165.74000549316406,167.8000030517578,167.23756408691406,948500.0,0.0090805530346631,0.0090395727088135,3.149993896484375,71.75471160556106,AME
2025-04-30,166.72999572753906,169.77999877929688,164.85000610351562,169.5800018310547,169.0115966796875,1654600.0,0.0106078595587022,0.0105519909666468,4.92999267578125,64.3670405148625,AME
2025-05-01,167.9199981689453,169.66000366210938,163.1999969482422,167.25999450683594,166.69935607910156,1861600.0,-0.0136809582656515,-0.0137754049788567,6.460006713867188,67.20276995023683,AME
2025-05-02,169.83999633789062,170.74000549316406,169.25999450683594,170.07000732421875,169.4999542236328,1160300.0,0.0168002937168054,0.0166607297569576,1.480010986328125,68.60775526809567,AME
2025-05-05,169.1199951171875,171.10000610351562,169.0,170.27000427246094,169.69927978515625,1476400.0,0.0011759623324762,0.0011752714303694,2.100006103515625,66.10046450377772,AME
2025-05-06,168.9499969482422,170.1199951171875,167.75,167.85000610351562,167.2873992919922,777600.0,-0.0142126737144527,-0.0143146410670392,2.3699951171875,63.19971305489148,AME
2025-05-07,169.19000244140625,170.4499969482422,168.49000549316406,169.7100067138672,169.1411590576172,840900.0,0.0110812874936823,0.0110203398662036,1.959991455078125,69.22018975890941,AME
2025-05-08,170.66000366210938,173.72000122070312,170.47000122070312,171.57000732421875,170.99493408203125,1145000.0,0.0109599285871191,0.0109003038296048,3.25,72.73629706234436,AME
2025-05-09,172.1999969482422,173.22000122070312,170.9499969482422,171.75,171.17431640625,1257900.0,0.0010490505182609,0.0010485006492926,2.270004272460937,79.59106457311586,AME
2025-05-12,177.5800018310547,180.509994506836,176.52000427246094,179.3800048828125,178.77874755859375,2214400.0,0.0444250709568838,0.0434665626838678,3.989990234375029,81.71003457687375,AME
2025-05-13,179.97999572753906,182.3300018310547,179.97999572753906,180.5,179.89498901367188,1582700.0,0.0062437032942759,0.0062242921353066,2.350006103515625,80.83526363882008,AME
2025-05-14,180.1699981689453,180.3999938964844,178.72000122070312,179.36000061035156,178.75881958007812,1254800.0,-0.0063157369742378,-0.0063357656159579,1.6799926757812784,73.50658251061849,AME
2025-05-15,179.22000122070312,180.75,178.7899932861328,180.2100067138672,179.60597229003906,1335200.0,0.0047390820321535,0.0047278879354629,1.9600067138671875,75.92023486440173,AME
2025-05-16,180.8600006103516,182.8800048828125,180.1499938964844,182.75,182.137451171875,1167600.0,0.0140946253042628,0.0139962196555552,2.7300109863280966,79.16371667732732,AME
2025-05-19,180.92999267578125,182.44000244140625,180.92999267578125,181.8800048828125,181.27037048339844,949400.0,-0.0047605842889408,-0.0047719519625215,1.510009765625,75.52575073941505,AME
2025-05-20,180.4600067138672,181.38999938964844,180.3099975585937,180.8000030517578,180.1939849853516,832800.0,-0.0059380112435166,-0.005955711335962,1.080001831054716,70.87052878533564,AME
2025-05-21,179.42999267578125,180.0,177.25,177.67999267578125,177.0844268798828,1270600.0,-0.017256725332544,-0.0174073580844473,2.75,68.82225009900684,AME
2025-05-22,177.0,179.77000427246094,175.85000610351562,178.5399932861328,177.94154357910156,788900.0,0.0048401585295816,0.0048284826226224,3.919998168945313,66.45935827222377,AME
2025-05-23,176.1300048828125,178.50999450683594,175.3800048828125,177.63999938964844,177.04458618164062,1108500.0,-0.0050407419168093,-0.0050534893119409,3.129989624023437,63.94252937482767,AME
2025-05-27,179.7100067138672,180.97000122070312,178.0,180.8099975585937,180.20394897460932,1178400.0,0.0178450121582782,0.0176876591487961,2.970001220703125,73.84107993319418,AME
2025-05-28,181.32000732421875,181.6499938964844,178.52999877929688,178.97000122070312,178.37013244628906,941800.0,-0.0101763393019687,-0.010228472225882,3.1199951171875284,67.04718408467254,AME
2025-05-29,179.75,180.5599975585937,178.60000610351562,180.0399932861328,179.4365234375,1269900.0,0.005978528897107,0.0059607284051562,1.9599914550780968,66.0599308169017,AME
2025-05-30,180.0399932861328,180.44000244140625,177.8699951171875,178.74000549316406,178.14089965820312,2078700.0,-0.0072205131624062,-0.0072467072334901,2.57000732421875,62.71377969858652,AME
2025-06-02,177.83999633789062,177.83999633789062,174.8800048828125,176.32000732421875,175.72900390625,1220800.0,-0.0135392588483655,-0.0136317504070096,2.959991455078125,43.13282601794064,AME
2025-06-03,176.22000122070312,177.88999938964844,175.61000061035156,177.7100067138672,177.11434936523438,2114800.0,0.0078834195163561,0.0078525077188835,2.279998779296875,43.81374424765661,AME
2025-06-04,178.60000610351562,178.60000610351562,176.83999633789062,177.2100067138672,176.61602783203125,1106000.0,-0.0028135582181176,-0.0028175237128879,1.760009765625,45.09355198466048,AME
2025-06-05,178.10000610351562,178.58999633789062,175.97999572753906,176.92999267578125,176.3369598388672,1112300.0,-0.0015800830569548,-0.0015813327047266,2.6100006103515625,42.31486118265573,AME
2025-06-06,178.60000610351562,179.35000610351562,177.88999938964844,178.35000610351562,177.75221252441406,1041000.0,0.0080258426074721,0.0079938068279544,1.4600067138671875,39.11968943577346,AME
2025-06-09,178.75,179.5500030517578,178.05999755859375,178.63999938964844,178.04122924804688,877200.0,0.0016259528898585,0.0016246324595697,1.4900054931640625,41.751500028453165,AME
2025-06-10,178.80999755859375,180.0399932861328,178.07000732421875,179.8699951171875,179.26708984375,1154900.0,0.0068852624803845,0.0068616673047419,1.9699859619140625,47.65028759752585,AME
2025-06-11,179.67999267578125,181.72999572753903,178.69000244140625,180.8999938964844,180.29364013671875,1843700.0,0.0057263733899148,0.0057100400380641,3.039993286132784,59.09611078001513,AME
2025-06-12,178.91000366210938,180.3999938964844,178.42999267578125,179.97000122070312,179.3667755126953,1042200.0,-0.0051408614486933,-0.0051541211405919,1.9700012207031532,54.02373124349512,AME
2025-06-13,177.6999969482422,179.02000427246094,176.3699951171875,176.9600067138672,176.6711883544922,1261500.0,-0.0150283526617355,-0.0151424226524856,2.650009155273437,49.043009247273645,AME
2025-06-16,178.7100067138672,179.17999267578125,177.52000427246094,178.6300048828125,178.3384552001953,1450000.0,0.0094371179660475,0.0093928665543079,1.6599884033203125,44.82292232160332,AME
2025-06-17,177.8300018310547,178.13999938964844,175.07000732421875,175.5500030517578,175.2634735107422,967900.0,-0.0172423927638112,-0.0173927739457526,3.0699920654296875,41.93411901173764,AME
2025-06-18,175.50999450683594,178.89999389648438,175.3699951171875,177.75999450683594,177.46986389160156,1332700.0,0.0125889915146759,0.0125104089902075,3.529998779296875,45.17928942515925,AME
2025-06-20,179.58999633789062,179.82000732421875,176.22999572753906,176.69000244140625,176.401611328125,2794300.0,-0.0060193462712578,-0.0060375355645258,3.5900115966796875,45.68856739975066,AME
2025-06-23,176.17999267578125,177.47999572753906,174.47000122070312,177.27999877929688,176.9906463623047,1461300.0,0.0033391703723386,0.0033336077226013,3.009994506835937,53.43813126797905,AME
2025-06-24,177.27999877929688,179.39999389648438,176.66000366210938,179.24000549316406,178.9474639892578,1523700.0,0.0110560510805044,0.0109953797285337,2.739990234375,54.84457126542371,AME
2025-06-25,179.0500030517578,179.1199951171875,176.88999938964844,178.0,177.70947265625,1115900.0,-0.0069181831662176,-0.006942224742225,2.2299957275390625,52.781037715932094,AME
2025-06-26,178.69000244140625,180.8300018310547,178.25999450683594,179.82000732421875,179.52651977539062,1075000.0,0.0102248185872195,0.0101728987437109,2.57000732421875,57.52364196806562,AME
2025-06-27,180.44000244140625,181.47999572753903,179.6699981689453,180.52999877929688,180.2353515625,1601300.0,0.003948340267478,0.0039405660288847,1.8099975585937216,56.05924646185581,AME
2025-06-30,180.509994506836,181.4600067138672,179.57000732421875,180.9600067138672,180.66465759277344,1600800.0,0.0023819191215912,0.0023790868488451,1.8899993896484373,56.35804354691621,AME
2025-07-01,180.17999267578125,183.97000122070312,179.50999450683594,183.0599975585937,182.7612152099609,1094500.0,0.0116046915048166,0.0115378735103296,4.460006713867188,58.12531358201313,AME
2025-07-02,182.3999938964844,183.1300048828125,181.6199951171875,181.9900054931641,181.6929626464844,977700.0,-0.0058450725568292,-0.0058622218519949,1.510009765625,53.24771541533339,AME
2025-07-03,183.0,184.3699951171875,182.1000061035156,184.19000244140625,183.88937377929688,719300.0,0.0120885867059472,0.0120161033048969,2.2699890136719034,59.91244469267021,AME
2025-07-07,183.8300018310547,184.0399932861328,181.17999267578125,182.3699951171875,182.0723419189453,1558800.0,-0.0098811139709048,-0.0099302561652798,2.8600006103515625,62.312188430014295,AME
2025-07-08,182.1699981689453,183.1999969482422,180.8300018310547,181.3300018310547,181.03404235839844,1827300.0,-0.0057026759232278,-0.0057189982631599,2.3699951171875,56.32612310905294,AME
2025-07-09,182.8300018310547,183.0800018310547,180.08999633789062,182.27999877929688,181.98248291015625,1168600.0,0.0052390176974568,0.005225341788995,2.9900054931640625,67.5168848899629,AME
2025-07-10,182.2100067138672,183.67999267578125,181.1999969482422,181.44000244140625,181.14385986328125,1152400.0,-0.0046082624737515,-0.0046189132489066,2.4799957275390625,60.31389884815236,AME
2025-07-11,180.2899932861328,181.47999572753903,179.77999877929688,180.97000122070312,180.6746368408203,839400.0,-0.0025903335769431,-0.0025936942958061,1.699996948242159,62.41302060200523,AME
2025-07-14,179.30999755859375,179.99000549316406,177.5800018310547,178.36000061035156,178.0688934326172,1420800.0,-0.0144222977489577,-0.014527309986555,2.410003662109375,52.8037620500189,AME
2025-07-15,179.35000610351562,179.35000610351562,176.3300018310547,176.44000244140625,176.1520233154297,1585200.0,-0.0107647668283672,-0.0108231261248245,3.020004272460937,42.71589269895491,AME
2025-07-16,176.82000732421875,177.2899932861328,174.42999267578125,177.0500030517578,176.7610321044922,1717400.0,0.0034572909104311,0.0034513282194308,2.8600006103515625,47.44488520748976,AME
2025-07-17,177.22000122070312,179.83999633789062,176.69000244140625,179.6999969482422,179.4066925048828,1241100.0,0.0149674414597593,0.014856534599713,3.149993896484375,49.69097982180479,AME
2025-07-18,180.3099975585937,180.3099975585937,178.10000610351562,178.50999450683594,178.21864318847656,1012000.0,-0.0066221014379043,-0.0066441248329129,2.2099914550780966,44.92459880110746,AME
2025-07-21,178.77999877929688,179.7899932861328,177.92999267578125,178.08999633789062,177.79933166503906,1676100.0,-0.0023527927041507,-0.0023555648699797,1.8600006103515625,42.78527409365439,AME
2025-07-22,177.6699981689453,179.32000732421875,177.25999450683594,179.1999969482422,178.9075164794922,1088800.0,0.0062327839147384,0.0062134404512179,2.0600128173828125,39.788340020992976,AME
2025-07-23,181.17999267578125,181.6699981689453,180.3300018310547,181.27999877929688,180.984115600586,751300.0,0.0116071094270195,0.0115402636923182,1.339996337890625,48.216957385838064,AME
2025-07-24,181.3500061035156,181.69000244140625,179.61000061035156,179.72000122070312,179.42666625976562,1545800.0,-0.008605447697175,-0.0086426883645384,2.0800018310546875,38.40161990587037,AME
2025-07-25,179.9600067138672,180.77999877929688,179.02000427246094,180.08999633789062,179.7960662841797,1566200.0,0.0020587799579314,0.0020566635747542,1.7599945068359375,43.60268349540545,AME
2025-07-28,180.63999938964844,180.88999938964844,178.60000610351562,178.83999633789062,178.548095703125,1394600.0,-0.006941033843767,-0.0069652348709593,2.2899932861328125,43.09479750068453,AME
2025-07-29,179.35000610351562,179.99000549316406,178.10000610351562,178.9600067138672,178.6679229736328,1473200.0,0.0006711204061624,0.0006708953055701,1.8899993896484373,40.34889579421692,AME
2025-07-30,179.50999450683594,180.0800018310547,175.61000061035156,176.75999450683594,176.47149658203125,2286600.0,-0.0122933448547767,-0.0123695330678508,4.470001220703125,37.3922481232975,AME
2025-07-31,180.97999572753903,189.1999969482422,180.8999938964844,184.8500061035156,184.54830932617188,3163300.0,0.0457683699666828,0.0447518974939728,8.300003051757784,57.41023448058448,AME
2025-08-01,183.0200042724609,184.1300048828125,179.89999389648438,182.3600006103516,182.06236267089844,1725000.0,-0.0134704385228463,-0.013561987950037,4.230010986328125,57.67457790935811,AME
2025-08-04,183.4499969482422,185.0399932861328,183.0200042724609,184.4900054931641,184.1888885498047,1959800.0,0.0116802058795106,0.0116125188307456,2.0199890136719034,65.32163851563624,AME
2025-08-05,187.8099975585937,190.0,184.259994506836,184.9499969482422,184.64813232421875,1919800.0,0.0024933305045156,0.0024902273131307,5.740005493164034,65.1224774123483,AME
2025-08-06,184.72000122070312,186.3099975585937,184.0800018310547,185.47000122070312,185.1672821044922,1157400.0,0.0028115625852194,0.0028076175359062,2.229995727539034,62.02583257626239,AME
2025-08-07,187.63999938964844,188.1100006103516,181.8300018310547,182.2400054931641,181.94256591796875,1088300.0,-0.0174151510454405,-0.0175685787084596,6.279998779296903,57.164816827459696,AME
2025-08-08,183.57000732421875,183.6999969482422,181.5200042724609,182.0800018310547,181.78282165527344,814800.0,-0.0008779927989326,-0.0008783784603652,2.1799926757812784,57.74154711139841,AME
2025-08-11,182.3500061035156,183.1000061035156,181.6199951171875,182.5200042724609,182.2221069335937,810200.0,0.0024165390014316,0.0024136238664726,1.4800109863280966,56.61354719952158,AME
2025-08-12,183.0,185.0200042724609,182.1000061035156,184.94000244140625,184.63815307617188,1050800.0,0.0132587981954275,0.0131716696323551,2.9199981689453125,57.19339941448544,AME
2025-08-13,185.3300018310547,187.08999633789065,183.77999877929688,186.91000366210932,186.6049346923828,1139700.0,0.0106520867082089,0.0105957529276904,3.3099975585937784,63.90712716802308,AME
2025-08-14,185.9499969482422,186.77999877929688,183.9600067138672,184.77999877929688,184.47840881347656,845700.0,-0.011395871617285,-0.0114613021290081,2.8199920654296875,58.49327428729588,AME
2025-08-15,185.6100006103516,185.6100006103516,181.1699981689453,181.3600006103516,181.06399536132807,1556600.0,-0.0185084719350585,-0.018681896922903,4.440002441406278,54.23104163245187,AME
2025-08-18,181.8300018310547,183.07000732421875,181.1300048828125,182.6199951171875,182.32192993164065,1757100.0,0.0069474583712916,0.0069234359812391,1.94000244140625,55.91846439094702,AME
2025-08-19,183.3500061035156,185.3800048828125,182.97999572753903,185.1999969482422,184.8977203369141,1073200.0,0.0141277048034715,0.0140288388597919,2.400009155273466,63.48242541611548,AME
2025-08-20,184.8000030517578,185.5599975585937,183.0800018310547,183.33999633789065,183.040756225586,874100.0,-0.0100431963571234,-0.0100939694893977,2.479995727539034,46.988395450846106,AME
2025-08-21,182.5599975585937,184.259994506836,181.72000122070312,183.44000244140625,183.14059448242188,1030400.0,0.0005454427685649,0.000545294068727,2.539993286132841,52.38094275399968,AME
2025-08-22,184.33999633789065,188.0,183.8600006103516,186.9499969482422,186.64486694335932,970400.0,0.0191343293978103,0.0189535702804505,4.139999389648409,55.11221105549976,AME
2025-08-25,187.3000030517578,187.8099975585937,184.8099975585937,185.57000732421875,185.2671356201172,962300.0,-0.0073815655678345,-0.0074089441372927,3.0,51.24102507625052,AME
2025-08-26,185.1100006103516,186.82000732421875,184.47000122070312,186.77999877929688,186.4751434326172,1922000.0,0.0065203567187273,0.006499191147754,2.350006103515625,52.55162066255447,AME
2025-08-27,186.3699951171875,187.6000061035156,185.6999969482422,186.5500030517578,186.2455291748047,1061900.0,-0.0012313397570624,-0.0012320984787545,1.900009155273409,59.5059709170193,AME
2025-08-28,187.88999938964844,187.88999938964844,186.259994506836,186.72999572753903,186.4252166748047,846500.0,0.000964788259864,0.0009643231508012,1.6300048828124716,60.2468038098317,AME
2025-08-29,186.4199981689453,187.5399932861328,184.47999572753903,184.8000030517578,184.49838256835932,809700.0,-0.0103356946061994,-0.010389478816783,3.0599975585937784,54.71465196186256,AME
2025-09-02,183.9499969482422,184.82000732421875,182.5,184.8099975585937,184.50836181640625,948100.0,5.4088539465757535e-05,5.408707673345123e-05,2.32000732421875,49.70141478702373,AME
2025-09-03,183.9600067138672,184.7400054931641,182.259994506836,184.3500061035156,184.0491180419922,892000.0,-0.002489013342772,-0.0024921160860646,2.480010986328125,43.68211492879379,AME
2025-09-04,184.3300018310547,187.8800048828125,183.6100006103516,187.8699951171875,187.56336975097656,1105700.0,0.0190940969800386,0.0189140924503347,4.270004272460909,57.136301897874496,AME
2025-09-05,188.97000122070312,189.3000030517578,185.72999572753903,187.4499969482422,187.14404296875,1064300.0,-0.0022356539167711,-0.0022381567219555,3.5700073242187784,66.3271176467697,AME
2025-09-08,187.6300048828125,188.759994506836,186.0,188.6699981689453,188.362060546875,1635400.0,0.0065084496348537,0.0064873611293895,2.759994506835966,66.25477361760136,AME
2025-09-09,188.1499938964844,188.6699981689453,185.8099975585937,187.47999572753903,187.1739959716797,937900.0,-0.0063073453950651,-0.0063273207365812,2.860000610351591,56.62022359419315,AME
2025-09-10,186.58999633789065,189.16000366210932,186.19000244140625,187.41000366210932,187.1041259765625,880100.0,-0.0003732890071319,-0.0003733586968168,2.9700012207030966,63.18870008369935,AME
2025-09-11,187.82000732421875,192.3300018310547,187.6000061035156,192.02999877929688,191.71658325195312,1119200.0,0.0246518202167727,0.0243528672900798,4.729995727539091,71.52893119150788,AME
2025-09-12,191.009994506836,191.8999938964844,189.759994506836,189.92999267578125,189.6199951171875,813100.0,-0.0109358726261582,-0.010996108840818,2.139999389648437,58.03668439058578,AME
2025-09-15,189.9199981689453,190.5800018310547,187.63999938964844,189.5599975585937,189.5599975585937,925600.0,-0.0003164094512115,-0.0003164595192436,2.94000244140625,62.48510017387184,AME
2025-09-16,189.42999267578125,189.9499969482422,186.38999938964844,187.2700042724609,187.2700042724609,1060900.0,-0.0120805724605739,-0.0121541356331942,3.55999755859375,52.17484969939871,AME
2025-09-17,188.1699981689453,188.94000244140625,185.5599975585937,186.25,186.25,1400300.0,-0.0054467039525288,-0.0054615913271918,3.3800048828125284,50.0117256376866,AME
2025-09-18,187.3099975585937,189.7400054931641,186.5399932861328,188.6999969482422,188.6999969482422,1551900.0,0.0131543460308305,0.013068578942298,3.2000122070312784,55.33119341775699,AME
2025-09-19,189.38999938964844,189.4499969482422,187.3000030517578,187.8699951171875,187.8699951171875,1570700.0,-0.0043985259378798,-0.0044082279131386,2.149993896484375,58.32999071102861,AME
2025-09-22,187.6499938964844,189.1100006103516,186.88999938964844,188.4499969482422,188.4499969482422,748400.0,0.0030872510040409,0.003082495230324,2.2200012207031534,59.47152554777177,AME
2025-09-23,188.6699981689453,190.0,186.16000366210932,186.67999267578125,186.67999267578125,1474500.0,-0.009392434604003,-0.0094368216716218,3.839996337890653,55.94720615799382,AME
2025-09-24,187.009994506836,187.6100006103516,185.63999938964844,186.1699981689453,186.1699981689453,1199100.0,-0.0027319183996417,-0.0027356568991155,1.9700012207031532,46.35516286733362,AME
2025-09-25,185.1699981689453,185.8699951171875,183.67999267578125,184.38999938964844,184.38999938964844,1112800.0,-0.0095611473212862,-0.0096071485414536,2.19000244140625,43.274615847237655,AME
