Date,Open,High,Low,Raw_Close,Adj_Close,Volume,Return,LogReturn,Volatility,RSI_14,Ticker,volume_today,value_today,volume_ratio_3m,volume_change_pct,price_change_pct,intraday_range_pct,gap_open_pct,candle_type,ma5,ma20,ma60,ma5_cross_ma20,price_above_ma60,ma_alignment_score,atr_14,bollinger_band_width,volatility_spike,rsi_14,macd,macd_signal_diff,stochastic_k
2015-01-22,27.32999992370605,27.479999542236328,27.01000022888184,27.239999771118164,26.732925415039062,2207000.0,0.0025763721558385,0.0025730589984932,0.4699993133544886,40.21160103750729,PWR,2207000.0,58999566.39099121,,,,1.7581289965746978,,음봉,,,,False,False,0,,,False,,0.0,0.0,
2015-01-23,27.040000915527344,27.690000534057617,26.93000030517578,27.350000381469727,26.840877532958984,2205200.0,0.00403817076672,0.0040300392387975,0.7600002288818359,41.34943972292972,PWR,2205200.0,59189503.13568115,,-0.08155867693702135,0.4038170766720084,2.8315029117382666,1.1486790005987548,음봉,,,,False,False,0,,,False,,0.002422002645641186,0.0010764456202849715,
2015-01-26,27.32999992370605,27.690000534057617,27.06999969482422,27.559999465942383,27.046964645385746,2119900.0,0.0076781063575026,0.0076487797185937,0.6200008392333984,50.09631523091318,PWR,2119900.0,57336860.35175324,,-3.8681298748412862,0.7678106357502656,2.292312085153598,1.822304021716331,음봉,,,,False,False,0,,,False,,0.009476861130963243,0.004798802422981198,
2015-01-27,26.979999542236328,27.540000915527344,26.63999938964844,27.32999992370605,26.821245193481445,2145800.0,-0.0083454633399244,-0.008380481684747,0.9000015258789027,51.18107735863493,PWR,2145800.0,57553027.936172485,,1.2217557431954296,-0.8345463339924475,3.355554596315448,-0.24758823782040168,음봉,,,,False,False,0,,,False,,0.00430378042623758,-0.00024749024592316936,
2015-01-28,27.520000457763672,27.6200008392334,26.280000686645508,26.31999969482422,25.830047607421875,2668100.0,-0.03695568863076,-0.0376558543597101,1.3400001525878906,42.83360458455659,PWR,2668100.0,68917150.0213623,,24.340572280734452,-3.695568863076004,5.187757192529764,2.6052305149950676,음봉,26.654412078857423,,,False,False,0,,,False,,-0.038039832778288485,-0.029921213085608318,
2015-01-29,26.309999465942383,26.89999961853028,25.8700008392334,26.790000915527344,26.29130172729492,2658900.0,0.0178572694438436,0.0176997014652747,1.0299987792968786,39.22943601529226,PWR,2658900.0,69905942.16270445,,-0.3448146621191084,1.7857269443843693,3.917640860770181,1.858114494464195,음봉,26.566087341308595,,,False,False,0,,,False,,-0.043055568158028024,-0.025467092974480302,
2015-01-30,26.520000457763672,26.82999992370605,26.26000022888184,26.479999542236328,25.9870662689209,1889600.0,-0.011571715296933,-0.0116391886208509,0.5699996948242116,40.506287295617646,PWR,1889600.0,49105160.42175293,,-28.93301741321599,-1.1571715296933016,2.1933976268260027,0.869864614696216,음봉,26.395325088500975,,,False,False,0,,,False,,-0.059312969886153866,-0.031165138201606466,
2015-02-02,26.729999542236328,28.25,26.64999961853028,28.14999961853028,27.6259822845459,3098000.0,0.0630666039277028,0.061157753961131,1.600000381469723,61.57480821056211,PWR,3098000.0,85585293.1175232,,63.95004233700254,6.30666039277028,5.791650646083151,2.8588578088321457,양봉,26.511128616333007,,,False,False,0,,,False,,0.008686148863940701,0.02798208235952867,
2015-02-03,28.46999931335449,29.31999969482422,28.46999931335449,29.020000457763672,28.47978782653809,3149200.0,0.0309058889996398,0.0304379195877735,0.8500003814697301,68.18834869949947,PWR,3149200.0,89688547.82333376,,1.6526791478373104,3.0905888999639863,2.9845741360393183,3.0551566279716944,양봉,26.842837142944337,,,False,False,0,,,False,,0.09800249732307975,0.09020191137903943,
2015-02-04,29.170000076293945,29.170000076293945,28.1200008392334,28.229999542236328,27.704498291015625,2492300.0,-0.0272224477318624,-0.0275998434187351,1.0499992370605469,62.32073368533054,PWR,2492300.0,69047921.09069824,,-20.85926584529404,-2.7222447731862442,3.789995494706556,2.423516122942113,음봉,27.217727279663087,,,False,False,0,,,False,,0.12000063806392447,0.08706072724094305,
2015-02-05,28.59000015258789,29.01000022888184,28.5,28.940000534057617,28.401275634765625,2010800.0,0.0251503324994684,0.0248392676891266,0.5100002288818395,70.1149114304543,PWR,2010800.0,57109285.04638672,,-19.319504072543438,2.515033249946841,1.795694797094096,3.1962385756663485,음봉,27.639722061157226,,,False,False,0,,,False,,0.17133514445827913,0.10811514729741273,
2015-02-06,29.040000915527344,29.299999237060547,28.8700008392334,28.950000762939453,28.41109275817871,1584100.0,0.0003456578338005,0.0003455981078943,0.4299983978271484,67.76859614753454,PWR,1584100.0,45006012.038230896,,-21.220409787149396,0.034565783380058335,1.5134877123068935,2.2489316641111134,음봉,28.124527359008788,,,False,False,0,,,False,,0.20717931563818226,0.11304289428908958,
2015-02-09,28.8700008392334,29.170000076293945,28.6299991607666,28.75,28.21481132507324,1653100.0,-0.0069086196288232,-0.0069325946279853,0.5400009155273438,65.9059692891412,PWR,1653100.0,46641904.60147857,,4.355785619594732,-0.6908619628823276,1.9138916411872975,1.6152426270988167,음봉,28.24229316711426,,,False,False,0,,,False,,0.21992642626878478,0.09916846955142043,
2015-02-10,28.950000762939453,28.959999084472656,28.229999542236328,28.600000381469727,28.067607879638672,1123300.0,-0.0052172401133072,-0.0052308974335635,0.7299995422363281,60.49925526671555,PWR,1123300.0,31528343.93119812,,-32.04887786582784,-0.5217240113307264,2.6008612681449708,2.6056861745266557,음봉,28.159857177734374,,,False,False,0,0.8142856870378762,,False,,0.2180800751028329,0.07696225860566344,63.698775924055425
2015-02-11,28.43000030517578,28.670000076293945,28.229999542236328,28.530000686645508,27.9989070892334,1638000.0,-0.0024476895466076,-0.0024506900358433,0.4400005340576172,59.47132100683201,PWR,1638000.0,45862209.81216431,,45.82035075224784,-0.24476895466076787,1.5714918180746187,1.291141115734351,음봉,28.21873893737793,,,False,False,0,0.8121429170880996,,False,59.47132100683201,0.2098283375032537,0.05446727721559075,61.707448005382595
2015-02-12,28.61000061035156,29.01000022888184,28.61000061035156,28.86000061035156,28.32276725769043,1121100.0,0.0115668860725484,0.0115005010672885,0.3999996185302805,60.73966192617977,PWR,1121100.0,31752654.37259674,,-31.556776556776555,1.156688607254841,1.4122900311644844,2.1825620520493394,음봉,28.20303726196289,,,False,False,0,0.7864285877772742,,False,60.73966192617977,0.22057166834898823,0.05179075105523526,71.09470237887918
2015-02-13,29.040000915527344,29.15999984741211,28.63999938964844,28.76000022888184,28.2246322631836,2893400.0,-0.0034648801656266,-0.0034708967647914,0.5200004577636683,58.67055034614122,PWR,2893400.0,81665150.99029543,,158.08580858085807,-0.3464880165626516,1.84236397808435,2.532357277490832,음봉,28.165745162963866,,,False,False,0,0.7792857033865792,,False,58.67055034614125,0.21995463914817037,0.040703202344722744,68.2502088409234
2015-02-17,28.729999542236328,28.780000686645508,28.100000381469727,28.68000030517578,28.14612197875977,3387600.0,-0.0027816229345966,-0.0027854988368727,0.6800003051757812,59.97049975583929,PWR,3387600.0,95347802.8152466,,17.080251607105822,-0.2781622934596828,2.415964464621228,1.7905185596055817,음봉,28.15200729370117,,,False,False,0,0.7635713304792134,,False,59.97049975583929,0.21183182096379483,0.025944770743837886,65.97454766797539
2015-02-18,28.600000381469727,29.420000076293945,28.59000015258789,29.3799991607666,28.83308792114257,3729000.0,0.024407125887581,0.0241140314763811,0.8299999237060547,73.68420894286638,PWR,3729000.0,107518584.85794064,,10.077931278781449,2.4407125887581094,2.87863695340601,1.6125788236563205,양봉,28.305103302001953,,,False,False,0,0.7271427427019395,,False,73.68420894286635,0.24708085120218115,0.04877608260382174,83.46725968207964
2015-02-19,28.790000915527344,29.940000534057617,28.75,29.61000061035156,29.058807373046875,2965200.0,0.0078284869286853,0.0077980033152444,1.1900005340576172,72.66879933807616,PWR,2965200.0,86165175.6225586,,-20.48270313757039,0.7828486928685541,4.095145815107976,-0.149435973465862,양봉,28.517083358764648,27.65199041366577,,True,False,0,0.7385714394705634,0.11676409970218016,True,72.66879933807616,0.2859807322360979,0.06993624588941377,76.05453565394062
2015-02-20,29.540000915527344,29.63999938964844,28.63999938964844,29.51000022888184,28.96066665649414,3737000.0,-0.0033773139858369,-0.0033830299841591,1.0,75.2080237621329,PWR,3737000.0,108226011.2953186,,26.0285984082018,-0.33773139858369605,3.452959187235284,1.6559301154485566,음봉,28.64466323852539,27.763377475738526,,True,False,0,0.7692857469831197,0.11629564048705902,False,75.2080237621329,0.30611531931907976,0.07188896827549324,70.23302112344535
2015-02-23,29.51000022888184,29.559999465942383,28.6299991607666,28.76000022888184,28.2246322631836,3187000.0,-0.0254149672050278,-0.0257435059705938,0.9300003051757812,55.9922029672254,PWR,3187000.0,89951903.02276614,,-14.717687985014717,-2.5414967205027783,3.294995295258035,1.8968264056328836,음봉,28.64466323852539,27.832565212249754,,True,False,0,0.7214285986764098,0.1160065463245173,False,55.992202967225424,0.268685804923269,0.027516331906098257,6.773471270563987
2015-02-24,28.780000686645508,29.190000534057617,28.729999542236328,29.040000915527344,28.499414443969727,2004100.0,0.0097355451161911,0.0096884600493793,0.460000991821289,50.22221070498448,PWR,2004100.0,57115676.48715973,,-37.11641041732037,0.9735545116191124,1.6140717302303103,1.9676728408126447,음봉,28.715321731567382,27.905187702178956,,True,False,0,0.6935714994158069,0.11570464245158561,False,50.222210704984484,0.25514027795273364,0.011160052192770081,21.707284205288747
2015-02-25,29.13999938964844,29.21999931335449,28.850000381469727,29.13999938964844,28.597557067871094,1354700.0,0.0034436715917205,0.0034377557323322,0.3699989318847621,61.94225520952896,PWR,1354700.0,38741110.55984497,,-32.40357267601417,0.3443671591720543,1.2938130729370938,2.2477126571779715,음봉,28.668215560913087,27.994003295898438,,True,False,0,0.645000049046108,0.11533755038523069,False,61.94225520952898,0.24835529200759865,0.003495901258832007,27.041122018472258
2015-02-26,29.07999992370605,29.200000762939453,28.739999771118164,28.86000061035156,28.32276725769043,1626000.0,-0.0096088560826541,-0.0096553190169201,0.460000991821289,48.81660530375646,PWR,1626000.0,46052819.56100464,,20.026574149258145,-0.960885608265416,1.6241385865866826,1.6870072317364981,음봉,28.521007537841797,28.118639278411866,,True,False,0,0.6414286749703544,0.10924216757829783,False,48.81660530375646,0.22105938651440482,-0.01902195241808899,12.106894442774363
2015-02-27,28.90999984741211,28.989999771118164,28.59000015258789,28.780000686645508,28.244258880615234,1530100.0,-0.0027719176011615,-0.0027757664789154,0.3999996185302734,47.53625245828312,PWR,1530100.0,43216540.51322937,,-5.897908979089794,-0.27719176011615776,1.4162156642913493,2.073358808406087,음봉,28.377725982666014,28.21628713607788,,True,False,0,0.6392859050205776,0.10886411416611898,False,47.53625245828311,0.1917076792524668,-0.03866959902030501,7.840135172957116
2015-03-02,28.76000022888184,28.82999992370605,28.450000762939453,28.65999984741211,28.12649345397949,2868700.0,-0.0041695350242159,-0.0041782517736741,0.379999160766598,48.66478734177799,PWR,2868700.0,80686471.77143095,,87.48447813868374,-0.4169535024215909,1.3510363863463886,1.8260041817580552,음봉,28.358098220825195,28.323258495330812,,True,False,0,0.6278572082519529,0.05058828555115517,False,48.66478734177798,0.1582509617045602,-0.05766609057344421,1.4398407778662718
2015-03-03,28.61000061035156,28.81999969482422,28.549999237060547,28.700000762939453,28.16574478149414,1781600.0,0.0013955286526874,0.0013945558075608,0.2700004577636719,51.53372148342811,PWR,1781600.0,50180090.90270996,,-37.89521385993656,0.1395528652687439,0.958612881918434,1.719045273678298,음봉,28.29136428833008,28.350246620178222,,False,False,0,0.5950001307896203,0.04777062789525519,False,51.53372148342811,0.1331259203920645,-0.06620081516917675,3.573064922410308
2015-03-04,28.540000915527344,28.729999542236328,28.31999969482422,28.600000381469727,28.067607879638672,1851500.0,-0.0034842644004907,-0.0034903485864164,0.4099998474121094,51.06389388884983,PWR,1851500.0,51967175.989151,,3.9234396048495768,-0.34842644004907664,1.4607580709061392,1.3287634924502414,음봉,28.185374450683593,28.329637622833253,,False,False,0,0.5928572246006555,0.04780537965440467,False,51.06389388884983,0.10490002445356694,-0.07551209994302918,-1.7604619100436412
2015-03-05,28.6299991607666,28.75,28.38999938964844,28.700000762939453,28.16574478149414,1055100.0,0.0034964469461133,0.0034903485864165,0.3600006103515589,47.38558998810375,PWR,1055100.0,29717677.318954468,,-43.0137726167972,0.3496446946113396,1.278150509224566,2.0037022162330764,음봉,28.153969955444335,28.352699947357177,,False,False,0,0.5900001525878896,0.037382693210220086,False,47.38558998810375,0.08877531541886086,-0.07328673088579418,3.573064922410308
2015-03-06,28.479999542236328,28.93000030517578,28.239999771118164,28.32999992370605,27.80263328552246,1488800.0,-0.0128919543505292,-0.0129757767967896,0.6900005340576172,43.54345906403219,PWR,1488800.0,41392560.43548584,,41.10510852051939,-1.2891954350529256,2.4817812290353016,1.1157338929970835,음봉,28.065644836425783,28.32276782989502,,False,False,0,0.6021430151803145,0.044352094931855754,False,43.54345906403212,0.04859590840807115,-0.09075041375371687,-16.16125387430159
2015-03-09,28.31999969482422,28.5,28.170000076293945,28.38999938964844,27.861515045166016,1152700.0,0.0021178483001542,0.0021156088208039,0.3299999237060547,45.61923104023294,PWR,1152700.0,32115968.392562866,,-22.575228371843092,0.2117848300154268,1.1844292141726507,1.860853984543844,음봉,28.012649154663087,28.295288944244383,,False,False,0,0.5771429879324769,0.04439516733685576,False,45.619231040232926,0.020974089069152768,-0.09467901477259273,-17.42852832465867
2015-03-10,28.1299991607666,28.440000534057617,28.049999237060547,28.1299991607666,27.606353759765625,2330400.0,-0.0091581985038053,-0.0092003926159996,0.3900012969970703,28.22284975180989,PWR,2330400.0,64333846.80175781,,102.16882102888869,-0.9158198503805393,1.4127229564284964,0.9636378896314471,음봉,27.900770950317384,28.264866065979003,,False,False,0,0.5457145145961209,0.05138724556100039,False,28.222849751809918,-0.019752842407029902,-0.1083075813697683,-23.473289568626658
2015-03-11,28.14999961853028,28.25,27.96999931335449,28.13999938964844,27.616174697875977,1127400.0,0.0003557491943997,0.0003556859306586,0.2800006866455113,22.264148729333485,PWR,1127400.0,31134475.354385376,,-51.622039134912455,0.035574919439973485,1.013901055119871,1.9692780274263608,음봉,27.810484313964842,28.24229440689087,,False,False,0,0.4807145254952562,0.05142831500711444,False,22.2641487293334,-0.05063589312175054,-0.1113383828994323,-21.187101755331422
2015-03-12,28.06999969482422,28.32999992370605,28.01000022888184,28.13999938964844,27.616174697875977,1969100.0,0.0,0.0,0.3199996948242116,23.137275226497906,PWR,1969100.0,54379009.597587585,,74.65850629767607,0.0,1.1587401163450184,1.6433304102148039,음봉,27.70057029724121,28.223157787322997,,False,False,0,0.432143075125557,0.05146318580742404,False,23.137275226497835,-0.0742043158376191,-0.10791449511028448,-22.253118334776566
2015-03-13,28.01000022888184,28.020000457763672,27.530000686645508,27.670000076293945,27.15491485595703,2546200.0,-0.0167025247690956,-0.016843584848154,0.489999771118164,25.99106835550544,PWR,2546200.0,69141844.2062378,,29.307805596465396,-1.6702524769095617,1.8044607162915547,1.4260683650590933,음봉,27.571026611328126,28.16476516723633,,False,False,0,0.40071446555001294,0.06759838066410065,False,25.99106835550532,-0.12647250755163597,-0.1281357496337348,-22.19444588655673
2015-03-16,27.81999969482422,28.15999984741211,27.6200008392334,28.15999984741211,27.63579559326172,2359400.0,0.0177087919389735,0.0175538182066075,0.5399990081787109,32.25815552370352,PWR,2359400.0,65203896.1227417,,-7.336422904720763,1.7708791938973567,1.953983942153545,2.449224541469282,음봉,27.525882720947266,28.135323333740235,,False,False,0,0.40642860957554305,0.06766911808710838,False,32.25815552370352,-0.1295891004540657,-0.10499505724793584,6.260058732842326
2015-03-17,28.0,28.15999984741211,27.84000015258789,27.979999542236328,27.45914459228516,1123200.0,-0.0063921083936382,-0.0064126253964989,0.3199996948242187,27.34372508916664,PWR,1123200.0,30842111.20605469,,-52.39467661269814,-0.6392108393638241,1.165366582155385,1.3178719805956416,음봉,27.496440887451172,28.100974464416502,,False,False,0,0.40285723549978997,0.06775183257437178,False,27.34372508916664,-0.14393530327432202,-0.09546804978276302,-4.242879707981299
2015-03-18,27.82999992370605,28.530000686645508,27.530000686645508,28.38999938964844,27.861515045166016,1830000.0,0.0146534227069077,0.0145470987233863,1.0,41.26395233825619,PWR,1830000.0,50986572.53265381,,62.927350427350426,1.4653422706907726,3.589180266682951,1.350571319417888,양봉,27.54550895690918,28.052395820617676,,False,False,0,0.44142859322684075,0.06786915917144372,True,41.26395233825619,-0.12287901414080338,-0.05952693535358358,22.70647715099417
2015-03-19,28.190000534057617,28.209999084472656,27.61000061035156,27.81999969482422,27.302125930786133,1220100.0,-0.0200774837072952,-0.020281775450766,0.5999984741210973,34.905669025985105,PWR,1220100.0,33311323.84815216,,-33.32786885245902,-2.007748370729523,2.1976254729838947,1.178993634621438,음봉,27.48269920349121,27.96456174850464,,False,False,0,0.45571422576904247,0.06457286249564305,False,34.905669025985105,-0.1477197711217464,-0.06749191069148022,-16.27677271073824
2015-03-20,28.09000015258789,28.489999771118164,27.89999961853028,28.040000915527344,27.51803207397461,2935200.0,0.0079080341119157,0.0078769294868362,0.5900001525878871,40.54878319757349,PWR,2935200.0,80770927.74353027,,140.57044504548804,0.7908034111915763,2.144049221985902,2.8857614377690037,음봉,27.555322647094727,27.89243001937866,,False,False,0,0.47071429661342,0.051721639559972596,False,40.54878319757349,-0.1489237726760102,-0.05495526864074243,-0.8549011380062479
2015-03-23,28.040000915527344,28.51000022888184,28.030000686645508,28.309999465942383,27.783002853393555,1462300.0,0.0096289872294155,0.0095829239907156,0.4799995422363317,44.44444444444444,PWR,1462300.0,40627085.072517395,,-50.18056691196511,0.962898722941552,1.7276733719865063,1.896824744406016,음봉,27.584764099121095,27.87034854888916,,False,False,0,0.48571423121860996,0.05176261823146673,False,44.444444444444436,-0.12779132482675948,-0.027057681118758267,18.07158826326323
2015-03-24,28.34000015258789,28.479999542236328,28.07999992370605,28.21999931335449,27.69468688964844,1010600.0,-0.0031787767582627,-0.0031838398014719,0.399999618530277,44.57151995664282,PWR,1010600.0,27988250.570678715,,-30.88969431717158,-0.31787767582627247,1.4443189775862262,2.004813166285593,음봉,27.63187255859375,27.830112171173095,,False,False,0,0.48499992915562196,0.05183745588378821,False,44.571519956642824,-0.11658884185414209,-0.012683942692450309,11.763303419741044
2015-03-25,28.350000381469727,28.350000381469727,27.850000381469727,27.850000381469727,27.331567764282227,1120400.0,-0.0131115086013823,-0.0131982232374371,0.5,38.72684596869438,PWR,1120400.0,30622288.523101807,,10.864832772610322,-1.3111508601382327,1.8293864600530385,2.3662065378548287,음봉,27.52588310241699,27.76681270599365,,False,False,0,0.49499988555908203,0.042059289054854676,False,38.72684596869438,-0.13454259342149655,-0.02450982177473128,-14.17378403085546
2015-03-26,27.82999992370605,28.38999938964844,27.82999992370605,28.239999771118164,27.714311599731445,1704400.0,0.0140037278047913,0.0139065814983198,0.5599994659423899,48.81271172273463,PWR,1704400.0,47236272.690582275,,52.12424134237772,1.400372780479131,2.0206147424127843,1.8236500874098842,음봉,27.608320236206055,27.736389923095704,,False,False,0,0.4857140949794229,0.03927490303095002,False,48.812711722734626,-0.11741314480810061,-0.005904234234150096,18.43109130859375
2015-03-27,28.15999984741211,28.26000022888184,27.6299991607666,28.01000022888184,27.488597869873047,1421200.0,-0.0081443022333842,-0.0081776482395361,0.6300010681152379,45.20216024994822,PWR,1421200.0,39066795.292663574,,-16.615817883126027,-0.8144302233384249,2.291863233976392,1.6081519689811918,음봉,27.60243339538574,27.698606872558592,,False,False,0,0.5071427481515075,0.0364938904757175,False,45.20216024994822,-0.12017753505825368,-0.006934839173841856,-4.140281677246094
2015-03-30,28.21999931335449,28.84000015258789,28.209999084472656,28.82999992370605,28.2933292388916,1534800.0,0.0292750969994188,0.0288547651446261,0.6300010681152344,57.74340782783494,PWR,1534800.0,43424601.71585083,,7.993245144947925,2.927509699941888,2.226677047426586,2.660744818429037,양봉,27.70449867248535,27.706948661804198,,False,False,0,0.524285588945662,0.041087685144627545,False,57.74340782783494,-0.05836920368657417,0.04389848781979991,58.269378888408404
2015-03-31,28.6200008392334,28.68000030517578,28.31999969482422,28.530000686645508,27.9989070892334,1630800.0,-0.0104060624033418,-0.0104605840375608,0.3600006103515625,54.0539612297607,PWR,1630800.0,45660617.681121826,,6.2548866301798345,-1.0406062403341854,1.2857666522633517,1.154588763957685,음봉,27.765342712402344,27.698606777191163,,True,False,0,0.52999986921038,0.04110005936731861,False,54.0539612297607,-0.03224118781523089,0.05602089061730604,35.7943964695108
2015-04-01,28.43000030517578,28.63999938964844,28.280000686645508,28.39999961853028,27.871326446533203,1316000.0,-0.004556629381768,-0.0045670424618345,0.3599987030029332,52.631485767634224,PWR,1316000.0,36678665.603637695,,-19.30340936963454,-0.45566293817680403,1.291645389370092,1.5396787259176765,음봉,27.87329444885254,27.68879270553589,,True,False,0,0.5328569412231458,0.04111462695543834,False,52.631485767634224,-0.021369413284890726,0.053513893432853704,26.055412140351798
2015-04-02,28.3700008392334,29.059999465942383,28.290000915527344,28.440000534057617,27.91058921813965,918200.0,0.0014087155730375,0.001407724264127,0.7699985504150391,58.53665263394685,PWR,918200.0,25627503.020095825,,-30.227963525835865,0.14087155730375667,2.7588043534193885,1.7892022242171517,음봉,27.91254997253418,27.676034927368164,,True,False,0,0.5528568540300655,0.041133579500176876,False,58.536652633946844,-0.00954001797575188,0.052274444468815684,24.87508726438616
2015-04-06,28.36000061035156,29.239999771118164,28.31999969482422,29.1200008392334,28.577930450439453,1193000.0,0.0239099657511381,0.0236285986806141,0.9200000762939452,60.21280343780395,PWR,1193000.0,34093471.02737427,,29.928120235242872,2.390996575113813,3.219267671917083,1.610182388839821,양봉,28.130416488647462,27.714799785614012,,True,False,0,0.5799997874668679,0.051344971116156865,True,60.21280343780395,0.05209441989405761,0.09112684574602685,61.28247513752994
2015-04-07,29.059999465942383,29.100000381469727,28.65999984741211,28.65999984741211,28.12649345397949,1447500.0,-0.0157967000879527,-0.0159227976682076,0.4400005340576172,56.827371695178776,PWR,1447500.0,40713099.27463531,,21.3327745180218,-1.5796700087952753,1.5643632747094662,1.6868576832004878,음봉,28.09704933166504,27.728048706054686,,True,False,0,0.5885712759835392,0.051320437639439546,False,56.827371695178776,0.06437390273604038,0.08272487395803392,34.882636648775296
2015-04-08,28.71999931335449,28.88999938964844,28.280000686645508,28.46999931335449,27.940031051635746,1745700.0,-0.0066294222793478,-0.0066514945040423,0.6099987030029332,50.840391203993896,PWR,1745700.0,48774912.20684052,,20.60103626943006,-0.6629422279347819,2.18324275257819,2.110131006362713,음봉,28.085274124145506,27.744732570648193,,True,False,0,0.5607140404837487,0.05128957689027659,False,50.840391203993896,0.05861593980568003,0.06157341633405036,20.24727676111012
2015-04-09,28.459999084472656,28.729999542236328,28.229999542236328,28.690000534057617,28.155929565429688,1540900.0,0.0077272109467216,0.0076975089630858,0.5,59.86393538495305,PWR,1540900.0,43385471.867370605,,-11.731683565331963,0.7727210946721685,1.7758248714114848,1.8610145131047342,음봉,28.142194747924805,27.771720314025877,,True,False,0,0.5535712923322418,0.05123973518355432,False,59.86393538495305,0.0704082480876771,0.05869249391303516,32.66647237781127
2015-04-10,28.770000457763672,28.920000076293945,28.46999931335449,28.6200008392334,28.087234497070312,1223600.0,-0.0024398082187178,-0.0024427894007853,0.4500007629394567,56.80751023774938,PWR,1223600.0,34367540.130615234,,-20.59186189889026,-0.24398082187178094,1.602154042564763,2.180964726833067,음봉,28.177523803710937,27.795273303985596,,True,False,0,0.5435713359287827,0.05119631596780788,False,56.80751023774938,0.07343511856648277,0.04937543378331333,28.39969956308701
2015-04-13,28.63999938964844,29.06999969482422,28.549999237060547,28.709999084472656,28.17555809020996,941600.0,0.0031446169308289,0.0031396829639259,0.5200004577636719,54.90198039893793,PWR,941600.0,26530105.4977417,,-23.046747303040206,0.3144616930828903,1.845572875961432,1.9680289016556103,음봉,28.09704933166504,27.846305465698244,,True,False,0,0.5464285441807356,0.04581593494422042,False,54.90198039893793,0.08192543686559972,0.04629255836548581,33.885634945456964
2015-04-14,28.739999771118164,29.09000015258789,28.57999992370605,29.059999465942383,28.51905059814453,801600.0,0.0121911518783339,0.0121174382839707,0.5100002288818395,59.67739335261925,PWR,801600.0,22860870.959472656,,-14.868309260832625,1.2191151878333972,1.7882791263571043,2.0033025755906047,음봉,28.175560760498048,27.890468215942384,,True,False,0,0.5542857306344187,0.04574338837825826,False,59.67739335261925,0.11472534942110357,0.06327392938943946,55.220565238406635
2015-04-15,29.170000076293945,30.030000686645508,29.049999237060547,29.950000762939453,29.392480850219727,2523200.0,0.0306262036693472,0.0301665822333824,0.9800014495849608,71.60496838771343,PWR,2523200.0,74163107.68127441,,214.77045908183632,3.0626203669347207,3.33419099455715,2.282507532672793,양봉,28.466050720214845,27.987135028839113,,True,False,0,0.5885715484619158,0.07468985007860235,True,71.60496838771343,0.20803930313025276,0.12527023148799366,73.43669037075655
2015-04-16,29.81999969482422,29.8700008392334,29.479999542236328,29.520000457763672,28.97048568725586,2009000.0,-0.0143572488866897,-0.0144613114198492,0.3900012969970703,63.06123816976833,PWR,2009000.0,58201705.74569702,,-20.378883956880156,-1.4357248886689766,1.3462021355362785,1.454517727792604,음봉,28.628961944580077,28.042583560943605,,True,False,0,0.5764288221086787,0.07454216602014309,False,63.06123816976833,0.24543357856595094,0.13013154321817622,55.85356975964244
2015-04-17,29.14999961853028,29.32999992370605,29.01000022888184,29.11000061035156,28.568113327026367,1012100.0,-0.0138890443388906,-0.0139863996141906,0.3199996948242116,60.82667096180326,PWR,1012100.0,28913787.498283386,,-49.62170233947237,-1.38890443388906,1.1201289044225455,0.6196441896498459,음봉,28.72513771057129,28.105882930755616,27.907478364308677,True,True,0,0.5542858668736054,0.07332675123620794,False,60.82667096180326,0.24012260136203523,0.0998564145539576,19.676589412128422
2015-04-20,29.26000022888184,29.559999465942383,29.25,29.31999969482422,28.774206161499023,823900.0,0.0072140862826137,0.0071881892365947,0.3099994659423828,55.48094523793996,PWR,823900.0,23707068.456459045,,-18.59500049402233,0.7214086282613774,1.077351931804721,2.421885176438742,음봉,28.844867324829103,28.168691635131836,27.941499710083008,True,True,0,0.5314286095755446,0.07316325204707558,False,55.48094523793996,0.24952266700062964,0.08740515736439777,30.23368184809249
2015-04-21,29.38999938964844,29.56999969482422,29.06999969482422,29.170000076293945,28.626998901367188,888800.0,-0.0051159451386987,-0.0051290763910198,0.5,57.40745656202383,PWR,888800.0,25443676.623535156,,7.877169559412556,-0.511594513869873,1.7466029244725358,2.140087635061753,음봉,28.866456985473633,28.210891437530517,27.97126839955648,True,True,0,0.5414285659790045,0.07305380939489749,False,57.407456562023825,0.24238878179732737,0.06421700198289404,22.055505929201384
2015-04-22,29.209999084472656,29.34000015258789,28.76000022888184,29.01000022888184,28.4699764251709,1231800.0,-0.0054851183226471,-0.0055002168208307,0.5799999237060511,57.0115400613796,PWR,1231800.0,35069316.96052551,0.6614717271582766,38.591359135913585,-0.5485118322647198,2.0372335931871763,2.036539649560071,음봉,28.681956100463868,28.24965591430664,27.9949852625529,True,True,0,0.55714293888637,0.0729535641846094,False,57.0115400613796,0.22159987715686924,0.03474247105887879,13.332040575637452
2015-04-23,28.989999771118164,29.34000015258789,28.88999938964844,29.209999084472656,28.666248321533203,1320300.0,0.0068939957459457,0.0068703408130478,0.4500007629394496,58.53650968898796,PWR,1320300.0,37848047.65892029,0.7143952810467171,7.18460789089137,0.6893995745945736,1.5697930119492574,1.8265675326920965,음봉,28.621108627319337,28.316389942169188,28.025735314687093,True,True,1,0.534285954066685,0.06723607720599259,False,58.53650968898796,0.2183371070235154,0.02518375678839177,24.236027885419283
2015-04-24,29.170000076293945,29.43000030517578,29.030000686645508,29.280000686645508,28.734952926635746,1942600.0,0.0023967072472101,0.0023938397252223,0.3999996185302734,52.0512911236217,PWR,1942600.0,55820519.5552826,1.053488852543686,47.133227296826476,0.23967072472101947,1.3920315775408683,1.7572992081504413,음봉,28.65447654724121,28.367422008514403,28.074150403340656,True,True,1,0.49714306422642274,0.06711512169753157,False,52.0512911236217,0.21873683131441268,0.02046678229398813,28.052947964383662
2015-04-27,29.34000015258789,29.729999542236328,29.209999084472656,29.479999542236328,28.931228637695312,1427600.0,0.0068305562066062,0.0068073336462543,0.5200004577636719,61.26371880814901,PWR,1427600.0,41302222.00317383,0.7788412827758087,-26.510861731699787,0.683055620660622,1.7973673509535943,2.1056141191423317,음봉,28.685881042480467,28.43955354690552,28.118149185180663,True,True,1,0.502857344491141,0.05348728140818648,False,61.26371880814901,0.23212169959693796,0.02708131774133435,38.957147201656426
2015-04-28,29.489999771118164,29.6299991607666,29.3700008392334,29.559999465942383,29.00973892211914,1591500.0,0.0027136864945145,0.0027100110950723,0.2599983215332031,65.43905230836313,PWR,1591500.0,46168999.49455261,0.8724463425203222,11.480806948725132,0.27136864945145334,0.8962449549484275,1.9313771302986176,음봉,28.76242904663086,28.475374031066895,28.16852706273397,True,True,1,0.47785731724330305,0.053419997294045375,False,65.43905230836313,0.24618950043097598,0.032919292215333684,43.31882689656561
2015-04-29,29.36000061035156,29.71999931335449,29.18000030517578,29.68000030517578,29.12750625610352,1923000.0,0.0040595792433892,0.0040513613847637,0.5399990081787074,64.43152289331942,PWR,1923000.0,56012194.53048707,1.061051005313619,20.82940622054665,0.40595792433892885,1.853914315323693,1.2073934521532466,음봉,28.893935012817384,28.5318039894104,28.193552462259927,True,True,1,0.48071438925606785,0.05331434367946384,False,64.43152289331942,0.26375068233753396,0.04038437670170486,42.14784384208181
2015-04-30,29.6299991607666,29.700000762939453,28.51000022888184,28.90999984741211,28.37183952331543,4873300.0,-0.0259434064194816,-0.0262858727354776,1.1900005340576136,53.51092630666505,PWR,4873300.0,138264485.54897308,2.6377762522907364,153.4217368694748,-2.5943406419481674,4.194301652805043,1.7251490747093656,음봉,28.83505325317383,28.55682964324951,28.191753323872884,True,True,0,0.5335715157645077,0.051892722357237554,True,53.51092630666505,0.21449631876883402,-0.007095989128705904,-9.089517365651426
2015-05-01,28.979999542236328,28.989999771118164,27.68000030517578,28.229999542236328,27.704498291015625,5296600.0,-0.0235212535920131,-0.023802293973452,1.3099994659423828,44.91532298078591,PWR,5296600.0,146739645.64819336,2.785364237139158,8.686105924117138,-2.352125359201318,4.728472077645263,2.1435339729069183,음봉,28.628962326049805,28.546525096893312,28.191753323872884,True,False,0,0.5900000163487013,0.05913092936792517,True,44.91532298078591,0.12045396790754381,-0.08091066866352437,1.0424673133253848
2015-05-04,28.21999931335449,28.31999969482422,27.979999542236328,28.1299991607666,27.606353759765625,3991900.0,-0.0035425485861199,-0.0035488382700966,0.3400001525878906,39.59724306810416,PWR,3991900.0,110201803.5736084,2.083703692656446,-24.632783294943927,-0.3542548586119909,1.2316010855566795,1.860712354087412,음봉,28.363987350463866,28.49794626235962,28.17850462595622,False,False,0,0.5778571537562763,0.06267564244842572,False,39.59724306810416,0.03760602427900395,-0.13100688552220213,-3.1338950406508683
2015-05-05,28.11000061035156,28.3799991607666,27.88999938964844,27.950000762939453,27.429706573486328,3424300.0,-0.0063987873160108,-0.0064193473085093,0.4899997711181605,23.404283913279727,PWR,3424300.0,93927544.21958923,1.7833613157783792,-14.218793055938272,-0.6398787316010845,1.7863835685059657,1.8243874398217879,음봉,28.047980880737306,28.46310691833496,28.162148189544677,False,False,0,0.5428570338657907,0.06895853928964607,False,23.404283913279727,-0.04176912711038838,-0.1683056250981122,-11.42893473298432
2015-05-06,28.18000030517578,28.31999969482422,27.770000457763672,28.0,27.47878074645996,2361900.0,0.0017890885140225,0.00178749000147,0.5499992370605469,27.51491419486352,PWR,2361900.0,64902132.24506378,1.2313951785154211,-31.02531904330812,0.17890885140225965,2.001541633652731,2.735332693696003,음봉,27.718235778808594,28.440044403076172,28.149881013234456,False,False,0,0.5542854581560389,0.06901445894089736,False,27.514914194863522,-0.0995770301786365,-0.18089081872308252,-9.81559188306553
2015-05-07,27.920000076293945,28.229999542236328,27.8700008392334,28.030000686645508,27.50821685791016,1665700.0,0.0010712306241604,0.0010706572660647,0.3599987030029297,32.000033687724,PWR,1665700.0,45820436.820220955,0.8709130473752875,-29.47626910538126,0.10712306241604796,1.3086951613856055,1.605672878665935,음봉,27.54551124572754,28.407658767700195,28.14055782953898,False,False,0,0.5571425301688046,0.06909313762122113,False,32.000033687724,-0.14139003851567722,-0.17816305864605675,-8.379683473050376
2015-05-08,28.309999465942383,28.780000686645508,28.21999931335449,28.770000457763672,28.23444175720215,1776900.0,0.0264002898858621,0.0260578167489673,0.5600013732910192,42.20960552511497,PWR,1776900.0,50169779.5583725,0.9275698921167327,6.675872005763339,2.6400289885862183,1.9833980714287431,2.91470222215318,음봉,27.651499938964843,28.41501913070679,28.14448340733846,False,True,0,0.5749998092651357,0.06907524037568989,False,42.20960552511497,-0.1147713469995324,-0.12123549206967824,27.045934554657187
2015-05-11,28.709999084472656,29.21999931335449,28.63999938964844,29.18000030517578,28.63681030273437,2220800.0,0.0142509828595986,0.0141503921545772,0.5799999237060476,50.131892971827575,PWR,2220800.0,63596628.32031249,1.1538649954599323,24.98170971917384,1.4250982859598693,2.0253649675874223,1.684316379831384,음봉,27.857591247558595,28.438081741333008,28.149717458089192,False,True,0,0.5807140895298534,0.06901922199205955,False,50.131892971827575,-0.060596688580005775,-0.05364866634157518,46.673675787828145
2015-05-12,29.01000022888184,29.100000381469727,28.559999465942383,28.76000022888184,28.2246322631836,2061100.0,-0.0143932943366746,-0.0144978825903472,0.5400009155273438,46.91360809198018,PWR,2061100.0,58173789.55764772,1.0626704803525615,-7.191102305475505,-1.4393294336674578,1.9132256905671878,1.3031825898285683,음봉,28.01657638549805,28.42336082458496,28.149717458089192,False,True,0,0.5778570175170886,0.06905496815970069,False,46.91360809198023,-0.05026146613821325,-0.03465075482088772,26.567422473227676
2015-05-13,28.809999465942383,29.270000457763672,28.770000457763672,29.229999542236328,28.68587303161621,2270100.0,0.0163417813253234,0.0162096915290997,0.5,50.23144638582376,PWR,2270100.0,65119800.36907196,1.1644040721815676,10.140216389306689,1.6341781325323268,1.7430182426343577,2.0739586517920334,음봉,28.257994842529296,28.388030433654784,28.158713308970132,False,True,0,0.5814283915928422,0.059806885390837235,False,50.23144638582376,-0.00488167966209474,0.00858322526494539,49.06698052642842
2015-05-14,29.46999931335449,29.59000015258789,29.18000030517578,29.3700008392334,28.823272705078125,3007400.0,0.0047898027475223,0.0047783681408123,0.4099998474121094,51.025001582714864,PWR,3007400.0,86683110.33325195,1.519255488136868,32.47874542971676,0.4789802747522387,1.4224611188578702,2.733492827197732,음봉,28.52100601196289,28.380669784545898,28.158549722035726,True,True,1,0.5821426936558305,0.05982239656449872,False,51.02500158271485,0.04166428936125399,0.044103355187123154,55.7694061165437
2015-05-15,29.40999984741211,29.86000061035156,29.38999938964844,29.68000030517578,29.12750625610352,2715800.0,0.0105551355718114,0.0104998190368917,0.4700012207031179,52.22222894058771,PWR,2715800.0,79104481.49032594,1.373903798452289,-9.69608299527831,1.0555135571811425,1.6135992438577935,2.0356020925778284,음봉,28.699618911743165,28.408639430999756,28.159694703420005,True,True,1,0.5785713195800766,0.05976349859136644,False,52.22222894058771,0.10187758905550126,0.0834533235364732,66.39934625197324
2015-05-18,29.56999969482422,30.09000015258789,29.34000015258789,30.01000022888184,29.45136070251465,2053000.0,0.0111185092044487,0.011057152955426,0.75,54.736827892204985,PWR,2053000.0,60463643.52226257,1.0498491449109846,-24.405331762279992,1.111850920444879,2.5465716425657803,1.5191600504007354,음봉,28.862528991699218,28.442497158050536,28.167872937520347,True,True,1,0.6135714394705621,0.0710786439669591,False,54.73682789220499,0.17367822955634438,0.12420317079095702,73.50043607849096
2015-05-19,29.989999771118164,30.100000381469727,29.309999465942383,29.43000030517578,28.882152557373047,2745100.0,-0.0193270576151343,-0.0195162670686206,0.7900009155273438,47.60069593918586,PWR,2745100.0,79284396.98524475,1.415071784037482,33.71164150024355,-1.9327057615134313,2.7352563627591255,1.8289106369116757,음봉,28.99403305053711,28.45525484085083,28.17883160909017,True,True,0,0.6314287185668933,0.07104677643322317,False,47.60069593918586,0.18262097957053314,0.10651673634299859,49.67571133461593
2015-05-20,29.489999771118164,29.700000762939453,29.420000076293945,29.6299991607666,29.078432083129883,1169100.0,0.0067958759433506,0.0067728880681617,0.2800006866455078,57.75856219323504,PWR,1169100.0,33995594.948387146,0.6116484536741692,-57.4113875632946,0.6795875943350627,0.9629153519867832,2.104577255928751,음봉,29.072544860839844,28.485677623748778,28.188481903076173,True,True,1,0.5664287294660285,0.07097089827846849,False,57.75856219323506,0.20317874463133023,0.10165960089312684,57.786435283741746
2015-05-21,29.799999237060547,30.200000762939453,29.729999542236328,30.14999961853028,29.588756561279297,1500200.0,0.0175499310516635,0.0173977094172549,0.470001220703125,71.4285156514361,PWR,1500200.0,44389052.5932312,0.7997282132730416,28.320930630399445,1.754993105166358,1.5884453262837754,2.481451379042159,음봉,29.225641632080077,28.531803035736083,28.205001894632975,True,True,1,0.5064288548060816,0.07567169817795107,False,71.42851565143614,0.2576197227324215,0.12488046296943436,74.8459207861729
2015-05-22,30.030000686645508,30.07999992370605,29.56999969482422,29.6200008392334,29.068618774414062,1129600.0,-0.0175788998022952,-0.0177352436056365,0.5100002288818324,65.17310826975651,PWR,1129600.0,32835911.767578125,0.612837194883034,-24.703372883615515,-1.7578899802295211,1.7544701137665681,1.4912560602280793,음봉,29.213864135742188,28.548486328125,28.217432753245035,True,True,0,0.5185717173985059,0.07562747681182473,False,65.17310826975654,0.255898799053373,0.09852763128969966,53.44107627823739
2015-05-26,29.440000534057617,29.46999931335449,28.809999465942383,28.920000076293945,28.38164520263672,2271200.0,-0.0236328247003607,-0.0239165591156517,0.6599998474121058,58.93179273673754,PWR,2271200.0,64460392.584228516,1.2293570099303552,101.06232294617566,-2.3632824700360766,2.325446050431179,1.2776037366124928,음봉,28.9999210357666,28.52100715637207,28.219722525278726,True,True,0,0.5307145799909306,0.07570034171498746,False,58.931792736737556,0.19690037216493295,0.03162336348439035,25.17056247154676
2015-05-27,29.0,29.59000015258789,28.780000686645508,29.530000686645508,28.98029327392578,1548200.0,0.0210927896186035,0.0208734161682747,0.8099994659423828,62.771205091707415,PWR,1548200.0,44867290.046691895,0.8366200879879846,-31.833392039450516,2.1092789618603502,2.7950009279966723,2.178713717786292,음봉,29.01954917907715,28.519534873962403,28.233952522277832,True,True,0,0.5492860249110618,0.07570424964272911,False,62.77120509170743,0.19613348720599788,0.024685182797497457,47.65203738403443
2015-05-28,29.36000061035156,29.51000022888184,29.01000022888184,29.40999984741211,28.862529754638672,1075400.0,-0.0040635723791333,-0.0040718511245054,0.5,61.34867054092586,PWR,1075400.0,31038764.498138428,0.5838848263647999,-30.53869009171941,-0.4063572379133351,1.732349881491736,1.310225996806626,음봉,28.976368713378907,28.50628604888916,28.245565605163574,True,True,0,0.5592861175537097,0.07573943459664059,False,61.34867054092587,0.1839128837457018,0.009971663462371383,32.45100863026471
2015-05-29,29.3799991607666,29.46999931335449,29.100000381469727,29.31999969482422,28.774206161499023,1670300.0,-0.0030601473221678,-0.0030648391472133,0.3699989318847621,55.064469114097314,PWR,1670300.0,48061556.55155182,0.9057893481915442,55.31895108796727,-0.3060147322167861,1.2858701637435082,1.7928761287626358,음봉,28.81345863342285,28.52640438079834,28.25734224319458,True,True,0,0.5457145145961199,0.07568601913412774,False,55.06446911409732,0.1652034327438443,-0.006990230027444699,13.061373545793195
2015-06-01,29.39999961853028,29.63999938964844,29.14999961853028,29.5,28.95085334777832,1395400.0,0.0061390811370378,0.0061203137489462,0.489999771118164,53.076915314329455,PWR,1395400.0,40398020.76148987,0.7664332469633933,-16.458121295575644,0.6139081137037872,1.6925227219796717,2.1748417784974117,음봉,28.789905548095703,28.588722133636473,28.270427385965984,True,True,1,0.5392859322684137,0.07552103860048741,False,53.076915314329455,0.16274093384921073,-0.007562183134075973,23.83253492247913
2015-06-02,29.46999931335449,30.06999969482422,29.239999771118164,30.040000915527344,29.480802536010746,2236500.0,0.0183051318683526,0.0181396098256715,0.8299999237060547,62.03001571987569,PWR,2236500.0,65933814.87178803,1.2235607045442112,60.276623190483015,1.8305131868352698,2.8153912115934134,1.7931974554940273,양봉,29.009737014770508,28.68244457244873,28.298396873474122,True,True,1,0.5600001471383216,0.0752742668896106,False,62.030015719875664,0.2011962591240355,0.02471451370322164,49.70642843042605
2015-06-03,30.0,30.38999938964844,29.8799991607666,30.06999969482422,29.510238647460938,2147600.0,0.0009984840614238,0.0009979859077848,0.5100002288818395,58.60654448249619,PWR,2147600.0,63376188.51928711,1.1719112977408674,-3.9749608763693267,0.09984840614238877,1.7282145189487306,1.7611374838085072,음봉,29.11572608947754,28.78647117614746,28.325875600179035,True,True,1,0.5607144492013101,0.07329748067792578,False,58.60654448249619,0.2313779859461178,0.04391699240691249,45.35643162031164
2015-06-04,29.850000381469727,29.850000381469727,29.06999969482422,29.18000030517578,28.63681030273437,2787900.0,-0.0295974680232453,-0.0300443121463492,0.7800006866455078,48.312620822977046,PWR,2787900.0,79836563.44299315,1.498817246693667,29.81467684857515,-2.9597468023245366,2.723769436608762,1.15133509446567,음봉,29.07058219909668,28.84437265396118,28.343049875895183,True,True,0,0.5871430805751243,0.07212983025593443,False,48.312620822977046,0.1827625440719558,-0.0037587595728868495,-8.893819830044638
2015-06-05,29.100000381469727,29.520000457763672,29.01000022888184,29.39999961853028,28.85271072387696,1586200.0,0.0075392621894754,0.0075109839945056,0.5100002288818324,47.47285377100342,PWR,1586200.0,45766169.75021364,0.8520569296462531,-43.104128555543596,0.7539262189475648,1.76759900919737,1.6174639348402835,음봉,29.086283111572264,28.911597347259523,28.363658809661864,True,True,0,0.5900001525878896,0.04718259879283352,False,47.472853771003464,0.15980215092318062,-0.021375322173177086,4.516155018996929
2015-06-08,29.3799991607666,29.549999237060547,28.799999237060547,28.82999992370605,28.2933292388916,2730000.0,-0.0193874846054739,-0.0195778868497891,0.75,39.7924055774567,PWR,2730000.0,77240788.82217407,1.4470098579071486,72.10944395410415,-1.9387484605474015,2.6508015146166004,1.8275178437680921,음봉,28.954778289794923,28.914541721343994,28.374944718678794,True,False,0,0.5900001525878896,0.04717779417851653,False,39.79240557745672,0.09539675392996472,-0.06862457532244923,-30.22806458453523
2015-06-09,28.90999984741211,29.13999938964844,28.809999465942383,28.89999961853028,28.36202621459961,1504900.0,0.0024280272967516,0.0024250844011327,0.3299999237060582,44.971603062443776,PWR,1504900.0,42682013.25035095,0.8032362026341696,-44.87545787545788,0.24280272967516225,1.1635273206827086,2.17956184411427,음봉,28.731023025512695,28.900802516937254,28.395063241322834,False,False,0,0.5571429388863692,0.04720022211480992,False,44.97160306244378,0.04932677234767624,-0.0917556455123821,-25.961168246055223
2015-06-10,29.15999984741211,29.520000457763672,29.07999992370605,29.32999992370605,28.78402137756348,1799200.0,0.0148788792370075,0.0147692745722864,0.4400005340576207,47.2727658221139,PWR,1799200.0,51788211.262512214,0.9548831896159562,19.55611668549406,1.4878879237007592,1.5286277351106736,2.8135282958089074,음봉,28.5857795715332,28.92877197265625,28.414200337727866,False,True,0,0.5685714994158059,0.04477989330525836,False,47.2727658221139,0.04631565793424741,-0.07581340793310799,0.24973255633516978
2015-06-11,29.350000381469727,29.61000061035156,29.299999237060547,29.450000762939453,28.90178108215332,1175800.0,0.0040911484550811,0.0040828024626261,0.3100013732910121,43.13716448755625,PWR,1175800.0,33982714.196395874,0.6282266675373732,-34.64873277012005,0.4091148455081184,1.0726030081323814,1.9662958016957797,음봉,28.638773727416993,28.939567375183106,28.438244279225668,False,True,0,0.5571429388863692,0.04476318894450988,False,43.137164487556255,0.05281799210309046,-0.05544885900699978,7.5640058144562765
2015-06-12,29.3799991607666,29.93000030517578,29.14999961853028,29.739999771118164,29.18638801574707,1728600.0,0.0098473838959873,0.0097992143821714,0.7800006866455043,51.2346051762839,PWR,1728600.0,50451590.324020386,0.9300350230540684,47.014798435108005,0.9847383895987383,2.672481042274444,1.6546318624929939,음봉,28.705509185791016,28.957723140716553,28.460325495402017,False,True,0,0.5764286858694884,0.04473512354865481,False,51.2346051762839,0.08000375838835438,-0.022610474175949358,25.241469346750282
2015-06-15,29.56999969482422,29.56999969482422,28.90999984741211,29.440000534057617,28.89197158813477,1964500.0,-0.0100874567779148,-0.0101386799354369,0.6599998474121094,55.829699004350765,PWR,1964500.0,56758278.184890755,1.060532444896889,13.646881869721161,-1.0087456777914894,2.2843710938825486,1.314351330045282,음봉,28.825237655639647,28.945946407318115,28.486822923024494,False,True,0,0.5764286858694886,0.04475332414973951,False,55.82969900435074,0.07691494950215727,-0.020559426448670162,6.954719980855622
2015-06-16,29.440000534057617,30.06999969482422,29.21999931335449,29.920000076293945,29.363037109375,2675900.0,0.0163043743762258,0.0161728853698015,0.8500003814697301,54.50353562602169,PWR,2675900.0,78572551.00097656,1.4256127375327796,36.212776787986755,1.6304374376225894,2.894797218365204,1.8968208668317748,음봉,29.025439834594728,28.941530227661133,28.517573006947835,True,True,1,0.579285894121442,0.04476015304641973,False,54.50353562602169,0.11118156155107783,0.010965748479753568,35.411183539702755
2015-06-17,30.049999237060547,30.31999969482422,29.6299991607666,29.82999992370605,29.27471160888672,2522000.0,-0.0030080505691313,-0.0030125838464119,0.6900005340576172,54.883749310722,PWR,2522000.0,73830822.6776123,1.3358039616929298,-5.751335999103102,-0.30080505691313375,2.356984906550398,2.3395472516234173,음봉,29.123577880859376,28.961158180236815,28.542434819539388,True,True,1,0.5928573608398432,0.044729817582768464,False,54.88374931072198,0.12971803599295484,0.023601778336535234,29.85612114901543
2015-06-18,29.8700008392334,30.170000076293945,29.770000457763672,29.799999237060547,29.245267868041992,2105800.0,-0.0010057738992649,-0.0010062800292298,0.3999996185302734,55.66036698004665,PWR,2105800.0,61584685.07652283,1.107115258474937,-16.50277557494052,-0.10057738992649279,1.3677413396762774,2.0334589057607384,음봉,29.19227523803711,28.96949996948242,28.568277835845947,True,True,1,0.5950002670288084,0.04471693759824464,False,55.660366980046646,0.14041450122214272,0.027438594851863035,28.00431372643099
2015-06-19,29.739999771118164,30.1299991607666,29.700000762939453,29.84000015258789,29.28452682495117,3042300.0,0.0013424037381473,0.0013415035197968,0.4299983978271484,54.146387941745125,PWR,3042300.0,89092315.95954894,1.5980478068050783,44.47240953556844,0.1342403738147313,1.4683467497954543,1.6916648030322685,음봉,29.21190299987793,28.954288482666016,28.600827153523763,True,True,1,0.5907144546508789,0.04202864143243788,False,54.14638794174511,0.15032543947092236,0.029879626479890883,30.47343027621735
2015-06-22,30.049999237060547,30.450000762939453,29.799999237060547,30.40999984741211,29.843914031982425,2310400.0,0.0191018011107027,0.0189216522051858,0.6500015258789062,54.47942652046383,PWR,2310400.0,68951378.9794922,1.2050767893364243,-24.05745652959932,1.9101801110702699,2.178003613005747,2.61391422400302,음봉,29.40229148864746,28.993053245544434,28.636320527394613,True,True,1,0.577857426234654,0.0534812522144115,False,54.47942652046382,0.2009878590387011,0.06443363683706044,63.26750482038593
2015-06-23,30.420000076293945,30.61000061035156,30.100000381469727,30.25,29.686891555786133,1962700.0,-0.0052614571945227,-0.0052753474036773,0.5100002288818324,52.11272489204496,PWR,1962700.0,58266462.05654144,1.01571419066168,-15.049342105263152,-0.5261457194522756,1.7179307167389528,1.9303300622503923,음봉,29.467062377929686,29.058315563201905,28.672958755493163,True,True,1,0.5778574262346535,0.05336113821595399,False,52.11272489204496,0.22586726398537849,0.07145043342603641,48.99953844305683
2015-06-24,30.229999542236328,30.350000381469727,29.56999969482422,29.600000381469727,29.04899406433105,1535200.0,-0.0214875137821815,-0.0217217316573463,0.7800006866455078,55.2239195629083,PWR,1535200.0,44596015.68756103,0.7917813803960478,-21.7812197483059,-2.14875137821815,2.685121160884749,1.829453870000548,음봉,29.421918869018555,29.061750602722167,28.68555316925049,True,True,0,0.5778574262346535,0.05335483103848476,False,55.22391956290828,0.1919116491127113,0.02999585484237502,13.756609853713679
2015-06-25,29.6299991607666,29.770000457763672,29.14999961853028,29.190000534057617,28.646629333496094,1598600.0,-0.0138512448983222,-0.0139480685157387,0.6200008392333949,47.50604756804665,PWR,1598600.0,45794501.652526855,0.8251947419868394,4.129755080771225,-1.3851244898322235,2.164306425078895,2.000086802141491,음봉,29.302191162109374,29.05095558166504,28.6963485399882,True,False,0,0.5857146126883362,0.053374657116939936,False,47.506047568046604,0.13103106739559323,-0.02470778149958336,-8.473468906025758
2015-06-26,29.209999084472656,29.81999969482422,29.059999465942383,29.700000762939453,29.14712905883789,3213000.0,0.0174715049200071,0.0173206329498439,0.7600002288818359,60.48188324859071,PWR,3213000.0,93649725.66604614,1.6345480664643053,100.98836481921683,1.7471504920007153,2.6074617069408808,1.9666179375519839,음봉,29.27471160888672,29.06960172653198,28.717611916859944,True,True,0,0.5864289147513245,0.053340420955117415,False,60.481883248590705,0.12175692648244052,-0.027185537930003056,18.729409919690116
2015-06-29,29.350000381469727,29.489999771118164,28.729999542236328,28.82999992370605,28.2933292388916,2266500.0,-0.0292927587558543,-0.0297303584750035,0.7600002288818359,49.292927230615625,PWR,2266500.0,64126830.719947815,1.1462628121146732,-29.458450046685336,-2.9292758755854353,2.6861463437719113,0.6960250603835096,음봉,28.964594650268555,29.036725521087646,28.72399091720581,False,False,0,0.6171432222638801,0.053400814494896344,False,49.292927230615625,0.04500722386071132,-0.08314819244093116,-23.227130598521647
2015-06-30,29.06999969482422,29.200000762939453,28.700000762939453,28.81999969482422,28.28350830078125,1694400.0,-0.0003471114349049,-0.0003471716920234,0.5,44.37077909791909,PWR,1694400.0,47923576.46484375,0.8564908868583972,-25.241561879549966,-0.034711143490495644,1.7678146384201885,2.7450656279255297,음봉,28.683917999267578,28.976860809326173,28.719083881378175,False,False,0,0.6214288984026215,0.05385006131164355,False,44.37077909791909,-0.01642038027347681,-0.11566063725958947,-21.805889813159748
2015-07-01,29.030000686645508,29.100000381469727,28.65999984741211,28.739999771118164,28.205001831054688,2279200.0,-0.0027756977278661,-0.0027795571201296,0.4400005340576172,42.093582849507264,PWR,2279200.0,64284840.173339844,1.143262068021058,34.51369216241738,-0.2775697727866122,1.5600088831519283,2.639320334400093,음봉,28.515119552612305,28.91159896850586,28.720392354329427,False,False,0,0.6307145527430933,0.05668701349631498,False,42.093582849507264,-0.07062175780259139,-0.1358896118304877,-23.333222478926295
2015-07-02,28.82999992370605,28.90999984741211,28.350000381469727,28.549999237060547,28.018539428710938,1853800.0,-0.0066109693401419,-0.0066329185886385,0.5599994659423828,36.446436674746266,PWR,1853800.0,51940768.392944336,0.9230028767426421,-18.664443664443663,-0.6610969340141937,1.998674725237621,2.2159122569643626,음봉,28.389501571655273,28.88068542480469,28.72170082728068,False,False,0,0.6150001798357277,0.06320399174819212,False,36.446436674746266,-0.12715449653144262,-0.15393788044704015,-14.666412353541403
2015-07-06,28.15999984741211,28.57999992370605,28.01000022888184,28.31999969482422,27.79281616210937,2094500.0,-0.0080562110375483,-0.0080888376551166,0.5699996948242116,37.03697205276317,PWR,2094500.0,58212053.45153808,1.0354694801602404,12.984140684000423,-0.8056211037548389,2.0508885875383376,0.5048814877060139,음봉,28.11863899230957,28.82769069671631,28.715648937225343,False,False,0,0.6085715975080207,0.0711502662995718,False,37.03697205276317,-0.18800118362892349,-0.17182765403523198,-8.35323211182373
2015-07-07,28.299999237060547,28.8799991607666,27.549999237060547,28.790000915527344,28.25407600402832,3302100.0,0.016596369336181,0.0164601546453589,1.329999923706055,36.89100787826949,PWR,3302100.0,93297784.37290192,1.6090599212147136,57.655765099069,1.6596369336181027,4.7072851489336625,1.8248711177481558,음봉,28.110788345336914,28.825728034973146,28.718429629007975,False,False,0,0.6428572790963296,0.07115511071860998,True,36.891007878269484,-0.1967397365436625,-0.14445296555971798,23.009034345972967
2015-07-08,28.5,28.700000762939453,27.43000030517578,27.700000762939453,27.18436050415039,3127700.0,-0.0378605727444569,-0.0385959040413888,1.270000457763672,29.9435243306554,PWR,3127700.0,85024524.34883118,1.5079585919043454,-5.281487538233243,-3.7860572744456977,4.671805531602532,0.8704018348949621,음봉,27.890958786010742,28.766844749450684,28.701909669240315,False,False,0,0.6842858450753335,0.09245204161234333,True,29.943524330655393,-0.28666699199923684,-0.18750417681196507,-7.724521303522726
2015-07-09,28.1200008392334,28.26000022888184,27.8700008392334,27.93000030517578,27.41008377075196,2374300.0,0.0083034238222048,0.0082691400496735,0.389999389648441,33.030940824117565,PWR,2374300.0,65079761.89689638,1.1374670636142763,-24.08798797838667,0.8303423822204836,1.4228318049308244,3.44183316337406,음봉,27.731975173950197,28.69814786911011,28.683426888783774,False,False,0,0.6835715430123456,0.09267335090619923,False,33.03094082411761,-0.3358514330309532,-0.189350894274728,-0.6263060538517815
2015-07-10,28.270000457763672,28.270000457763672,27.940000534057617,28.09000015258789,27.56709671020508,1775400.0,0.0057282911196596,0.0057119468468813,0.3299999237060547,34.45819757980732,PWR,1775400.0,48942623.4992981,0.8469951603608489,-25.224276628901155,0.5728291119659445,1.1970789930297294,3.1372275043146316,음봉,27.641686630249023,28.631413650512695,28.653003819783528,False,False,0,0.6764287948608388,0.0928893543398061,False,34.45819757980732,-0.35803484022774157,-0.16922744117705785,4.31120729158931
2015-07-13,28.40999984741211,28.6200008392334,28.350000381469727,28.600000381469727,28.067607879638672,1663700.0,0.0181561074310849,0.0179932535536661,0.2700004577636719,33.752267155537155,PWR,1663700.0,46696079.22935486,0.7893896099788066,-6.291539934662616,1.8156107431084978,0.9619646210019225,3.057642036330191,음봉,27.696644973754882,28.575474643707274,28.63795585632324,False,False,0,0.6492858614240363,0.09307119342697275,False,33.752267155537155,-0.3314118348137072,-0.11408354861033504,20.050550731870015
2015-07-14,28.61000061035156,28.979999542236328,28.489999771118164,28.89999961853028,28.36202621459961,1495700.0,0.0104896126603835,0.0104349784028501,0.489999771118164,38.17868923379175,PWR,1495700.0,42421082.609176636,0.7059866713118532,-10.09797439442207,1.0489612660383507,1.7276613716192541,1.9324508630689532,음봉,27.71823501586914,28.548977375030518,28.63452107111613,False,False,0,0.6478572572980601,0.0931575759402903,False,38.17868923379175,-0.2832923149186328,-0.052771222972177595,31.918694694239612
2015-07-15,28.780000686645508,28.8700008392334,28.239999771118164,28.290000915527344,27.76337623596192,2188400.0,-0.0211074474760033,-0.0213333947486003,0.6300010681152344,38.4479725672041,PWR,2188400.0,60757372.55477907,1.0355461717167393,46.31276325466336,-2.110744747600324,2.2691803142414413,1.4737116060866706,음봉,27.834038162231444,28.468994331359863,28.617673905690513,False,False,0,0.637142998831612,0.09341930019995186,False,38.44797256720413,-0.29011498002762437,-0.047675110464912934,13.948787277103808
2015-07-16,28.520000457763672,28.6299991607666,28.32999992370605,28.51000022888184,27.97928237915039,1527800.0,0.007776653003348,0.007746570696502,0.2999992370605504,43.79559558608128,PWR,1527800.0,42746747.61886597,0.7255741375216255,-30.186437579967095,0.7776653003347844,1.072219197745057,2.72526012460147,음봉,27.947877883911133,28.404222869873045,28.60687863032023,False,False,0,0.6142857415335519,0.09363232854551679,False,43.79559558608127,-0.2749322273465147,-0.02599388622703283,22.98251942463497
2015-07-17,28.51000022888184,28.6200008392334,28.06999969482422,28.190000534057617,27.665239334106445,1497300.0,-0.0112241279382477,-0.0112875938084723,0.5500011444091797,35.72787669061222,PWR,1497300.0,41423162.85495758,0.7084978522720701,-1.996334598769467,-1.1224127938247785,1.9880585082490996,1.8968243807672827,음봉,27.967506408691406,28.325221443176268,28.593466345469157,False,False,0,0.5992858069283622,0.09389347699072406,False,35.727876690612206,-0.28495381761661065,-0.028812381197694414,11.419373296927038
2015-07-20,28.200000762939453,28.239999771118164,27.75,28.14999961853028,27.6259822845459,2650900.0,-0.0014190027090114,-0.00142001044679,0.489999771118164,42.37668063729784,PWR,2650900.0,73233716.43810272,1.2373827219401383,77.04534829359513,-0.14190027090114077,1.7736917589796335,1.9329723570247217,음봉,27.87918128967285,28.242294216156004,28.576128578186037,False,False,0,0.5800000599452427,0.09416917434103626,False,42.37668063729783,-0.29268951991128844,-0.02923846679389075,11.072425349411093
2015-07-21,28.13999938964844,28.299999237060547,27.940000534057617,28.11000061035156,27.58673095703125,3226000.0,-0.0014208120135009,-0.0014218223239773,0.3599987030029297,42.09364898253171,PWR,3226000.0,88994794.06738281,1.4801948073229723,21.694518842657207,-0.14208120135009716,1.304970507609833,1.8606292431820104,음봉,27.72412223815918,28.129435062408447,28.556991545359292,False,False,0,0.5699999673025948,0.08896485286972823,False,42.093648982531704,-0.29854569086218063,-0.028075710195820947,9.385068544624533
2015-07-22,27.940000534057617,28.15999984741211,27.709999084472656,27.770000457763672,27.2530574798584,2525000.0,-0.0120954337682336,-0.0121691787824897,0.4500007629394531,39.78952752119966,PWR,2525000.0,68813970.13664246,1.147743006578012,-21.729696218226902,-1.2095433768233632,1.651193680826564,1.2805778893360562,음봉,27.622058486938478,28.00774335861206,28.529022026062012,False,False,0,0.5707142693655831,0.07007949657193539,False,39.789527521199645,-0.32634790187648477,-0.044702336968093226,-11.415671768519134
2015-07-23,27.850000381469727,28.01000022888184,27.39999961853028,27.459999084472656,26.94882583618164,1930500.0,-0.0111632114635799,-0.0112259877357556,0.6100006103515625,38.809068669510765,PWR,1930500.0,52024708.27674866,0.8736655788483877,-23.544554455445542,-1.1163211463579903,2.2635517185782867,2.190370390744245,음봉,27.415967178344726,27.90273494720459,28.49467347462972,False,False,0,0.5742857796805243,0.07878450721105693,False,38.80906866951075,-0.36867905788670896,-0.06962679438264535,-28.55530405915253
2015-07-24,27.479999542236328,27.520000457763672,26.84000015258789,27.0,26.49738883972168,1640700.0,-0.0167516387988176,-0.016893534387923,0.6800003051757812,37.058902659912405,PWR,1640700.0,43474265.86933136,0.7441277003795361,-15.011655011655012,-1.6751638798817692,2.566291755346123,1.9710458232340897,음봉,27.182397079467773,27.79527292251587,28.45083818435669,False,False,0,0.5821429661342078,0.09533060626901632,False,37.05890265991238,-0.43365327404904264,-0.10768080843597261,-16.009878999194278
2015-07-27,26.799999237060547,26.96999931335449,26.5,26.6299991607666,26.1342830657959,2208800.0,-0.0137034549374712,-0.0137982139559035,0.4699993133544886,28.400037626601048,PWR,2208800.0,57725404.43572998,0.9961829110099966,34.62546474065948,-1.370345493747127,1.79840140313478,1.1420385577209415,음봉,26.884057235717773,27.64463062286377,28.413545576731362,False,False,0,0.520714351109096,0.08058502134447887,False,28.40003762660102,-0.5085814051424791,-0.14608715162351577,-14.746653294714642
2015-07-28,26.809999465942383,27.36000061035156,26.799999237060547,27.209999084472656,26.703481674194336,2072500.0,0.02177976747881,0.021545976856131,0.5600013732910121,44.5434291692656,PWR,2072500.0,55342965.76976776,0.9315032039986131,-6.170771459616075,2.1779767478810053,2.097109957883077,2.58555552660578,음봉,26.70740737915039,27.565138244628905,28.39686196645101,False,False,0,0.4700001307896203,0.0808174125242339,False,44.54342916926559,-0.5160856581306064,-0.12287312368930664,8.204907731992856
2015-07-29,27.21999931335449,27.93000030517578,27.209999084472656,27.790000915527344,27.272686004638672,1525100.0,0.0213157346816839,0.0210917320059863,0.720001220703125,48.55367752526182,PWR,1525100.0,41593573.42567444,0.687420897226672,-26.412545235223163,2.1315734681683907,2.6400084706752525,1.9342707646220685,양봉,26.711333084106446,27.514597129821777,28.391300837198894,False,False,0,0.49357169015066915,0.08096586471146855,False,48.55367752526177,-0.4706788508389401,-0.06197305311810919,31.156699486400143
2015-07-30,27.729999542236328,27.8799991607666,27.46999931335449,27.780000686645508,27.26287269592285,1223400.0,-0.0003598218640492,-0.0003598866154692,0.4099998474121129,46.69515788758299,PWR,1223400.0,33353398.456192017,0.5662191230142638,-19.782309356763495,-0.0359821864049259,1.5038761761647672,1.6768188418253858,음봉,26.774142456054687,27.467490673065186,28.388520272572837,False,False,0,0.4992859704153876,0.08110472031536,False,46.69515788758298,-0.43052264050325917,-0.017453474225941845,30.761001481271833
2015-07-31,27.790000915527344,27.790000915527344,27.43000030517578,27.6200008392334,27.105852127075195,1774100.0,-0.0057595019644111,-0.0057761518566866,0.3600006103515625,38.70969475422212,PWR,1774100.0,48088492.258644104,0.842908996570846,45.01389570050678,-0.5759501964411107,1.3281287327321063,1.9335021128691399,음봉,26.89583511352539,27.421856307983397,28.38230479558309,False,False,0,0.5057145527430941,0.08123969157241707,False,38.70969475422209,-0.4066804084739495,0.005111006242694116,24.429525762285863
2015-08-03,27.540000915527344,27.86000061035156,27.239999771118164,27.420000076293945,26.909576416015625,1658500.0,-0.0072410824843066,-0.0072674263712877,0.6200008392333949,32.54715121667692,PWR,1658500.0,44629532.485961914,0.8021001820137275,-6.515979933487404,-0.724108248430666,2.304015602655092,1.6016791739909577,음봉,27.050893783569336,27.37769432067871,28.372327454884847,False,False,0,0.5150003433227534,0.08137073643637949,False,32.547151216676895,-0.39902288558995025,0.01021482330135437,17.28169919754572
2015-08-04,27.459999084472656,27.6299991607666,27.190000534057617,27.32999992370605,26.821245193481445,2286200.0,-0.0032825199909727,-0.0032879192784687,0.4399986267089844,37.09674385750791,PWR,2286200.0,61318730.76133728,1.1154198818525667,37.84745251733494,-0.3282519990972732,1.6404854567151874,2.045452741238391,음봉,27.07444648742676,27.30605278015137,28.348774178822836,False,False,0,0.5014287403651642,0.08158422481417915,False,37.09674385750786,-0.3955222777166867,0.010972344939694123,15.081939908644232
2015-08-05,25.270000457763672,25.75,23.01000022888184,23.11000061035156,22.6798038482666,13491900.0,-0.1544089886707186,-0.1677194744148668,2.7399997711181605,15.025873864438836,PWR,13491900.0,305993645.54042816,6.060238790561313,490.14521914093257,-15.440898867071862,12.081232225152496,-5.783641753123316,음봉,26.155870056152345,27.08082494735718,28.24949073791504,False,False,0,0.6757144927978506,0.20982456691695195,True,15.025873864438836,-0.7186348970812801,-0.2497122195399154,-5.8858528465390965
2015-08-06,23.14999961853028,23.770000457763672,22.68000030517578,23.34000015258789,22.9055233001709,6586600.0,0.0099524428612529,0.0099032434685874,1.0900001525878906,18.217541789697407,PWR,6586600.0,150869519.76890564,2.858261289440458,-51.18107901778104,0.9952442861252964,4.75867823801152,2.0731915205678275,음봉,25.284400177001952,26.855596923828124,28.160838921864826,False,False,0,0.7142858505249013,0.21158428846135055,True,18.217541789697407,-0.9455904553178236,-0.3813342222211621,4.012865442297942
2015-08-07,23.190000534057617,23.780000686645508,23.14999961853028,23.63999938964844,23.199935913085938,4275800.0,0.0128533458527377,0.0127714426762185,0.6300010681152308,21.419476636130995,PWR,4275800.0,99198285.97717285,1.8240899370651815,-35.083351046063214,1.2853345852737785,2.7155293466128705,1.241959112475707,양봉,24.5032169342041,26.637238883972167,28.06940663655599,False,False,0,0.7242859431675487,0.21331874490009717,False,21.419476636130995,-1.0891432129745304,-0.41990958390229083,9.251525030731397
2015-08-10,23.84000015258789,24.729999542236328,23.799999237060547,24.479999542236328,24.024301528930664,4260000.0,0.0355330988384214,0.0349163654550906,0.9300003051757812,29.113900836209297,PWR,4260000.0,102343524.51324463,1.7925963725939411,-0.3695214930539259,3.5533098838421484,3.8710815548824664,2.7589052051687974,양봉,23.92616195678711,26.435073566436767,27.9894237836202,False,False,0,0.7650003433227524,0.21495012495624105,False,29.113900836209297,-1.1234413808925012,-0.36336620145620635,24.531046278268267
2015-08-11,24.15999984741211,24.51000022888184,24.06999969482422,24.450000762939453,23.99486351013184,3675900.0,-0.0012253433783859,-0.0012260947254182,0.4400005340576207,30.19092979125375,PWR,3675900.0,88202718.77689363,1.5303031904981543,-13.711267605633804,-0.1225343378385979,1.8337280137969127,0.5648377261583818,음봉,23.360885620117188,26.21671543121338,27.903879737854005,False,False,0,0.7642860412597644,0.2021412081459403,False,30.19092979125375,-1.1398586530745618,-0.3038267789106116,24.66910363559268
2015-08-12,24.200000762939453,25.049999237060547,24.18000030517578,24.940000534057617,24.47573471069336,3923300.0,0.02004058911852,0.0198424197579002,0.8699989318847656,35.28033181725711,PWR,3923300.0,96025649.99046326,1.6156475391512042,6.730324546369593,2.0040589118520025,3.5545365324811526,0.8549215240211488,양봉,23.72007179260254,26.05233335494995,27.820952637990317,False,False,0,0.7828573499407077,0.2034166559548067,False,35.28033181725711,-1.101371899325109,-0.21227202012892588,34.20446486700149
2015-08-13,24.84000015258789,24.88999938964844,24.13999938964844,24.190000534057617,23.73970031738281,4153200.0,-0.0300720040485231,-0.0305334412178228,0.75,34.124267084917875,PWR,4153200.0,98595723.35815428,1.697607727522812,5.859862870542654,-3.007200404852317,3.1592648178917027,1.488271736069214,음봉,23.886907196044923,25.840354251861573,27.735245100657146,False,False,0,0.7878573281424376,0.19293216483209344,False,34.124267084917875,-1.117381201730634,-0.1826250580275599,20.184762137276717
2015-08-14,24.18000030517578,24.709999084472656,24.170000076293945,24.530000686645508,24.0733699798584,2558100.0,0.0140553443394257,0.0139574838959418,0.5399990081787109,38.09518458043291,PWR,2558100.0,61582087.74547577,1.0466864408375813,-38.40652990465183,1.405534433942579,2.2431384082515864,1.854699014336645,음봉,24.061594009399414,25.66076078414917,27.651827398935954,False,False,0,0.7928573063441677,0.19275260300678948,False,38.09518458043291,-1.0905732666575005,-0.12465369836354101,26.540374755859375
2015-08-17,24.36000061035156,24.520000457763672,24.1200008392334,24.459999084472656,24.00467109680176,2927900.0,-0.0028537293745792,-0.0028578090235756,0.3999996185302734,33.45363264794456,PWR,2927900.0,70283276.50432588,1.1912270708855464,14.456041593370085,-0.28537293745792836,1.6663407589182382,1.1906543651054147,음봉,24.057667922973632,25.47969522476196,27.55875930786133,False,False,0,0.7814286095755436,0.19258186039823363,False,33.45363264794456,-1.0626218628266066,-0.07736183562611754,25.231824602399623
2015-08-18,24.3799991607666,24.600000381469727,24.34000015258789,24.489999771118164,24.034114837646484,2330600.0,0.001226583806376,0.0012258321670286,0.2600002288818359,28.73707589836937,PWR,2330600.0,56013908.0406189,0.9507583581932018,-20.40028689504423,0.12265838063760803,1.0817965655825925,1.5635626185057236,음봉,24.065518188476563,25.302064418792725,27.4748509089152,False,False,0,0.7485713958740229,0.18152203236668613,False,28.73707589836937,-1.0262641842358349,-0.03280332562827659,26.04066981697152
2015-08-19,24.350000381469727,24.530000686645508,24.13999938964844,24.18000030517578,23.729887008666992,3267500.0,-0.0126581665700854,-0.0127389637138002,0.3900012969970667,27.66745951138772,PWR,3267500.0,77537405.8008194,1.3150934608993634,40.199948511113014,-1.265816657008545,1.6435025453539853,1.3143215215417308,음봉,23.91634864807129,25.125905895233153,27.39732160568237,False,False,0,0.7471429279872339,0.18279468909590338,False,27.66745951138772,-1.0103520758518236,-0.013512973795412386,20.26808188490221
2015-08-20,24.01000022888184,24.18000030517578,23.64999961853028,23.65999984741211,23.21956825256348,2873300.0,-0.0215053175734518,-0.0217399265741112,0.5300006866455043,26.48452723504853,PWR,2873300.0,66716785.460090645,1.14638089773647,-12.064269319051258,-2.1505317573451865,2.28256047175635,1.180423742062236,음봉,23.812322235107423,24.939443016052245,27.301309521993,False,False,0,0.7592857905796581,0.18416137655583836,False,26.48452723504853,-1.0270800480264874,-0.02419275677606092,10.416369027016675
2015-08-21,23.440000534057617,23.71999931335449,23.059999465942383,23.059999465942383,22.630735397338867,3864300.0,-0.0253593369532012,-0.0256864266370303,0.6599998474121058,25.283403865244185,PWR,3864300.0,87451950.79593658,1.515520251994385,34.48995928027008,-2.535933695320125,2.9163870984489297,0.9493384161861018,음봉,23.523795318603515,24.746110343933104,27.19744628270467,False,False,0,0.7621428625924231,0.18758304003270768,False,25.283403865244182,-1.0754532997562123,-0.05805280680462843,-0.9952508934678111
2015-08-24,21.38999938964844,22.940000534057617,21.350000381469727,21.96999931335449,21.56102180480957,5594200.0,-0.0472681763870158,-0.0484218172238651,1.5900001525878906,22.7087226495657,PWR,5594200.0,120616668.1804657,2.14949607072392,44.766193100949714,-4.726817638701586,7.374419296924104,-5.482526245418978,양봉,23.03506546020508,24.51744728088379,27.077226543426512,False,False,0,0.8442858287266307,0.2329632499824921,True,22.7087226495657,-1.1864291173357628,-0.135222899507343,4.795941855338865
2015-08-25,22.709999084472656,22.96999931335449,21.809999465942383,21.82999992370605,21.423629760742188,4348200.0,-0.0063722417847903,-0.0063926311810667,1.1599998474121058,38.85014053356365,PWR,4348200.0,93154226.92565918,1.6426849122849099,-22.27306853526867,-0.6372241784790345,5.4145812841563945,5.328955603610521,음봉,22.512968444824217,24.25345468521118,26.95177281697591,False,False,0,0.7314286913190554,0.24116383912362854,True,38.85014053356365,-1.2708153436235001,-0.1756873006360642,1.9899838390815856
2015-08-26,22.36000061035156,22.489999771118164,21.89999961853028,22.40999984741211,21.992834091186523,4251400.0,0.026568995861167,0.026222169890396,0.5900001525878871,42.36450812389578,PWR,4251400.0,93500334.85527039,1.5760982714233174,-2.226208546065034,2.656899586116701,2.6826926904537602,4.370738572626137,음봉,22.165557861328125,23.989462089538574,26.826973342895506,False,False,0,0.6957144056047692,0.24340866474563705,False,42.36450812389578,-1.2770414205172642,-0.14553070202386253,17.373889420140063
2015-08-27,22.809999465942383,23.82999992370605,22.68000030517578,23.64999961853028,23.20974922180176,3729900.0,0.0553323471440594,0.0538557383089659,1.14999961853027,50.07111994070439,PWR,3729900.0,86570043.62239839,1.3662073372167323,-12.26654749023851,5.5332347144059435,4.954812770876617,3.715598323379945,양봉,22.163594055175786,23.78680591583252,26.72196518580119,False,False,0,0.7328571592058436,0.23888126831483983,True,50.071119940704385,-1.1702911017931505,-0.03102430663979905,50.26349771762477
2015-08-28,23.489999771118164,23.89999961853028,23.489999771118164,23.770000457763672,23.3275203704834,4427800.0,0.0050742103051681,0.0050613798845891,0.4099998474121129,44.37402014987664,PWR,4427800.0,103289594.69642639,1.5937393410825031,18.71095739832167,0.5074210305168192,1.757580063806929,1.2074690968791388,음봉,22.302951049804687,23.59788932800293,26.633477020263673,False,False,0,0.6957142693655819,0.23247615831316848,False,44.374020149876635,-1.063923371375111,0.060274739022592394,53.446502720550136
2015-08-31,23.51000022888184,24.459999084472656,23.31999969482422,24.239999771118164,23.78877258300781,3629800.0,0.0197728779226804,0.0195799337985688,1.1399993896484375,48.44444316475499,PWR,3629800.0,86348486.72180174,1.296189608145886,-18.022494240932296,1.9772877922680454,4.792174063081896,0.7822514159256081,양봉,22.748501205444335,23.441849136352538,26.549078051249186,False,False,0,0.7457141876220688,0.23025553152156777,False,48.44444316475499,-0.9316675368205587,0.15402445886171567,65.912782590541
2015-09-01,23.559999465942383,23.920000076293945,23.14999961853028,23.26000022888184,22.82701301574707,4789500.0,-0.0404291379012853,-0.041269113110048,0.7700004577636683,38.39783699565309,PWR,4789500.0,109329978.8389206,1.6850808674183129,31.949418700754872,-4.042913790128533,3.373198487390728,-0.9616852499100249,음봉,23.029177856445312,23.24213752746582,26.457972780863443,False,False,0,0.7385714394705616,0.13131773901365235,False,38.397836995653094,-0.8941520880017926,0.1532319261443853,41.723532432209595
2015-09-02,23.5,23.700000762939453,23.040000915527344,23.700000762939453,23.258819580078125,3954100.0,0.0189164725158379,0.0187397808277071,0.6599998474121094,46.46463541657904,PWR,3954100.0,91967698.50158691,1.3821619933096934,-17.44232174548491,1.8916472515837945,2.837632602719955,2.9482043217335265,음봉,23.282374954223634,23.271088314056396,26.37291933695475,True,False,0,0.7321428571428551,0.13115437098434343,False,46.46463541657904,-0.8201239553832345,0.1818080470103547,56.8101171260105
2015-09-03,23.81999969482422,24.14999961853028,23.600000381469727,23.8799991607666,23.43546485900879,3090800.0,0.0075947654317747,0.0075660703972486,0.5499992370605504,45.19937646410361,PWR,3090800.0,72434334.78622437,1.071449441633583,-21.833034065906276,0.759476543177473,2.346867196231995,2.412762663272737,음봉,23.32751808166504,23.29758539199829,26.283776728312173,True,False,0,0.7328571592058439,0.13100520498572515,False,45.19937646410361,-0.7386872729281002,0.21059578357239117,64.1681377704327
2015-09-04,23.46999931335449,23.8700008392334,23.36000061035156,23.690000534057617,23.249004364013672,2450100.0,-0.0079563386566851,-0.0079881592149054,0.5100002288818395,44.4121902309694,PWR,2450100.0,56962385.5922699,0.8506560282515393,-20.72926103274233,-0.7956338656685102,2.1936433100389072,0.1473598008550884,음봉,23.311814880371095,23.300038814544678,26.18956378300985,True,False,0,0.7407143456595272,0.13099141053988048,False,44.4121902309694,-0.6813397822839065,0.21435461937326794,58.43089177058294
2015-09-08,24.07999992370605,24.459999084472656,23.8700008392334,24.420000076293945,23.96541976928711,2524900.0,0.0308148854056886,0.0303496403259646,0.5899982452392578,49.53887975024531,PWR,2524900.0,60510288.37547302,0.8717258636223144,3.052936614832058,3.0814885405688663,2.461873194457333,3.5743275139069977,음봉,23.347144317626952,23.2970947265625,26.102547645568848,True,False,0,0.7642856325422002,0.13100796411628413,False,49.53887975024531,-0.5714951635858974,0.2593593904570216,82.24588480575036
2015-09-09,25.09000015258789,25.270000457763672,24.299999237060547,24.36000061035156,23.90653610229492,3431700.0,-0.0024570263137078,-0.0024600497563283,0.970001220703125,51.226155729390186,PWR,3431700.0,82040059.94224547,1.1742943412049769,35.914293635391495,-0.24570263137078108,4.057472887550653,4.692512771013456,음봉,23.56304893493652,23.292678356170654,26.019457054138183,True,False,0,0.8057141985212043,0.13103280366822279,False,51.226155729390186,-0.4836190527452686,0.2777884010381204,65.21774671091836
2015-09-10,24.34000015258789,24.81999969482422,24.100000381469727,24.540000915527344,24.08318901062012,2973300.0,0.0073893142682532,0.0073621470349717,0.7199993133544922,56.2857192040212,PWR,2973300.0,71606545.88527681,1.007596866366586,-13.357810997464814,0.7389314268253289,2.9896344418382026,1.8131612561443466,음봉,23.72792282104492,23.273051071166993,25.931459585825603,True,False,0,0.8192855290004181,0.1142763465669039,False,56.2857192040212,-0.3951670042177824,0.2929923596524854,69.72419836620031
2015-09-11,24.290000915527344,24.459999084472656,23.959999084472656,24.39999961853028,23.945785522460938,3301600.0,-0.0057053693386948,-0.0057217071300651,0.5,60.244574705982856,PWR,3301600.0,79059405.48095703,1.1094642268504245,11.04160360542159,-0.570536933869481,2.0880501060656553,0.858739699364664,음봉,23.82998695373535,23.2833553314209,25.84264415105184,True,False,0,0.8078569684709819,0.1142257725324003,False,60.244574705982856,-0.3323245619635493,0.28466784152537483,66.21900740995198
2015-09-14,24.239999771118164,24.299999237060547,24.020000457763672,24.21999931335449,23.769142150878903,2344000.0,-0.0073768042153532,-0.0074041473887168,0.279998779296875,69.98224592041069,PWR,2344000.0,55714869.20166015,0.7860826868790859,-29.004119214926092,-0.737680421535325,1.177992783751018,1.2286681862294981,음봉,23.934014511108398,23.268143939971925,25.75137538909912,True,False,0,0.7142854418073379,0.11430044685726412,False,69.98224592041069,-0.2933930183655775,0.2588795080986773,56.62260472085179
2015-09-15,24.290000915527344,24.739999771118164,24.239999771118164,24.61000061035156,24.15188407897949,2172200.0,0.016102471249112,0.0159742015991651,0.5,73.63944268473298,PWR,2172200.0,52462722.596359245,0.7304264004474942,-7.329351535836182,1.6102471249112016,2.070231864168201,2.1913233609450287,음봉,23.971307373046876,23.27550458908081,25.665831343332925,True,False,0,0.6671425955636161,0.11721568947283753,False,73.63944268473298,-0.22901556004773838,0.2586055731332132,66.82148070210769
2015-09-16,24.61000061035156,25.0,24.56999969482422,24.93000030517578,24.465925216674805,2197000.0,0.0130027593983295,0.0129189492493412,0.4300003051757812,72.4199022427994,PWR,2197000.0,53751637.701034546,0.7400494253844583,1.141699659331552,1.300275939832951,1.7575476969197696,1.8968148814973427,음봉,24.08318519592285,23.297095108032227,25.576198196411134,True,False,0,0.6557140350341802,0.13058690114904983,False,72.4199022427994,-0.15091587357112246,0.26936420768786334,68.95462572519747
2015-09-17,24.88999938964844,25.190000534057617,24.64999961853028,24.739999771118164,24.27945709228516,3186300.0,-0.0076215439529978,-0.0076507363410826,0.5400009155273402,61.9255397734884,PWR,3186300.0,77361634.13314821,1.0671256536737301,45.029585798816576,-0.7621543952997856,2.2241062206408353,1.73332571410219,음봉,24.122438812255858,23.324573612213136,25.486074288686115,True,False,0,0.6121426991053992,0.1304330577061276,False,61.9255397734884,-0.10288173388103417,0.2539186779023613,55.58100588284617
2015-09-18,24.3700008392334,24.76000022888184,24.299999237060547,24.57999992370605,24.12244033813477,5712000.0,-0.0064670619921021,-0.006488064034146,0.4600009918212926,58.78521690116145,PWR,5712000.0,137787379.2114258,1.8862394092450137,79.26748893701159,-0.6467061992102119,1.906942188987756,0.3729232766782461,음봉,24.157769775390626,23.3697172164917,25.403965059916178,True,False,0,0.6157142094203404,0.13018109837399786,False,58.78521690116145,-0.07660123054069246,0.2241593449941624,48.539894385893646
2015-09-21,24.76000022888184,25.200000762939453,24.63999938964844,24.90999984741211,24.4462947845459,2531000.0,0.0134254429432312,0.0133361202604269,0.5600013732910121,57.49433790315676,PWR,2531000.0,61873572.09968567,0.8348315865637838,-55.68977591036415,1.3425442943231225,2.2907413095788467,2.6430157223320494,음봉,24.293200302124024,23.46049518585205,25.33395948410034,True,False,0,0.5742857796805243,0.1296773760243256,False,57.494337903156755,-0.029303659837527363,0.217165532557862,63.062518282325286
2015-09-22,24.530000686645508,24.82999992370605,24.34000015258789,24.459999084472656,24.00467109680176,2549700.0,-0.018065056141895,-0.0182302214392087,0.4899997711181605,65.22837431347614,PWR,2549700.0,61204709.89551545,0.838422921781831,0.738838403792963,-1.806505614189502,2.041268422892264,0.3424073170897266,음봉,24.26375770568848,23.58267765045166,25.24825185139974,True,False,0,0.5542857306344169,0.1290055141755436,False,65.22837431347614,-0.027142381206399335,0.17546144895119203,43.25876140346692
2015-09-23,24.5,24.63999938964844,23.530000686645508,23.729999542236328,23.28826332092285,3208100.0,-0.0298445153857725,-0.0302989269135962,1.1099987030029332,50.35463632374665,PWR,3208100.0,74711077.5598526,1.0457942430951863,25.822645801466848,-2.9844515385772596,4.766343834688945,2.0634688190509443,음봉,24.028225326538088,23.675909328460694,25.16483408610026,True,False,0,0.5864285060337614,0.10445601438908159,True,50.35463632374665,-0.0822889846898498,0.09625187637419327,-3.755879327734256
2015-09-24,23.5,24.209999084472656,23.36000061035156,24.100000381469727,23.651376724243164,3258600.0,0.015592120301821,0.015471812155252,0.8499984741210973,52.48876756757707,PWR,3258600.0,77070376.19361877,1.0532100075877244,1.5741404569683093,1.5592120301821,3.5938646787095094,0.9091990938066989,양봉,23.90260925292969,23.758836460113525,25.08763189315796,True,False,0,0.6078570229666573,0.06898116427877897,False,52.48876756757707,-0.0955909859857087,0.06635990006266751,15.255295139755898
2015-09-25,24.31999969482422,24.57999992370605,24.049999237060547,24.3799991607666,23.926158905029297,2507300.0,0.0116180205486504,0.0115510495623327,0.5300006866455043,57.64965154422016,PWR,2507300.0,59990058.222579956,0.8133274360706517,-23.055913582520105,1.1618020548650465,2.2151515784428635,2.826993871759279,음봉,23.863352966308593,23.7946569442749,25.01631784439087,True,False,0,0.6092856270926335,0.06887732001204849,False,57.64965154422016,-0.08300351563087105,0.06315789633400412,29.641797900917854
2015-09-28,24.13999938964844,24.190000534057617,23.57999992370605,23.600000381469727,23.16068458557129,3046700.0,-0.0319931971737053,-0.0325161640171399,0.610000610351566,41.008760807162105,PWR,3046700.0,70563657.72686005,0.9843457203430248,21.51318150999082,-3.19931971737053,2.6337762517243815,0.8937518365064221,음봉,23.60623092651367,23.786315155029296,24.935353597005207,False,False,0,0.6107143674577983,0.06890147508119636,False,41.008760807162105,-0.1332590132560867,0.010321918967030802,-10.43539480122609
2015-09-29,23.64999961853028,23.940000534057617,23.209999084472656,23.850000381469727,23.4060287475586,3702900.0,0.0105931308325899,0.0105374167346109,0.7300014495849609,44.6315554311696,PWR,3702900.0,86670183.84933475,1.1841575081813434,21.538057570486103,1.059313083259017,3.1188607749663846,2.112696760543194,음봉,23.48650245666504,23.767177963256835,24.862240473429363,False,False,0,0.5935715266636438,0.06895695414329085,False,44.631555431169645,-0.15154277003456684,-0.006369470249159487,9.85072852988628
2015-09-30,24.1200008392334,24.559999465942383,23.8799991607666,24.209999084472656,23.75932502746582,3954900.0,0.0150942427576088,0.0149814581909519,0.6800003051757812,46.65306061303718,PWR,3954900.0,93965754.55112457,1.2540779388641365,6.805476788463105,1.5094242757608844,2.862035450879601,3.0503768895407743,음봉,23.580714797973634,23.813793563842772,24.78732795715332,False,False,0,0.5907144546508787,0.05481027739676485,False,46.65306061303718,-0.13595752496560465,0.007372619855842172,27.604295460514084
2015-10-01,24.290000915527344,24.799999237060547,24.200000762939453,24.690000534057617,24.230388641357425,3772000.0,0.019826472904725,0.0196324882201371,0.5999984741210938,52.75145212148036,PWR,3772000.0,91397025.95520021,1.1846438381431428,-4.624642848112471,1.9826472904725057,2.4762230726130063,2.2335478278446934,음봉,23.696517181396484,23.86237201690674,24.738095092773438,False,False,0,0.5978572028023853,0.05469869592925376,False,52.75145212148036,-0.0846198107981877,0.04696826721860731,51.27581388126926
2015-10-02,23.84000015258789,24.780000686645508,23.450000762939453,24.75,24.28927421569824,4043700.0,0.0024302364775241,0.0024272882285178,1.329999923706055,55.145631141239896,PWR,4043700.0,98218538.14601897,1.2577530459717339,7.203075291622474,0.24302364775241614,5.475667621416499,-1.6111524026618524,양봉,23.769140243530273,23.90506248474121,24.68608160018921,False,False,0,0.6728572845458982,0.05460101315094495,True,55.145631141239896,-0.038736207613744966,0.07428149632244002,54.23488547291645
2015-10-05,25.0,25.65999984741211,24.790000915527344,25.559999465942383,25.084197998046875,3537700.0,0.0327273583924081,0.0322032234450265,0.8699989318847656,58.5278408660696,PWR,3537700.0,88740367.25769043,1.0990882810982052,-12.513292281821109,3.2727358392408146,3.4683147212938845,2.9260890135713353,양봉,24.15384292602539,23.996822166442872,24.64469995498657,True,True,0,0.6992857796805243,0.08015700575409626,False,58.527840866069596,0.06106657941220561,0.13926742667871247,76.49789101802561
2015-10-06,25.61000061035156,26.049999237060547,25.479999542236328,25.6299991607666,25.15289306640625,2560300.0,0.0027385794181948,0.0027348363418306,0.5699996948242188,56.57895554018752,PWR,2560300.0,64398952.11791992,0.7976627777250285,-27.628119964948983,0.27385794181948864,2.266139697407214,2.0961507812433324,음봉,24.503215789794922,24.05619583129883,24.59612137476603,True,True,0,0.7092857360839842,0.08281477648444129,False,56.57895554018752,0.14404367282015684,0.17779561606933095,68.41175625160345
2015-10-07,25.84000015258789,26.43000030517578,25.76000022888184,26.200000762939453,25.712282180786133,4908200.0,0.022239553633176,0.0219958612161974,0.6700000762939418,62.80709997514317,PWR,4908200.0,126201023.3997345,1.5102279237483291,91.70409717611217,2.223955363317609,2.6057588804567837,2.7317218912655754,음봉,24.893807220458985,24.146483135223388,24.551958974202474,True,True,0,0.718571390424456,0.10567160364205302,False,62.807099975143174,0.2520362848973434,0.22863058251721402,77.71062570488945
2015-10-08,26.100000381469727,26.81999969482422,25.989999771118164,26.780000686645508,26.2814884185791,2400600.0,0.0221375229857392,0.0218960453371324,0.8299999237060547,67.97391474179118,PWR,2400600.0,63091341.09764099,0.7364036742812485,-51.090012631922086,2.2137522985739233,3.1581161252621643,1.5079104917933799,양봉,25.30402717590332,24.256398105621336,24.52726084391276,True,True,0,0.7449998855590818,0.12865899625404717,False,67.97391474179118,0.3791803993809495,0.28461975760065605,85.08279265380307
2015-10-09,26.8700008392334,27.049999237060547,26.39999961853028,26.51000022888184,26.01651191711425,2225400.0,-0.0100822486628089,-0.0101334187621734,0.6499996185302699,63.201354955491176,PWR,2225400.0,57897145.620346054,0.6807976489691904,-7.298175456135969,-1.0082248662809046,2.4984118570586777,2.23926594750342,음봉,25.649474716186525,24.359934425354005,24.494548002878826,True,True,0,0.7514283316475999,0.12811216066984385,False,63.201354955491134,0.45333587799714437,0.2870201889734807,73.08626877918746
2015-10-12,26.530000686645508,26.6299991607666,26.1200008392334,26.280000686645508,25.79080009460449,1586700.0,-0.0086757142244455,-0.008713567327254,0.5099983215332031,65.58231464213014,PWR,1586700.0,40922262.51010894,0.4851912038371819,-28.70045834456727,-0.8675714224445463,1.9774428077549107,1.9737033587253199,음봉,25.790795135498048,24.461017322540282,24.463307348887124,True,True,0,0.7528567995343887,0.12758274898616181,False,65.58231464213014,0.4882631890102189,0.2575579999892441,67.20835696822964
2015-10-13,26.06999969482422,26.3700008392334,25.75,25.8799991607666,25.39824104309082,3185500.0,-0.015220894662969,-0.0153379215008402,0.6200008392333984,69.51001853232717,PWR,3185500.0,80906096.84276581,0.969390884987342,100.76258902123905,-1.5220894662969053,2.441117233990736,1.0825550165003974,음봉,25.83986473083496,24.52333517074585,24.426178328196208,True,True,0,0.7178569521222791,0.1272585401324471,False,69.51001853232717,0.47874840628818305,0.19843457381376656,56.98546540794908
2015-10-14,25.799999237060547,25.989999771118164,25.489999771118164,25.600000381469727,25.123455047607425,2673900.0,-0.0108190955041804,-0.0108780475084429,0.5,63.837679924639765,PWR,2673900.0,67177606.4517975,0.8092241222773376,-16.0602731125412,-1.0819095504180476,1.9901721282066114,1.5818347155934973,음봉,25.72209930419922,24.55621166229248,24.38512372970581,True,True,0,0.6928570611136292,0.1270881631062006,False,63.837679924639765,0.4439177446556073,0.13088312974495264,49.82958039325165
2015-10-15,25.63999938964844,26.209999084472656,25.559999465942383,26.209999084472656,25.72209548950196,2113700.0,0.0238279504455156,0.0235484953578035,0.6499996185302734,65.91309473752527,PWR,2113700.0,54368793.23616029,0.6377976854747784,-20.950671304087663,2.382795044551589,2.52700880764384,2.0560243050257037,양봉,25.61022071838379,24.62834358215332,24.359607696533203,True,True,1,0.7014284133911127,0.12671594508975711,False,65.9130947375253,0.4593246389721166,0.11703201924916956,65.41917461478035
2015-10-16,23.059999465942383,23.059999465942383,18.51000022888184,18.739999771118164,18.391151428222656,24411200.0,-0.2850057089738782,-0.335480720898857,4.549999237060543,30.466217207446206,PWR,24411200.0,448950075.7446289,6.670707507088604,1054.90372332876,-28.500570897387835,24.74015427918349,-10.349452378971485,음봉,24.08514862060547,24.341779136657713,24.216979789733887,False,False,0,0.9828568867274683,0.32414791647147617,True,30.46621720744622,-0.11864325104155071,-0.3687486966115982,-1.3916723004928038
2015-10-19,18.5,19.43000030517578,18.459999084472656,19.309999465942383,18.95053672790528,13030000.0,0.0304160020576091,0.0299626061945776,0.970001220703125,32.21000104030584,PWR,13030000.0,246925493.5646058,3.4153927957591863,-46.62286163728125,3.0416002057609193,5.118594975068789,0.5918529473380723,양봉,22.717095947265626,24.066991233825682,24.091198921203613,False,False,0,0.9999997275216229,0.3278489161232058,False,32.21000104030584,-0.5254917265051837,-0.6204777376601849,5.710566178335178
2015-10-20,19.1299991607666,20.01000022888184,19.06999969482422,19.84000015258789,19.47067642211914,5256000.0,0.0274472275736623,0.0270773060436486,0.9400005340576209,33.101327536119484,PWR,5256000.0,102337875.2746582,1.3622120354071132,-59.662317728319266,2.7447227573662136,4.827775438709249,0.9470044856146833,양봉,21.531583023071295,23.840291500091553,23.98013881047567,False,False,0,1.0185711724417543,0.33096646449671746,False,33.101327536119484,-0.7967665359592324,-0.7134020376913868,11.765742953357222
2015-10-21,19.88999938964844,20.059999465942383,19.489999771118164,19.549999237060547,19.18607711791992,4000800.0,-0.014616816490048,-0.0147246946664106,0.5699996948242188,29.82734028060635,PWR,4000800.0,76759657.33337401,1.02814179319392,-23.88127853881279,-1.461681649004809,2.970902761001807,2.153612737629083,음봉,20.34410743713379,23.635182189941407,23.85484873453776,False,False,0,1.0164284024919774,0.3338386362731061,False,29.82734028060635,-1.022926886539615,-0.7516499106174155,8.452596281136481
2015-10-22,19.559999465942383,19.729999542236328,18.96999931335449,19.31999969482422,18.96035957336425,5198100.0,-0.0117646532518542,-0.011834404389952,0.7600002288818395,28.9698035003985,PWR,5198100.0,98557845.09830472,1.316721804777314,29.92651469706058,-1.1764653251854496,4.008364007766484,1.9489254928159265,음봉,18.99176025390625,23.40063133239746,23.716309960683187,False,False,0,0.9757141385759621,0.33718479122537665,False,28.9698035003985,-1.2064667073926394,-0.748151785176352,5.824918277106804
2015-10-23,19.3700008392334,19.530000686645508,19.170000076293945,19.479999542236328,19.11737823486328,3964300.0,0.0082814179178125,0.0082473151267268,0.3600006103515625,25.20389618954136,PWR,3964300.0,75787022.5364685,0.9971516898815519,-23.73559569842827,0.8281417917812783,1.883106595103348,2.160514225925424,음봉,19.137005615234376,23.16019229888916,23.58055171966553,False,False,0,0.9392856870378762,0.34068529693230964,False,25.203896189541382,-1.3239911017835482,-0.6925409436538085,7.6528421270467355
2015-10-26,19.43000030517578,19.68000030517578,19.31999969482422,19.51000022888184,19.14681625366211,2805800.0,0.001539856482263,0.0015386721189472,0.3600006103515625,24.959053873301613,PWR,2805800.0,53722137.04452515,0.7036906403564365,-29.22331811416896,0.1539856482263069,1.8802113394842188,1.6352769007958887,음봉,19.17626152038574,22.9594988822937,23.44790112177531,False,False,0,0.9242857524326864,0.34366329294937054,False,24.95905387330164,-1.398632068656422,-0.6137455284213457,7.995543154705734
2015-10-27,19.39999961853028,19.600000381469727,19.15999984741211,19.31999969482422,18.96035957336425,3196500.0,-0.0097382602845103,-0.0097859872456739,0.4400005340576172,20.94592487269384,PWR,3196500.0,60606789.37625883,0.7963787573803036,13.924727350488265,-0.9738260284510525,2.3206339117942436,1.3223261847501468,음봉,19.07419815063476,22.737215423583983,23.315414174397787,False,False,0,0.9078572137015204,0.3470230124209608,False,20.945924872693865,-1.45604666328488,-0.5369280984398429,5.824918277106804
2015-10-28,19.459999084472656,20.0,19.36000061035156,19.84000015258789,19.47067642211914,4722300.0,0.0269149351719988,0.0265590990563627,0.639999389648441,20.54322864825066,PWR,4722300.0,91946375.26817322,1.1604608065206292,47.73345847020178,2.6914935171999055,3.2869910411606806,2.635179513210843,양봉,19.131118011474605,22.52278299331665,23.192904694875082,False,False,0,0.8942857469831195,0.3503269108749928,False,20.543228648250718,-1.4437274576083006,-0.41968711421061067,11.765742953357222
2015-10-29,19.64999961853028,20.229999542236328,19.64999961853028,19.850000381469727,19.48048973083496,3858300.0,0.0005040045092974,0.0005038775416844,0.5799999237060511,21.09368567954125,PWR,3858300.0,75161573.52848053,0.9404949698609529,-18.29616923956546,0.05040045092974399,2.977337488533395,0.920991097193853,음봉,19.23514404296875,22.285288047790527,23.13958279291789,False,False,0,0.8892857687813895,0.3540603546804383,False,21.093685679541323,-1.4168400952204792,-0.31423980145823127,12.490705469187915
2015-10-30,19.8799991607666,20.26000022888184,19.65999984741211,20.11000061035156,19.73564910888672,5425500.0,0.0130982014095812,0.0130131617423695,0.6000003814697301,23.28996594361137,PWR,5425500.0,107075764.2402649,1.303514885071301,40.61892543348107,1.309820140958129,3.0401856972596732,2.050818205557079,음봉,19.358798217773437,22.057606792449953,23.086751556396486,False,False,0,0.8957144873482843,0.35771500800609113,False,23.289965943611435,-1.359273582126388,-0.20533863069131209,16.127051092577762
2015-11-02,20.049999237060547,20.239999771118164,19.850000381469727,20.030000686645508,19.65714263916016,4619900.0,-0.0039779015776688,-0.0039858344726552,0.3899993896484375,23.95363765172065,PWR,4619900.0,90814033.27865602,1.1001724419473162,-14.848401069025897,-0.3977901577668863,1.9840085449219693,1.5928035933324338,음봉,19.460863494873045,21.786254024505617,23.027705001831055,False,False,0,0.8792858123779299,0.3621704301015326,False,23.95363765172071,-1.3049439384760184,-0.12080718963275405,15.447013608871012
2015-11-03,20.059999465942383,20.36000061035156,19.549999237060547,20.15999984741211,19.78471565246582,3983200.0,0.0064899062721106,0.0064689375050589,0.8100013732910121,25.451156867577453,PWR,3983200.0,78806479.38690186,0.9839145465431273,-13.781683586224814,0.6489906272110657,4.0940763947247305,2.0494170194383594,음봉,19.625734710693358,21.517845153808594,22.95704523722331,False,False,0,0.9014287676130023,0.3666880644393837,False,25.451156867577495,-1.23733005948446,-0.04255464851295643,17.093117006363407
2015-11-04,20.13999938964844,20.40999984741211,19.86000061035156,19.950000762939453,19.578628540039062,4602300.0,-0.0104164808858939,-0.0104711121309532,0.5499992370605504,20.692797131430964,PWR,4602300.0,90106722.12982178,1.1457564575645758,15.542779674633467,-1.0416480885893975,2.8091816336153497,1.7957485132637772,음봉,19.647325134277345,21.21116247177124,22.883441321055095,False,False,0,0.8942858832223077,0.37198984265276636,False,20.692797131430993,-1.1866955893183082,0.006463857322556388,24.318029626097506
2015-11-05,20.040000915527344,21.13999938964844,19.799999237060547,20.729999542236328,20.344112396240234,5894200.0,0.0390979304109952,0.0383529621614551,1.3400001525878942,74.93760204817254,PWR,5894200.0,119912267.28591919,1.4580541247739305,28.07074723507812,3.9097930410995296,6.586672971957911,2.3565101842795406,양봉,19.820049667358397,20.914293670654295,22.814580949147544,False,False,0,0.6650002343314042,0.36460043112003593,True,74.93760204817244,-1.0724368829834674,0.09657805092591776,70.30272750823424
2015-11-06,20.61000061035156,20.959999084472656,20.26000022888184,20.850000381469727,20.46188163757324,10309500.0,0.005788861123023,0.0057721700503614,0.6999988555908168,71.75173408849578,PWR,10309500.0,210951768.7425613,2.491098951127939,74.90923280513047,0.5788861123023015,3.420989662580396,1.3069541149431665,음봉,19.9652961730957,20.636562156677247,22.759950637817383,False,False,0,0.6457143511090965,0.35856983397729225,False,71.75173408849567,-0.9613017546744018,0.16617054338798676,68.7503351044425
2015-11-09,20.920000076293945,21.3700008392334,20.84000015258789,21.239999771118164,20.84461212158203,7730800.0,0.0187045595702206,0.0185317804752919,0.5300006866455078,70.58842695909851,PWR,7730800.0,161145527.38952637,1.839397301786447,-25.012852223677196,1.8704559570220658,2.542626763952865,2.238887150434319,음봉,20.20279006958008,20.389252758026124,22.70613800684611,False,False,0,0.616428647722517,0.35954942283961416,False,70.58842695909843,-0.8327438650497427,0.23578274641011676,78.10881734923217
2015-11-10,21.239999771118164,21.81999969482422,21.229999542236328,21.489999771118164,21.0899600982666,5404000.0,0.011770330637649,0.0117015990989029,0.5900001525878906,78.8692946598126,PWR,5404000.0,113970144.37103271,1.2786290863216971,-30.097790655559574,1.1770330637649096,2.797540392863916,1.8968338064048578,음봉,20.463838958740233,20.173838710784914,22.65755949020386,True,False,0,0.6178572518484936,0.3633886523222865,False,78.86929465981247,-0.7029599975376577,0.2924532911377614,74.38457898798106
2015-11-11,21.6299991607666,21.780000686645508,21.459999084472656,21.64999961853028,21.24698066711425,3483400.0,0.0074452757670488,0.0074176965069599,0.3200016021728515,85.41062630702159,PWR,3483400.0,74011732.45582578,0.8262785045567757,-35.54034048852702,0.7445275767048676,1.5061038892370486,2.5606452548214453,음봉,20.79750938415527,19.980014991760253,22.61110725402832,True,False,0,0.5864287785121373,0.3669138418716193,False,85.41062630702152,-0.5807406844077754,0.33173808341411504,78.45793005336247
2015-11-12,21.0,21.1299991607666,20.549999237060547,20.670000076293945,20.28522491455078,4231700.0,-0.045265525847259,-0.0463220146974056,0.5799999237060547,64.47698815998913,PWR,4231700.0,85840986.27090454,0.9974931444985186,21.481885514152843,-4.526552584725884,2.8592235291905257,-1.1624271278060867,음봉,20.78573188781738,19.708171463012697,22.553696219126383,True,False,0,0.6021430151803153,0.14490584498167527,False,64.47698815998913,-0.5550879321974982,0.2859126684995139,42.3016966799225
2015-11-13,20.43000030517578,20.96999931335449,20.43000030517578,20.700000762939453,20.314659118652344,4645600.0,0.0014510168965613,0.0014499651887852,0.5399990081787074,64.47695456359605,PWR,4645600.0,94373780.40161133,1.0880644556867154,9.780939102488361,0.14510168965613524,2.6581741048408514,0.7136987202993804,음봉,20.756287384033204,19.80434684753418,22.505281066894533,True,False,0,0.6150000435965399,0.1159565602889296,False,64.47695456359605,-0.5263158061592677,0.25174783563019554,43.40824576977297
2015-11-16,20.65999984741211,21.200000762939453,20.61000061035156,21.170000076293945,20.77591133117676,3006700.0,0.0227053877611418,0.0224514569895543,0.5900001525878942,71.07063863245574,PWR,3006700.0,62466932.599449165,0.7024455529147904,-35.278543137592564,2.2705387761141838,2.839828025750802,1.6999582751683169,양봉,20.742547225952148,19.895615577697754,22.474367332458495,True,False,0,0.6257143020629883,0.11493090449099838,False,71.0706386324558,-0.46098059669557756,0.2536664360751085,57.55736779587971
2015-11-17,21.170000076293945,21.229999542236328,20.89999961853028,20.950000762939453,20.56001281738281,3431900.0,-0.0103917710444774,-0.0104461425023743,0.3299999237060511,63.56978032735156,PWR,3431900.0,70559907.98797606,0.8012951342961538,14.141750091462391,-1.0391771044477416,1.605056994064924,1.8968541925080622,음봉,20.63655776977539,19.95008239746094,22.457683849334718,True,False,0,0.6035714830671031,0.11461712529272661,False,63.56978032735158,-0.4217613739327888,0.2343085270703179,44.49398134999909
2015-11-18,21.100000381469727,21.43000030517578,20.950000762939453,21.309999465942383,20.913311004638672,4282500.0,0.0171837532590037,0.0170377824160592,0.4799995422363281,66.44155432571573,PWR,4282500.0,89561254.37736511,0.9947020014046885,24.785104461085705,1.7183753259003787,2.2951867455605757,2.6263970206787812,음봉,20.569823837280275,20.036444091796874,22.44917853673299,True,False,0,0.5964285986764087,0.11412309905259917,False,66.44155432571576,-0.35804433652158707,0.23842045158521574,60.05777500684797
2015-11-19,21.290000915527344,21.93000030517578,21.200000762939453,21.549999237060547,21.14884376525879,3212200.0,0.0112623372056139,0.0111993892722533,0.7299995422363281,66.28971343316923,PWR,3212200.0,67934315.94276428,0.7479000851496623,-24.992410974897837,1.1262337205613981,3.4517231785290243,1.8011969066262166,음봉,20.742547607421876,20.1458683013916,22.435112031300864,True,False,0,0.6057142530168801,0.11350322853009263,False,66.28971343316925,-0.285254366751861,0.2489683370839535,67.17831137212035
2015-11-20,21.6299991607666,21.93000030517578,21.3799991607666,21.5,21.09977531433105,2266800.0,-0.0023201481590375,-0.0023228438732222,0.5500011444091797,66.74266689983233,PWR,2266800.0,47828970.68252563,0.5343525846102037,-29.43154224519021,-0.23201481590375828,2.6066682522235993,2.2750907843870247,음봉,20.899570846557616,20.24498815536499,22.399945799509684,True,False,0,0.6171429497855045,0.11294751452566484,False,66.74266689983236,-0.22888871824279988,0.2442671884744117,65.11661267857328
2015-11-23,21.420000076293945,21.739999771118164,21.239999771118164,21.40999984741211,21.01144790649414,2793400.0,-0.0041861776498121,-0.0041949642214766,0.5,64.36788850271355,PWR,2793400.0,58693378.58200073,0.6623412402399397,23.230986412563958,-0.4186177649812106,2.379655139546389,1.5176690613638726,음봉,20.946678161621094,20.338219738006593,22.36134459177653,True,False,0,0.5949999945504322,0.112429756547321,False,64.36788850271358,-0.18916523971202537,0.22719253360414898,56.875495865622426
2015-11-24,21.3700008392334,21.82999992370605,21.270000457763672,21.76000022888184,21.35493469238281,2705900.0,0.0163476019081247,0.016215418506226,0.5599994659423793,70.15595011050861,PWR,2705900.0,57784317.784118645,0.6453479722299093,-3.1323834753347213,1.6347601908124787,2.6223422080617653,1.706464658384811,음봉,21.105662536621093,20.45794849395752,22.32078062693278,True,False,0,0.59571429661342,0.09210396980030547,False,70.15595011050864,-0.12848647352941356,0.2302970398294087,73.00162796153768
2015-11-25,21.770000457763672,21.940000534057617,21.6299991607666,21.68000030517578,21.27642250061035,2663600.0,-0.0036765362621531,-0.0036833113325556,0.3100013732910156,62.53295419872773,PWR,2663600.0,56671878.97262573,0.6378342792764713,-1.5632506744521213,-0.36765362621531406,1.4570183181976326,1.9436527030397086,음봉,21.17828483581543,20.54823579788208,22.2949374516805,True,False,0,0.5221429552350715,0.09122169805648465,False,62.53295419872775,-0.08574497680692161,0.21843082924152052,60.50131470792586
2015-11-27,21.700000762939453,21.940000534057617,21.59000015258789,21.71999931335449,21.315677642822266,1661500.0,0.001845006706874,0.0018433067726054,0.3500003814697265,61.725001584689785,PWR,1661500.0,35415998.403549194,0.4020960955677601,-37.62201531761525,0.18450067068740417,1.6419857127440842,1.9908340432558644,음봉,21.211651611328126,20.639995193481447,22.262551752726235,True,False,0,0.49714306422642224,0.08606136463174865,False,61.72500158468981,-0.04814943429745,0.20482109740079368,58.654119430321785
2015-11-30,21.780000686645508,22.51000022888184,21.71999931335449,22.049999237060547,21.63953399658203,3689700.0,0.0151933407507136,0.0150790778523126,0.7900009155273509,61.09591783704576,PWR,3689700.0,79843388.58718872,0.8927310643592875,122.07041829671982,1.5193340750713658,3.650729796917677,2.1783170659816955,음봉,21.31960334777832,20.73518943786621,22.23261957168579,True,False,0,0.5157145091465539,0.09939168690590221,False,61.09591783704577,0.0076891678589774415,0.20852775964577688,58.15066037363851
2015-12-01,22.1299991607666,22.64999961853028,22.030000686645508,22.559999465942383,22.140043258666992,3111900.0,0.0231293918881994,0.0228659617553801,0.6199989318847692,63.68290716482039,PWR,3111900.0,68897600.61664581,0.7578135509098415,-15.659809740629315,2.31293918881994,2.800351041058,2.2665236888282316,양봉,21.54532241821289,20.859334468841553,22.21413688659668,True,False,0,0.5178572790963312,0.12279465207550223,False,63.68290716482041,0.09127639742339966,0.2336919913681593,77.02898569402142
2015-12-02,22.6299991607666,22.809999465942383,22.39999961853028,22.600000381469727,22.17929458618164,3756900.0,0.0017728658908235,0.001771296219028,0.4099998474121058,62.53299262534381,PWR,3756900.0,83325391.8308258,0.9155826220701009,20.72688711076833,0.1772865890823594,1.8485702771969328,2.2129852971620103,음봉,21.710194396972657,20.979063415527342,22.184368133544922,True,False,0,0.5242857251848491,0.12396483077589315,False,62.53299262534387,0.15885594057463237,0.24101722761551359,73.49978562355496
2015-12-03,22.670000076293945,23.25,22.530000686645508,22.940000534057617,22.51296806335449,5706700.0,0.0150443683353542,0.01493232418405,0.7199993133544922,86.0318085146421,PWR,5706700.0,128474754.84714507,1.3768299319363166,51.89917218983737,1.5044368335354275,3.198153665604279,2.2124485889557044,음봉,21.95750350952148,21.125780391693116,22.16114199956258,True,True,0,0.5342856815883089,0.10545140143933712,False,86.0318085146421,0.23661037808525265,0.2550173321009071,73.86411289340748
2015-12-04,22.82999992370605,22.82999992370605,21.489999771118164,21.540000915527344,21.13903045654297,4418400.0,-0.0610287192228531,-0.0629703851434688,1.340000152587887,59.2921259612292,PWR,4418400.0,93400692.16918945,1.0580323036024744,-22.57521860269508,-6.102871922285313,6.3389858647615,1.4082188517275582,음봉,21.922174072265626,21.16552629470825,22.112072690327963,True,False,0,0.5914286204746789,0.10525337843173226,True,59.2921259612292,0.1852308261261868,0.16291022411347297,20.03901395832742
2015-12-07,21.36000061035156,21.420000076293945,20.51000022888184,20.850000381469727,20.46188163757324,5392200.0,-0.0320331067388257,-0.0325573934669065,0.9099998474121058,46.62461149881494,PWR,5392200.0,110334558.16612242,1.2772983173703285,22.039652362846283,-3.2033106738825756,4.447293086385144,1.0453183000178485,음봉,21.686643600463867,21.16552629470825,22.054007625579835,True,False,0,0.6142857415335511,0.10525337843173226,True,46.62461149881494,0.08884773110363398,0.053221703272736114,-1.7561531141648323
2015-12-08,20.6299991607666,20.670000076293945,20.049999237060547,20.270000457763672,19.892667770385746,3842800.0,-0.027818256271323,-0.0282125128553901,0.6200008392333984,43.33331173861967,PWR,3842800.0,76443543.70803834,0.9088733032047928,-28.734097399948077,-2.781825627132306,3.1167304777310707,0.8216132131497439,음봉,21.237168502807616,21.11792907714844,21.989399719238282,True,False,0,0.6350000926426477,0.12407941533453444,False,43.33331173861967,-0.03308597204896202,-0.0549695999038879,-4.916607161377042
2015-12-09,20.25,20.799999237060547,20.11000061035156,20.32999992370605,19.95155906677246,4459500.0,0.0029604524172663,0.0029560789075943,0.6899986267089879,39.79175987804405,PWR,4459500.0,88973977.65827179,1.0488788752165341,16.048194025189954,0.29604524172663904,3.4583694657632993,1.7963011987070707,음봉,20.79162139892578,21.061009025573732,21.919394302368165,False,False,0,0.6500000272478376,0.12441475571217853,False,39.79175987804405,-0.12354314645337539,-0.116341419446641,-3.076254588066438
2015-12-10,20.36000061035156,20.670000076293945,20.18000030517578,20.420000076293945,20.03987503051757,2803300.0,0.0044265194238477,0.0044167512022829,0.489999771118164,37.84944250115242,PWR,2803300.0,56177781.673049904,0.6605678459980767,-37.13869267855141,0.442651942384753,2.4451238861119227,2.0471660495911865,음봉,20.2970027923584,21.000653743743896,21.845626799265542,False,False,0,0.632857186453683,0.1247723201830958,False,37.84944250115238,-0.18596110499603924,-0.14300750239144389,-0.31638137903679664
2015-12-11,20.26000022888184,20.39999961853028,19.71999931335449,19.82999992370605,19.46086311340332,3694600.0,-0.0288929904119915,-0.0293186112140701,0.6800003051757884,33.91138569295127,PWR,3694600.0,71900104.8587799,0.8662173814504428,31.79467056683194,-2.889299041199145,3.4941939687528754,1.098435983403352,음봉,19.96136932373047,20.959435653686523,21.765316899617513,False,False,0,0.6421428407941553,0.14561961497347561,False,33.91138569295124,-0.2789338327136157,-0.18878418408721626,-7.340967409199578
2015-12-14,19.84000015258789,19.96999931335449,19.450000762939453,19.84000015258789,19.47067642211914,3553600.0,0.0005042586579349,0.0005041315622621,0.5199985504150355,34.63799424928868,PWR,3553600.0,69190995.73364258,0.8288979550127236,-3.816380663671304,0.05042586579349084,2.670675322940014,1.948202589860706,음봉,19.76312828063965,20.917236518859863,21.68778750101725,False,False,0,0.6435713086809436,0.14591339287095892,False,34.63799424928865,-0.34781415220550826,-0.20613160286328702,0.5440964034424638
2015-12-15,20.06999969482422,20.479999542236328,20.0,20.31999969482422,19.94173622131348,2444700.0,0.0241932940069409,0.0239052724823477,0.4799995422363281,36.259483518011976,PWR,2444700.0,48751562.54024506,0.5697180634274058,-31.204975236380005,2.4193294006940924,2.407009785453438,3.0780814169570037,음봉,19.772941970825194,20.875527763366698,21.61271152496338,False,False,0,0.6378570284162256,0.14620492399273075,False,36.259483518011955,-0.3602391013703041,-0.17484524162246629,12.940409397408306
2015-12-16,20.39999961853028,20.780000686645508,20.309999465942383,20.709999084472656,20.32448005676269,2698600.0,0.0191931049133093,0.0190112406179301,0.470001220703125,41.261262838673005,PWR,2698600.0,54847641.8811798,0.6300240467193404,10.385732400703574,1.919310491330939,2.3124882869844368,2.2980115278378532,음봉,19.847526168823244,20.863751125335693,21.551375007629396,False,False,0,0.649285588945662,0.14628745001874924,False,41.26126283867299,-0.3353361880860426,-0.11995386267056377,23.012617615673093
2015-12-17,20.6200008392334,20.68000030517578,19.850000381469727,19.86000061035156,19.49030113220215,3009000.0,-0.0410430634501265,-0.0419091096430446,0.8299999237060547,35.37734854459977,PWR,3009000.0,58646316.106796265,0.7095988833101813,11.502260431334776,-4.104306345012654,4.2585279625809225,1.4540139853288705,음봉,19.737611389160158,20.792600631713867,21.48807563781738,False,False,0,0.6835712705339712,0.14678803310904515,False,35.37734854459977,-0.37854805000709746,-0.13053257967329487,1.060536246156441
2015-12-18,19.76000022888184,20.040000915527344,19.700000762939453,19.86000061035156,19.49030113220215,8772600.0,0.0,0.0,0.3400001525878906,31.8407918507189,PWR,8772600.0,170980615.71235657,2.021570784119145,191.5453639082752,0.0,1.7444581809263973,1.3837605424889532,음봉,19.74349899291992,20.709673500061037,21.41872437795003,False,False,0,0.6514283588954383,0.14737581207845565,False,31.840791850718887,-0.4080895594691043,-0.12805927130824135,1.060536246156441
2015-12-21,19.93000030517578,20.520000457763672,19.81999969482422,19.96999931335449,19.598255157470703,3441300.0,0.0055388587655114,0.005523575695173,0.7000007629394531,26.998201114128506,PWR,3441300.0,67443475.47340393,0.7904403494386574,-60.77217700567677,0.5538858765511412,3.57175043040818,2.255989632952134,음봉,19.769014739990233,20.634597492218017,21.346592648824057,False,False,0,0.6571427753993441,0.14791201772180035,False,26.998201114128477,-0.4179723064776226,-0.1103536146534077,3.901432218337254
2015-12-22,19.96999931335449,20.31999969482422,19.920000076293945,20.21999931335449,19.84360694885254,1741400.0,0.012519063019154,0.0124413474945573,0.3999996185302734,29.623385401396103,PWR,1741400.0,34555657.14073181,0.40213670013034564,-49.397030192078574,1.2519063019154064,2.0157606404988964,1.8968227165982146,음봉,19.749388885498046,20.576205444335937,21.29130802154541,False,False,0,0.6564284733363562,0.14833176885835037,False,29.623385401396092,-0.4013797598738513,-0.07500885443970912,10.358059603652874
2015-12-23,20.3799991607666,21.1299991607666,20.3799991607666,20.90999984741211,20.52075958251953,2135500.0,0.0341244732075358,0.0335551491191942,0.75,33.602611799125285,PWR,2135500.0,43822082.08847046,0.49518366697940047,22.631216262777066,3.4124473207535866,3.654835470315058,2.7030983494917464,양봉,19.788644790649414,20.534496688842772,21.243220202128093,False,False,0,0.6585713795253211,0.1486330537436304,False,33.602611799125256,-0.3297878999442858,-0.0027335956081148693,31.679262882929994
2015-12-24,20.86000061035156,21.0,20.61000061035156,20.68000030517578,20.295040130615234,1024400.0,-0.0109995661221319,-0.0110605086559134,0.389999389648441,41.43427590484306,PWR,1024400.0,20790239.109802246,0.2388433764903378,-52.02996956216342,-1.0999566122131932,1.9216487729931797,1.65316018867551,음봉,19.94959259033203,20.485427570343017,21.185482120513917,False,False,0,0.5907141821725036,0.14898907720968124,False,41.434275904843055,-0.2879452546207162,0.031287239772363806,42.89541432564552
2015-12-28,20.56999969482422,20.809999465942383,20.350000381469727,20.6200008392334,20.23615837097168,1942200.0,-0.0029012881602895,-0.0029055050550436,0.4599990844726562,47.38036040630713,PWR,1942200.0,39302666.7881012,0.45469109005595265,89.59390862944163,-0.2901288160289561,2.2731542026895517,1.3548116310162186,음봉,20.09876403808594,20.43145160675049,21.118911616007487,False,False,0,0.5585712705339715,0.1493826776822241,False,47.38036040630713,-0.2565782482597143,0.05012339690669254,46.79514034352744
2015-12-29,20.799999237060547,20.959999084472656,20.36000061035156,20.770000457763672,20.383363723754883,2185000.0,0.0072743724418744,0.0072480418101029,0.5999984741210973,56.31318311877615,PWR,2185000.0,44537649.73640442,0.5144350501224284,12.50128720008239,0.7274372441874455,2.943569482704446,2.7863038811639482,음봉,20.255785751342774,20.36864309310913,21.05381310780843,False,False,0,0.5571425301688071,0.1498433123895091,False,56.31318311877616,-0.2173361127184279,0.07149242595838318,55.557372079795364
2015-12-30,20.6200008392334,20.920000076293945,20.450000762939453,20.520000457763672,20.13801956176757,1733300.0,-0.0120364904101368,-0.0121095155298308,0.4699993133544922,52.289132364063775,PWR,1733300.0,34905229.30641173,0.41150355437377906,-20.67276887871854,-1.2036490410137102,2.333890439985445,1.1609326050672266,음봉,20.31466827392578,20.26854190826416,20.971376800537108,True,False,0,0.5414282935006288,0.15058335048298285,False,52.28913236406374,-0.20368569887265053,0.06811427184332847,40.95353898658341
2015-12-31,20.39999961853028,20.559999465942383,20.18000030517578,20.25,19.873044967651367,2290300.0,-0.013157927138936,-0.013245259584143,0.3799991607666015,48.03701235016757,PWR,2290300.0,45515234.889411926,0.5467942997140762,32.135233369872495,-1.3157927138935932,1.9121335526848082,1.3009226451447284,음봉,20.185125350952145,20.153229427337646,20.88337933222453,True,False,0,0.5335711070469458,0.15144495630119806,False,48.037012350167615,-0.2118072998999878,0.04799413665279295,25.181226676112594
2016-01-04,19.96999931335449,20.61000061035156,19.96999931335449,20.309999465942383,19.93192481994629,3487700.0,0.002962799731534,0.0029584192905228,0.6400012969970703,56.315753941016965,PWR,3487700.0,69516574.19452667,0.8344239353955466,52.28136052045584,0.2962799731534016,3.210935736405186,0.48786859719253023,음봉,20.112502288818355,20.024177265167236,20.787040042877198,True,False,0,0.5307140350341799,0.08380705588632996,False,56.315753941016965,-0.21105965098758261,0.03899342845215853,28.68598313130178
2016-01-05,20.25,20.530000686645508,19.43000030517578,19.459999084472656,19.09774780273437,4667800.0,-0.0418513026086241,-0.0427522965724176,1.1000003814697266,45.90514406825803,PWR,4667800.0,89144467.1936035,1.1119877968173106,33.83605241276486,-4.1851302608624135,5.759843479094593,1.5958076449064595,음봉,19.884820175170894,19.922113132476806,20.667311032613117,False,False,0,0.5721427372523722,0.07142875709632338,True,45.90514406825803,-0.2746126829959401,-0.019647682844959158,-19.544278006348318
2016-01-06,19.1200008392334,19.57999992370605,19.07999992370605,19.440000534057617,19.078125,3412600.0,-0.001027493028867,-0.0010280212616972,0.5,39.47376863730257,PWR,3412600.0,65106009.375,0.8103558167698737,-26.890612279874894,-0.10274930288670658,2.620802620802621,0.11652178429040125,음봉,19.62377243041992,19.852925300598145,20.551671250661215,False,False,0,0.5735713413783488,0.07266609633977046,False,39.47376863730257,-0.32284080704047824,-0.0543006455115978,-0.09145972701626696
2016-01-07,19.020000457763672,19.31999969482422,18.8799991607666,18.920000076293945,18.567800521850582,2769100.0,-0.0267491945958744,-0.0271134649510712,0.4400005340576172,29.234321902439376,PWR,2769100.0,51416096.42505645,0.6628950696283146,-18.85659028306863,-2.6749194595874437,2.3696965805929717,-0.3046659052518428,음봉,19.309728622436523,19.786681938171384,20.43128792444865,False,False,0,0.5714284351893839,0.09870068497444269,False,29.234321902439376,-0.39765692148316845,-0.1032934079634304,-13.875495062934185
2016-01-08,19.040000915527344,19.07999992370605,18.68000030517578,18.700000762939453,18.351896286010746,3360600.0,-0.0116278842820268,-0.0116960168014775,0.3999996185302699,34.23913445318684,PWR,3360600.0,61673382.658767715,0.8015702944926869,21.360730923404713,-1.162788428202688,2.1796091929485293,2.5431143183656895,음봉,19.0054988861084,19.7066987991333,20.31384884516398,False,False,0,0.5407141276768278,0.11005715968035053,False,34.239134453186836,-0.46896496235680374,-0.1396811590696525,-13.392007037730341
2016-01-11,18.799999237060547,18.88999938964844,18.280000686645508,18.46999931335449,18.126176834106445,3279300.0,-0.012299516539681,-0.0123757815872408,0.6099987030029332,32.225057709399124,PWR,3279300.0,59441171.692085266,0.7790700524581732,-2.4192108552044234,-1.2299516539681088,3.365291581262475,2.4417256073497993,음봉,18.64434928894043,19.611013889312744,20.19722754160563,False,False,0,0.5599997384207595,0.12210397493614761,False,32.225057709399124,-0.5374948654986049,-0.16656884976916292,-5.397331048975385
2016-01-12,18.71999931335449,18.780000686645508,18.209999084472656,18.5,18.15562438964844,2905400.0,0.0016245872370939,0.0016232690227581,0.5700016021728516,30.809471421525217,PWR,2905400.0,52749351.10168458,0.6868264106680115,-11.401823559906077,0.16245872370939107,3.1395318053497627,3.276049244596905,음봉,18.455924606323244,19.545751953125,20.071119689941405,False,False,0,0.5507140840802879,0.1225116718024367,False,30.809471421525217,-0.5827119946954582,-0.16942878317281296,-1.8621470343667723
2016-01-13,18.670000076293945,18.670000076293945,17.93000030517578,18.07999992370605,17.743440628051758,2829300.0,-0.0227028138911979,-0.022964490891669,0.7399997711181641,23.249949468250563,PWR,2829300.0,50201516.56894684,0.6697317855065581,-2.6192606869966273,-2.2702813891197993,4.17055399023485,2.833147875315041,음봉,18.188987731933594,19.45939016342163,20.060324509938557,False,False,0,0.5749998092651373,0.14272384340637656,False,23.249949468250563,-0.6443786836207579,-0.18487637767849002,-5.829991995093344
2016-01-14,18.170000076293945,18.40999984741211,17.8799991607666,18.030000686645508,17.694368362426758,4361900.0,-0.002765656709636,-0.0027694882041834,0.5300006866455078,7.142861274501669,PWR,4361900.0,77181065.36006927,1.0260105916667537,54.16887569363447,-0.2765656709636022,2.9953071835609677,2.404040215108066,음봉,18.014301300048828,19.347021770477294,20.039388370513915,False,False,0,0.5592855725969592,0.14608921484782336,False,7.142861274501669,-0.6892642908796027,-0.1838095879498678,-5.949703474613624
2016-01-15,17.5,18.15999984741211,17.40999984741211,18.1299991607666,17.792505264282227,3537400.0,0.005546222382476,0.0055308987239536,0.75,10.526274619763768,PWR,3537400.0,62939208.12187195,0.8276712685914456,-18.902313212132327,0.554622238247604,4.215257991271169,-1.0984758452270655,양봉,17.902423095703124,19.220423030853272,20.011418851216636,False,False,0,0.5849999019077848,0.14705145748122997,False,10.526274619763768,-0.7087476287432928,-0.16263434065084625,10.774802790854611
2016-01-19,18.31999969482422,18.38999938964844,17.440000534057617,17.549999237060547,17.223302841186523,4404100.0,-0.0319911341680676,-0.0325140328302171,0.949998855590824,9.06663031839642,PWR,4404100.0,75853148.04286957,1.1131736113730082,24.501045965963698,-3.1991134168067648,5.515776296513044,2.9647001515908893,음봉,17.72184829711914,19.10707311630249,19.97870594660441,False,False,0,0.6199998855590826,0.17257780515423682,True,9.06663031839642,-0.7613419169963862,-0.17218290312315176,-5.259071728144198
2016-01-20,17.309999465942383,17.850000381469727,17.049999237060547,17.639999389648438,17.311634063720703,5953300.0,0.0051285878991194,0.0051154814846993,0.8000011444091797,7.588268290306445,PWR,5953300.0,103061351.07154846,1.5487182515316524,35.176312981085815,0.5128587899119408,4.621176380372492,0.5033681725002218,양봉,17.553050231933593,18.998139762878417,19.95122718811035,False,False,0,0.6342857905796598,0.1735673483030219,False,7.588268290306445,-0.7868256417184121,-0.15813330227614208,6.760588370104411
2016-01-21,17.65999984741211,18.170000076293945,17.5,17.65999984741211,17.331256866455078,5413600.0,0.0011335037849198,0.0011328618545458,0.6700000762939453,8.670585169007964,PWR,5413600.0,93824492.17224121,1.4074023637945998,-9.065560277493157,0.11335037849198315,3.8658481693312217,2.0123217855064444,음봉,17.470613479614258,18.884789848327635,19.92145849863688,False,False,0,0.6485715593610494,0.1746091308304931,False,8.670585169007992,-0.7962594971455594,-0.13405372616263145,7.900492160050071
2016-01-22,18.030000686645508,18.450000762939453,17.799999237060547,17.889999389648438,17.556974411010742,4139500.0,0.0130237262245269,0.0129396467341441,0.6500015258789062,15.497104603651849,PWR,4139500.0,72677095.57437897,1.0755522140113352,-23.53517068124723,1.3023726224526966,3.702241118898379,4.031697329135196,음봉,17.443134689331053,18.770458221435547,19.89496113459269,False,False,0,0.6678574425833569,0.17567268217071907,False,15.497104603651849,-0.7765705541969936,-0.09149182657125243,14.240870179258568
2016-01-25,17.790000915527344,18.059999465942383,17.639999389648438,17.829999923706055,17.49808692932129,4148300.0,-0.0033540791431878,-0.0033597166759877,0.4200000762939453,13.742787098211464,PWR,4148300.0,72587314.0089035,1.0825256110108707,0.21258606111849154,-0.335407914318786,2.400262828676187,1.3272588947356472,음봉,17.384251022338866,18.619324588775633,19.870589923858642,False,False,0,0.6521430696759908,0.16971941530432055,False,13.742787098211465,-0.7569925141781653,-0.0575310292419392,12.876077747444125
2016-01-26,17.920000076293945,18.059999465942383,17.719999313354492,17.90999984741211,17.57660484313965,3292300.0,0.0044872284687755,0.0044771908752256,0.3400001525878906,20.755021411635227,PWR,3292300.0,57867456.125068665,0.8615450372090937,-20.634958898826028,0.44872284687755837,1.9343903764246975,2.411195856306226,음봉,17.45491142272949,18.483402824401857,19.839022064208983,False,False,0,0.5978573390415739,0.17096748432038905,False,20.755021411635227,-0.7267633613466487,-0.021841501128338048,20.814445184096815
2016-01-27,17.8700008392334,18.21999931335449,17.690000534057617,17.770000457763672,17.439210891723633,3315300.0,-0.0078168652388883,-0.0078475770815523,0.5299987792968714,19.8558575751602,PWR,3315300.0,57816215.86933136,0.865731619919165,0.6985997630835517,-0.781686523888836,3.0391213374706094,1.6692415782918728,음봉,17.480426788330078,18.343555450439453,19.805000750223794,False,False,0,0.6000001089913505,0.17227090413885135,False,19.8558575751602,-0.7057575498216728,-0.0006685516826897553,17.14588441301568
2016-01-28,18.030000686645508,18.18000030517578,17.6299991607666,18.0,17.664928436279297,3002000.0,0.0129431053937645,0.012860059221114,0.5500011444091797,31.4518107176808,PWR,3002000.0,53030115.16571045,0.7845513986823339,-9.450125177208701,1.2943105393764531,3.1135203654695616,3.38770944734807,음봉,17.547161102294922,18.207633686065673,19.770488739013672,False,False,0,0.6078572954450335,0.16008212658692075,False,31.4518107176808,-0.6632512261691232,0.03347021757588797,30.292068532986367
2016-01-29,18.059999465942383,18.729999542236328,18.059999465942383,18.700000762939453,18.351896286010746,4497200.0,0.0388887989107609,0.0381516793544097,0.6700000762939453,50.0,PWR,4497200.0,82532147.97744752,1.1764098198993096,49.80679546968687,3.8888798910760913,3.6508492956374865,2.2364711585907697,양봉,17.70614547729492,18.11832752227783,19.74873463312785,False,False,0,0.6271430424281531,0.14949624767679653,False,50.0,-0.567589278420666,0.10330573225947626,70.75526853186003
2016-02-01,18.64999961853028,18.850000381469727,18.420000076293945,18.75,18.400962829589844,2711600.0,0.0026736497860715,0.0026700819425101,0.4300003051757812,55.035909611107954,PWR,2711600.0,49896050.80871582,0.7127132121883694,-39.70470514987103,0.26736497860715414,2.3368358990667337,1.6243734591436882,음봉,17.886720657348633,18.044723415374754,19.725672086079914,False,False,0,0.6142860140119281,0.15010604022070642,False,55.035909611107954,-0.4822580648538093,0.15090955666106642,75.05348520057348
2016-02-02,18.51000022888184,18.61000061035156,18.26000022888184,18.350000381469727,18.008413314819336,2901800.0,-0.0213330964475002,-0.0215639358663128,0.3500003814697194,47.61899767208977,PWR,2901800.0,52256813.75694275,0.770821079314964,7.014308895117272,-2.1333096447500255,1.9435381415957396,0.5925635538845669,음봉,17.97308235168457,17.948547840118408,19.699501832326252,True,False,0,0.5985716411045614,0.10443435191776952,False,47.61899767208977,-0.4412217981940607,0.15355665865665202,53.24519268977313
2016-02-03,18.5,18.63999938964844,18.06999969482422,18.57999992370605,18.234128952026367,2883500.0,0.0125338991981758,0.0124560001276477,0.5699996948242223,58.44587407518299,PWR,2883500.0,52578110.83316803,0.7716092251350398,-0.6306430491419102,1.2533899198175824,3.1260045178131635,2.7297612320799614,음봉,18.132065963745116,17.905366897583008,19.664335441589355,True,False,0,0.586428778512137,0.10359029052143319,False,58.44587407518299,-0.3860369025953112,0.1669932434043212,65.78494233982785
2016-02-04,18.61000061035156,19.21999931335449,18.559999465942383,18.89999961853028,18.548168182373047,2704100.0,0.0172226066390619,0.0170759786986002,0.6599998474121058,63.46744103066146,PWR,2704100.0,50156101.581954956,0.7275555665645675,-6.2216056875325165,1.7222606639061944,3.5583020432137666,2.0613633879309656,음봉,18.308713912963867,17.87886905670166,19.63244021733602,True,False,0,0.5957144328526083,0.07520037628778826,False,63.46744103066146,-0.3133500298444716,0.19174409292412864,69.04004113544383
2016-02-05,18.729999542236328,19.270000457763672,18.700000762939453,18.81999969482422,18.46965980529785,2149400.0,-0.004232675502145,-0.0042416586305043,0.5699996948242188,60.747672605035504,PWR,2149400.0,39698686.7855072,0.5844322820973963,-20.513294626678004,-0.42326755021450113,3.086140734767186,0.9803197710708801,음봉,18.33226661682129,17.873962020874025,19.59285767873128,True,False,0,0.5828572681971954,0.07412264497593121,False,60.747672605035504,-0.25909346126619326,0.19680052920192553,63.94863908172383
2016-02-08,18.280000686645508,18.350000381469727,17.209999084472656,17.649999618530273,17.321439743041992,4875900.0,-0.0621679053301513,-0.064184349549228,1.1400012969970703,51.31577063058381,PWR,4875900.0,84457608.04309845,1.3316332900411132,126.84935330789986,-6.216790533015137,6.581446542023205,-1.0268685002955051,음봉,18.116361999511717,17.822439193725586,19.530049006144207,True,False,0,0.5964288711547844,0.07433692587112005,True,51.31577063058381,-0.30522802392808757,0.12053277323202499,12.227043095745412
2016-02-09,17.43000030517578,17.93000030517578,17.329999923706055,17.540000915527344,17.213491439819336,3629100.0,-0.006232062970748,-0.0062515633357351,0.6000003814697266,48.69103820982971,PWR,3629100.0,62469481.78424835,1.020684375,-25.570663877438015,-0.6232062970748076,3.485640223352758,0.626740985416052,음봉,17.957377624511718,17.77680492401123,19.46282418568929,True,False,0,0.5821431023733948,0.07507967535555028,False,48.69103820982971,-0.3465062151593514,0.0634036656006089,0.16953169992796524
2016-02-10,17.549999237060547,17.799999237060547,17.1299991607666,17.489999771118164,17.164417266845703,4097700.0,-0.0028509133748492,-0.0028549849687335,0.6700000762939453,47.79214813244285,PWR,4097700.0,70334632.63435364,1.1714785659733835,12.912292303877004,-0.28509133748492177,3.9034245432153307,1.9549072796630893,음봉,17.743435287475585,17.727244567871093,19.410810724894205,True,False,0,0.5821431023733948,0.07805786794611373,False,47.79214813244285,-0.3788126384332351,0.02487779386138017,1.608321739215688
2016-02-11,17.100000381469727,17.600000381469727,16.770000457763672,17.290000915527344,16.968143463134766,3701300.0,-0.0114349238112531,-0.0115008052670125,0.8299999237060547,42.14657594812091,PWR,3701300.0,62804189.40010071,1.0663926696734078,-9.67371940356786,-1.1434923811253106,4.891518777580615,-0.3752931682708645,음봉,17.42743034362793,17.688479709625245,19.355035463968914,False,False,0,0.5950001307896198,0.08932507175155961,False,42.14657594812091,-0.41546415508284795,-0.009418978230586128,7.92572021484375
2016-02-12,17.510000228881836,17.8799991607666,17.290000915527344,17.65999984741211,17.331256866455078,4108500.0,0.0213997131807153,0.0211739544214153,0.5899982452392578,47.94194809870141,PWR,4108500.0,71205468.83583069,1.1803380283488525,11.001539999459652,2.139971318071532,3.4042438455874993,3.1933768530677273,음봉,17.199749755859376,17.67032413482666,19.29762455622355,False,False,0,0.6071428571428564,0.08941684980889461,False,47.94194809870141,-0.41047878521202463,-0.003546886687810169,22.45025634765625
2016-02-16,17.8799991607666,18.239999771118164,17.649999618530273,18.040000915527344,17.704179763793945,3572800.0,0.0215173602360405,0.0212891299779625,0.5900001525878906,51.46721781842878,PWR,3572800.0,63253493.46008301,1.0295292877843154,-13.038821954484604,2.151736023604056,3.332547231555311,3.166200227368523,음봉,17.276297760009765,17.665907859802246,19.250027338663738,False,False,0,0.6249999999999992,0.08943920299921503,False,51.46721781842878,-0.372146212644644,0.02782854870365642,37.36717224121094
2016-02-17,18.200000762939453,18.790000915527344,18.040000915527344,18.559999465942383,18.214502334594727,5581700.0,0.0288249767913235,0.0284173518030649,0.75,58.2120677045663,PWR,5581700.0,101667887.68100739,1.6015516939059464,56.227608598298254,2.8824976791323564,4.1175980887247645,2.8005872384977133,양봉,17.476499938964842,17.715467834472655,19.205047194163004,False,False,0,0.6407143729073655,0.08918899201542393,False,58.2120677045663,-0.29716309504755145,0.08224933304059923,57.78007507324219
2016-02-18,19.200000762939453,19.200000762939453,18.3700008392334,18.56999969482422,18.22431755065918,4375200.0,0.0005388681987654,0.0005387230614352,0.8299999237060547,56.2091735738406,PWR,4375200.0,79735034.14764404,1.2475958992463847,-21.61527849938191,0.05388681987654742,4.554353936156217,5.41051525999134,음봉,17.68847999572754,17.76110200881958,19.156305090586343,False,False,0,0.6607142857142853,0.08895983585104644,False,56.2091735738406,-0.23424618402501451,0.11613299525050896,58.17268371582032
2016-02-19,18.440000534057617,18.86000061035156,18.21999931335449,18.68000030517578,18.332273483276367,2926700.0,0.0059237297812164,0.0059062534765977,0.6400012969970703,49.75006146427828,PWR,2926700.0,53653064.803504944,0.8364663035578674,-33.10705796306455,0.5923729781216469,3.4911179869802402,1.1834900418020655,음봉,17.961305999755858,17.811152839660643,19.110180060068767,True,False,0,0.6585715157645085,0.08870985126352919,False,49.750061464278275,-0.17367096642316326,0.1413665702818882,62.49092102050782
2016-02-22,18.8700008392334,19.1299991607666,18.799999237060547,19.020000457763672,18.665945053100582,2813800.0,0.0182013196633035,0.0180376585600018,0.3299999237060547,53.14695959491162,PWR,2813800.0,52522236.19041442,0.8095931195084424,-3.857587043427746,1.8201319663303517,1.7679250783567408,2.9332278751327463,음봉,18.22824363708496,17.866601371765135,19.071088345845542,True,False,0,0.6514286313738137,0.0950265556743701,False,53.14695959491162,-0.09761491897388552,0.17393809418493278,75.83778381347642
2016-02-23,19.0,19.01000022888184,18.690000534057617,18.700000762939453,18.351896286010746,2903700.0,-0.0168246915008286,-0.0169678344517091,0.3199996948242223,54.1567489811483,PWR,2903700.0,53288401.2456894,0.8366381190985153,3.194967659393,-1.682469150082866,1.7436873543588578,1.7896492567030675,음봉,18.35778694152832,17.90929183959961,19.02103770573934,True,False,0,0.6492857251848496,0.09480004040203154,False,54.1567489811483,-0.06196675016627751,0.16766901039403262,63.275833129882955
2016-02-24,18.5,18.84000015258789,17.829999923706055,18.520000457763672,18.175249099731445,6052300.0,-0.0096255549577159,-0.0096721800479833,1.010000228881836,49.27888591026696,PWR,6052300.0,110002060.12630463,1.7141618274926822,108.43406688018734,-0.9625554957715998,5.557009003506639,0.8070213109374998,음봉,18.349936294555665,17.9392240524292,18.969351482391357,True,False,0,0.6807143347603934,0.09464186327144472,False,49.27888591026696,-0.04742261281630533,0.14577051819520384,56.20994567871094
2016-02-25,19.39999961853028,20.11000061035156,19.299999237060547,19.920000076293945,19.549184799194336,5252600.0,0.0755937754648541,0.0728728583605488,0.8100013732910121,59.73286144691149,PWR,5252600.0,102684048.07624817,1.4713996121785367,-13.213158633907774,7.559377546485413,4.14340230352927,6.738562492752475,양봉,18.614909744262697,18.044722747802734,18.93990993499756,True,True,0,0.6914287294660296,0.14303579900521654,False,59.73286144691149,0.07411450338362258,0.21384610751610542,83.20910821747437
2016-02-26,20.0,20.25,19.799999237060547,20.209999084472656,19.83378791809082,4141600.0,0.0145583113474998,0.0144533565496334,0.4500007629394531,62.75231065601307,PWR,4141600.0,82143616.04156494,1.152818192663023,-21.151429768114838,1.4558311347499853,2.2688594069769086,2.3060562649356258,음봉,18.915212631225586,18.15316572189331,18.909814167022706,True,True,0,0.6828573771885463,0.15785921303522252,False,62.75231065601307,0.1911946636862396,0.2647410142549779,88.0398811305098
2016-02-29,20.190000534057617,20.420000076293945,19.90999984741211,20.290000915527344,19.912303924560547,4297600.0,0.0039586995078286,0.0039508844750533,0.5100002288818359,80.27524919216765,PWR,4297600.0,85575117.3461914,1.187666635960468,3.76666022793124,0.3958699507828678,2.5612316425764448,1.795988831976406,음봉,19.164484405517577,18.2311861038208,18.872685178120932,True,True,0,0.637857300894601,0.16149034103758939,False,80.27524919216765,0.28700866257035784,0.28844401051127694,86.09051493715415
2016-03-01,20.32999992370605,20.959999084472656,20.290000915527344,20.88999938964844,20.501129150390625,3086000.0,0.0295709239905583,0.0291421367986103,0.6699981689453125,84.53600067642655,PWR,3086000.0,63266484.55810547,0.8475379427746886,-28.19247952345495,2.9570923990558384,3.2681037421421566,2.0976779017032934,양봉,19.594330978393554,18.33619441986084,18.844715754191082,True,True,0,0.6428571428571429,0.19267824098925937,False,84.53600067642655,0.405777669290071,0.325770413784792,89.04844667115205
2016-03-02,20.90999984741211,21.26000022888184,20.81999969482422,21.200000762939453,20.80535888671875,3132900.0,0.0148396575669749,0.0147306271743084,0.4400005340576207,86.30137507311998,PWR,3132900.0,65181108.85620117,0.8625121102699896,1.5197666882696081,1.4839657566974918,2.114842317565107,1.994381353447031,음봉,20.120352935791015,18.47604169845581,18.816255601247153,True,True,0,0.6264286041259768,0.2076860123077494,False,86.30137507311998,0.5184751017237019,0.35077427697473834,89.87435711940208
2016-03-03,21.229999542236328,21.530000686645508,21.14999961853028,21.51000022888184,21.10958480834961,2963200.0,0.0146224789145581,0.0145166013500845,0.3800010681152308,90.42139516873684,PWR,2963200.0,62551921.70410156,0.8163228181873836,-5.416706565801654,1.4622478914558146,1.8001352066617768,2.041015768243491,음봉,20.43243293762207,18.619814491271974,18.81576484044393,True,True,0,0.594285828726632,0.22242119260404777,False,90.42139516873684,0.6251309972066998,0.36594413796618896,90.084530637014
2016-03-04,21.76000022888184,22.01000022888184,21.520000457763672,21.76000022888184,21.35493469238281,3102600.0,0.0116226769148086,0.0115556524414306,0.4899997711181676,90.19602164248444,PWR,3102600.0,66255820.37658691,0.8571781905761348,4.704373650107985,1.1622676914808672,2.294550548510682,3.08113791169861,음봉,20.736662292480467,18.76015281677246,18.83064905802409,True,True,0,0.5871430805751255,0.23383558077021874,False,90.19602164248444,0.7211413790279408,0.36956361582994396,84.97556319272603
2016-03-07,21.75,22.1200008392334,21.57999992370605,22.01000022888184,21.60027885437012,2934000.0,0.0114888743759458,0.0114233784311591,0.5400009155273473,89.93958259196553,PWR,2934000.0,63375218.15872193,0.8205754265090407,-5.434152001547088,1.1488874375945812,2.4999719641031186,1.849995391267147,음봉,21.07425727844238,18.916683769226076,18.85910924275716,True,True,1,0.5835717064993725,0.24487037198195263,False,89.93958259196553,0.8077166668282061,0.3649111229041673,87.88527100350534
2016-03-08,21.979999542236328,22.26000022888184,21.790000915527344,22.0,21.590465545654297,3064700.0,-0.0004543139827956,-0.0004544172146607,0.4699993133544957,88.56496799937598,PWR,3064700.0,66168299.75776672,0.8623114325565316,4.45466939331971,-0.045431398279560664,2.176883645054595,1.7579434526114144,음봉,21.292124557495118,19.13013505935669,18.886424350738526,True,True,1,0.563571657453265,0.24213814365987676,False,88.56496799937598,0.8655587318810589,0.3382025503656161,84.88635130689963
2016-03-09,22.06999969482422,22.209999084472656,21.88999938964844,21.959999084472656,21.55121421813965,3492500.0,-0.0018179935690432,-0.0018196481249705,0.3199996948242152,87.75058089404008,PWR,3492500.0,75267615.65685272,0.9910898643998169,13.95895193656802,-0.18179935690432192,1.4848337155633282,2.2210458971156455,음봉,21.441295623779297,19.347021198272706,18.911613337198894,True,True,1,0.5271430696759908,0.23942369958476659,False,87.75058089404008,0.8978815119143597,0.2964202643191335,84.00031688679384
2016-03-10,21.989999771118164,22.190000534057617,21.790000915527344,22.11000061035156,21.69841384887696,3299200.0,0.006830224471223,0.0068070041613815,0.3999996185302734,87.85871159645566,PWR,3299200.0,71587406.97021487,0.9385339245559057,-5.534717251252685,0.6830224471223278,1.8434509605916478,2.036013138457832,음봉,21.559061431884768,19.57372102737427,18.948905849456786,True,True,1,0.5100000926426481,0.2416643406292963,False,87.85871159645566,0.9247157800650996,0.2586036259758986,87.32310741945659
2016-03-11,22.3700008392334,22.600000381469727,22.270000457763672,22.559999465942383,22.140043258666992,1858000.0,0.0203530734027774,0.0201487177948333,0.3299999237060547,88.14655894593636,PWR,1858000.0,41136200.37460327,0.5348338325097494,-43.68331716779825,2.0353073402777255,1.4905116482862883,3.0950971579482403,음봉,21.716083145141603,19.83231601715088,18.993395296732583,True,True,1,0.5100000926426481,0.24247225528542918,False,88.14655894593636,0.9704314042594397,0.24345540013619094,90.35729394838722
2016-03-14,22.540000915527344,22.57999992370605,22.280000686645508,22.459999084472656,22.041900634765625,2156100.0,-0.0044328108466069,-0.0044426648841134,0.2999992370605433,92.53398211511582,PWR,2156100.0,47524541.958618164,0.6224840557381242,16.044133476856825,-0.44328108466069605,1.361040692595125,1.8064899521087574,음봉,21.8044075012207,20.067848205566406,19.028398036956787,True,True,1,0.5085714885166711,0.2210433051632626,False,92.53398211511582,0.9873604001785203,0.2083075168442171,88.29979678941675
2016-03-15,22.09000015258789,22.09000015258789,21.530000686645508,21.90999984741211,21.50214576721192,3559100.0,-0.0244876735676041,-0.0247924829840475,0.5599994659423828,85.38633700454115,PWR,3559100.0,76528287.00008395,1.0281803099627747,65.07119335837854,-2.448767356760395,2.604388752662592,0.21821855845952132,음봉,21.786743545532225,20.257746505737305,19.048025798797607,True,True,0,0.4764285768781387,0.19571743371419206,False,85.3863370045412,0.9463145198037601,0.13380930917556533,66.73168989296332
2016-03-16,21.8799991607666,22.229999542236328,21.729999542236328,22.190000534057617,21.77692985534668,2417900.0,0.0127793798400237,0.0126984126428776,0.5,80.92656298323581,PWR,2417900.0,52654438.69724274,0.702158317818441,-32.064285914978505,1.2779379840023752,2.296007762899782,1.7572822621771056,음봉,21.83188667297363,20.435867881774904,19.086136277516683,True,True,0,0.4542856216430664,0.1940115380404972,False,80.92656298323588,0.9252919536612048,0.09022939442640776,70.60463608143557
2016-03-17,22.21999931335449,22.6299991607666,22.18000030517578,22.520000457763672,22.10079002380371,1982800.0,0.0148717092174275,0.0147622096455699,0.4499988555908203,81.13221582759441,PWR,1982800.0,43821446.459198,0.5770338349650453,-17.99495429918524,1.4871709217427531,2.0361211300869693,2.0345818301794565,음봉,21.912361907958985,20.629691505432127,19.129644425710044,True,True,1,0.45428548540387836,0.1921887274897714,False,81.13221582759446,0.9241116437218224,0.07123926758962029,80.54377681771423
2016-03-18,22.61000061035156,22.84000015258789,22.5,22.670000076293945,22.24799156188965,3025700.0,0.0066604649846178,0.0066383820883851,0.3400001525878906,81.48156336684825,PWR,3025700.0,67315748.06880951,0.8792097867553353,52.597337099051856,0.6660464984617809,1.5282285218514011,2.3040379371027075,음봉,21.933951568603515,20.825477409362794,19.173806699117026,True,True,1,0.44214262281145367,0.1955653828289749,False,81.48156336684832,0.9243982854808692,0.057220727478933586,76.78396988931391
2016-03-21,22.57999992370605,22.75,22.440000534057617,22.63999938964844,22.21855735778809,2005200.0,-0.0013230050011335,-0.0013238809449206,0.3099994659423828,77.25885386677234,PWR,2005200.0,44552651.21383668,0.585382535501046,-33.727732425554414,-0.13230050011335814,1.395227696156975,1.4923071185676202,음봉,21.969282913208012,21.003108024597168,19.213389205932618,True,True,1,0.41642842973981586,0.19391141812861845,False,77.25885386677241,0.9117403812842966,0.035650258625888775,69.23551217964594
2016-03-22,22.6200008392334,22.8700008392334,22.600000381469727,22.700000762939453,22.27744102478028,2387100.0,0.0026502020830594,0.0026466964898399,0.2700004577636719,75.33813397452784,PWR,2387100.0,53178479.470253006,0.7181202188923589,19.045481747456616,0.26502020830596607,1.2119904501748529,1.8067936409228398,음봉,22.12434196472168,21.199385261535646,19.242667229970298,True,True,1,0.40428556714739095,0.19350523019607974,False,75.33813397452795,0.8961302886811175,0.016032132818167733,65.5488724472599
2016-03-23,22.700000762939453,22.700000762939453,22.290000915527344,22.31999969482422,21.904512405395508,2317100.0,-0.0167401910735592,-0.0168818916951212,0.4099998474121094,63.36651890204752,PWR,2317100.0,50754945.69454193,0.700824028367623,-2.9324284696912617,-1.6740191073559396,1.8717597535342463,1.8968055518097382,음봉,22.149858474731445,21.385848426818846,19.269491767883302,True,True,0,0.40642833709716825,0.12757297120672495,False,63.36651890204752,0.8439385565953543,-0.02892767941407648,28.482358442982303
2016-03-24,22.25,22.40999984741211,22.15999984741211,22.299999237060547,21.8848819732666,2664200.0,-0.0008961821092201,-0.0008965839204885,0.25,59.64291589532368,PWR,2664200.0,58305702.55317688,0.8022527849128607,14.979931811315872,-0.0896182109220156,1.1423410932962152,1.5772439404740726,음봉,22.106676864624024,21.50263328552246,19.296970494588216,True,True,0,0.3892854963030134,0.11364436505247713,False,59.64291589532368,0.7918641046023289,-0.06480170512568151,26.483675090314375
2016-03-28,22.39999961853028,22.489999771118164,22.030000686645508,22.290000915527344,21.875072479248047,1559300.0,-0.0004482315248734,-0.0004483320106518,0.4599990844726562,55.46891429499812,PWR,1559300.0,34109800.51689148,0.4708383419510315,-41.472111703325574,-0.044823152487349915,2.1028459901517484,2.353760216266732,음봉,22.032093048095703,21.604697513580323,19.32183230717977,True,True,0,0.3835710797991069,0.10947328000001162,False,55.468914294998115,0.7412584164284866,-0.09232591463961903,25.751623381244787
2016-03-29,22.25,22.59000015258789,22.09000015258789,22.57999992370605,22.159671783447266,1753600.0,0.0130102107990364,0.0129263049778746,0.5,60.21140833041349,PWR,1753600.0,38859200.439453125,0.5276639970654765,12.460719553645871,1.3010210799036415,2.2563511088349593,1.7139487016906159,음봉,22.02031593322754,21.71706590652466,19.35552651087443,True,True,1,0.3857139859880715,0.08179336389341535,False,60.211408330413484,0.7158657742724088,-0.09417484543655741,46.99037500747282
2016-03-30,22.68000030517578,22.8700008392334,22.459999084472656,22.6200008392334,22.198925018310547,1775000.0,0.0017713816001825,0.0017698145540806,0.4100017547607422,61.61975132232772,PWR,1775000.0,39403091.90750122,0.5345301965943029,1.2203467153284686,0.1771381600182531,1.8469441850114663,2.348087673921183,음봉,22.004612731933594,21.801955699920654,19.394291178385416,True,True,1,0.39214270455496625,0.067520646235736,False,61.619751322327716,0.6909445517254618,-0.09527685438680367,49.919720559223165
2016-03-31,22.64999961853028,22.780000686645508,22.51000022888184,22.559999465942383,22.140043258666992,1785800.0,-0.0026524599544791,-0.0026559839592846,0.2700004577636683,58.18197880482984,PWR,1785800.0,39537689.251327515,0.5388107078818716,0.6084507042253495,-0.2652459954479158,1.2195118799416678,2.0319659616295365,음봉,22.05171890258789,21.868689918518065,19.431093152364095,True,True,1,0.38285705021449445,0.053403117460719435,False,58.181978804829775,0.6588482449527575,-0.10189852892760642,45.52555989216365
2016-04-01,22.31999969482422,22.489999771118164,22.11000061035156,22.459999084472656,22.041900634765625,2052300.0,-0.0044328108466069,-0.0044426648841134,0.3799991607666051,47.91656375343257,PWR,2052300.0,45236592.67272949,0.6182743869373983,14.923283682383248,-0.44328108466069605,1.7239854541729074,0.8128097766330262,음봉,22.083122634887694,21.91530570983887,19.480162366231283,True,True,0,0.3864284242902481,0.04209415759978711,False,47.91656375343257,0.6183642825272706,-0.11390599308247473,38.20148431561777
2016-04-04,22.440000534057617,22.57999992370605,22.100000381469727,22.15999984741211,21.74749565124512,1658800.0,-0.013356606056746,-0.0134466078299985,0.4799995422363246,44.230902921831145,PWR,1658800.0,36074745.78628541,0.5012425014640941,-19.17361009598987,-1.3356606056746045,2.2071485836064206,1.8061051353443107,음봉,22.05760726928711,21.934933757781984,19.52465187708537,True,True,0,0.399285588945661,0.035345229036458946,False,44.230902921831145,0.5561138941082007,-0.1409251052012358,16.230965659188417
2016-04-05,22.030000686645508,22.39999961853028,21.979999542236328,22.049999237060547,21.63953399658203,2158300.0,-0.0049643258421301,-0.0049766890412681,0.4200000762939488,53.24063118323004,PWR,2158300.0,46704606.224823,0.6563624576598043,30.11212925006028,-0.4964325842130135,1.9408924256885178,1.2990232987319286,음봉,21.953579711914063,21.936896514892577,19.57584743499756,True,True,0,0.3892856325422017,0.0353420665973432,False,53.240631183229944,0.49239241626761654,-0.16371726643345597,-7.935565151776258
2016-04-06,22.06999969482422,22.6299991607666,22.06999969482422,22.459999084472656,22.041900634765625,2392100.0,0.0185940528223549,0.0184232968712665,0.5599994659423828,55.8951609275688,PWR,2392100.0,52726430.50842285,0.7355436399629842,10.832599731269976,1.8594052822354934,2.540613331044251,1.9892558606399733,음봉,21.922174835205077,21.959468269348143,19.637347507476807,False,True,0,0.3935713086809433,0.035305739103462075,False,55.89516092756879,0.46895449546186185,-0.1497241497913686,6.9551688001080105
2016-04-07,22.290000915527344,22.38999938964844,21.709999084472656,21.84000015258789,21.43344497680664,3451500.0,-0.0276045005392727,-0.0279926648306743,0.6800003051757848,36.82153987312736,PWR,3451500.0,73977535.33744812,1.0610956718205973,44.28744617699929,-2.760450053927277,3.1726132029247767,1.1255847890467403,음봉,21.780855178833008,21.953579807281493,19.692468643188477,False,True,0,0.4099999836512979,0.03844457511634189,True,36.8215398731274,0.3967094680394041,-0.17757534177106116,-23.84083528589633
2016-04-08,22.1200008392334,22.43000030517578,22.059999465942383,22.1299991607666,21.71804428100586,1755000.0,0.0132782809533038,0.0131908972675929,0.3700008392333984,40.073482914364966,PWR,1755000.0,38115167.71316528,0.542223447161106,-49.152542372881356,1.3278280953303856,1.7036563442178507,3.203198847267377,음봉,21.716083908081053,21.95456132888794,19.751842308044434,False,True,0,0.41214288984026276,0.03844285637641527,False,40.07348291436499,0.3582894113550914,-0.17279631876429913,0.6935503761252929
2016-04-11,22.229999542236328,22.38999938964844,21.88999938964844,21.93000030517578,21.52177047729492,2006700.0,-0.0090373608770379,-0.0090784455414644,0.5,37.71615104698706,PWR,2006700.0,43187736.81678771,0.6241325259865766,14.34188034188033,-0.9037360877037992,2.32322893940111,2.3572806768711394,음봉,21.670938873291014,21.923647689819337,19.814814472198485,False,True,0,0.425714356558664,0.038497063076121475,False,37.716151046987086,0.30844798760228187,-0.17811019401368694,-16.226579520697474
2016-04-12,21.920000076293945,22.600000381469727,21.86000061035156,22.38999938964844,21.973203659057617,1826900.0,0.0209756526415405,0.0207586923179205,0.7399997711181676,45.28860638354429,PWR,1826900.0,40142845.76473236,0.5723140403403014,-8.959984053421044,2.0975652641540554,3.367737279461891,1.850357057841278,양봉,21.737672805786133,21.920212841033937,19.886128393809,False,True,0,0.45928573608398515,0.03850309548061077,True,45.28860638354424,0.3018951260818419,-0.14773044442730154,22.690015209438073
2016-04-13,22.459999084472656,22.82999992370605,22.31999969482422,22.76000022888184,22.336320877075195,1610200.0,0.0165254563536481,0.0163903969144982,0.5100002288818324,56.70733080278682,PWR,1610200.0,35965943.87626648,0.5076981055398433,-11.861623515244402,1.6525456353648105,2.283277678936236,2.21540487663198,음봉,21.796556854248045,21.961921596527098,19.961858654022215,False,True,0,0.46642862047467964,0.041110970016910046,False,56.70733080278682,0.3222873331519054,-0.1018705898857904,53.993176306161885
2016-04-14,22.790000915527344,22.82999992370605,22.600000381469727,22.61000061035156,22.189109802246094,1224700.0,-0.0065906590274762,-0.0066124733205566,0.2299995422363245,54.54544936407651,PWR,1224700.0,27175002.77481079,0.38927561107402814,-23.941125326046453,-0.6590659027476242,1.03654244936425,2.0311314515443826,음봉,21.947689819335938,21.98253059387207,20.04462210337321,False,True,0,0.4650000163487028,0.04107242778136943,False,54.54544936407651,0.3228480098373794,-0.08104793056025311,41.3025856044724
2016-04-15,22.56999969482422,22.63999938964844,22.350000381469727,22.600000381469727,22.17929458618164,1404300.0,-0.0004423438412775,-0.0004424417041748,0.2899990081787145,54.54535609944041,PWR,1404300.0,31146383.387374878,0.45312366354975525,14.664815873275083,-0.04423438412775038,1.3075213327992519,1.716562295525571,음봉,22.039939880371094,21.986455821990965,20.125749778747558,True,True,1,0.4528571537562784,0.041065095146689976,False,54.54535609944041,0.31882512664465423,-0.06805665100238267,40.45644756854524
2016-04-18,22.459999084472656,22.780000686645508,22.299999237060547,22.6299991607666,22.208738327026367,1332800.0,0.0013275327910144,0.0013266523984394,0.4800014495849609,50.793607702051446,PWR,1332800.0,29599806.442260742,0.4349641865686293,-5.0915046642455275,0.13275327910144963,2.161317957449367,1.2656150861799855,음봉,22.177333450317384,21.9844931602478,20.207041136423747,True,True,1,0.4514286858694899,0.04106876122580475,False,50.793607702051446,0.3143887487501722,-0.05799442311749181,42.99469724996917
2016-04-19,22.790000915527344,23.07999992370605,22.729999542236328,22.88999938964844,22.463897705078125,2009600.0,0.0114891433405404,0.0114236443407164,0.350000381469723,54.005917091513055,PWR,2009600.0,45143448.828125,0.6640775965708459,50.78031212484995,1.1489143340540409,1.5580572261536025,2.617269742845426,음봉,22.275472259521486,21.996760177612305,20.28882319132487,True,True,1,0.44714287349155996,0.046845659085752576,False,54.005917091513055,0.32768477059983425,-0.03575872101426386,55.02906268490495
2016-04-20,22.90999984741211,23.030000686645508,22.809999465942383,22.89999961853028,22.473711013793945,1151300.0,0.0004368479969352,0.0004367526066287,0.220001220703125,55.12043431988825,PWR,1151300.0,25873983.49018097,0.3902804263323964,-42.70999203821656,0.0436847996935219,0.9789269808092323,1.9858625969131787,음봉,22.302950286865233,22.00657367706299,20.371750259399413,True,True,1,0.44357149941580687,0.04727069521374666,False,55.12043431988825,0.3351504104012193,-0.02263446497030308,55.74536215237911
2016-04-21,22.88999938964844,22.979999542236328,22.729999542236328,22.950000762939453,22.522781372070312,2105300.0,0.002183455960889,0.002181075685111,0.25,57.492395272290246,PWR,2105300.0,47417211.62261963,0.7266125882216949,82.86285069052374,0.21834559608890913,1.1099872430055018,1.8523348262286798,음봉,22.369684600830077,22.03748712539673,20.454186534881593,True,True,1,0.4342858450753351,0.049431062129052114,False,57.492395272290246,0.3410946250321878,-0.013352200271467718,59.32713793463522
2016-04-22,22.940000534057617,23.440000534057617,22.82999992370605,23.40999984741211,22.97422409057617,2464500.0,0.020043826339569,0.0198455933727021,0.610000610351566,68.22146382757846,PWR,2464500.0,56619975.27122497,0.8584624877600252,17.06170142022514,2.0043826339569026,2.6551521737867225,1.8524317893734168,양봉,22.528670501708984,22.091954231262207,20.546436754862466,True,True,1,0.4435716356549952,0.06974390303548517,False,68.22146382757846,0.37787717956558353,0.018744283409542373,73.07652871659779
2016-04-25,23.290000915527344,23.479999542236328,22.76000022888184,22.950000762939453,22.522781372070312,2011100.0,-0.0196499658367584,-0.019845593372702,0.7199993133544886,61.904744766114014,PWR,2011100.0,45295565.617370605,0.708906023832131,-18.39724081963887,-1.9649965836758487,3.1967602111848135,1.374483088987995,음봉,22.591479110717774,22.12433967590332,20.627400970458986,True,True,0,0.4650001525878906,0.06964181242650437,True,61.904744766114014,0.36637660309990494,0.0057949655550909585,45.91989137813985
2016-04-26,23.0,23.709999084472656,22.96999931335449,23.6299991607666,23.19012451171875,2856800.0,0.0296296948686802,0.0291992180539281,0.7399997711181676,64.44444551084868,PWR,2856800.0,66249547.705078125,1.0094722294514094,42.0516135448262,2.962969486868028,3.1910124964797872,2.118826356506169,양봉,22.7367244720459,22.175862312316895,20.708038107554117,True,True,1,0.4778573172433038,0.0792158388328564,False,64.44444551084868,0.4064262981690874,0.03667572849941869,74.00627136230469
2016-04-27,23.6299991607666,24.3799991607666,23.5,24.290000915527344,23.83783912658692,3730600.0,0.0279306225605151,0.0275476769739705,0.8799991607666016,79.95099858441412,PWR,3730600.0,88929442.64564517,1.3151726673415223,30.586670400448046,2.7930622560515372,3.6916062571507045,1.896818832626656,양봉,23.009550094604492,22.257808017730714,20.79865271250407,True,True,1,0.49214294978550505,0.10802475014003736,True,79.95099858441415,0.48484216759154464,0.09207327833750073,78.48570055366156
2016-04-28,24.1200008392334,24.280000686645508,23.5,23.57999992370605,23.141056060791016,2222600.0,-0.0292301270302123,-0.0296658388108723,0.7800006866455078,66.07536547653726,PWR,2222600.0,51433311.20071411,0.7869799438529047,-40.42245215246877,-2.923012703021255,3.370635655505368,1.1836715196713257,음봉,23.133205032348634,22.307858657836913,20.884196758270264,True,True,1,0.5214286531720843,0.10778238228327663,False,66.07536547653723,0.4851700011496014,0.07392088951644599,50.83556298984646
2016-04-29,23.559999465942383,23.959999084472656,23.51000022888184,23.71999931335449,23.2784481048584,2134200.0,0.0059371553185152,0.0059195998639134,0.4499988555908167,70.11225679259945,PWR,2134200.0,49680863.945388794,0.7658503381986471,-3.977323854944659,0.5937155318515241,1.9331136404101543,1.8103901742894213,음봉,23.194049835205078,22.36968603134155,20.968268744150798,True,True,1,0.5178571428571426,0.10748448352880546,False,70.11225679259942,0.4908578970404349,0.06368702832582351,56.2876313668205
2016-05-02,23.739999771118164,23.920000076293945,23.43000030517578,23.920000076293945,23.474721908569336,1666200.0,0.0084315673805579,0.0083962202650558,0.489999771118164,68.25766135840333,PWR,1666200.0,39113581.64405823,0.6014917735855111,-21.92859150969918,0.8431567380557947,2.087350695895963,1.9827424241542806,음봉,23.38443794250488,22.456047344207764,21.050377972920735,True,True,1,0.4999999999999995,0.10707112043921041,False,68.2576613584033,0.505377573067868,0.06256536348260533,56.47705358641161
2016-05-03,23.76000022888184,23.76000022888184,23.190000534057617,23.31999969482422,22.885894775390625,1795200.0,-0.0250834551085251,-0.0254034066308522,0.5699996948242223,56.33480651176821,PWR,1795200.0,41084758.30078125,0.6521958012923094,7.742167806985956,-2.5083455108525166,2.490615728239506,1.2152575073034797,음봉,23.32359199523926,22.518365383148193,21.12398188908895,True,True,0,0.5042856761387416,0.10677480842280093,False,56.33480651176819,0.464022133998089,0.0169679395302611,28.168055760605732
2016-05-04,23.239999771118164,23.43000030517578,23.020000457763672,23.21999931335449,22.78775405883789,2618300.0,-0.0042882621595492,-0.0042974831264479,0.4099998474121094,56.979382644561205,PWR,2618300.0,59665176.45225525,0.9526848259814157,45.85004456327986,-0.428826215954925,1.7992113060088828,1.5472630596392973,음봉,23.113574981689453,22.555658054351806,21.215087127685546,True,True,0,0.5171428407941548,0.10659827099641571,False,56.9793826445612,0.41850425837523275,-0.022839948874076088,23.449751907119452
2016-05-05,23.0,23.670000076293945,22.3799991607666,23.15999984741211,22.7288761138916,3881700.0,-0.0025837537474849,-0.0025870973998902,1.2900009155273438,56.33490559607988,PWR,3881700.0,88226678.41129303,1.4028397875436907,48.25268303861283,-0.2583753747484985,5.675603620096779,0.931403510034781,음봉,23.03113899230957,22.620429611206056,21.307010205586753,True,True,0,0.5885715484619141,0.10238835818328725,True,56.33490559607987,0.3733760096907268,-0.05437455804686564,20.61908137318103
2016-05-06,23.13999938964844,23.63999938964844,23.01000022888184,23.6299991607666,23.19012451171875,2395000.0,0.020293497818189,0.0200903288651229,0.6299991607666016,60.28808205367736,PWR,2395000.0,55540348.205566406,0.8643311937720723,-38.300229280985135,2.029349781818901,2.716670022397861,1.8088148032342266,양봉,23.01347427368164,22.6940336227417,21.407438659667967,True,True,1,0.5992856706891742,0.10205627998061435,False,60.28808205367735,0.3705588664200832,-0.04575336105400746,40.50626754760742
2016-05-09,23.559999465942383,23.600000381469727,23.15999984741211,23.209999084472656,22.77793884277344,1615100.0,-0.0177741895580171,-0.0179340475284254,0.4400005340576172,53.18722816765743,PWR,1615100.0,36788649.02496339,0.5939680469704514,-32.563674321503136,-1.7774189558017128,1.9316960024116159,1.5949675217859334,음봉,22.874117660522465,22.756842041015624,21.504268582661947,True,True,0,0.6057142530168809,0.08193735599028161,False,53.18722816765743,0.33124790176067975,-0.06805146057072875,19.896984100341975
2016-05-10,23.38999938964844,23.709999084472656,23.38999938964844,23.65999984741211,23.21956825256348,1708600.0,0.0193884711359715,0.0192029093993569,0.3199996948242152,56.959737731060464,PWR,1708600.0,39672954.31632996,0.6354777692765452,5.789115225063468,1.938847113597153,1.3781466190220255,2.6870760831337606,음봉,22.94085235595703,22.81916027069092,21.602407105763753,True,True,1,0.6128570011683873,0.07268210226541623,False,56.95973773106046,0.3319035045687002,-0.05391668621016665,41.97845458984393
2016-05-11,23.65999984741211,23.809999465942383,23.520000457763672,23.6299991607666,23.19012451171875,2316500.0,-0.00126805720608,-0.0012688618709316,0.2899990081787109,56.25,PWR,2316500.0,53719923.431396484,0.8707295681538848,35.57883647430644,-0.1268057206080031,1.2505280341731873,1.8968121631633046,음봉,23.0213264465332,22.861850452423095,21.693839518229165,True,True,1,0.6157140731811523,0.07254638218620198,False,56.25,0.32628598892848615,-0.04762736148030461,40.50626754760742
2016-05-12,23.790000915527344,23.950000762939453,23.32999992370605,23.40999984741211,22.97422409057617,2130800.0,-0.0093100156074401,-0.0093536246812261,0.620000839233402,50.0,PWR,2130800.0,48953476.6921997,0.8085042054259481,-8.016404057845882,-0.9310015607440159,2.6986802113056827,2.5867752607600534,음봉,23.07039604187012,22.9011061668396,21.77316821416219,True,True,0,0.6164283752441406,0.07242202749170361,False,50.0,0.30094361699482164,-0.05837578673117533,29.711246490478338
2016-05-13,23.309999465942383,23.59000015258789,22.799999237060547,22.850000381469727,22.424644470214844,2674900.0,-0.0239215748133473,-0.0242123421223791,0.7900009155273438,49.05661899523285,PWR,2674900.0,59983681.493377686,1.0237955940970305,25.53501032476064,-2.3921574813347335,3.522913893135069,1.4615308619016505,음봉,22.917300033569337,22.91337366104126,21.843173662821453,True,True,0,0.6214284896850588,0.07109825133827641,False,49.05661899523286,0.23381781608390995,-0.10040127011366967,2.2322654724121094
2016-05-16,22.959999084472656,23.3700008392334,22.959999084472656,23.200000762939453,22.76813316345215,2377600.0,0.0153174643947437,0.0152013363932376,0.4100017547607422,45.67408895720996,PWR,2377600.0,54133513.40942383,0.9166625358690923,-11.11443418445549,1.5317464394743796,1.8007701897092072,2.3873493957457756,음봉,22.915338897705077,22.94134340286255,21.91710465749105,False,True,0,0.5978572028023856,0.06160034447658995,False,45.67408895720997,0.2059625935646423,-0.10260519410634988,19.406700134277344
2016-05-17,23.200000762939453,23.34000015258789,22.690000534057617,22.739999771118164,22.31669235229492,2396100.0,-0.0198277481915772,-0.0200269556113036,0.6499996185302734,33.75263771425121,PWR,2396100.0,53473026.545333855,0.9421624242999206,0.7780955585464433,-1.9827748191577288,2.912616297564506,1.8968072454027411,음봉,22.73476371765137,22.93398313522339,21.977950445810954,False,True,0,0.5814286640712193,0.06632719512014179,False,33.75263771425118,0.14577917681429042,-0.13023088868536142,-3.331934612126096
2016-05-18,22.6200008392334,22.790000915527344,22.200000762939453,22.420000076293945,22.002649307250977,3855300.0,-0.014072114276005,-0.0141720652651895,0.5900001525878906,36.75800494933301,PWR,3855300.0,84826813.87424469,1.5208645896211175,60.8989608113184,-1.4072114276005077,2.6814959614588596,1.3591104010863404,음봉,22.497268676757812,22.91043004989624,22.03879632949829,False,False,0,0.567857197352818,0.08010280973945559,False,36.758004949333014,0.07191375922233334,-0.1632770450218548,-11.213161585094923
2016-05-19,22.290000915527344,22.63999938964844,22.1299991607666,22.56999969482422,22.14985656738281,2607400.0,0.0066904334144579,0.0066681517920827,0.5100002288818395,36.90208399833003,PWR,2607400.0,57753536.01379394,1.0306452614757384,-32.36842787850491,0.6690433414457964,2.3024990131667487,1.305986403108604,음봉,22.33239517211914,22.891783809661867,22.10503978729248,False,True,0,0.5721430097307483,0.08016805656540281,False,36.90208399833003,0.024965492581280557,-0.16818024933032608,1.0910653371128989
2016-05-20,22.729999542236328,23.209999084472656,22.709999084472656,22.81999969482422,22.39520072937012,4556900.0,0.0110765575948965,0.0110156617954019,0.5,37.612660920722654,PWR,4556900.0,102052690.2036667,1.7817514352211017,74.76796809081844,1.1076557594896563,2.2326212032753805,2.6191726031662874,음봉,22.326506423950196,22.862832641601564,22.152473386128744,False,True,0,0.5728573117937366,0.08026957324599424,False,37.612660920722654,0.007469769615450872,-0.14854077783692463,14.571501930926988
2016-05-23,22.799999237060547,23.040000915527344,22.549999237060547,22.8700008392334,22.44426918029785,2470800.0,0.0021910252790626,0.0021886284834972,0.4900016784667969,44.215923789957735,PWR,2470800.0,55455300.29067993,0.9686873219031924,-45.77892865764006,0.2191025279062675,2.183192843262336,1.8075234626477552,음봉,22.261733627319337,22.85890703201294,22.195981407165526,False,True,0,0.5671431677682062,0.08028335811357203,False,44.215923789957735,-0.002408538840658281,-0.12673526903442703,17.267568289832898
2016-05-24,22.89999961853028,23.13999938964844,22.450000762939453,22.64999961853028,22.22836685180664,3974000.0,-0.0096194857919782,-0.0096660519141529,0.6899986267089879,42.892807602718406,PWR,3974000.0,88335529.86907959,1.5784376895326888,60.838594787113486,-0.9619485791978244,3.1041355008629767,2.0304980062905353,음봉,22.24406852722168,22.810819149017334,22.234582455952964,False,False,0,0.5871430805751261,0.08045260485154487,False,42.892807602718406,-0.027343484332945422,-0.12133617162137134,5.404813431076132
2016-05-25,22.799999237060547,23.520000457763672,22.790000915527344,23.40999984741211,22.97422409057617,3035500.0,0.0335542977017633,0.0330036364488057,0.7299995422363281,52.65393736251445,PWR,3035500.0,69738257.22694395,1.222765569861768,-23.616004026170103,3.3554297701763325,3.1774720197656983,2.5716346552353486,양봉,22.438383483886717,22.767638397216796,22.275800704956055,False,True,0,0.5471429824829107,0.06465635897916892,False,52.65393736251445,0.012930779520072377,-0.06484952621468283,46.38594432014065
2016-05-26,23.520000457763672,23.68000030517578,23.3700008392334,23.56999969482422,23.13124084472656,2448300.0,0.006834474737051,0.0068112255849677,0.3099994659423828,49.31817740108798,PWR,2448300.0,56632216.960144036,0.9970233362679812,-19.344424312304398,0.6834474737051011,1.3401765518042075,2.375603045551281,음봉,22.63466033935547,22.767147636413576,22.314565404256186,False,True,0,0.5242858614240379,0.06465775268940319,False,49.31817740108798,0.056862883673041154,-0.01673393764937124,55.013230909500386
2016-05-27,23.520000457763672,23.75,23.440000534057617,23.65999984741211,23.21956825256348,2425900.0,0.0038185330579469,0.00381126096719,0.3099994659423828,55.52831548270242,PWR,2425900.0,56328350.623893745,1.0,-0.9149205571212682,0.38185330579469934,1.3350785103773768,1.6806690814675513,음봉,22.79953384399414,22.76420364379883,22.349731794993083,True,True,1,0.5150000708443783,0.06466611458729263,False,55.52831548270242,0.09768067434767858,0.01926708242021294,59.86638091395474
2016-05-31,23.690000534057617,24.21999931335449,23.6299991607666,24.030000686645508,23.58267974853516,10871300.0,0.0156381674293875,0.015517151305473,0.5900001525878871,54.63657304462654,PWR,10871300.0,256374386.35025027,4.2641308205233575,348.1347128900614,1.5638167429387506,2.5018367669795243,2.0260164890972963,음봉,23.0272159576416,22.76960153579712,22.38686087926229,True,True,1,0.5342858178274977,0.06939209888236937,False,54.63657304462654,0.15751341402091157,0.06327985767475673,69.5062431440407
2016-06-01,23.81999969482422,24.0,23.700000762939453,23.940000534057617,23.49435043334961,2745500.0,-0.0037455164606997,-0.0037525484719793,0.2999992370605469,53.8271098988216,PWR,2745500.0,64503739.11476135,1.0794915546191215,-74.74543062927157,-0.37455164606997604,1.276899473818633,1.0063315484907949,음봉,23.280412673950195,22.80002431869507,22.418428738911945,True,True,1,0.535000119890486,0.06929950684257052,False,53.8271098988216,0.19554967877552443,0.08105289794349564,65.27996042936343
2016-06-02,23.8700008392334,23.88999938964844,23.530000686645508,23.6299991607666,23.19012451171875,1838200.0,-0.0129488969058289,-0.0130334647044253,0.3599987030029332,52.65694654653756,PWR,1838200.0,42628086.877441406,0.7278645620554025,-33.04680386086323,-1.29488969058289,1.5523793450139252,1.598896751580598,음봉,23.323592758178712,22.820142841339113,22.445089721679686,True,True,0,0.5164285387311668,0.069238411532724,False,52.65694654653756,0.19885295024781513,0.06748493553262908,50.72369729923112
2016-06-03,23.59000015258789,23.68000030517578,23.280000686645508,23.61000061035156,23.17049598693848,2099000.0,-0.0008464173950575,-0.00084677580852,0.3999996185302734,60.55552406326176,PWR,2099000.0,48634871.07658387,0.8364083718635557,14.187792405614186,-0.08464173950575304,1.7263317054402225,1.724335894216825,음봉,23.331443786621097,22.842223834991454,22.472077751159667,True,True,0,0.48857130323137604,0.06917148053088301,False,60.55552406326176,0.19760904472087404,0.05299282400455038,49.78453350271344
2016-06-06,23.709999084472656,23.979999542236328,23.59000015258789,23.920000076293945,23.474721908569336,1275100.0,0.0131298838748359,0.0130444341005875,0.3899993896484375,60.112244229467386,PWR,1275100.0,29932617.90561676,0.5134890160640901,-39.25202477370176,1.3129883874835935,1.6613589339521422,2.3284054766816444,음봉,23.382474517822267,22.856453704833985,22.501682885487874,True,True,1,0.48714256286621144,0.06912841605651263,False,60.112244229467386,0.21865125442700162,0.05922802696854235,64.34079663284557
2016-06-07,23.920000076293945,24.309999465942383,23.850000381469727,24.100000381469727,23.651376724243164,2317100.0,0.0075253209116543,0.0074971469414025,0.4599990844726562,70.73172032402402,PWR,2317100.0,54802605.007743835,0.9375880329748321,81.71908085640342,0.7525320911654365,1.9449146230931555,1.8968410763667565,음봉,23.396213912963866,22.900125598907472,22.526871776580812,True,True,1,0.47357109614781023,0.07199643555976154,False,70.73172032402402,0.24673768602338697,0.06985156685194213,69.7879518578273
2016-06-08,24.209999084472656,24.46999931335449,24.1299991607666,24.3799991607666,23.926158905029297,1666400.0,0.0116180205486504,0.0115510495623327,0.3400001525878871,80.24688840113997,PWR,1666400.0,39870551.19934082,0.6822921405564756,-28.082516939277546,1.1618020548650465,1.4210394319349722,2.361902086050206,음봉,23.482575607299804,22.935455131530762,22.558276081085204,True,True,1,0.4557139532906671,0.08386620569538883,False,80.24688840113997,0.2878508455872222,0.08877178113262185,76.75895842469328
2016-06-09,24.14999961853028,24.170000076293945,23.88999938964844,24.100000381469727,23.651376724243164,1467700.0,-0.0114845923190944,-0.0115510495623328,0.2800006866455042,72.70038726495213,PWR,1467700.0,34713125.61817169,0.6081753837390792,-11.923907825252044,-1.1484592319094489,1.1838663343368827,0.9355480517766359,음봉,23.574826049804688,22.95851774215698,22.594096597035726,True,True,1,0.4392854145595003,0.08378195924409901,False,72.70038726495213,0.29486171292542807,0.07662611877666214,59.47410016986756
2016-06-10,23.799999237060547,23.84000015258789,23.3700008392334,23.46999931335449,23.03310203552246,1663500.0,-0.0261411712277602,-0.0264889255032608,0.4699993133544922,58.66669638109371,PWR,1663500.0,38315565.236091614,0.6901925944268531,13.340600940246649,-2.6141171227760274,2.04053849381487,0.6283884213177391,음봉,23.547347259521484,22.9614616394043,22.615032800038655,True,True,0,0.4371425083705355,0.08377121752899973,False,58.66669638109371,0.2476732524757317,0.023550126661572635,28.866420347836485
2016-06-13,23.38999938964844,23.549999237060547,22.989999771118164,23.020000457763672,22.591476440429688,1916800.0,-0.0191735179400361,-0.0193597136957282,0.5599994659423828,51.80722440173259,PWR,1916800.0,43303342.041015625,0.7965430786045932,15.226931169221514,-1.9173517940036189,2.47880862244226,1.5494975604048489,음봉,23.370698165893554,22.969803237915038,22.623210906982422,True,False,0,0.4421423503330773,0.0837407955938989,False,51.80722440173259,0.17265035704512144,-0.041178215015230085,7.0037514364139675
2016-06-14,22.90999984741211,23.059999465942383,22.709999084472656,22.950000762939453,22.522781372070312,1925500.0,-0.0030407516100381,-0.0030453840884092,0.3500003814697265,53.74999028235586,PWR,1925500.0,43367615.53192139,0.8088744711424656,0.45388146911520266,-0.30407516100381393,1.5539838339138228,1.4099273583217105,음봉,23.144979095458986,22.957535648345946,22.6277907371521,True,False,0,0.4178567613874158,0.08378554332842367,False,53.74999028235586,0.10642426135948213,-0.0859234485606955,-10.637368639507926
2016-06-15,23.01000022888184,23.43000030517578,22.76000022888184,23.049999237060547,22.62091827392578,2299500.0,0.0043572283651061,0.0043477631304256,0.6700000762939418,44.6106533528851,PWR,2299500.0,52016801.570892334,0.9667496601626547,19.423526356790454,0.4357228365106103,2.961860646772345,2.163226862450077,음봉,22.883930969238282,22.97274694442749,22.63449675242106,False,False,0,0.4135710852486739,0.08373006512592551,True,44.6106533528851,0.06115349182375596,-0.10495537447713735,-5.061409031944844
2016-06-16,22.8700008392334,23.13999938964844,22.700000762939453,23.09000015258789,22.66017341613769,1803700.0,0.0017353469800187,0.0017338430051423,0.4399986267089879,42.546531553091874,PWR,1803700.0,40872154.79068755,0.7592141482708856,-21.561208958469237,0.17353469800187593,1.9417266524343457,1.101116065631715,음봉,22.685690307617186,23.005623149871827,22.640875625610352,False,True,0,0.4228567395891457,0.0772116593440932,False,42.546531553091874,0.028119498639462392,-0.11039149412914473,-2.2501344304729805
2016-06-17,23.15999984741211,23.40999984741211,23.040000915527344,23.209999084472656,22.77793884277344,3133600.0,0.0051970223030985,0.0051835643899345,0.3699989318847656,43.07680899502635,PWR,3133600.0,71376949.15771486,1.3180460128495213,73.73177357653711,0.5197022303098597,1.6243740684296022,2.205748482571015,음봉,22.634657669067384,23.037027263641356,22.655432732899985,False,True,0,0.4271424157278873,0.07369840013612478,False,43.07680899502635,0.011312107829088092,-0.10175910795161522,4.4032849527313305
2016-06-20,23.57999992370605,23.76000022888184,23.43000030517578,23.440000534057617,23.0036563873291,1150700.0,0.0099094806652038,0.0098607037330191,0.3299999237060582,40.514342457937445,PWR,1150700.0,26470307.404899597,0.48678130124209845,-63.27865713556293,0.9909480665203807,1.4345542210751727,3.5212188708947783,음봉,22.717093658447265,23.067450046539307,22.67407897313436,False,True,0,0.4085709708077567,0.07360120211801943,False,40.514342457937445,0.016020969206245184,-0.0776401972595665,17.155699043846457
2016-06-21,23.43000030517578,23.61000061035156,23.190000534057617,23.5,23.06254768371582,1376200.0,0.0025600841620621,0.0025568127288437,0.4200000762939417,42.85724201685443,PWR,1376200.0,31738678.122329712,0.5861534873186875,19.59676718519163,0.2560084162062104,1.8211347768421031,1.85337457084222,음봉,22.825046920776366,23.098363971710206,22.693870226542156,False,True,0,0.4171424593244278,0.07350269721708569,False,42.85724201685443,0.02422555410857541,-0.05554848988578903,20.482893654989486
2016-06-22,23.59000015258789,23.84000015258789,23.51000022888184,23.559999465942383,23.12142372131348,1617700.0,0.0025528852408285,0.0025496321646127,0.3299999237060511,48.76317808189079,PWR,1617700.0,37403527.15396882,0.6922870004503614,17.54832146490335,0.25528852408285285,1.4272474207626542,2.2870520469189013,음봉,22.925148010253906,23.143016815185547,22.709899425506592,False,True,0,0.4149996893746505,0.0606393515662203,False,48.76317808189079,0.03507423697023171,-0.03575984561930619,23.809226186948585
2016-06-23,23.790000915527344,24.1299991607666,23.770000457763672,24.11000061035156,23.66118431091309,1854800.0,0.0233446087103215,0.023076291153997,0.3599987030029297,57.44043590677981,PWR,1854800.0,43886764.6598816,0.7981410559834761,14.656611238177653,2.3344608710321513,1.5214737279101027,2.89159180798008,음봉,23.125350189208984,23.177364826202393,22.734270413716633,False,True,0,0.41214248112269736,0.060549486254470264,False,57.44043590677981,0.0862320356820554,0.012318362474013994,54.304199726505686
2016-06-24,23.229999542236328,23.420000076293945,22.959999084472656,23.01000022888184,22.581666946411133,4879200.0,-0.0456239785091424,-0.0466975326854042,0.460000991821289,39.03617595020061,PWR,4879200.0,110180469.3649292,2.0530196572930746,163.05801164546043,-4.562397850914246,2.037055071766508,-1.8223296138134935,음봉,23.086095809936523,23.14988613128662,22.74163080851237,False,False,0,0.4171425955636153,0.060621357919439046,False,39.03617595020061,0.039214885531038135,-0.027759030141602622,-6.685531832812687
2016-06-27,22.670000076293945,22.71999931335449,21.670000076293945,21.71999931335449,21.315677642822266,2704200.0,-0.0560627037230335,-0.0576955384781873,1.049999237060543,27.37632975922729,PWR,2704200.0,57641855.48171997,1.1306669533741893,-44.57697983275947,-5.6062703723033565,4.925948190129976,0.39117187447869584,음봉,22.748500061035156,23.05469160079956,22.729527091979982,False,False,0,0.45928546360560724,0.11322993633610336,True,27.37632975922729,-0.09905940601913699,-0.1328266573534222,-12.65437607203242
2016-06-28,22.020000457763672,22.14999961853028,21.600000381469727,21.920000076293945,21.5119571685791,2187600.0,0.0092082235923158,0.0091660863765319,0.5499992370605504,26.25484334883033,PWR,2187600.0,47059557.50198364,0.9121708558145938,-19.103616596405594,0.9208223592315878,2.5567140765039107,3.304247825208486,음봉,22.438381958007813,22.95115547180176,22.725601450602213,False,False,0,0.47428539821079774,0.11374073368176692,False,26.254843348830335,-0.19060745681980862,-0.17949976652327504,-3.42580635585044
2016-06-29,22.200000762939453,22.46999931335449,21.959999084472656,22.43000030517578,22.01246452331543,2948600.0,0.0232664722607101,0.0229999342434185,0.5100002288818324,34.56562334072666,PWR,2948600.0,64905952.893447876,1.2200975227846538,34.78698116657524,2.3266472260710103,2.3168701911666645,3.19842396936958,음봉,22.216590118408202,22.87706117630005,22.731816959381103,False,False,0,0.490713936941964,0.11410911751686934,False,34.56562334072666,-0.22023446026795312,-0.1673014159771356,16.302938373762107
2016-06-30,22.5,23.1200008392334,22.40999984741211,23.1200008392334,22.68961906433105,2308800.0,0.030762322878403,0.0302986477877412,0.7100009918212891,46.800745291827766,PWR,2308800.0,52385792.49572753,0.9537486861353593,-21.69843315471749,3.076232287840308,3.129188682314362,2.2148155022268248,양봉,22.022277069091796,22.852035903930663,22.742612266540526,False,False,0,0.5078569139753066,0.11423407845066512,False,46.800745291827766,-0.18691867952362884,-0.10718850818624905,43.06795290882101
2016-07-01,23.1299991607666,23.56999969482422,23.049999237060547,23.170000076293945,22.73868560791016,1308600.0,0.0021625106812059,0.0021601758204844,0.5200004577636719,51.47930695293439,PWR,1308600.0,29755843.986511234,0.5418174146725211,-43.32120582120582,0.2162510681205987,2.28685363230836,1.9408880122092698,음봉,22.0536808013916,22.83044538497925,22.76436627705892,False,False,0,0.5049998419625416,0.11434210845157386,False,51.47930695293439,-0.15477230447235257,-0.06003370650797821,45.00734291883299
2016-07-05,23.030000686645508,23.15999984741211,22.57999992370605,23.040000915527344,22.61111068725586,1983000.0,-0.0056104791127381,-0.0056262769674072,0.5799999237060582,50.87724150263456,PWR,1983000.0,44837832.49282837,0.821995412632762,51.53599266391564,-0.5610479112738154,2.5651102757767648,1.2811429990219292,음봉,22.31276741027832,22.787264823913574,22.779250717163087,False,False,0,0.5214283806937081,0.11455878019495878,False,50.877241502634554,-0.13799952789494085,-0.03460874394445318,39.96485350349203
2016-07-06,22.920000076293945,23.5,22.799999237060547,23.459999084472656,23.02329063415528,2226300.0,0.0182290889023746,0.0180649310255435,0.7000007629394531,53.76151899330036,PWR,2226300.0,51256751.9388199,0.9238562530629021,12.269288956127088,1.8229088902374624,3.0404027558988247,1.3660956036634817,양봉,22.61503410339356,22.75586051940918,22.80427605311076,False,True,0,0.5235712868826733,0.11471687743825248,False,53.76151899330039,-0.09040536782785935,0.010388332898102676,56.25655887000498
2016-07-07,23.530000686645508,23.940000534057617,23.520000457763672,23.65999984741211,23.21956825256348,2174100.0,0.0085251765930027,0.0084890424961639,0.4200000762939453,55.08027374347744,PWR,2174100.0,50481663.33789826,0.9098501787571891,-2.3446974801239695,0.8525176593002781,1.808819491066879,2.2008585155873326,음봉,22.856454849243168,22.72053098678589,22.825048796335857,True,True,0,0.5221428189958844,0.103232916055305,False,55.080273743477434,-0.03642876154527386,0.05149195134455055,64.01457124591404
2016-07-08,23.90999984741211,24.43000030517578,23.89999961853028,24.36000061035156,23.90653610229492,1898000.0,0.0295857288240317,0.0291565163101967,0.5300006866455043,59.28923264730957,PWR,1898000.0,45374605.522155754,0.7935498770924806,-12.699507842325563,2.9585728824031765,2.2169698043148256,2.973490236074499,음봉,23.09983825683594,22.733288955688476,22.85121905008952,True,True,0,0.5335715157645085,0.11396760339090094,False,59.28923264730957,0.06107659904265361,0.11919784954598242,81.50303120166325
2016-07-11,24.489999771118164,24.81999969482422,24.479999542236328,24.670000076293945,24.210765838623047,1617000.0,0.0127257974566596,0.0126455049692985,0.3400001525878906,59.80867843923612,PWR,1617000.0,39148808.36105347,0.6778173524063378,-14.805057955742884,1.2725797456659693,1.4043345627898058,2.440603131824003,음봉,23.394254302978517,22.792172145843505,22.884913317362468,True,True,0,0.5342858178274964,0.12702116223392707,False,59.80867843923612,0.16104269699904705,0.17533115800190066,81.0796898721543
2016-07-12,24.89999961853028,25.46999931335449,24.86000061035156,25.38999938964844,24.917360305786133,2558600.0,0.0291851349053926,0.0287673579723241,0.6099987030029297,63.63637128506,PWR,2558600.0,63753558.0783844,1.0673228961677717,58.23129251700681,2.918513490539265,2.4480871790471324,2.8468070134638617,양봉,23.855504226684573,22.908466339111328,22.930547746022544,True,True,0,0.5478571483067098,0.1572205930178207,False,63.63637128506,0.29389497970722545,0.24654675256806324,85.71991834377044
2016-07-13,25.440000534057617,25.489999771118164,25.09000015258789,25.43000030517578,24.956615447998047,2484200.0,0.0015754133555951,0.0015741736937904,0.3999996185302734,63.5311582465236,PWR,2484200.0,61997224.09591675,1.030324216713277,-2.907840225123115,0.157541335559519,1.6027799096546176,2.0974943648028423,음봉,24.242169189453126,23.030158042907715,22.976345698038738,True,True,1,0.55285712650844,0.1580943473506484,False,63.5311582465236,0.39776375978657796,0.2803324261179326,86.2883185910134
2016-07-14,25.68000030517578,25.770000457763672,25.31999969482422,25.36000061035156,24.88791847229004,1828800.0,-0.0027526559381079,-0.0027564514622461,0.4500007629394531,59.720107241847245,PWR,1828800.0,45515025.30212402,0.7554918771823413,-26.38273890991063,-0.27526559381079174,1.8081092777625398,2.8985695543734575,음봉,24.575839233398437,23.14350805282593,23.016746044158936,True,True,1,0.5592858450753345,0.15732004832047083,False,59.720107241847245,0.4691294126721992,0.281358463202843,78.84695517181918
2016-07-15,25.459999084472656,25.56999969482422,25.280000686645508,25.459999084472656,24.986061096191406,2516400.0,0.0039433841769707,0.0039356294175654,0.2899990081787109,72.55987804803843,PWR,2516400.0,62874924.142456055,1.0320190919352719,37.59842519685039,0.394338417697071,1.1606431564473967,2.298627797336953,음봉,24.791744232177734,23.259802436828615,23.058618545532227,True,True,1,0.5471428462437219,0.15779942513860765,False,72.55987804803843,0.5275255105699053,0.27180364888043923,81.20049527027862
2016-07-18,25.38999938964844,25.76000022888184,25.32999992370605,25.68000030517578,25.201967239379883,1592100.0,0.0086410636057152,0.0086039433015913,0.4300003051757883,95.41295772689033,PWR,1592100.0,40124052.04181671,0.6518473893233355,-36.731044349070096,0.864106360571526,1.7062172214234215,1.6166545495184377,음봉,24.9899845123291,23.381003856658936,23.10327164332072,True,True,1,0.5028572082519537,0.1662156860493737,False,95.41295772689031,0.5844890344698044,0.26301373822427065,86.37810052779126
2016-07-19,25.64999961853028,25.690000534057617,25.3700008392334,25.459999084472656,24.986061096191406,1274800.0,-0.0085670353087002,-0.0086039433015913,0.3199996948242187,90.41103002221742,PWR,1274800.0,31852230.685424805,0.5244408514873079,-19.92965266000879,-0.8567035308700288,1.2807128486250117,1.7777674849537735,음봉,25.003724670410158,23.480124092102052,23.136802260080973,True,True,0,0.48642866952078684,0.16551401437715732,False,90.41103002221742,0.605234450211448,0.2270073231727313,79.42417115469142
2016-07-20,25.43000030517578,25.61000061035156,25.100000381469727,25.549999237060547,25.07438468933105,1504200.0,0.0035349146389906,0.0035286815129649,0.5100002288818324,89.39401078169224,PWR,1504200.0,37716889.449691765,0.617391134391369,17.994979604643866,0.3534914638990694,2.033949128565589,1.77674747242191,음봉,25.02727851867676,23.580715942382813,23.17932898203532,True,True,1,0.48642866952078684,0.16480795604566834,False,89.39401078169224,0.6216364790889841,0.19472748164021392,79.29715350974782
2016-07-21,25.51000022888184,25.75,25.39999961853028,25.420000076293945,24.94680404663086,1187900.0,-0.0050880866781339,-0.005101075067254,0.350000381469723,83.82358909633228,PWR,1187900.0,29634308.526992798,0.490499073895655,-21.02778885786465,-0.5088086678133985,1.4029868548111197,1.7372930380865508,음봉,25.039055633544923,23.671984958648682,23.208606974283853,True,True,0,0.46071434020996044,0.16417252728684847,False,83.82358909633228,0.6172255219076774,0.15225321956712573,74.19447419070735
2016-07-22,25.32999992370605,25.420000076293945,25.14999961853028,25.39999961853028,24.92717361450196,1191000.0,-0.000786891663245,-0.0007872014249998,0.2700004577636683,83.08605734849715,PWR,1191000.0,29688263.774871834,0.495918403765736,0.26096472767067613,-0.07868916632449707,1.0831571277964132,1.5360519782771274,음봉,25.02727813720703,23.735284423828126,23.226762549082437,True,True,0,0.4428571973528171,0.163734696714067,False,83.08605734849723,0.6051697742948612,0.11215797756344753,73.57910024580305
2016-07-25,25.299999237060547,25.46999931335449,25.13999938964844,25.420000076293945,24.94680404663086,1325700.0,0.0007875113493605,0.0007872014249997,0.3299999237060476,86.50294568984961,PWR,1325700.0,33071978.12461853,0.5545178889053398,11.309823677581864,0.07875113493605035,1.322814429813165,1.4956594290404697,음봉,24.976245498657228,23.85354127883911,23.256858348846436,True,True,0,0.42500005449567346,0.16292296188345048,False,86.50294568984968,0.5903938267418845,0.07790562400837664,72.28296051211969
2016-07-26,25.46999931335449,25.780000686645508,25.280000686645508,25.76000022888184,25.28047180175781,1432600.0,0.0133751704027198,0.0132865124793846,0.5,86.16339170628596,PWR,1432600.0,36216803.903198235,0.6049526950261912,8.063664479143085,1.337517040271985,1.977811189288144,2.0972436619362806,음봉,25.035127639770508,24.05178098678589,23.290225410461424,True,True,1,0.4107142857142839,0.15668339218825994,False,86.16339170628603,0.5987064656578873,0.06897461033950358,77.89695423460876
2016-07-27,25.76000022888184,25.979999542236328,25.71999931335449,25.84000015258789,25.35898399353028,1759800.0,0.0031056458276623,0.0031008332711484,0.2600002288818395,85.62078426889236,PWR,1759800.0,44626740.03181459,0.7530693713587832,22.8395923495742,0.31056458276625953,1.0252785716816264,1.896833377495304,음봉,25.092047500610352,24.24413232803345,23.321629778544107,True,True,1,0.3992857251848478,0.13803420245917714,False,85.62078426889246,0.6046594320650023,0.059942061397294855,70.14348214015553
2016-07-28,25.780000686645508,25.920000076293945,25.5,25.56999969482422,25.09400749206543,1161000.0,-0.0104490188381541,-0.0105039931223751,0.4200000762939453,73.00362470117472,PWR,1161000.0,29134142.698287964,0.5004341159736205,-34.02659393112854,-1.04490188381543,1.6737066665288385,1.6602269760596058,음봉,25.121488189697267,24.39820947647095,23.358431657155354,True,True,0,0.3914285387311653,0.1126260231893002,False,73.00362470117472,0.5812950046937253,0.029262107220814237,40.93386332194011
2016-07-29,25.56999969482422,25.71999931335449,25.26000022888184,25.600000381469727,25.123455047607425,1140000.0,0.0011734895493,0.0011728015486273,0.4599990844726491,69.78712318570908,PWR,1140000.0,28640738.754272465,0.49474769727392776,-1.8087855297157618,0.11734895493000774,1.83095471383605,1.8968361387048076,음봉,25.16074447631836,24.51990127563477,23.39736000696818,True,True,0,0.399999891008648,0.11206706239902202,False,69.78712318570908,0.5587141899054018,0.005345033945992506,23.522740045163893
2016-08-01,25.59000015258789,25.790000915527344,25.299999237060547,25.38999938964844,24.917360305786133,1845300.0,-0.0082032802188535,-0.0082371122716064,0.4900016784667969,50.0,PWR,1845300.0,45980004.97226715,0.7998534511228534,61.868421052631575,-0.8203280218853526,1.9665071759347323,1.8570101289666987,음봉,25.154855728149414,24.62883501052857,23.433834743499755,True,True,0,0.39142867497035283,0.11157138797266432,False,50.0,0.5182149488871595,-0.028123365657799826,-19.397748898451834
2016-08-02,25.36000061035156,25.459999084472656,24.920000076293945,25.170000076293945,24.70145606994629,2883500.0,-0.0086648117292628,-0.0087025694778244,0.5399990081787109,43.56444693315784,PWR,2883500.0,71226648.57769012,1.2405767033639437,56.261854441012304,-0.8664811729262811,2.186101931196338,1.7764333746967544,음봉,25.03905258178711,24.733352279663087,23.459023602803548,True,True,0,0.4014286313738126,0.09443496914470084,False,43.56444693315784,0.4633560609125702,-0.06638580290591123,-20.61736947700834
2016-08-03,25.15999984741211,25.459999084472656,25.020000457763672,25.420000076293945,24.94680404663086,2254900.0,0.0099325309402744,0.0098835275726454,0.4399986267089844,51.36367852646922,PWR,2254900.0,56252548.444747925,0.9725458328227296,-21.79989595977111,0.9932530940274464,1.7637474759754146,1.8563431085494604,음봉,24.956616592407226,24.829527950286867,23.495171356201173,True,True,0,0.4007141930716363,0.08616417296576445,False,51.36367852646922,0.4346669580934943,-0.07605992457998967,2.528677720897174
2016-08-04,24.420000076293945,24.61000061035156,23.21999931335449,23.450000762939453,23.013471603393555,5867700.0,-0.0774982013577169,-0.0806659533216232,1.3900012969970703,25.30720203921128,PWR,5867700.0,135036147.32723236,2.4968109802512446,160.21996540866556,-7.7498201357716905,6.0399461713203735,-2.1117092568338847,음봉,24.54050941467285,24.81922311782837,23.49173641204834,False,False,0,0.47928578513009057,0.09450386013299007,True,25.307202039211276,0.253010321289338,-0.20617324910731677,-7.482887421520419
2016-08-05,23.600000381469727,24.920000076293945,23.600000381469727,24.850000381469727,24.38741874694824,3935200.0,0.059701863640255,0.0579876078460217,1.3199996948242188,42.09529521080664,PWR,3935200.0,95969370.25299071,1.6572574903857145,-32.93453993898802,5.970186364025509,5.412625700657226,2.5486323323321747,양봉,24.393302154541015,24.84326725006104,23.511691315968832,False,True,0,0.5428571701049785,0.09441239618476362,True,42.09529521080664,0.2174060580791597,-0.19342200985399605,42.29780205731024
2016-08-08,24.940000534057617,25.170000076293945,24.57999992370605,24.63999938964844,24.18132209777832,1766200.0,-0.0084509415001416,-0.0084868531743652,0.5900001525878942,42.17559354145007,PWR,1766200.0,42709051.08909607,0.74306125965133,-55.117910144338275,-0.8450941500141695,2.439900309016193,2.2658477834130224,음봉,24.246094512939454,24.8417950630188,23.531809616088868,False,True,0,0.5621429170880982,0.09441799130000941,False,42.17559354145007,0.1705926598117138,-0.19218832649715362,34.83053277909665
2016-08-09,24.709999084472656,25.07999992370605,24.709999084472656,24.790000915527344,24.32853507995605,1493600.0,0.00608787979344,0.0060694235217471,0.3700008392333949,42.83027419654112,PWR,1493600.0,36337099.995422356,0.6292787057149277,-15.434265655078704,0.6087879793440054,1.5208512884864718,2.1863030671218286,음봉,24.171510314941408,24.812353801727294,23.56354112625122,False,True,0,0.5521429606846383,0.0945300235874214,False,42.83027419654112,0.1437149057894409,-0.17525286441554122,40.16433603886563
2016-08-10,24.8799991607666,24.989999771118164,24.63999938964844,24.729999542236328,24.2696475982666,1504500.0,-0.0024205107909668,-0.0024234449629643,0.350000381469723,43.40349170403495,PWR,1504500.0,36513684.8115921,0.6373319652069135,0.7297803963578042,-0.24205107909668344,1.442132111941835,2.266737717656063,음봉,24.036079025268556,24.778005409240723,23.58856636683146,False,True,0,0.5521429606846385,0.09466106538430205,False,43.40349170403495,0.11632148280771304,-0.1621170299178153,38.03073180676356
2016-08-11,24.770000457763672,25.290000915527344,24.770000457763672,25.06999969482422,24.603317260742188,2046000.0,0.0137484345878766,0.0136547822666402,0.5200004577636719,47.0270557987767,PWR,2046000.0,50338387.115478516,0.8672151265117631,35.992023928215346,1.3748434587876668,2.1135379926730478,2.0616403986550127,음봉,24.35404815673828,24.76377534866333,23.62667678197225,False,True,0,0.5700001035417819,0.09471546067241032,False,47.02705579877668,0.12015132126386519,-0.1266297531693305,50.12021132868251
2016-08-12,25.09000015258789,25.25,24.65999984741211,24.89999961853028,24.436485290527344,2019800.0,-0.0067808730199584,-0.0068039675995644,0.5900001525878906,45.43863776625307,PWR,2019800.0,49356812.98980713,0.8598999995269608,-1.2805474095796687,-0.6780873019958444,2.4144231282581403,1.978118993824745,음봉,24.3638614654541,24.736296558380126,23.667240715026857,False,True,0,0.5885715484619135,0.09482067716163908,False,45.43863776625308,0.10847412788600508,-0.11064555723775252,44.075575227966226
2016-08-15,24.93000030517578,25.43000030517578,24.88999938964844,25.3799991607666,24.90754508972168,1392600.0,0.0192769047428003,0.0190934589769358,0.5400009155273402,46.74659044355769,PWR,1392600.0,34686247.29194641,0.5968517146583234,-31.0525794633132,1.9276904742800305,2.16802143118543,2.0195826395694705,음봉,24.509106063842772,24.721575450897216,23.71320219039917,False,True,0,0.5914287567138664,0.0948771406092406,False,46.74659044355769,0.13566657713667496,-0.06676248638966611,61.14295784137914
2016-08-16,25.32999992370605,25.46999931335449,25.280000686645508,25.38999938964844,24.917360305786133,1437900.0,0.0003940659759562,0.0003939883523514,0.1899986267089808,46.10053872784237,PWR,1437900.0,35828672.38368988,0.6203103205303346,3.2529082292115374,0.039406597595625925,0.762515067315781,1.6960918166066121,음봉,24.62687110900879,24.718140411376954,23.755238183339436,False,True,0,0.586428642272948,0.094890325530199,False,46.100538727842334,0.1562081249577325,-0.036976750854886886,62.86520417808137
2016-08-17,25.34000015258789,25.459999084472656,25.190000534057617,25.440000534057617,24.96643447875977,1706500.0,0.0019694771986837,0.0019675403211395,0.269998550415039,48.82890101066275,PWR,1706500.0,42605220.43800355,0.7471785209674516,18.680019472842346,0.1969477198683789,1.0814461738408851,1.6961662134957989,음봉,24.766228485107423,24.71274290084839,23.797274271647137,True,True,1,0.5757142475673118,0.09491105052754804,False,48.82890101066275,0.1744365294996726,-0.014998677050357456,67.95463333286348
2016-08-18,25.489999771118164,26.18000030517578,25.46999931335449,26.13999938964844,25.65340232849121,3835200.0,0.0275156570841494,0.0271439053102565,0.7100009918212926,54.340811297154914,PWR,3835200.0,98385928.61022949,1.6650066051017431,124.740697333724,2.751565708414949,2.7676679402199627,2.097076748399211,양봉,24.976245498657228,24.74807281494141,23.854358196258545,True,True,1,0.5935715266636434,0.10667217382291778,False,54.340811297154914,0.24153101646125563,0.04167664792898043,82.20953377584668
2016-08-19,25.959999084472656,26.11000061035156,25.86000061035156,25.940000534057617,25.45712280273437,2099500.0,-0.0076512083365584,-0.0076806289962038,0.25,54.42832843280696,PWR,2099500.0,53447229.32434081,0.927173927520211,-45.25709219858156,-0.7651208336558413,0.9820434223350145,1.1951504601825564,음봉,25.180373001098634,24.774570274353028,23.895739841461182,True,True,1,0.5764285496303009,0.10655808338401528,False,54.42832843280696,0.2756878059980039,0.06066674997258295,75.5784709383958
2016-08-22,25.81999969482422,26.020000457763672,25.690000534057617,26.0,25.51600456237793,3064300.0,0.0023129777901387,0.0023103069745751,0.3299999237060547,56.85946590168042,PWR,3064300.0,78188692.78049469,1.3476389726578206,45.953798523457955,0.2312977790138726,1.2933056305869417,1.4254434599768298,음봉,25.302064895629883,24.80303030014038,23.935485903422038,True,True,1,0.5614286150251111,0.10643581421914865,False,56.85946590168042,0.30400420248983906,0.07118651717153446,77.5677189084557
2016-08-23,26.100000381469727,26.3700008392334,26.020000457763672,26.36000061035156,25.869304656982425,1593400.0,0.0138462153720344,0.0137512322984407,0.3500003814697265,57.62982772089552,PWR,1593400.0,41220150.0404358,0.7125986543679093,-48.00117481969781,1.3846215372034454,1.3529562781474198,2.2887431990542497,음봉,25.49245376586914,24.832471942901613,23.97964817682902,True,True,1,0.5550001689365927,0.11500397786234945,False,57.62982772089552,0.3509084613907518,0.09447262085795777,84.10489080283003
2016-08-24,26.31999969482422,26.520000457763672,26.13999938964844,26.280000686645508,25.79080009460449,2665700.0,-0.003034660707695,-0.0030392746273186,0.3800010681152308,83.13816200312777,PWR,2665700.0,68750535.81218718,1.195289279491647,67.2963474331618,-0.30346607076950916,1.4733977492800938,1.742200046803908,음봉,25.657326889038085,24.85406274795532,24.01645018259684,True,True,1,0.4828572954450327,0.1149040735331616,False,83.13816200312777,0.377395383344048,0.09676763424900314,75.0273854758017
2016-08-25,26.26000022888184,26.450000762939453,26.07999992370605,26.21999931335449,25.731908798217773,1432800.0,-0.0022834226224348,-0.002286033607283,0.370000839233402,73.37858920545303,PWR,1432800.0,36868678.926086426,0.6471391609008261,-46.25051581198184,-0.22834226224348608,1.4379066945046406,1.8192538911404648,음봉,25.673028182983398,24.88595781326294,24.053742822011312,True,True,1,0.41500023433140293,0.11475680683131505,False,73.37858920545303,0.3891485619906305,0.08681665031646851,59.37672976318412
2016-08-26,26.31999969482422,26.43000030517578,25.93000030517578,26.0,25.51600456237793,1779700.0,-0.0083905254574351,-0.0084259240638391,0.5,73.12916221000867,PWR,1779700.0,45410833.319664,0.8075614146159116,24.21133445002792,-0.8390525457435127,1.9595544387745758,2.285453835617423,음봉,25.68480453491211,24.905585289001465,24.092507489522298,True,True,0,0.4085716520036962,0.11466636983030601,False,73.12916221000867,0.3766990214673669,0.05949368783456388,46.595993352690776
2016-08-29,26.01000022888184,26.229999542236328,25.989999771118164,26.1200008392334,25.63377571105957,1351700.0,0.0046155795431737,0.004604960418985,0.239999771118164,72.85214141357471,PWR,1351700.0,34649174.62863922,0.6585016180854395,-24.04899702197,0.4615579543173709,0.9362638334024953,1.9360228020662829,음봉,25.708358764648438,24.941406059265137,24.133562151590983,True,True,0,0.3992858614240369,0.11450168634450329,False,72.85214141357471,0.3720470910779561,0.043873405956122435,52.860412595798465
2016-08-30,26.190000534057617,26.209999084472656,25.8700008392334,25.950000762939453,25.466938018798828,1267100.0,-0.0065085102616685,-0.0065297829672337,0.3399982452392578,70.19864481082494,PWR,1267100.0,32269157.163619995,0.6244259475239183,-6.25878523340978,-0.6508510261668543,1.3350574183212864,2.1698903402594194,음봉,25.62788543701172,24.979680156707765,24.16676575342814,True,True,0,0.3985714231218608,0.11432624579950824,False,70.19864481082494,0.35085357368564374,0.01814391085104805,43.38375841899308
2016-08-31,25.82999992370605,25.89999961853028,25.57999992370605,25.729999542236328,25.251033782958984,1638400.0,-0.0084778246870695,-0.0085139658533967,0.3199996948242258,61.37932467281797,PWR,1638400.0,41371293.75,0.8086661605608843,29.303133138663085,-0.8477824687069591,1.2672736394665383,1.4256205619977675,음봉,25.519932174682616,24.99489164352417,24.19342670440674,True,True,0,0.38428565434047207,0.11425666869529229,False,61.37932467281797,0.31302750479349584,-0.015745726432879914,31.776007612984735
2016-09-01,25.670000076293945,25.76000022888184,25.21999931335449,25.739999771118164,25.26084899902344,1634300.0,0.0003887055139533,0.000388629987536,0.5400009155273509,65.32840502364138,PWR,1634300.0,41283805.51910401,0.8095899717400843,-0.250244140625,0.038870551395331354,2.137698996372714,1.6592045178669328,음봉,25.42572021484375,25.107260513305665,24.21567153930664,True,True,0,0.3807142802647192,0.0672308537329094,False,65.32840502364138,0.28060741101939257,-0.03853265616558654,22.751494868884546
2016-09-02,25.940000534057617,26.18000030517578,25.799999237060547,26.15999984741211,25.67302703857422,1657500.0,0.0163168719929687,0.0161851824140888,0.3800010681152344,64.55219686382968,PWR,1657500.0,42553042.31643677,0.8186211870585376,1.4195680107691455,1.6316871992968718,1.4801568492265265,2.6885538766350705,음봉,25.457124710083008,25.171540927886962,24.249365711212157,True,True,1,0.36928571973528307,0.0670591667009956,False,64.55219686382968,0.28488954684693724,-0.027400416270433547,36.31778437780993
2016-09-06,26.299999237060547,26.38999938964844,26.15999984741211,26.21999931335449,25.731908798217773,1649300.0,0.0022935261804182,0.0022909000638596,0.2299995422363316,65.20138566550949,PWR,1649300.0,42439637.180900574,0.8188582029329063,-0.4947209653092033,0.2293526180418226,0.8938300848177332,2.4421436457192613,음봉,25.47675132751465,25.249070262908937,24.294345823923745,True,True,1,0.3721429279872367,0.06335508761547277,False,65.20138566550949,0.28969501247430074,-0.018075960514456035,40.74498460497087
2016-09-07,26.15999984741211,26.190000534057617,25.8799991607666,26.01000022888184,25.525821685791016,1820600.0,-0.0080090099045054,-0.0080412543035366,0.3100013732910156,59.86154562108091,PWR,1820600.0,46472310.96115112,0.902809546823419,10.386224458861326,-0.8009009904505482,1.2144618774939508,1.6636583494497155,음봉,25.488528060913087,25.308934593200682,24.343251578013103,True,True,1,0.3750002724783779,0.0632052310548693,False,59.86154562108091,0.2737186131856397,-0.02724188784249365,23.524777170524363
2016-09-08,26.06999969482422,26.209999084472656,26.030000686645508,26.11000061035156,25.623958587646484,1226100.0,0.0038446128419873,0.0038372412060514,0.1799983978271484,49.34492998639532,PWR,1226100.0,31417535.624313354,0.6091639209550502,-32.65407008678458,0.3844612841987338,0.7024613203750927,2.1318726414833518,음봉,25.563113021850587,25.37665014266968,24.394937864939372,True,True,1,0.337142944335939,0.05646211609490022,False,49.34492998639532,0.26591077556406617,-0.028039780371253764,31.073762975461438
2016-09-09,25.90999984741211,25.90999984741211,25.280000686645508,25.31999969482422,24.848663330078125,2464500.0,-0.0302566543306128,-0.0307238345887876,0.6299991607666016,39.23609939521228,PWR,2464500.0,61239530.77697754,1.2167528180758092,101.00318081722537,-3.0256654330612864,2.535344265395626,1.116303941825475,음봉,25.480675888061523,25.388917446136475,24.43206694920858,True,True,0,0.3642857415335534,0.05643483498242337,True,39.23609939521228,0.19491628650394688,-0.07922741554509843,-28.564281260315827
2016-09-12,25.09000015258789,25.40999984741211,25.049999237060547,25.309999465942383,24.83885765075684,2716500.0,-0.0003946159675082,-0.0003946938488786,0.3600006103515625,37.80931686573568,PWR,2716500.0,67474756.80828096,1.33281543871126,10.225197808886177,-0.039461596750822725,1.4493444723316142,0.9712265778805046,음봉,25.313842010498046,25.409036064147948,24.468378353118897,False,True,0,0.36642864772251826,0.04055435253915605,False,37.80931686573568,0.136290335909802,-0.11028269291139464,-14.363361290456275
2016-09-13,25.100000381469727,25.25,24.709999084472656,24.8700008392334,24.40704345703125,2188500.0,-0.0173846237132581,-0.0175375107981339,0.5400009155273438,24.39864126587213,PWR,2188500.0,53414814.60571289,1.0715643033400042,-19.436775262286034,-1.7384623713258107,2.2124798379534116,1.0513475876573979,음봉,25.048868942260743,25.384010982513427,24.49553009668986,False,False,0,0.38000011444091947,0.057605600665651305,False,24.39864126587213,0.05435844080625429,-0.15377167041195391,-16.737867269711536
2016-09-14,24.8700008392334,24.959999084472656,24.59000015258789,24.670000076293945,24.210765838623047,1269800.0,-0.0080418432799429,-0.008074353312645,0.3699989318847656,23.43230343619051,PWR,1269800.0,30742830.461883545,0.6267532032046933,-41.97852410326708,-0.8041843279942951,1.5282413383822508,1.896818772897208,음봉,24.78585777282715,25.348681259155274,24.51564858754476,False,False,0,0.3792856761387434,0.06542899811643488,False,23.43230343619051,-0.02611015814568418,-0.18739221549111393,-20.38893492046564
2016-09-15,24.770000457763672,25.01000022888184,24.64999961853028,24.940000534057617,24.47573471069336,1326600.0,0.0109442581798717,0.0108848031868441,0.3600006103515625,30.2468347103026,PWR,1326600.0,32469509.66720581,0.6572455168931911,4.473145377224763,1.0944258179871769,1.4708470025795628,2.309859270327116,음봉,24.556212997436525,25.324146270751953,24.53920170466105,False,False,0,0.37857137407575464,0.06549238819848797,False,30.246834710302593,-0.0677206870950613,-0.1832021955523928,-6.210077848842634
2016-09-16,24.780000686645508,24.959999084472656,24.489999771118164,24.93000030517578,24.465925216674805,2824700.0,-0.0004007844558908,-0.0004008647914464,0.4699993133544922,32.343198970631434,PWR,2824700.0,69108898.95954132,1.4028661792737667,112.92778531584501,-0.0400784455890868,1.9210363360146427,1.243133166577491,음봉,24.47966537475586,25.264772415161133,24.561610062917072,False,False,0,0.3764284678867898,0.06564629956310654,False,32.343198970631434,-0.10033230688200945,-0.17265105227147276,-1.2670820672049383
2016-09-19,25.1299991607666,25.540000915527344,25.11000061035156,25.40999984741211,24.936986923217773,1500100.0,0.019253786740994,0.0190707779332765,0.4300003051757848,39.52787460441224,PWR,1500100.0,37407974.08351898,0.7429670474806841,-46.89347541331823,1.9253786740994094,1.7243474783051265,2.7142809364887452,음봉,24.499291229248048,25.2387656211853,24.58287343978882,False,True,0,0.3899999346051913,0.06571394351264187,False,39.52787460441224,-0.08716176110046803,-0.12758440519194508,23.525644307516817
2016-09-20,25.489999771118164,25.489999771118164,24.81999969482422,24.8799991607666,24.416852951049805,1801500.0,-0.0208579317850021,-0.0210785313363715,0.6700000762939453,35.733199134062275,PWR,1801500.0,43986960.59131622,0.8892706452029947,20.09199386707552,-2.085793178500217,2.74400668111137,2.2176410069233494,음봉,24.501253128051758,25.183808040618896,24.613459873199464,False,False,0,0.4135714939662404,0.06585734832811328,True,35.733199134062275,-0.1173418297226263,-0.12621157905128266,-3.849833408121485
2016-09-21,25.020000457763672,25.75,24.8799991607666,25.709999084472656,25.23139953613281,2433000.0,0.0333600151795148,0.0328156436310968,0.8700008392333984,49.770564295043485,PWR,2433000.0,61387995.071411125,1.193373185364889,35.05412156536221,3.3360015179514813,3.4480879191322997,2.470209850233524,양봉,24.70537986755371,25.151912784576417,24.67872190475464,False,True,0,0.4528572899954667,0.0628196459455897,True,49.770564295043485,-0.07467187863966274,-0.06683330237465528,39.02104809832258
2016-09-22,25.89999961853028,26.059999465942383,25.65999984741211,25.940000534057617,25.45712280273437,1613800.0,0.0089461254924965,0.0089063459841167,0.3999996185302734,52.18338165300808,PWR,1613800.0,41082704.77905273,0.7930480933036299,-33.67036580353473,0.8946125492496515,1.5712679772566802,2.6498731528546324,음봉,24.901657485961913,25.13522891998291,24.744474665323892,False,True,0,0.4428571973528183,0.06051836505795233,False,52.183381653008084,-0.0223836292743691,-0.011636042407489312,50.901222409945234
2016-09-23,26.11000061035156,26.549999237060547,26.01000022888184,26.209999084472656,25.72209548950196,2183200.0,0.0104085873655417,0.0103547909942175,0.5399990081787074,50.564327549520726,PWR,2183200.0,56156478.87268068,1.0959070888125395,35.28318255050191,1.0408587365541955,2.0993585394280916,2.564617426235856,음봉,25.152891540527342,25.13473825454712,24.806301848093668,True,True,1,0.4542856216430664,0.06051954646154061,False,50.56432754952077,0.03997545426421922,0.040578432904879204,59.810487272148514
2016-09-26,26.1200008392334,26.700000762939453,26.030000686645508,26.450000762939453,25.95763397216797,2012100.0,0.009157048762304,0.0091153771905152,0.6700000762939453,52.494657392234046,PWR,2012100.0,52229355.31539917,1.015620205315645,-7.837119824111394,0.9157048762304054,2.581129223920508,1.5469398669087304,음봉,25.357020950317384,25.15681972503662,24.860768763224282,True,True,1,0.48571423121861024,0.06943914821659275,False,52.494657392234046,0.10716611999271919,0.08621527890670333,66.40875757437146
2016-09-27,26.32999992370605,26.959999084472656,26.25,26.8799991607666,26.37962913513184,2874700.0,0.0162570734842912,0.0161263422338063,0.7099990844726562,59.0062559176104,PWR,2874700.0,75833519.8747635,1.4430787937510658,42.8706326723324,1.6257073484291285,2.691467271338907,1.4345142239748694,양봉,25.74957618713379,25.194112396240236,24.921451155344645,True,True,1,0.5142854963030131,0.08608611656556935,False,59.0062559176104,0.1922505449452956,0.13703976308742377,76.50323438541287
2016-09-28,26.989999771118164,27.850000381469727,26.96999931335449,27.82999992370605,27.31194305419922,2942600.0,0.0353421920487024,0.0347319924113831,0.8800010681152379,65.14089229964867,PWR,2942600.0,80368123.63128662,1.477234731915043,2.3619855984972293,3.534219204870248,3.222037576634217,2.313795364065394,양봉,26.16568489074707,25.286362648010254,24.999798361460368,True,True,1,0.5642856870378766,0.12264228187916931,False,65.14089229964867,0.33109386236997906,0.22070646440968578,83.98639197823806
2016-09-29,27.81999969482422,28.09000015258789,27.600000381469727,27.799999237060547,27.2824935913086,2374500.0,-0.0010782631917538,-0.0010788449357288,0.489999771118164,75.20322120121136,PWR,2374500.0,64782281.03256227,1.1914152254508819,-19.306055868959426,-0.10782631917537477,1.796022674680527,1.8601995457327454,음봉,26.53075904846192,25.387935638427734,25.070785077412925,True,True,1,0.5542857306344169,0.12215161010894333,False,75.20322120121142,0.4337518449379907,0.2586915575821579,77.56926456353264
2016-09-30,27.780000686645508,28.13999938964844,27.729999542236328,27.989999771118164,27.46896171569824,1899300.0,0.0068347170600653,0.0068114662630446,0.4099998474121129,76.27437978735563,PWR,1899300.0,52171798.986625664,0.9485193047652718,-20.012634238787108,0.6834717060065332,1.4925931735446778,1.8235396763564091,음봉,26.880132293701173,25.498341274261474,25.141608301798502,True,True,1,0.5578571047101705,0.1277806992239169,False,76.27437978735567,0.5241137973863133,0.2792428080243843,81.61540427172962
2016-10-03,27.82999992370605,28.06999969482422,27.549999237060547,27.8799991607666,27.36100578308105,2440100.0,-0.0039301060496761,-0.0039378492107447,0.5200004577636719,81.55123344490603,PWR,2440100.0,66763590.211296074,1.214197759528874,28.47364818617386,-0.3930106049676141,1.9005166033962806,1.3143496712563503,음봉,27.16080665588379,25.582740211486815,25.199182796478272,True,True,1,0.5564285005841939,0.12735914331851914,False,81.55123344490607,0.5803255228007309,0.26836362675104153,78.6577071785815
2016-10-04,27.950000762939453,28.5,27.780000686645508,27.89999961853028,27.380634307861328,2350800.0,0.0007173904693378,0.000717133267797,0.7199993133544922,85.1850581575059,PWR,2350800.0,64366395.13092041,1.1686127712223768,-3.659686078439406,0.07173904693378308,2.629593256529383,2.152680294459836,음봉,27.361007690429688,25.665176486968996,25.252013937632242,True,True,1,0.5814285278320315,0.1269500670969272,False,85.18505815750596,0.6193184603836634,0.2458852514671792,72.08564518085326
2016-10-05,28.06999969482422,28.3700008392334,27.90999984741211,28.26000022888184,27.733930587768555,1473600.0,0.0129031444609664,0.0128206081198212,0.460000991821289,85.46996904899052,PWR,1473600.0,40868720.11413574,0.7366170149796122,-37.31495661051557,1.290314446096641,1.6586217029913621,2.5177115300245805,음봉,27.445405197143554,25.775581932067873,25.298956775665282,True,True,1,0.5885714122227265,0.13668613800576407,False,85.46996904899058,0.6709939014981217,0.2380485540653099,80.89602572304443
2016-10-06,28.14999961853028,28.600000381469727,28.049999237060547,28.57999992370605,28.0479793548584,1445000.0,0.0113236299519818,0.0112599975701273,0.5500011444091797,86.5729727034931,PWR,1445000.0,40529330.167770386,0.7249262014217425,-1.940825190010853,1.1323629951981884,1.9609296536148153,1.5002166009069915,음봉,27.598502349853515,25.896782970428468,25.350479507446288,True,True,1,0.5942858287266327,0.14817336657673136,False,86.57297270349314,0.728886027364215,0.23675254394512263,85.39627179006655
2016-10-07,28.51000022888184,28.700000762939453,28.299999237060547,28.51000022888184,27.97928237915039,2220500.0,-0.0024492664815124,-0.0024522708413156,0.4000015258789062,83.8426294677014,PWR,2220500.0,62127996.52290344,1.1086503758862214,53.66782006920414,-0.24492664815124465,1.4296346863312674,1.647251904238909,음봉,27.700566482543945,26.05331392288208,25.402002239227294,True,True,1,0.5921430587768557,0.14728312596215284,False,83.84262946770144,0.7604566119337193,0.2146585028117014,81.42478903648443
2016-10-10,28.700000762939453,28.8700008392334,28.56999969482422,28.76000022888184,28.2246322631836,2133400.0,0.0087689841615108,0.008730759915902,0.3000011444091797,95.11603909989084,PWR,2133400.0,60214430.470275894,1.0687645817396463,-3.922539968475569,0.876898416151084,1.0629054140078318,2.5759001750742816,음봉,27.873291778564454,26.22260265350342,25.455978425343833,True,True,1,0.5657145636422296,0.15306895648759294,False,95.11603909989091,0.7960972987195021,0.20023935167798734,83.82535577534425
2016-10-11,28.61000061035156,28.670000076293945,27.71999931335449,27.8700008392334,27.351198196411133,1863800.0,-0.0309458085628197,-0.0314347435393526,0.9500007629394568,74.77053403353274,PWR,1863800.0,50977163.19847107,0.9383327925891948,-12.637105090465928,-3.094580856281981,3.4733423966197954,1.3653618001983152,음봉,27.867404556274415,26.369810390472413,25.491798941294352,True,True,0,0.571428843906948,0.15221445907744527,True,74.77053403353274,0.7452729277838337,0.11953198459385517,52.685290543772446
2016-10-12,27.8700008392334,28.049999237060547,27.700000762939453,28.0,27.47878074645996,2195500.0,0.0046646055186558,0.0046537599600907,0.3499984741210937,74.17828402391163,PWR,2195500.0,60329663.128852844,1.102098039168816,17.7969739242408,0.46646055186558844,1.2737045262322397,1.896818702773833,음봉,27.816374588012696,26.533211135864256,25.533344268798828,True,True,0,0.5678573335920066,0.14350993148307328,False,74.17828402391163,0.7071376505272085,0.0651173658697839,51.355951193226325
2016-10-13,27.799999237060547,28.01000022888184,27.440000534057617,27.8799991607666,27.36100578308105,2457300.0,-0.0042860330836943,-0.0042952444530698,0.5699996948242223,70.3160635408819,PWR,2457300.0,67234199.51076506,1.2340976596691107,11.924390799362339,-0.42860330836943517,2.0832556352028813,1.1689692259798241,음봉,27.678979873657227,26.677474689483642,25.57145462036133,True,True,0,0.570000239780972,0.1427338740437391,False,70.31606354088188,0.6598058818027326,0.014228477716246357,46.86637411701168
2016-10-14,28.07999992370605,28.39999961853028,27.8799991607666,27.940000534057617,27.419897079467773,1584200.0,0.0021523805394294,0.0021500674868877,0.5200004577636754,68.95652530835224,PWR,1584200.0,43438600.95329285,0.7956621668916156,-35.530867211980635,0.21523805394294548,1.8964347541372037,2.6278059597852836,음봉,27.5671028137207,26.82517328262329,25.61267283757528,True,True,0,0.5592859813145244,0.1419479856482562,False,68.95652530835224,0.6199013130630959,-0.020540872818712308,44.65254598201123
2016-10-17,27.950000762939453,28.040000915527344,27.43000030517578,27.61000061035156,27.096031188964844,2884000.0,-0.0118113459567082,-0.0118816540740724,0.6100006103515625,59.5297743763418,PWR,2884000.0,78144953.94897461,1.4301378014579074,82.04772124731726,-1.1811345956708297,2.251254458992474,1.9332810839345758,음봉,27.341382598876955,26.933125495910645,25.648820463816325,True,True,0,0.5521432331630177,0.1413790357421364,False,59.5297743763418,0.5557371917248197,-0.06776399532559085,6.633251283945933
2016-10-18,28.0,28.26000022888184,27.8799991607666,27.90999984741211,27.39044952392578,1253100.0,0.0108657364950495,0.0108071285437584,0.3800010681152379,51.25776938449973,PWR,1253100.0,34322972.2984314,0.6226264649746833,-56.549930651872394,1.0865736495049516,1.3873487829518967,3.3361668531120805,음봉,27.349232864379882,27.081805324554445,25.689547888437907,True,True,1,0.516428947448732,0.1105255979495908,False,51.25776938449973,0.5226193320210619,-0.08070548402347899,-2.746581012616312
2016-10-19,28.059999465942383,28.36000061035156,27.76000022888184,28.209999084472656,27.68486595153809,1819000.0,0.0107488716954109,0.0106915132338024,0.6000003814697195,55.94200824832167,PWR,1819000.0,50358771.165847786,0.8993283112981665,45.16000319208364,1.0748871695410944,2.167250448385809,2.4444649637157077,음봉,27.390449905395506,27.204478645324706,25.729621124267577,True,True,1,0.5242861339024145,0.10172992089024455,False,55.942008248321606,0.5142027258288309,-0.0712976721725681,17.69899665551864
2016-10-20,28.09000015258789,28.40999984741211,28.059999465942383,28.34000015258789,27.812442779541016,1614300.0,0.0046081793650816,0.0045975942129472,0.3500003814697265,55.16212198434537,PWR,1614300.0,44897626.37901306,0.7954804283823653,-11.253435953820778,0.46081793650816216,1.258430926920194,1.463377867745439,음봉,27.4807373046875,27.32224464416504,25.770512104034424,True,True,1,0.5200004577636727,0.09159338137381345,False,55.162121984345355,0.5119257274752798,-0.05885973642089537,26.558495314414383
2016-10-21,28.059999465942383,28.46999931335449,27.90999984741211,28.270000457763672,27.74374771118164,1445400.0,-0.0024699401237027,-0.0024729954578418,0.5599994659423793,55.82085863517145,PWR,1445400.0,40100812.94174194,0.7115851528623148,-10.462739267794085,-0.24699401237027185,2.018470870525834,0.8900932879706317,음봉,27.545507431030273,27.423327255249024,25.814674441019694,True,True,1,0.5228575297764374,0.08266678473822728,False,55.82085863517144,0.4988278945089242,-0.05756605550980076,21.7880062253717
2016-10-24,28.459999084472656,28.559999465942383,28.290000915527344,28.489999771118164,27.959657669067383,1370700.0,0.0077822924333588,0.0077521665933857,0.269998550415039,58.309851598354726,PWR,1370700.0,38324302.76699066,0.6751361544631925,-5.168119551681194,0.7782292433358817,0.9656718748518393,2.58166769950241,음봉,27.718232727050783,27.523428440093994,25.861944484710694,True,True,1,0.49071461813790507,0.06703391374615612,False,58.309851598354705,0.500104997577349,-0.04503116195310075,36.78174773999139
2016-10-25,28.40999984741211,29.5,28.32999992370605,28.40999984741211,27.881147384643555,2596800.0,-0.0028079844665153,-0.002811934250585,1.1700000762939489,52.29368867122725,PWR,2596800.0,72401763.52844238,1.2707342989765673,89.45064565550449,-0.2807984466515312,4.196384245428739,1.6106855944912148,음봉,27.816372299194335,27.59850435256958,25.911340936024985,True,True,1,0.5414288384573808,0.040893559295856474,True,52.293688671227244,0.4891434459808863,-0.04479417083965076,21.79454811494956
2016-10-26,28.13999938964844,28.65999984741211,27.93000030517578,28.420000076293945,27.890958786010746,1548600.0,0.0003519009182739,0.0003518390156677,0.7299995422363281,47.29734698513884,PWR,1548600.0,43191938.77601624,0.7555269540651804,-40.365064695009245,0.035190091827397296,2.617333982087678,0.92841231185291,음봉,27.857590866088866,27.627455139160155,25.964499314626057,True,True,1,0.5542858668736057,0.040850706970076194,False,47.297346985138844,0.47576372736358863,-0.04653911156555879,22.268528927203942
2016-10-27,28.479999542236328,28.59000015258789,28.14999961853028,28.190000534057617,27.665239334106445,1784200.0,-0.008092925511672,-0.0081258509959924,0.4400005340576136,44.87185636501022,PWR,1784200.0,49360320.01991272,0.8661498747832788,15.21374144388481,-0.8092925511672067,1.5904454277218765,2.1119415820191425,음봉,27.82815017700195,27.64659242630005,26.009806569417318,True,True,0,0.5571429388863702,0.04082242964399205,False,44.87185636501023,0.4418531228549547,-0.06435977285935413,11.364205971568522
2016-10-28,28.239999771118164,28.780000686645508,28.239999771118164,28.559999465942383,28.02835273742676,2174800.0,0.0131252579793395,0.0130398681449969,0.5400009155273438,46.91357210082967,PWR,2174800.0,60956061.53335572,1.0530950120864382,21.892164555543104,1.31252579793395,1.9266238033542045,2.0775545444247747,음봉,27.885071182250975,27.674561977386475,26.093387921651203,True,True,1,0.5742857796805249,0.04078117207928939,False,46.91357210082961,0.4392159335719761,-0.0535975697138662,28.905918863035936
2016-10-31,28.600000381469727,28.799999237060547,28.280000686645508,28.75,28.21481132507324,1617800.0,0.0066524989675007,0.006630468746287,0.5199985504150391,67.32253641396984,PWR,1617800.0,45645921.761703484,0.7910769116135823,-25.611550487401136,0.6652498967500753,1.8429985032469085,2.039533501658961,음봉,27.93610191345215,27.717252254486084,26.15717779795329,True,True,1,0.5435713359287807,0.04071836067502294,False,67.32253641396984,0.44701863917594764,-0.03663589128791572,37.913581429977086
2016-11-01,28.86000061035156,28.940000534057617,28.200000762939453,28.350000381469727,27.82226753234864,3502400.0,-0.0139126853694664,-0.0140103739081884,0.7399997711181641,56.22776366825474,PWR,3502400.0,97444709.80529788,1.6961909132629647,116.49153170972926,-1.3912685369466327,2.6597392547454106,2.2867042343287602,음봉,27.924325942993164,27.73933391571045,26.217860221862793,True,True,0,0.5714285714285714,0.04068594716975387,False,56.22776366825481,0.41672360580870915,-0.05354473972412338,18.95011038666696
2016-11-02,28.309999465942383,28.530000686645508,28.14999961853028,28.489999771118164,27.959657669067383,3611800.0,0.0049381358496034,0.0049259832478142,0.3800010681152308,60.77750673710069,PWR,3611800.0,100984691.56913757,1.780041367311688,3.1235724074920146,0.4938135849603231,1.3591048667796601,1.753027257848996,음봉,27.93806571960449,27.75062026977539,26.278378931681313,True,True,1,0.5578572409493575,0.0406693999358268,False,60.777506737100715,0.39919909079133475,-0.056855403793198256,25.587316037579384
2016-11-03,29.040000915527344,29.39999961853028,27.290000915527344,28.309999465942383,27.783002853393555,5045900.0,-0.0063182038122472,-0.0063382481359727,2.109998703002933,56.2710741057464,PWR,5045900.0,140190254.09793854,2.465402420174793,39.705963785370166,-0.6318203812247236,7.59456677212705,3.86393588665135,음봉,27.961618423461914,27.73737144470215,26.3369348526001,True,True,0,0.6714285441807331,0.040688825776759766,True,56.27107410574642,0.36682765822206775,-0.07138146908997223,22.307789235299598
2016-11-04,28.200000762939453,28.71999931335449,27.729999542236328,28.07999992370605,27.55728912353516,3107600.0,-0.0081241660971439,-0.0081573469679986,0.9899997711181604,58.24578320483262,PWR,3107600.0,85637031.68029787,1.502725231708019,-38.413365306486455,-0.8124166097143948,3.5925150934844905,1.5009101490804628,음봉,27.867405700683594,27.716271781921385,26.386167716979983,True,True,0,0.6985713413783472,0.040719801100915554,False,58.245783204832634,0.3192793988902416,-0.09514378273743879,12.094494060462274
2016-11-07,28.540000915527344,28.93000030517578,28.36000061035156,28.6299991607666,28.0970458984375,1574600.0,0.0195867152419344,0.0193973640527652,0.5699996948242223,61.61297684175687,PWR,1574600.0,44241608.47167969,0.7609476578950396,-49.330673188312524,1.958671524193445,2.02868193647333,3.5660684459448664,음봉,27.843852615356447,27.70989246368408,26.447177060445153,True,True,1,0.7121426718575604,0.04037475560667156,False,61.61297684175689,0.32144549799409106,-0.0743821469068715,36.51788765798204
2016-11-08,28.6299991607666,29.200000762939453,28.450000762939453,29.0,28.460161209106445,1918900.0,0.0129236116843565,0.0128408144117252,0.75,62.46066936269042,PWR,1918900.0,54612203.34415436,0.9243970120333787,21.865870697319956,1.2923611684356517,2.6352626553640928,1.8968302370846024,음봉,27.97143135070801,27.76534061431885,26.506387329101567,True,True,1,0.722856930324009,0.049130678391105596,False,62.460669362690446,0.34844585115737914,-0.03790543499486676,52.94845150844585
2016-11-09,29.940000534057617,31.31999969482422,29.90999984741211,30.690000534057617,30.11870384216309,6408900.0,0.0582759395096454,0.0566411118214378,1.4099998474121094,74.84158965464685,PWR,6408900.0,193027761.05403903,2.987703935451026,233.98822241909428,5.827593950964549,4.681475852351437,5.199687078644042,양봉,28.403240585327147,27.897336769104005,26.593076388041183,True,True,1,0.798571177891322,0.10834986429764946,True,74.84158965464688,0.49793447634501575,0.0892665521542158,70.19116087993648
2016-11-10,31.0,31.57999992370605,30.84000015258789,31.36000061035156,30.776227951049805,2967000.0,0.0218310891575037,0.0215962033251653,0.7399997711181605,78.98697030039459,PWR,2967000.0,91313068.33076477,1.373530362706484,-53.70500397884192,2.183108915750376,2.404452463424513,2.926075977423658,음봉,29.001885604858398,28.068097877502442,26.689906279246017,True,True,1,0.811428342546735,0.1311167140055745,False,78.98697030039463,0.6618327927839012,0.20253189487448092,81.26405224980499
2016-11-11,31.200000762939453,31.40999984741211,30.950000762939453,31.40999984741211,30.82529640197754,3018800.0,0.0015943620838063,0.0015930924379169,0.4599990844726562,78.29465218606433,PWR,3018800.0,93055404.7782898,1.3810079134904027,1.7458712504212937,0.15943620838063666,1.4922778956414053,1.376948508971494,음봉,29.655487060546875,28.23836784362793,26.77610451380412,True,True,1,0.8249998092651362,0.13206376635022887,False,78.29465218606435,0.786615192999097,0.26185143607174133,82.40783924915365
2016-11-14,31.57999992370605,31.8700008392334,31.32999992370605,31.790000915527344,31.198225021362305,3740100.0,0.0120981357168989,0.01202553821606,0.5400009155273473,80.95246739951469,PWR,3740100.0,116684481.40239716,1.682847866392794,23.89360010600239,1.2098135716898994,1.7308706349723213,2.448325271188943,음봉,30.275722885131835,28.4434775352478,26.871789550781255,True,True,1,0.779999869210379,0.13387165801783,False,80.95246739951473,0.9051641976428471,0.3043203525723931,85.3324054790048
2016-11-15,32.59000015258789,33.130001068115234,32.34000015258789,33.040000915527344,32.424957275390625,3706800.0,0.0393205784363803,0.0385672097013889,0.7900009155273438,84.47770173505249,PWR,3706800.0,120192831.62841797,1.6443728096766084,-0.8903505253870181,3.932057843638037,2.4363977069198053,4.461071520166927,음봉,31.06868209838867,28.695202922821046,26.9869387626648,True,True,1,0.7842856815883087,0.16963351557218823,False,84.47770173505252,1.0855881936521143,0.3877954788653283,87.92733263179485
2016-11-16,32.88999938964844,32.939998626708984,32.18000030517578,32.22999954223633,31.630029678344727,3074000.0,-0.0245159181026652,-0.024821436943104,0.7599983215332031,77.74726624236479,PWR,3074000.0,97230711.23123169,1.3710050228132709,-17.07132836948311,-2.451591810266529,2.4027746077441416,1.434210414860786,음봉,31.370947265625,28.892461109161378,27.08295084635417,True,True,1,0.8071426664079938,0.1684753726400967,False,77.74726624236482,1.151161622172495,0.362695125908567,74.31555906542532
2016-11-17,32.36000061035156,32.41999816894531,31.739999771118164,32.25,31.6496639251709,2862400.0,0.0006207470250847,0.0006205544413432,0.6799983978271484,76.62340794653927,PWR,2862400.0,90593998.01940918,1.2697734941387875,-6.883539362394275,0.062074702508474466,2.148516961933196,2.3078414387533925,음봉,31.545634460449218,29.08432216644287,27.18059857686361,True,True,1,0.8171424865722656,0.16736398819951598,False,76.6234079465393,1.190984429196849,0.32201434634633663,74.65176191325352
2016-11-18,31.68000030517578,32.2400016784668,31.670000076293945,31.920000076293945,31.325803756713867,2350300.0,-0.0102326574216626,-0.0102853709687192,0.5700016021728516,72.41868249198131,PWR,2350300.0,73625036.5694046,1.0478718284780941,-17.890581330352152,-1.0232657421662683,1.8195913075356815,0.09585055966662687,음봉,31.645735931396484,29.263424968719484,27.273830159505213,True,True,0,0.8207141331263951,0.1663396597308297,False,72.41868249198134,1.1827771628097103,0.2510456639673583,69.10621122840433
2016-11-21,32.02000045776367,32.369998931884766,31.93000030517578,32.279998779296875,31.67910385131836,1253600.0,0.011278245160071,0.0112151199375324,0.4399986267089844,77.95153686295339,PWR,1253600.0,39712924.588012695,0.560259809909722,-46.66212823894822,1.1278245160071032,1.3889238432187323,2.216053916576751,음봉,31.741911697387696,29.44939727783203,27.37654848098755,True,True,0,0.7992854799543109,0.16528922836460194,False,77.95153686295338,1.1910515096508014,0.2074560086467594,75.15587022452497
2016-11-22,32.2400016784668,32.33000183105469,31.84000015258789,32.220001220703125,31.62022018432617,2115000.0,-0.0018587541891511,-0.0018604838163525,0.4900016784667969,76.83444067516018,PWR,2115000.0,66876765.689849846,0.9489445133280965,68.7141033822591,-0.18587541891511572,1.5496466362675294,1.770560902798692,음봉,31.580964279174804,29.636350917816163,27.476322555541994,True,True,1,0.8071426664079944,0.16424654186859497,False,76.83444067516018,1.1792637508670865,0.1565345998904355,74.14758828182507
2016-11-23,32.2599983215332,32.81999969482422,32.060001373291016,32.779998779296875,32.1697998046875,2087000.0,0.0173806386279926,0.0172313229797185,0.7599983215332031,80.49110950785908,PWR,2087000.0,67138372.19238281,0.9320392065959633,-1.3238770685579215,1.7380638627992662,2.3624589712941355,2.0233196779703846,음봉,31.68891830444336,29.85029296875,27.588036918640135,True,True,1,0.7107140677315849,0.16306935938455888,False,80.49110950785908,1.200430533491378,0.14216110601178178,82.21850014623003
2016-11-25,32.790000915527344,32.900001525878906,32.59000015258789,32.880001068115234,32.26792907714844,708600.0,0.0030503538429431,0.0030457109529017,0.3100013732910156,83.33322535975442,PWR,708600.0,22865054.544067383,0.3188768330749945,-66.0469573550551,0.30503538429431654,0.9607104706033117,1.9278985713472596,음봉,31.812571334838868,30.0804274559021,27.704985173543296,True,True,1,0.6621427536010744,0.16182177460714164,False,83.33322535975442,1.2111620512025496,0.12231409897836265,81.92721366381247
2016-11-28,32.77000045776367,32.880001068115234,32.22999954223633,32.27000045776367,31.66928672790528,1959900.0,-0.0185522395258735,-0.0187264908551533,0.6500015258789062,75.06881974834313,PWR,1959900.0,62068635.05802156,0.878158844765343,176.58763759525823,-1.8552239525873482,2.052466578939903,1.5559454696173614,음봉,31.881267929077147,30.262474155426027,27.811792469024663,True,True,0,0.6678571701049805,0.16084832082319012,False,75.06881974834317,1.1580125736725044,0.055331697158653936,68.7881571589964
2016-11-29,32.20000076293945,32.56999969482422,32.029998779296875,32.36000061035156,31.757617950439453,1833200.0,0.0027891762543659,0.0027852937199832,0.5400009155273438,74.06873108859261,PWR,1833200.0,58218065.226745605,0.818095462746323,-6.464615541609264,0.27891762543656995,1.7003823031376677,1.6758004043284491,음봉,31.896970748901367,30.439614486694335,27.91320231755575,True,True,0,0.6528572354997907,0.15991227990036486,False,74.06873108859264,1.11022088596739,0.0060320075628317316,57.37942244083667
2016-11-30,32.709999084472656,34.13999938964844,32.709999084472656,33.720001220703125,33.09230041503906,5006400.0,0.0420271591742962,0.0411680074581978,1.4300003051757812,72.78190658755017,PWR,5006400.0,165673292.79785156,2.182127628956277,173.09622518001308,4.2027159174296225,4.321247804597792,2.9989060751328305,양봉,32.19138679504395,30.703116130828857,28.035875511169436,True,True,1,0.6542858396257673,0.1802752290001673,True,72.78190658755018,1.166595562166858,0.04992534700983975,68.2515388839118
2016-12-01,34.029998779296875,34.650001525878906,33.779998779296875,34.09000015258789,33.45540237426758,2778700.0,0.010972400065107,0.0109126400268269,0.8700027465820312,71.49598486070434,PWR,2778700.0,92962526.57737732,1.2016313424219731,-44.497043783956535,1.0972400065107024,2.600485078162441,2.83358470851929,음봉,32.44850730895996,30.977903366088867,28.168035189310714,True,True,1,0.6635717664446152,0.1903974320350231,False,71.49598486070437,1.2264346179064134,0.08781152219951616,67.71354310039972
2016-12-02,34.130001068115234,34.290000915527344,33.540000915527344,33.79999923706055,33.17080307006836,1568200.0,-0.0085068265213309,-0.0085432160901951,0.75,68.1334927869834,PWR,1568200.0,52018453.3744812,0.6785741759298435,-43.56353690574729,-0.8506826521330946,2.261024547448361,2.0164118377680245,음봉,32.629082107543944,31.247293376922606,28.29381593068441,True,True,1,0.6842861175537112,0.18875597254411847,False,68.13349278698341,1.2366375277046302,0.07841154559818642,55.44585114529915
2016-12-05,34.08000183105469,34.16999816894531,33.54999923706055,33.7400016784668,33.11193084716797,2529100.0,-0.0017748205485418,-0.0017763974085701,0.6199989318847656,65.55029944927124,PWR,2529100.0,83743384.30557251,1.087790887405427,61.27407218467032,-0.17748205485418334,1.8724336395435348,2.7409609561329638,음봉,32.91761093139648,31.52502546310425,28.43153705596924,True,True,1,0.6900002615792411,0.16997151936011295,False,65.55029944927125,1.2258421654324998,0.054092946660844854,48.38691508270401
2016-12-06,33.7400016784668,34.09000015258789,33.560001373291016,33.959999084472656,33.32781982421875,1522400.0,0.0065199754749198,0.0064988123736168,0.529998779296875,58.77855403847609,PWR,1522400.0,50738272.900390625,0.6561350700525393,-39.804673599304095,0.6519975474919892,1.5902593751774128,1.896811255730641,음봉,33.231651306152344,31.78656415939331,28.573019758860273,True,True,1,0.6714286804199219,0.15714945283524703,False,58.7785540384761,1.2206364619306562,0.03910979452720098,55.63150810398757
2016-12-07,34.029998779296875,34.630001068115234,33.84000015258789,34.58000183105469,33.93628692626953,1196300.0,0.0182570328710376,0.0180923743440773,0.7900009155273438,73.26745324064399,PWR,1196300.0,40597980.04989624,0.5156952421616162,-21.42012611665791,1.8257032871037637,2.327894378202634,2.1068853551826505,음봉,33.400448608398435,32.060370445251465,28.73184048334758,True,True,1,0.6735717228480748,0.11907482761703,False,73.26745324064403,1.25118621847394,0.055727640856387595,76.04985730094938
2016-12-08,34.66999816894531,35.150001525878906,34.540000915527344,35.099998474121094,34.44660568237305,2838600.0,0.0150375542619687,0.01492561108217,0.6100006103515625,75.67576464210711,PWR,2838600.0,97780134.88998413,1.2205257564992702,137.28161832316312,1.5037554261968733,1.770858400320444,2.1620256932346575,음봉,33.598689270019534,32.276765537261966,28.902437814076745,True,True,1,0.6685718808855329,0.11371578503075125,False,75.67576464210715,1.301571869033502,0.08489063313275969,79.78748418079684
2016-12-09,35.09000015258789,35.849998474121094,34.849998474121094,35.58000183105469,34.91767120361328,3184700.0,0.0136752377167101,0.0135825754830279,1.0,82.1054318491405,PWR,3184700.0,111202307.48214722,1.3649782125812562,12.19263016980201,1.3675237716710198,2.8638794213072263,1.867802233251912,음봉,33.948062896728516,32.48383769989014,29.076470088958743,True,True,1,0.6992860521589007,0.1259818756467184,False,82.10543184914053,1.3637929545676073,0.11768937493349174,76.74993364707092
2016-12-12,36.68999862670898,36.84999847412109,35.45000076293945,35.66999816894531,35.00600051879883,2913700.0,0.0025296450805805,0.002526450914068,1.3999977111816335,81.2156525312165,PWR,2913700.0,101996983.71162415,1.2426951596229734,-8.509435739630112,0.25296450805805115,3.999307805614099,5.075732034822229,음봉,34.32687683105469,32.6928729057312,29.25213801066081,True,True,1,0.7678574153355184,0.11647111920742224,True,81.21565253121655,1.4040460814303017,0.12635400143694886,63.19364125539377
2016-12-13,35.720001220703125,35.7400016784668,34.810001373291016,35.06999969482422,34.41716003417969,2007600.0,-0.0168211299746431,-0.016964211985091,0.9300003051757812,73.86936456530604,PWR,2007600.0,69095890.48461914,0.8519873494036773,-31.097916738167964,-1.6821129974643134,2.7021413279079325,2.039652320523923,음봉,34.544744873046874,32.85381965637207,29.410140895843508,True,True,0,0.7992858886718744,0.11201731794285232,False,73.86936456530607,1.3726098762798244,0.07593423702917712,49.52617024947496
2016-12-14,34.970001220703125,35.459999084472656,34.7599983215332,34.959999084472656,34.30922317504883,1621100.0,-0.0031361349694067,-0.0031410629465781,0.7000007629394531,69.74655795978843,PWR,1621100.0,55618681.689071655,0.6866019926586261,-19.251842996612865,-0.31361349694067897,2.0402699279082612,1.6062951910454286,음봉,34.61933212280273,32.94803295135498,29.57501373291016,True,True,0,0.795000348772321,0.11169700987972375,False,69.74655795978845,1.3237277452907534,0.02164168483208484,47.28681618381467
2016-12-15,34.900001525878906,35.52000045776367,34.810001373291016,35.36000061035156,34.70177459716797,2374600.0,0.0114415712683526,0.0113766115166528,0.7099990844726562,71.30605789607614,PWR,2374600.0,82402833.95843506,1.008792555964123,46.48078465239651,1.1441571268352657,2.0460022368152884,1.721922842192819,음봉,34.67036590576172,33.10162019729614,29.732853317260744,True,True,1,0.8235716138567238,0.1111787501684154,False,71.30605789607617,1.3016592063055086,-0.0003414833225281466,55.43103707537755
2016-12-16,35.400001525878906,35.86000061035156,35.36000061035156,35.560001373291016,34.898048400878906,5487800.0,0.0056560163273884,0.0056400811253136,0.5,80.40689313513778,PWR,5487800.0,191513510.01434326,2.270312758563627,131.10418596816308,0.5656016327388436,1.4327448751759069,2.0120784507888545,음봉,34.66644134521484,33.26403942108154,29.890202077229823,True,True,1,0.8128572191510877,0.11063589468188839,False,80.40689313513778,1.2851924868118942,-0.013446562252914074,59.50310794960809
2016-12-19,35.54999923706055,35.79999923706055,34.93000030517578,35.16999816894531,34.51530075073242,1533400.0,-0.0109675946846599,-0.0110281821577468,0.8699989318847656,74.60601646051315,PWR,1533400.0,52925762.171173096,0.6354891441991113,-72.05801960712854,-1.096759468465991,2.5206181402498835,1.8681584388117856,음봉,34.568301391601565,33.42351427078247,30.03675549825033,True,True,0,0.8364285060337606,0.10129935191860949,False,74.60601646051315,1.227112566549522,-0.05722118601222914,43.60632686984701
2016-12-20,35.470001220703125,35.68000030517578,35.2400016784668,35.529998779296875,34.86860275268555,1207400.0,0.0102360980280789,0.0101840639592978,0.4399986267089844,69.2145048266619,PWR,1207400.0,42100350.96359253,0.5044515580950714,-21.25994521977306,1.02360980280789,1.2618762782947939,2.76602100866945,음봉,34.658589935302736,33.58298921585083,30.185271644592287,True,True,1,0.7657141004289895,0.10081831348338122,False,69.2145048266619,1.1958078022085985,-0.07082076028252215,40.13905791890256
2016-12-21,35.38999938964844,35.41999816894531,34.900001525878906,35.029998779296875,34.37791061401367,1491300.0,-0.0140726068707781,-0.0141725648908753,0.5199966430664062,59.71084701169494,PWR,1491300.0,51267778.09867859,0.6235715224394925,23.51333443763459,-1.407260687077816,1.512589432513205,1.4953184119852154,음봉,34.6723274230957,33.720873737335204,30.318576335906986,True,True,0,0.7407136644635877,0.09895098854449884,False,59.71084701169494,1.1185103056689982,-0.11849460545769808,25.31451107300258
2016-12-22,35.09000015258789,35.290000915527344,34.65999984741211,34.70000076293945,34.05405807495117,1312600.0,-0.0094203671275614,-0.0094650194346446,0.6300010681152344,59.22143878978273,PWR,1312600.0,44699356.62918091,0.5520398299563142,-11.982833769194666,-0.9420367127561446,1.850002918091687,2.0713578162715494,음봉,34.54278411865234,33.815086650848386,30.430944919586185,True,True,0,0.7321423121861044,0.09867529914520662,False,59.22143878978273,1.019368642236472,-0.17410901511217958,15.274513770482361
2016-12-23,34.689998626708984,34.83000183105469,34.599998474121094,34.810001373291016,34.16200256347656,625000.0,0.0031697980983003,0.0031647848794423,0.2300033569335937,60.85185932754505,PWR,625000.0,21351251.60217285,0.2653128468017926,-52.38458022245924,0.3169798098300314,0.6732724655301561,1.8674442568875085,음봉,34.395574951171874,33.90979032516479,30.54560340245565,True,True,0,0.7042854854038778,0.09839971757116231,False,60.85185932754505,0.938687769489519,-0.20383191028730607,18.29792464053118
2016-12-27,34.939998626708984,35.130001068115234,34.88999938964844,35.040000915527344,34.38772201538086,714300.0,0.0066073249507223,0.0065855922566762,0.2400016784667968,60.93124082824174,PWR,714300.0,24563149.835586548,0.3076999342902838,14.28799999999999,0.660732495072236,0.6979284011876375,2.2773725333777612,음봉,34.370059204101565,34.045712089538576,30.66091607411703,True,True,1,0.683571406773158,0.09541238437945683,False,60.93124082824174,0.8827850731076126,-0.20778768533537018,18.19674977473
2016-12-28,35.150001525878906,35.2599983215332,34.33000183105469,34.41999816894531,33.77927017211914,893200.0,-0.0176938688462577,-0.0178522766901881,0.9299964904785156,48.38061156001231,PWR,893200.0,30171644.117736816,0.39023328032821103,25.045499090018208,-1.7693868846257788,2.753157441649286,2.216719997204515,음봉,34.15219268798828,34.14679470062256,30.767887147267665,True,True,0,0.6935710906982416,0.05604333058308619,False,48.380611560012305,0.7803889665298911,-0.2481470335304734,-21.854460022827723
2016-12-29,34.52000045776367,34.66999816894531,34.34000015258789,34.59000015258789,33.94610977172852,989400.0,0.0049391120281541,0.0049269546290781,0.3299980163574219,44.44454794891781,PWR,989400.0,33586281.0081482,0.43645476519240306,10.770264218540081,0.49391120281541134,0.9721232228862215,2.19285461725552,음봉,34.06583251953125,34.18948516845703,30.877311738332118,False,True,0,0.673570905412946,0.055399186688494334,False,44.44454794891781,0.7045799169973179,-0.25916486645043724,-15.233832171261733
2016-12-30,34.7400016784668,35.189998626708984,34.58000183105469,34.849998474121094,34.20125198364258,1695800.0,0.007516095765605,0.0074879906570969,0.6099967956542969,41.6474462235276,PWR,1695800.0,57998483.113861084,0.7491369898458257,71.39680614513846,0.751609576560508,1.7835510698439923,2.338683024584615,음봉,34.095271301269534,34.22677764892578,30.98510042826335,False,True,0,0.6457135336739671,0.05533882537990851,False,41.6474462235276,0.6575091866387623,-0.24498847744719432,-5.109127735005358
2017-01-03,35.15999984741211,35.61000061035156,34.650001525878906,34.90999984741211,34.26013946533203,1311200.0,0.0017217931588473,0.001720312572272,0.9599990844726562,41.24408093368765,PWR,1311200.0,44921894.86694336,0.5838577801903275,-22.67956126901757,0.17217931588473512,2.802087497174619,2.803253706115996,음봉,34.114898681640625,34.28124446868897,31.08863643010458,False,True,0,0.6142850603376117,0.05525090179736101,True,41.24408093368765,0.6178350039953102,-0.22773012807251725,-4.56617133738905
2017-01-04,34.97999954223633,35.279998779296875,34.90999984741211,35.11000061035156,34.456424713134766,1184000.0,0.0057292600341383,0.0057129102422839,0.3699989318847656,50.50773816042217,PWR,1184000.0,40796406.86035156,0.5316016180667011,-9.701037217815745,0.5729260034138317,1.073816958564834,2.101159213413962,음봉,34.128639221191406,34.3484691619873,31.19658880233765,False,True,0,0.5742849622453962,0.04885751055354991,False,50.50773816042217,0.5953684703643845,-0.20015732936275443,8.262940061833051
2017-01-05,35.099998474121094,35.279998779296875,34.810001373291016,34.869998931884766,34.22089767456055,1375400.0,-0.0068355042792479,-0.0068589733483824,0.4699974060058594,48.89433270299696,PWR,1375400.0,47067422.661590576,0.6179703802809067,16.165540540540533,-0.683550427924795,1.3734222008888166,1.867790307161492,음봉,34.21696472167969,34.39312305450439,31.296526559193932,False,True,0,0.5578561510358538,0.035667896304026545,False,48.89433270299696,0.5521931777431845,-0.19466609758716358,-7.1309963099631
2017-01-06,34.939998626708984,35.380001068115234,34.720001220703125,34.900001525878906,34.25033187866211,1418500.0,0.0008601236700884,0.0008597539756979,0.6599998474121094,43.783663962868914,PWR,1418500.0,48584095.7698822,0.6374557835066327,3.133633851970341,0.08601236700884751,1.9269881814584344,2.1013503473434874,음봉,34.277809143066406,34.40882530212402,31.411512120564783,False,True,0,0.5542847769601005,0.03565161948739827,False,43.783663962868914,0.5144216094612517,-0.18595013269527716,-5.207190585419368
2017-01-09,34.81999969482422,34.81999969482422,34.130001068115234,34.189998626708984,33.55354690551758,1282100.0,-0.0203438896771283,-0.0205536767338847,0.6899986267089844,33.72908851355905,PWR,1282100.0,43019002.48756409,0.5800420100177736,-9.615791328868529,-2.03438896771283,2.056410395753184,1.663247580141001,음봉,34.148268127441405,34.36417236328125,31.512758223215744,False,True,0,0.5678561074393136,0.04226650937280316,False,33.72908851355905,0.4233821594230136,-0.22159166618681225,-34.51825117638997
2017-01-10,34.29999923706055,34.72999954223633,34.119998931884766,34.56999969482422,33.92647171020508,906000.0,0.011114318427724,0.0110530082529293,0.6100006103515625,42.85711641440737,PWR,906000.0,30737383.3694458,0.41353348050463284,-29.33468528195928,1.1114318427724035,1.7980078080682773,2.224659984963382,음봉,34.08153457641602,34.31461238861084,31.622182655334477,False,True,0,0.5492847987583706,0.042327554128611555,False,42.85711641440737,0.3769790743319632,-0.21439580102229017,-12.405580212498013
2017-01-11,34.560001373291016,34.7400016784668,34.349998474121094,34.720001220703125,34.07368469238281,999800.0,0.0043391774846264,0.0043297903990287,0.3900032043457031,39.8496020855801,PWR,999800.0,34066869.955444336,0.4592220389017002,10.3532008830022,0.4339177484626422,1.1445877012323489,1.8673608870897467,음봉,34.00498657226562,34.267996597290036,31.733079115549728,False,True,0,0.5457136971609933,0.0392349022080752,False,39.8496020855801,0.34807080881518004,-0.19464325323125864,-3.108334720106504
2017-01-12,34.81999969482422,35.0,34.13999938964844,34.400001525878906,33.759639739990234,1400700.0,-0.0092166419695367,-0.0092593780053073,0.8600006103515625,41.73225052796965,PWR,1400700.0,47287127.38380432,0.6471107597698258,40.09801960392079,-0.9216641969536754,2.5474223569182297,2.1902973194097943,음봉,33.91273498535156,34.235120582580564,31.844139258066818,False,True,0,0.5699996948242188,0.03927257951722928,True,41.73225052796965,0.29640324494233994,-0.197048653683279,-24.18515341978264
2017-01-13,34.40999984741211,35.029998779296875,34.40999984741211,34.88999938964844,34.24051284790039,865200.0,0.0142440236807543,0.0141435307338472,0.6199989318847656,52.39285560425014,PWR,865200.0,29624891.716003418,0.4044364574228599,-38.23088455772113,1.4244023680754392,1.8107174230679888,1.926442676612707,음봉,33.910771179199216,34.23168506622314,31.95830698013306,False,True,0,0.5692852565220424,0.039276520941353414,False,52.39285560425014,0.2909053930240546,-0.16203720448125147,8.088173171699587
2017-01-17,34.810001373291016,34.869998931884766,34.130001068115234,34.13999938964844,33.504478454589844,1572500.0,-0.0214960096123583,-0.0217304140882594,0.7399978637695312,42.73319493887765,PWR,1572500.0,52685792.36984253,0.735126611631574,81.74988441978732,-2.1496009612358313,2.2086535827515843,1.6632009220199098,음봉,33.90095748901367,34.17182025909424,32.05530052185059,False,True,0,0.6057134355817523,0.04078126174499551,False,42.73319493887765,0.2245678036727199,-0.1826998350660689,-41.31005261204061
2017-01-18,34.20000076293945,34.279998779296875,33.65999984741211,34.279998779296875,33.641876220703125,2304800.0,0.0041008776274342,0.004092491946726,0.6199989318847656,41.592959927899976,PWR,2304800.0,77537796.31347656,1.0821197570785634,46.56915739268681,0.4100877627434274,1.8429380329959715,2.075908476809399,음봉,33.84403839111328,34.10901165008545,32.15245774586996,False,True,0,0.6328560965401786,0.03999307608469757,False,41.592959927899976,0.18099523719084942,-0.18101792123835153,-0.9294163906717973
2017-01-19,34.349998474121094,34.560001373291016,33.959999084472656,34.470001220703125,33.828330993652344,1628100.0,0.0055423416852855,0.0055270394238115,0.6000022888183594,50.61114516657875,PWR,1628100.0,55075905.69076538,0.762274047754765,-29.360465116279066,0.5542341685285557,1.7736680208401228,2.1048833566012353,음봉,33.79496765136719,34.074663162231445,32.25386746724447,False,True,0,0.6092850821358817,0.040033390545961625,False,50.61114516657875,0.15966844776435352,-0.16187576853187796,8.632363096437464
2017-01-20,34.630001068115234,34.959999084472656,34.11000061035156,34.65999984741211,34.014801025390625,1671900.0,0.0055122445081097,0.0054971076881095,0.8499984741210938,50.85151477607711,PWR,1671900.0,56869345.834350586,0.7836378218481793,2.6902524414962325,0.551224450810972,2.49890767694512,2.369818583758444,음봉,33.84599990844727,34.0319730758667,32.35478652318319,False,True,0,0.646427971976144,0.027972114823397686,False,50.85151477607711,0.15601494350602962,-0.13242341823216147,18.194925085243778
2017-01-23,34.65999984741211,34.88999938964844,34.150001525878906,34.77000045776367,34.12275695800781,1406700.0,0.0031737928596613,0.0031687670102987,0.7399978637695312,48.99010274184381,PWR,1406700.0,48000482.21282959,0.6603556089404456,-15.86219271487529,0.31737928596613507,2.1686344531896653,1.8968178633174144,음봉,33.82244873046875,34.0192153930664,32.45881334940593,False,True,0,0.6557137625558036,0.027982604758690053,False,48.99010274184381,0.15998643258927103,-0.10276154331913606,23.73112459187646
2017-01-24,35.029998779296875,37.470001220703125,35.029998779296875,37.40999984741211,36.71360778808594,4435100.0,0.0759273593650853,0.0731829495769482,2.44000244140625,69.11321564380751,PWR,4435100.0,162828521.90093994,2.0366249663795535,215.28399800952585,7.592735936508532,6.646043765271317,2.6587588523563133,양봉,34.46427459716797,34.15219287872314,32.60585749944052,True,True,1,0.7614282880510602,0.09396554256096935,True,69.11321564380751,0.3679523499958961,0.08416349926999117,80.14716115538228
2017-01-25,37.5,38.0,37.36000061035156,37.59999847412109,36.90006637573242,3080100.0,0.0050787323523948,0.0050658790917197,0.6399993896484375,69.06585393439012,PWR,3080100.0,113655894.44389343,1.3969944428726007,-30.551735022885616,0.5078732352394866,1.7344125702422515,2.141963863789103,음봉,35.11591262817383,34.28909606933594,32.759771283467614,True,True,1,0.7807140350341797,0.09902821335028383,False,69.06585393439012,0.5415696102264889,0.20622460760046712,74.65590816600086
2017-01-26,37.83000183105469,38.08000183105469,37.34000015258789,37.45000076293945,36.75286483764648,1442100.0,-0.0039891943983806,-0.0039971724587789,0.7400016784667969,70.0310723960269,PWR,1442100.0,53001306.38236999,0.6595544036937016,-53.18009155546898,-0.39891943983806355,2.0134530511722253,2.5201457521871666,음봉,35.700819396972655,34.407353210449216,32.905179818471275,True,True,1,0.8000000544956752,0.09868785606302805,False,70.0310723960269,0.659680222921935,0.2594681762367305,69.97428964241097
2017-01-27,37.400001525878906,37.41999816894531,36.45000076293945,36.70000076293945,36.01682662963867,1845000.0,-0.0200266893821531,-0.0202299417517948,0.9699974060058594,62.56986940339021,PWR,1845000.0,66451045.13168335,0.8420117005832906,27.938423132931135,-2.002668938215313,2.6931784301275368,1.7607788973488612,음봉,36.10122451782227,34.5192310333252,33.0352134068807,True,True,0,0.8221427372523716,0.0983680058766212,False,62.569869403390214,0.6859840057576605,0.22861756725796473,53.3218489708521
2017-01-30,36.5099983215332,36.619998931884766,35.900001525878906,36.58000183105469,35.8990592956543,1484800.0,-0.0032697865138252,-0.0032751439473786,0.7199974060058594,68.18879413473496,PWR,1484800.0,53302923.2421875,0.6790983338778177,-19.523035230352303,-0.3269786513825257,2.005616359125648,1.3692813555336782,음봉,36.456484985351565,34.616878509521484,33.16982660293579,True,True,0,0.8242855072021484,0.09809052887910187,False,68.18879413473496,0.6893803559150129,0.1856111339322537,50.65743084569729
2017-01-31,36.720001220703125,36.72999954223633,35.70000076293945,35.88999938964844,35.22189712524414,2270000.0,-0.0188629502749151,-0.0190431250714407,1.029998779296875,59.593011430663466,PWR,2270000.0,79953706.4743042,1.037505749411275,52.88254310344826,-1.8862950274915136,2.9243137461742714,2.286806231572218,음봉,36.1581428527832,34.667910766601565,33.2908639272054,True,True,0,0.8542853764125279,0.09794613652962975,False,59.593011430663466,0.6301664929467137,0.1011178167711636,35.33702662605713
2017-02-01,36.15999984741211,36.52999877929688,35.540000915527344,35.70000076293945,35.03544616699219,2181700.0,-0.0052936091883114,-0.0053076699809432,0.9899978637695384,57.08098021527169,PWR,2181700.0,76436832.90252686,0.9930854649537116,-3.8898678414096888,-0.5293609188311454,2.825703600436067,2.6634077058149557,음봉,35.78521881103516,34.70667610168457,33.41173798243205,True,True,0,0.8971421377999447,0.09783673640178309,False,57.08098021527169,0.5617189000147391,0.02613617907135124,31.118681047436
2017-02-02,35.77000045776367,35.900001525878906,35.29999923706055,35.529998779296875,34.86860275268555,1103700.0,-0.0047621318567316,-0.0047735069340887,0.6000022888183594,58.34564907095128,PWR,1103700.0,38484476.85813904,0.5112524943862523,-49.41100976302884,-0.47621318567316884,1.7207523142640058,2.096603215127676,음봉,35.40836639404297,34.72728500366211,33.53359320958455,True,True,0,0.8785708291190016,0.09777867520551929,False,58.34564907095128,0.4883810673738864,-0.03776132285560119,27.343944861251234
2017-02-03,36.040000915527344,36.709999084472656,35.869998931884766,36.59999847412109,35.91868591308594,1610100.0,0.0301154355925408,0.0296708693526074,0.8400001525878906,61.63270292439165,PWR,1610100.0,57832676.18865967,0.7569664121214563,45.882033161185106,3.011543559254082,2.3386160468689665,3.359464017386177,음봉,35.38873825073242,34.81217441558838,33.66395387649536,True,True,1,0.8942852020263677,0.09754024211777142,False,61.63270292439165,0.5091243729165669,-0.01361441385033657,51.10147176478
2017-02-06,36.59999847412109,37.61000061035156,36.38999938964844,36.68000030517578,35.9971923828125,2408300.0,0.0021856721016055,0.0021832869950793,1.220001220703125,69.0119765705647,PWR,2408300.0,86692038.41552734,1.1549623533011941,49.574560586298986,0.21856721016055847,3.389156597906331,1.8968192842125458,음봉,35.408364868164064,34.8995174407959,33.789571062723795,True,True,1,0.928571156093053,0.09729612814569451,False,69.0119765705647,0.5258368876884063,0.002478480737202249,52.87763544111085
2017-02-07,36.709999084472656,36.93000030517578,36.06999969482422,36.459999084472656,35.781288146972656,1406800.0,-0.0059978076496579,-0.0060158667441502,0.8600006103515625,66.1242411313425,PWR,1406800.0,50337116.16516113,0.6835167157288805,-41.58535066229291,-0.599780764965796,2.403492593165136,1.9801730481638853,음봉,35.520243072509764,35.010904502868655,33.88394746780396,True,True,1,0.9457141331263956,0.09698658087694813,False,66.1242411313425,0.5157151652040426,-0.006114593397729129,44.20601573654162
2017-02-08,36.52999877929688,36.59000015258789,35.900001525878906,36.16999816894531,35.49668502807617,1128100.0,-0.0079539651486963,-0.0079857666738895,0.6899986267089844,62.39067650103608,PWR,1128100.0,40043810.38017273,0.5499996904475201,-19.810918396360535,-0.7953965148696396,1.9438396181593538,2.0924641652052203,음봉,35.612490844726565,35.08941516876221,33.962621752421065,True,True,0,0.9521424429757259,0.09676957865531614,False,62.390676501036076,0.4792045621467196,-0.03410015716404169,34.929067792050056
2017-02-09,36.16999816894531,36.97999954223633,36.150001525878906,36.91999816894531,36.23272705078125,1151700.0,0.0207355143761425,0.02052345995951,0.8299980163574219,65.22910076913487,PWR,1151700.0,41729231.744384766,0.564859449006474,2.0920131194043012,2.0735514376142516,2.290741227383064,1.8968338602226724,양봉,35.8853157043457,35.19736728668213,34.05274559656779,True,True,1,0.9507138388497494,0.09647278142951873,False,65.22910076913487,0.5038539711108001,-0.007560598559968934,52.99555631482801
2017-02-10,37.11000061035156,37.290000915527344,36.43999862670898,36.959999084472656,36.2719841003418,1108600.0,0.0010834693592212,0.0010828828299144,0.8500022888183665,64.89793954060761,PWR,1108600.0,40211121.573638916,0.5671219061430939,-3.7422940001736515,0.10834693592212119,2.3434127189374148,2.421218690883486,음봉,35.95597534179687,35.322984504699704,34.137308247884114,True,True,1,0.958571297781809,0.09612970049829161,False,64.89793954060761,0.5205558770036021,0.0073130458662664655,40.720789453936014
2017-02-13,37.25,37.7400016784668,36.93000030517578,37.150001525878906,36.45845031738281,1194800.0,0.0051407779768866,0.0051276092900316,0.8100013732910156,47.346965002213246,PWR,1194800.0,43560556.439208984,0.6201430064978237,7.775572794515595,0.5140777976886612,2.2217109236396144,2.69633967900032,음봉,36.04822692871094,35.43388137817383,34.204533131917316,True,True,1,0.8421426500592923,0.09582884485339375,False,47.346965002213246,0.5425839530425023,0.023472897524133396,41.670863287140776
2017-02-14,36.93999862670898,37.38999938964844,36.58000183105469,37.38999938964844,36.6939811706543,1445000.0,0.0064602541035372,0.0064394761014343,0.80999755859375,47.87884641660738,PWR,1445000.0,53022802.79159546,0.7598578693930903,20.940743220622693,0.6460254103537233,2.2074398382303055,1.320813981763153,음봉,36.23076553344727,35.59335651397705,34.28893232345581,True,True,1,0.8542853764125289,0.0915392779478341,False,47.87884641660738,0.5724479102793367,0.04266948380877422,50.14318823317932
2017-02-15,37.400001525878906,37.59999847412109,37.060001373291016,37.400001525878906,36.70379257202149,1132600.0,0.0002673844879781,0.0002673487471168,0.539997100830071,49.48021806274572,PWR,1132600.0,41570715.46707154,0.6088322477043084,-21.61937716262976,0.026738448797813952,1.4712297094924711,1.9240767360213376,음봉,36.47218704223633,35.74645233154297,34.37316780090332,True,True,1,0.8399993351527628,0.08593119545375286,False,49.48021806274572,0.5901046505565333,0.048260979268776594,57.53245616229361
2017-02-16,37.43000030517578,37.72999954223633,36.970001220703125,37.72999954223633,37.02764892578125,1208400.0,0.0088235119878763,0.0087848122842398,0.7599983215332031,61.73114536949559,PWR,1208400.0,44744210.96191406,0.6637279706781378,6.692565777856263,0.8823511987876342,2.052515737784364,1.9785632008716785,음봉,36.63117141723633,35.90641822814941,34.46819855372111,True,True,1,0.824999400547573,0.08390833864984769,False,61.73114536949559,0.6230481345430761,0.0649635706042555,70.80524426545264
2017-02-17,37.5,37.5,36.540000915527344,37.2400016784668,36.54677200317383,2265200.0,-0.0129869688343242,-0.0130720368337086,0.9599990844726562,56.93275561050419,PWR,2265200.0,82785747.94158936,1.2530235155491323,87.45448526977822,-1.2986968834324264,2.6267684718893562,1.2756712562699761,음봉,36.68612899780273,36.033016777038576,34.54932635625203,True,True,0,0.8421423775809157,0.08061750659813004,False,56.93275561050419,0.6033977405975435,0.03625054132697836,51.09719338619706
2017-02-21,36.68999862670898,38.68000030517578,36.040000915527344,38.470001220703125,37.75387954711914,2819700.0,0.0330291152345953,0.0324953748657636,2.639999389648437,74.33971397139715,PWR,2819700.0,106454614.15901184,1.560337081316388,24.479074695391144,3.3029115234595396,6.992657235009602,0.391899518575022,양봉,36.94521484375,36.21457290649414,34.65155401229858,True,True,1,0.9571424211774558,0.07967170569382014,True,74.33971397139715,0.6774192845663691,0.08821766823664323,72.59998623097871
2017-02-22,38.540000915527344,38.81999969482422,37.58000183105469,37.65999984741211,36.95895004272461,2089000.0,-0.0210555713460496,-0.021280401439694,1.2399978637695312,66.55390742930607,PWR,2089000.0,77207246.63925171,1.1586489955681392,-25.91410433734085,-2.105557134604963,3.35506788568423,2.082226721699093,음봉,36.998208618164064,36.226840019226074,34.731373182932536,True,True,0,0.9749995640345982,0.07964472730446095,False,66.55390742930607,0.6642803139968976,0.0600629581337373,47.1292781228224
2017-02-23,37.75,37.84999847412109,36.52999877929688,37.13999938964844,36.44863510131836,1942300.0,-0.0138076146864649,-0.0139038264614912,1.3199996948242043,62.83892357821962,PWR,1942300.0,70794183.95729065,1.0707904507798272,-7.02249880325515,-1.3807614686464964,3.6215339508734026,2.1403474837919787,음봉,36.94717712402344,36.20426845550537,34.8010516166687,True,True,0,1.0264279501778728,0.07969438183731196,False,62.83892357821962,0.6057072184927108,0.0011918901036404028,19.61478033168461
2017-02-24,36.81999969482422,37.7599983215332,36.68999862670898,37.7599983215332,37.05709457397461,1632100.0,0.0166936147530594,0.016555807914409,1.069999694824226,59.96564434550943,PWR,1632100.0,60480884.05418396,0.9035954949539688,-15.970756319827007,1.6693614753059416,2.8874354752455207,1.018871056415572,양봉,36.95306625366211,36.219479942321776,34.89084841410319,True,True,1,1.0428564889090397,0.079660911725632,False,59.965644345509425,0.6014520478281895,-0.002450624448704808,39.62649909858125
2017-02-27,37.77000045776367,38.380001068115234,37.5099983215332,38.130001068115234,37.420204162597656,1298500.0,0.0097986523983468,0.0097509569184632,0.8700027465820312,61.86580960705802,PWR,1298500.0,48590135.10513306,0.7239174931130695,-20.439924024263224,0.9798652398346874,2.324954569466563,1.9238040434226056,음봉,37.127752685546874,36.289648818969724,34.98522485097249,True,True,1,1.0178565979003902,0.07950688111716778,False,61.86580960705802,0.6202300773364229,0.013061924047622853,52.06176678075928
2017-02-28,38.0,38.0,37.11000061035156,37.31999969482422,36.62528610229492,1936600.0,-0.0212430177250949,-0.0214718978329353,0.8899993896484375,56.41795911168663,PWR,1936600.0,70928529.06570435,1.0680536697717538,49.14131690412014,-2.124301772509496,2.4300134807484017,1.5494192251945618,음봉,36.902033996582034,36.32596015930176,35.04410794576009,True,True,0,1.0199993678501669,0.07942740623456801,False,56.41795911168663,0.5644617927693076,-0.03416508841559396,24.838528466542993
2017-03-01,37.970001220703125,38.560001373291016,37.84000015258789,38.25,37.537967681884766,2217100.0,0.0249194389100664,0.0246140133162284,0.720001220703125,64.16895883002758,PWR,2217100.0,83225428.14750671,1.2200052232046545,14.4841474749561,2.4919438910066427,1.9180612728019006,3.671548434194877,음봉,37.01783752441406,36.441763687133786,35.11215070088704,True,True,1,1.0221424102783199,0.0791750042397722,False,64.16895883002758,0.5871425870755189,-0.009187435287506207,53.883720292002856
2017-03-02,38.27999877929688,38.459999084472656,37.470001220703125,37.52000045776367,36.821556091308594,2362300.0,-0.019084986077227,-0.0192694552564277,0.9899978637695312,54.09835107998632,PWR,2362300.0,86983561.95449829,1.2939247875553608,6.549095665509008,-1.9084986077227084,2.688636681498671,1.9767481918585832,음봉,37.09242172241211,36.53106918334961,35.172996584574385,True,True,0,1.0335709708077563,0.0789814494602492,False,54.09835107998632,0.5410717139979582,-0.04420664669205354,28.11350787639278
2017-03-03,37.5099983215332,38.130001068115234,37.5,38.040000915527344,37.33189010620117,1326200.0,0.0138596536666477,0.013764486976862,0.6300010681152344,56.92313902391135,PWR,1326200.0,49509552.658843994,0.750423036160161,-43.85979765482793,1.3859653666647764,1.6875680988104733,1.869671744772107,음봉,37.14738082885742,36.65423355102539,35.243329238891604,True,True,1,1.0178565979003895,0.06158073162001294,False,56.92313902391135,0.5395206469457321,-0.03660617099542374,46.47085460233822
2017-03-06,37.65999984741211,37.83000183105469,37.310001373291016,37.66999816894531,36.9687614440918,1344300.0,-0.0097270366187287,-0.0097746532702943,0.5200004577636719,53.25807986758715,PWR,1344300.0,49697106.0092926,0.7705925920533996,1.3648016890363435,-0.9727036618728757,1.4065942094112982,0.878899354620235,음봉,37.05709228515625,36.70673732757568,35.30401159922282,True,True,0,0.9971422467912936,0.061492649125948526,False,53.25807986758715,0.5031895114294684,-0.05834984520934994,33.408666776442175
2017-03-07,37.66999816894531,38.15999984741211,37.400001525878906,37.52999877929688,36.83137512207031,1698000.0,-0.0037162814401898,-0.0037232039700961,0.7599983215332031,50.888323808913086,PWR,1698000.0,62539674.95727539,0.9721957151192274,26.31109127426914,-0.37162814401898725,2.0634535610314275,1.896835862121057,음봉,37.09831008911133,36.748446464538574,35.35226306915283,True,True,0,0.9935708727155402,0.061422855554482035,False,50.888323808913086,0.45803100051981005,-0.0828066848952067,28.4667105768703
2017-03-08,37.63999938964844,37.77000045776367,37.27999877929688,37.4900016784668,36.792110443115234,2098400.0,-0.0010660660598454,-0.0010666347124508,0.4900016784667897,50.56885471305168,PWR,2098400.0,77204564.55383301,1.2061673663148809,23.580683156654892,-0.10660660598454941,1.3318118274959732,2.195476723033283,음봉,36.94913864135742,36.798987579345706,35.3913548151652,True,True,0,0.9899997711181631,0.061338495092453905,False,50.56885471305168,0.4142984492007926,-0.10123138897137929,27.05431143311927
2017-03-09,37.2599983215332,37.52000045776367,36.5,36.720001220703125,36.03645706176758,1463900.0,-0.0205384625194573,-0.0207523098718046,1.020000457763672,43.95214693139568,PWR,1463900.0,52753769.49272156,0.8419039985686143,-30.237323675181095,-2.0538462519457346,2.830468200620722,1.2717070936753583,음봉,36.792118835449216,36.82597618103027,35.41000124613444,False,True,0,1.0085713522774822,0.04663616999340368,False,43.952146931395674,0.3150336626273713,-0.16039694043584046,-0.12747680992370602
2017-03-10,37.15999984741211,37.40999984741211,36.95000076293945,37.310001373291016,36.61547470092773,1436100.0,0.0160675517620307,0.0159398349008187,0.4599990844726562,50.41423515308527,PWR,1436100.0,52583483.21800231,0.8241118924433433,-1.8990368194548801,1.6067551762030785,1.2562969297268218,3.117794803520071,음봉,36.64883575439453,36.845113563537595,35.43682581583659,False,True,0,0.9728570665631965,0.04661194712807579,False,50.414235153085265,0.2798614202863021,-0.15645534622152774,20.70050496734153
2017-03-13,37.369998931884766,37.900001525878906,37.2599983215332,37.66999816894531,36.9687614440918,1308700.0,0.0096485637848393,0.009602313653533,0.6400032043457031,44.72288573388949,PWR,1308700.0,48381018.101882935,0.7616164191471732,-8.871248520298025,0.9648563784839359,1.731200016840126,2.0606703507736333,음봉,36.64883575439453,36.8799524307251,35.47935250600179,False,True,0,0.8300001961844298,0.046567914874010484,False,44.72288573388949,0.27729793448474993,-0.12721506561846396,20.205237316952058
2017-03-14,37.2400016784668,37.29999923706055,36.630001068115234,37.22999954223633,36.53696060180664,874600.0,-0.0116801544173497,-0.0117489032768195,0.6699981689453125,47.01806595610474,PWR,874600.0,31955225.742340088,0.5200841954239976,-33.17032169328341,-1.1680154417349708,1.8337545266756072,0.7337011676336497,음봉,36.589952850341795,36.88387794494629,35.516481463114424,False,True,0,0.7892859322684141,0.04656295869742943,False,47.01806595610474,0.23768376378004774,-0.13346338905853294,1.794202775097821
2017-03-15,37.400001525878906,38.0,37.22999954223633,37.650001525878906,36.94914245605469,1435200.0,0.0112812299506834,0.0112180714360166,0.7700004577636719,53.58651173089067,PWR,1435200.0,53029409.25292969,0.8655259391856642,64.09787331351475,1.128122995068348,2.0839467619024417,2.3621037706940267,음봉,36.621359252929686,36.89663600921631,35.55393759409586,False,True,0,0.7500002724783761,0.046546858226386066,False,53.58651173089067,0.23681897722743628,-0.10746254048891557,21.803017312417943
2017-03-16,37.869998931884766,38.0,37.40999984741211,37.47999954223633,36.78230285644531,884800.0,-0.004515384891755,-0.0045256100340274,0.5900001525878906,47.89786485986447,PWR,884800.0,32544981.567382812,0.5393936872173845,-38.35005574136009,-0.451538489175507,1.6040326645413006,2.4922269222494,음봉,36.770528411865236,36.9005615234375,35.58534183502197,False,True,0,0.7157145908900665,0.04654190653062926,False,47.89786485986447,0.2201335042931234,-0.09931841073858277,13.704013021812274
2017-03-17,37.56999969482422,37.619998931884766,37.02000045776367,37.2599983215332,36.56639099121094,1695100.0,-0.0058699931343896,-0.0058872892627384,0.5999984741210938,43.31790851390324,PWR,1695100.0,61983689.36920166,1.0326310934307514,91.58001808318264,-0.5869993134389628,1.6408468483130008,2.1415103927917314,음봉,36.760711669921875,36.877498626708984,35.61952667236328,False,True,0,0.696428571428571,0.04657101347182203,False,43.31790851390324,0.1873284578524661,-0.10569876574339204,3.222861502508254
2017-03-20,37.15999984741211,37.27999877929688,36.790000915527344,37.09999847412109,36.40937805175781,676700.0,-0.0042939140340884,-0.0043031593581976,0.4899978637695383,48.12283633165226,PWR,676700.0,24638226.12762451,0.41911721333716084,-60.079051383399204,-0.42939140340884085,1.3458012467913651,1.623372829831227,음봉,36.648834991455075,36.870628929138185,35.64520626068115,False,True,0,0.6678570338657924,0.04657969053504034,False,48.12283633165226,0.14696645241863848,-0.11684861694177573,-4.399120768420254
2017-03-21,37.2599983215332,37.2599983215332,35.66999816894531,35.90999984741211,35.24153518676758,2315400.0,-0.032075331342658,-0.0326010163687979,1.5900001525878906,30.882412719059783,PWR,2315400.0,81598250.57144165,1.480218455468693,242.16048470518695,-3.2075331342658053,4.51172216012003,2.336266960029336,음봉,36.389749908447264,36.745011711120604,35.659600003560385,False,False,0,0.7299998147147042,0.0624964420523559,True,30.882412719059786,0.02050771303485277,-0.19464588506044914,-15.357091096034631
2017-03-22,35.900001525878906,36.58000183105469,35.689998626708984,36.310001373291016,35.63407516479492,1831800.0,0.0111385606769689,0.0110769837403637,0.8900032043457031,39.55087257603781,PWR,1831800.0,65274498.88687134,1.1675212049596944,-20.88623995853848,1.1138560676968945,2.497618361721905,1.8684382948180072,음봉,36.12673645019531,36.67876796722412,35.685933621724445,False,False,0,0.7228573390415737,0.0626093138452541,False,39.550872576037804,-0.047489622571731616,-0.2101145765336268,-1.4426899572417153
2017-03-23,36.34000015258789,36.84000015258789,36.209999084472656,36.43000030517578,35.7518424987793,1712400.0,0.0033049078288054,0.0032994586237066,0.6300010681152344,35.06468125246097,PWR,1712400.0,61221455.09490967,1.0858723419674725,-6.518178840484767,0.3304907828805437,1.7621499315363818,1.9810391725569327,음봉,35.92064437866211,36.643928337097165,35.71243095397949,False,True,0,0.7228573390415737,0.06266884035990081,False,35.06468125246097,-0.09082815091920082,-0.2027624839048768,3.286918661210683
2017-03-24,36.630001068115234,36.810001373291016,35.95000076293945,36.130001068115234,35.45744323730469,1241700.0,-0.0082345199827018,-0.0082686109196993,0.8600006103515625,35.52628214074083,PWR,1241700.0,44027507.26776123,0.7893737853203122,-27.487736510161177,-0.823451998270186,2.4254445099040813,2.456261014704127,음봉,35.69885482788086,36.56394577026367,35.73025964101156,False,False,0,0.747143064226423,0.06280592662361963,False,35.52628214074083,-0.14723260109916225,-0.20733354726787057,-8.53633688196967
2017-03-27,35.58000183105469,36.11000061035156,35.06999969482422,35.97999954223633,35.31022262573242,1106000.0,-0.0041520368681681,-0.0041606805073479,1.0400009155273438,35.45948934041323,PWR,1106000.0,39053106.22406006,0.7045754224742551,-10.92856567608923,-0.41520368681681186,2.9453252859681496,0.345649834168123,음봉,35.47902374267578,36.45844669342041,35.75577551523845,False,False,0,0.7671432495117188,0.06298766687533126,False,35.45948934041323,-0.2014903518658855,-0.20927303842767503,8.19873398933968
2017-03-28,35.959999084472656,36.66999816894531,35.88999938964844,36.47999954223633,35.80091094970703,1322500.0,0.0138964947679773,0.0138008237931622,0.779998779296875,41.27797414646754,PWR,1322500.0,47346704.73098755,0.8365958403913604,19.57504520795661,1.3896494767977385,2.178712101467513,1.840193605198932,음봉,35.59089889526367,36.41722793579102,35.786688868204756,False,True,0,0.7878573281424391,0.06305895932458504,False,41.27797414646754,-0.20256057118808712,-0.1682746061999013,24.945774018919856
2017-03-29,36.27999877929688,36.81999969482422,35.9900016784668,36.720001220703125,36.03645706176758,1393100.0,0.0065793329223224,0.006557783580027,0.8299980163574219,50.0,PWR,1393100.0,50202388.33274841,0.8752905906957122,5.338374291115322,0.657933292232249,2.3032175858319817,1.338200109664448,음봉,35.6713752746582,36.34215240478515,35.81727561950684,False,True,0,0.7742857251848498,0.05751874286780983,False,50.0,-0.18230067629109925,-0.11841176904233075,32.98488963417968
2017-03-30,36.720001220703125,37.25,36.630001068115234,37.119998931884766,36.42900466918945,2175800.0,0.0108930688371788,0.0108341667266109,0.6199989318847656,48.126150024533935,PWR,2175800.0,79262228.35922241,1.3497983801481992,56.18404996051971,1.0893068837178888,1.701937611293404,1.8968128797010524,음봉,35.80680770874024,36.322524833679196,35.85342337290446,False,True,0,0.7857142857142863,0.057549824220792106,False,48.126150024533935,-0.13303569962543804,-0.05531743390133563,46.382417502297926
2017-03-31,36.90999984741211,37.470001220703125,36.810001373291016,37.11000061035156,36.419193267822266,1572800.0,-0.0002693293834482,-0.0002693656591202,0.6599998474121094,44.06784267220081,PWR,1572800.0,57280107.17163086,0.9701427216091502,-27.713944296350768,-0.026932938344825796,1.8122308271865104,1.320363217690291,음봉,35.99915771484375,36.27688999176026,35.88613618214925,False,True,0,0.7871426173618866,0.0476123024249469,False,44.06784267220081,-0.0937043829779256,-0.012788893803058546,46.04755742225439
2017-04-03,37.27999877929688,37.4900016784668,36.2400016784668,36.47999954223633,35.80091094970703,1829000.0,-0.0169768263005845,-0.0171225846475178,1.25,42.36239921150444,PWR,1829000.0,65479866.12701416,1.1267039604337967,16.289420142421164,-1.6976826300584502,3.491531267894257,2.363604007217729,음봉,36.09729537963867,36.21849746704102,35.91246973673503,False,False,0,0.8285713195800787,0.04768906437645575,True,42.36239921150444,-0.11114305903846144,-0.024182055890875506,24.945774018919856
2017-04-04,36.47999954223633,36.93999862670898,36.18000030517578,36.34999847412109,35.673336029052734,2193200.0,-0.0035634545957088,-0.0035698188236263,0.759998321533196,35.930628484792905,PWR,2193200.0,78238760.57891846,1.3395068011877722,19.912520503007116,-0.3563454595708837,2.1304380417750823,1.8968472435890744,음봉,36.071780395507815,36.16059551239014,35.93618647257487,False,False,0,0.8278568812779018,0.04776542622845906,False,35.930628484792905,-0.13371616860772662,-0.03740413236811253,20.591681617327318
2017-04-05,36.400001525878906,36.59000015258789,35.2599983215332,35.29999923706055,34.642879486083984,2821800.0,-0.0288859035255221,-0.0293113135006972,1.3300018310546875,30.181723864252348,PWR,2821800.0,97755277.33383179,1.6964907542688206,28.661316797373694,-2.8885903525522116,3.8391780671377163,2.036998996209292,음봉,35.79306488037109,36.053133964538574,35.95434201558431,False,False,0,0.8807141440255302,0.06451261519443835,True,30.181723864252348,-0.23207948387907607,-0.10861395811156957,-16.749817118870492
2017-04-06,35.2599983215332,35.75,35.2599983215332,35.59000015258789,34.92749786376953,1344200.0,0.0082157829230067,0.0081822170995125,0.4900016784667969,35.009141916033954,PWR,1344200.0,46949542.628479004,0.8083854456522049,-52.36373945708412,0.8215782923006731,1.402910910990501,1.781372809085096,음봉,35.49276351928711,35.99768600463867,35.97102578481039,False,False,0,0.8728572300502232,0.06461198527338947,False,35.009141916033954,-0.28379537900416807,-0.12826388258932922,-5.8885005887554795
2017-04-07,35.459999084472656,35.959999084472656,35.380001068115234,35.79999923706055,35.13357162475586,1163100.0,0.0059000436215068,0.005882706523804,0.5799980163574219,38.4340800140543,PWR,1163100.0,40863857.15675354,0.701183610312883,-13.472697515250708,0.5900043621506867,1.6508370471186113,1.5245902319716156,음봉,35.23563919067383,35.92359085083008,35.988690567016604,False,False,0,0.8792858123779291,0.06474525243497668,False,38.4340800140543,-0.30464046258185107,-0.11928717293360974,2.6269371001073476
2017-04-10,35.83000183105469,36.400001525878906,35.650001525878906,35.79999923706055,35.13357162475586,962900.0,0.0,0.0,0.75,48.75833349419748,PWR,962900.0,33830116.11747742,0.5822700610751648,-17.21262144269624,0.0,2.1347103790368247,1.9822357195478202,음봉,35.10217132568359,35.83183135986328,36.011589431762694,False,False,0,0.8192858014787942,0.06436352490076865,False,48.75833349419748,-0.3175003945862329,-0.10571768395039324,2.6269371001073476
2017-04-11,35.720001220703125,35.79999923706055,35.38999938964844,35.619998931884766,34.956932067871094,1473000.0,-0.0050276572724049,-0.0050403384635406,0.4099998474121094,41.8053682042248,PWR,1473000.0,51491560.93597412,0.8859084621398929,52.975386852217255,-0.5027657272404951,1.1728713681625973,1.6691431267239991,음봉,34.95889053344727,35.7528299331665,36.02352975209554,False,False,0,0.7849998474121088,0.06450574609847243,False,41.8053682042248,-0.3380485065965857,-0.10101263676859681,-4.672212160046911
2017-04-12,35.54999923706055,35.560001373291016,34.41999816894531,34.83000183105469,34.181644439697266,2037800.0,-0.0221783658436774,-0.0224280037435087,1.1400032043457031,33.60670231933513,PWR,2037800.0,69655355.03921509,1.2135712807017045,38.34351663272233,-2.2178365843677494,3.3351327094776826,1.6965652707679715,음봉,34.86664352416992,35.61445503234863,36.034815851847334,False,False,0,0.821428571428571,0.07302255262324996,False,33.60670231933513,-0.4121413566402481,-0.14008438944980733,-7.763956246590696
2017-04-13,34.7400016784668,35.16999816894531,34.150001525878906,34.15999984741211,33.524112701416016,1723900.0,-0.0192363986303016,-0.0194238256534896,1.0199966430664062,31.238102853538223,PWR,1723900.0,57792217.88597107,1.0235073927093534,-15.403866915300812,-1.9236398630301688,3.0425761067893164,1.6335002248197172,음봉,34.58596649169922,35.451545524597165,36.03285312652588,False,False,0,0.8328568594796312,0.08581511030835351,False,31.238102853538223,-0.5179472170599695,-0.19671219989562294,-18.739185505064754
2017-04-17,34.25,34.900001525878906,34.13999938964844,34.869998931884766,34.22089767456055,973900.0,0.020784591059888,0.020571538529615,0.7600021362304688,40.44760701784434,PWR,973900.0,33327732.245254517,0.5776285068725288,-43.506003828528335,2.078459105988806,2.2208714203176685,2.165269234861282,음봉,34.40343170166015,35.33427085876465,36.03939590454102,False,False,0,0.8128569466727116,0.08221174223134933,False,40.44760701784434,-0.5393570275988182,-0.17449760834757727,2.4148725265690634
2017-04-18,34.630001068115234,35.06999969482422,34.5,34.939998626708984,34.28959274291992,1066100.0,0.0020074011211705,0.0020053889838677,0.5699996948242188,35.68786797882494,PWR,1066100.0,36556134.82322693,0.6353420941108807,9.467091077112633,0.20074011211705933,1.6623110665025662,1.1954782643203736,음봉,34.23463592529297,35.228281593322755,36.043975766499834,False,False,0,0.7978570120675218,0.08245908788023419,False,35.68786797882494,-0.544504628378661,-0.14371616730193593,4.46547018104427
2017-04-19,35.189998626708984,35.41999816894531,34.95000076293945,35.04999923706055,34.39753723144531,1560500.0,0.0031480248055053,0.003143080149965,0.4699974060058594,34.09510073439748,PWR,1560500.0,53677356.84967041,0.9365738363502473,46.37463652565425,0.3148024805505356,1.366369350350467,2.625886783023917,음봉,34.12275695800781,35.18608169555664,36.0485554377238,False,False,0,0.772142682756696,0.082557983946825,False,34.09510073439748,-0.5337215116328835,-0.1063464404449267,7.687691517599407
2017-04-20,35.43000030517578,35.4900016784668,34.970001220703125,35.209999084472656,34.554561614990234,1265200.0,0.0045649891295524,0.0045546011686312,0.5200004577636719,30.93809401888447,PWR,1265200.0,43718431.355285645,0.7619763226724178,-18.92342198013457,0.4564989129552499,1.5048677611875378,3.00156103265038,음봉,34.197340393066405,35.13210601806641,36.01257133483887,False,False,0,0.7649999346051892,0.08268482300149099,False,30.93809401888447,-0.5066647427129993,-0.06343173722003392,12.374983346295704
2017-04-21,35.220001220703125,35.34000015258789,34.66999816894531,35.0099983215332,34.358280181884766,1924900.0,-0.0056803334764438,-0.0056965279263474,0.6700019836425781,29.80762043158326,PWR,1924900.0,66136253.522109985,1.1564885932973104,52.141953841289926,-0.5680333476443811,1.9500451713407745,1.9257648617490026,음봉,34.364173889160156,35.06242790222168,35.970208231608076,False,False,0,0.7657143729073655,0.08284913913760585,False,29.80762043158326,-0.49535024044271836,-0.041693787959802386,6.515840092554741
2017-04-24,35.689998626708984,36.02999877929688,35.47999954223633,35.93000030517578,35.26115036010742,2074700.0,0.0262780958023238,0.0259387585618352,0.549999237060554,44.990884149039736,PWR,2074700.0,73156308.65211487,1.238598695694199,7.78222245311444,2.6278095802323875,1.55978812785074,3.8759752751721277,음봉,34.57222442626953,35.052613258361816,35.94534632364909,False,False,0,0.7157143184116909,0.08287233668891932,False,44.990884149039736,-0.4088167530457696,0.035871759549717164,40.04111699815951
2017-04-25,36.130001068115234,36.380001068115234,35.869998931884766,36.0,35.329856872558594,1267000.0,0.0019485045652085,0.0019466086925331,0.5100021362304688,46.77721281398024,PWR,1267000.0,44762928.65753174,0.7798118978930102,-38.930929772979226,0.19485045652085642,1.4435443032507658,2.464045271168418,음봉,34.780277252197266,35.053594970703124,35.93389682769775,False,False,0,0.6978574480329246,0.08287001576304143,False,46.77721281398024,-0.3308801194418436,0.09104671452291457,48.5655964238392
2017-04-26,36.0099983215332,36.560001373291016,35.90999984741211,36.290000915527344,35.61445999145508,1087000.0,0.0080555978452758,0.0080233247206435,0.6500015258789062,60.59968936809881,PWR,1087000.0,38712918.01071167,0.6823113757420327,-14.206787687450673,0.8055597845275875,1.8251056622362383,1.9251180423062761,음봉,35.02366180419922,35.04427242279053,35.929153505961104,False,False,0,0.6492859976632259,0.08289206101149596,False,60.59968936809881,-0.24334455805167465,0.14286582073046683,60.92807409964549
2017-04-27,36.290000915527344,36.459999084472656,35.9900016784668,36.130001068115234,35.45744323730469,909000.0,-0.0044087922205773,-0.0044185396050118,0.4699974060058594,55.94714599322586,PWR,909000.0,32230815.90270996,0.5736273841040697,-16.375344986200556,-0.4408792220577329,1.3255253709646393,1.896816417360665,음봉,35.20423812866211,35.01532173156738,35.93307927449544,True,False,0,0.6478571210588733,0.08296059622249846,False,55.94714599322586,-0.18451496119044464,0.16135633407335753,54.439783791963606
2017-04-28,36.18000030517578,36.27999877929688,35.41999816894531,35.439998626708984,34.780277252197266,1578300.0,-0.0190979925026003,-0.0192827148267458,0.8600006103515696,46.41438489282722,PWR,1578300.0,54893711.587142944,0.9986591862314999,73.63036303630363,-1.9097992502600358,2.4726674951886376,2.037814918112576,음봉,35.28863754272461,34.932885360717776,35.92882645924886,True,False,0,0.6678573063441695,0.08287550646079136,False,46.41438489282722,-0.1903396010804954,0.12442535534664545,26.45774122817388
2017-05-01,35.61000061035156,35.939998626708984,35.2400016784668,35.599998474121094,34.937294006347656,814700.0,0.0045145342865393,0.0045043743434252,0.6999969482421875,48.06948981222802,PWR,814700.0,28463413.426971436,0.5189890825035922,-48.38116961287461,0.45145342865393623,2.0035808958616173,2.3856145600503478,음봉,35.22386627197265,34.85879039764404,35.929971313476564,True,False,0,0.6642856597900401,0.0653148953913471,False,48.06948981222802,-0.18020840008116323,0.10764524507678214,32.94603153585577
2017-05-02,35.56999969482422,35.84000015258789,35.36000061035156,35.529998779296875,34.86860275268555,1893300.0,-0.0019661297652195,-0.0019680651355553,0.4799995422363281,49.11237885533481,PWR,1893300.0,66016725.591659546,1.2107022359002675,132.3922916410949,-0.1966129765219593,1.3765952872870968,1.8109750811313778,음봉,35.131615447998044,34.81217498779297,35.91246992746989,True,False,0,0.66928563799177,0.06173769172395441,False,49.11237885533481,-0.1756968366264502,0.08972544682519612,30.10755230623482
2017-05-03,35.29999923706055,35.59000015258789,34.63999938964844,35.04999923706055,34.39753723144531,3435000.0,-0.0135097332285261,-0.0136018199934077,0.9500007629394532,52.310794158645535,PWR,3435000.0,118155540.39001465,2.1689757439144297,81.42925051497384,-1.350973322852611,2.76182784990487,1.237206111855957,음봉,34.888230895996095,34.7483850479126,35.88580900828044,True,False,0,0.6557140350341807,0.06015667453773175,False,52.310794158645535,-0.20773776909988584,0.04614761148140839,10.642050855232357
2017-05-04,35.29999923706055,36.65999984741211,34.900001525878906,34.970001220703125,34.319026947021484,2404300.0,-0.0022824391146252,-0.0022850478490554,1.7599983215332031,59.712134318675005,PWR,2404300.0,82513236.48872375,1.498621300340841,-30.005822416302763,-0.22824391146252232,5.128345638266856,2.6236238936031375,음봉,34.66054763793945,34.73219242095947,35.86143798828125,False,False,0,0.708571297781809,0.060184720408770466,True,59.712134318675005,-0.23673661046074557,0.01371901609643894,7.104266859218017
2017-05-05,35.0,35.06999969482422,34.189998626708984,34.5099983215332,33.86759567260742,2945500.0,-0.0131539648577723,-0.0132412444804924,0.8800010681152344,45.408111661778086,PWR,2945500.0,99757003.05366516,1.812015361946081,22.5096701742711,-1.3153964857772316,2.5983570744792828,1.9842434752877416,음봉,34.47801132202149,34.67919731140137,35.834286499023435,False,False,0,0.7171426500592923,0.06027669185272134,False,45.408111661778086,-0.29277025893934194,-0.03385170590572595,-13.052744727380555
2017-05-08,34.4900016784668,34.900001525878906,34.22999954223633,34.439998626708984,33.79889297485352,1687000.0,-0.0020285673189806,-0.0020306276484806,0.6700019836425781,43.62235690289118,PWR,1687000.0,57018732.448577896,1.0451716826830408,-42.726192497029366,-0.20285673189806008,1.9823193148398723,1.8377625972509928,음봉,34.25033111572266,34.61246337890625,35.79372259775798,False,False,0,0.7242856706891752,0.06039290723563395,False,43.62235690289118,-0.33881540946061506,-0.06391748514159923,-15.834229091762442
2017-05-09,34.40999984741211,34.709999084472656,34.150001525878906,34.5099983215332,33.86759567260742,3144500.0,0.0020326907690442,0.0020306276484806,0.55999755859375,43.04134788101249,PWR,3144500.0,106496654.59251404,1.9154259160959648,86.39596917605216,0.20326907690442209,1.653490740846076,1.8080677169315928,음봉,34.05012969970703,34.549164581298825,35.75364945729574,False,False,0,0.7307142530168816,0.060503555306531204,False,43.04134788101249,-0.3655489684873885,-0.07252083533469811,-11.251236737838935
2017-05-10,34.40999984741211,34.5099983215332,33.31999969482422,33.66999816894531,33.04322052001953,2680100.0,-0.0243411182936336,-0.0246422601090534,1.1899986267089844,33.11403415304849,PWR,2680100.0,88559135.31570435,1.608407722431421,-14.768643663539516,-2.4341118293633612,3.6013397240986635,1.6015431979524648,음봉,33.779266357421875,34.45347900390625,35.69672896067301,False,False,0,0.7785712650844039,0.07462931308458069,True,33.11403415304849,-0.44809038481466246,-0.12404980132957766,-8.286801262276414
2017-05-11,33.5099983215332,33.650001525878906,32.869998931884766,33.61000061035156,32.984344482421875,1653700.0,-0.001781788720079,-0.0017833779937143,0.7800025939941406,34.16297969151644,PWR,1653700.0,54546210.470581055,0.987711332934519,-38.29707846722137,-0.17817887200790583,2.364766092016236,1.4126280494689383,음봉,33.51232986450195,34.39361400604248,35.634901682535805,False,False,0,0.7864284515380869,0.07647104222810455,False,34.16297969151644,-0.5123498064769905,-0.1506473783935245,3.017032266895884
2017-05-12,33.45000076293945,33.810001373291016,32.369998931884766,32.4900016784668,31.885189056396484,1663500.0,-0.0333235491950175,-0.0338914302045079,1.44000244140625,12.77076746263974,PWR,1663500.0,53041011.99531555,0.9883650746645893,0.5926105097659784,-3.3323549195017566,4.516211081136341,1.411749385426584,음봉,33.115848541259766,34.3116678237915,35.55459162394206,False,False,0,0.8500001089913509,0.1086881277299129,True,12.77076746263974,-0.6445386773030393,-0.22626899937565859,-11.300927086834585
2017-05-15,32.70000076293945,32.81999969482422,32.31999969482422,32.45000076293945,31.845947265625,1456800.0,-0.0012307215962268,-0.001231479556006,0.5,11.329034705743751,PWR,1456800.0,46393175.9765625,0.8634212699983631,-12.42560865644725,-0.12307215962268359,1.5700584938784585,2.555455152239436,음봉,32.725259399414064,34.19292030334473,35.46822992960612,False,False,0,0.8492856706891746,0.11021324567768623,False,11.329034705743751,-0.7438906855923619,-0.260496806131985,-10.922866648208455
2017-05-16,32.45000076293945,32.560001373291016,31.71999931335449,31.81999969482422,31.22766876220703,1704700.0,-0.0194146683174768,-0.0196056083895055,0.840002059936527,4.66533103421618,PWR,1704700.0,53233806.938934326,1.0078850631452598,17.016749038989577,-1.9414668317476846,2.689928813876529,1.8967986484310912,음봉,32.19727401733398,34.03982410430908,35.37957820892334,False,False,0,0.8628571374075761,0.12887232365847406,False,4.66533103421618,-0.862574553492351,-0.30334453922557925,-9.966204411380227
2017-05-17,31.81999969482422,31.81999969482422,31.030000686645508,31.049999237060547,30.472002029418945,1564200.0,-0.0241986277791771,-0.0244962253492647,0.7899990081787109,4.151635630493018,PWR,1564200.0,47664305.574417114,0.9210851735015773,-8.241919399307795,-2.419862777917714,2.5925405472735688,1.8968144472380533,음봉,31.683030319213866,33.843547344207764,35.25821358362834,False,False,0,0.885714394705637,0.15194795952488271,False,4.151635630493018,-1.006011687328801,-0.3574253384496233,-9.9111676803622
2017-05-18,31.020000457763672,31.3799991607666,30.68000030517578,31.21999931335449,30.63883781433105,1673100.0,0.0054750516474446,0.0054601180355738,0.6999988555908203,7.968157105241872,PWR,1673100.0,51261839.54715728,0.9809505994293276,6.962025316455689,0.5475051647444662,2.2846782238698427,1.7983669987146427,음봉,31.213928985595704,33.6477611541748,35.15287837982178,False,False,0,0.8742856979370119,0.15283209894629465,False,7.968157105241872,-1.0936178499446711,-0.35602520085239475,-0.6883360199946882
2017-05-19,31.440000534057617,31.690000534057617,31.290000915527344,31.440000534057617,30.854740142822266,1350500.0,0.0070466879259443,0.0070219760439452,0.3999996185302734,9.055193120830666,PWR,1350500.0,41669326.56288147,0.7986061246040126,-19.28157312772697,0.7046687925944317,1.2963960048884913,2.614860017150615,음봉,31.00783920288086,33.47258415222168,35.05964679718018,False,False,0,0.8528573172433038,0.1536319376672569,False,9.055193120830666,-1.1325692975852135,-0.31598131879434954,2.922071087335523
2017-05-22,31.6299991607666,31.71999931335449,31.3700008392334,31.600000381469727,31.011762619018555,1152100.0,0.0050890876237963,0.0050761819841436,0.3499984741210902,11.992338677087162,PWR,1152100.0,35728651.71337128,0.6921175666230254,-14.690855238800449,0.508908762379634,1.1285991009954621,2.5126091302528257,음봉,30.84100227355957,33.26011476516724,34.958891264597575,False,False,0,0.843571526663644,0.15461335591727252,False,11.992338677087162,-1.1376540314237147,-0.25685284210628057,5.547865204663627
2017-05-23,31.6200008392334,31.84000015258789,31.270000457763672,31.700000762939453,31.109899520874023,841300.0,0.0031645057735378,0.0031595092633576,0.5699996948242188,15.031366233694456,PWR,841300.0,26172758.466911316,0.5114917459772134,-26.97682492839163,0.31645057735378845,1.8322132298812541,1.961314575011709,음봉,30.81744842529297,33.049116897583005,34.853719520568845,False,False,0,0.8164285932268415,0.15560046514925846,False,15.031366233694456,-1.120844494181373,-0.1920346438911512,7.188950645596097
2017-05-24,31.38999938964844,31.530000686645508,31.15999984741211,31.280000686645508,30.69771957397461,1568600.0,-0.0132491571251411,-0.0133377102466304,0.3700008392333984,14.03513956261932,PWR,1568600.0,48152442.92373657,0.9571257693816375,86.449542374896,-1.3249157125141187,1.205303991202928,0.900356070216418,음봉,30.8625919342041,32.803279876708984,34.754926745096846,False,False,0,0.7171430587768555,0.1519799613521424,False,14.035139562619321,-1.1277819237962277,-0.1591776588048045,0.4036280469790027
2017-05-25,31.459999084472656,31.61000061035156,30.96999931335449,31.01000022888184,30.4327449798584,1446500.0,-0.0086317354446372,-0.0086692046449933,0.6400012969970703,14.574932871713555,PWR,1446500.0,44020965.61336517,0.8842124566648134,-7.784011220196351,-0.8631735444637245,2.103002201808114,2.4831796012114986,음봉,30.82137336730957,32.55204496383667,34.63650636672973,False,False,0,0.7000002179827008,0.1383799092036625,False,14.574932871713557,-1.141502590702654,-0.13831866056898456,-5.859129236843818
2017-05-26,31.01000022888184,31.31999969482422,30.76000022888184,31.06999969482422,30.491628646850582,1682500.0,0.0019348785997173,0.0019330091331915,0.5599994659423793,15.82156146725535,PWR,1682500.0,51302165.1983261,1.0246561279265014,16.315243691669544,0.19348785997173046,1.8365679066481102,1.8968228117624342,음봉,30.748751068115233,32.337612533569335,34.53100757598877,False,False,0,0.6921428952898295,0.1392975137485222,False,15.82156146725535,-1.1345465518441777,-0.1050900973684068,-4.674236113740575
2017-05-30,30.88999938964844,31.040000915527344,30.700000762939453,30.75,30.17758560180664,1212100.0,-0.010299320140657,-0.0103527251449564,0.3400001525878906,13.706525752122827,PWR,1212100.0,36578251.50794983,0.7433850844606434,-27.958395245170877,-1.0299320140657042,1.1266645286809687,1.3064921766289632,음봉,30.581915664672852,32.09962711334229,34.41176916758219,False,False,0,0.6764287948608396,0.14613930355998042,False,13.706525752122829,-1.1412192252566378,-0.0894102166246935,-13.117884166607736
2017-05-31,30.76000022888184,30.76000022888184,30.229999542236328,30.65999984741211,30.089256286621094,2309400.0,-0.0029269841647059,-0.0029312761599702,0.5300006866455114,16.027070804209544,PWR,2309400.0,69488128.46832275,1.415091421751948,90.52883425459946,-0.2926984164705937,1.761428337067843,1.92995766712474,음봉,30.377787017822264,31.860659790039062,34.29711074829102,False,False,0,0.6292860848563058,0.13522259027953848,False,16.027070804209544,-1.140487969167161,-0.07094316842817339,-3.9313738444030535
2017-06-01,30.809999465942383,31.43000030517578,30.440000534057617,31.3700008392334,30.78604316711425,2438000.0,0.0231573314360375,0.0228932693145031,0.989999771118164,27.952773829723256,PWR,2438000.0,75056373.24142455,1.4927923304798114,5.56854594266909,2.3157331436037376,3.2157421651889484,2.3953505944304805,음봉,30.395451736450195,31.68008508682251,34.196355215708415,False,False,0,0.6442858832223075,0.13351512941989493,True,27.9527738297232,-1.0713338952210556,-0.001431275585654257,15.531936884906822
2017-06-02,31.299999237060547,31.770000457763672,31.190000534057617,31.600000381469727,31.011762619018555,1629000.0,0.0073318760283365,0.007305128485498,0.5799999237060547,39.3795460122187,PWR,1629000.0,50518161.306381226,0.9945132043584267,-33.18293683347006,0.7331876028336737,1.8702578464545534,1.6694450376633843,음봉,30.511255264282227,31.514721870422363,34.100016085306805,False,False,0,0.5828571319580078,0.11989124960459918,False,39.3795460122187,-0.9869383095532918,0.06637144806568762,30.183900800202668
2017-06-05,31.65999984741211,31.65999984741211,31.059999465942383,31.26000022888184,30.6780948638916,1761800.0,-0.0107593934348744,-0.0108176942733104,0.6000003814697266,36.74830764116407,PWR,1761800.0,54048667.53120422,1.0712542237433007,8.152240638428477,-1.075939343487442,1.9557941395374343,2.09029469352384,음봉,30.54854850769043,31.355246829986573,34.010710048675534,False,False,0,0.5900000163487026,0.12050102512262525,False,36.74830764116407,-0.9361866225068773,0.09369850808968172,19.231543756016737
2017-06-06,30.96999931335449,31.420000076293945,30.690000534057617,31.239999771118164,30.658466339111328,1504700.0,-0.0006398221554291,-0.0006400269289748,0.7299995422363281,42.52579178630034,PWR,1504700.0,46131794.300460815,0.9166358852572198,-14.593029855829265,-0.06398221554291261,2.3810699927447447,0.9515077476550257,음봉,30.644724655151368,31.198225498199463,33.911426575978595,False,False,0,0.5821426936558313,0.12110750934229854,False,42.52579178630034,-0.8873209195611693,0.1140513688283118,26.612834437462684
2017-06-07,31.299999237060547,31.600000381469727,31.25,31.39999961853028,30.815488815307617,2072500.0,0.0051216676809424,0.0051085965526788,0.3500003814697265,55.35170667633477,PWR,2072500.0,63865100.56972504,1.2628455917556085,37.735096697016026,0.5121667680942465,1.135793702859789,2.0925146445789706,음봉,30.789971160888673,31.045620155334472,33.808872032165525,False,False,0,0.5507142203194751,0.09514914563208901,False,55.35170667633477,-0.8263978958523062,0.13997951402973996,36.36577957218542
2017-06-08,31.39999961853028,32.0099983215332,31.39999961853028,31.809999465942383,31.217851638793945,1361400.0,0.0130571618025561,0.012972651910028,0.6099987030029261,58.40451297180395,PWR,1361400.0,42499983.22105408,0.8303710946954661,-34.31121833534378,1.3057161802556116,1.954006028540691,1.896808474225167,음봉,30.87633285522461,30.954351711273194,33.720220216115315,False,False,0,0.5442856379917682,0.09352766366437666,False,58.40451297180395,-0.7371512230290485,0.18338094948239814,55.49734685480138
2017-06-09,31.8799991607666,32.81999969482422,31.8799991607666,32.709999084472656,32.10109329223633,2124200.0,0.0282928390993053,0.0278999894042979,0.9400005340576172,65.15507414169304,PWR,2124200.0,68189142.37136841,1.2870584003593097,56.03055677978552,2.8292839099305356,2.9282508402446124,2.121054099539046,양봉,31.094198989868165,30.910189151763916,33.639419396718345,True,False,0,0.582857131958007,0.06508653168498735,True,65.15507414169304,-0.5883700087415846,0.2657297310158895,72.24299767436038
2017-06-12,32.7400016784668,33.0099983215332,32.5099983215332,32.65999984741211,32.052024841308594,1688500.0,-0.0015285601172843,-0.0015297295571584,0.5,62.99013991986752,PWR,1688500.0,54119843.94454956,1.0193432346112237,-20.511251294605024,-0.15285601172843055,1.559963847761658,1.9903010168971071,음봉,31.368984985351563,30.91853094100952,33.5605814297994,True,False,0,0.5935715266636434,0.06506897140273851,False,62.99013991986752,-0.4690127513682505,0.30806959071137885,65.54050716285197
2017-06-13,32.709999084472656,33.40999984741211,32.5099983215332,33.0,32.385704040527344,1208400.0,0.0104105497506261,0.0103567331621715,0.9000015258789062,65.04632743452414,PWR,1208400.0,39134884.76257324,0.7271820706137221,-28.433520876517616,1.0410549750626164,2.7790086784979193,2.052832064188552,음봉,31.714432525634766,30.94551877975464,33.49090331395467,True,False,0,0.6171430860246926,0.0742093797247518,False,65.04632743452414,-0.3435360722763221,0.3468370158426458,67.78944312622808
2017-06-14,32.959999084472656,33.0,32.150001525878906,32.459999084472656,31.855756759643555,1103600.0,-0.0163636177314723,-0.0164989804379091,0.8499984741210938,63.288303963783925,PWR,1103600.0,35156013.15994263,0.6662265197764258,-8.672624958622976,-1.6363617731472324,2.6682727412017213,1.7732980058937178,음봉,31.922486114501954,30.976923179626464,33.41500962575277,True,False,0,0.6514286313738137,0.07413414626720012,False,63.288303963783925,-0.2835881885878919,0.32542791962486084,51.12443589269905
2017-06-15,32.040000915527344,32.43000030517578,31.770000457763672,31.979999542236328,31.384679794311523,1996900.0,-0.0147878127299369,-0.0148982424610045,0.6599998474121094,60.42997350961271,PWR,1996900.0,62672067.08126068,1.192787225327862,80.94418267488221,-1.47878127299369,2.1029363744910166,0.5783700486977559,음봉,31.955851745605468,31.022557067871094,33.35072870254517,True,False,0,0.6528570992606022,0.07402509563870205,False,60.42997350961271,-0.2709674884757156,0.27043889578962976,36.31069626615548
2017-06-16,31.86000061035156,32.2400016784668,31.809999465942383,32.060001373291016,31.46320152282715,1860200.0,0.002501912685751,0.0024987881127282,0.430002212524414,60.59952673103994,PWR,1860200.0,58527847.47276306,1.1093970538536468,-6.845610696579696,0.2501912685751062,1.3666829556821778,1.5144994919661008,음봉,31.828273391723634,31.063775253295898,33.2812141418457,True,False,0,0.6435715811593189,0.07392687254465616,False,60.599526731039944,-0.25172768538971013,0.23174295910050818,38.779932774964074
2017-06-19,32.15999984741211,32.439998626708984,31.950000762939453,32.400001525878906,31.79686737060547,1409700.0,0.0106049553646421,0.0105491172523712,0.4899978637695312,67.59049375297846,PWR,1409700.0,44824043.93234253,0.8349316955174096,-24.21782604021073,1.0604955364642121,1.541025592422065,2.2146453344216117,음봉,31.777241897583007,31.11088161468506,33.215297889709475,True,False,0,0.654285703386579,0.07381493659833392,False,67.59049375297846,-0.20716785539539373,0.2210422312758597,49.27256849060361
2017-06-20,32.119998931884766,32.220001220703125,31.6299991607666,31.770000457763672,31.17859649658203,1247000.0,-0.019444395789599,-0.0196359248971877,0.5900020599365234,60.61184871601253,PWR,1247000.0,38879709.83123779,0.74606199947009,-11.541462722565088,-1.9444395789599,1.8923304004437875,1.0162370950353903,음봉,31.535820388793944,31.11922330856323,33.14398377736409,True,False,0,0.6585715157645085,0.07379515006321913,False,60.61184871601253,-0.21921617392143133,0.16719513019985766,24.86855667620341
2017-06-21,31.8799991607666,31.93000030517578,31.170000076293945,31.21999931335449,30.63883781433105,1358300.0,-0.0173118338508325,-0.0174634358668197,0.7600002288818359,48.52073705160956,PWR,1358300.0,41616733.403205864,0.8163218776770196,8.925421010425016,-1.731183385083257,2.4805125882625756,2.2496287293158366,음봉,31.292436599731445,31.095670223236084,33.066127363840735,True,False,0,0.6421429770333421,0.0738510454162921,False,48.52073705160959,-0.26921522236018447,0.09375686540888367,-1.880982817729782
2017-06-22,31.209999084472656,31.5,31.14999961853028,31.209999084472656,30.62901496887207,998400.0,-0.0003206011115208,-0.0003206525150442,0.350000381469723,45.979317740291215,PWR,998400.0,30580008.544921875,0.6041412536714774,-26.496355738791134,-0.032060111152087956,1.1427085782073665,1.8641740708404069,음봉,31.141303634643556,31.092234992980956,32.97992909749349,True,False,0,0.6257144383021753,0.0738592048601418,False,45.979317740291215,-0.3061038750783318,0.04549457015258912,-2.2421169331228707
2017-06-23,31.270000457763672,31.709999084472656,31.07999992370605,31.6200008392334,31.031391143798828,1775800.0,0.0131370915889945,0.013051548379452,0.6299991607666051,53.6584903387129,PWR,1775800.0,55105544.39315796,1.0690690174156094,77.86458333333333,1.3137091588994565,2.03019954164221,2.0927394809889512,음봉,31.05494155883789,31.122167301177978,32.89651133219401,False,False,0,0.6278572082519523,0.0737881694318676,False,53.6584903387129,-0.2994184935946471,0.041743961309019084,12.551128526579822
2017-06-26,31.65999984741211,32.540000915527344,31.6299991607666,32.290000915527344,31.68891716003418,1543200.0,0.0211890602386592,0.0209676936747157,0.9100017547607422,59.42541653916328,PWR,1543200.0,48902336.961364746,0.9251736932208019,-13.098321883094943,2.1189060238659296,2.8716719797179735,2.0257187333314235,양봉,31.033351516723634,31.18203172683716,32.81750987370808,False,False,0,0.6407145091465534,0.07364650815648381,False,59.42541653916328,-0.2383162647143564,0.08227695215144787,26.13378782260195
2017-06-27,32.279998779296875,32.720001220703125,32.060001373291016,32.15999984741211,31.56134033203125,1086200.0,-0.0040259131405041,-0.0040340389453338,0.6599998474121094,56.85916746506489,PWR,1086200.0,34281927.868652344,0.6526623200735538,-29.613789528252976,-0.4025913140504156,2.091165458972232,1.8652629128273368,음봉,31.109900283813477,31.251219463348388,32.73654565811157,False,False,0,0.6628573281424378,0.07348346059261902,False,56.85916746506489,-0.19790536210223308,0.09815028381085694,20.658387299841067
2017-06-28,32.45000076293945,32.79999923706055,32.18000030517578,32.2599983215332,31.65946388244629,1412400.0,0.0031089791936198,0.0031041563113814,0.6199989318847656,54.30198551462473,PWR,1412400.0,44715826.78756714,0.8485091214930812,30.031301786043095,0.3108979193619854,1.9583367999750825,2.815661253797614,음봉,31.314025497436525,31.32972984313965,32.66752154032389,False,False,0,0.6635716302054266,0.05607099328499126,False,54.30198551462473,-0.1561615470641584,0.11191527907914528,24.869698614348124
2017-06-29,32.400001525878906,32.5,31.6200008392334,31.8799991607666,31.286550521850582,1195000.0,-0.011778890570616,-0.0118488113036156,0.8799991607666016,41.1890414870487,PWR,1195000.0,37387427.87361144,0.7246823227952706,-15.392240158595294,-1.1778890570616096,2.8127075247621454,2.3390719633859978,음봉,31.445532608032227,31.354755210876466,32.59440844853719,True,False,0,0.659285817827497,0.05602624099090099,False,41.1890414870487,-0.15142473445148497,0.09332167335345498,8.86483282866359
2017-06-30,32.06999969482422,33.189998626708984,31.89999961853028,32.91999816894531,32.30718231201172,2501900.0,0.0326220619767054,0.0321012586977973,1.2899990081787074,52.280679621250606,PWR,2501900.0,80829339.42642212,1.503775186994352,109.36401673640165,3.2622061976705474,3.992917103448808,2.5041085063899073,양봉,31.700690841674806,31.419526195526124,32.55548016230265,True,False,0,0.7157143184116901,0.05591074355237766,True,52.280679621250606,-0.06456999789649132,0.1441411279267589,52.668773754882025
2017-07-03,33.08000183105469,33.20000076293945,32.47999954223633,32.66999816894531,32.06183624267578,838100.0,-0.0075941648815569,-0.0076231473768163,0.720001220703125,47.05871959724206,PWR,838100.0,26871024.954986572,0.5085504372256805,-66.50145889124266,-0.7594164881556953,2.2456643320533534,2.392098176743927,음봉,31.775274658203124,31.488713264465332,32.50771913528442,True,False,0,0.7028571537562771,0.05578789634563054,False,47.05871959724206,-0.015357340908444428,0.15468302793184463,46.313015579973296
2017-07-05,32.68000030517578,32.970001220703125,32.36000061035156,32.66999816894531,32.06183624267578,1674000.0,0.0,0.0,0.6100006103515625,52.07089635915547,PWR,1674000.0,53671513.87023926,1.0208710247914203,99.7375014914688,0.0,1.9025754037743587,1.9280369902120427,음봉,31.87537384033203,31.558881759643555,32.45652354558309,True,False,0,0.6857144492013106,0.0556638566928461,False,52.07089635915547,0.02337459651418783,0.15473197228358151,46.313015579973296
2017-07-06,32.5099983215332,33.279998779296875,32.5099983215332,32.7599983215332,32.150169372558594,2113200.0,0.0027550864278085,0.0027512981336528,0.7700004577636719,58.33346137953516,PWR,2113200.0,67939737.91809082,1.2976130950814495,26.236559139784955,0.27550864278085285,2.3950121345889297,1.397805401616073,음봉,31.97351493835449,31.625615787506103,32.40680017471313,True,False,0,0.6935716356549937,0.05554639895262575,False,58.33346137953516,0.06050027184720008,0.153486118093275,48.64409116090843
2017-07-07,32.779998779296875,33.15999984741211,32.5099983215332,33.04999923706055,32.43476867675781,1257200.0,0.0088521867770356,0.008813235870031,0.6500015258789062,60.1227171864871,PWR,1257200.0,40776991.18041992,0.7726404078419438,-40.50728752602688,0.8852186777035698,2.0040270129772377,1.9590236040120674,음봉,32.20315856933594,31.686461639404296,32.36476411819458,True,True,0,0.7092858723231716,0.05698817774087351,False,60.1227171864871,0.11160095602602382,0.163669441817679,61.58042989926599
2017-07-10,32.90999984741211,33.52000045776367,32.72999954223633,33.38999938964844,32.768436431884766,1933700.0,0.0102873480755252,0.0102347934349256,0.7900009155273438,60.1227330357746,PWR,1933700.0,63364325.52833557,1.179531743042518,53.81005408845052,1.0287348075525227,2.4108593559827187,1.465190565687121,음봉,32.29540939331055,31.719828796386718,32.3412106513977,True,True,0,0.730714661734444,0.06744744672948556,False,60.1227330357746,0.17698266961185638,0.18324092432280922,69.1982024024771
2017-07-11,33.38999938964844,33.56999969482422,33.060001373291016,33.40999984741211,32.7880744934082,1895200.0,0.000599298094807,0.0005991185874192,0.5099983215332031,69.15902194831105,PWR,1895200.0,62139958.77990723,1.1457051505951261,-1.9910017065728924,0.059929809480707696,1.5554384617362464,1.8968343486748447,음봉,32.44065704345703,31.756631278991698,32.3289433479309,True,True,0,0.7250001089913497,0.0679876749384447,False,69.15902194831105,0.2277573313791308,0.18721246887206688,68.59737858269433
2017-07-12,33.72999954223633,34.349998474121094,33.689998626708984,33.75,33.12174606323242,1491000.0,0.0101766137530063,0.0101251806680347,0.6599998474121094,81.08121530472155,PWR,1491000.0,49384523.38027954,0.9011984895117776,-21.32756437315323,1.017661375300638,1.9926481114616053,2.8727671977733613,음봉,32.65263900756836,31.793433380126952,32.31062415440877,True,True,0,0.7178572246006549,0.07840396048318825,False,81.08121530472155,0.2915601992297283,0.2008122693781315,62.43874754217317
2017-07-13,34.790000915527344,35.0,34.31999969482422,34.369998931884766,33.730186462402344,1989400.0,0.0183698165552128,0.018203129718163,0.6800003051757812,83.76090595700195,PWR,1989400.0,67102832.94830322,1.2030027989265022,33.42723004694837,1.836981655521286,2.015999247243266,5.036735832434895,음봉,32.96864242553711,31.887154865264893,32.30130071640014,True,True,0,0.7414286477225165,0.09725456870121772,False,83.76090595700195,0.3867621338130789,0.23681136316918563,67.6067981407244
2017-07-14,34.38999938964844,34.619998931884766,34.189998626708984,34.22999954223633,33.59279251098633,1250600.0,-0.004073323210625,-0.0040816417888037,0.4300003051757812,79.59199593132968,PWR,1250600.0,42011146.3142395,0.759697038361963,-37.13682517341912,-0.4073323210625035,1.2800373920541204,1.956149658352942,음봉,33.20024719238281,31.997560501098633,32.287888304392496,True,True,0,0.7271430151803148,0.09691899772871107,False,79.59199593132968,0.44598279716213085,0.23682562121459008,58.3666319995621
2017-07-17,34.209999084472656,34.27000045776367,33.7400016784668,33.79999923706055,33.17080307006836,1572300.0,-0.0125619041876307,-0.0126414719567639,0.529998779296875,68.1056713944211,PWR,1572300.0,52154453.66706848,0.9496394808063435,25.723652646729576,-1.2561904187630701,1.597787000143867,1.837318446462807,음봉,33.28072052001953,32.08294057846069,32.26482566197713,True,True,0,0.6999999455043243,0.09666107400430389,False,68.1056713944211,0.45363535239471986,0.19558254115774326,45.881734197923016
2017-07-18,33.720001220703125,33.810001373291016,32.709999084472656,33.08000183105469,32.46420669555664,1521600.0,-0.0213017566387868,-0.0215319134214813,1.1000022888183594,59.66388064333047,PWR,1521600.0,49397536.907958984,0.9150218492336064,-3.224575462697954,-2.130175663878686,3.3883541314715577,1.6556673333312633,음봉,33.215946960449216,32.11630754470825,32.23325777053832,True,True,0,0.7314286913190564,0.09656064879853377,True,59.66388064333047,0.39809464810143425,0.11203346949156612,24.976510826463397
2017-07-19,33.2400016784668,33.560001373291016,33.11000061035156,33.369998931884766,32.74881362915039,1347400.0,0.0087667915702589,0.008728586381952,0.4500007629394531,61.21231253197512,PWR,1347400.0,44125751.48391724,0.8119173259187205,-11.448475289169291,0.8766791570258947,1.3740979078976412,2.3896933326768734,음봉,33.141360473632815,32.19481840133667,32.19138549168904,True,True,0,0.7192859649658198,0.09632517428337221,False,61.21231253197512,0.3727468471543247,0.06934853483556525,33.39683639628394
2017-07-20,33.43000030517578,33.52000045776367,32.720001220703125,32.75,32.14036178588867,1952200.0,-0.018579355275335,-0.0187541195534312,0.7999992370605469,58.38160029748455,PWR,1952200.0,62744414.278411865,1.168678785943767,44.88644797387562,-1.8579355275335052,2.4890797508439655,2.080034665497172,음봉,32.823395538330075,32.26989459991455,32.13822724024455,True,True,0,0.7135716847011017,0.0961010729033644,False,58.381600297484546,0.30010216265176126,-0.002636919733598586,7.753617347764161
2017-07-21,32.77000045776367,33.369998931884766,32.720001220703125,33.04999923706055,32.43476867675781,2135600.0,0.009160036617833,0.0091183379299853,0.6499977111816406,51.46075365559651,PWR,2135600.0,69267691.98608398,1.2759160913436007,9.394529249052352,0.9160036617833045,2.004015251841206,1.9590279539150828,음봉,32.591790771484376,32.36018228530884,32.08523238499959,True,True,0,0.6678573063441685,0.08339864388924467,False,51.46075365559651,0.26325229386407756,-0.031589430817025865,2.832124382278993
2017-07-24,33.13999938964844,33.66999816894531,33.029998779296875,33.61000061035156,32.984344482421875,2826400.0,0.0169440334580797,0.0168020845374901,0.6399993896484375,59.874062121296255,PWR,2826400.0,93226951.24511719,1.6766827024935098,32.34688143847162,1.694403345807971,1.9403125928105318,2.174304740443489,음봉,32.55449905395508,32.45782995223999,32.04401407241821,True,True,1,0.6621428898402623,0.07528648539188987,False,59.874062121296255,0.27522209291400657,-0.015695705413677485,23.649394561165217
2017-07-25,33.93000030517578,34.59000015258789,33.900001525878906,34.16999816894531,33.53392791748047,1499100.0,0.0166619480751384,0.0165246607028712,0.6899986267089844,64.09791603647994,PWR,1499100.0,50270711.34109497,0.887359792843868,-46.96079818850835,1.6661948075138433,2.057613496417471,2.8669838300344828,음봉,32.76844329833985,32.55008049011231,32.02324158350626,True,True,1,0.6678570338657924,0.0750731151431119,False,64.09791603647994,0.3253051201183226,0.027509857432510776,41.12164280056807
2017-07-26,33.709999084472656,33.779998779296875,32.380001068115234,33.77000045776367,33.141361236572266,2607700.0,-0.0117065522975483,-0.0117756134889686,1.3999977111816406,58.96975617839056,PWR,2607700.0,86422727.6966095,1.521827655681897,73.95103728904009,-1.1706552297548356,4.2243216903134035,0.525053812441714,음봉,32.84695281982422,32.62908153533935,31.993309370676673,True,True,1,0.7128568376813617,0.07489134923718738,True,58.96975617839056,0.32952091765474734,0.025380523975148395,29.059560261321426
2017-07-27,33.77000045776367,34.13999938964844,33.650001525878906,33.939998626708984,33.30820083618164,1040800.0,0.0050341806547542,0.0050215515344371,0.4899978637695312,58.07622440521332,PWR,1040800.0,34667175.43029785,0.6066598016548195,-60.08743337040303,0.503418065475425,1.4711027658908016,1.8968418849907958,음봉,33.08052062988281,32.711518383026124,31.967302672068275,True,True,1,0.7014280046735492,0.07470261428829773,False,58.07622440521332,0.3423778106489337,0.030589933575467798,35.42748650659491
2017-07-28,33.880001068115234,34.060001373291016,33.43000030517578,33.58000183105469,32.95490264892578,1194300.0,-0.0106069429866078,-0.0106635975838883,0.6300010681152344,51.7179305686276,PWR,1194300.0,39358040.23361206,0.6986136528867608,14.748270561106835,-1.0606942986607804,1.911706658116225,1.7166950407974761,음봉,33.184547424316406,32.79493598937988,31.943258762359616,True,True,0,0.6899994441441127,0.05087219015359052,False,51.717930568627594,0.32036580235161694,0.006862340222520802,21.942817373477943
2017-07-31,33.880001068115234,34.290000915527344,33.689998626708984,33.72999954223633,33.10210418701172,1584800.0,0.0044667568784559,0.0044568105275724,0.6000022888183594,52.826741917340094,PWR,1584800.0,52460214.71557617,0.9204575626161606,32.69697730888386,0.4466756878455991,1.8125805097724947,2.807164776193348,음봉,33.208099365234375,32.834682083129884,31.922976716359454,True,True,0,0.6964282989501953,0.050810609815032846,False,52.826741917340094,0.3112116074092697,-0.0018334837758611777,27.56119898022326
2017-08-01,33.869998931884766,34.459999084472656,33.70000076293945,34.439998626708984,33.79889297485352,2393100.0,0.0210496826396675,0.0208311987622632,0.7599983215332031,55.72133049700256,PWR,2393100.0,80884130.77812196,1.3835461438081236,51.00328117112569,2.1049682639667555,2.2485893904828305,2.3197762309453003,음봉,33.26109237670899,32.92153491973877,31.92183167139689,True,True,1,0.703571047101702,0.05276354023020519,False,55.72133049700256,0.3560772370981198,0.03442571673039113,54.156201724768295
2017-08-02,34.290000915527344,34.59000015258789,34.029998779296875,34.220001220703125,33.582984924316406,2177600.0,-0.0063880213679706,-0.0064085120865137,0.5600013732910156,48.66790941728804,PWR,2177600.0,73130307.9711914,1.273653641906997,-9.005056203251016,-0.6388021367970675,1.6675151853030665,1.4530296629514072,음봉,33.34941711425781,32.9975923538208,31.91823320388794,True,True,1,0.6949996948242188,0.05026218795544364,False,48.66790941728804,0.36994707698702456,0.038636445295436694,53.704687654333604
2017-08-03,34.61000061035156,36.08000183105469,34.459999084472656,35.70000076293945,35.03544616699219,3913500.0,0.0432499149777509,0.0423407589920387,1.6200027465820312,60.54529018139717,PWR,3913500.0,137111218.57452393,2.257333687352365,79.71620132255694,4.324991497775099,4.623896435799577,3.0581429505139845,양봉,33.69486618041992,33.14185619354248,31.93769737879435,True,True,1,0.7799998692103794,0.08735432210545914,True,60.545290181397164,0.4924636936719864,0.12892244958431875,71.76877165742376
2017-08-04,36.25,37.34999847412109,36.0099983215332,36.5,35.82054138183594,3974500.0,0.0224085975986059,0.0221612138375892,1.3400001525878835,68.3923248300211,PWR,3974500.0,142368741.72210693,2.2711222573944907,1.558707039734264,2.2408597598605917,3.74087074314119,3.4666429741433564,음봉,34.26799392700195,33.31114482879639,31.983986059824627,True,True,1,0.8378571101597372,0.11047892874476868,False,68.3923248300211,0.6454690521600241,0.22554224645788518,69.22619938519645
2017-08-07,36.5,36.54999923706055,36.09000015258789,36.290000915527344,35.61445999145508,2302700.0,-0.0057531623596666,-0.0057697755477901,0.4599990844726562,73.49930226575816,PWR,2302700.0,82009417.02232361,1.3085092277482777,-42.06315259781105,-0.5753162359666608,1.2916076351656691,1.8968407286792315,음봉,34.77046508789063,33.453446006774904,32.02782131830851,True,True,1,0.7921425955636155,0.11000898368443016,False,73.49930226575816,0.7415497314902382,0.25729834063047935,65.07969037229785
2017-08-08,36.130001068115234,37.040000915527344,36.060001373291016,36.540000915527344,35.859806060791016,2377000.0,0.0068889453720428,0.0068653250054354,0.979999542236328,73.34316450884572,PWR,2377000.0,85238759.00650024,1.3601461227692846,3.226646979632597,0.6888945372042876,2.7328634755441583,1.4475611220382092,음봉,35.182647705078125,33.60703258514404,32.09406493504842,True,True,1,0.829999651227678,0.11067458174056465,False,73.34316450884572,0.8279476740294243,0.2749570265357323,70.01623357933164
2017-08-09,36.27999877929688,37.040000915527344,36.220001220703125,36.68000030517578,35.9971923828125,2031000.0,0.0038312064986794,0.0038238861183634,0.8199996948242188,81.14094608821205,PWR,2031000.0,73110297.72949219,1.1690532946064005,-14.556163230963403,0.3831206498679407,2.2779545863019646,1.171765172944713,음봉,35.665489196777344,33.75080490112305,32.16325235366821,True,True,1,0.8314282553536546,0.1142737368256214,False,81.14094608821205,0.8971626612623567,0.2753376110149317,72.78054733642665
2017-08-10,36.380001068115234,36.59000015258789,35.65999984741211,35.68000030517578,35.015804290771484,1714600.0,-0.0272629065512786,-0.027641435312696,0.9300003051757812,68.75883388552333,PWR,1714600.0,60038098.03695679,0.9863831030672718,-15.57853274249138,-2.726290655127861,2.6559444342704577,1.0634403962168815,음봉,35.6615608215332,33.8150857925415,32.226387945810956,True,True,0,0.8514284406389504,0.11405650781387396,False,68.75883388552333,0.8628794825354547,0.19284354583042373,53.03429775377928
2017-08-11,35.529998779296875,35.75,35.27000045776367,35.61000061035156,34.94711685180664,1507300.0,-0.0019616124877345,-0.0019635389692629,0.4799995422363281,65.33743739429089,PWR,1507300.0,52675789.23072815,0.8683651746425397,-12.090283448034523,-0.1961612487734521,1.373502553219963,1.4684640234321507,음봉,35.48687591552734,33.88280200958252,32.30097319285075,True,True,0,0.839999880109514,0.11382856104501227,False,65.33743739429089,0.820706717945562,0.12053662499242479,51.652256007000084
2017-08-14,35.81999969482422,35.9900016784668,35.439998626708984,35.619998931884766,34.956932067871094,1611300.0,0.0002808591079508,0.0002808196744149,0.5500030517578125,62.14402818995925,PWR,1611300.0,56326104.64096069,0.9269705860598142,6.899754527963919,0.028085910795083713,1.5733733460646568,2.497724910238062,음봉,35.355370330810544,33.97210845947266,32.372941430409746,True,True,0,0.8300001961844303,0.1135293266099415,False,62.14402818995925,0.779095575255532,0.06314038584191572,51.84974536690583
2017-08-15,35.619998931884766,35.66999816894531,35.2400016784668,35.33000183105469,34.67231750488281,974800.0,-0.0081418633201473,-0.0081751893029752,0.4299964904785156,63.310552698487,PWR,974800.0,33798575.103759766,0.5645590985057832,-39.50226525166015,-0.8141863320147325,1.2401723375368847,1.8968108034374573,음봉,35.117872619628905,34.08251399993897,32.43656771977742,True,True,0,0.7607143947056356,0.11316156422412779,False,63.310552698487,0.7149113749579499,-0.000835051564533118,31.691780102062722
2017-08-16,35.40999984741211,35.40999984741211,34.060001373291016,34.27000045776367,33.63206100463867,2606800.0,-0.0300025084881517,-0.0304617935583119,1.3499984741210938,52.444475413008014,PWR,2606800.0,87672056.62689209,1.4954052922001058,167.41895773491996,-3.000250848815178,4.014022435124914,2.127583027657182,음봉,34.64484634399414,34.126676368713376,32.48023935953776,True,True,0,0.8221430097307473,0.11301512503748211,True,52.444475413008014,0.5734940456459796,-0.11380190470120277,5.15461208792493
2017-08-17,34.22999954223633,34.470001220703125,33.810001373291016,33.83000183105469,33.20025634765625,1251600.0,-0.0128390780726421,-0.0129222113720495,0.6599998474121094,51.8302232987386,PWR,1251600.0,41553440.84472656,0.7207535614553865,-51.98711063372718,-1.2839078072642174,1.987935998146899,1.7778825315379456,음봉,34.28173675537109,34.179671096801755,32.51507863998413,True,True,0,0.8242857796805241,0.10422638930507523,False,51.8302232987386,0.42171549254374696,-0.21246436624274834,-13.380937144000685
2017-08-18,34.099998474121094,34.400001525878906,33.79999923706055,34.040000915527344,33.40635299682617,998900.0,0.006207682465213,0.0061884941733567,0.6000022888183594,52.2497851961048,PWR,998900.0,33369606.008529663,0.5770869765765634,-20.190156599552576,0.6207682465213082,1.7960724083690416,2.710045720861913,음봉,33.973583984375,34.22825031280517,32.56022253036499,False,True,0,0.8242857796805241,0.08888242040080453,False,52.2497851961048,0.31443555551658875,-0.25579544261592524,-8.045149321976345
2017-08-21,34.06999969482422,34.09000015258789,33.599998474121094,33.779998779296875,33.15117263793945,1232000.0,-0.00763867755666,-0.0076680016812025,0.4900016784667969,44.87572897339536,PWR,1232000.0,40842244.689941406,0.711232965083461,23.335669236159774,-0.7638677556660034,1.4780824914350705,1.9865882937329251,음봉,33.61243209838867,34.23659172058105,32.605529657999675,False,True,0,0.8050003051757807,0.0888607650760362,False,44.87572897339536,0.2064447436836474,-0.2910290035590933,-11.968688964843773
2017-08-22,33.849998474121094,34.380001068115234,33.68000030517578,34.29999923706055,33.6615104675293,903900.0,0.0153942617705713,0.0152769723142545,0.7000007629394531,50.59358176203096,PWR,903900.0,30426639.31159973,0.5215218414637051,-26.63149350649351,1.539426177057135,2.07952867597754,2.1079973363653446,음봉,33.41027069091797,34.242970848083495,32.658361021677656,False,True,0,0.8150002615792405,0.08884421119252826,False,50.59358176203096,0.1601946211757337,-0.2698233008536056,1.640319824218753
2017-08-23,34.06999969482422,34.63999938964844,34.0099983215332,34.41999816894531,33.77927017211914,895800.0,0.0034983487952342,0.0034922438071962,0.6300010681152344,38.10405604874281,PWR,895800.0,30259470.220184326,0.5200527835781147,-0.8961168270826381,0.3498348795234252,1.8650523380319417,1.2135201944932341,음봉,33.43971252441406,34.27486629486084,32.71838909784953,False,True,0,0.7442858559744694,0.08876153469759496,False,38.10405604874281,0.13152712702797942,-0.2387926360010879,4.780578613281259
2017-08-24,34.459999084472656,34.4900016784668,33.97999954223633,34.40999984741211,33.76945877075195,1822900.0,-0.0002904562862724,-0.0002904984768694,0.5100021362304688,27.23329480160393,PWR,1822900.0,61558346.393203735,1.0546186693603932,103.49408350078141,-0.02904562862724447,1.5102466986299063,2.01522682072444,음봉,33.5535530090332,34.297929191589354,32.779725805918375,False,True,0,0.6850002833775112,0.08870184893357232,False,27.233294801603932,0.10678527905923829,-0.21082758717586325,4.926167917531626
2017-08-25,34.599998474121094,34.880001068115234,34.52000045776367,34.61000061035156,33.96573257446289,853400.0,0.0058121690680139,0.0057953435769625,0.3600006103515625,31.659444237927687,PWR,853400.0,28986356.17904663,0.49751309154876794,-53.18448625816008,0.5812169068013961,1.0598935546652355,2.4594403748291014,음봉,33.665428924560544,34.34847068786621,32.83272062937419,False,True,0,0.6778575352260044,0.08428579607253045,False,31.659444237927687,0.10184088360700372,-0.1726175861024783,10.631797696989052
2017-08-28,34.900001525878906,35.619998931884766,34.7400016784668,34.88999938964844,34.24051284790039,1535800.0,0.0080899263054343,0.0080573782745667,0.8799972534179688,32.10406495838919,PWR,1535800.0,52586579.63180542,0.8926631337323877,79.96250292945864,0.808992630543437,2.5700469421325556,2.750622114119938,음봉,33.883296966552734,34.40539112091064,32.886533133188884,False,True,0,0.6707145145961216,0.08272016832685605,False,32.10406495838919,0.11872628352853809,-0.12458574894475513,18.619590674402513
2017-08-29,34.5,35.45000076293945,34.08000183105469,35.2599983215332,34.6036262512207,1314300.0,0.0106047886879876,0.010548952324753,1.3699989318847656,35.330635426847735,PWR,1314300.0,45479545.98197937,0.7709975836751417,-14.422450839953116,1.0604788687987643,3.9591195498952554,0.7578366400418006,양봉,34.071720123291016,34.445627784729005,32.951958656311035,False,True,0,0.7100001743861607,0.08262354115475841,True,35.330635426847735,0.15956889075724234,-0.06699451337284071,33.566127548605465
2017-08-30,35.13999938964844,35.7599983215332,34.709999084472656,35.380001068115234,34.721405029296875,1953500.0,0.0034036542072528,0.0033978748864318,1.0499992370605469,46.2123554511162,PWR,1953500.0,67828264.72473145,1.1511598540828734,48.63425397550027,0.34036542072528597,3.0240689746702043,1.5500489299407252,음봉,34.26014709472656,34.50254878997803,33.01967430114746,False,True,0,0.718571526663644,0.08248723194907072,False,46.212355451116196,0.1991450936375827,-0.021934648394000278,46.92071345915965
2017-08-31,35.5,36.06999969482422,35.470001220703125,35.93000030517578,35.26115036010742,1464700.0,0.0155450313820861,0.0154254451044557,0.5999984741210938,53.60347662261941,PWR,1464700.0,51647006.93244934,0.8644479356077106,-25.021755822882007,1.5545031382086183,1.7015850815800382,2.242406291007435,음봉,34.558485412597655,34.51383399963379,33.09376866022746,True,True,1,0.7271428789411273,0.08246026056981223,False,53.603476622619404,0.2709392380257256,0.03988759679531412,67.25307955570382
2017-09-01,36.09000015258789,36.2599983215332,35.779998779296875,36.02000045776367,35.349483489990234,1010200.0,0.002505111971127,0.0025019794086555,0.4799995422363281,54.424723586457645,PWR,1010200.0,35710048.221588135,0.6004353072482337,-31.030245101385944,0.25051119711270164,1.3578686160216389,2.3506033808193196,음봉,34.835235595703125,34.490281105041504,33.16262919108073,True,True,1,0.7221426282610212,0.08251657144241249,False,54.424723586457645,0.33114710238856304,0.0800763689265212,65.77011715136749
2017-09-05,35.959999084472656,36.08000183105469,35.65999984741211,35.779998779296875,35.113948822021484,1477400.0,-0.0066630299714406,-0.0066853270549218,0.4200019836425781,55.03363116589491,PWR,1477400.0,51877347.98965454,0.8783524651117142,46.248267669768374,-0.6663029971440637,1.1961115104752233,1.7270849082004243,음봉,35.00992279052734,34.46525554656982,33.21284344991048,True,True,1,0.7214287349155971,0.08257648753039055,False,55.03363116589491,0.3557556596167615,0.08374794092377569,56.91542987768589
2017-09-06,36.02999877929688,36.119998931884766,35.529998779296875,35.560001373291016,34.898048400878906,1411500.0,-0.0061485656949861,-0.0061675459659959,0.5900001525878906,67.76849150046849,PWR,1411500.0,49258595.317840576,0.8444406670857635,-4.460538784350887,-0.6148565694986119,1.6906393899466066,2.6087921979908537,음봉,35.068807220458986,34.41716766357422,33.26027717590332,True,True,0,0.6671431405203683,0.0826918639178192,False,67.76849150046849,0.35375884710193617,0.06540090272716031,48.79887222627753
2017-09-07,35.599998474121094,35.75,35.34000015258789,35.5,34.839168548583984,1213300.0,-0.0016871961325333,-0.0016886210508981,0.4099998474121094,75.69209977096452,PWR,1213300.0,42270363.19999695,0.72688828302635,-14.041799504073682,-0.16871961325333196,1.1768359134069333,2.011430740134193,음봉,35.092359924316405,34.359266471862796,33.301168251037595,True,True,0,0.6492859976632255,0.06398014503164681,False,75.69209977096452,0.343465984725178,0.044086432280321664,46.585343817536994
2017-09-08,35.439998626708984,36.31999969482422,35.41999816894531,36.130001068115234,35.45744323730469,2029100.0,0.0177465397275053,0.017590908471325,0.9000015258789062,78.47388962734267,PWR,2029100.0,71946698.07281494,1.2167345944227537,67.23811093711365,1.7746539727505395,2.5382583844399047,1.7245821388852298,양봉,35.13161849975586,34.38134841918945,33.36119635899862,True,True,1,0.6707145145961216,0.06707912008704181,False,78.47388962734267,0.38080869182395816,0.06514331150328145,68.28837976416206
2017-09-11,36.380001068115234,36.79999923706055,36.02000045776367,36.15999984741211,35.48688125610352,3754600.0,0.0008302352372622,0.0008298907826266,0.779998779296875,84.59323742242836,PWR,3754600.0,133239044.36416629,2.2079965499441325,85.03770144398995,0.08302352372622224,2.197991910497122,2.6018735322684687,음봉,35.159098052978514,34.4083366394043,33.429566383361816,True,True,1,0.6914285932268415,0.06788205552166171,False,84.59323742242836,0.40807443031750523,0.07392723999746281,57.91287081743389
2017-09-12,36.2599983215332,36.90999984741211,36.2599983215332,36.540000915527344,35.859806060791016,1474000.0,0.0105088075223107,0.0104539738278204,0.6500015258789062,83.93952172407376,PWR,1474000.0,52857354.13360596,0.8646827624929815,-60.74149043839556,1.050880752231076,1.8126186315034636,2.1785996347501206,음봉,35.30826950073242,34.453480339050294,33.502843125661215,True,True,1,0.6878572191510882,0.07861712071455204,False,83.93952172407376,0.45453504255598176,0.09631028178875145,64.15721238096974
2017-09-13,36.47999954223633,36.66999816894531,36.0,36.27000045776367,35.59483337402344,1762200.0,-0.0073891277135851,-0.0074165625476447,0.6699981689453125,76.81174279511063,PWR,1762200.0,62725215.3717041,1.0274467413646464,19.552238805970145,-0.7389127713585131,1.8822905052121044,1.7294948009309783,음봉,35.44762649536133,34.499606132507324,33.566142559051514,True,True,1,0.6907141549246651,0.07851201003420578,False,76.81174279511063,0.4646184982991812,0.08511499002556067,55.11377691444403
2017-09-14,36.25,36.5099983215332,36.150001525878906,36.459999084472656,35.781288146972656,1034300.0,0.0052382538496524,0.0052245819218578,0.3599967956542969,78.23695766937976,PWR,1034300.0,37008586.33041382,0.6084668732835747,-41.30632164340029,0.5238253849652486,1.0061035091179495,1.840622820430712,음봉,35.636050415039065,34.60706748962402,33.642854086558025,True,True,1,0.6799994877406529,0.07826821569506494,False,78.23695766937976,0.48209772900791137,0.08207537658743258,60.11616637483538
2017-09-15,36.380001068115234,36.52000045776367,36.0099983215332,36.29999923706055,35.624271392822266,1943000.0,-0.0043882364856581,-0.0043978930559494,0.5100021362304688,73.53774259072384,PWR,1943000.0,69217959.31625366,1.142161605850722,87.85652131876631,-0.43882364856581146,1.4316142233668987,1.6732570350272127,음봉,35.66941604614258,34.728268241882326,33.72594464619955,True,True,0,0.6907138824462891,0.0779950616594509,False,73.53774259072384,0.4777727387305788,0.06220030904807994,54.56786728618472
2017-09-18,36.380001068115234,36.77999877929688,36.27000045776367,36.34000015258789,35.66352462768555,882500.0,0.0011018677246881,0.001101261114009,0.5099983215332102,71.641971154404,PWR,882500.0,31473060.483932495,0.5213280585564002,-54.580545548121464,0.11018677246881214,1.4300278137324072,2.1213898439063557,음봉,35.70474472045898,34.84112682342529,33.809853140513106,True,True,0,0.6642853873116634,0.07774241736149658,False,71.641971154404,0.472070822192066,0.04519871400765363,55.954908359584664
2017-09-19,36.41999816894531,36.810001373291016,36.310001373291016,36.77000045776367,36.08552169799805,847000.0,0.0118327359597234,0.0117632765327082,0.5,72.14094698757276,PWR,847000.0,30564436.878204346,0.5022405570473779,-4.022662889518413,1.183273595972345,1.3855972602655735,2.1211407149379626,음봉,35.74988784790039,34.98784427642822,33.89408864974976,True,True,1,0.6021426064627516,0.06928152564408888,False,72.14094698757276,0.4958873681518696,0.055212207973965755,62.5237334775982
2017-09-20,36.900001525878906,37.119998931884766,36.68000030517578,36.970001220703125,36.28179931640625,741300.0,0.0054392346063572,0.0054244953923452,0.4399986267089844,72.77945834688431,PWR,741300.0,26895697.833251953,0.4421318408125049,-12.479338842975206,0.5439234606357202,1.2127254849514082,2.2570820361065893,음봉,35.887281036376955,35.11885871887207,33.97063668568929,True,True,1,0.5585711342947829,0.07153821727994318,False,72.77945834688431,0.5245533908919526,0.06710258457123891,52.91010166818112
2017-09-21,36.93999862670898,37.369998931884766,36.93999862670898,37.060001373291016,36.3701286315918,955500.0,0.0024345351346894,0.0024315764550618,0.4300003051757883,68.64714666174048,PWR,955500.0,34751657.90748596,0.5701181974883034,28.89518413597734,0.24345351346894972,1.1822897563311936,1.8141308388889534,음봉,36.00504913330078,35.2484016418457,34.05078315734864,True,True,1,0.5464284079415468,0.07378121389062978,False,68.64714666174048,0.5480809222741527,0.07250409276275116,50.745275785865694
2017-09-22,37.04999923706055,37.18999862670898,36.79999923706055,37.119998931884766,36.42900466918945,1003100.0,0.0016188020172827,0.0016174931696169,0.3899993896484304,68.33344994596948,PWR,1003100.0,36541934.58366394,0.6029320706437065,4.981684981684986,0.16188020172827056,1.0705738276134678,1.8693104232746685,음봉,36.16599578857422,35.381378936767575,34.13027550379436,True,True,1,0.5399998256138397,0.06962057920718241,False,68.33344994596948,0.5649649008888034,0.07151045710192144,53.645574948510955
2017-09-25,37.11000061035156,37.560001373291016,37.02999877929688,37.310001373291016,36.61547470092773,731400.0,0.0051187243085997,0.0051056681742078,0.5300025939941335,75.93250444049727,PWR,731400.0,26780558.19625854,0.44305322519386736,-27.086033296779977,0.511872430859972,1.4474825147650068,1.8693783905056156,음봉,36.35638580322266,35.51386604309082,34.21909090677897,True,True,1,0.5478570120675224,0.06687421330433786,False,75.93250444049727,0.586629845060159,0.07454032101862162,57.45377689188228
2017-09-26,37.36000061035156,37.65999984741211,37.18999862670898,37.5099983215332,36.81174087524414,918600.0,0.0053601974552972,0.0053458827273122,0.4700012207031321,83.27661894698299,PWR,918600.0,33815265.16799927,0.5573497672725382,25.594749794913874,0.5360197455297255,1.276769882456734,2.0333640776340154,음봉,36.50162963867187,35.64242744445801,34.29416688283285,True,True,1,0.5392856597900396,0.06195185856699483,False,83.27661894698299,0.6125751246833531,0.08038848051345249,63.43710845909229
2017-09-27,37.619998931884766,37.75,37.36000061035156,37.59000015258789,36.89025115966797,658500.0,0.0021327511972308,0.0021304801119295,0.3899993896484375,85.42381769955581,PWR,658500.0,24292230.388641357,0.4024592549476135,-28.314826910516,0.21327511972308866,1.0571882201626834,2.1956529015561386,음봉,36.62332000732422,35.75675868988037,34.374640464782715,True,True,1,0.537857055664063,0.060655557434094426,False,85.42381769955581,0.6321846385338077,0.07999839549112564,63.100937137767765
2017-09-28,37.560001373291016,37.65999984741211,37.06999969482422,37.52000045776367,36.821556091308594,1271200.0,-0.0018621469412622,-0.0018638828922763,0.5900001525878906,79.07958637335042,PWR,1271200.0,46807562.103271484,0.7763527543666788,93.04479878511769,-0.18621469412622993,1.6023227022911046,1.8155208830762402,음봉,36.71360549926758,35.861766242980956,34.453969128926595,True,True,1,0.5157141004289905,0.05719413252506581,False,79.07958637335042,0.6348638859431475,0.06614211432037231,46.94606236049107
2017-09-29,37.4900016784668,37.61000061035156,37.27000045776367,37.369998931884766,36.674346923828125,737500.0,-0.0039979072887474,-0.0040059202840307,0.3400001525878906,74.10360725198103,PWR,737500.0,27047330.856323242,0.4582471166307334,-41.98395217117684,-0.3997907288747493,0.9270789560181236,1.8153648517749195,음봉,36.762673950195314,35.932426071166994,34.52937208811442,True,True,0,0.48428562709263445,0.05708166231307772,False,74.10360725198103,0.6179849138757518,0.039410513802381364,38.534109933035715
2017-10-02,37.209999084472656,37.58000183105469,37.209999084472656,37.41999816894531,36.72343063354492,1555700.0,0.0013383662923498,0.001337471478487,0.3700027465820312,70.18369071775248,PWR,1555700.0,57130641.036605835,0.9598440496173711,110.94237288135594,0.13383662923498463,1.007538620980724,1.4605635971025468,음봉,36.78426513671875,36.00112342834473,34.6008497873942,True,True,0,0.4642857142857148,0.05697273906372343,False,70.18369071775248,0.6016335944969313,0.018447355538848687,41.338893345424104
2017-10-03,37.45000076293945,37.56999969482422,37.22999954223633,37.4900016784668,36.792110443115234,821100.0,0.001870190458393,0.0018684438295644,0.3400001525878906,80.80812443435805,PWR,821100.0,30210001.88484192,0.5108738698256409,-47.219901009192,0.1870190458393095,0.9241115785232524,1.9784919787173905,음봉,36.780339050292966,36.085031509399414,34.667911020914715,True,True,1,0.4407144274030418,0.05684026105255636,False,80.80812443435805,0.5874452396844063,0.0034072005810589223,44.94892914535517
2017-10-04,37.45000076293945,37.66999816894531,37.040000915527344,37.13999938964844,36.44863510131836,877900.0,-0.0093355705247712,-0.0093794200837585,0.6299972534179688,65.88815687898587,PWR,877900.0,31998256.755447388,0.552959772528224,6.917549628547071,-0.9335570524771297,1.7284522497666353,1.7881287914738992,음봉,36.69201583862305,36.162560844421385,34.72892036437988,True,True,0,0.4600001743861612,0.05671840055542954,False,65.88815687898587,0.5422347322698968,-0.03344264546676046,25.208986014982536
2017-10-05,37.20000076293945,37.54999923706055,37.20000076293945,37.5,36.80192565917969,1109800.0,0.0096928336789365,0.0096461595274005,0.3499984741210937,75.6411640705592,PWR,1109800.0,40842777.09655762,0.7000574725303332,26.415309260735853,0.9692833678936585,0.9510330447444723,2.0614370319560105,음봉,36.688089752197264,36.26069869995117,34.79025669097901,True,True,1,0.4485713413783487,0.03951407374191636,False,75.6411640705592,0.5288168039281516,-0.037488459046804645,35.94090310408198
2017-10-06,37.33000183105469,37.54999923706055,37.220001220703125,37.540000915527344,36.8411979675293,786000.0,0.0010671264518413,0.0010665574771519,0.3299980163574219,75.64136638781653,PWR,786000.0,28957181.602478027,0.5015694937812797,-29.176428185258608,0.10671264518413714,0.8957309603457303,1.434914511717349,음봉,36.7214599609375,36.3298864364624,34.84210688273112,True,True,1,0.4357141767229353,0.03862852436984106,False,75.64136638781653,0.5154106133985081,-0.0407157196611585,36.88868755745231
2017-10-09,37.58000183105469,37.65999984741211,37.25,37.369998931884766,36.674346923828125,955600.0,-0.0045289255753363,-0.0045392122288453,0.4099998474121094,64.42289543664772,PWR,955600.0,35046005.920410156,0.6156555352732739,21.57760814249363,-0.4528925575336351,1.117947235062347,2.005374157964542,음봉,36.71164321899414,36.38925971984863,34.89346612294515,True,True,0,0.4292855943952288,0.03559890461134997,False,64.42289543664772,0.4857235077777702,-0.05632226022551723,-0.5283535476694688
2017-10-10,37.43000030517578,37.650001525878906,37.150001525878906,37.36000061035156,36.664546966552734,1050500.0,-0.0002672155906618,-0.0002672512991092,0.5,60.31771168610546,PWR,1050500.0,38516106.58836365,0.6798584430793253,9.930933444956057,-0.02672155906618956,1.363715200016314,2.0604412749793006,음봉,36.68613052368164,36.42949676513672,34.95169518788656,True,True,0,0.4335714067731585,0.03555958497028307,False,60.31771168610546,0.4561473058389538,-0.06871876973146684,-14.258122287049716
2017-10-11,37.47999954223633,37.54999923706055,37.27000045776367,37.52000045776367,36.821556091308594,975200.0,0.0042823145994164,0.00427317158314,0.279998779296875,61.73460179957202,PWR,975200.0,35908381.50024414,0.6377707050008408,-7.1680152308424505,0.42823145994164147,0.7604208214409663,2.224090144704341,음봉,36.76071472167969,36.49083290100098,35.02431767781575,True,True,1,0.4228570120675218,0.03469309046138479,False,61.73460179957202,0.44030175238206937,-0.067651458550681,2.2691407300923156
2017-10-12,37.41999816894531,37.70000076293945,37.34000015258789,37.5,36.80192565917969,987800.0,-0.0005331233715443,-0.0005332655323373,0.3600006103515625,59.895777448005134,PWR,987800.0,36352942.166137695,0.6477781594478969,1.2920426579163147,-0.053312337154431955,0.9782113405844722,1.6252492864579824,음봉,36.76071472167969,36.54186477661133,35.09186954498291,True,True,1,0.42071424211774555,0.034644640457867255,False,59.895777448005134,0.4213035007872463,-0.06931976811640322,-31.67676853304076
2017-10-13,37.75,37.790000915527344,37.209999084472656,37.290000915527344,36.59584426879883,859000.0,-0.005599744760352,-0.0056154821086292,0.5800018310546875,49.48445552251744,PWR,859000.0,31435830.226898193,0.5675276884339374,-13.03907673618141,-0.5599744760352077,1.5848844114499363,2.5761541654107156,음봉,36.71164398193359,36.59044342041015,35.166127586364745,True,True,0,0.4242856161934994,0.03352587225816875,False,49.484455522517436,0.38517811012517456,-0.08435612702278,-59.22088623046875
2017-10-16,37.68999862670898,38.34999847412109,37.63999938964844,37.84000015258789,37.13560104370117,1378700.0,0.0147491275495053,0.014641416967597,0.7099990844726491,57.20539509240776,PWR,1378700.0,51198853.158950806,0.9122523442226256,60.50058207217695,1.4749127549505303,1.9119095006355822,2.9898322603886798,음봉,36.8038948059082,36.66404724121094,35.24447479248047,True,True,1,0.4414283207484649,0.028640573660477397,True,57.20539509240776,0.39554276774538977,-0.05919317552205189,7.297733308484408
2017-10-17,37.81999969482422,37.83000183105469,37.33000183105469,37.45000076293945,36.75286483764648,795900.0,-0.0103064497489697,-0.0103599289734857,0.5,47.30780903571485,PWR,795900.0,29251605.12428283,0.5296958736041022,-42.271705229564084,-1.030644974896977,1.3604381650484099,1.8429717895710012,음봉,36.82155838012695,36.69741439819336,35.30728346506755,True,True,0,0.44928550720214794,0.023265991386492754,False,47.30780903571485,0.3686239529449509,-0.06888959225799263,-21.91882542049174
2017-10-18,37.45000076293945,37.58000183105469,37.22999954223633,37.400001525878906,36.70379257202149,1030500.0,-0.0013351956600324,-0.001336087827992,0.3500022888183594,47.674448386781,PWR,1030500.0,37823258.24546815,0.6925728294125428,29.47606483226537,-0.13351956600324844,0.9535861672375474,1.8968206379898027,음봉,36.79800567626953,36.71851406097412,35.36011454264323,True,True,0,0.4321428026471814,0.020847042198882147,False,47.674448386781,0.3394182739722993,-0.07847621698451535,-25.664806876950628
2017-10-19,37.290000915527344,37.38999938964844,36.880001068115234,37.16999816894531,36.47807312011719,809500.0,-0.0061497582698406,-0.0061687459195593,0.5099983215332031,46.24062567585735,PWR,809500.0,29529000.190734863,0.5518511905728058,-21.445900048520137,-0.6149758269840655,1.3980955623775686,1.5971328912552385,음봉,36.73323516845703,36.72391128540039,35.41572640736898,True,True,0,0.444285529000418,0.019240771197283294,False,46.24062567585735,0.2946622071156355,-0.09858582707294333,-27.34208552722077
2017-10-20,37.34999847412109,37.650001525878906,36.93999862670898,37.45000076293945,36.75286483764648,1197200.0,0.0075330655932521,0.0075048337475514,0.710002899169929,50.518908275093885,PWR,1197200.0,44000529.78363036,0.8308000392138287,47.89376158122298,0.7533065593252175,1.9318300826515786,2.3902725100987956,음봉,36.76463928222656,36.740104293823244,35.47313747406006,True,True,0,0.46857125418526785,0.018697985636864548,True,50.518908275093885,0.27815964551101047,-0.09207071094205477,-8.648738422892901
2017-10-23,37.47999954223633,37.56999969482422,37.27999877929688,37.47999954223633,36.78230285644531,711900.0,0.0008009720855468,0.0008006514785926,0.2900009155273366,49.82467195037623,PWR,711900.0,26185321.403503418,0.49834605781741853,-40.536251252923485,0.08009720855468583,0.788425120251872,1.978443606510469,음봉,36.69397964477539,36.748445701599124,35.53692747751872,False,True,0,0.464999880109514,0.01869374144313589,False,49.82467195037623,0.26440870962226626,-0.08465731746463923,-6.646148576233128
2017-10-24,37.709999084472656,38.060001373291016,37.52000045776367,37.880001068115234,37.17486953735352,966600.0,0.0106727053616062,0.0106161540561769,0.5400009155273438,62.75879077722355,PWR,966600.0,35933228.894805916,0.689209561320114,35.777496839443735,1.067270536160625,1.452596666101942,2.5221265553926155,음봉,36.7783805847168,36.76660213470459,35.604806900024414,True,True,1,0.45857157026018364,0.019752557861463595,False,62.75879077722355,0.2819378402705155,-0.053702549453112036,20.05911493677251
2017-10-25,37.81999969482422,38.060001373291016,37.15999984741211,37.369998931884766,36.674346923828125,975500.0,-0.0134640045749849,-0.0135554661719452,0.9000015258789062,47.86889131880989,PWR,975500.0,35775825.424194336,0.696069914498356,0.9207531553900195,-1.3464004574984978,2.4540355899130017,1.7353931984144977,음봉,36.772491455078125,36.7558069229126,35.65273113250733,True,True,0,0.49785750252859884,0.019758359204527436,True,47.868891318809894,0.25253079294424197,-0.06648767742350847,-13.990102529901376
2017-10-26,37.40999984741211,37.970001220703125,37.290000915527344,37.83000183105469,37.125789642333984,922100.0,0.0123094957748939,0.0122343499745961,0.6800003051757812,54.17851261887957,PWR,922100.0,34233690.62919617,0.6600010225123127,-5.4741158380317785,1.230949577489393,1.8316116956079154,2.005905995032224,음봉,36.902034759521484,36.77101860046387,35.71177787780762,True,True,1,0.5228576660156244,0.019750185436146768,False,54.17851261887957,0.2626257642595178,-0.04511416488658615,16.720340676422353
2017-10-27,37.7599983215332,38.22999954223633,37.720001220703125,37.97999954223633,37.27299880981445,1002900.0,0.0039651457625189,0.0039573052909676,0.5099983215332031,58.840688132984624,PWR,1002900.0,37381090.506362915,0.7226115837075092,8.762607092506226,0.396514576251894,1.3682782116230319,1.7082698719922715,음봉,37.00606155395508,36.800951194763186,35.749070421854654,True,True,1,0.5300004141671312,0.022400608727021206,False,58.840688132984624,0.2792852250689606,-0.022763763261714698,26.73458742808517
2017-10-30,37.86000061035156,38.130001068115234,37.790000915527344,38.060001373291016,37.351505279541016,944300.0,0.002106255794634,0.0021040407476562,0.3400001525878906,59.94299735415844,PWR,944300.0,35271026.43547058,0.6918527977224675,-5.843055140093734,0.2106255794634082,0.9102716210318917,1.5748714063289815,음봉,37.11990203857422,36.83235492706299,35.7745864868164,True,True,1,0.5185718536376948,0.02451296367040768,False,59.94299735415844,0.29541739593694416,-0.00530527391498492,32.07517302407431
2017-10-31,38.150001525878906,38.16999816894531,37.66999816894531,37.72999954223633,37.02764892578125,1766700.0,-0.0086705034063823,-0.0087083109197969,0.5,52.84554044516542,PWR,1766700.0,65416747.357177734,1.3006091597148295,87.09096685375411,-0.8670503406382313,1.350342283416933,2.137788665709439,음봉,37.090457916259766,36.84413185119629,35.798139635721846,True,True,0,0.5342862265450609,0.02450512830290344,False,52.84554044516542,0.27885528624941713,-0.01749390688200958,10.044089674089385
2017-11-01,37.790000915527344,37.970001220703125,37.27000045776367,37.34000015258789,36.6449089050293,1958500.0,-0.0103366006715447,-0.0103903943451648,0.7000007629394531,48.02962574330037,PWR,1958500.0,71769054.09049988,1.4755165811826807,10.856398935869137,-1.0336600671544738,1.9102265058254304,2.058872253202365,음봉,37.0845703125,36.85394554138183,35.811224683125815,True,True,0,0.5585719517299103,0.02369982770075692,False,48.02962574330037,0.23216946889863266,-0.051343779386235244,-15.992692376560669
2017-11-02,36.790000915527344,38.040000915527344,36.040000915527344,36.560001373291016,35.87943649291992,2522700.0,-0.0208889156770237,-0.0211101757557705,2.0,42.11669848497826,PWR,2522700.0,90513054.44068909,1.9341597491058184,28.80776104161349,-2.088891567702378,5.574223553914118,0.39594043165470627,음봉,36.83529968261719,36.807821083068845,35.809262084960935,True,True,0,0.6600003923688611,0.03999336943360192,True,42.11669848497826,0.13188312933703372,-0.12130409515826734,-6.950848151768986
2017-11-03,36.470001220703125,36.630001068115234,35.5099983215332,35.65999984741211,34.99617385864258,1915100.0,-0.024617516901405,-0.0249255945525013,1.1200027465820312,28.112545719356973,PWR,1915100.0,67021172.5566864,1.4752703818053985,-24.085305426725334,-2.461751690140501,3.200357705119349,1.6459699078600052,음봉,36.37993469238281,36.71556987762451,35.80893491109212,False,False,0,0.689286368233817,0.06415075208552985,True,28.112545719356973,-0.018651428089050626,-0.21747092206748134,-18.89059677546029
2017-11-06,35.709999084472656,36.5,35.619998931884766,36.310001373291016,35.63407516479492,1478700.0,0.0182277442308114,0.0180636104264114,0.8800010681152344,39.12212664567881,PWR,1478700.0,52692106.94618225,1.1517465710237598,-22.787321810871497,1.8227744230811416,2.469549340190653,2.0397236243978525,음봉,36.0364486694336,36.663556289672854,35.8203842163086,False,False,0,0.7164293016706195,0.06424176100892513,False,39.12212664567881,-0.08549234264047101,-0.2274494692951214,4.561646602116034
2017-11-07,36.18000030517578,36.27000045776367,35.70000076293945,36.209999084472656,35.53595352172852,1684000.0,-0.0027535902815667,-0.0027573883851691,0.5699996948242188,38.75250379518774,PWR,1684000.0,59842545.730590835,1.3173043016146575,13.883816866166221,-0.27535902815667423,1.6040084430988786,1.5320311748127313,음봉,35.73810958862305,36.60712661743164,35.83003457387289,False,False,0,0.7321434020996094,0.06434078930895581,False,38.75250379518774,-0.14471367636394206,-0.22933664241487395,0.9542348730494371
2017-11-08,36.04999923706055,36.59999847412109,35.84000015258789,36.34000015258789,35.66352462768555,1404400.0,0.0035899165018611,0.0035834881318965,0.759998321533196,42.0038870435626,PWR,1404400.0,50085853.98712158,1.1028357036907774,-16.603325415676963,0.35899165018611345,2.1310241471287736,1.4465510683924943,음봉,35.541832733154294,36.54922504425049,35.84655469258626,False,False,0,0.7500005449567517,0.06444271849941594,False,42.0038870435626,-0.17928638605540215,-0.2111274816850672,5.6443469577802965
2017-11-09,36.060001373291016,36.18999862670898,35.45000076293945,35.5099983215332,34.84897232055664,1261700.0,-0.0228399272262778,-0.0231047992403746,0.7399978637695241,33.10103609399344,PWR,1261700.0,43968948.37684631,0.9938198131065473,-10.160922814013107,-2.283992722627781,2.123442427405573,1.111714979785493,음봉,35.33573989868164,36.45157737731934,35.86683654785156,False,False,0,0.7521430424281513,0.06865362596191749,False,33.10103609399344,-0.26930864879197713,-0.24091979553731374,-21.61973763653329
2017-11-10,35.43000030517578,35.97999954223633,35.380001068115234,35.84000015258789,35.172828674316406,850300.0,0.009293139286312,0.0092502237426074,0.5999984741210938,36.42385512394779,PWR,850300.0,29907456.22177124,0.6762008270596968,-32.60680034873583,0.9293139286312035,1.7058578929684418,1.6672743726115706,음봉,35.371070861816406,36.38042659759522,35.8997127532959,False,False,0,0.7742857251848483,0.06878789483875362,False,36.42385512394779,-0.31093517230227974,-0.22603705523809303,-7.2692106918659904
2017-11-13,35.65999984741211,36.790000915527344,35.65999984741211,36.720001220703125,36.03645706176758,1868000.0,0.0245538507990914,0.0242572503208887,1.1300010681152344,41.10426704726333,PWR,1868000.0,67316101.79138184,1.4689640710191527,119.68716923438785,2.455385079909145,3.1357163279907856,1.3850781738559486,양봉,35.45154724121094,36.325469398498534,35.94354782104492,False,True,0,0.8164285932268405,0.06889196479558263,False,41.10426704726333,-0.27111169203872976,-0.14897085997963444,23.03355596900055
2017-11-14,36.38999938964844,36.38999938964844,35.72999954223633,35.75,35.084510803222656,1839000.0,-0.026416200041898,-0.0267713767671992,0.6599998474121094,38.39547052298149,PWR,1839000.0,64520415.367126465,1.460152900342551,-1.552462526766596,-2.641620004189804,1.8811715834198994,0.9810684975908623,음봉,35.36125869750977,36.242051696777345,35.97577012379964,False,False,0,0.7992856161934979,0.06905053223592474,False,38.39547052298149,-0.31276010058181924,-0.15249541481817913,-10.368085020947385
2017-11-15,35.54999923706055,35.959999084472656,35.29999923706055,35.349998474121094,34.69194793701172,1705100.0,-0.0111890648386888,-0.0112521333174996,0.6599998474121094,32.080882158819776,PWR,1705100.0,59153240.42739868,1.3461433872226949,-7.281131049483413,-1.1189064838688867,1.9024583128351142,1.3267633584765093,음봉,35.166943359375,36.141459465026855,35.99294408162435,False,False,0,0.7978570120675214,0.07358743619921827,False,32.080882158819776,-0.3731419587041245,-0.17030181835238747,-20.752601935730823
2017-11-16,35.4900016784668,36.08000183105469,35.439998626708984,35.970001220703125,35.3004035949707,1703700.0,0.0175388150317683,0.0173867850583868,0.6400032043457031,36.40046034519574,PWR,1703700.0,60141297.60475159,1.333262529486076,-0.08210662131252766,1.753881503176835,1.8130195101703745,2.3004004932327837,음봉,35.25722961425781,36.082575988769534,36.018296305338545,False,False,0,0.807143075125557,0.07370752418998762,False,36.40046034519574,-0.3676595790060233,-0.13185555092342902,0.014089131032906096
2017-11-17,35.810001373291016,36.369998931884766,35.810001373291016,36.0099983215332,35.33966827392578,1588700.0,0.0011123011341624,0.0011116829855917,0.55999755859375,36.0544609827621,PWR,1588700.0,56144130.98678589,1.237782708061261,-6.750014673944948,0.11123011341624967,1.5846146439550082,1.4436032634848277,음봉,35.29059753417969,36.011916160583496,36.044466463724774,False,False,0,0.822857175554547,0.07385214745779871,False,36.0544609827621,-0.35604218942270904,-0.0961905290720918,1.3821969208602876
2017-11-20,36.04999923706055,36.709999084472656,35.959999084472656,36.470001220703125,35.791107177734375,1611600.0,0.0127742824383463,0.0126933795482009,0.75,41.57757984555742,PWR,1611600.0,57680948.32763672,1.244730502583718,1.4414301000818197,1.277428243834633,2.0954925933852486,2.010010274088679,음봉,35.24152755737305,35.962356376647946,36.0748893737793,False,False,0,0.8407143184116899,0.07395392322668469,False,41.57757984555742,-0.3068705649220149,-0.03761512365711811,17.92363649020222
2017-11-21,36.790000915527344,37.13999938964844,36.54999923706055,36.88999938964844,36.20329284667969,1104700.0,0.0115164268849925,0.0114506176173652,0.5900001525878906,47.00405111852174,PWR,1104700.0,39993777.60772705,0.8510431977539027,-31.453214197071233,1.1516426884992548,1.629686435116637,2.790899238832097,음봉,35.465283966064455,35.91377754211426,36.10760237375895,False,True,0,0.8328571319580068,0.07405395713137024,False,47.00405111852174,-0.23196777937259583,0.029830129513840786,32.96689986425812
2017-11-22,37.0099983215332,37.0099983215332,36.400001525878906,36.470001220703125,35.791107177734375,740900.0,-0.011385308808536,-0.0114506176173652,0.6099967956542969,49.37059888107676,PWR,740900.0,26517631.3079834,0.5784307407857202,-32.932017742373496,-1.1385308808536054,1.7043250230430858,2.2282654737233414,음봉,35.685115814208984,35.86961555480957,36.12739372253418,False,False,0,0.7335711887904566,0.07414513095255883,False,49.37059888107676,-0.20352066138651992,0.04662179799993338,26.690646736257246
2017-11-24,36.52999877929688,36.52999877929688,36.040000915527344,36.130001068115234,35.45744323730469,369100.0,-0.0093225375446686,-0.0093662643733221,0.4899978637695383,53.56614739057424,PWR,369100.0,13087342.29888916,0.2899012730158295,-50.182210824672694,-0.9322537544668608,1.3819323082325712,2.064455837851731,음봉,35.71652374267578,35.78619823455811,36.13966102600098,False,False,0,0.6885708400181356,0.07431796261501197,False,53.56614739057424,-0.20553077603128855,0.03568934668413179,8.556738434108366
2017-11-27,36.15999984741211,36.310001373291016,36.02000045776367,36.15999984741211,35.48688125610352,1021100.0,0.0008302352372622,0.0008298907826266,0.2900009155273437,48.74383736102327,PWR,1021100.0,36235654.45060731,0.8071794961880335,176.64589542129505,0.08302352372622224,0.8172059793996843,1.9814079808446645,음봉,35.74596633911133,35.69689235687256,36.14342320760091,True,False,0,0.6464279719761434,0.0745038900288827,False,48.74383736102327,-0.2024150891276406,0.031044026870223812,10.156630627455838
2017-11-28,36.380001068115234,37.09999847412109,36.369998931884766,37.060001373291016,36.3701286315918,1013900.0,0.02488940544293,0.0245847096402088,0.729999542236321,56.27766001180462,PWR,1013900.0,36875673.41957092,0.804520378860396,-0.7051219273332632,2.4889405442930057,2.0071403915856085,2.5167605052870083,음봉,35.86177062988281,35.6478235244751,36.16043395996094,True,True,0,0.6578565325055793,0.06552155946255413,False,56.27766001180462,-0.1272088191313827,0.08500023749318539,58.15920140148649
2017-11-29,37.09999847412109,37.709999084472656,37.040000915527344,37.650001525878906,36.94914245605469,1511100.0,0.0159200378510606,0.0157946431565548,0.6699981689453125,59.05946526582678,PWR,1511100.0,55833849.16534424,1.2057626251367892,49.03836670283066,1.5920037851060664,1.813298291678006,2.0067837810595774,음봉,36.01094055175781,35.64389820098877,36.191020520528156,True,True,0,0.6514279501778734,0.06332625310270787,False,59.05946526582678,-0.020647717677086064,0.1532490711579856,68.42918354393312
2017-11-30,37.7400016784668,38.20000076293945,37.27000045776367,37.900001525878906,37.19449615478516,1898900.0,0.0066403083379347,0.0066183586056041,0.9300003051757812,67.96994414942588,PWR,1898900.0,70628628.74832155,1.5069154202534898,25.663423995764667,0.6640308337934719,2.500370757290483,2.140399397232871,음봉,36.291618347167976,35.67137756347656,36.22929464975993,True,True,0,0.6649995531354632,0.07015563705999876,False,67.96994414942588,0.08264800122631044,0.2052358320491057,65.32744554851396
2017-12-01,37.93000030517578,38.0,36.34000015258789,37.38999938964844,36.6939811706543,1965600.0,-0.0134566948305461,-0.0135480566933331,1.6599998474121094,61.34697303834386,PWR,1965600.0,72125689.38903809,1.5412978322994353,3.5125599031017973,-1.3456694830546123,4.523902270761725,1.9774542645498197,음봉,36.538925933837895,35.71210479736328,36.260208193461104,True,True,0,0.7407139369419643,0.07007562931317939,True,61.34697303834386,0.12270871671880457,0.19623723803327986,48.06831724584264
2017-12-04,37.88999938964844,39.20000076293945,37.88999938964844,38.79999923706055,38.07773208618164,2746500.0,0.0377105691827734,0.0370169107779337,1.3100013732910156,64.13033834141723,PWR,2746500.0,104580491.17469788,2.1201399789002395,39.72832722832722,3.771056918277349,3.440334551243963,3.2594397795970043,양봉,37.05709609985352,35.86618270874023,36.30387967427571,True,True,0,0.7535711015973773,0.09440046008422412,True,64.13033834141723,0.26308161565990673,0.2692881095795056,71.22389134181435
2017-12-05,38.90999984741211,38.95000076293945,38.369998931884766,38.41999816894531,37.70480346679688,1796800.0,-0.009793876865899,-0.0098421523392325,0.5800018310546875,69.71922608323203,PWR,1796800.0,67747990.86914064,1.3805086978155459,-34.578554523939566,-0.9793876865899054,1.5382703998588436,2.185707277278989,음봉,37.324031066894534,35.969719123840335,36.340845044453935,True,True,0,0.7478569575718471,0.0941287347146912,False,69.71922608323203,0.34031300997155256,0.2772156031129211,61.66162279114461
2017-12-06,38.2599983215332,38.54999923706055,38.0099983215332,38.290000915527344,37.57723236083984,1356600.0,-0.0033834178732528,-0.0033891545749329,0.5400009155273438,72.61544533613986,PWR,1356600.0,50977273.420715325,1.0404780079107971,-24.499109528049868,-0.3383417873252803,1.4370428091721092,1.4724777844956267,음봉,37.449649047851565,36.0717830657959,36.36946881612142,True,True,0,0.7392856052943638,0.09386240050829095,False,72.61544533613986,0.3867671137579407,0.2589357655194474,56.84129042207148
2017-12-07,38.130001068115234,38.630001068115234,37.9900016784668,38.45000076293945,37.73424530029297,1006800.0,0.0041784061674738,0.0041697008695125,0.6399993896484375,70.52984245213736,PWR,1006800.0,37990838.16833496,0.7819217787289229,-25.78505086245024,0.41784061674738915,1.6960704647867135,1.4710202762336795,음봉,37.55759887695312,36.17531909942627,36.40512568155925,True,True,0,0.7392853328159877,0.09359376042721955,False,70.52984245213736,0.4312804254129574,0.24275926173957124,56.76236794843519
2017-12-08,38.72999954223633,39.41999816894531,38.380001068115234,39.400001525878906,38.66656875610352,1364600.0,0.0247076216415891,0.0244073247207193,1.039997100830078,74.38851624760127,PWR,1364600.0,52764399.724578865,1.091976740345948,35.5383392928089,2.470762164158913,2.689654485222236,2.6388608915298177,음봉,37.95211639404297,36.36619892120361,36.453213691711426,True,True,0,0.7735710144042969,0.10929437051432858,False,74.38851624760127,0.5356140315843945,0.2776742943288066,78.22457768203077
2017-12-11,39.310001373291016,39.52999877929688,39.04999923706055,39.16999816894531,38.44084548950195,1595500.0,-0.005837685469982,-0.0058547913608326,0.4799995422363352,70.08925756745785,PWR,1595500.0,61332368.978500366,1.2747796134691014,16.920709365381793,-0.583768546998209,1.2486706161741974,1.6640540857040154,음봉,38.02473907470703,36.52959976196289,36.50015659332276,True,True,1,0.754285267421178,0.10880548500371061,False,70.08925756745785,0.593246607384863,0.2682454961034201,68.96997690531164
2017-12-12,39.34000015258789,39.66999816894531,39.06999969482422,39.119998931884766,38.39178466796875,1249400.0,-0.0012762680140997,-0.0012770831377396,0.5999984741210938,67.55909859417014,PWR,1249400.0,47966695.764160156,1.0047857151063413,-21.6922594797869,-0.12762680140997462,1.562830379754885,2.3390605790174233,음봉,38.16213531494141,36.64736614227295,36.54562759399414,True,True,1,0.7549994332449782,0.10845583837216219,False,67.55909859417014,0.627726005996422,0.24217991577198322,64.98043006819428
2017-12-13,39.08000183105469,39.08000183105469,38.2599983215332,38.290000915527344,37.57723236083984,1607000.0,-0.0212168388152196,-0.0214451510916597,0.8200035095214844,63.46158711612401,PWR,1607000.0,60386612.403869614,1.2829932834875173,28.62173843444853,-2.121683881521963,2.1821817574197677,1.7926157094232058,음봉,38.16213531494141,36.77200222015381,36.570489438374835,True,True,0,0.7699999128069202,0.10808823504621172,False,63.46158711612401,0.5826076754966607,0.15764926821777742,42.663914508922545
2017-12-14,38.220001220703125,38.29999923706055,37.18999862670898,37.43999862670898,36.743045806884766,1355900.0,-0.0221992547493837,-0.0224493666670741,1.1100006103515696,59.00953476770995,PWR,1355900.0,49819895.80955505,1.090635050540774,-15.625388923459859,-2.219925474938378,3.020981483640592,1.7105274110956976,음봉,37.96389541625977,36.87455711364746,36.57817687988281,True,True,0,0.8142858232770652,0.09128693127779926,False,59.00953476770995,0.4740743561229763,0.03929275907527441,19.809474041752672
2017-12-15,37.59000015258789,38.459999084472656,37.45000076293945,37.720001220703125,37.0178337097168,3365900.0,0.0074786370263442,0.0074508106698189,1.0099983215332031,60.37226756537416,PWR,3365900.0,124598326.48353577,2.624197618255012,148.24102072424222,0.7478637026344215,2.72841012106035,2.3050738639212813,음봉,37.63414840698242,36.960428619384764,36.58897196451823,True,True,0,0.8657142094203409,0.09001249732349885,False,60.37226756537416,0.40555897443363875,-0.023378098091250576,20.35537420140468
2017-12-18,37.84999847412109,38.43000030517578,37.84999847412109,38.380001068115234,37.66556167602539,1414500.0,0.0174977274842145,0.0173464049013714,0.5800018310546946,59.06593553278618,PWR,1414500.0,53277936.990737915,1.095112923324215,-57.97557859710627,1.749772748421452,1.5398730438257957,2.2480104344567717,음봉,37.47909164428711,37.07672328948975,36.609581247965494,True,True,1,0.8550000871930818,0.08655364428356957,False,59.06593553278618,0.39892768438901527,-0.024007510508699204,39.80667606785812
2017-12-19,38.38999938964844,38.43999862670898,37.63999938964844,37.79999923706055,37.096336364746094,1164400.0,-0.0151126197499827,-0.0152279791183225,0.7999992370605398,51.03153250452862,PWR,1164400.0,43194974.06311035,0.8968212731778343,-17.68115942028986,-1.5112619749982792,2.156545134793435,1.9233423886100196,음봉,37.220001983642575,37.14198474884033,36.61759560902913,True,True,0,0.864285877772741,0.08640156255782838,False,51.03153250452862,0.3437777578487129,-0.06332594963920124,22.71281269367046
2017-12-20,38.09999847412109,38.66999816894531,37.95000076293945,38.540000915527344,37.82257843017578,1340000.0,0.0195771910813236,0.0193880228118955,0.7199974060058594,54.12365143814867,PWR,1340000.0,50682255.09643555,1.0272397403792097,15.080728272071454,1.9577191081323608,1.9036179866347445,2.705555878905624,음봉,37.26907119750977,37.22294902801514,36.63444290161133,True,True,1,0.8492856706891752,0.08621362902717752,False,54.12365143814867,0.3545852706750665,-0.042014749450278166,44.521896719014734
2017-12-21,38.61000061035156,39.560001373291016,38.5099983215332,39.400001525878906,38.66656875610352,1484600.0,0.022314457685264,0.0220691329925426,1.0500030517578125,62.39205224628143,PWR,1484600.0,57404387.97531129,1.131460425414545,10.791044776119406,2.2314457685264077,2.715532010044386,2.08188392451731,양봉,37.65377578735352,37.366722106933594,36.664048194885254,True,True,1,0.8057144709995825,0.08588191144021608,False,62.39205224628143,0.42633870107542293,0.02379094476006255,59.539129110606645
2017-12-22,39.63999938964844,39.70000076293945,39.0099983215332,39.40999984741211,38.67637252807617,955600.0,0.0002535464689015,0.0002535143314276,0.69000244140625,54.54539135028795,PWR,955600.0,36959141.58782959,0.7263229139395636,-35.63249360096996,0.02535464689015221,1.7840412538827406,2.5174993925243463,음봉,37.98548355102539,37.52766857147217,36.69496180216471,True,True,1,0.7614288330078135,0.08499039224614237,False,54.54539135028795,0.47847928275927387,0.0607452211551307,59.21803332006055
2017-12-26,39.380001068115234,39.63999938964844,39.380001068115234,39.5,38.76471328735352,476300.0,0.0022841014682342,0.0022814968738268,0.2599983215332031,58.411250318620525,PWR,476300.0,18463632.938766483,0.36396352468560783,-50.15696944328171,0.2284101468234212,0.6707087438152783,1.8192723206610972,음봉,38.20531387329102,37.69156017303467,36.72980124155681,True,True,1,0.7385714394705646,0.06353105694666526,False,58.411250318620525,0.5209245365820223,0.08255237998230336,62.737582487059306
2017-12-27,39.56999969482422,39.56999969482422,39.20000076293945,39.47999954223633,38.745079040527344,633600.0,-0.0005064979245592,-0.0005066262379618,0.3699989318847656,59.4293549905258,PWR,633600.0,24548882.080078125,0.4843102211965799,33.025404157043866,-0.05064979245592571,0.9549572256588942,2.0773696983163554,음봉,38.53506240844727,37.81030769348145,36.763495381673174,True,True,1,0.726428440638952,0.054766338679021725,False,59.4293549905258,0.5466766384162085,0.08664358545319167,61.95534224340494
2017-12-28,39.70000076293945,39.709999084472656,39.2599983215332,39.33000183105469,38.59787368774414,570500.0,-0.0037993303002228,-0.0038065660888363,0.4500007629394531,56.98411572170272,PWR,570500.0,22020086.938858032,0.43981708093079713,-9.958964646464652,-0.3799330300222836,1.1658693081902602,2.4646271115185017,음봉,38.690121459960935,37.89274425506592,36.79359143575032,True,True,0,0.7128571101597387,0.05464719321357644,False,56.98411572170272,0.5488799762304666,0.07107753861395977,55.86804782902905
2017-12-29,39.560001373291016,39.650001525878906,39.09999847412109,39.11000061035156,38.3819580078125,534900.0,-0.0055939786133918,-0.0056096835077016,0.5500030517578196,47.39672417607181,PWR,534900.0,20530509.338378906,0.4133967805330448,-6.240140227870294,-0.5593978613391837,1.4329728870160001,2.492696083028989,음봉,38.633199310302736,37.952117347717284,36.8258134841919,True,True,0,0.677857535226006,0.05456170199220189,False,47.396724176071814,0.5271271527430414,0.03945977210122764,47.29996684847041
2018-01-02,39.290000915527344,39.59000015258789,39.02999877929688,39.2400016784668,38.50954055786133,885700.0,0.0033240240120855,0.0033185116563598,0.5600013732910085,50.6398267266226,PWR,885700.0,34107900.07209778,0.690184868627747,65.58235184146571,0.3324024012085536,1.4541886638444717,2.365806631152103,음봉,38.599832916259764,38.04289531707764,36.85427373250325,True,True,0,0.6835719517299113,0.05314178806893336,False,50.6398267266226,0.5142547206386325,0.021269871997454892,52.362765533913844
2018-01-03,39.34999847412109,39.619998931884766,38.95000076293945,39.54999923706055,38.81376647949219,973300.0,0.0079000143139529,0.0078689725804541,0.6699981689453125,53.75200285453407,PWR,973300.0,37777438.914489746,0.7570223262566853,9.890482104550081,0.790001431395293,1.7261869427160996,2.1824667448238038,음봉,38.6096435546875,38.07969703674316,36.88714987436931,True,True,1,0.6885719299316412,0.054378601557921534,False,53.75200285453407,0.5225777636426088,0.023674332001144882,64.43522054849898
2018-01-04,39.75,40.09999847412109,39.459999084472656,39.86000061035156,39.11799240112305,1219000.0,0.0078380932649657,0.0078075349871736,0.6399993896484304,65.0668063299082,PWR,1219000.0,47684832.736968994,0.9441491813980593,25.244015206000213,0.7838093264965762,1.6360742215136188,2.4121171569434905,음봉,38.68422622680664,38.150356483459475,36.927877298990886,True,True,1,0.6757144927978516,0.06225227791168784,False,65.0668063299082,0.5474120986203488,0.03880693358310783,66.25408506906462
2018-01-05,39.90999984741211,39.90999984741211,39.209999084472656,39.5099983215332,38.77452087402344,1417800.0,-0.0087803976128832,-0.0088191724431459,0.7000007629394531,71.97434409839157,PWR,1417800.0,54974515.69519043,1.0939828213585407,16.3084495488105,-0.8780397612883295,1.805311186729353,2.0246628154320225,음봉,38.7195556640625,38.210220909118654,36.963043530782066,True,True,1,0.6464287894112718,0.06215474649798514,False,71.97434409839157,0.5332314461007144,0.019701024850778737,49.98193415394993
2018-01-08,39.56999969482422,39.720001220703125,38.70000076293945,39.09999847412109,38.37215423583984,1322800.0,-0.0103770885910072,-0.0104313059800794,1.020000457763672,64.25613147731265,PWR,1322800.0,50758685.62316894,1.0140135572679587,-6.700521935392867,-1.0377088591007277,2.6581787707164612,2.051550355413169,음봉,38.717594909667966,38.242116355895995,36.98888683319092,True,True,0,0.6471432277134481,0.062102906966134026,True,64.25613147731265,0.4839469130624252,-0.0236668065500083,29.762403198143932
2018-01-09,39.20000076293945,39.369998931884766,38.630001068115234,38.63999938964844,37.92071914672852,1753100.0,-0.0117646532518539,-0.0118344043899516,0.7399978637695312,52.80167141933265,PWR,1753100.0,66478812.736129776,1.330951698075009,32.52948291502873,-1.176465325185394,1.9514341510935507,2.15741478055043,음봉,38.599830627441406,38.204823875427245,37.007533391316734,True,True,0,0.6585715157645079,0.06216352683583003,False,52.80167141933265,0.40380669445017503,-0.08304562012980676,11.411376485949514
2018-01-10,38.70000076293945,38.790000915527344,38.060001373291016,38.13999938964844,37.43000793457031,1669800.0,-0.0129404511095762,-0.0130249081463172,0.7299995422363281,53.72804811726536,PWR,1669800.0,62500627.24914551,1.2583195277596693,-4.751582910273234,-1.29404511095762,1.950305603761578,2.0550285800108834,음봉,38.32307891845703,38.15428199768066,37.02143611907959,True,True,0,0.6535715375627785,0.06224587306826139,False,53.72804811726536,0.29727193423195075,-0.15166430427842492,-24.185738694733487
2018-01-11,38.34999847412109,39.15999984741211,38.13999938964844,39.06999969482422,38.34270095825195,1614800.0,0.0243839922576847,0.0240914487643686,1.020000457763672,55.57879593555212,PWR,1614800.0,61915793.507385254,1.2076338034522343,-3.293807641633728,2.438399225768473,2.6602206737450813,2.4578956572997996,음봉,38.16802062988281,38.151827812194824,37.04155445098877,True,True,1,0.6750003269740509,0.06224987714688613,True,55.57879593555212,0.283224235844898,-0.13256960213238211,13.857842486438217
2018-01-12,39.22999954223633,39.470001220703125,38.95000076293945,39.43999862670898,38.70581817626953,1082900.0,0.009470308792616,0.0094257465428914,0.5200004577636719,50.46940881588891,PWR,1082900.0,41914530.503082275,0.8089373246601104,-32.939063661134504,0.9470308792616011,1.343468455815987,2.314126448604853,음봉,38.15428009033203,38.20825710296631,37.074103673299156,False,True,0,0.6371429988316122,0.062157941092107594,False,50.46940881588891,0.2979571934080667,-0.09426931565537078,31.65773141127181
2018-01-16,39.68999862670898,39.790000915527344,38.560001373291016,38.68999862670898,37.96977996826172,1248700.0,-0.0190162162353947,-0.0191993498647106,1.229999542236328,42.80010355033037,PWR,1248700.0,47412864.24636841,0.928501202111751,15.310739680487572,-1.9016216235394734,3.239417092394171,2.542719665445143,음봉,38.073805236816405,38.26959381103516,37.095203463236494,False,True,0,0.6757142203194749,0.054877997968211065,True,42.80010355033037,0.24738928666168647,-0.11586977792140085,-4.422624178857213
2018-01-17,39.0,39.02999877929688,38.33000183105469,38.72999954223633,38.00904083251953,1039900.0,0.0010340029436732,0.0010334687308495,0.6999969482421946,42.22220477201958,PWR,1039900.0,39525601.56173706,0.7763473327084353,-16.721390245855694,0.10340029436732845,1.8416590708684648,2.713263107132631,음봉,38.09146957397461,38.31915416717529,37.12071959177653,False,True,0,0.7071426936558315,0.052758367983725775,False,42.22220477201958,0.2080832259702916,-0.12414067089023662,-2.4980692742528223
2018-01-18,38.7599983215332,39.0,38.459999084472656,38.52999877929688,37.81275939941406,1190100.0,-0.0051640722524504,-0.0051774521566368,0.5400009155273438,40.74074915970335,PWR,1190100.0,45000964.961242676,0.8843494968819775,14.443696509279746,-0.5164072252450413,1.4280917978594059,1.9757338584855118,음봉,38.16801986694336,38.326514053344724,37.13838450113932,False,True,0,0.7192856924874442,0.05274823673144688,False,40.74074915970335,0.15925878232081203,-0.138372091631773,-12.119721825896264
2018-01-19,38.66999816894531,39.0,38.369998931884766,38.9900016784668,38.264198303222656,1175600.0,0.011938798198779,0.0118680929483584,0.6300010681152344,46.87497543809506,PWR,1175600.0,44983391.525268555,0.8720821793929804,-1.2183850096630588,1.1938798198779077,1.6464504577433547,2.267062185217124,음봉,38.1523193359375,38.38490715026855,37.16308275858561,False,True,0,0.7321428571428571,0.043975212964424866,False,46.87497543809506,0.155203318428363,-0.11394204441937766,10.009667653378198
2018-01-22,38.900001525878906,39.27000045776367,38.84999847412109,39.09000015258789,38.362342834472656,907600.0,0.0025649180069646,0.0025616342186733,0.4200019836425852,49.81215093391162,PWR,907600.0,34817662.35656738,0.6724979270680804,-22.796869683565834,0.2564918006964678,1.0948288154736177,1.6616138606063566,음봉,38.083624267578124,38.4118953704834,37.18287398020426,False,True,0,0.7228570665631976,0.04394431595400578,False,49.81215093391162,0.15808645526842469,-0.08884712606345277,14.820680924429668
2018-01-23,39.02999877929688,39.18000030517578,38.59000015258789,38.869998931884766,38.14644241333008,1367100.0,-0.005627925856201,-0.0056438223016564,0.5900001525878906,46.58055300890068,PWR,1367100.0,52150001.42326355,1.0109502502511902,50.62802996914941,-0.5627925856201088,1.5466714987338324,1.740394083085733,음봉,38.1189567565918,38.38588905334473,37.2074089050293,False,True,0,0.7249998365129748,0.04397408808760294,False,46.58055300890068,0.1413209424990498,-0.08449011106626214,4.2373119061732885
2018-01-24,39.18999862670898,39.310001373291016,38.68000030517578,38.970001220703125,38.24456787109375,1790900.0,0.002572335755467,0.0025690329625632,0.6300010681152344,44.42313212376362,PWR,1790900.0,68492196.6003418,1.3077808455445132,30.999926852461424,0.25723357554670034,1.6472955590417477,2.7356580256465377,음봉,38.16606216430664,38.364298820495605,37.22605520884196,False,True,0,0.7221429007393978,0.04399883533518281,False,44.42313212376362,0.13440274601987312,-0.07312664603635105,9.047390201076002
2018-01-25,39.2400016784668,39.2400016784668,38.36000061035156,38.88999938964844,38.16605758666992,1451000.0,-0.0020528479936929,-0.0020549579742763,0.8800010681152344,40.24155994888183,PWR,1451000.0,55378949.55825806,1.053657423309489,-18.979284158802834,-0.20528479936929855,2.305716450060035,2.6028109684183987,음봉,38.23672180175781,38.33436603546143,37.24093952178955,False,True,0,0.739285877772741,0.04403319113171859,False,40.24155994888183,0.12118792271583345,-0.06907317547231259,5.7327730191394854
2018-01-26,39.0,39.13999938964844,38.7400016784668,39.13999938964844,38.41139602661133,1343800.0,0.006428183979555,0.0064076113210737,0.3999977111816406,46.201115668607,PWR,1343800.0,51617233.9805603,0.9716881623302317,-7.388008270158508,0.6428183979555024,1.0413516626798025,2.185036826075914,음봉,38.266161346435545,38.317681884765626,37.25860436757406,False,True,0,0.7178570883614687,0.04405236390941083,False,46.201115668606995,0.12902452732803482,-0.048989256688088983,20.31183504627251
2018-01-29,39.11000061035156,39.59000015258789,38.77000045776367,38.869998931884766,38.14644241333008,890500.0,-0.0068977866125379,-0.0069216863093607,0.8199996948242188,47.56878159260858,PWR,890500.0,33969406.969070435,0.6441451526789865,-33.73269831820211,-0.6897786612537926,2.149609879577326,1.818743019015093,음봉,38.22298126220703,38.29511032104492,37.27725092569987,False,True,0,0.7035713195800791,0.0440783288623955,False,47.56878159260858,0.11255805150800313,-0.052364586006496544,4.996593231887349
2018-01-30,38.58000183105469,38.68999862670898,38.04999923706055,38.400001525878906,37.68518829345703,1306900.0,-0.0120916680741862,-0.0121653669903399,0.6399993896484304,47.46837259611632,PWR,1306900.0,49250772.580718994,0.9420607905169998,46.76024705221786,-1.2091668074186268,1.6982783386000708,1.1365657982645958,음봉,38.13073043823242,38.260271835327146,37.294588915507,False,True,0,0.696428571428572,0.04411846507044822,False,47.46837259611632,0.06157905318040946,-0.08267486746727218,-20.96612595942832
2018-01-31,38.95000076293945,39.09000015258789,38.290000915527344,38.4900016784668,37.77350997924805,1177700.0,0.0023436710758415,0.0023409289623579,0.7999992370605469,54.04179185941187,PWR,1177700.0,44485862.702560425,0.8466677089050905,-9.885989746728896,0.2343671075841547,2.1178842990763878,3.356258855954876,음봉,38.03651885986328,38.223470306396486,37.326156806945804,False,True,0,0.7014285496303019,0.04416094229597618,False,54.04179185941187,0.02798209149761277,-0.09301746332005509,-15.890171902370154
2018-02-01,38.400001525878906,38.58000183105469,38.119998931884766,38.2599983215332,37.54778671264648,1406300.0,-0.0059757027272704,-0.0059936286879635,0.4600028991699219,38.843022110285794,PWR,1406300.0,52803452.45399474,1.0151870885684329,19.41071580198692,-0.5975702727270438,1.2251132208945572,1.6585473443559797,음봉,37.912864685058594,38.160171318054196,37.368683687845866,False,True,0,0.6614287240164626,0.04423419518963537,False,38.843022110285794,-0.0166656130425622,-0.11013213428818405,-28.862760917368448
2018-02-02,38.0,38.0,36.06999969482422,36.09000015258789,35.41816711425781,2779700.0,-0.0567175800450413,-0.058389550248688,1.9300003051757808,19.15269209458947,PWR,2779700.0,98451879.12750244,1.9879184086763149,97.66052762568442,-5.6717580045041345,5.4491817686377315,1.2043673594247106,음봉,37.31421890258789,37.975180053710936,37.365085220336915,False,False,0,0.7621429988316132,0.08838282675733204,True,19.15269209458947,-0.2213402713082644,-0.251845434043109,-17.522375448124237
2018-02-05,35.77000045776367,36.25,34.2400016784668,34.400001525878906,33.759639739990234,2300000.0,-0.046827024360612,-0.0479588853560663,2.009998321533203,16.326421022634705,PWR,2300000.0,77647171.40197754,1.6490269716626833,-17.25725797747958,-4.682702436061204,5.95385003220945,0.993369708745393,음봉,36.436858367919925,37.72443599700928,37.335479990641275,False,False,0,0.8178571973528186,0.1311133832901152,True,16.326421022634705,-0.5114796913006572,-0.43358788322840136,-8.978730382824589
2018-02-06,33.709999084472656,35.36000061035156,33.099998474121094,35.18000030517578,34.52511978149414,2047200.0,0.0226744138088994,0.0224211702406376,2.2600021362304688,25.03503010429486,PWR,2047200.0,70679825.2166748,1.4655741169812992,-10.991304347826091,2.267441380889945,6.545964649894874,-0.1470414255006872,양봉,35.80484466552734,37.53208427429199,37.31650657653809,False,False,0,0.929286139351981,0.1317853386487048,True,25.03503010429486,-0.6719041373707313,-0.47520986343878036,21.958720166459475
2018-02-07,35.0,35.599998474121094,34.41999816894531,34.45000076293945,33.80872344970703,2807800.0,-0.0207500027898848,-0.0209683092851979,1.1800003051757812,23.298359794982005,PWR,2807800.0,94928133.7020874,1.9801748996990973,37.15318483782728,-2.0750002789884814,3.4902243704383538,1.3754629137026213,음봉,35.01188735961914,37.326484489440915,37.29916909535726,False,False,0,0.9750003814697266,0.1325112317415934,False,23.298359794982005,-0.8470842040653892,-0.5203119441067505,10.920258741032672
2018-02-08,34.47999954223633,34.4900016784668,33.5,33.5099983215332,32.88620376586914,2003400.0,-0.0272864394069833,-0.0276656280164863,0.9900016784667968,16.25599515935312,PWR,2003400.0,65884220.62454224,1.4078455693548062,-28.648764156991234,-2.7286439406983387,3.0103860132809475,1.985511501278271,음봉,34.07957077026367,37.09929428100586,37.26105868021647,False,False,0,1.0007147107805525,0.1568659060282967,False,16.25599515935312,-1.048271476635847,-0.5771993733417666,-3.2942165325057378
2018-02-09,34.040000915527344,34.22999954223633,32.70000076293945,33.529998779296875,32.90583801269531,2084800.0,0.0005970359779425,0.0005968578228695,1.529998779296875,15.422723695075804,PWR,2084800.0,68602091.08886719,1.4540124652666304,4.063092742338026,0.05970359779425838,4.64962715341451,3.508453447143293,음봉,33.57710494995117,36.827451133728026,37.20888169606527,False,False,0,1.0800001961844303,0.15802381732225174,True,15.422723695075803,-1.192384454240404,-0.5770498807570589,2.9874784904206244
2018-02-12,33.72999954223633,34.2599983215332,33.47999954223633,33.97999954223633,33.34745407104492,1535700.0,0.0134205990493003,0.0133313405249852,0.779998779296875,20.435088735202584,PWR,1535700.0,51211685.21690369,1.0678119309088903,-26.338257866462012,1.3420599049300375,2.339005483402512,2.504605806492599,음봉,33.49466781616211,36.559532928466794,37.179930750528975,False,False,0,1.0935715266636434,0.15112863371512167,False,20.435088735202584,-1.2564764240139112,-0.5129134804244527,9.397000950075629
2018-02-13,33.75,34.0099983215332,33.4900016784668,33.720001220703125,33.09230041503906,1020100.0,-0.0076513683911901,-0.0076807902849019,0.5199966430664062,18.861130707833624,PWR,1020100.0,33757455.65338135,0.7079751208485174,-33.57426580712378,-0.7651368391190183,1.5713523585386333,1.207126421397796,음봉,33.20810394287109,36.31565895080566,37.1532699584961,False,False,0,1.0857140677315844,0.15214352211608737,False,18.861130707833624,-1.3127262484008781,-0.45533064384913546,5.6937545261470115
2018-02-14,33.439998626708984,34.459999084472656,33.29999923706055,34.43000030517578,33.7890739440918,1345700.0,0.0210554576234924,0.0208368546745971,1.1599998474121094,25.38617575737814,PWR,1345700.0,45469956.80656433,0.9393545885155536,31.918439368689345,2.105545762349248,3.4330619694741342,1.0506921770597357,양봉,33.20417404174805,36.10466060638428,37.12808113098144,False,False,0,1.105713980538504,0.15303266027004792,False,25.38617575737814,-1.2862537068035422,-0.3430864818014395,15.806578775443313
2018-02-15,34.77000045776367,34.83000183105469,34.119998931884766,34.83000183105469,34.181644439697266,933300.0,0.0116182673800124,0.0115512935589074,0.7100028991699219,26.60158689963704,PWR,933300.0,31901728.755569458,0.6580862437154996,-30.645760570706692,1.1618267380012481,2.0771466990785017,2.903087889579156,음봉,33.46326217651367,35.92310485839844,37.108780733744304,False,False,0,1.1278572082519527,0.15380608893694936,False,26.60158689963704,-1.2195387847424755,-0.2210972477922981,21.5042642671905
2018-02-16,34.72999954223633,35.45000076293945,34.720001220703125,35.06999969482422,34.41716003417969,1123600.0,0.0068901189027905,0.0068664905064266,0.7299995422363281,29.30270489307837,PWR,1123600.0,38671121.0144043,0.7974602688212624,20.390013929068896,0.6890118902790565,2.1210336399382324,1.6042385073265337,음봉,33.765526580810544,35.73075294494629,37.08588161468506,False,False,0,1.121428625924246,0.15463408423705394,False,29.30270489307837,-1.1345838122317318,-0.10891382022524354,26.87260462061967
2018-02-20,34.90999984741211,35.33000183105469,34.7599983215332,34.95000076293945,34.29940414428711,1451100.0,-0.0034214295942963,-0.0034272960695075,0.5700035095214844,30.46424230631918,PWR,1451100.0,49771865.353775024,1.0328382254749884,29.147383410466364,-0.3421429594296366,1.6618466814282074,1.4319595595423404,음봉,33.95591659545899,35.52760601043701,37.05415013631185,False,False,0,1.1164289202008928,0.15551828229346615,False,30.46424230631918,-1.0644875507719291,-0.031054047012352815,25.02978926631246
2018-02-21,34.91999816894531,35.72999954223633,34.810001373291016,34.84000015258789,34.19145584106445,2165900.0,-0.0031472355253913,-0.0031521984869256,0.9199981689453124,29.378482437053705,PWR,2165900.0,74055274.2061615,1.531618062204582,49.259182688994564,-0.3147235525391312,2.6907253473552912,1.8093434569520617,음봉,34.17574768066406,35.32985668182373,37.027489280700685,False,False,0,1.125000272478376,0.15638875386620948,False,29.378482437053705,-1.0060491758024241,0.02190746236572183,25.364877673450298
2018-02-22,36.25,37.220001220703125,35.81999969482422,35.900001525878906,35.231719970703125,3045900.0,0.0304246807879207,0.0299710287091211,1.4000015258789062,37.80988624303252,PWR,3045900.0,107312295.85876465,2.1197834391245656,40.62976130015237,3.042468078792071,3.9736962232984228,6.020639099149456,음봉,34.46427688598633,35.179214286804196,37.02372722625732,False,False,0,1.1921430315290178,0.1570584327352274,False,37.809886243032516,-0.865815143182175,0.12971319598877673,47.76829381522323
2018-02-23,36.13999938964844,36.13999938964844,34.779998779296875,35.66999816894531,35.00600051879883,2007700.0,-0.0064067111140754,-0.0064273221675967,1.3600006103515625,47.28690501719303,PWR,2007700.0,70281547.2415924,1.3834515330229953,-34.085163662628446,-0.6406711114075425,3.8850499634233238,2.5780161164444726,음봉,34.62914810180664,35.02121143341064,37.01571254730224,False,False,0,1.1514287676130022,0.1577670227441387,False,47.28690501719303,-0.764084445489928,0.18515511494481907,51.01768854687899
2018-02-26,35.650001525878906,35.95000076293945,35.310001373291016,35.65999984741211,34.99617385864258,1648400.0,-0.0002807135922588,-0.0002807529996943,0.6399993896484375,60.39598054157237,PWR,1648400.0,57687692.988586426,1.1247039303750377,-17.896100014942473,-0.028071359225889658,1.8287696027386853,1.8396874751065562,음봉,34.74495086669922,34.850450325012204,36.99281330108643,False,False,0,1.0535717010498047,0.15093746561104432,False,60.39598054157237,-0.6764572854815185,0.21822581996258295,50.80028458313887
2018-02-27,35.650001525878906,36.09999847412109,35.029998779296875,35.040000915527344,34.38772201538086,1702700.0,-0.0173862390134245,-0.0175391546778585,1.0699996948242116,48.81352068581126,PWR,1702700.0,58551974.27558899,1.145212414445442,3.294103372967716,-1.738623901342451,3.1115748066871793,1.868283286845257,음봉,34.76261444091797,34.66251430511475,36.95012296040853,True,False,0,0.9685715266636434,0.1409968754822192,False,48.81352068581126,-0.6486320816840561,0.1968408190080364,37.33896198046909
2018-02-28,35.18000030517578,35.290000915527344,34.439998626708984,34.439998626708984,33.79889297485352,2337900.0,-0.0171232348645823,-0.017271532782035,0.8500022888183594,49.91319789465323,PWR,2337900.0,79018431.88591005,1.5506400477548583,37.305456040406405,-1.7123234864582337,2.5148820390382713,2.3039568874046195,음봉,34.68410186767578,34.46819953918457,36.89352957407633,True,False,0,0.9450002397809705,0.1417917465582401,False,49.91319789465323,-0.666412006936838,0.14324871500420355,24.31177213769046
2018-03-01,34.31999969482422,34.619998931884766,33.720001220703125,33.86000061035156,33.229698181152344,2162300.0,-0.016840634222093,-0.0169840501259514,0.8999977111816406,53.23486534237588,PWR,2162300.0,71852576.37710571,1.417038805411225,-7.511014158005047,-1.6840634222093032,2.7084137396472445,1.5417863548323933,음봉,34.283697509765624,34.24100894927979,36.8357915242513,True,False,0,0.9385713849748879,0.13614035011884154,False,53.23486534237588,-0.7181535614678936,0.07320572837851846,11.71896824264848
2018-03-02,33.52000045776367,34.29999923706055,33.34000015258789,34.2400016784668,33.602622985839844,1888300.0,0.0112226359280933,0.0111601293736106,0.9599990844726562,56.152578614149,PWR,1888300.0,63451832.98416138,1.232639489714612,-12.67169217962355,1.122263592809336,2.8569171069687034,0.8736229713214355,양봉,34.003022003173825,34.04375076293945,36.76120637257894,False,False,0,0.8978571210588723,0.07437380698794817,False,56.152578614149,-0.720758743003266,0.05648043747451692,7.719989684752409
2018-03-05,34.0099983215332,34.54999923706055,33.95000076293945,34.220001220703125,33.582984924316406,1419500.0,-0.0005844204939511,-0.0005845913341729,0.5999984741210938,52.24718896652528,PWR,1419500.0,47671047.10006714,0.9312432508984051,-24.82656357570301,-0.058442049395113216,1.786614487882086,1.2123319535651353,음봉,33.720384216308595,33.951991653442384,36.69250939687093,False,False,0,0.8849999564034593,0.06908331707828319,False,52.24718896652528,-0.7161526338091662,0.04886923733489357,7.219018981028702
2018-03-06,34.33000183105469,35.0099983215332,34.209999084472656,34.68000030517578,34.03443145751953,1686100.0,0.0134427161320089,0.0133531644758593,0.7999992370605469,58.66429513625775,PWR,1686100.0,57385454.88052368,1.109371312079773,18.781261007396964,1.344271613200898,2.350558545568993,2.224391037371396,음봉,33.64972610473633,33.96573123931885,36.63346271514892,False,False,0,0.9050001416887551,0.0690553719661659,False,58.66429513625775,-0.6683697463638723,0.07732169982415005,18.735506347283245
2018-03-07,34.34000015258789,35.38999938964844,34.34000015258789,35.16999816894531,34.51530075073242,1898500.0,0.0141289063051661,0.0140300236227928,1.0499992370605469,56.9549232012462,PWR,1898500.0,65527298.4752655,1.2602814639666695,12.597117608682762,1.4128906305166167,3.0421268661211522,0.897822240544134,양봉,33.79300765991211,33.96524028778076,36.579813639322914,False,False,0,0.897142955235072,0.0690563701290169,False,56.954923201246196,-0.5849563183214954,0.1285881022932216,30.291244190699416
2018-03-08,35.22999954223633,35.400001525878906,34.900001525878906,35.16999816894531,34.51530075073242,1745200.0,0.0,0.0,0.5,53.45515480370251,PWR,1745200.0,60236102.87017822,1.159146545889289,-8.074795891493281,0.0,1.4486328935997752,2.0706723567771324,음봉,34.05012817382813,34.00056915283203,36.5106258392334,True,False,0,0.8821427481515062,0.06898461594248395,False,53.45515480370251,-0.5129377485638287,0.1604853376407107,30.291244190699416
2018-03-09,35.459999084472656,36.06999969482422,35.349998474121094,35.9900016784668,35.320037841796875,1020500.0,0.0233153724163153,0.0230477213922605,0.720001220703125,58.36368776281847,PWR,1020500.0,36044098.61755371,0.6802174444353926,-41.52532661013064,2.3315372416315316,2.0385063683343314,2.7370421615700034,음봉,34.393611145019534,34.122260856628415,36.45861237843831,True,False,0,0.8814285823277059,0.07075146161168253,False,58.36368776281847,-0.38647194734611645,0.22956091108673837,51.031885157980525
2018-03-12,35.9900016784668,36.20000076293945,35.689998626708984,35.959999084472656,35.29060745239258,898300.0,-0.0008332490903922,-0.0008335964353789,0.5100021362304688,59.33462950030034,PWR,898300.0,31701552.674484253,0.599452798291663,-11.974522292993628,-0.08332490903922851,1.445149780769479,1.8968378224020557,음봉,34.73513565063477,34.24149932861328,36.40692609151204,True,False,0,0.8771427699497762,0.06505957596594623,False,59.33462950030034,-0.28533253930925895,0.2645602552988767,50.27337017595778
2018-03-13,36.119998931884766,36.380001068115234,35.27000045776367,35.459999084472656,34.79990768432617,1355400.0,-0.0139045429787051,-0.0140021166706967,1.1100006103515625,55.344768425313575,PWR,1355400.0,47167794.87533569,0.9045725351277141,50.88500500946231,-1.3904542978705137,3.189665387680052,2.3501762632197414,음봉,34.888230895996095,34.31412200927734,36.36063734690348,True,False,0,0.8907143729073655,0.06492188336206038,False,55.344768425313575,-0.24198475053002255,0.24632643526249048,37.626472418664875
2018-03-14,35.619998931884766,35.66999816894531,35.0099983215332,35.06999969482422,34.41716003417969,1435800.0,-0.010998524870193,-0.0110594558238264,0.6599998474121094,41.91024483090968,PWR,1435800.0,49416158.377075195,0.9598540726898821,5.931828242585224,-1.0998524870193038,1.9176476117049268,2.3565902961517384,음봉,34.86860275268555,34.380364990234376,36.321872584025066,True,False,0,0.8378571101597372,0.06080039177124166,False,41.910244830909676,-0.23579772285962974,0.20201077034630666,35.43288017085823
2018-03-15,35.25,36.15999984741211,34.810001373291016,35.0,34.34846496582031,3586200.0,-0.0019959540035016,-0.0019979485741831,1.3499984741210938,43.25948983462445,PWR,3586200.0,123180465.0604248,2.339419417968325,149.77016297534473,-0.199595400350161,3.930302199718266,2.419839303978652,음봉,34.835235595703125,34.4083345413208,36.27738310496012,True,False,0,0.8371426718575609,0.06075096887163349,True,43.25948983462445,-0.23374313144443448,0.16325228940920156,33.17317465535977
2018-03-16,34.959999084472656,35.59000015258789,34.88999938964844,35.36000061035156,34.70177459716797,2128700.0,0.0102860384503129,0.0102334971442578,0.7000007629394531,47.18060975547384,PWR,2128700.0,73869667.58499146,1.381173710467449,-40.641905080586696,1.028603845031295,2.017190103576376,1.7803826728818097,음봉,34.71158294677734,34.43434104919434,36.227986653645836,True,False,0,0.8414284842354905,0.060705086752152006,False,47.18060975547384,-0.20128542533990412,0.15656799641098557,44.79519850222984
2018-03-19,35.25,35.439998626708984,34.630001068115234,34.939998626708984,34.28959274291992,1572200.0,-0.0118778321579463,-0.0119489372165082,0.80999755859375,49.02353180544126,PWR,1572200.0,53910097.7104187,1.0178300030314396,-26.142716211772445,-1.1877832157946355,2.362225660323707,1.5798195025933117,음봉,34.51138000488281,34.427962684631346,36.18120759328206,True,False,0,0.8228569030761719,0.06071633340004924,False,49.02353180544126,-0.20644235137648081,0.12112885629952713,31.23658895896441
2018-03-20,35.04999923706055,35.189998626708984,34.939998626708984,35.099998474121094,34.44660568237305,1213900.0,0.0045790260803124,0.0045685742344283,0.25,57.051257560228414,PWR,1213900.0,41814734.63783264,0.8036411784177425,-22.789721409489882,0.4579026080312465,0.7257609132963994,2.2176014158046042,음봉,34.44071960449219,34.435322761535645,36.12494138081868,True,False,0,0.7799995967320034,0.060703356118370605,False,57.051257560228414,-0.19560480992310403,0.10557311820232318,36.40148672761815
2018-03-21,35.189998626708984,36.27000045776367,35.189998626708984,35.81999969482422,35.1532096862793,1391400.0,0.0205130226885557,0.0203054642726272,1.0800018310546875,70.33182556073737,PWR,1391400.0,48912175.95748901,0.9213755959738655,14.622291786802876,2.0513022688555704,3.0722708984273055,2.1581021688773974,음봉,34.58792953491211,34.48341045379639,36.066385396321614,True,False,0,0.7928570338657924,0.060618704273619754,False,70.33182556073737,-0.12851747303209038,0.1381283640746695,59.6450324876587
2018-03-22,35.400001525878906,35.84000015258789,34.31999969482422,34.38999938964844,33.74982452392578,1546200.0,-0.0399219637375324,-0.0407407100505234,1.520000457763672,51.277623120382906,PWR,1546200.0,52183978.67889404,1.0197905783279348,11.125485122897793,-3.992196373753243,4.503728476235838,0.702046390079524,음봉,34.4682014465332,34.40931568145752,35.98427626291911,True,False,0,0.8328571319580078,0.06074923663102585,True,51.277623120382906,-0.1864425357350612,0.06416264109735892,-8.237704274658169
2018-03-23,34.5,34.61000061035156,33.130001068115234,33.209999084472656,32.59178924560547,1490500.0,-0.0343123347944924,-0.0349148249959778,1.479999542236328,42.816542554014994,PWR,1490500.0,48578061.87057495,0.9815073998622358,-3.602380028456864,-3.431233479449247,4.541019614122243,2.222753708074564,음봉,34.0462043762207,34.28860511779785,35.88139419555664,False,False,0,0.895714351109096,0.07956720860526581,True,42.816542554014994,-0.3220796009582685,-0.057179539300678706,-16.56036376953125
2018-03-26,33.779998779296875,34.34000015258789,33.220001220703125,34.25,33.6124267578125,1867600.0,0.031315786455162,0.0308354495582892,1.1199989318847656,47.17471097394909,PWR,1867600.0,62774568.212890625,1.224927306288045,25.300234820530033,3.1315786455162087,3.3320977980991673,3.6457327480160333,음봉,33.910771179199216,34.21941776275635,35.79584999084473,False,False,0,0.9185714721679688,0.07972808348483272,False,47.17471097394909,-0.3432591570572754,-0.06268727631974846,14.843867375300482
2018-03-27,34.43000030517578,34.52000045776367,33.81999969482422,34.0,33.367088317871094,1981400.0,-0.0072990397780303,-0.0073258081037921,0.7000007629394531,42.06247867264333,PWR,1981400.0,66113548.793029785,1.285834805494466,6.0933818804883355,-0.729903977803037,2.0978778737626302,2.4323550133828213,음봉,33.69486770629883,34.16838607788086,35.70867023468018,False,False,0,0.8935715811593192,0.07984716017820803,False,42.06247867264333,-0.3755121987021681,-0.07595225437171294,7.294992300180289
2018-03-28,34.09000015258789,34.18000030517578,33.709999084472656,33.869998931884766,33.239505767822266,1856300.0,-0.0038236045301111,-0.0038309331931498,0.470001220703125,41.333382396537104,PWR,1856300.0,61702494.55680847,1.187766543604223,-6.313717573432931,-0.3823604530111102,1.4139837817868908,2.1665415568478363,음봉,33.31212692260742,34.1404167175293,35.622962697347006,False,False,0,0.8914288112095424,0.07991257455245399,False,41.333382396537104,-0.40667985983863986,-0.08569593240654771,3.3693753756009617
2018-03-29,34.13999938964844,34.61000061035156,34.06999969482422,34.349998474121094,33.710567474365234,1125500.0,0.0141717421983746,0.0140722618316565,0.5400009155273438,38.54750210774842,PWR,1125500.0,37941243.69239807,0.7165790478962399,-39.368636535042825,1.4171742198374693,1.6018742963552317,2.709106531595608,음봉,33.30427551269531,34.16446018218994,35.54297981262207,False,False,0,0.8785716465541294,0.07985633554993654,False,38.54750210774842,-0.38888686721747945,-0.0543223518283098,17.863581730769234
2018-04-02,34.2400016784668,34.349998474121094,33.0099983215332,33.529998779296875,32.90583801269531,1282400.0,-0.0238717269379066,-0.0241612738871392,1.3400001525878906,34.716976334957096,PWR,1282400.0,42198446.66748047,0.810641429693779,13.940470901821422,-2.3871726937906623,4.072226186948677,1.5705288987026513,음봉,33.36708526611328,34.12962093353271,35.44451433817546,False,False,0,0.9378572191510882,0.07993785226928417,False,34.716976334957096,-0.43470967202394917,-0.08011612530782358,-3.090807832234958
2018-04-03,33.630001068115234,34.189998626708984,33.400001525878906,34.16999816894531,33.53392791748047,1068400.0,0.019087491543076,0.0189076107541014,0.7899971008300781,42.02724395549061,PWR,1068400.0,35827648.58703613,0.6717699567251648,-16.68746101060512,1.9087491543076096,2.355814394228094,2.2007130015668785,음봉,33.351385498046874,34.12716808319092,35.351446596781415,False,False,0,0.9149998256138393,0.07994359770904005,False,42.02724395549061,-0.41555273555585615,-0.048767351071784426,16.07144946699587
2018-04-04,33.54999923706055,34.56999969482422,33.54999923706055,34.5099983215332,33.86759567260742,1140100.0,0.0099501542422359,0.0099009773998965,1.020000457763672,46.517482328153655,PWR,1140100.0,38612445.82633972,0.7150367541652066,6.710969674279288,0.9950154242235998,3.0117297596908017,0.04792555056367409,양봉,33.45148696899414,34.11882629394531,35.26966451009115,False,False,0,0.9407141549246651,0.07996314330061108,False,46.517482328153655,-0.3691907252581217,-0.0019242726192399418,26.306649972501432
2018-04-05,34.70000076293945,34.95000076293945,34.439998626708984,34.599998474121094,33.955909729003906,875500.0,0.002607626985104,0.0026042330246988,0.5100021362304688,47.51859857461566,PWR,875500.0,29728398.96774292,0.5496226336128124,-23.208490483290944,0.26076269851040834,1.5019539759078917,2.4578216250682714,음봉,33.59476776123047,34.09085674285889,35.19606043497721,False,False,0,0.8807144165039062,0.08002874837585008,False,47.51859857461566,-0.3216149152523897,0.03652122990919365,29.01566833218268
2018-04-06,34.27000045776367,34.5099983215332,33.119998931884766,33.720001220703125,33.09230041503906,1290400.0,-0.0254332550904144,-0.0257622709386135,1.3899993896484375,40.44283605715171,PWR,1290400.0,42702304.455566406,0.8095131879774716,47.390062821245,-2.5433255090414497,4.200370999342013,0.9249957702988023,음봉,33.47111434936524,34.01970672607422,35.115586789449054,False,False,0,0.9300000326974052,0.08019612332814013,True,40.44283605715171,-0.34956720407982544,0.006855152865406389,2.5246024409365893
2018-04-09,33.95000076293945,34.040000915527344,33.41999816894531,33.459999084472656,32.83713150024414,636000.0,-0.0077108243184857,-0.0077407064339292,0.6200027465820312,41.21130591581962,PWR,636000.0,20884415.634155273,0.4021155525225053,-50.712957222566644,-0.7710824318485798,1.888114820801024,2.5918426254543543,음봉,33.457373046875,33.895561408996585,35.039038848876956,False,False,0,0.916428974696568,0.07962158154639053,False,41.21130591581962,-0.3878388286538552,-0.025133177366898685,-5.30265975497022
2018-04-10,34.0,34.27000045776367,33.7400016784668,34.16999816894531,33.53392791748047,1204400.0,0.0212197711980763,0.0209977669479475,0.529998779296875,44.816110179190254,PWR,1204400.0,40388262.78381348,0.7623964326407743,89.37106918238993,2.1219771198076387,1.5804852345394311,3.5413218104852233,음봉,33.457373046875,33.80772743225098,34.95889263153076,False,False,0,0.9364288875034877,0.07576434842616347,False,44.816110179190254,-0.35781900461005023,0.003909317341525109,16.07144946699587
2018-04-11,33.84000015258789,34.150001525878906,33.599998474121094,33.97999954223633,33.34745407104492,786100.0,-0.0055607516928651,-0.0055762702291162,0.5500030517578125,39.0994837218085,PWR,786100.0,26214433.645248413,0.5024909291622361,-34.730986383261374,-0.5560751692865185,1.6493104708565194,0.912724080103582,음봉,33.3533447265625,33.73510475158692,34.86958656311035,False,False,0,0.8985718318394252,0.07592744885587877,False,39.0994837218085,-0.3450968965465435,0.013305140324025466,11.924223716348461
2018-04-12,34.189998626708984,34.5,34.099998474121094,34.310001373291016,33.67131805419922,631700.0,0.0097118053589435,0.0096649489068451,0.4000015258789062,49.45507117437722,PWR,631700.0,21270171.614837646,0.4080937658622122,-19.641267014374762,0.9711805358943559,1.1879592157189738,2.526563358837132,음봉,33.296426391601564,33.69781265258789,34.79794553120931,False,False,0,0.8185719081333706,0.07601147490138707,False,49.455071174377224,-0.3053614012987609,0.042432508457446505,34.08860311467674
2018-04-13,34.529998779296875,34.58000183105469,34.04999923706055,34.150001525878906,33.51429748535156,1007400.0,-0.0046633330062965,-0.0046742402663279,0.5300025939941406,57.43675849216746,PWR,1007400.0,33762303.286743164,0.6548841682307989,59.47443406680386,-0.46633330062965106,1.5814223592954448,2.55018447366829,음봉,33.38082580566406,33.656104278564456,34.72303314208985,False,False,0,0.7507149832589286,0.07610567222734672,False,57.43675849216746,-0.28327555836258256,0.05161468111489992,25.99476954538304
2018-04-16,34.400001525878906,34.75,34.22999954223633,34.540000915527344,33.897029876708984,769600.0,0.0114199735657507,0.0113552579023554,0.5200004577636719,52.55733409566274,PWR,769600.0,26087154.193115234,0.501919278500354,-23.60532062735755,1.1419973565750752,1.5340590596138626,2.6427647511169448,음봉,33.59280548095703,33.6158670425415,34.65777098337809,False,False,0,0.7078579493931362,0.07619676855076513,False,52.55733409566274,-0.2322122649184024,0.08214237964726406,45.723218499292116
2018-04-17,34.7599983215332,35.060001373291016,34.619998931884766,34.68000030517578,34.03443145751953,1358900.0,0.0040534991210234,0.0040453058270052,0.44000244140625,56.11510690775676,PWR,1358900.0,46249388.90762329,0.8852402568530333,76.57224532224531,0.4053499121023485,1.2928156063233909,2.5458526837396267,음봉,33.69290618896484,33.603108978271486,34.58727486928304,True,False,0,0.689286640712193,0.07622569811412686,False,56.11510690775676,-0.1785983075978308,0.10860506957426858,49.97227370505177
2018-04-18,34.79999923706055,34.83000183105469,34.22999954223633,34.58000183105469,33.93628692626953,1314600.0,-0.0028836835829768,-0.0028878494090238,0.6000022888183594,56.41949145096386,PWR,1314600.0,44612642.793273926,0.8539558709350128,-3.2599896975494924,-0.2883683582976859,1.76802574224438,2.2493920032028973,음봉,33.810672760009766,33.57759304046631,34.51350727081299,True,False,0,0.6985724312918526,0.07628362275958588,False,56.41949145096386,-0.14238695540824153,0.11585313741108627,45.184742722312784
2018-04-19,34.58000183105469,34.58000183105469,34.06999969482422,34.279998779296875,33.641876220703125,930200.0,-0.008675395343222,-0.0087132456553483,0.5100021362304688,49.34585034369467,PWR,930200.0,31293673.260498047,0.6058756996726762,-29.240833713677162,-0.8675395343222037,1.5159741177473767,1.896833634698164,음봉,33.80478439331055,33.5020263671875,34.43843116760254,True,False,0,0.6964296613420758,0.04306134190518735,False,49.34585034369467,-0.13587934880450092,0.0978885952118615,30.82326626919441
2018-04-20,34.130001068115234,34.4900016784668,33.70000076293945,33.810001373291016,33.18061065673828,1524400.0,-0.0137110534780751,-0.0138059180991574,0.7900009155273438,52.79982586117093,PWR,1524400.0,50580522.885131836,0.9893337563843968,63.87873575575145,-1.3711053478075108,2.380911321072722,1.450944186970519,음봉,33.73804702758789,33.473565673828126,34.35403188069662,True,False,0,0.6571440015520368,0.04309795454632479,False,52.79982586117093,-0.1660284273793451,0.05419161330961389,3.1243117822872426
2018-04-23,33.810001373291016,33.849998474121094,33.459999084472656,33.4900016784668,32.8665771484375,1115700.0,-0.0094643679572247,-0.0095094396967562,0.3899993896484375,42.73497884555009,PWR,1115700.0,36669240.12451172,0.7225390031116141,-26.810548412490164,-0.9464367957224717,1.1866139509662275,1.8968629693526102,음봉,33.53195648193359,33.487305068969725,34.26570720672608,True,False,0,0.6285727364676339,0.03575384626530734,False,42.73497884555009,-0.21280854456164633,0.00592919690185012,-13.06296208903571
2018-04-24,33.75,33.790000915527344,32.65999984741211,32.709999084472656,32.10109329223633,1649200.0,-0.0232906472963085,-0.023566160754249,1.1300010681152344,32.421879744913454,PWR,1649200.0,52941123.05755615,1.0649509854165728,47.8175136685489,-2.3290647296308586,3.5201326566298783,2.687906463677793,음봉,33.14528884887695,33.41173839569092,34.16053549448649,False,False,0,0.636429922921317,0.057864039948682944,True,32.421879744913454,-0.30809870416425866,-0.07148877016060978,-23.287758326366216
2018-04-25,32.709999084472656,33.0099983215332,32.529998779296875,32.779998779296875,32.1697998046875,1513100.0,0.0021403168990443,0.0021380296838256,0.4799995422363281,32.157142203862634,PWR,1513100.0,48676124.084472656,0.9798560929228556,-8.252486053844288,0.214031689904437,1.4920812226080027,1.8968381752393224,음봉,32.79199142456055,33.35187397003174,34.06092478434245,False,False,0,0.6342868804931641,0.057967902104103665,False,32.157142203862634,-0.3737642788805857,-0.1097234759015494,-14.2370990237099
2018-04-26,33.0,33.0,32.369998931884766,32.83000183105469,32.2188606262207,945400.0,0.0015250583413968,0.0015238966209021,0.6300010681152344,39.5784916401995,PWR,945400.0,30459710.836029053,0.6154222902807829,-37.519000726984345,0.15250583413968233,1.955379724391992,2.580681882861859,음봉,32.507388305664065,33.30084171295166,33.96981932322184,False,False,0,0.5800012860979352,0.05805673568098647,False,39.5784916401995,-0.4170385607282654,-0.12239820619938324,-5.618519274839471
2018-04-27,32.72999954223633,33.09000015258789,32.689998626708984,32.91999816894531,32.30718231201172,2014600.0,0.0027413038224926,0.0027375533018166,0.4000015258789062,43.41467946791457,PWR,2014600.0,65086049.48577881,1.3024067677644582,113.09498624920668,0.27413038224926023,1.2381195054889909,1.58645869556183,음봉,32.33270263671875,33.230672454833986,33.878713862101236,False,False,0,0.5642869131905692,0.058179327183671393,False,43.41467946791457,-0.43914473184806724,-0.11560350185534807,-2.3351882104689947
2018-04-30,33.04999923706055,33.16999816894531,32.5,32.5,31.89501190185547,1248700.0,-0.0127578569426343,-0.0128399372594389,0.6699981689453125,28.084025383092893,PWR,1248700.0,39827301.361846924,0.8043082189259818,-38.01747245110691,-1.2757856942634316,2.1006362092197115,2.299231538903505,음봉,32.138389587402344,33.180131149291995,33.784500948588054,False,False,0,0.574286869594029,0.06447893608490797,False,28.084025383092893,-0.48433957405584493,-0.1286386752505006,-17.65749438431693
2018-05-01,32.56999969482422,32.880001068115234,32.189998626708984,32.810001373291016,32.19923400878906,1517400.0,0.0095382346264587,0.0094930328692319,0.69000244140625,35.114490226468206,PWR,1517400.0,48859117.68493652,0.9752833382133446,21.51837911427885,0.9538234626458753,2.1429157017148537,2.1162801100239848,음봉,32.15801773071289,33.11339645385742,33.730852063496904,False,False,0,0.5842868259974888,0.0646088829530152,False,35.114490226468206,-0.4899606689754279,-0.10740781613606681,0.32179000842688416
2018-05-02,32.77000045776367,33.290000915527344,32.70000076293945,32.810001373291016,32.19923400878906,2115100.0,0.0,0.0,0.5900001525878906,29.16650470551143,PWR,2115100.0,68104599.85198975,1.3465671210423187,39.389745617503635,0.0,1.832342199279787,1.7726087795095178,음봉,32.1639045715332,33.029978370666505,33.70484530131022,False,False,0,0.597858156476702,0.06477205439420007,False,29.16650470551143,-0.4887810633543026,-0.08498256841195323,0.32179000842688416
2018-05-03,34.04999923706055,34.369998931884766,32.540000915527344,34.060001373291016,33.42595672607422,3455800.0,0.0380978850910027,0.0373900819266748,1.8299980163574217,49.04033271339109,PWR,3455800.0,115513421.25396729,2.155474240093143,63.38707389721525,3.809788509100276,5.474781264614979,5.747854833336414,음봉,32.4053237915039,33.00348072052002,33.686525917053224,False,False,0,0.6907149723597935,0.0648240582192251,True,49.04033271339109,-0.3844284938864604,0.015496000844711255,43.06470092536227
2018-05-04,34.0099983215332,35.099998474121094,33.61000061035156,34.95000076293945,34.29940414428711,1672800.0,0.0261308128102597,0.0257952364871659,1.4899978637695312,53.94996412527842,PWR,1672800.0,57376043.25256348,1.0549305347706532,-51.59442097343596,2.613081281025975,4.344092560621653,1.7472696451000829,양봉,32.803768157958984,33.06383590698242,33.69470392862956,False,True,0,0.760000501360212,0.07271970043632721,True,53.94996412527842,-0.22861311414525431,0.13704910446873392,72.48816591705459
2018-05-07,35.130001068115234,35.41999816894531,34.84000015258789,35.13999938964844,34.4858512878418,1456700.0,0.0054358712113586,0.0054211501870773,0.5799980163574219,54.38916249214612,PWR,1456700.0,50235539.570999146,0.9264705882352942,-12.918460066953607,0.5435871211358689,1.6818434073625548,2.421607443482276,음봉,33.32193603515625,33.14627189636231,33.721364720662436,True,True,0,0.7700001852852958,0.07816382470061932,False,54.38916249214612,-0.08905698336193524,0.22128418820164242,71.07903982993298
2018-05-08,35.25,35.709999084472656,35.209999084472656,35.529998779296875,34.86860275268555,1062700.0,0.011098797058801,0.0110376573793696,0.5,58.58953641294836,PWR,1062700.0,37054864.14527893,0.6826690023870436,-27.047435985446555,1.1098797058801013,1.4339547917832483,2.2158325331165845,음봉,33.85580978393555,33.21300563812256,33.75407746632894,True,True,0,0.762857164655413,0.08953091699165372,False,58.589536412948355,0.05182964032605497,0.2897366495117061,76.09669822822507
2018-05-09,35.81999969482422,36.130001068115234,35.70000076293945,36.08000183105469,35.40835952758789,1443400.0,0.0154797362753738,0.0153611474082634,0.4300003051757812,65.5708908575283,PWR,1443400.0,51108426.14212036,0.9403092029817997,35.82384492330854,1.54797362753738,1.2144033525211837,2.7285204081353567,음봉,34.49763488769531,33.316050910949706,33.78842589060466,True,True,0,0.7571427481515067,0.10545510436165528,False,65.5708908575283,0.2046777675344842,0.35406782137610826,81.68423620900656
2018-05-10,36.150001525878906,36.36000061035156,35.77000045776367,36.2599983215332,35.58501052856445,922300.0,0.0049889631525834,0.0049765595130092,0.5900001525878906,72.31347526467867,PWR,922300.0,32820055.210494995,0.607629128601546,-36.10225855618678,0.4988963152583459,1.6580019053648767,2.094539278819671,음봉,34.92944564819336,33.41173553466797,33.82997105916341,True,True,0,0.7428569793701172,0.11044019616641126,False,72.31347526467867,0.336189881322305,0.3884639481311432,81.41511479305963
2018-05-11,36.29999923706055,36.54999923706055,36.130001068115234,36.380001068115234,35.70280075073242,1335500.0,0.0033101078352475,0.0033046414877852,0.4199981689453125,77.31586291422991,PWR,1335500.0,47681090.40260315,0.8868020780742926,44.80104087607069,0.33101078352475444,1.1763731699303632,2.0092412447712076,음봉,35.21012496948242,33.52116069793701,33.86186650594075,True,True,0,0.744999749319894,0.11359358594976382,False,77.31586291422991,0.4447915849891473,0.39765252143838836,80.56884477684024
2018-05-14,36.41999816894531,36.650001525878906,36.380001068115234,36.4900016784668,35.81074142456055,1053000.0,0.0030233111004858,0.0030187500860786,0.2700004577636719,90.90932036972534,PWR,1053000.0,37708710.720062256,0.7027912909349787,-21.153126169973792,0.3023311100485815,0.7539650033006409,2.0087987584508413,음봉,35.47510299682617,33.61684627532959,33.88901812235515,True,True,0,0.6835711342947823,0.11648116812131529,False,90.90932036972534,0.5334201919282151,0.3890249027019649,81.18252117112841
2018-05-15,36.310001373291016,36.58000183105469,36.13999938964844,36.5,35.82054138183594,999200.0,0.0002736597145309,0.0002736222765413,0.44000244140625,90.78965762976551,PWR,999200.0,35791884.94873047,0.667031885280383,-5.109211775878442,0.02736597145309716,1.2283522929370596,1.3941625581313846,음봉,35.66549072265625,33.70615177154541,33.912407811482744,True,True,0,0.6807141985212054,0.11646329449256157,False,90.78965762976551,0.5975614595756298,0.36253293627950367,81.4022510120488
2018-05-16,36.54999923706055,36.970001220703125,36.38999938964844,36.7400016784668,36.05607986450195,1168200.0,0.0065755143160803,0.0065539899262528,0.5800018310546875,91.15810147299509,PWR,1168200.0,42120712.49771118,0.7813200672645739,16.913530824659716,0.6575514316080389,1.6086103459786065,2.0364233121124924,음봉,35.79503479003906,33.81214141845703,33.941685740153,True,True,0,0.677142824445452,0.12306431323438989,False,91.15810147299509,0.659794166924307,0.33981251490254466,80.8803167314287
2018-05-17,36.650001525878906,37.060001373291016,36.63999938964844,36.720001220703125,36.03645706176758,1133100.0,-0.0005442300662777,-0.0005443782132134,0.4200019836425781,90.5986008201058,PWR,1133100.0,40832909.49668884,0.7562402669632926,-3.004622496147924,-0.05442300662777955,1.1654918876255842,1.6472164018076818,음봉,35.88532409667969,33.931870460510254,33.972435760498044,True,True,0,0.6785714285714286,0.12263007921974461,False,90.5986008201058,0.699467612441758,0.30358876833599646,78.98267486108087
2018-05-18,36.77000045776367,36.970001220703125,36.61000061035156,36.619998931884766,35.93831253051758,677500.0,-0.0027234789225194,-0.0027271943386784,0.3600006103515625,97.24767779500408,PWR,677500.0,24348206.73942566,0.45431612291362644,-40.20827817491836,-0.2723478922519451,1.001718180412234,2.035559141507108,음봉,35.93242645263672,34.06975555419922,33.98421230316162,True,True,1,0.6564287458147321,0.1221337780374423,False,97.24767779500407,0.7147504619931269,0.25509729430989214,76.96738788164575
2018-05-21,36.84000015258789,37.02999877929688,36.77999877929688,36.91999816894531,36.23272705078125,678100.0,0.0081922188197809,0.0081588447431178,0.25,97.24135465999464,PWR,678100.0,24569412.213134766,0.4584908758595302,0.08856088560884601,0.8192218819780939,0.6899839464184342,2.508987090878656,음봉,36.01682357788086,34.23806304931641,34.00465774536133,True,True,1,0.625,0.1266927729725174,False,97.24135465999464,0.742064958705484,0.22592943281779942,81.69747259452558
2018-05-22,36.77000045776367,36.77999877929688,36.15999984741211,36.18999862670898,35.51632308959961,981200.0,-0.0197722892946362,-0.0199703764458105,0.6199989318847727,83.26782212271625,PWR,981200.0,34848616.21551514,0.6719729713276922,44.69842206164283,-1.9772289294636258,1.7456731946059179,1.4828401026216358,음봉,35.955979919433595,34.40882453918457,34.01332689921061,True,True,0,0.6271427699497772,0.12606403174238098,False,83.26782212271625,0.6978595907510439,0.14537925189068746,65.84782904081472
2018-05-23,35.900001525878906,36.11000061035156,35.16999816894531,35.630001068115234,34.96674728393555,1295100.0,-0.0154738936313201,-0.0155948638663396,0.94000244140625,67.88171678364711,PWR,1295100.0,45285434.40742493,0.9041549017956481,31.991439054219327,-1.5473893631320124,2.688275331340604,1.0802876055366526,음봉,35.73811340332031,34.548671913146975,34.02297732035319,True,True,0,0.563571657453265,0.1255537451578603,True,67.88171678364711,0.6114321345998519,0.04716143659159633,39.32598184204503
2018-05-24,35.529998779296875,35.65999984741211,35.13999938964844,35.599998474121094,34.937294006347656,856000.0,-0.0008423224885267,-0.0008426774414513,0.5200004577636719,59.20664476850012,PWR,856000.0,29906323.669433594,0.6053292954100801,-33.90471778241062,-0.0842322488526781,1.4883821788521874,1.6108203911208454,음봉,35.518280792236325,34.68459358215332,34.041950670878094,True,True,0,0.4942861284528465,0.12506172628638548,False,59.20664476850012,0.5344008788948926,-0.023895855290690382,4.382603615368754
2018-05-25,35.61000061035156,35.65999984741211,35.369998931884766,35.59000015258789,34.92749786376953,787700.0,-0.0002803921384508,-0.0002804314556761,0.2900009155273437,56.71677293217379,PWR,787700.0,27512390.06729126,0.5624642970485559,-7.978971962616821,-0.028039213845088007,0.8302939897339832,1.9254685376654646,음봉,35.31611785888672,34.81560935974121,34.07024733225504,True,True,0,0.47357204982212664,0.1245911023445038,False,56.71677293217379,0.46717725830620793,-0.0728955807035001,-11.06777637155113
2018-05-29,35.380001068115234,35.86000061035156,35.22999954223633,35.619998931884766,34.956932067871094,1600800.0,0.0008427229518805,0.0008423680602633,0.6300010681152344,51.50510585467002,PWR,1600800.0,55959056.85424805,1.144387417575497,103.22457788498158,0.08427229518805923,1.80222070658846,1.2955500165246219,음봉,35.06095886230469,34.968705368041995,34.092819150288896,True,True,0,0.4828578404017862,0.11534579274640258,False,51.50510585467002,0.41153324981541317,-0.10283167135543592,-9.534746491773575
2018-05-30,35.88999938964844,36.52000045776367,35.61000061035156,36.290000915527344,35.61445999145508,1170200.0,0.0188096576183331,0.0186349434837452,0.9099998474121094,53.37637859835419,PWR,1170200.0,41676041.08200073,0.8477915877017057,-26.89905047476262,1.8809657618333198,2.5551415004760543,2.669191106261083,음봉,35.08058624267578,35.13946666717529,34.12667706807454,False,True,0,0.5171435219900954,0.11478526638424995,True,53.37637859835419,0.4157000490351308,-0.07893189770857462,24.7114641468498
2018-05-31,36.16999816894531,36.16999816894531,35.72999954223633,36.0099983215332,35.33966827392578,1261200.0,-0.0077157344964721,-0.0077456547798906,0.4399986267089844,46.105968043690176,PWR,1261200.0,44570389.627075195,0.9232871586721869,7.776448470346953,-0.7715734496472115,1.2450559051614611,1.5598669125504747,음봉,35.15517044067383,35.29648838043213,34.14843101501465,False,True,0,0.5064291272844592,0.07951981779193266,False,46.105968043690176,0.3923066060107985,-0.08186027258632561,10.399410311990257
2018-06-01,36.25,36.560001373291016,35.959999084472656,36.02000045776367,35.349483489990234,1186200.0,0.0002777393377995,0.0002777007753696,0.6000022888183594,44.19317626111272,PWR,1186200.0,41931557.315826416,0.8755248655032147,-5.946717411988578,0.027773933779950966,1.6973438635624183,2.5759487016630467,음봉,35.23760833740234,35.39266471862793,34.16233406066895,False,True,0,0.5192865644182483,0.05462496033751849,False,44.19317626111272,0.3702906595551667,-0.08310097523356591,10.910618953860093
2018-06-04,36.2400016784668,36.59999847412109,36.08000183105469,36.22999954223633,35.55558013916016,995700.0,0.0058302591388157,0.0058133289510515,0.5199966430663991,45.93745938309693,PWR,995700.0,35402691.144561775,0.7385854937043308,-16.059686393525542,0.5830259138815741,1.4624895474386759,2.5191830277484164,음봉,35.363224792480466,35.45547351837158,34.17967205047607,False,True,0,0.5371434347970145,0.04926956516415704,False,45.93745938309693,0.3652626204190881,-0.07050321149571565,21.644808341463108
2018-06-05,36.2400016784668,36.95000076293945,36.209999084472656,36.95000076293945,36.262168884277344,1315000.0,0.0198727947160946,0.0196779084564561,0.7400016784667969,55.75454816582165,PWR,1315000.0,47684752.08282471,0.9797150672360434,32.06789193532189,1.98727947160946,2.0406988915316893,1.9249342483736502,양봉,35.624272155761716,35.54428939819336,34.195374234517416,True,True,1,0.5585719517299107,0.03920647043973902,False,55.75454816582165,0.41352679027431805,-0.017791233312388577,58.44626746165935
2018-06-06,36.9900016784668,37.130001068115234,36.84000015258789,37.09999847412109,36.40937805175781,1409900.0,0.0040595797772122,0.0040513619164283,0.2900009155273437,54.7120565355204,PWR,1409900.0,51333582.11517334,1.0565231819982228,7.216730038022812,0.40595797772122744,0.7965006024411966,2.0071408208156822,음봉,35.78325576782227,35.62132816314697,34.2140204111735,True,True,1,0.5378576006208148,0.04160092462586506,False,54.712056535520404,0.45837122400236296,0.02164256033252504,63.787818665930565
2018-06-07,37.209999084472656,37.43999862670898,37.0,37.13999938964844,36.44863510131836,1084000.0,0.0010782125831629,0.0010776317294607,0.4399986267089772,55.46871520368623,PWR,1084000.0,39510320.4498291,0.818745841350909,-23.115114547131,0.10782125831629852,1.2071744949732353,2.198941798941799,음봉,36.00504913330078,35.6733419418335,34.241499201456705,True,True,1,0.5392859322684147,0.04264072707370927,False,55.46871520368623,0.49141376464879727,0.04374808078316744,56.89722372875189
2018-06-08,37.09000015258789,37.29999923706055,36.79999923706055,37.11000061035156,36.419193267822266,672600.0,-0.0008077623047956,-0.0008080887205555,0.5,56.49872871132777,PWR,672600.0,24495549.391937256,0.5101429524238346,-37.952029520295206,-0.08077623047956228,1.372902459214463,1.7596407917242773,음봉,36.218991088867185,35.715051078796385,34.27486642201742,True,True,1,0.5492858886718744,0.042590929918952566,False,56.49872871132777,0.509353001917404,0.04934985444141926,55.617143586911446
2018-06-11,37.08000183105469,37.119998931884766,36.70000076293945,36.81999969482422,36.13459396362305,598400.0,-0.0078145416925166,-0.0078452352319787,0.4199981689453125,48.67028012765311,PWR,598400.0,21622941.02783203,0.4555095471752371,-11.031816830211117,-0.7814541692516608,1.162316004901363,1.814451403063536,음봉,36.33479385375976,35.736640739440915,34.304635238647464,True,True,0,0.5614286150251111,0.042565199360498865,False,48.67028012765311,0.49490028887927906,0.027917713122635524,43.24325669106429
2018-06-12,36.810001373291016,36.95000076293945,36.619998931884766,36.84000015258789,36.15421295166016,661200.0,0.0005429419812179,0.0005427946415493,0.3300018310546875,60.65562906311222,PWR,661200.0,23905165.6036377,0.5075711143739682,10.494652406417115,0.05429419812179592,0.912761761667762,1.8691434871190367,음봉,36.31320266723633,35.7538143157959,34.32884254455566,True,True,0,0.5407145363943907,0.04254475408171473,False,60.65562906311222,0.4795020963551764,0.010015616478826261,44.09625645388986
2018-06-13,36.81999969482422,36.869998931884766,36.4900016784668,36.7400016784668,36.05607986450195,1165800.0,-0.0027142918942646,-0.0027179822638477,0.3799972534179687,71.42867862910234,PWR,1165800.0,42034177.90603638,0.8978819905010482,76.3157894736842,-0.2714291894264642,1.0539061785030182,1.841519117161374,음봉,36.24254302978515,35.7655912399292,34.35828399658203,True,True,0,0.5007141658237992,0.04253074490910721,False,71.42867862910234,0.45414529359170785,-0.012272949027713864,39.82959907518451
2018-06-14,36.84000015258789,36.84000015258789,35.68000030517578,35.91999816894531,35.25135040283203,1404600.0,-0.022318828466491,-0.0225716625740114,1.1599998474121094,54.73398639743679,PWR,1404600.0,49514046.77581787,1.111444931917721,20.483787956767884,-2.2318828466491025,3.2906536463321334,2.174169491059191,음봉,36.00308609008789,35.725354766845705,34.37169640858968,True,True,0,0.5464284079415448,0.042578646103760824,True,54.73398639743679,0.36490846492766593,-0.08120782215340466,0.9661026896216057
2018-06-15,35.7400016784668,35.7400016784668,35.29999923706055,35.599998474121094,34.937294006347656,1772800.0,-0.0089090600188509,-0.0089489829883641,0.44000244140625,50.13525727323866,PWR,1772800.0,61936834.814453125,1.4090965291883777,26.213868717072476,-0.8909060018850945,1.2594061844809938,1.386191649541767,음봉,35.70670623779297,35.670396614074704,34.36809781392415,True,True,0,0.5571428026471809,0.042644247946170104,False,50.13525727323866,0.2657821377371121,-0.1442673194751668,-13.244599870887159
2018-06-18,35.400001525878906,35.880001068115234,35.2599983215332,35.75,35.084510803222656,772800.0,0.004213743538588,0.0042048905819628,0.6200027465820312,51.70601666227971,PWR,772800.0,27113309.94873047,0.6205124545000357,-56.407942238267154,0.4213743538588055,1.767169421456153,1.3243942689069794,음봉,35.49668960571289,35.62770652770996,34.39034258524577,False,True,0,0.5564286368233807,0.04269534544318034,False,51.70601666227971,0.19683399467200502,-0.17057237003221914,-8.04988503413981
2018-06-19,35.36000061035156,35.5099983215332,35.0099983215332,35.40999984741211,34.75083541870117,1147500.0,-0.0095106181298338,-0.0095561328705352,0.5,37.356274335907614,PWR,1147500.0,39876583.642959595,0.9221546727350655,48.48602484472049,-0.9510618129833892,1.438814330578438,0.7852177522840118,음봉,35.2160140991211,35.55361194610596,34.42632668813069,False,True,0,0.5271429334368014,0.047753226456732495,False,37.356274335907614,0.11395369242644193,-0.2027621378222258,-10.665138694839985
2018-06-20,35.560001373291016,35.650001525878906,34.650001525878906,35.38999938964844,34.7312126159668,2004200.0,-0.0005646713956066,-0.0005648308825404,1.0,40.37272254285722,PWR,2004200.0,69608296.32492065,1.598124240583232,74.65795206971677,-0.05646713956066751,2.8792544938102025,2.3284791425600977,음봉,34.95104064941406,35.514356422424314,34.444973119099934,False,True,0,0.5671430315290168,0.048358541681672015,True,40.37272254285722,0.04615501332729366,-0.21644865353709924,2.9107947841138957
2018-06-21,35.31999969482422,35.40999984741211,34.540000915527344,34.7400016784668,34.09331130981445,1376200.0,-0.0183668020234653,-0.0185375658878344,0.8699989318847656,33.41970111979383,PWR,1376200.0,46919215.02456665,1.0997310941424188,-31.33419818381399,-1.83668020234653,2.5518170528490693,1.695267842697614,음봉,34.71943283081055,35.47068462371826,34.45707683563232,False,False,0,0.5864285060337602,0.0664019828342689,True,33.41970111979383,-0.058376306837487846,-0.2567839789615046,-15.403102009031668
2018-06-22,35.13999938964844,35.380001068115234,34.08000183105469,34.18000030517578,33.54373550415039,2652600.0,-0.0161197544195672,-0.0162510909820315,1.2999992370605469,25.653113663705625,PWR,2652600.0,88978112.79830933,2.088919888850139,92.74814707164656,-1.6119754419567256,3.875535081355793,3.0700687015188044,음봉,34.440721130371095,35.4010066986084,34.462147331237794,False,False,0,0.6421429770333421,0.08205697713342597,True,25.653113663705625,-0.1834496127536127,-0.30548582790210355,-15.960322569291918
2018-06-25,33.9900016784668,34.16999816894531,33.540000915527344,33.86000061035156,33.229698181152344,1208600.0,-0.0093620259723068,-0.0094061251919644,0.6299972534179688,9.448915296844817,PWR,1208600.0,40161413.22174072,0.9596766366990123,-54.437155997888865,-0.9362025972306842,1.8958861738181505,1.330400945539263,음봉,34.069758605957034,35.31611671447754,34.454132843017575,False,False,0,0.634285518101283,0.09114640055673053,False,9.448915296844817,-0.3044023356022265,-0.3411508406005739,-7.956485038063868
2018-06-26,33.86000061035156,33.9900016784668,33.16999816894531,33.84000015258789,33.21006393432617,1172500.0,-0.0005908644345529,-0.0005910390637344,0.8200035095214844,5.70657196907699,PWR,1172500.0,38938799.96299744,0.9406014348254602,-2.9869270230018174,-0.05908644345529179,2.4691416166589266,1.8968045564636573,음봉,33.76160430908203,35.228773307800296,34.45920327504476,False,False,0,0.6721428462437216,0.09192971718589783,False,5.70657196907699,-0.39726315711816085,-0.34720932969320656,0.9383082221457908
2018-06-27,33.84000015258789,34.029998779296875,33.38999938964844,33.400001525878906,32.77824401855469,1461500.0,-0.0130026824587095,-0.0130879573423279,0.6399993896484375,4.166662697055642,PWR,1461500.0,47905403.633117676,1.1783665696580639,24.648187633262264,-1.3002682458709502,1.9525127376748885,1.8968232626936075,음봉,33.37101058959961,35.08696250915527,34.446608543395996,False,False,0,0.6864286150251117,0.10460840210394255,False,4.166662697055642,-0.4999373193119183,-0.35990679350957117,-9.485570195491638
2018-06-28,33.380001068115234,33.540000915527344,32.83000183105469,33.25,32.63105010986328,1568500.0,-0.0044905977455071,-0.0045007107665931,0.7099990844726562,4.047629404290177,PWR,1568500.0,51181802.09732056,1.2575082336053265,7.321245295928835,-0.44905977455071966,2.175838908285845,1.8358428511909057,음봉,33.078558349609374,34.95153160095215,34.42599945068359,False,False,0,0.7014285496303013,0.10922511308062618,False,4.047629404290177,-0.5864247118173225,-0.35711534881198026,-4.637572392599305
2018-06-29,33.43000030517578,33.9900016784668,33.38999938964844,33.400001525878906,32.77824401855469,1467200.0,0.0045108541771052,0.0045007107665932,0.6000022888183594,7.881461652540281,PWR,1467200.0,48092239.62402344,1.1735334894090284,-6.458399744979282,0.45108541771052835,1.830489419990643,2.448435439933954,음봉,32.92546005249024,34.822969627380374,34.406371688842775,False,False,0,0.7142859867640904,0.1096283583021424,False,7.881461652540281,-0.6357606224964059,-0.3251610075928508,-1.2562579106379157
2018-07-02,33.06999969482422,33.599998474121094,32.90999984741211,33.560001373291016,32.935279846191406,1503500.0,0.0047908554084783,0.0047794157832164,0.6899986267089844,10.952585440976122,PWR,1503500.0,49518193.24874878,1.1959613789341708,2.474100327153761,0.4790855408478345,2.0950137054589955,0.8900894023010444,음봉,32.86657638549805,34.691954612731934,34.40375467936198,False,False,0,0.7400000435965401,0.11004237247716293,False,10.952585440976122,-0.6546419039007745,-0.2752338311977755,2.6058933338117445
2018-07-03,33.70000076293945,34.06999969482422,33.47999954223633,33.650001525878906,33.02360534667969,784300.0,0.0026817898891633,0.0026782003068966,0.5900001525878906,13.12669246276002,PWR,784300.0,25900413.67340088,0.6266879744306831,-47.835051546391746,0.2681789889163344,1.7866012701947802,2.321889840679396,음봉,32.82928466796875,34.53002643585205,34.406862576802574,False,False,0,0.755000250680106,0.11055841496522378,False,13.126692462760019,-0.6549287151740728,-0.22041651397685896,4.828019866875572
2018-07-05,33.720001220703125,33.79999923706055,33.29999923706055,33.75,33.12174606323242,1000400.0,0.0029718353136327,0.0029674281405032,0.5,18.73222413026359,PWR,1000400.0,33134994.761657715,0.7980964778762407,27.55323218156318,0.29718353136327647,1.5095822516284454,2.108782086972995,음봉,32.8979850769043,34.36564483642578,34.39999287923177,False,False,0,0.7078574044363839,0.11108725035209112,False,18.73222413026359,-0.6398609606896954,-0.16427900759398523,9.565387054290035
2018-07-06,33.7599983215332,34.13999938964844,33.529998779296875,33.84000015258789,33.21006393432617,755500.0,0.0026664618140945,0.0026629131117114,0.6100006103515625,22.839657987587827,PWR,755500.0,25090203.302383423,0.606831177606793,-24.480207916833262,0.26664618140945784,1.8367944474839186,1.9269885623852672,음봉,33.013787841796876,34.20371627807617,34.39770304361979,False,False,0,0.7200001307896206,0.11075238512568006,False,22.839657987587827,-0.6137185768817517,-0.11050929902883311,12.461055683337523
2018-07-09,33.939998626708984,34.290000915527344,33.88999938964844,34.2400016784668,33.602622985839844,856800.0,0.0118204846666349,0.0117511684373451,0.4000015258789062,28.366813238707493,PWR,856800.0,28790727.374267578,0.6862652612093527,13.408338848444746,1.182048466663499,1.1903878040933502,2.1979322106283163,음봉,33.178663635253905,34.06288776397705,34.396558125813804,False,False,0,0.7042857578822544,0.10343112616314276,False,28.366813238707493,-0.5549274563772144,-0.041374542819436644,27.397916255211392
2018-07-10,34.2400016784668,34.349998474121094,33.93000030517578,34.34000015258789,33.70075225830078,2231700.0,0.002920286089044,0.0029160303369523,0.4199981689453125,33.538371376800754,PWR,2231700.0,75209968.81484985,1.7644642619593236,160.46918767507003,0.2920286089044044,1.2462575485740484,1.8968123199654525,음봉,33.33175811767578,33.94119567871094,34.399665705362956,False,False,0,0.6985713413783482,0.10380196605762856,False,33.538371376800754,-0.49471410141093486,0.015071049717474305,30.877678066570535
2018-07-11,34.0,34.08000183105469,33.58000183105469,33.61000061035156,32.984344482421875,1295400.0,-0.0212579164520712,-0.0214871200388987,0.5,27.5251456913924,PWR,1295400.0,42727919.8425293,1.0176863249280788,-41.954563785455036,-2.12579164520712,1.5158706587801423,0.8879556735280634,음봉,33.32390594482422,33.78270225524902,34.384454282124835,False,False,0,0.6628570556640625,0.10138412637214374,False,27.525145691392396,-0.4990499666623265,0.00858814757286619,5.982277908302295
2018-07-12,33.810001373291016,34.0,33.29999923706055,33.540000915527344,32.9156494140625,1522500.0,-0.0020826567705775,-0.002084828516047,0.7000007629394531,32.24844143343273,PWR,1522500.0,50114076.232910156,1.1829588802543576,17.53126447429365,-0.20826567705775068,2.126650318010718,2.5031781101763366,음봉,33.28268661499023,33.62568073272705,34.365807914733885,False,False,0,0.6507143293108258,0.07792556866866568,False,32.24844143343273,-0.5022397814530564,0.004318666225709089,3.3587297503092897
2018-07-13,33.619998931884766,33.77000045776367,33.5,33.68000030517578,33.05303955078125,991700.0,0.0041740065641862,0.004165319563463,0.2700004577636719,41.553939148808205,PWR,991700.0,32778699.322509766,0.7706847422502374,-34.86371100164204,0.41740065641862056,0.8168702831364569,2.1398621335459587,음봉,33.25128173828125,33.51576519012451,34.35108712514241,False,False,0,0.5771429879324776,0.07320318302272544,False,41.553939148808205,-0.48805549687617145,0.014802360642075185,14.67356659924007
2018-07-16,33.65999984741211,33.91999816894531,33.16999816894531,33.279998779296875,32.660499572753906,751500.0,-0.0118760629389095,-0.0119471467319805,0.75,40.46051790363085,PWR,751500.0,24544365.42892456,0.5841473480824539,-24.221034587072698,-1.1876062938909526,2.29635189238093,1.8363221805920513,음봉,33.06285705566406,33.40192546844482,34.334730847676596,False,False,0,0.585714612688337,0.07345267253162358,False,40.460517903630844,-0.5026942978408968,0.00013084774187988035,-11.151488990056668
2018-07-17,33.16999816894531,33.59000015258789,33.150001525878906,33.189998626708984,32.57215881347656,836200.0,-0.0027048195965453,-0.002708484230678,0.4399986267089844,39.54969897023698,PWR,836200.0,27236839.1998291,0.6542044700979308,11.270791749833675,-0.2704819596545338,1.3508426912340155,1.5599840873727508,음봉,32.83713836669922,33.27630786895752,34.32458998362223,False,False,0,0.5585714067731585,0.06547230581602571,False,39.54969897023698,-0.5154818600451776,-0.010125371569920771,-16.963393883420586
2018-07-18,33.22999954223633,33.290000915527344,32.849998474121094,33.18000030517578,32.562355041503906,977000.0,-0.0003009862511353,-0.0003010315565881,0.44000244140625,45.89576159824093,PWR,977000.0,31813420.875549316,0.7675779350181946,16.838077015068166,-0.030098625113539335,1.3512611137782382,2.0196411681733157,음봉,32.752740478515626,33.166883850097655,34.31951961517334,False,False,0,0.5442859104701451,0.06539226248282305,False,45.89576159824093,-0.5204082354902724,-0.012041397612012394,-17.608380306079937
2018-07-19,33.11000061035156,33.47999954223633,32.779998779296875,33.400001525878906,32.77824401855469,997100.0,0.0066300172937616,0.0066081353941038,0.7000007629394531,52.727056847961606,PWR,997100.0,32683187.11090088,0.7827164493399207,2.057318321392021,0.663001729376167,2.135565171042127,1.6818364892515556,음봉,32.725259399414064,33.06923542022705,34.33080546061198,False,False,0,0.5435717446463448,0.046295484272797116,False,52.727056847961606,-0.5011154404703859,0.005801117926299226,-0.11176822186477989
2018-07-20,33.279998779296875,33.619998931884766,33.150001525878906,33.290000915527344,32.67030715942383,932500.0,-0.0032929420828571,-0.003298375748414,0.4699974060058594,47.97073905403951,PWR,932500.0,30465061.42616272,0.7374447049844597,-6.478788486611176,-0.3292942082857131,1.4386072457549195,1.5307554622455084,음봉,32.648712921142575,32.99808521270752,34.33914724985758,False,False,0,0.5342856815883091,0.034498887115985734,False,47.97073905403951,-0.4888996332433564,0.014413540122663049,-6.986728738525534
2018-07-23,33.06999969482422,33.20000076293945,32.720001220703125,32.81999969482422,32.20904541015625,1150700.0,-0.0141186841928581,-0.0142193009884283,0.4799995422363281,37.747996591696,PWR,1150700.0,37062948.5534668,0.9096031799805767,23.39946380697051,-1.411868419285811,1.490263173353698,1.223412236224104,음봉,32.55842208862305,32.93135070800781,34.33898366292318,False,False,0,0.5192857469831195,0.04529746931339192,False,37.747996591695994,-0.5105531473718088,-0.005791979204631481,-31.347035062509654
2018-07-24,33.04999923706055,33.36000061035156,32.880001068115234,33.06999969482422,32.45439147949219,941400.0,0.0076173033448105,0.0075884381801594,0.4799995422363281,40.880198707229546,PWR,941400.0,30552564.138793945,0.7508241466094786,-18.188928478317546,0.7617303344810589,1.4789972030122274,2.610924403984742,음봉,32.53486862182617,32.892585372924806,34.34143714904785,False,False,0,0.5114285605294364,0.045350854340942576,False,40.880198707229546,-0.5021281156180493,0.0021064420393024363,-16.29510360548007
2018-07-25,32.61000061035156,33.790000915527344,32.61000061035156,33.72999954223633,33.10210418701172,1757500.0,0.0199576290909295,0.0197610863264337,1.1800003051757812,49.73242357000692,PWR,1757500.0,58176948.108673096,1.3973903012802391,86.69003611642235,1.9957629090929574,3.5647289927834205,0.47947018497544114,양봉,32.642818450927734,32.88718738555908,34.361555353800455,False,False,0,0.5600000108991351,0.045358298070802695,True,49.732423570006915,-0.43813565976248725,0.05287911831589154,28.281849472738035
2018-07-26,33.7599983215332,34.11000061035156,33.22999954223633,33.650001525878906,33.02360534667969,1700600.0,-0.0023714154208611,-0.0023742316796376,0.8800010681152344,47.453107137386006,PWR,1700600.0,56159943.25256348,1.3393832259871183,-3.2375533428165015,-0.2371415420861167,2.664763761791118,1.9874692279520478,음봉,32.691890716552734,32.89945545196533,34.375294876098636,False,False,0,0.5792857578822544,0.045341384155202495,True,47.453107137386006,-0.3892681370558364,0.08139731281803397,23.77041632867823
2018-07-27,33.72999954223633,33.97999954223633,33.56999969482422,33.70000076293945,33.07267761230469,956700.0,0.0014859754139453,0.0014848724450012,0.4099998474121094,42.01173496730448,PWR,956700.0,31640630.671691895,0.7635904095271276,-43.743384687757256,0.14859754139453507,1.239693538631323,2.1390583739750997,음봉,32.77236480712891,32.9215368270874,34.38985226949056,False,False,0,0.5799999237060547,0.04531097244880666,False,42.01173496730448,-0.34263091560269743,0.10242762741693845,26.590664942012143
2018-07-30,33.86000061035156,34.119998931884766,33.27000045776367,33.279998779296875,32.660499572753906,1772500.0,-0.0124627961600977,-0.012541108141952,0.8499984741210938,35.67568476168864,PWR,1772500.0,57890735.4927063,1.405395166903065,85.27229016410578,-1.246279616009771,2.6025274727585024,2.3805843822997614,음봉,32.86265563964844,32.915649604797366,34.37709465026855,False,False,0,0.6107142312186105,0.045319076671879475,False,35.67568476168864,-0.3350674556180806,0.08799286992124422,3.3443058632720035
2018-07-31,33.470001220703125,34.130001068115234,33.290000915527344,34.06999969482422,33.43578338623047,1898800.0,0.0237376593627893,0.0234603017660062,0.8400001525878906,56.11714280397561,PWR,1898800.0,63487865.493774414,1.4983447669459418,7.125528913963319,2.3737659362789376,2.5122789643798793,2.4785341882048937,음봉,33.05893402099609,32.940674781799316,34.36270097096761,True,False,0,0.6349999564034599,0.04528464756795883,False,56.11714280397561,-0.2634772331235311,0.12766647393263497,54.327797841183155
2018-08-01,33.869998931884766,34.2400016784668,33.4900016784668,34.099998474121094,33.4652214050293,2542700.0,0.0008804345469874,0.0008800471918356,0.75,57.52695643814518,PWR,2542700.0,85092018.466568,1.9957578181356077,33.910891089108915,0.08804345469874963,2.2411326401303495,1.2986552180892392,음봉,33.13155746459961,32.962755584716795,34.34569047292074,True,False,0,0.6385713304792132,0.045254312683620485,False,57.52695643814518,-0.20203710593018798,0.15128528090078253,52.46749903462479
2018-08-02,33.95000076293945,35.59000015258789,33.09000015258789,35.11000061035156,34.456424713134766,2516600.0,0.0296189078240045,0.0291887413735878,2.5,65.57757304402247,PWR,2516600.0,86713038.43307495,1.9986587012345243,-1.0264679277932953,2.961890782400456,7.255540935583493,1.448606456365179,양봉,33.418121337890625,33.029489517211914,34.33882083892822,True,True,0,0.7978570120675224,0.06804159966830216,True,65.57757304402247,-0.07252748761440131,0.2246359193732554,61.96054987973461
2018-08-03,33.95000076293945,35.25,33.95000076293945,34.91999816894531,34.269954681396484,2021200.0,-0.0054117637941466,-0.0054264604349759,1.2999992370605469,68.72140708851278,PWR,2021200.0,69266432.40203857,1.598197666756616,-19.685289676547725,-0.5411763794146651,3.793408100904943,-1.4697518805607943,양봉,33.65757675170899,33.08248405456543,34.319847424825035,True,False,0,0.8371426718575614,0.06793260443416958,True,68.72140708851278,0.014891583891667892,0.24964399270345966,55.703165303146875
2018-08-06,35.25,35.599998474121094,35.029998779296875,35.08000183105469,34.42698287963867,2388100.0,0.0045820952989887,0.0045716294584655,0.5699996948242188,71.23622594043579,PWR,2388100.0,82215077.81486511,1.866492403161555,18.152582624183644,0.45820952989887864,1.6556771669972177,2.8597800251411924,음봉,34.01087341308594,33.12370204925537,34.300546964009605,True,True,0,0.846428462437221,0.06784807143949773,False,71.23622594043579,0.09573907072751098,0.26439318363144215,60.76868118549138
2018-08-07,35.290000915527344,35.38999938964844,34.529998779296875,34.75,34.10312271118164,2035800.0,-0.0094071609350516,-0.0094516877407138,0.8600006103515625,66.45704697822504,PWR,2035800.0,69427137.21542358,1.572161953443901,-14.752313554708763,-0.9407160935051673,2.521764993883061,2.5068070556920374,음봉,34.14434127807617,33.14382057189941,34.27388566335042,True,False,0,0.8764283316476005,0.06780688720249496,False,66.45704697822504,0.13215507608406796,0.24064735119039932,49.937229685765686
2018-08-08,34.720001220703125,34.880001068115234,34.38999938964844,34.81999969482422,34.17181396484375,855100.0,0.0020142218131709,0.0020121959882655,0.4900016784667969,65.36806006616432,PWR,855100.0,29220318.12133789,0.6651541473280265,-57.99685627271833,0.20142218131709022,1.4339352279364355,1.8088622404048176,음봉,34.28565979003906,33.203194046020506,34.24657020568848,True,False,0,0.8614283970424107,0.06768563590188306,False,65.36806006616432,0.16465973782553078,0.2185216103454897,52.234597670353786
2018-08-09,34.849998474121094,34.91999816894531,34.61000061035156,34.70000076293945,34.05405807495117,1953700.0,-0.003445994702351,-0.0034519458177033,0.30999755859375,65.2268014406488,PWR,1953700.0,66531413.261032104,1.5006089822133304,128.4762016138463,-0.3445994702351074,0.9103101836247001,1.9846312811344042,음봉,34.205186462402345,33.26011447906494,34.2171288172404,True,False,0,0.8499998365129743,0.0675698005908276,False,65.2268014406488,0.1788562566591736,0.18617450334330599,48.2962707799084
2018-08-10,34.400001525878906,34.77000045776367,34.099998474121094,34.45000076293945,33.80872344970703,1442400.0,-0.0072042698906594,-0.0072303459578169,0.6700019836425781,68.48111017288278,PWR,1442400.0,48765702.70385742,1.1064447393734247,-26.170855300199626,-0.7204269890659476,1.98174292099273,1.0158655692849623,음봉,34.11294021606445,33.29789867401123,34.17967287699381,True,False,0,0.8635714394705636,0.0674931269681765,False,68.48111017288278,0.16836978414003312,0.1405504246593324,40.09109350480346
2018-08-13,34.38999938964844,34.38999938964844,33.529998779296875,33.70000076293945,33.07267761230469,1618100.0,-0.0217708852124294,-0.022011367684999,0.8600006103515625,56.41565597390671,PWR,1618100.0,53514899.644470215,1.2327396996883695,12.181087077093732,-2.1770885212429425,2.6003356015891477,1.7193075651202774,음봉,33.842079162597656,33.31850757598877,34.1302765528361,True,False,0,0.8907143729073661,0.06745137962296086,False,56.41565597390671,0.09951923563122733,0.057359900920421286,15.474158278154142
2018-08-14,33.70000076293945,34.22999954223633,33.54999923706055,34.02000045776367,33.38671875,987500.0,0.0094954857110955,0.0094506869540162,0.6800003051757812,53.17303030560777,PWR,987500.0,32969384.765625,0.7524273605991119,-38.97163339719424,0.9495485711095597,2.036738950801451,1.8968018192798821,음봉,33.69879837036133,33.35923557281494,34.08774998982747,True,False,0,0.8550000871930804,0.06736902882780524,False,53.17303030560777,0.06949409054011824,0.021867804663449744,11.821465969382094
2018-08-15,33.790000915527344,34.0099983215332,33.5099983215332,33.939998626708984,33.30820083618164,1541800.0,-0.0023517709064584,-0.0023545406630641,0.5,53.17280417114984,PWR,1541800.0,51354584.04922485,1.1694928722789444,56.13164556962025,-0.2351770906458439,1.5011318157324962,1.20791195009945,음봉,33.526075744628905,33.39652786254883,34.039007886250815,True,False,0,0.8278571537562779,0.06729380108699105,False,53.172804171149835,0.038914623733482756,-0.006969329714548597,8.693260139730478
2018-08-16,34.02000045776367,34.27000045776367,32.79999923706055,33.18000030517578,32.562355041503906,3757200.0,-0.0223922570404206,-0.0226467702201704,1.470001220703125,45.07571686236978,PWR,3757200.0,122343280.36193848,2.7626438344493063,143.68919444804774,-2.2392257040420693,4.514419239116657,2.1370101167662767,음봉,33.227735137939455,33.385733413696286,33.98977508544922,False,False,0,0.903571537562779,0.06731555886852383,True,45.07571686236978,-0.044984789707356754,-0.07269499452431048,-8.487295011055814
2018-08-17,33.290000915527344,34.220001220703125,33.15999984741211,34.13999938964844,33.504478454589844,1377400.0,0.028932901563327,0.0285222473043653,1.0600013732910156,57.38823673988426,PWR,1377400.0,46149068.62335205,1.004586709886548,-63.33972106888108,2.8932901563327063,3.1637602558944,2.234622996696589,양봉,33.16688613891601,33.42744197845459,33.965403938293456,False,False,0,0.9185717446463448,0.06723156693913485,False,57.38823673988426,-0.03505015714608817,-0.050208289570433516,25.15997891016794
2018-08-20,34.0,34.439998626708984,33.97999954223633,34.119998931884766,33.4848518371582,1146400.0,-0.000585790865488,-0.0005859625079914,0.4599990844726562,50.4950426460978,PWR,1146400.0,38387034.146118164,0.8316017699828321,-16.77072745752868,-0.058579086548804504,1.3737527844223412,1.478971075707862,음봉,33.24932098388672,33.491232299804686,33.941196568806966,False,False,0,0.8914288112095424,0.05977783127598603,False,50.4950426460978,-0.0284328372177427,-0.03487277571367044,24.45902809661541
2018-08-21,34.20000076293945,34.599998474121094,34.20000076293945,34.45000076293945,33.80872344970703,1386600.0,0.0096721829358499,0.0096257068178433,0.3999977111816406,53.27118896513643,PWR,1386600.0,46879175.93536377,1.0011701509506188,20.952547103977672,0.9672182935849927,1.1831198293442422,2.135738659556044,음봉,33.33372192382812,33.55894889831543,33.92255032857259,False,False,0,0.8664286477225167,0.05644007735075209,False,53.27118896513643,0.002911605746724888,-0.002822666199362278,36.02587455364624
2018-08-22,34.47999954223633,34.47999954223633,34.119998931884766,34.16999816894531,33.53392791748047,630400.0,-0.0081279475883003,-0.0081611594395153,0.3600006103515625,39.8269170418396,PWR,630400.0,21139788.159179688,0.4586633406090843,-54.53627578248954,-0.8127947588300377,1.0735414331343582,1.985511501278271,음봉,33.37886734008789,33.580540084838866,33.89883359273275,False,False,0,0.7135715484619141,0.05640378823108937,False,39.8269170418396,0.005515025945868501,-0.0001753968001749328,26.211745728559695
2018-08-23,34.099998474121094,34.2400016784668,33.939998626708984,34.0,33.367088317871094,866800.0,-0.004975247755644,-0.004987665505469,0.3000030517578125,40.0001014012812,PWR,866800.0,28922592.153930664,0.6305834424559872,37.5,-0.49752477556440633,0.899098683408746,1.6880532397922445,음봉,33.53981399536133,33.597714233398435,33.86137739817301,False,False,0,0.6421432495117188,0.056374956298307466,False,40.0001014012812,-0.005817248521601925,-0.009206137014116288,20.25318697607503
2018-08-24,34.209999084472656,34.209999084472656,33.599998474121094,33.77000045776367,33.141361236572266,753100.0,-0.0067649619034313,-0.0067879479834996,0.6100006103515625,35.97425059887168,PWR,753100.0,24958759.147262573,0.5480874531566958,-13.117212736502083,-0.6764961903431344,1.8406021587260952,2.526174170702535,음봉,33.46719055175781,33.601148414611814,33.82473894755046,False,False,0,0.6450004577636719,0.05636919453643445,False,35.97425059887168,-0.032636236444211875,-0.028820099949380985,13.179999204657761
2018-08-27,33.83000183105469,34.290000915527344,33.83000183105469,33.9900016784668,33.35727310180664,625500.0,0.0065148761903028,0.0064937461080102,0.4599990844726562,41.66672349479341,PWR,625500.0,20864974.325180054,0.4604106325629543,-16.943301022440583,0.6514876190302887,1.3790068602692303,2.0778886828658414,음봉,33.4416748046875,33.63598709106445,33.79153544108073,False,False,0,0.6164289202008929,0.05631080980329034,False,41.66672349479341,-0.03605260255924492,-0.02578917285153122,26.286516297942402
2018-08-28,34.119998931884766,34.2400016784668,33.86000061035156,34.119998931884766,33.4848518371582,1201400.0,0.0038246152484404,0.0038173200026303,0.3800010681152344,42.42435205478875,PWR,1201400.0,40228700.997161865,0.8839900445100566,92.07034372501998,0.3824615248440466,1.1348447051915769,2.286535316451918,음봉,33.37690048217773,33.63844051361084,33.75702330271403,False,False,0,0.6085717337472099,0.05630670276954361,False,42.42435205478875,-0.028141165754547615,-0.014302188837467134,32.3043842049861
2018-08-29,34.18000030517578,34.849998474121094,33.91999816894531,34.689998626708984,34.04423522949219,1464900.0,0.0167055657004053,0.016567562563925,0.9300003051757812,49.90129069602518,PWR,1464900.0,49871400.187683105,1.075315060448728,21.932745130680864,1.6705565700405378,2.73174092150007,2.076008791671494,음봉,33.47896194458008,33.66739120483398,33.72005774180094,False,True,0,0.6528576442173549,0.05625828446603572,False,49.90129069602518,0.023001127036501146,0.0294720831628653,60.69446124359177
2018-08-30,34.63999938964844,34.75,34.130001068115234,34.45000076293945,33.80872344970703,1080100.0,-0.0069178167227893,-0.0069418557460814,0.6199989318847656,50.0,PWR,1080100.0,36516802.198028564,0.7938326176201925,-26.268004641955077,-0.691781672278935,1.8338430695470052,1.749970754637911,음봉,33.56728897094727,33.6350061416626,33.67671349843343,False,True,0,0.6492859976632255,0.05543711900278535,False,50.0,0.04402048935960323,0.04039315638877391,49.20607746629574
2018-08-31,34.20000076293945,34.61000061035156,34.18000030517578,34.59000015258789,33.94610977172852,1450300.0,0.0040636352989151,0.0040554010328256,0.4300003051757812,60.000000000000064,PWR,1450300.0,49232043.00193787,1.0602924571764107,34.27460420331452,0.406363529891518,1.2667145309649006,1.1573264924198505,음봉,33.72823867797852,33.6188138961792,33.63500474294027,True,True,0,0.6185716901506696,0.0554638198686326,False,60.000000000000064,0.07094658536534837,0.053855401915615234,55.90785176639193
2018-09-04,34.75,34.790000915527344,33.90999984741211,33.959999084472656,33.32781982421875,1304000.0,-0.0182138675585356,-0.0183817820846807,0.8800010681152344,49.369580803898806,PWR,1304000.0,43459477.05078125,0.9534564420866203,-10.087568089360822,-1.8213867558535601,2.6404399470371382,2.368136536637799,음봉,33.722348022460935,33.563855743408205,33.583481852213545,True,False,0,0.6328574589320591,0.04795214636971303,False,49.369580803898806,0.04191174641904638,0.019856450375450592,25.747355297313895
2018-09-05,33.70000076293945,34.220001220703125,33.63999938964844,34.15999984741211,33.524112701416016,1256800.0,0.005889760513366,0.0058724836783361,0.5800018310546875,52.25416103790176,PWR,1256800.0,42133104.84313965,0.920580589053264,-3.619631901840492,0.5889760513366094,1.7301034518661218,1.1167275287843632,음봉,33.7302001953125,33.53490524291992,33.53997383117676,True,False,0,0.6385718754359654,0.047993543195701795,False,52.25416103790176,0.03434471754614066,0.009831537202035893,35.322621163203976
2018-09-06,34.25,34.529998779296875,34.15999984741211,34.2599983215332,33.62224197387695,710700.0,0.0029271251213993,0.0029228494322804,0.3699989318847656,62.79602933143951,PWR,710700.0,23895327.37083435,0.5228426395939086,-43.45162316995545,0.29271251213993654,1.1004588336858647,2.165269234861282,음봉,33.64580154418945,33.50742664337158,33.497774314880374,True,True,0,0.5600002833775112,0.044518579398049755,False,62.79602933143951,0.035852717029541736,0.009071629348349576,27.351627342147022
2018-09-07,34.150001525878906,34.189998626708984,33.56999969482422,33.91999816894531,33.28856658935547,1045500.0,-0.0099242455271345,-0.0099738191114209,0.6199989318847656,46.944372462641454,PWR,1045500.0,34803196.36917114,0.7658111728102241,47.10848459265513,-0.9924245527134556,1.8624981349693197,1.5696738855546863,음봉,33.54177017211914,33.4691520690918,33.45164909362793,True,False,0,0.528571537562779,0.044276000327978814,False,46.944372462641454,0.010007640742401236,-0.01341875755103274,-21.98698233316644
2018-09-10,34.130001068115234,34.61000061035156,33.91999816894531,34.400001525878906,33.759639739990234,1144300.0,0.0141511996129446,0.0140520060972196,0.69000244140625,53.44823954719177,PWR,1144300.0,38631155.754470825,0.8328941120470638,9.450023912003825,1.4151199612944643,2.0438679047540385,2.5276981407448984,음봉,33.504476165771486,33.46669788360596,33.42678724924723,True,True,1,0.5450003487723214,0.04427924718303914,False,53.44823954719177,0.027223087112318467,0.0030373510551075893,14.815642657892855
2018-09-11,34.41999816894531,34.7599983215332,34.40999984741211,34.619998931884766,33.97554016113281,853300.0,0.0063952228994561,0.0063748602312472,0.3499984741210937,52.15164337728793,PWR,853300.0,28991328.41949463,0.6197104677060133,-25.430394127414136,0.6395222899456154,1.0301483728034542,1.9560588739720632,음봉,33.634020233154295,33.511841011047366,33.41075801849365,True,True,1,0.541428974696568,0.044219599499167206,False,52.15164337728793,0.05762356345212538,0.026750261915931595,31.682879145507
2018-09-12,34.619998931884766,35.43000030517578,34.58000183105469,35.150001525878906,34.49567794799805,1040400.0,0.0153091837362533,0.0151931806266439,0.8499984741210938,61.66652013160387,PWR,1040400.0,35889303.33709717,0.7566859921451282,21.92663775928747,1.530918373625334,2.464072384379456,1.8968315667551865,음봉,33.8283332824707,33.56728897094727,33.40094413757324,True,True,1,0.5764288221086774,0.05759544383126816,False,61.66652013160387,0.12227739471099852,0.07312327453984377,49.767631689048955
2018-09-13,35.31999969482422,35.380001068115234,34.400001525878906,34.47999954223633,33.83814239501953,1126000.0,-0.0190613894868146,-0.0192453998527832,0.979999542236328,55.10624009633227,PWR,1126000.0,38101748.33679199,0.8215855867541937,8.227604767397146,-1.9061389486814684,2.8961387146966127,2.3896377629360703,음봉,33.87151336669922,33.59378604888916,33.385732587178545,True,True,0,0.625,0.05755001546061432,True,55.10624009633227,0.11908565264247528,0.05594522597705642,14.416269473407878
2018-09-14,34.45000076293945,34.81999969482422,34.40999984741211,34.560001373291016,33.91666030883789,798900.0,0.0023203966961826,0.0023177087330596,0.4099998474121094,58.68132975896963,PWR,798900.0,27096019.92073059,0.5895671608747447,-29.04973357015985,0.23203966961826694,1.208844985557947,1.8081913622125376,음봉,33.9971321105957,33.66150131225586,33.37215671539307,True,True,0,0.6107142312186105,0.040233401917005,False,58.68132975896963,0.12149143585472189,0.04668080735144242,18.637661304215854
2018-09-17,34.61000061035156,34.95000076293945,34.45000076293945,34.810001373291016,34.16200256347656,1229100.0,0.0072336796254299,0.0072076420545316,0.5,58.95187278330231,PWR,1229100.0,41988517.35076904,0.9022210259923659,53.84904243334585,0.7233679625429978,1.4636144326461773,2.044246972432612,음봉,34.07760467529297,33.6943775177002,33.37330156962077,True,True,1,0.6135714394705636,0.040194145468760684,False,58.95187278330231,0.14156325286279525,0.053402099487612625,31.828100773603946
2018-09-18,34.81999969482422,35.029998779296875,34.22999954223633,34.25,33.6124267578125,1119400.0,-0.0160873416200614,-0.0162181476784516,0.7999992370605469,51.29734959426548,PWR,1119400.0,37625750.51269531,0.8219648449656224,-8.925229842974536,-1.6087341620061424,2.3800698557851194,1.926108196160424,음봉,34.004981994628906,33.70075626373291,33.37444642384847,True,True,0,0.643571308680943,0.04018653767966714,False,51.29734959426548,0.11183497396585551,0.018939056472538296,2.2810241433341263
2018-09-19,34.279998779296875,34.5,34.18000030517578,34.5,33.857784271240234,1288900.0,0.0072996072314446,0.0072730940442984,0.3199996948242187,47.974559435493966,PWR,1288900.0,43639298.14720154,0.9543838987891653,15.142040378774336,0.7299607231444627,0.9451288727598031,1.9860869502057361,음봉,33.877403259277344,33.70320930480957,33.384914525349934,True,True,0,0.5999998365129743,0.04018361275857832,False,47.974559435493966,0.10684179386173298,0.011156701094732602,15.472283977456378
2018-09-20,34.689998626708984,34.959999084472656,34.560001373291016,34.66999816894531,34.02461624145508,1195200.0,0.0049274331975868,0.0049153331305312,0.3999977111816406,52.38079613115896,PWR,1195200.0,40666221.33178711,0.8868891694777905,-7.269764915819687,0.4927433197586817,1.1756127044697993,2.457970518099309,음봉,33.91469802856445,33.7277437210083,33.39849039713542,True,True,1,0.5842854636056083,0.04015438217950541,False,52.38079613115896,0.11502072110371131,0.015468502669368736,24.44174179840357
2018-09-21,34.79999923706055,34.90999984741211,34.290000915527344,34.47999954223633,33.83814239501953,2295700.0,-0.0054805569330228,-0.0054956302839695,0.6199989318847656,48.82212276757653,PWR,2295700.0,77682223.49624634,1.7106982289674357,92.07663989290495,-0.5480556933022851,1.8322487228968578,2.278888291062498,음봉,33.89899444580078,33.75129642486572,33.416155370076496,True,True,0,0.5978567940848214,0.040126361203358406,False,48.82212276757653,0.10524252853088001,0.0045522480772299395,14.416269473407878
2018-09-24,34.380001068115234,34.529998779296875,34.02000045776367,34.349998474121094,33.710567474365234,1395400.0,-0.0037701514215825,-0.0037772763561458,0.5099983215332031,54.676301240768346,PWR,1395400.0,47039725.85372925,1.037524769652558,-39.21679661976739,-0.3770151421582546,1.5128737358723634,1.601325116403129,음봉,33.80870742797852,33.779756736755374,33.43414732615153,True,True,0,0.5714280264718192,0.03573475581987048,False,54.676301240768346,0.08620528964206642,-0.011587992649266937,7.557405022272902
2018-09-25,34.369998931884766,34.439998626708984,33.52000045776367,33.689998626708984,33.062862396240234,1653300.0,-0.0192137103185088,-0.0194006926076289,0.9199981689453124,44.92443360886816,PWR,1653300.0,54662830.39970398,1.2223455754211578,18.482155654292676,-1.9213710318508825,2.782572657865009,1.9561565020256255,음봉,33.698794555664065,33.76503620147705,33.43889096577962,False,False,0,0.5957134791782924,0.04243488865843816,True,44.92443360886816,0.01863889636431537,-0.0633235087416144,-23.933931834749696
2018-09-26,33.630001068115234,33.66999816894531,33.119998931884766,33.209999084472656,32.59178924560547,1105600.0,-0.0142478030180572,-0.0143502774853749,0.5499992370605469,39.52105007126215,PWR,1105600.0,36033482.189941406,0.8208391667727292,-33.12768402588762,-1.4247803018057281,1.6875392538772824,1.7153344591831001,음봉,33.44559555053711,33.72038307189941,33.433166122436525,False,False,0,0.6085706438337054,0.056461063871459015,False,39.521050071262145,-0.07208863057190484,-0.12324082854226769,-22.866206591330567
2018-09-27,33.20000076293945,33.20000076293945,32.849998474121094,32.880001068115234,32.26792907714844,910300.0,-0.0099368637302016,-0.0099865638770798,0.3500022888183594,39.60010261752428,PWR,910300.0,29373495.838928223,0.6811243577592657,-17.664616497829233,-0.9936863730201639,1.0846754000901304,1.8661495162190056,음봉,33.09425811767578,33.631567764282224,33.42057151794434,False,False,0,0.589285169328962,0.06623981630780675,False,39.60010261752428,-0.16818492715871258,-0.17546970010326032,-22.56081332836536
2018-09-28,32.869998931884766,33.459999084472656,32.709999084472656,33.380001068115234,32.75863265991211,1311700.0,0.015207160694771,0.0150926908750121,0.75,39.84077133450408,PWR,1311700.0,42969498.460006714,0.983284528312663,44.095353180270244,1.5207160694771016,2.289472847619191,1.8658459713880526,음봉,32.8783561706543,33.57906322479248,33.414519627889,False,False,0,0.5935707092285156,0.06634338950840035,False,39.84077133450408,-0.20241296572097411,-0.16775819093241748,1.7879982946066937
2018-10-01,33.56999969482422,33.720001220703125,33.16999816894531,33.4900016784668,32.8665771484375,1462600.0,0.0032951463403869,0.0032897292425095,0.5500030517578125,38.49297326738317,PWR,1462600.0,48070655.73730469,1.0969369412268901,11.504154913471076,0.32951463403869674,1.6734418350709208,2.4768037278460886,음봉,32.70955810546875,33.52508659362793,33.40879484812419,False,False,0,0.6078567504882812,0.06645020482282765,False,38.492973267383164,-0.21831214823672696,-0.14692589875853623,5.756543885828406
2018-10-02,33.52000045776367,33.84000015258789,33.439998626708984,33.630001068115234,33.00397872924805,1386400.0,0.0041805868676252,0.0041718724933695,0.4000015258789062,33.186050751433555,PWR,1386400.0,45756716.11022949,1.0323877021054784,-5.2099001777656255,0.41805868676252356,1.2119797105687315,1.9881087902006738,음봉,32.69778137207031,33.508894538879396,33.398817443847655,False,False,0,0.575714111328125,0.06648231466617967,False,33.186050751433555,-0.2173200751204547,-0.11674706051381119,11.010465407007894
2018-10-03,33.77000045776367,34.0,33.439998626708984,33.66999816894531,33.04322052001953,958100.0,0.0011890018198534,0.0011882955169978,0.5600013732910156,39.58873338516051,PWR,958100.0,31658709.580230713,0.7138094720012109,-30.892960184650896,0.11890018198534857,1.6947542172886378,2.3209981281341037,음봉,32.78806762695312,33.48484992980957,33.38785858154297,False,False,0,0.5457142421177456,0.06653005390555378,False,39.58873338516051,-0.21093582854194182,-0.08829025114823863,14.362994800830025
2018-10-04,33.27000045776367,33.29999923706055,32.41999816894531,32.63999938964844,32.03239440917969,1481200.0,-0.0305910288080856,-0.0310687012378686,0.8800010681152344,30.165255738013,PWR,1481200.0,47446382.59887695,1.09414268377762,54.597641164805346,-3.059102880808562,2.747222255302426,0.686313059608533,음봉,32.740960693359376,33.40535755157471,33.37199274698893,False,False,0,0.5792857578822544,0.07373917596946186,True,30.165255738013002,-0.2841657999956624,-0.12921617808156735,-14.850715292109278
2018-10-05,32.68000030517578,32.790000915527344,32.349998474121094,32.40999984741211,31.80668258666992,1284200.0,-0.0070463612437627,-0.0070713040870699,0.44000244140625,25.103809228114145,PWR,1284200.0,40846141.777801506,0.9438912475106138,-13.300027005130977,-0.7046361243762789,1.3833647699891019,2.0217217849019304,음봉,32.55057067871094,33.33126335144043,33.35350996653239,False,False,0,0.5750002179827008,0.08067487070549105,False,25.103809228114145,-0.3563068540699206,-0.16108578572466042,-20.27297856652816
2018-10-08,32.2400016784668,32.65999984741211,31.950000762939453,32.560001373291016,31.95389175415039,1067500.0,0.0046282465038389,0.0046175691034077,0.7099990844726562,30.839100002908708,PWR,1067500.0,34110779.44755554,0.7954197353745784,-16.874318641956076,0.4628246503838973,2.221948706390159,1.3623523629543222,음봉,32.36803359985352,33.24097595214844,33.335190836588545,False,False,0,0.5685716356549945,0.0808939955673694,False,30.839100002908708,-0.3970239645106304,-0.16144231693229613,0.12926888307882994
2018-10-09,32.470001220703125,32.650001525878906,32.33000183105469,32.40999984741211,31.80668258666992,1101000.0,-0.0046069245215287,-0.0046175691034077,0.3199996948242187,25.753962814121124,PWR,1101000.0,35019157.52792358,0.8222719852813042,3.1381733021077274,-0.4606924521528777,1.0060769272377046,1.6151693525271411,음봉,32.12857437133789,33.13253307342529,33.32096055348714,False,False,0,0.5685716356549945,0.0811587618540672,False,25.753962814121124,-0.43614352634141085,-0.16044950301046124,-4.761403860070354
2018-10-10,32.380001068115234,32.38999938964844,31.65999984741211,31.690000534057617,31.100082397460938,1753400.0,-0.0222154632845965,-0.0224659433261057,0.7299995422363281,19.34152066895681,PWR,1753400.0,54530884.47570801,1.3059364293466311,59.2552225249773,-2.221546328459656,2.3472591902069255,1.8025095194479417,음봉,31.73994674682617,32.96275329589844,33.29642594655355,False,False,0,0.5921431950160435,0.09289030374767329,False,19.341520668956818,-0.5181894257600703,-0.19399632194329652,-17.228229229266827
2018-10-11,31.299999237060547,31.979999542236328,31.1299991607666,31.440000534057617,30.854740142822266,2068500.0,-0.007888797576263,-0.0079200787624352,0.8500003814697266,19.105706793749462,PWR,2068500.0,63823029.98542786,1.5212577192019892,17.970799589369225,-0.788879757626304,2.7548453739528966,0.6428177168300072,음봉,31.504415893554686,32.81358318328857,33.267965698242186,False,False,0,0.6085718699863979,0.10078943229639829,False,19.105706793749462,-0.5961365703953305,-0.21755477326284534,-8.095854377281455
2018-10-12,31.799999237060547,31.86000061035156,31.020000457763672,31.34000015258789,30.756601333618164,1706300.0,-0.0031806720377429,-0.0031857411266422,0.8400001525878871,19.222898196015123,PWR,1706300.0,52479988.85555267,1.2410486066374347,-17.51027314479091,-0.3180672037742971,2.7311215029136986,3.063578205043405,음봉,31.294399642944335,32.65558023452759,33.234271653493245,False,False,0,0.6321434293474467,0.10428236783426618,False,19.222898196015123,-0.6582414283749038,-0.22372770499393485,-7.701732899662255
2018-10-15,31.309999465942383,31.950000762939453,31.299999237060547,31.76000022888184,31.16878318786621,1486900.0,0.0134014109614093,0.0133124063632317,0.6500015258789062,29.24726203199171,PWR,1486900.0,46344863.72203827,1.073407930696643,-12.8582312606224,1.3401410961409344,2.085424772475389,1.7992824575169593,음봉,31.1373779296875,32.50591926574707,33.20924625396729,False,False,0,0.6128579548427034,0.1005359941098656,False,29.24726203199171,-0.6665171500613312,-0.18560274134428972,4.992709830783588
2018-10-16,31.88999938964844,32.790000915527344,31.780000686645508,32.7599983215332,32.150169372558594,1182800.0,0.0314861885617154,0.0310006637756545,1.010000228881836,45.647999518816896,PWR,1182800.0,38027220.333862305,0.8518662052740061,-20.45194700383348,3.148618856171548,3.1415082675860178,2.313905542719404,양봉,31.206075286865236,32.432806396484374,33.20826498667399,False,False,0,0.6457151685442241,0.10076263114224854,True,45.647999518816896,-0.587118123543199,-0.08496297186092605,37.925137194712164
2018-10-17,32.63999938964844,32.68000030517578,32.310001373291016,32.58000183105469,31.97352409362793,868900.0,-0.0054943809745972,-0.0055095306031138,0.3699989318847656,47.01205260543562,PWR,868900.0,27781795.084953308,0.6267102938768875,-26.53872167737572,-0.5494380974597202,1.157204100496709,1.5235690095864083,음봉,31.380763626098634,32.33859338760376,33.20025053024292,False,False,0,0.6471435001918245,0.1010561859839467,False,47.01205260543562,-0.5323114654902099,-0.024125051046349544,31.997442360299495
2018-10-18,32.41999816894531,32.779998779296875,32.119998931884766,32.310001373291016,31.70854949951172,1090200.0,-0.0082873127572765,-0.0083218434437155,0.6599998474121094,38.83083527416439,PWR,1090200.0,34568660.664367676,0.7849099124838007,25.468983772586018,-0.8287312757276566,2.0814570764969007,1.3963868168237406,음봉,31.551525497436522,32.22279005050659,33.177024618784586,False,False,0,0.640714917864118,0.0956323476822244,False,38.830835274164386,-0.5044431230649096,0.0029946331031606155,23.1056760911892
2018-10-19,32.380001068115234,32.5099983215332,32.0099983215332,32.09000015258789,31.492639541625977,1211000.0,-0.0068092032367821,-0.0068324916383209,0.5,35.71427721488111,PWR,1211000.0,38137586.48490906,0.8712817239028324,11.080535681526316,-0.6809203236782135,1.5876725713610502,2.1175726395616277,음봉,31.698733139038087,32.10551490783691,33.151508522033694,False,False,0,0.6371432713099886,0.09200805996187313,False,35.71427721488111,-0.49408389845403633,0.01068308617122704,15.860374378031436
2018-10-22,32.310001373291016,32.40999984741211,31.82999992370605,31.82999992370605,31.23748207092285,849700.0,-0.0081021303522642,-0.0081351309815268,0.5799999237060582,32.071610342236326,PWR,849700.0,26542488.515663147,0.6119770350419104,-29.834847233691164,-0.8102130352264258,1.8567435185371306,2.595405922024021,음봉,31.712472915649414,31.981860637664795,33.12092192967733,False,False,0,0.6500002997262138,0.07211153499637242,False,32.071610342236326,-0.50069155320584,0.0032603451355386337,7.298041831106172
2018-10-23,31.31999969482422,31.739999771118164,31.059999465942383,31.459999084472656,30.87437057495117,1077800.0,-0.0116242242299574,-0.0116923136969135,0.6800003051757812,29.345877029444296,PWR,1077800.0,33276396.60568237,0.7823399894230736,26.844768741908908,-1.1624224229957458,2.2024750383979503,0.26416221292745623,음봉,31.45731315612793,31.872436046600342,33.091153113047284,False,False,0,0.6585716520036969,0.0717428433477167,False,29.345877029444296,-0.5291287632660371,-0.020141491939726697,-6.387278981676214
2018-10-24,31.420000076293945,31.65999984741211,30.26000022888184,30.299999237060547,29.735960006713867,1070000.0,-0.0368723490402395,-0.0375693204549473,1.39999961853027,28.6496915359012,PWR,1070000.0,31817477.207183838,0.7823625468738574,-0.7236964186305483,-3.6872349040239505,4.708102977721836,1.7672570847013613,음봉,31.009800338745116,31.729644584655762,33.02948939005534,False,False,0,0.6957144056047709,0.10423251053070517,True,28.649691535901198,-0.63619204994448,-0.10176382289453567,-20.713046638054102
2018-10-25,30.6200008392334,31.26000022888184,30.559999465942383,31.049999237060547,30.472002029418945,1331300.0,0.0247525898790181,0.0244512077267748,0.7000007629394567,38.66670985609825,PWR,1331300.0,40567376.30176544,0.9692061287291981,24.420560747663544,2.4752589879018183,2.2971932144912786,2.9729688643646615,음봉,30.762490844726564,31.639848232269287,32.979602400461836,False,False,0,0.7142857142857143,0.10452833050989825,False,38.66670985609825,-0.6541078875543143,-0.09574372840349599,8.379515533578621
2018-10-26,30.700000762939453,31.36000061035156,30.309999465942383,30.959999084472656,30.3836727142334,1453600.0,-0.0028987040333047,-0.0029029134123049,1.050001144409176,36.53198879038578,PWR,1453600.0,44165706.65740967,1.062156538441018,9.186509426875977,-0.2898704033304722,3.455807183959355,0.7482236752950735,음봉,30.540697479248045,31.52110023498535,32.91172320048015,False,False,0,0.7385715757097514,0.10492211530214694,False,36.53198879038578,-0.6677365046987092,-0.08749787643831264,4.888239201054713
2018-10-29,31.200000762939453,31.600000381469727,30.43000030517578,30.809999465942383,30.236467361450195,1186400.0,-0.0048448834401195,-0.0048566579339883,1.170000076293945,36.532012696385166,PWR,1186400.0,35872544.87762451,0.8741342652043029,-18.381948266373136,-0.4844883440119574,3.869499906545399,2.6867326290137443,음봉,30.340494537353514,31.389594745635986,32.84449841181437,False,False,0,0.7992858886718748,0.1053616824334906,False,36.532012696385166,-0.6825475405216253,-0.0818471298089829,-0.9301526104661303
2018-10-30,30.86000061035156,31.459999084472656,30.729999542236328,31.420000076293945,30.83510971069336,2180500.0,0.0197986868666542,0.0196052419999781,0.7299995422363281,47.6844033173962,PWR,2180500.0,67235956.72416687,1.6134171607362655,83.79130141604855,1.9798686866654203,2.3674296900042173,2.0621894795035933,음봉,30.332642364501954,31.281151294708252,32.78463385899862,False,False,0,0.7992858886718748,0.10572694342823451,False,47.684403317396196,-0.6386183636282006,-0.030334362332446574,22.731593902215504
2018-10-31,31.690000534057617,31.88999938964844,31.15999984741211,31.200000762939453,30.619203567504883,1760300.0,-0.0070019580022315,-0.0070265867437741,0.7299995422363317,47.931000858166605,PWR,1760300.0,53898984.039878845,1.314171986410213,-19.27080944737446,-0.7001958002231579,2.3841232206674876,2.7724591590079175,음봉,30.509291076660155,31.15995044708252,32.72656853993734,False,False,0,0.7907144001552037,0.07747795908548266,False,47.931000858166605,-0.6141464972722801,-0.00468999678122084,14.197756566592338
2018-11-01,31.59000015258789,33.58000183105469,31.350000381469727,33.43000030517578,32.80769348144531,2766100.0,0.0714744232035806,0.0690356655612806,2.230001449584961,63.177773720257385,PWR,2766100.0,90749360.93902588,2.046994190185101,57.13798784298132,7.147442320358066,6.797190576186522,3.1705481265792335,양봉,30.97642936706543,31.1987154006958,32.703833198547365,False,True,0,0.8900002070835661,0.09845704976247,True,63.177773720257385,-0.4133941701289743,0.15684986428966796,76.73771153893658
2018-11-02,33.77000045776367,34.810001373291016,33.77000045776367,34.380001068115234,33.74001693725586,2782100.0,0.0284178299927677,0.0280215338640945,1.0400009155273438,65.48463226630221,PWR,2782100.0,93868101.12113953,2.0493500206955093,0.5784317269802219,2.8417829992767762,3.0823959497749116,2.933174734952339,음봉,31.647698211669923,31.2953821182251,32.69859917958578,True,True,0,0.9178573063441687,0.12794401791982593,False,65.48463226630221,-0.17702515757165216,0.31457510147759205,76.48386446342103
2018-11-05,34.459999084472656,35.2400016784668,33.97999954223633,34.90999984741211,34.26013946533203,1412800.0,0.0154155977171976,0.01529798456858,1.2600021362304688,63.454261698374445,PWR,1412800.0,48402725.036621094,1.048332917171165,-49.218216455195716,1.5415597717197693,3.6777495827343896,2.1339116354200454,음봉,32.45243263244629,31.41069450378418,32.70612277984619,True,True,0,0.9357145854404997,0.1440330922346565,False,63.454261698374445,0.051672876245106636,0.43461850823548065,80.32405767238423
2018-11-06,34.75,35.09000015258789,34.65999984741211,34.810001373291016,34.16200256347656,1146100.0,-0.00286446299948,-0.0028685734249354,0.4300003051757812,64.09600378188972,PWR,1146100.0,39153071.13800049,0.8475299845763424,-18.87740656851642,-0.28644629994800663,1.2587093053950682,1.429826446455831,음봉,33.11781120300293,31.52846050262451,32.72427819569906,True,True,0,0.9400003978184294,0.14349509574822278,False,64.09600378188972,0.22243479801911548,0.4843043440075916,78.35343772680876
2018-11-07,35.16999816894531,35.599998474121094,34.709999084472656,35.54999923706055,34.88822555541992,1616900.0,0.0212582090465558,0.0210354053938507,0.8899993896484375,69.33166347770627,PWR,1616900.0,56410771.90055847,1.2004277784979436,41.078439926707965,2.1258209046555843,2.5510021661453495,2.950633832415969,음봉,33.971615600585935,31.71786766052246,32.74930330912272,True,True,0,0.9564289365495957,0.16244047688990154,False,69.33166347770627,0.41162007742135387,0.5387916987278639,86.67091474541708
2018-11-08,35.630001068115234,35.81999969482422,35.20000076293945,35.34000015258789,34.68214416503906,1128400.0,-0.0059069037504787,-0.0059244185125047,0.6199989318847656,69.41462133559281,PWR,1128400.0,39135331.47583008,0.840864412192612,-30.212134331127473,-0.5906903750478754,1.7876603272693514,2.1261485813229526,음봉,34.34650573730469,31.9092378616333,32.77220236460368,True,True,0,0.9650002888270789,0.16146626788918023,False,69.41462133559281,0.5387117942169866,0.5327067324187973,79.53497052014018
2018-11-09,35.0099983215332,35.0099983215332,34.349998474121094,34.84000015258789,34.19145584106445,1812800.0,-0.0141481542098322,-0.0142491934886412,0.6599998474121094,67.4797289351012,PWR,1812800.0,61982271.14868164,1.3477637462428176,60.652250974831624,-1.4148154209832287,1.930306362150978,0.9453110941872799,음봉,34.43679351806641,32.08098058700561,32.799354044596356,True,True,0,0.9707145690917969,0.16060187233781056,False,67.4797289351012,0.5930026827373354,0.4695980967513168,70.7096401045474
2018-11-12,34.77000045776367,34.77000045776367,33.54999923706055,33.630001068115234,33.00397872924805,1282100.0,-0.0347302296028655,-0.0353476618956342,1.220001220703125,61.48150829403773,PWR,1282100.0,42314401.12876892,0.9499013904128196,-29.2751544571933,-3.4730229602865537,3.6965277147690165,1.6920736554434106,음봉,34.18556137084961,32.172740364074706,32.791012382507326,True,True,0,1.0092860630580358,0.16014382021555332,False,61.481508294037724,0.5340528949347387,0.3285186471589761,49.35213604199732
2018-11-13,33.619998931884766,34.369998931884766,33.529998779296875,33.68000030517578,33.05303955078125,1374500.0,0.0014865123364573,0.0014854085706996,0.8400001525878906,70.26383339683605,PWR,1374500.0,45431402.86254883,1.0203676427266835,7.206926136806802,0.14865123364573574,2.5413703671559493,1.8665028470970475,음봉,33.963768768310544,32.21788387298584,32.78381551106771,True,True,0,0.9692861012050086,0.15991942763895006,False,70.26383339683605,0.48569477464264565,0.22412842149350637,49.78293958066717
2018-11-14,34.040000915527344,34.20000076293945,33.529998779296875,33.75,33.12174606323242,1389500.0,0.0020786745601901,0.0020765171054734,0.6700019836425781,67.6240885255776,PWR,1389500.0,46022666.15486145,1.0611074544257812,1.0913059294288763,0.20786745601901746,2.0228462061253762,2.985992750318074,음봉,33.61047286987305,32.27529497146607,32.7723658879598,True,True,0,0.9671433312552316,0.15963496393328297,False,67.6240885255776,0.44775323666468836,0.14894950681243924,51.029881678619034
2018-11-15,33.5099983215332,34.45000076293945,33.16999816894531,34.279998779296875,33.641876220703125,1464000.0,0.0157035850850897,0.0155815596263711,1.2800025939941406,70.49392381876959,PWR,1464000.0,49251706.787109375,1.116827856277071,5.361640878013674,1.5703585085089733,3.8047895592887007,1.1721974365710444,양봉,33.40241928100586,32.37196130752564,32.77416502634684,True,True,0,0.9835720062255862,0.15915827588451636,False,70.49392381876959,0.45441622389711966,0.12448999523589638,59.5895413586835
2018-11-16,33.9900016784668,34.56999969482422,33.939998626708984,34.41999816894531,33.77927017211914,1075800.0,0.0040840157223889,0.0040756987668733,0.6300010681152344,72.3115764165147,PWR,1075800.0,36339738.85116577,0.8213875823655095,-26.516393442622956,0.4084015722388923,1.8650523380319417,1.034797986532738,음봉,33.3199821472168,32.48629283905029,32.78103472391764,True,True,0,0.9450006484985354,0.15859813781253462,False,72.3115764165147,0.4654181818258323,0.10839356253168714,59.90708327056695
2018-11-19,34.290000915527344,34.599998474121094,33.95000076293945,34.0,33.367088317871094,769700.0,-0.012202213136868,-0.0122772713487319,0.6499977111816406,66.32918909929334,PWR,769700.0,25682647.87826538,0.5921029495802014,-28.453244097415876,-1.220221313686809,1.948020471518062,1.511965003405408,음봉,33.39260406494141,32.59277315139771,32.78479684193929,True,True,0,0.9392862319946291,0.15807999904681647,False,66.32918909929334,0.43585343477212035,0.06306305238238014,47.36241508000632
2018-11-20,33.77000045776367,34.15999984741211,33.27000045776367,33.7400016784668,33.11193084716797,1458600.0,-0.0076469804099288,-0.0076763684804875,0.8899993896484375,65.99507067093265,PWR,1458600.0,48297062.3336792,1.1108158878979166,89.50240353384436,-0.7646980409928839,2.6878510762671466,1.2075136315588624,음봉,33.40438232421875,32.70465116500854,32.78070780436198,True,True,0,0.9507147925240653,0.1575392295949202,False,65.99507067093265,0.38736873859392773,0.01166268496334999,39.416794996686676
2018-11-21,33.880001068115234,34.45000076293945,33.84000015258789,34.0099983215332,33.37689971923828,818500.0,0.0080022174875065,0.0079703695351564,0.6100006103515625,54.84954811132373,PWR,818500.0,27318992.420196533,0.6237035280969274,-43.88454682572329,0.8002217487506513,1.82761315605344,2.31961773685861,음봉,33.455413055419925,32.886698150634764,32.77890860239665,True,True,0,0.8350004468645368,0.14144801562816486,False,54.84954811132373,0.3661048127095654,-0.0076809927368098885,7.807601175789785
2018-11-23,33.630001068115234,34.099998474121094,33.540000915527344,33.70000076293945,33.07267761230469,293700.0,-0.0091147503061298,-0.0091565437946834,0.55999755859375,43.63292785811983,PWR,293700.0,9713445.414733887,0.22505227027533267,-64.11728772144166,-0.9114750306129848,1.6932332034265134,0.7583129380080402,음봉,33.341573333740236,33.016731929779056,32.76271597544352,True,True,0,0.8007144927978516,0.1408909338411573,False,43.63292785811983,0.3210044769170324,-0.04222506282347438,-3.672471720873723
2018-11-26,33.959999084472656,34.84000015258789,33.959999084472656,34.58000183105469,33.93628692626953,1740100.0,0.0261124703626518,0.0257773609772214,0.8800010681152344,47.100193876031376,PWR,1740100.0,59052532.88040161,1.3155445419799234,492.47531494722506,2.611247036265185,2.5930976775011874,2.682944158829888,음봉,33.37297668457031,33.19436264038086,32.76484203338623,True,True,1,0.7735715593610492,0.1401369938734981,False,47.100193876031376,0.35090319640534773,-0.009861074668127245,28.916540229918148
2018-11-27,34.369998931884766,34.84000015258789,34.290000915527344,34.709999084472656,34.063865661621094,1334700.0,0.003759360463587,0.0037523117283405,0.5499992370605469,49.12588172934476,PWR,1334700.0,45465041.498565674,1.0074438565718722,-23.297511637262225,0.3759360463587047,1.614611924917897,1.2780184424934977,음봉,33.512332153320315,33.3857325553894,32.7668046315511,True,True,1,0.7821429116385323,0.12786965152950935,False,49.12588172934476,0.3805064433099332,0.01579373778916654,33.73082935789325
2018-11-28,34.70000076293945,34.779998779296875,33.599998474121094,34.709999084472656,34.063865661621094,1247400.0,0.0,0.0,1.1800003051757812,41.56623073530732,PWR,1247400.0,42491266.02630615,0.9440089948863206,-6.540795684423461,0.0,3.464082194597362,1.8674777185816491,음봉,33.702719116210936,33.547170352935794,32.77907206217448,True,True,1,0.8028572627476284,0.12725430917130828,False,41.566230735307315,0.3993636146077222,0.02772072726956437,33.73082935789325
2018-11-29,34.689998626708984,34.83000183105469,34.18000030517578,34.380001068115234,33.74001693725586,753400.0,-0.0095071043193464,-0.0095525853269481,0.6500015258789062,40.58818463198828,PWR,753400.0,25419728.760528564,0.5724054095122322,-39.60237293570626,-0.9507104319346427,1.9265002951470722,1.8381148261553268,음봉,33.775342559814455,33.70321102142334,32.782670466105145,True,True,0,0.8050003051757812,0.06173097491073256,False,40.58818463198828,0.38375251308701763,0.0096877005990878,30.97927831738693
2018-11-30,34.310001373291016,35.11000061035156,34.290000915527344,35.099998474121094,34.44660568237305,1615900.0,0.0209421573922499,0.0207258846807776,0.8199996948242188,52.44353128740043,PWR,1615900.0,55662270.12214661,1.2252540133018481,114.48101937881603,2.0942157392249916,2.380494909673575,1.6893424715675742,양봉,34.05012817382813,33.785156631469725,32.796409861246744,True,True,1,0.8164288657052177,0.055771439710205845,False,52.44353128740043,0.42351439882132524,0.03955966906671626,65.80442818939751
2018-12-03,35.65999984741211,36.0,35.22999954223633,35.83000183105469,35.16301345825195,1910400.0,0.0207976304685806,0.020584312356263,0.7700004577636719,72.72737494237623,PWR,1910400.0,67175420.91064453,1.4380626244136279,18.22513769416425,2.079763046858063,2.189802243991038,3.522536229629088,음봉,34.29547348022461,33.85630645751953,32.82765064239502,True,True,1,0.7842859540666852,0.06377053361425909,False,72.72737494237623,0.506989836730888,0.09842808558102317,70.42452296095802
2018-12-04,35.61000061035156,35.63999938964844,33.439998626708984,33.5099983215332,32.88620376586914,1588800.0,-0.0647501299934376,-0.0669415447471418,2.200000762939453,48.80449086099073,PWR,1588800.0,52249600.54321289,1.1912511335965896,-16.834170854271356,-6.4750129993437655,6.689737674199775,1.2711855672731363,음봉,34.059941101074216,33.78760967254639,32.81309337615967,True,True,0,0.8814288548060826,0.06738593568614591,True,48.80449086099073,0.3849873144844196,-0.01885954933235623,-10.028064291760797
2018-12-06,33.0,33.0,31.93000030517578,32.650001525878906,32.04220962524414,1568300.0,-0.0256640792787684,-0.0259991469955905,1.0699996948242188,43.03784638063664,PWR,1568300.0,50251797.355270386,1.1640002261958338,-1.2902819738167204,-2.566407927876846,3.3393442816166776,0.3460303139304953,음봉,33.655609893798825,33.681620025634764,32.78087120056152,False,False,0,0.9100001198904855,0.09265598954660133,False,43.03784638063664,0.217686805045048,-0.14892804701738227,2.756985957789013
2018-12-07,32.77000045776367,32.939998626708984,31.290000915527344,31.32999992370605,30.74679183959961,1636900.0,-0.0404284785848211,-0.0412684260151562,1.6499977111816406,33.026362815355625,PWR,1636900.0,50329423.5622406,1.206509378334363,4.374163106548501,-4.042847858482112,5.366406094624041,2.2713503251852782,음봉,33.05696487426758,33.47454833984375,32.71838976542155,False,False,0,0.9364283425467355,0.13192774324592896,True,33.026362815355625,-0.019208024909517007,-0.30865830157755786,-11.533103641538254
2018-12-10,30.82999992370605,31.26000022888184,30.600000381469727,30.709999084472656,30.13832664489746,1909100.0,-0.0197895506586963,-0.0199879861459402,0.6599998474121129,29.77085112349013,PWR,1909100.0,57537079.39777374,1.3946606152247722,16.62899382980023,-1.9789550658696364,2.189902097712693,0.27062362974492793,음봉,32.19530906677246,33.24735746383667,32.65672616958618,False,False,0,0.9385711124965125,0.15113041145660586,False,29.770851123490132,-0.2531290265890789,-0.43406344260569574,-8.54951424418656
2018-12-11,31.299999237060547,31.670000076293945,30.6299991607666,30.700000762939453,30.128517150878903,1843200.0,-0.0003254823711394,-0.0003255353520229,1.0400009155273438,31.164260168085107,PWR,1843200.0,55532882.81249999,1.3312376831830954,-3.4518883243413123,-0.03254823711394961,3.4518821829802704,3.8544694463312608,음봉,31.18840980529785,33.044210529327394,32.59359045028687,False,False,0,0.9664284842354913,0.1523563803379365,False,31.164260168085107,-0.43429832911912314,-0.492186196108592,-8.731171553659262
2018-12-12,31.209999084472656,31.670000076293945,31.1200008392334,31.350000381469727,30.76641845703125,2035300.0,0.0211726751422194,0.0209516484304709,0.5499992370605469,36.93980426125575,PWR,2035300.0,62618891.4855957,1.453403413161164,10.422092013888884,2.1172675142219433,1.7876609129160823,3.5895624340815084,음봉,30.764452743530274,32.93233251571655,32.53699738184611,False,False,0,0.942142759050642,0.15287396679146242,False,36.93980426125575,-0.5204041077715971,-0.4626335798088527,3.0818164318096324
2018-12-13,31.57999992370605,31.729999542236328,30.559999465942383,30.61000061035156,30.04019546508789,1793300.0,-0.0236044046842049,-0.0238874516207881,1.170000076293945,32.32841819102346,PWR,1793300.0,53871082.527542114,1.2709783385176143,-11.890139045840908,-2.3604404684204994,3.8947818354034873,2.6443814635462326,음봉,30.364049911499023,32.78169031143189,32.47746019363403,False,False,0,0.9821427209036694,0.1562707091823631,False,32.32841819102346,-0.6398676874660687,-0.46567772760265946,-9.555219665884444
2018-12-14,30.239999771118164,30.65999984741211,30.13999938964844,30.270000457763672,29.70652198791504,1412300.0,-0.0111075667786729,-0.0111697164481501,0.5200004577636683,32.227881411727566,PWR,1412300.0,41954521.00353241,0.9940896430211421,-21.24574806223164,-1.1107566778672973,1.750458899144136,0.6651231889036208,음봉,30.15599594116211,32.61092910766602,32.40827248891195,False,False,0,0.9792857851300921,0.16732094483791413,False,32.227881411727566,-0.752790396944576,-0.46288034966493324,-7.397224515090901
2018-12-17,30.18000030517578,30.18000030517578,29.26000022888184,29.3799991607666,28.83308792114257,1722400.0,-0.0294020978668518,-0.0298430034257328,0.9200000762939418,23.084825353648554,PWR,1722400.0,49662110.63537596,1.20571751121146,21.95709126956029,-2.9402097866851995,3.1907788677026474,1.5938530853708106,음봉,29.894948196411132,32.37048969268799,32.32174701690674,False,False,0,0.9821428571428569,0.19554617792943732,False,23.084825353648554,-0.9023594493332929,-0.48995952164292017,-6.334010715677578
2018-12-18,29.549999237060547,29.850000381469727,29.059999465942383,29.190000534057617,28.646629333496094,1995200.0,-0.0064668268676749,-0.006487827379285,0.7900009155273438,21.60489482524197,PWR,1995200.0,57155754.846191406,1.3832227394275527,15.838365071992566,-0.6466826867674857,2.7577447466170373,2.486418790379656,음봉,29.59857063293457,32.113857650756835,32.23522179921468,False,False,0,0.9992858341761995,0.2029150217835099,False,21.60489482524197,-1.0241340705972952,-0.48938731432553784,-5.95634150772325
2018-12-19,29.1200008392334,29.81999969482422,28.38999938964844,28.549999237060547,28.018539428710938,1700300.0,-0.0219254383289952,-0.0221693729259513,1.4300003051757777,20.27021855360661,PWR,1700300.0,47639922.59063721,1.1734633738075728,-14.780473135525263,-2.1925438328995295,5.103764629895158,1.6524509750394898,음봉,29.04899482727051,31.846430206298827,32.14035466512044,False,False,0,1.0171429770333422,0.22434144057150643,True,20.27021855360661,-1.1579745318485628,-0.4985822204614443,-4.881208030814379
2018-12-20,28.979999542236328,29.51000022888184,28.18000030517578,28.63999938964844,28.10686492919922,2134100.0,0.0031523948888561,0.0031474365098679,1.3299999237060582,21.64025551668924,PWR,2134100.0,59982860.44540405,1.457856094934794,25.513144739163685,0.31523948888561026,4.731939784306462,3.4315140372383963,음봉,28.662328720092773,31.59617691040039,32.05775470733643,False,False,0,1.065714291163853,0.22611830696483082,False,21.640255516689237,-1.2425930922560617,-0.46656062469515447,-0.9352350234101444
2018-12-21,28.63999938964844,29.239999771118164,28.209999084472656,28.25,27.7241268157959,2689200.0,-0.0136172466892851,-0.0137108117630462,1.0300006866455078,15.015324899989636,PWR,2689200.0,74555721.83303833,1.8292534399806515,26.010964809521585,-1.36172466892851,3.7151780955592155,1.8968122620298642,음봉,28.265849685668947,31.31353826522827,31.976627000172932,False,False,0,1.0807143620082307,0.23756135699032369,False,15.015324899989636,-1.3252608954421916,-0.4393827423050273,-5.8295844906696015
2018-12-24,28.1200008392334,29.549999237060547,27.89999961853028,27.93000030517578,27.41008377075196,1305000.0,-0.0113274278079342,-0.0113920717482948,1.64999961853027,7.889153367236688,PWR,1305000.0,35770159.32083131,0.8885572117795569,-51.47255689424364,-1.1327427807934165,6.019681049975137,1.4279043883609337,음봉,27.98124885559082,31.030408573150634,31.89566291173299,False,False,0,1.1435714449201304,0.24984942332368423,True,7.889153367236702,-1.3999782958856315,-0.41128011419877364,-6.329662303175297
2018-12-26,27.979999542236328,29.790000915527344,27.96999931335449,29.780000686645508,29.225645065307617,1766700.0,0.0662369845251245,0.0641356129732808,1.8200016021728551,29.06849138772523,PWR,1766700.0,51632947.13687897,1.2014501326643625,35.379310344827594,6.623698452512428,6.227412938554068,2.0792193714216185,양봉,28.097052001953124,30.794876480102538,31.83677978515625,False,False,0,1.1164286477225163,0.25176037619470193,True,29.068491387725217,-1.2977323007028545,-0.2472272952127974,25.993046031798762
2018-12-27,29.18000030517578,30.170000076293945,29.07999992370605,30.170000076293945,29.608379364013672,1593700.0,0.0130958375033569,0.0130108283960276,1.0900001525878942,35.30805883647906,PWR,1593700.0,47186874.19242859,1.078120520273731,-9.792268070413767,1.3095837503356966,3.6813907954472223,-0.15618050527144284,양봉,28.415019989013672,30.57210216522217,31.782476488749186,False,False,0,1.117857251848493,0.25359491622788943,False,35.30805883647905,-1.1723045564240913,-0.09743964074722733,33.896430191972314
2018-12-28,30.290000915527344,30.59000015258789,29.950000762939453,30.020000457763672,29.4611759185791,1238900.0,-0.0049716819561385,-0.0049840818829427,0.6399993896484375,40.99034998771593,PWR,1238900.0,36499450.84552765,0.8351553931508242,-22.262659220681435,-0.4971681956138507,2.1723484202300107,2.302123811417121,음봉,28.68588218688965,30.34196767807007,31.72342977523804,False,False,0,1.0457145145961213,0.2555183556240979,False,40.990349987715916,-1.0724180851130178,0.001957464451076918,40.761784103070426
2018-12-31,29.989999771118164,30.21999931335449,29.850000381469727,30.100000381469727,29.579099655151367,1432500.0,0.0040026826117927,0.0039946931900641,0.3699989318847621,45.791564181531314,PWR,1432500.0,42372060.25600433,0.9644165839364889,15.62676567923158,0.4002682611792707,1.250879628516092,1.7949855565865935,음봉,29.056876754760744,30.133921813964843,31.665694427490234,False,False,0,1.025000163487025,0.25728246510240443,False,45.791564181531314,-0.9725311433038399,0.08147552500820376,43.840732899971655
2019-01-02,29.63999938964844,30.309999465942383,29.38999938964844,29.920000076293945,29.402212142944336,1560700.0,-0.0059801520083193,-0.0059981047264453,0.9200000762939418,44.66830148957068,PWR,1560700.0,45888032.491493225,1.0496256220950217,8.949389179755673,-0.5980152008319362,3.12901652372682,0.20588772209795045,음봉,29.455302429199218,29.881702136993407,31.621858056386312,False,False,0,1.0164286749703533,0.2594540850436328,False,44.66830148957067,-0.897299852053294,0.12536545300699986,39.22225990439341
2019-01-03,29.989999771118164,30.1299991607666,29.420000076293945,29.549999237060547,29.03861618041992,1649800.0,-0.0123662791342613,-0.01244337783952,0.7099990844726562,36.784221819822136,PWR,1649800.0,47907908.97445678,1.1064373826363547,5.708976741205873,-1.236627913426136,2.4450169390351064,1.999127226605226,음봉,29.41789665222168,29.575482273101805,31.575723616282144,False,False,0,1.0278572354997897,0.18515742007350394,False,36.784221819822115,-0.85713712398654,0.13242254485900307,29.7288925475453
2019-01-04,30.1299991607666,31.25,30.0,31.170000076293945,30.63058280944824,1326500.0,0.0548223999083588,0.0533724114379483,1.25,53.98768342998513,PWR,1326500.0,40631468.096733086,0.8861412490244647,-19.596314704812702,5.48223999083588,4.0808887241101655,3.7583849504597886,양봉,29.622337341308594,29.46270122528076,31.553668467203774,True,False,0,1.033571515764508,0.15721999890890992,False,53.987683429985154,-0.6889081657896838,0.24052120244468755,81.5099367158875
2019-01-07,31.059999465942383,31.63999938964844,30.780000686645508,31.290000915527344,30.748506546020508,1512000.0,0.0038498691750616,0.0038424773942478,0.8599987030029332,57.24920766943082,PWR,1512000.0,46491741.89758301,1.009730967372639,13.984168865435365,0.3849869175061693,2.796879587357503,1.4019212731456332,음봉,29.879803466796876,29.39801607131958,31.53603219985962,True,False,0,1.0578571047101697,0.114168747922881,False,57.24920766943083,-0.5398470239340796,0.3116658754402335,76.16329149235749
2019-01-08,31.6299991607666,31.770000457763672,31.290000915527344,31.770000457763672,31.220197677612305,1286600.0,0.0153402940362592,0.0152238213653326,0.4799995422363281,67.59071100018022,PWR,1286600.0,40167906.33201599,0.8591844003205413,-14.907407407407403,1.534029403625925,1.537464775825334,2.8667818823225972,음봉,30.208023071289062,29.421686363220214,31.538034121195476,True,False,0,1.0264284951346259,0.1295001877126708,False,67.59071100018028,-0.37928134361898813,0.37778524460426,85.79321289603963
2019-01-09,31.84000015258789,32.150001525878906,31.600000381469727,31.809999465942383,31.25950813293457,1240100.0,0.0012591353753808,0.0012583433292265,0.5500011444091797,69.68123576060256,PWR,1240100.0,38764916.03565216,0.8266196184651847,-3.6141769003575352,0.12591353753808043,1.759468325829818,1.985261212551643,음봉,30.57948226928711,29.47774543762207,31.544780254364014,True,False,0,1.0092856543404713,0.13058747556960848,False,69.68123576060258,-0.24602385014277672,0.4088341904643772,79.04722368701542
2019-01-10,31.59000015258789,32.43000030517578,31.3700008392334,32.41999816894531,31.858943939208984,1223600.0,0.0191761112722965,0.0189945668564955,1.0599994659423828,79.05285643129196,PWR,1223600.0,38982603.80401611,0.8145644979267843,-1.3305378598500117,1.917611127229657,3.3271644784114622,1.0572527828904597,양봉,31.143547821044923,29.564266777038576,31.56315263112386,True,True,0,0.9828570229666573,0.15048099119144337,False,79.05285643129199,-0.09099789948119863,0.4510881129007642,87.39390111683034
2019-01-11,32.29999923706055,32.470001220703125,32.04999923706055,32.29999923706055,31.741024017333984,1772500.0,-0.0037013129531225,-0.003708179761285,0.4200019836425781,77.37004534127193,PWR,1772500.0,56260965.07072449,1.1797353961292996,44.85943118666231,-0.3701312953122593,1.3232149769749466,1.3844002446947188,음봉,31.36563606262207,29.61299705505371,31.572689978281655,True,True,0,0.9178571701049802,0.15023336409300686,False,77.37004534127196,0.022091474357427643,0.4513419893915124,84.04864446825265
2019-01-14,31.989999771118164,32.40999984741211,31.920000076293945,32.09000015258789,31.53465843200684,1870200.0,-0.0065015415134195,-0.006522768590281,0.489999771118164,79.48158397093012,PWR,1870200.0,58976118.19953919,1.2473755087003104,5.511988716502114,-0.6501541513419529,1.553845183307352,0.7843973579687044,음봉,31.522866439819335,29.687720203399657,31.562431462605794,True,False,0,0.8792856761387414,0.1498552309836027,False,79.48158397093015,0.09398029349997117,0.4185846468272447,79.53298772911657
2019-01-15,32.189998626708984,32.310001373291016,31.76000022888184,31.90999984741211,31.35777282714844,1496200.0,-0.00560924435696,-0.0056250352457423,0.5500011444091761,81.20502940897993,PWR,1496200.0,46917499.7039795,1.000151730094444,-19.997861191316435,-0.5609244356960086,1.7539547449396813,2.0781585318742253,음봉,31.550381469726563,29.770282745361328,31.552168941497804,True,False,0,0.8007143565586635,0.14943963436659752,False,81.20502940897991,0.13512190932380008,0.3677810101208589,75.28382395264362
2019-01-16,31.959999084472656,32.119998931884766,31.68000030517578,31.920000076293945,31.36760139465332,1065700.0,0.0003134332134828,0.0003133841035547,0.4399986267089844,73.6959246458278,PWR,1065700.0,33428452.806282043,0.7155771749776979,-28.77289132468921,0.03134332134828721,1.4027168388590372,1.9205007340407452,음봉,31.572000122070314,29.897008419036865,31.546486473083498,True,False,0,0.7021427154541013,0.14880619846981816,False,73.6959246458278,0.1665995634673756,0.3194069314115475,67.48084353164316
2019-01-17,31.90999984741211,32.65999984741211,31.86000061035156,32.540000915527344,31.97687339782715,1264400.0,0.0194236083119088,0.0192373776824272,0.7999992370605504,74.95142423929454,PWR,1264400.0,40431558.72421265,0.8482589634179457,18.64502205123393,1.9423608311908813,2.501805686590081,1.729167767514548,양봉,31.595586013793945,30.063520622253417,31.554557037353515,True,True,0,0.6814283643450053,0.15190468489890668,False,74.95142423929454,0.23796586752572324,0.3126185883759161,79.10928581177794
2019-01-18,32.7599983215332,33.540000915527344,32.70000076293945,33.5,32.920257568359375,1955300.0,0.02950207666633,0.0290752646437795,0.8400001525878906,81.20568144706002,PWR,1955300.0,64368979.623413086,1.2967668178004508,54.642518190446054,2.950207666633009,2.5516208396717994,2.4490353198798624,양봉,31.831432723999022,30.30860652923584,31.582603295644123,True,True,0,0.6957141331263949,0.1818022808898282,False,81.20568144706002,0.36642349408083774,0.35286097194482446,85.06643086024607
2019-01-22,33.540000915527344,33.66999816894531,33.099998474121094,33.40999984741211,32.831817626953125,1738100.0,-0.0026864899590351,-0.0026901050492391,0.5699996948242188,79.50093258569635,PWR,1738100.0,57064982.21740723,1.1449096098953377,-11.10826983071651,-0.26864899590351987,1.736119825288869,1.8825592293166695,음봉,32.09086456298828,30.544854164123535,31.61522741317749,True,True,0,0.7099999019077846,0.18039614031221635,False,79.50093258569635,0.4558361293143349,0.3538188857426573,80.41633689134169
2019-01-23,33.650001525878906,33.689998626708984,32.81999969482422,33.22999954223633,32.65493392944336,995400.0,-0.0053875694461872,-0.0054021347363524,0.8699989318847656,79.50098759699954,PWR,995400.0,32504721.23336792,0.6571646542744384,-42.730567861457914,-0.5387569446187235,2.664218931707377,2.492045698542432,음봉,32.35029678344726,30.79139451980591,31.663876978556313,True,True,0,0.7064283915928434,0.17895174556199828,False,79.50098759699954,0.5065836696040229,0.32365314082587615,75.75960073417313
2019-01-24,33.15999984741211,33.810001373291016,33.099998474121094,33.63999938964844,33.057830810546875,1511000.0,0.0123380093793497,0.0122625164622292,0.7100028991699219,86.19476638930061,PWR,1511000.0,49950382.35473633,0.9906990249430982,51.79827205143661,1.2338009379349701,2.147760097263854,1.5466756694716712,음봉,32.68834266662598,31.073781871795653,31.70697412490845,True,True,0,0.7064286640712195,0.12934423774709658,False,86.19476638930061,0.572710027359431,0.31182359886502736,80.2579975950395
2019-01-25,33.93000030517578,34.880001068115234,33.900001525878906,34.75,34.14862060546875,1970600.0,0.0329964116875407,0.0324637164504815,0.979999542236328,84.82497310430175,PWR,1970600.0,67293271.76513672,1.2801447728643682,30.416942422236936,3.299641168754075,2.8698071103914096,2.6383143516804695,양봉,33.1226921081543,31.319930648803712,31.769723256429035,True,True,0,0.6871429170881002,0.16315503639992932,False,84.82497310430175,0.7050063878469288,0.35529596748202014,82.1614537902968
2019-01-28,34.20000076293945,35.13999938964844,34.099998474121094,35.02000045776367,34.4139518737793,1828600.0,0.0077698971029025,0.0077398669064604,1.0400009155273438,85.25527825037604,PWR,1828600.0,62929352.39639282,1.1786785296624345,-7.205927128793266,0.7769897102902545,3.0220328061763286,0.15046041848751812,양봉,33.42143096923828,31.560209274291992,31.83934799830119,True,True,0,0.7000002179827008,0.17032002692510556,False,85.25527825037604,0.8217891488023952,0.3776629827499891,81.14161549025319
2019-01-29,35.13999938964844,35.22999954223633,34.79999923706055,34.900001525878906,34.2960319519043,1723700.0,-0.0034265149875113,-0.0034323989347918,0.4300003051757812,81.7445597419527,PWR,1723700.0,59116070.27549744,1.1066192468192866,-5.736629115170078,-0.3426514987511342,1.2537902512418944,2.109747577180554,음봉,33.714273834228514,31.80195207595825,31.897030035654705,True,True,0,0.6964288439069476,0.16902533783210885,False,81.7445597419527,0.89451377801905,0.3603100895733151,75.80394030688558
2019-01-30,35.06999969482422,35.33000183105469,34.41999816894531,35.18000030517578,34.5711784362793,984900.0,0.0080226915102266,0.0079906808146742,0.910003662109375,82.59197453114065,PWR,984900.0,34049153.64189148,0.6353425802104815,-42.86128676683878,0.8022691510226609,2.6322610430728313,2.256726795698437,음봉,34.0975227355957,32.05155601501465,31.96289628346761,True,True,1,0.7221433094569615,0.1726144669315784,False,82.59197453114065,0.9632468819649205,0.3432345548153485,80.83779786059115
2019-01-31,35.119998931884766,35.36000061035156,34.88999938964844,35.34000015258789,34.72842025756836,1774700.0,0.0045483500534668,0.0045380375674032,0.470001220703125,80.93237624022953,PWR,1774700.0,61632527.43110657,1.1379744142754054,80.1908823230785,0.45483500534668764,1.3533619358936941,1.5875087874630611,음봉,34.431640625,32.31786642074585,31.994908396402995,True,True,1,0.6800005776541573,0.17605754052798417,False,80.93237624022953,1.0186639390969674,0.3189212895579162,82.83749183675585
2019-02-01,35.29999923706055,35.380001068115234,34.20000076293945,34.4900016784668,33.893123626708984,3381100.0,-0.0240522495599937,-0.0243462283873004,1.1800003051757812,70.09174050542754,PWR,3381100.0,114596040.29426575,2.1418582272422415,90.51670704907873,-2.4052249559993744,3.4815330630839205,1.6458536704318516,음봉,34.380541229248045,32.560591793060304,31.997460174560548,True,True,0,0.7342861720493862,0.12585267104983947,True,70.09174050542754,0.9838398060225018,0.22727772518676037,59.81413149155663
2019-02-04,34.400001525878906,34.849998474121094,34.189998626708984,34.77000045776367,34.16827774047852,1391000.0,0.0081182872608622,0.008085511237461,0.6599998474121094,74.27535658591731,PWR,1391000.0,47528074.33700562,0.8844545999551883,-58.85954275235869,0.8118287260862278,1.9316157882614606,1.495518397042886,음봉,34.331406402587895,32.73747653961182,31.995929145812987,True,True,0,0.7464290346418109,0.12157057086340238,False,74.27535658591731,0.9672937073500734,0.16858530121146542,67.25072762757858
2019-02-05,34.84000015258789,35.0,34.400001525878906,34.619998931884766,34.0208740234375,1047500.0,-0.0043140517107889,-0.0043233840817626,0.5999984741210938,74.68124763127668,PWR,1047500.0,35636865.53955078,0.6777999400181589,-24.69446441409058,-0.4314051710788913,1.7636186351583607,1.965924115963243,음봉,34.27637481689453,32.901094913482666,31.993577003479004,True,True,0,0.7500002724783764,0.10662935653604667,False,74.68124763127668,0.9315482485424837,0.10627187392310067,63.2668442047028
2019-02-06,34.599998474121094,34.95000076293945,34.560001373291016,34.7599983215332,34.1584358215332,799100.0,0.0040434527931567,0.0040353000074582,0.3899993896484375,75.26683674685204,PWR,799100.0,27296006.064987183,0.5278193076521444,-23.71360381861575,0.40434527931567654,1.1417366757835703,1.702262117912156,음봉,34.193826293945314,33.04800682067871,31.98141384124756,True,True,0,0.746428898402623,0.10496584993631843,False,75.26683674685204,0.9039002034724604,0.06289906308246185,65.29644637154067
2019-02-07,34.56999969482422,34.68000030517578,34.060001373291016,34.29999923706055,33.7064208984375,741800.0,-0.0132328929069626,-0.0133212277837481,0.6199989318847656,66.11740499365631,PWR,741800.0,25003423.022460938,0.49344305914550707,-7.17056688774872,-1.3232892906962612,1.83940897715873,1.2048674460426232,음봉,33.98942642211914,33.17035245895386,31.9651517868042,True,True,0,0.7335717337472099,0.10161626815967283,False,66.11740499365631,0.8358796021766608,-0.0040972305706702405,37.552985854307046
2019-02-08,34.06999969482422,34.31999969482422,33.4900016784668,34.310001373291016,33.716243743896484,1120000.0,0.0002914235684821,0.0002913811128821,0.8299980163574219,58.9801832850317,PWR,1120000.0,37762192.99316406,0.7452258965999069,50.98409274737126,0.02914235684821076,2.4617155536718798,1.0786633130887322,음봉,33.95405044555664,33.26321744918823,31.957231585184733,True,True,0,0.7328572954450335,0.10133257360232231,False,58.9801832850317,0.7738450036233857,-0.05290546329915624,35.00951438631836
2019-02-11,34.38999938964844,34.66999816894531,34.150001525878906,34.61000061035156,34.01105499267578,757300.0,0.0087438936264263,0.0087058871774307,0.5199966430664062,62.71202471263986,PWR,757300.0,25756571.94595337,0.5085090985055919,-32.38392857142857,0.8743893626426358,1.528904772811036,1.9983117065759153,음봉,33.92260589599609,33.37671899795532,31.974016189575195,True,True,1,0.729285648890904,0.10098797999367182,False,62.71202471263986,0.7399413578945442,-0.06944728722239824,46.5255726140646
2019-02-12,34.88999938964844,35.68000030517578,34.84000015258789,35.41999816894531,34.807029724121094,861600.0,0.0234034119675712,0.0231337513363661,0.8400001525878906,70.46743293907134,PWR,861600.0,29989736.810302734,0.5801939580765806,13.77261323121617,2.340341196757123,2.413306045490503,2.584290305496067,음봉,34.079837036132815,33.540337562561035,32.00324935913086,True,True,1,0.7271428789411273,0.10283906327832672,False,70.46743293907134,0.768442852120927,-0.032756634396812534,66.16395498068995
2019-02-13,35.4900016784668,35.77000045776367,35.369998931884766,35.599998474121094,34.983909606933594,801400.0,0.005081728725905,0.0050688603199035,0.4000015258789062,69.1407784141483,PWR,801400.0,28036105.158996582,0.5455535637296058,-6.987000928505105,0.5081728725905066,1.1433871467574008,1.9621667225238903,음봉,34.24493179321289,33.72164440155029,32.034285418192546,True,True,1,0.7049999237060547,0.10723997232216885,False,69.1407784141483,0.796125975262008,-0.00405880900458544,65.52231264472434
2019-02-14,35.380001068115234,35.7599983215332,35.16999816894531,35.43000030517578,34.816864013671875,1568800.0,-0.0047749263915491,-0.0047863627723455,0.5900001525878906,58.13422190522888,PWR,1568800.0,54620696.26464844,1.0646633258502491,95.75742450711256,-0.47749263915491946,1.6945815463340108,1.1322103950987163,음봉,34.467020416259764,33.89410753250122,32.05386854807536,True,True,1,0.677142824445452,0.08871855399122056,False,58.13422190522888,0.7954167967760313,-0.0038143899924498736,58.19574761413981
2019-02-15,35.630001068115234,35.84000015258789,35.5099983215332,35.7599983215332,35.14114761352539,1252800.0,0.0093139807113638,0.0092708730555382,0.3300018310546875,58.72657790701291,PWR,1252800.0,44024829.73022461,0.851326557357952,-20.14278429372769,0.9313980711363801,0.939075282014051,2.33546896734886,음봉,34.752001190185545,34.05232124328613,32.076566505432126,True,True,1,0.6264286041259766,0.07301157728189298,False,58.72657790701291,0.8116653709217587,0.009947347322621924,70.26157477298479
2019-02-19,35.4900016784668,35.959999084472656,35.369998931884766,35.689998626708984,35.07235336303711,2142200.0,-0.0019576552036622,-0.0019595739151363,0.5900001525878906,59.42725318707379,PWR,2142200.0,75131995.3742981,1.4439850806632815,70.99297573435504,-0.19576552036622008,1.6822371355601533,0.9927224596590484,음봉,34.96426086425781,34.15992603302002,32.10498758951823,True,True,1,0.637857164655413,0.07278158862752752,False,59.42725318707379,0.8096581270263599,0.006352082741778342,64.06288851651364
2019-02-20,35.7400016784668,36.72999954223633,35.720001220703125,36.61000061035156,35.97644805908203,3342600.0,0.0257779877696415,0.0254513371442753,1.0099983215332031,64.80359417634125,PWR,3342600.0,120254875.2822876,2.20873871946231,56.03585099430492,2.5777987769641575,2.807387543857975,1.9036313546422143,양봉,35.19814453125,34.31715755462646,32.15272954305013,True,True,1,0.6449996403285435,0.09678873095335609,True,64.80359417634125,0.8709801410147335,0.05413927738412139,76.74222283969078
2019-02-21,36.54999923706055,36.959999084472656,35.720001220703125,36.18000030517578,35.55387496948242,2793300.0,-0.0117458257387066,-0.0118153529222381,1.2399978637695312,58.2352582985104,PWR,2793300.0,99312638.95225525,1.813107943955565,-16.433315383234604,-1.174582573870664,3.487658841220205,1.5942407016851852,음봉,35.312137603759766,34.462104606628415,32.18901246388753,True,True,1,0.6999994005475726,0.08469062704817487,True,58.235258298510395,0.8753892201428073,0.04683868520975598,59.4776609182324
2019-02-22,36.4900016784668,36.91999816894531,35.9900016784668,36.47999954223633,35.84867477416992,2335400.0,0.0082916364233305,0.008257449652224,0.9299964904785156,71.86823331075274,PWR,2335400.0,83720995.06759644,1.4918235244016693,-16.39279705008413,0.8291636423330528,2.5942283678185136,2.6329808207625667,음봉,35.518499755859374,34.60164680480957,32.23527908325195,True,True,1,0.6821419852120536,0.06560459892125717,False,71.86823331075274,0.8923844748747172,0.05106715195333256,67.97333887399287
2019-02-25,36.630001068115234,36.7400016784668,36.41999816894531,36.54999923706055,35.91748046875,1975500.0,0.0019193371864796,0.0019174976123278,0.3200035095214844,70.50712471903167,PWR,1975500.0,70954982.66601562,1.2553446444619951,-15.410636293568558,0.19193371864796305,0.8909408603977759,2.179512349807369,음봉,35.6737663269043,34.690089797973634,32.26829897562663,True,True,1,0.6578565325055804,0.06543733884416555,False,70.50712471903167,0.9010189951026888,0.04776133774504321,69.95621339894178
2019-02-26,36.5,36.58000183105469,35.86000061035156,35.900001525878906,35.27872848510742,1700200.0,-0.0177838750186924,-0.0179439083041508,0.720001220703125,63.223274059542206,PWR,1700200.0,59980894.17037964,1.070879697669536,-13.935712477853713,-1.7783875018692497,2.040893341740099,1.6218273766636304,음봉,35.71504135131836,34.733328628540036,32.2885466893514,True,True,0,0.6664281572614398,0.06535587720145175,False,63.223274059542206,0.8465613356733144,-0.005357057347465055,51.54836149285595
2019-02-27,35.65999984741211,36.04999923706055,35.380001068115234,35.970001220703125,35.34750747680664,1423100.0,0.0019495881697735,0.0019476901892109,0.6699981689453125,62.68361678475108,PWR,1423100.0,50303037.89024353,0.8863388313080065,-16.29808257852018,0.19495881697735307,1.8954608592555884,1.0807400909180658,음봉,35.58925323486328,34.785902404785155,32.30994071960449,True,True,0,0.6864280700683594,0.06525710140359234,False,62.68361678475108,0.7997342988693461,-0.04174727532114664,53.53046648175814
2019-02-28,35.93000030517578,35.9900016784668,35.59000015258789,35.63999938964844,35.023216247558594,1292100.0,-0.0091743733122011,-0.0092167170589067,0.4000015258789062,64.43947126244458,PWR,1292100.0,45253497.71347046,0.80832912961102,-9.205256130981665,-0.9174373312201167,1.142103920586647,1.6479035438392502,음봉,35.48312149047852,34.808504295349124,32.3313273747762,True,True,0,0.6707139696393695,0.06521472860147676,False,64.43947126244458,0.7280632825288507,-0.09073463332931364,44.18489092925875
2019-03-01,36.09000015258789,36.40999984741211,35.59000015258789,35.939998626708984,35.31802749633789,1675800.0,0.0084175949660205,0.0083823645788712,0.8199996948242188,66.53131318857834,PWR,1675800.0,59185950.47836304,1.0448302992216378,29.69584397492455,0.841759496602057,2.3217596025407823,3.0459335815672284,음봉,35.37699203491211,34.8379846572876,32.34585107167562,True,True,0,0.6699998038155692,0.06515954303831047,False,66.53131318857834,0.6871314658395846,-0.10533316001486381,41.56679662894503
2019-03-04,36.040000915527344,36.150001525878906,35.56999969482422,35.91999816894531,35.29838562011719,1322300.0,-0.0005561430695057,-0.000556297774424,0.5800018310546875,64.08603909927088,PWR,1322300.0,46675055.30548096,0.8238189326782727,-21.094402673350043,-0.055614306950579895,1.643139823154218,2.0442065153958957,음봉,35.25317306518555,34.908247756958005,32.34810727437337,True,True,1,0.674285888671875,0.06502839032337461,False,64.08603909927088,0.645664947357858,-0.11743974279727243,21.621966909283934
2019-03-05,35.970001220703125,36.0,35.689998626708984,35.720001220703125,35.10184860229492,1042800.0,-0.0055678755379184,-0.0055834339352773,0.3100013732910156,53.71300090801213,PWR,1042800.0,36604207.722473145,0.6478308802502323,-21.137412085003405,-0.5567875537918487,0.8831482831669102,1.9026807849341747,음봉,35.217797088623044,34.954926300048825,32.3850346883138,True,True,0,0.6364288330078125,0.06494155190484154,False,53.713000908012134,0.5901407625403934,-0.1383711420917897,-3.8072364130782246
2019-03-06,35.779998779296875,35.880001068115234,35.4900016784668,35.5,34.885650634765625,808300.0,-0.006159161871468,-0.006178207753667,0.3899993896484375,48.77464459079656,PWR,808300.0,28198071.408081055,0.5061807793467737,-22.48753356348293,-0.6159161871468033,1.117936408099495,1.9319500368354285,음봉,35.12542572021484,34.998165130615234,32.43242537180583,True,True,0,0.6357143947056362,0.06486131921981209,False,48.77464459079656,0.5226670959712081,-0.16467584692878,-15.885328980176372
2019-03-07,35.459999084472656,35.52000045776367,34.810001373291016,34.9900016784668,34.38447952270508,1600100.0,-0.0143661105050768,-0.014470302160372,0.7099990844726562,45.022663180609,PWR,1600100.0,55018605.684280396,1.005129028366199,97.95867870840034,-1.4366110505076857,2.0648824537356254,1.6463744813595618,음봉,34.99767837524414,35.00946731567383,32.49305349985759,False,True,0,0.6442857469831195,0.06484037989427603,False,45.022663180609,0.4238673300791689,-0.21078049025665546,-19.79173505036293
2019-03-08,34.79999923706055,35.27000045776367,34.65999984741211,35.189998626708984,34.58100509643555,775400.0,0.0057155314391394,0.0056992597607422,0.6100006103515625,43.35658830555405,PWR,775400.0,26814111.351776123,0.49106289298692685,-51.540528716955194,0.5715531439139498,1.7639759418514953,1.2084513714424232,음봉,34.85027389526367,35.05319652557373,32.56709814071655,False,True,0,0.6642856597900391,0.06447926406758857,False,43.35658830555405,0.3573069629105845,-0.22187268594019194,-3.4345555295713774
2019-03-11,35.20000076293945,35.95000076293945,35.189998626708984,35.88999938964844,35.268898010253906,1295000.0,0.0198922186298531,0.0196969537029743,0.7600021362304688,52.03257292495936,PWR,1295000.0,45673222.92327881,0.8223863265232064,67.01057518700027,1.9892218629853131,2.1548791686360866,1.7899874939369806,양봉,34.84437637329101,35.1308292388916,32.65277115503947,False,True,0,0.6764286586216518,0.05594496654324518,False,52.032572924959354,0.3559613012693035,-0.17857467806517835,26.47384194874704
2019-03-12,35.959999084472656,36.38999938964844,35.95000076293945,36.220001220703125,35.59318542480469,1631500.0,0.0091947135534684,0.0091526995164566,0.4399986267089844,45.49639604102417,PWR,1631500.0,58070282.02056885,1.036136161564842,25.98455598455598,0.9194713553468459,1.2361878305007,1.9595198977235484,음봉,34.94264373779297,35.20993576049805,32.733217271169025,False,True,0,0.6357143947056362,0.0452136166111095,False,45.49639604102417,0.3767195504174268,-0.126253143133644,40.573299432273345
2019-03-13,36.369998931884766,36.79999923706055,36.22999954223633,36.619998931884766,35.986263275146484,1225700.0,0.0110436266282551,0.0109830910640466,0.5699996948242188,55.116330296431904,PWR,1225700.0,44108362.896347046,0.7838197498081537,-24.872816426601286,1.1043626628255199,1.5839368774303464,2.1824781845423735,음봉,35.16276626586914,35.268897438049315,32.83231840133667,False,True,0,0.5878573826381138,0.045416326247651455,False,55.116330296431904,0.42004667327679357,-0.06634081621942178,58.68426605001308
2019-03-14,36.619998931884766,37.04999923706055,36.52999877929688,36.90999984741211,36.271240234375,1493000.0,0.0079190483615823,0.0078878572591262,0.5200004577636648,55.01174971700238,PWR,1493000.0,54152961.669921875,0.9581607518677507,21.807946479562702,0.7919048361582304,1.433643995638312,1.7610487976837645,음봉,35.54011840820313,35.33326396942139,32.941730372111,True,True,1,0.5585719517299103,0.053398992895272536,False,55.01174971700238,0.4719387728540454,-0.011558973313736065,67.41593298899963
2019-03-15,36.9900016784668,37.650001525878906,36.91999816894531,37.34999847412109,36.70362091064453,2593300.0,0.0119207579745166,0.0118502654027584,0.7300033569335938,58.58358837828066,PWR,2593300.0,95183500.10757446,1.654892113585119,73.6972538513061,1.1920757974516638,1.9889137333637925,1.9816290798091096,음봉,35.96464157104492,35.42760181427002,33.072905921936034,True,True,1,0.5878576551164895,0.06546142750778342,False,58.58358837828066,0.5417086623921534,0.04656873297949754,68.34849217477172
2019-03-18,37.31999969482422,37.540000915527344,37.09999847412109,37.40999984741211,36.76259994506836,1985800.0,0.0016068996180897,0.0016056099363064,0.4400024414062571,68.55048080132919,PWR,1985800.0,73003170.97091675,1.2647550919106683,-23.425750973662897,0.16068996180897965,1.1968751994247422,1.6793405361293103,음봉,36.26338195800781,35.508674430847165,33.20817209879557,True,True,1,0.5678577423095703,0.06697294282259536,False,68.55048080132919,0.5949032434100445,0.07981065119791086,70.32103402478404
2019-03-19,37.59999847412109,37.95000076293945,37.2599983215332,37.400001525878906,36.75276184082031,1260000.0,-0.0002676117647486,-0.0002676475791666,0.69000244140625,67.83042128465732,PWR,1260000.0,46308479.919433594,0.8037308989878944,-36.54950146036862,-0.026761176474865422,1.8774165718340186,2.277854477931349,음봉,36.495297241210935,35.59269485473633,33.35374247233073,True,True,1,0.569286618913923,0.06681484591343957,False,67.83042128465732,0.629015579271389,0.09113838964740417,63.60976933262528
2019-03-20,37.27999877929688,37.56999969482422,36.93000030517578,37.22999954223633,36.58570861816406,866800.0,-0.0045453243318086,-0.0045556857276405,0.6399993896484375,70.64947347618644,PWR,866800.0,31712492.23022461,0.5577476181916232,-31.206349206349206,-0.45453243318086534,1.749315275885324,1.434550526461338,음봉,36.615186309814455,35.62315788269043,33.495056533813475,True,True,0,0.5864293234688895,0.06675770941460607,False,70.64947347618644,0.63524731662298,0.07789610159919613,58.532165193737875
2019-03-21,37.150001525878906,37.900001525878906,37.150001525878906,37.56999969482422,36.91982650756836,1035700.0,0.0091324700825505,0.0090910212400678,0.75,70.95126994327866,PWR,1035700.0,38237864.31388855,0.673022909912707,19.48546377480387,0.9132470082550581,2.0314288309189488,1.5423861639642638,음봉,36.744903564453125,35.69145545959473,33.648318195343016,True,True,1,0.5814293452671596,0.07103512457578186,False,70.95126994327866,0.6595437251942471,0.08175400813637057,68.68772131615135
2019-03-22,37.31999969482422,37.47999954223633,36.66999816894531,36.68999862670898,36.0550537109375,1107100.0,-0.0234229918836045,-0.0237016704164809,0.8100013732910156,58.10517489649717,PWR,1107100.0,39916549.963378906,0.7238493463309535,6.89388819156127,-2.3422991883604527,2.2465682059025673,1.0838977999363733,음봉,36.61519012451172,35.7017744064331,33.792401027679446,True,True,0,0.5978578839983258,0.0710145931684123,False,58.10517489649717,0.6020784806092294,0.01943101084108234,42.40284119500866
2019-03-25,36.72999954223633,37.15999984741211,36.45000076293945,36.91999816894531,36.28107070922852,1520500.0,0.0062686634751139,0.0062490971315405,0.7099990844726562,62.55215752262127,PWR,1520500.0,55165368.013381965,1.0005117894352038,37.34080028904345,0.62686634751139,1.9569408250458813,1.8719867586664545,음봉,36.51888427734375,35.71995391845703,33.90999145507813,True,True,0,0.6264291490827288,0.07097845060637746,False,62.55215752262127,0.5682244058765562,-0.011538451113272674,49.272656860540025
2019-03-26,37.13999938964844,37.400001525878906,36.75,37.13999938964844,36.49726486206055,844500.0,0.0059588691459713,0.0059411853009269,0.6500015258789062,67.15474290726145,PWR,844500.0,30821940.17601013,0.5666107193139776,-44.45905951989477,0.5958869145971324,1.7809595550120048,2.3674292506517345,음봉,36.4677848815918,35.780880737304685,34.02480621337891,True,True,1,0.645000730242048,0.07085759021632917,False,67.15474290726145,0.5524713235526377,-0.021833226749752965,55.84390587787871
2019-03-27,37.130001068115234,37.31999969482422,36.75,37.119998931884766,36.47760009765625,1132000.0,-0.0005388010438212,-0.0005389462492638,0.5699996948242188,74.824841355085,PWR,1132000.0,41292643.310546875,0.760908532213459,34.04381290704559,-0.05388010438212021,1.5626019620211862,1.7336537640452783,음봉,36.446163177490234,35.83738536834717,34.14174661636353,True,True,1,0.6350007738385882,0.07074586939879236,False,74.824841355085,0.5322644963828083,-0.03363204313566592,55.24619284042976
2019-03-28,37.20000076293945,37.43000030517578,36.88999938964844,37.38999938964844,36.74293518066406,1302200.0,0.0072739183032182,0.0072475909510609,0.5400009155273438,75.22914869312905,PWR,1302200.0,47846650.19226074,0.8796733443919867,15.035335689045937,0.7273918303218219,1.4696727762008484,1.9803952654484487,음봉,36.41078491210938,35.92337131500244,34.26114387512207,True,True,1,0.6300007956368583,0.07057653254844878,False,75.22914869312905,0.5315335757759314,-0.027490370994034286,56.265773622770965
2019-03-29,37.5099983215332,37.84000015258789,37.40999984741211,37.7400016784668,37.08688735961914,1307700.0,0.009361042531411,0.0093174995006211,0.4300003051757812,73.06714216706985,PWR,1307700.0,48498522.60017395,0.8861061605196275,0.4223621563507862,0.9361042531411012,1.1594402652511981,2.0876479712290568,음봉,36.6171516418457,36.01181430816651,34.38922179539998,True,True,1,0.6064292362758091,0.07504225734889534,False,73.06714216706985,0.5523413351512758,-0.00534608929495195,56.844329833984375
2019-04-01,38.060001373291016,38.68000030517578,37.95000076293945,38.63999938964844,37.971309661865234,1488000.0,0.0238473046732163,0.0235673989682787,0.7299995422363281,76.41901152092676,PWR,1488000.0,56501308.77685547,1.0055844348092862,13.787565955494374,2.3847304673216385,1.9225029337596697,2.6238762078788493,음봉,36.95519943237305,36.145460510253905,34.53810002009074,True,True,1,0.6271435873849052,0.09923321182040629,False,76.41901152092676,0.6329014290273633,0.06017120366490847,71.07386030115858
2019-04-02,38.63999938964844,38.79999923706055,38.31999969482422,38.709999084472656,38.04009628295898,858400.0,0.0018115419696156,0.0018099031064096,0.4799995422363281,74.58802274666112,PWR,858400.0,32653618.649291985,0.5836978800703297,-42.31182795698925,0.18115419696156376,1.2618252558192289,1.7610394103808629,음봉,37.26376571655273,36.29237289428711,34.66159191131592,True,True,1,0.6207150050571987,0.10072685990805909,False,74.58802274666112,0.6942930116212125,0.09725022900700608,67.66368308448475
2019-04-03,38.91999816894531,39.290000915527344,38.70000076293945,38.75,38.07940673828125,864600.0,0.0010333952635099,0.001032861678196,0.5900001525878906,72.99983890408194,PWR,864600.0,32923455.06591797,0.5923643766611711,0.7222739981360693,0.10333952635099841,1.5493942871614204,2.3130905858945194,음봉,37.584127044677736,36.45206069946289,34.78377358118693,True,True,1,0.625714983258929,0.10136401467230673,False,72.99983890408194,0.7376155355979819,0.11245820238702031,57.373446753410725
2019-04-04,38.72999954223633,39.16999816894531,38.720001220703125,39.11000061035156,38.47288513183594,935200.0,0.010333101990245,0.0102800804305375,0.4499969482421875,72.72995479512744,PWR,935200.0,35979842.17529297,0.6457530036629233,8.165625722877623,1.0333101990245064,1.1696470038578402,1.708516123758401,음봉,37.93011703491211,36.656480979919436,34.904651705423994,True,True,1,0.6057145254952572,0.10617167636829017,False,72.72995479512744,0.7945403987625141,0.13550645244124204,71.22831902150334
2019-04-05,39.16999816894531,39.7400016784668,39.08000183105469,39.5099983215332,38.86637878417969,1384100.0,0.0102278176174039,0.0101758674153151,0.6599998474121094,74.88832828640669,PWR,1384100.0,53794954.875183105,0.9551142325748498,48.00042771599657,1.022781761740399,1.6981253928414812,1.8119593441473427,음봉,38.286015319824216,36.87074966430664,35.03143288294474,True,True,1,0.6214286259242466,0.09757004689840586,False,74.88832828640669,0.8614748661152873,0.16195273583521208,73.44612002495205
2019-04-08,39.34999847412109,39.97999954223633,39.2599983215332,39.970001220703125,39.3188705444336,1985600.0,0.0116422412997758,0.0115749918613866,0.720001220703125,77.47975038685466,PWR,1985600.0,78071549.35302736,1.3631150988669476,43.457842641427646,1.1642241299775868,1.8311849011264543,1.2443137361133667,음봉,38.55552749633789,37.073248291015624,35.155764993031816,True,True,1,0.6235713958740234,0.10049524364261872,False,77.47975038685466,0.9401952317695859,0.19253848119160843,81.2711267301227
2019-04-09,39.68000030517578,39.72999954223633,38.97999954223633,38.9900016784668,38.35483932495117,2284900.0,-0.0245182836163361,-0.0248238619099311,0.75,66.18284496373425,PWR,2284900.0,87636972.37358093,1.551704734709453,15.073529411764696,-2.4518283616336123,1.9554246952928795,0.9184642278421341,음봉,38.61847610473633,37.21133098602295,35.265995248158774,True,True,0,0.6314285823277065,0.08955893758648102,False,66.18284496373425,0.9142534810070373,0.13327738434324776,53.961451011921746
2019-04-10,39.06999969482422,39.41999816894531,38.70000076293945,39.31999969482422,38.67945861816406,1724000.0,0.0084635811002267,0.0084279658118638,0.7199974060058594,66.12397730156518,PWR,1724000.0,66683386.657714844,1.1647149658988547,-24.54812026784542,0.8463581100226714,1.8614464414135958,1.8645896644593942,음봉,38.73848648071289,37.34599075317383,35.38507525126139,True,True,0,0.6292855398995536,0.08739403528124975,False,66.12397730156518,0.909405460568955,0.10274349112413228,63.157468164016905
2019-04-11,39.38999938964844,39.7599983215332,39.18999862670898,39.68999862670898,39.043434143066406,814200.0,0.0094100470354416,0.0093660483472868,0.5699996948242259,80.15050118310302,PWR,814200.0,31789164.079284668,0.5524899130356108,-52.77262180974478,0.9410047035441682,1.4599117811603932,1.8369977162780184,음봉,38.852596282958984,37.4846004486084,35.513169606526695,True,True,1,0.6121425628662115,0.08707087162288984,False,80.15050118310302,0.9242786435732739,0.09409333930276087,73.46839311495535
2019-04-12,39.900001525878906,40.470001220703125,39.86000061035156,40.38999938964844,39.732025146484375,977700.0,0.0176365378336027,0.0174828188490594,0.6100006103515625,81.84508869765764,PWR,977700.0,38846000.98571777,0.6691642820360726,20.08106116433308,1.763653783360275,1.5352869834915461,2.193883303588998,음봉,39.025725555419925,37.63602066040039,35.65257666905721,True,True,1,0.6049998147147048,0.09769819898668738,False,81.84508869765764,0.9803286687801105,0.12011469160767774,80.16193999852335
2019-04-15,39.959999084472656,40.43000030517578,39.54999923706055,40.2400016784668,39.5844841003418,1158300.0,-0.0037134036233648,-0.0037203154227726,0.8800010681152344,78.85417038056453,PWR,1158300.0,45850707.9334259,0.7989509053942644,18.471923903037734,-0.3713403623364808,2.2230959632681837,0.57377880223267,음봉,39.07884826660156,37.77711486816406,35.77937018076579,True,True,1,0.621428353445871,0.09733330478992117,False,78.85417038056453,1.0013010134090692,0.11286962898930908,76.19578414563115
2019-04-16,40.04999923706055,40.290000915527344,39.97999954223633,40.150001525878906,39.495941162109375,1511500.0,-0.0022368092004931,-0.0022393145949497,0.3100013732910156,77.85181555652231,PWR,1511500.0,59698115.06652832,1.042400099834485,30.49296382629716,-0.2236809200493184,0.784894255383429,1.1760040513316439,음봉,39.3070686340332,37.91427383422852,35.88896490732829,True,True,1,0.602857044764928,0.09698119108448683,False,77.85181555652231,0.9992582454569927,0.08866148882978597,72.79163239123856
2019-04-17,40.41999816894531,40.45000076293945,40.060001373291016,40.09000015258789,39.43691253662109,1412800.0,-0.0014945491549627,-0.0014956671075799,0.3899993896484375,75.84267442643377,PWR,1412800.0,55716470.031738274,0.9706439486882528,-6.529937148527953,-0.1494549154962721,0.9889196809874108,2.3396252365355354,음봉,39.45855941772461,38.056834030151364,35.99904982248942,True,True,0,0.5921426500592918,0.09661790133760768,False,75.84267442643377,0.9815613916612023,0.05677170802719633,66.23894704429635
2019-04-18,40.060001373291016,40.380001068115234,39.880001068115234,40.0099983215332,39.35822677612305,1241800.0,-0.0019952312551083,-0.0019972243805944,0.5,72.95674207642344,PWR,1241800.0,48875046.0105896,0.8533711768767515,-12.10362400906002,-0.1995231255108365,1.270382435784248,1.5799635331273185,음봉,39.52151794433594,38.178754043579104,36.110771369934085,True,True,0,0.5971426282610217,0.09630936178141904,False,72.95674207642344,0.9502335236998576,0.02035507205268139,55.88197449905616
2019-04-22,39.880001068115234,40.09999847412109,39.66999816894531,39.81999969482422,39.17132568359375,918900.0,-0.004748717303562,-0.004760028284216,0.4300003051757741,64.11957180367597,PWR,918900.0,35994531.1706543,0.6386931496602467,-26.00257690449348,-0.4748717303562078,1.097742539144833,1.3257057919812731,음봉,39.40937805175781,38.334567642211915,36.21266295115153,True,True,0,0.575714111328125,0.09002199971223494,False,64.11957180367597,0.8999505368765384,-0.023942331816510287,39.596529515090225
2019-04-23,39.810001373291016,40.52999877929688,39.75,40.5099983215332,39.85006713867188,1058900.0,0.0173275078959711,0.0171790985541916,0.7799987792968821,68.62327504119338,PWR,1058900.0,42197236.093139656,0.7415587577159207,15.235607791925121,1.732750789597115,1.9573336641632515,1.6304673853935054,양봉,39.462494659423825,38.51301746368408,36.30768706003825,True,True,1,0.5971426282610217,0.08756693874209431,False,68.62327504119338,0.9044438053046377,-0.015559250710728834,62.84522526541373
2019-04-24,40.470001220703125,40.72999954223633,40.380001068115234,40.47999954223633,39.82056427001953,1247000.0,-0.0007403467740639,-0.0007406209660767,0.3499984741210937,67.95146700228102,PWR,1247000.0,49656243.644714355,0.8708515635998435,17.763717064878648,-0.07403467740639824,0.8789390118828723,1.5556663427290376,음봉,39.52741928100586,38.67918243408203,36.39779726664225,True,True,1,0.579999651227679,0.08719075297837718,False,67.95146700228102,0.8953036152027778,-0.01975955265007112,55.200205956192974
2019-04-25,40.5,40.5,39.77999877929688,40.15999984741211,39.50578308105469,1130200.0,-0.0079049906683978,-0.0079364007475588,0.7200012207031179,60.82491784403553,PWR,1130200.0,44649436.03820801,0.7926292623139699,-9.366479550922213,-0.7904990668397893,1.8225210704617072,1.7062433504791104,음봉,39.54119338989258,38.83059158325195,36.48462645212809,True,True,0,0.5992856706891742,0.08001763123660363,False,60.82491784403553,0.8528288572830007,-0.04978744845587846,39.69373412107819
2019-04-26,40.27000045776367,40.61000061035156,39.970001220703125,40.560001373291016,39.89925384521485,776200.0,0.0099598269790748,0.0099105547938683,0.6399993896484375,60.82472990347527,PWR,776200.0,30969800.834655765,0.5516982281565721,-31.32188993098567,0.9959826979074826,1.6040384918756898,1.9344443195595604,음봉,39.64939880371094,38.9884075164795,36.57342770894368,True,True,1,0.5978570665631976,0.07213340233008973,False,60.824729903475266,0.8412200468539837,-0.04911700710791633,59.076542040620325
2019-04-29,40.650001525878906,40.7400016784668,40.34999847412109,40.52999877929688,39.869754791259766,553600.0,-0.0007393384866174,-0.0007396119321038,0.3900032043457102,56.33504389886095,PWR,553600.0,22071896.252441406,0.3992239144245463,-28.678175727905174,-0.07393384866174468,0.9781931350909804,1.8816083217408166,음봉,39.78908462524414,39.12755088806152,36.65911661783854,True,True,1,0.5742857796805251,0.04927331610570763,False,56.33504389886095,0.8201850708820828,-0.05612158646385368,57.34085800730776
2019-04-30,40.59999847412109,40.77999877929688,40.220001220703125,40.59999847412109,39.938602447509766,1118300.0,0.0017268141379462,0.0017253249085811,0.5599975585937571,72.93495169658543,PWR,1118300.0,44663339.11705017,0.8120800727556909,102.00505780346822,0.17268141379462865,1.4021461049613513,1.8315730475006702,음봉,39.80679168701172,39.22591552734375,36.75987459818522,True,True,1,0.5607141767229363,0.04839928243937023,False,72.93495169658543,0.7998499589139882,-0.06116535874555862,59.548214701637
2019-05-01,40.83000183105469,41.0,40.380001068115234,40.40999984741211,39.751708984375,1045800.0,-0.0046795193542487,-0.0046905025824899,0.6199989318847656,66.17269346197028,PWR,1045800.0,41572337.255859375,0.7588997546563462,-6.483054636501828,-0.4679519354248707,1.5596786848295388,2.2319243261365096,음봉,39.79302062988281,39.31149616241456,36.85293178558349,True,True,0,0.5535714285714296,0.047293944284066185,False,66.17269346197028,0.7598939116357641,-0.08089712481902622,31.033697871990928
2019-05-02,40.5,40.810001373291016,39.18000030517578,39.75,39.10246658325195,1718100.0,-0.0163324399808381,-0.0164672845215165,1.6300010681152344,50.81983367044963,PWR,1718100.0,67181947.83668518,1.2475772356973918,64.28571428571428,-1.633243998083811,4.168537717805718,1.8824121899240278,음봉,39.71235733032226,39.36264915466309,36.93762499491374,True,True,0,0.6292858123779302,0.04023517615228836,True,50.81983367044963,0.6681381398992983,-0.13812231724439383,-4.260095325527875
2019-05-03,39.970001220703125,40.06999969482422,38.220001220703125,38.77999877929688,38.14826202392578,1923500.0,-0.0244026692611475,-0.0247053486641511,1.8499984741210933,29.516152268856644,PWR,1923500.0,73378182.00302124,1.4205922900537848,11.955066643385127,-2.4402669261147536,4.849496087032258,2.218618704280786,음봉,39.362158966064456,39.34641799926759,37.00412209828695,True,True,0,0.7178570883614681,0.045501992674843,True,29.516152268856644,0.5125167226677902,-0.23499498758072157,-2.580547779790329
2019-05-06,38.09999847412109,38.83000183105469,38.04999923706055,38.720001220703125,38.089237213134766,1392200.0,-0.0015472477030276,-0.0015484459268804,0.7800025939941406,30.207813664521154,PWR,1392200.0,53027836.04812622,1.0281885960799024,-27.62152326488173,-0.154724770302761,2.0478293897814344,-0.12651572376855524,음봉,39.006055450439455,39.30756092071534,37.077169036865236,False,True,0,0.7107143402099615,0.047048587881228024,False,30.207813664521154,0.3800419325496094,-0.293975822159122,1.3301005398765073
2019-05-07,38.27000045776367,38.40999984741211,37.56999969482422,37.970001220703125,37.3514518737793,1527500.0,-0.0193699163684235,-0.0195599714352866,0.8400001525878906,25.77729059323065,PWR,1527500.0,57054342.737197876,1.1218001025832323,9.718431259876459,-1.9369916368423556,2.2489089726056144,0.474578274218029,음봉,38.48862533569336,39.20918998718262,37.13775583902995,False,True,0,0.748571395874024,0.06598327011030326,False,25.777290593230646,0.21306550943094038,-0.3687617962222328,-6.371656023328595
2019-05-08,37.88999938964844,38.150001525878906,37.560001373291016,37.79999923706055,37.18422317504883,2104200.0,-0.0044771672944757,-0.0044872198237587,0.5900001525878906,25.16224712371516,PWR,2104200.0,78243042.40493774,1.52217212027682,37.754500818330605,-0.4477167294475781,1.5866948458500798,1.4418382388160946,음봉,37.975128173828125,39.1506591796875,37.19064197540283,False,False,0,0.7628571646554134,0.07035333070177244,False,25.16224712371516,0.06647524743718947,-0.412281646572787,-10.923789193534974
2019-05-09,37.56999969482422,37.77000045776367,37.2400016784668,37.5099983215332,36.89894485473633,1574600.0,-0.007672025820454,-0.0077016072071192,0.529998779296875,24.065876598038656,PWR,1574600.0,58101078.56826782,1.1282717957641952,-25.168710198650324,-0.7672025820454009,1.4363521270957011,1.0374736563926725,음봉,37.534423828125,39.06163349151611,37.225507227579754,False,False,0,0.7649999346051902,0.07781696055884678,False,24.065876598038656,-0.0718894705308557,-0.4405170916326657,-9.070664254748843
2019-05-10,37.290000915527344,37.61000061035156,36.79999923706055,37.45000076293945,36.839935302734375,925700.0,-0.0015992205802702,-0.0016005006984787,0.8100013732910156,24.733008986244613,PWR,925700.0,34102728.10974121,0.6647748257104948,-41.210466150133364,-0.15992205802702886,2.198704657418046,1.0598028272367248,음봉,37.27275848388672,38.95145854949951,37.25644098917643,False,False,0,0.7921428680419932,0.07955201833681284,False,24.733008986244613,-0.18418293781046913,-0.4422484471298233,0.9508585337941244
2019-05-13,36.65999984741211,36.7400016784668,35.18000030517578,35.400001525878906,34.82332229614258,2321800.0,-0.0547398628694691,-0.0562951119834572,1.5600013732910156,7.768253575528618,PWR,2321800.0,80852789.70718384,1.6381449198753304,150.8155990061575,-5.47398628694692,4.479760317021271,-0.4884250035827567,음봉,36.61957550048828,38.706023406982425,37.25654862721761,False,False,0,0.8478573390415741,0.13215721226594437,True,7.768253575528618,-0.43093261283959094,-0.551198497727156,-6.128488449069856
2019-05-14,35.47999954223633,36.04999923706055,35.47999954223633,35.720001220703125,35.13811111450195,1161900.0,0.0090395975341572,0.0089989849365741,0.5699996948242188,12.460295858169218,PWR,1161900.0,40826971.30393982,0.8170302391720726,-49.95692996812817,0.9039597534157284,1.6221694244371963,1.8857397938923561,음봉,36.17690734863281,38.48370475769043,37.25649801890055,False,False,0,0.8635717119489402,0.1329206785982571,False,12.460295858169218,-0.5942327361090705,-0.5715988967973085,-0.7197455819642153
2019-05-15,35.36000061035156,35.790000915527344,35.06999969482422,35.66999816894531,35.08893203735352,2268100.0,-0.0013995936488496,-0.0014005739948714,0.720001220703125,13.014548844008104,PWR,2268100.0,79585206.75392152,1.5692039565512947,95.20612789396678,-0.1399593648849673,2.0519325579264023,0.6314781552330874,음봉,35.75784912109375,38.26335430145264,37.25677433013916,False,False,0,0.8635717119489408,0.13368614029672224,False,13.014548844008104,-0.719325662362138,-0.5573534584403007,0.3192637698986219
2019-05-16,35.75,36.11000061035156,35.63999938964844,35.79999923706055,35.21680450439453,2191600.0,0.0036442393545885,0.0036376152028037,0.470001220703125,8.965241961041684,PWR,2191600.0,77181148.75183105,1.5059766431542103,-3.372867157532733,0.36442393545885743,1.334593604722075,1.8839785774692284,음봉,35.42142105102539,38.05234889984131,37.2441136042277,False,False,0,0.8514289855957041,0.13442744795679407,False,8.965241961041684,-0.7989348446783708,-0.5095701126052268,2.475629039043714
2019-05-17,35.459999084472656,35.63999938964844,34.970001220703125,35.09000015258789,34.51837539672852,2141500.0,-0.0198322680747157,-0.0200315669370695,0.6699981689453125,8.02442833974655,PWR,2141500.0,73921100.91209413,1.4574227670556312,-2.2860010950903398,-1.983226807471572,1.9409898677004698,0.6905640176631527,음봉,34.95710906982423,37.810356330871585,37.22685527801514,False,False,0,0.8714286259242472,0.1433529746017154,False,8.02442833974655,-0.9079171830627004,-0.49484196079164505,-7.489650338325009
2019-05-20,34.91999816894531,35.11000061035156,34.59000015258789,34.72999954223633,34.164241790771484,1723200.0,-0.0102592779030556,-0.0103122670262496,0.5200004577636719,6.646881995376219,PWR,1723200.0,58871821.45385742,1.178076126730301,-19.533037590473967,-1.0259277903055697,1.5220605829576335,1.16350427156793,음봉,34.825292968750006,37.56000213623047,37.198781394958495,False,False,0,0.8685716901506696,0.15373696294783537,False,6.646881995376219,-1.01120554571294,-0.47850425875350766,-6.642096286293929
2019-05-21,35.119998931884766,35.54999923706055,35.029998779296875,35.31999969482422,34.74462127685547,1133600.0,0.0169879223323128,0.0168452412164685,0.5200004577636719,14.50469618907198,PWR,1133600.0,39386502.67944336,0.7940264124007979,-34.215413184772515,1.6987922332312833,1.496635849388467,2.7975365206888694,음봉,34.74659500122071,37.30472984313965,37.17923374176026,False,False,0,0.861428941999163,0.1547889686111797,False,14.504696189071979,-1.0343076879796413,-0.4012851208161671,2.4858696772104385
2019-05-22,35.119998931884766,35.310001373291016,34.81999969482422,34.84000015258789,34.27245330810547,780600.0,-0.013589670901508,-0.0136828556757863,0.4900016784667969,14.878223738118692,PWR,780600.0,26753077.05230713,0.559284157038732,-31.139731827805218,-1.3589670901508089,1.4297245489307033,1.080390694255022,음봉,34.583299255371095,37.02732429504395,37.16246248881022,False,False,0,0.7800004141671317,0.15594863433086822,False,14.878223738118692,-1.0782864956617644,-0.356211142798632,-5.7946509308070935
2019-05-23,34.439998626708984,34.90999984741211,34.279998779296875,34.849998474121094,34.28227996826172,2023600.0,0.0002867218190629,0.0002866807222175,0.6300010681152344,17.412621771307812,PWR,2023600.0,69373621.74377441,1.4550281277498598,159.23648475531644,0.02867218190629739,1.8376871920376494,0.48886292760340855,음봉,34.39639434814453,36.7661491394043,37.14470869700114,False,False,0,0.6928577423095703,0.15705644436255584,False,17.412621771307812,-1.099670768156244,-0.30207633223448926,0.05013598757834797
2019-05-24,35.040000915527344,35.310001373291016,34.93000030517578,35.13999938964844,34.567562103271484,1194500.0,0.0083215624886641,0.0082871291815972,0.3800010681152344,21.40557129016345,PWR,1194500.0,41290952.93235779,0.866605402529564,-40.971535876655466,0.8321562488664114,1.0992995889613835,2.2102408240266325,음봉,34.40623168945312,36.49956455230713,37.13711446126302,False,False,0,0.6642862047467913,0.15820354920845994,False,21.40557129016345,-1.0811354179655979,-0.22683278563507425,6.962790547311933
2019-05-28,35.29999923706055,35.52000045776367,35.04999923706055,35.099998474121094,34.52821350097656,1079300.0,-0.001138310019589,-0.0011389583865145,0.470001220703125,24.143978591167382,PWR,1079300.0,37266300.831604004,0.7886673270220679,-9.644202595228125,-0.11383100195890838,1.3612092055959744,2.118856781397796,음봉,34.47902603149414,36.232487487792966,37.12395089467366,False,False,0,0.6378577096121651,0.159369699877319,False,24.143978591167382,-1.0574317082504052,-0.16250326073590537,6.413812545712264
2019-05-29,34.869998931884766,35.33000183105469,34.7400016784668,35.22999954223633,34.656097412109375,1211600.0,0.0037037511694371,0.0036969091719081,0.5900001525878906,26.67863585082665,PWR,1211600.0,41989327.62451172,0.8875189379185091,12.257944964328725,0.37037511694371084,1.7024425617575032,0.989872907552939,음봉,34.46132125854492,35.96836223602295,37.11324609120687,False,False,0,0.6378577096121651,0.15534394246084324,False,26.67863585082665,-1.0166083563518384,-0.09734392706987094,10.776459940779311
2019-05-30,35.189998626708984,35.849998474121094,35.15999984741211,35.369998931884766,34.7938117980957,1150000.0,0.0039737418887277,0.0039658674302457,0.6899986267089844,30.037158476270903,PWR,1150000.0,40012883.56781006,0.8437899621022423,-5.084186200066032,0.39737418887277887,1.983107314349354,1.5405693498918203,음봉,34.56559295654297,35.72046737670898,37.10811214447021,False,False,0,0.6492862701416016,0.13824636560327783,False,30.037158476270903,-0.9620532053400694,-0.03423102084648144,15.429811900016038
2019-05-31,34.90999984741211,34.97999954223633,34.650001525878906,34.7599983215332,34.1937370300293,971900.0,-0.0172465946401206,-0.0173970495527399,0.3299980163574219,27.241679106313825,PWR,971900.0,33232893.019485474,0.7190069834321097,-15.486956521739126,-1.7246594640120683,0.9650832141208028,0.33393308554587664,음봉,34.54788436889648,35.47503089904785,37.096580251057944,False,False,0,0.6150003160749163,0.11230491227736261,False,27.241679106313825,-0.9562162086342667,-0.022715219312542945,-3.506571040899399
2019-06-03,34.88999938964844,35.47999954223633,34.72999954223633,35.400001525878906,34.82332229614258,1737700.0,0.0184122977128933,0.0182448437114164,0.75,50.0,PWR,1737700.0,60512487.15400696,1.2793017980907775,78.79411462084576,1.8412297712893322,2.153729025685405,2.0362277425473434,음봉,34.599036407470706,35.30878391265869,37.103894297281904,False,False,0,0.557143075125558,0.11116201090562385,False,50.0,-0.8905226861846742,0.03438264250963974,29.689779956808497
2019-06-04,35.77000045776367,37.150001525878906,35.77000045776367,37.130001068115234,36.525150299072266,3078300.0,0.0488703515551185,0.0477137293595138,1.3800010681152344,61.92904592304082,PWR,3078300.0,112435370.16563416,2.2136033037475347,77.14795419232318,4.887035155511854,3.778221463335871,2.7185176462211316,양봉,34.99842376708985,35.23057956695557,37.13629671732585,False,False,0,0.6150003160749163,0.09046714877200737,True,61.92904592304082,-0.6931466363259702,0.1854069538946751,78.22820108619081
2019-06-05,37.369998931884766,37.47999954223633,36.7599983215332,37.34999847412109,36.74155426025391,1873000.0,0.0059247931742842,0.0059073106069489,0.720001220703125,63.81576219891381,PWR,1873000.0,68816931.12945558,1.3307012291047124,-39.154728259104054,0.5924793174284293,1.95963735122116,2.3130599761938804,음봉,35.41551513671875,35.2000846862793,37.16084098815918,True,False,0,0.6150003160749163,0.08579471927959616,False,63.81576219891381,-0.5133451800025028,0.29216672817451395,76.92359043989431
2019-06-06,37.29999923706055,37.459999084472656,36.7599983215332,36.88999938964844,36.28905487060547,1139600.0,-0.0123157389163023,-0.0123922061107838,0.7000007629394531,58.50242352525522,PWR,1139600.0,41355006.93054199,0.813872659379825,-39.1564335290977,-1.2315738916302332,1.9289583744614451,1.5199274719054148,음봉,35.7145637512207,35.15532627105713,37.17243881225586,True,False,0,0.6314288548060826,0.07778915328162621,False,58.502423525255224,-0.4027218230258498,0.32223206812093363,62.78298788476279
2019-06-07,37.0,37.45000076293945,36.91999816894531,37.29999923706055,36.69236755371094,1069600.0,0.0111138932811434,0.0110525877795345,0.5300025939941406,68.08513068981284,PWR,1069600.0,39246156.33544922,0.7613413476747865,-6.142506142506143,1.1113893281143428,1.4444491574938942,1.9591172377718897,음봉,36.214289855957034,35.14499740600586,37.1842072168986,True,False,0,0.6214291708809989,0.07613298362359949,False,68.08513068981284,-0.2792885877334328,0.3565322427306805,75.38650622689576
2019-06-10,37.5099983215332,37.650001525878906,37.13999938964844,37.18999862670898,36.58416366577149,1485000.0,-0.0029489481097412,-0.0029533048244768,0.5100021362304688,70.98982749356115,PWR,1485000.0,54327483.04367066,1.054758844618819,38.83694839192222,-0.2948948109741223,1.3940516472913984,2.2283401762652773,음봉,36.56645812988281,35.132208824157715,37.189422607421875,True,False,0,0.6207150050571987,0.07336038796712974,False,70.98982749356115,-0.18803051025752637,0.35823225616526955,68.37278957150932
2019-06-11,37.4900016784668,37.5,37.060001373291016,37.2400016784668,36.63334274291992,1395100.0,0.0013442722812451,0.001343369556177,0.4399986267089844,68.04518759280143,PWR,1395100.0,51107176.46064758,0.9935531349195582,-6.053872053872055,0.1344272281245118,1.201087844472021,2.4760385968391465,음봉,36.588096618652344,35.222709846496585,37.18825130462646,True,False,0,0.6150005885532924,0.07317189622021034,False,68.04518759280143,-0.11046610140550683,0.34863733201383124,69.8321081788401
2019-06-12,37.08000183105469,37.369998931884766,36.880001068115234,37.27999877929688,36.672698974609375,1194600.0,0.0010743281596123,0.0010737514821054,0.4899978637695312,74.99996026770035,PWR,1194600.0,43809206.19506836,0.85106156812412,-14.37172962511648,0.10743281596123921,1.3361379922126404,1.2192692631662472,음봉,36.57432556152344,35.29943923950195,37.18675295511881,True,False,0,0.6150003160749163,0.07301284453828602,False,74.99996026770035,-0.04529786400598823,0.33104445553067985,70.99994792999074
2019-06-13,37.5099983215332,38.04999923706055,37.47999954223633,37.95000076293945,37.33178329467773,1369600.0,0.0179720701910888,0.0178124817903557,0.5699996948242188,77.97834415145792,PWR,1369600.0,51129610.40039062,0.9770992366412213,14.649254980746695,1.7972070191088818,1.526848289900691,2.283168052352893,음봉,36.78287124633789,35.41158180236816,37.1964033126831,True,True,0,0.6107145036969867,0.08944930846592153,False,77.97834415145792,0.058852613779784235,0.34815594665316185,78.87598747432068
2019-06-14,37.880001068115234,37.90999984741211,37.41999816894531,37.77999877929688,37.16455078125,1137600.0,-0.0044796283131636,-0.0044896919134476,0.4900016784667969,74.35419536015175,PWR,1137600.0,42278392.96875,0.8251887707049052,-16.939252336448597,-0.44796283131636194,1.318465226045485,1.4685014351180614,음봉,36.8773078918457,35.508969116210935,37.20605068206787,True,False,0,0.6185716901506696,0.08920398374674761,False,74.35419536015175,0.12644082050340444,0.33259532270142567,73.95738082709424
2019-06-17,37.970001220703125,37.970001220703125,37.45000076293945,37.52000045776367,36.908782958984375,911400.0,-0.0068820372341124,-0.0069058276662808,0.5200004577636719,71.45381488550673,PWR,911400.0,33638664.78881836,0.6693892302132273,-19.883966244725737,-0.6882037234112404,1.408879990276387,2.1672546082797948,음봉,36.94223175048828,35.62848949432373,37.2058666229248,True,False,0,0.622143064226423,0.0889047374408306,False,71.45381488550673,0.15755049156763334,0.2909639950125237,66.43479275521183
2019-06-18,37.68000030517578,38.59000015258789,37.68000030517578,38.41999816894531,37.79411315917969,1224200.0,0.0239869789578039,0.0237038106749492,0.9099998474121094,74.88287734547801,PWR,1224200.0,46267553.32946777,0.8995045555695511,34.32082510423524,2.3986978957803995,2.40778198334595,2.08952255903002,양봉,37.17438583374023,35.80998306274414,37.23485094706218,True,True,0,0.6450001852852958,0.10054112907124318,False,74.88287734547801,0.250753349635616,0.30733348246440506,79.79981546153496
2019-06-19,38.560001373291016,38.869998931884766,38.36000061035156,38.7400016784668,38.10891342163086,1168900.0,0.008329346454706,0.0082948488776611,0.5099983215332031,75.5689982876209,PWR,1168900.0,44545508.89854431,0.8558562956093037,-4.517235745793169,0.8329346454706066,1.3382651871772466,2.0264748927580114,음봉,37.46162872314453,35.97819766998291,37.26531499226888,True,True,0,0.6321430206298828,0.1088208038522187,False,75.5689982876209,0.34603021550110924,0.3220882786639186,81.96478724914056
2019-06-20,39.18999862670898,39.59999847412109,39.02000045776367,39.2599983215332,38.62044525146485,1282200.0,0.0134228920193679,0.0133336031269846,0.5799980163574148,84.61548557761442,PWR,1282200.0,49519134.90142823,0.9361315010580625,9.692873641885535,1.3422892019367971,1.5017900818619272,2.8368303055958743,음봉,37.71936111450195,36.19559726715088,37.30070133209229,True,True,0,0.6500001634870252,0.12229963187962059,False,84.61548557761442,0.4575399262884545,0.3468783915610111,79.88596637582557
2019-06-21,39.2400016784668,39.2400016784668,38.61000061035156,38.65999984741211,38.03022003173828,1454500.0,-0.0152827140102478,-0.0154006983077146,0.6300010681152344,75.23226727800218,PWR,1454500.0,55314955.03616333,1.0576692229204083,13.437841210419599,-1.5282714010247833,1.656580129143256,1.6042187576241023,음봉,37.89249496459961,36.38299427032471,37.326578330993655,True,True,0,0.6414288112095419,0.12166970614197463,False,75.23226727800218,0.4926074607870916,0.3055567408477185,59.01359646458067
2019-06-24,38.72999954223633,38.86000061035156,38.06999969482422,38.20000076293945,37.57770919799805,887100.0,-0.0118987172139048,-0.0119700735469699,0.7900009155273438,60.30821303685108,PWR,887100.0,33335185.829544067,0.6498236124450315,-39.00996906153318,-1.1898717213904897,2.1023126007091224,1.840061692817036,음봉,38.02628021240234,36.533501625061035,37.34049123128255,True,True,0,0.5992859431675497,0.12116846249413298,False,60.30821303685108,0.47837053428922616,0.2330558514798824,28.7926349482666
2019-06-25,38.29999923706055,38.400001525878906,37.91999816894531,38.0,37.38096618652344,998200.0,-0.0052356307947875,-0.0052493847377463,0.4800033569335937,56.286275339294846,PWR,998200.0,37313680.447387695,0.7299027943011346,12.523954458347418,-0.5235630794787505,1.2840849392133804,1.922123659153177,음봉,37.943650817871095,36.67613925933838,37.34539254506429,True,True,0,0.5821432386125832,0.12069722470334546,False,56.286275339294846,0.4460701318807949,0.16060435925716093,21.86506449390124
2019-06-26,38.13999938964844,38.209999084472656,37.63999938964844,37.72999954223633,37.1153678894043,1306000.0,-0.0071051747510714,-0.0071305367106984,0.5699996948242188,58.43369975806159,PWR,1306000.0,48472670.46356201,0.9530472654824717,30.835503907032667,-0.7105174751071419,1.535751165184981,2.030533933600267,음봉,37.74494171142578,36.799102783203125,37.331126848856606,True,False,0,0.5728574480329236,0.12029391715104848,False,58.43369975806159,0.394492799945823,0.08722162185775117,8.653200211491528
2019-06-27,37.79999923706055,38.11000061035156,37.540000915527344,37.9900016784668,37.37113571166992,1889600.0,0.0068911568660119,0.0068675213663654,0.5699996948242188,57.14292596021143,PWR,1889600.0,70616498.04077148,1.3696077607977093,44.68606431852986,0.6891156866011938,1.525240493684607,1.8446034259886688,음봉,37.495079803466794,36.927968978881836,37.31997750600179,True,True,0,0.5757143838065006,0.1198741318258547,False,57.14292596021143,0.3699906960755541,0.050175614389985856,18.05643793888349
2019-06-28,38.060001373291016,38.36000061035156,37.900001525878906,38.18999862670898,37.60747146606445,2099300.0,0.0063240185210835,0.0063041058240383,0.4599990844726562,60.485864522695984,PWR,2099300.0,78949364.8487091,1.5078684992104707,11.097586790855217,0.6324018521083552,1.2231587675011384,1.8433094111345965,음봉,37.41053009033203,37.098655700683594,37.312111918131514,True,True,0,0.5721427372523712,0.10235203630983064,False,60.485864522695984,0.3654304675126525,0.03649230866166736,26.74526072498959
2019-07-01,38.7599983215332,39.08000183105469,38.459999084472656,39.08000183105469,38.4838981628418,2072300.0,0.0233045898224824,0.0230371844151647,0.6200027465820312,66.2138531263787,PWR,2072300.0,79750182.16285706,1.4786250152896887,-1.2861430000476348,2.33045898224824,1.611070541654941,3.064622029983447,음봉,37.59176788330078,37.281684494018556,37.31229546864827,True,True,0,0.5850001743861603,0.0625344700085488,False,66.2138531263787,0.42760756946398004,0.07893552849039587,58.96686118836363
2019-07-02,38.970001220703125,39.2400016784668,38.65999984741211,38.84999847412109,38.25740051269531,1001000.0,-0.0058855173451524,-0.0059029052605142,0.5800018310546875,63.44368229130934,PWR,1001000.0,38295657.91320801,0.7130806649675364,-51.69618298508903,-0.5885517345152413,1.5160513345966096,1.2631336248849288,음봉,37.76705474853516,37.368297004699706,37.3021458307902,True,True,1,0.5914290291922428,0.06238952715897569,False,63.44368229130934,0.4533806137792453,0.0837668582445289,38.41294617077955
2019-07-03,38.95000076293945,38.95000076293945,38.619998931884766,38.88999938964844,38.29679107666016,394200.0,0.0010296194575942,0.0010290897630385,0.3300018310546875,59.14845264934131,PWR,394200.0,15096595.042419437,0.2823172325985881,-60.619380619380614,0.10296194575942774,0.8616957760093009,1.8103693428263863,음봉,38.00333938598633,37.44605884552002,37.28511117299398,True,True,1,0.5742863246372762,0.06225996680925222,False,59.14845264934131,0.4715487064362165,0.08154796072120002,40.21985252172498
2019-07-05,38.59999847412109,38.70000076293945,38.2400016784668,38.58000183105469,37.99152374267578,680600.0,-0.0079710943241515,-0.0080030333356528,0.4599990844726562,57.63990600335215,PWR,680600.0,25857031.059265137,0.48884536279933055,72.65347539320142,-0.7971094324151551,1.2107939854908754,0.7917305574087954,음봉,38.1274169921875,37.531182289123535,37.27905591328939,True,True,0,0.5721432822091234,0.054255727144611424,False,57.639906003352145,0.4560573825141603,0.052845309439315036,25.18714214996575
2019-07-08,38.41999816894531,38.72999954223633,38.15999984741211,38.33000183105469,37.74534225463867,745200.0,-0.0064799056153826,-0.0065009913421457,0.5699996948242188,57.74218170238391,PWR,745200.0,28127829.04815674,0.5391720787610467,9.491625036732287,-0.6479905615382697,1.5101192909548178,1.1278158495870672,음봉,38.154991149902344,37.583831024169925,37.26348730723063,True,True,0,0.5757146562848767,0.05417972383879226,False,57.74218170238391,0.4190846609367753,0.01269807028954395,9.968037984059766
2019-07-09,38.04999923706055,38.27000045776367,37.900001525878906,38.16999816894531,37.5877799987793,749900.0,-0.0041743496401867,-0.004183086560095,0.3699989318847656,47.79315223981442,PWR,749900.0,28187076.221084595,0.5503833975241677,0.6307031669350538,-0.4174349640186703,0.9843596293709863,0.807137951926862,음봉,37.97576751708984,37.634011840820314,37.23922640482585,True,True,0,0.5371431623186379,0.052800709022193255,False,47.79315223981442,0.37277246651629525,-0.026891299304748928,2.3193757222008315
2019-07-10,38.25,38.33000183105469,37.5099983215332,37.56999969482422,36.99693298339844,799200.0,-0.0157191250826743,-0.0158439806715454,0.8200035095214844,38.769883922964674,PWR,799200.0,29567948.84033203,0.5968980025393559,6.574209894652627,-1.5719125082674368,2.2164094247743265,1.7617959912562258,음봉,37.72367401123047,37.65219135284424,37.19364153544108,True,False,0,0.5592863900320866,0.0517299579884437,False,38.769883922964674,0.2851067691876352,-0.09164559730672722,-24.548578979742032
2019-07-11,37.65999984741211,37.65999984741211,37.02999877929688,37.43000030517578,36.85906219482422,1050200.0,-0.0037265464311888,-0.0037335073040658,0.6300010681152273,30.75926833415008,PWR,1050200.0,38709387.117004395,0.7906781089003959,31.40640640640642,-0.37265464311888596,1.7092162160427742,1.7922211668497185,음봉,37.43612823486328,37.66150951385498,37.148217837015785,False,False,0,0.562858036586216,0.04676878540921604,False,30.75926833415008,0.20217549875398788,-0.13966149419229967,-7.734676933540122
2019-07-12,37.59000015258789,38.33000183105469,37.59000015258789,38.18000030517578,37.59762954711914,843900.0,0.0200376056338902,0.0198394948850816,0.7400016784667969,45.42287203770811,PWR,843900.0,31728639.574813843,0.6351328427390452,-19.643877356693963,2.003760563389023,1.9682136543725224,1.9830617336387653,양봉,37.35734939575195,37.67480182647705,37.11657931009928,False,True,0,0.5707152230398991,0.04675228458408956,False,45.42287203770811,0.1938139161328678,-0.11841846145073581,25.684616433555934
2019-07-15,38.220001220703125,38.36000061035156,37.810001373291016,37.93000030517578,37.35143280029297,467200.0,-0.0065481986442157,-0.0065697321522259,0.5499992370605469,47.4965286423932,PWR,467200.0,17450589.404296875,0.35377986117371313,-44.63799028320891,-0.6548198644215741,1.4724983643900078,1.6553481724266645,음봉,37.278567504882815,37.6841459274292,37.081821314493816,False,True,0,0.5535722460065564,0.04674069196188343,False,47.496528642393194,0.16541448651329205,-0.11745431285624924,14.544506756838121
2019-07-16,37.97999954223633,38.36000061035156,37.84000015258789,38.08000183105469,37.499149322509766,1020100.0,0.0039547752560549,0.0039469756893181,0.5200004577636719,51.32189209646684,PWR,1020100.0,38252882.22389221,0.7737399665058579,118.34332191780823,0.3954775256054921,1.386699344274269,1.6828450606008054,음봉,37.260841369628906,37.71366424560547,37.05083669026693,False,True,0,0.5564291817801335,0.04670410822904525,False,51.32189209646684,0.15306280996238542,-0.10384479152572468,21.228503518664983
2019-07-17,38.02000045776367,38.18999862670898,37.79999923706055,37.90999984741211,37.33174133300781,1166200.0,-0.0044643143251642,-0.0044743091340999,0.3899993896484304,52.47451581576873,PWR,1166200.0,43536276.74255371,0.8882486640713784,14.322125281835119,-0.44643143251642536,1.0446857706677681,1.3889678690424394,음봉,37.32780303955078,37.690545654296876,37.0201769510905,False,True,0,0.5435720171247199,0.04673275555085595,False,52.47451581576873,0.12828678147975836,-0.10289665600668138,13.653491306471407
2019-07-18,37.90999984741211,38.13999938964844,37.720001220703125,37.93999862670898,37.36127471923828,863900.0,0.0007911065805108,0.00079079382064,0.4199981689453125,49.88107254620688,PWR,863900.0,32276405.22994995,0.662394374253789,-25.921797290344706,0.07911065805108475,1.1241537450247772,1.5489727876503174,음봉,37.428245544433594,37.65316371917724,36.97869707743327,False,True,0,0.5328576224190839,0.04677915167440597,False,49.88107254620688,0.1097693451715358,-0.09713127385192316,14.989841871511917
2019-07-19,38.09999847412109,38.27000045776367,37.81999969482422,37.84000015258789,37.2628059387207,508800.0,-0.0026355840708741,-0.0026390633371819,0.4500007629394531,45.70021015441783,PWR,508800.0,18959315.661621094,0.39363346886547196,-41.104294478527606,-0.2635584070874164,1.2076405724235764,1.977244514364542,음봉,37.361280822753905,37.58528175354004,36.936067771911624,False,True,0,0.5321434565952836,0.043230644875092365,False,45.700210154417825,0.08615539012895823,-0.09659618311560061,10.534246788149655
2019-07-22,37.900001525878906,38.040000915527344,37.27999877929688,37.369998931884766,36.79997634887695,662900.0,-0.0124206854042306,-0.0124984668542301,0.7600021362304616,26.57535177036712,PWR,662900.0,24394704.321670532,0.5144703921474424,30.28694968553458,-1.2420685404230691,2.065224523584932,1.7100043088705712,음봉,37.250989532470705,37.523769569396975,36.89097099304199,False,False,0,0.5421434129987429,0.04487613673382616,False,26.57535177036712,0.02975172143138849,-0.12239988145053629,-10.408241116168954
2019-07-23,37.54999923706055,37.77000045776367,37.290000915527344,37.709999084472656,37.134796142578125,1252300.0,0.0090983698067346,0.0090572289947555,0.4799995422363281,34.840567466490896,PWR,1252300.0,46503905.209350586,0.9695881134823245,88.91235480464626,0.9098369806734619,1.2925869860531396,2.038106984290175,음봉,37.17811889648438,37.501623916625974,36.844896697998045,False,True,0,0.5350003923688601,0.044902637222018905,False,34.840567466490896,0.011931033243570255,-0.11217645571068362,5.458190365117459
2019-07-24,37.59000015258789,38.34999847412109,37.54999923706055,38.310001373291016,37.72563934326172,780200.0,0.0159107700070593,0.0157855205032654,0.7999992370605398,43.28706319102567,PWR,780200.0,29433543.815612793,0.6075520347281365,-37.69863451249701,1.5910770007059316,2.1205717145876015,1.2258152926490324,양봉,37.25689849853516,37.51885757446289,36.80916144053141,False,True,0,0.5685716356549924,0.044882011948865964,False,43.28706319102567,0.04496578035045218,-0.06331336688304136,40.92001480999426
2019-07-25,38.400001525878906,38.5,37.540000915527344,37.63999938964844,37.06585311889648,756800.0,-0.0174890667421674,-0.0176438073028425,0.9599990844726562,39.957206414899055,PWR,756800.0,28051437.640380856,0.5920627647328364,-2.9992309664188643,-1.7489066742167436,2.58998243313936,1.7875434170412203,음봉,37.1978141784668,37.5163818359375,36.76128228505453,False,True,0,0.6042859213692781,0.04488497375170092,True,39.957206414899055,0.017702754854049374,-0.07246111390355534,2.1090778534475456
2019-07-26,37.63999938964844,37.970001220703125,37.369998931884766,37.79999923706055,37.22341537475586,913400.0,0.0042508735831323,0.0042418641429925,0.6000022888183594,44.22648777021407,PWR,913400.0,33999867.603302,0.7133593251225725,20.692389006342495,0.4250873583132364,1.6118947785357396,1.5489897640026415,음봉,37.18993606567383,37.508995819091794,36.71914405822754,False,True,0,0.606428963797431,0.04489381219605299,False,44.22648777021407,0.008710162640767294,-0.06516296489346994,13.157580601631336
2019-07-29,37.81999969482422,37.97999954223633,37.619998931884766,37.90999984741211,37.33174133300781,715600.0,0.0029101563400713,0.002905930032601,0.3600006103515625,47.13652967140421,PWR,715600.0,26714594.09790039,0.5577587113456268,-21.655353623823082,0.29101563400713015,0.9643284708856021,1.6027124702612603,음봉,37.2962890625,37.495209312438966,36.68963197072347,False,True,0,0.6057147979736308,0.04491031907391448,False,47.13652967140421,0.010206810281339074,-0.05093305380231853,20.52668728850467
2019-07-30,37.630001068115234,38.119998931884766,37.27000045776367,38.02000045776367,37.4400749206543,1605400.0,0.0029019162722714,0.0028977138413512,0.8499984741210938,55.555576810690376,PWR,1605400.0,60106296.27761841,1.243798237976477,124.34320849636666,0.2901916272271432,2.270290526721626,0.7989440740170026,음봉,37.35734481811524,37.44301815032959,36.677828852335615,False,True,0,0.6078572954450314,0.039975803279897575,False,55.555576810690376,0.0199050761335684,-0.032987830360071364,27.89631298137772
2019-07-31,38.0,38.25,37.33000183105469,37.41999816894531,36.84921646118164,1876200.0,-0.0157814443674283,-0.0159072972098259,0.9199981689453124,49.889155823463575,PWR,1876200.0,69136499.924469,1.4389087721861076,16.868070262862833,-1.5781444367428343,2.496655987012569,1.495523394470595,음봉,37.18206024169922,37.3726089477539,36.65716183980306,False,True,0,0.6285713740757518,0.04005111684538066,False,49.889155823463575,-0.019857414067018908,-0.05820025644852694,-34.21009375474899
2019-08-01,36.65999984741211,36.65999984741211,34.439998626708984,35.5099983215332,34.96833801269531,3803600.0,-0.0510425628850946,-0.0523913316257404,2.220001220703125,26.455065495112763,PWR,3803600.0,133005570.46508789,2.844859702130438,102.72892015776569,-5.104256288509468,6.348603756624492,-0.5134888389522724,음봉,36.76255722045899,37.206186294555664,36.61744327545166,False,False,0,0.7342856270926325,0.08125492105120292,True,26.455065495112763,-0.2008256525471097,-0.19133479594289418,13.013280967391866
2019-08-02,35.18000030517578,35.18000030517578,33.22999954223633,33.5099983215332,32.99885177612305,3916200.0,-0.05632198578775,-0.0579702576594806,1.950000762939453,20.21575120585436,PWR,3916200.0,129230103.32565308,2.861384622878496,2.960353349458411,-5.6321985787750055,5.909298833089743,0.6052969758060117,음봉,35.91764450073242,36.95655269622803,36.54768708546956,False,False,0,0.8342857360839828,0.12843434065753853,True,20.21575120585436,-0.4974312867233479,-0.39035234409530584,-4.386105237861193
2019-08-05,32.880001068115234,33.09000015258789,32.40999984741211,32.65999984741211,32.161827087402344,2205700.0,-0.0253652670826064,-0.0256925110819655,0.6800003051757812,16.62571053052156,PWR,2205700.0,70939342.00668335,1.596539200829066,-43.67754455850059,-2.5365267082606446,2.1143086906344775,-0.36016619249100423,음봉,34.88366165161133,36.677376937866214,36.46873512268066,False,False,0,0.8457142966134192,0.15169602409912855,False,16.62571053052156,-0.7909170859705057,-0.5470705146739708,-4.075086269157265
2019-08-06,32.86000061035156,33.459999084472656,32.310001373291016,33.06999969482422,32.56555938720703,1750000.0,0.0125531518687516,0.0124750142935486,1.1499977111816406,21.052585241805787,PWR,1750000.0,56989728.927612305,1.263462609528743,-20.660107902253255,1.255315186875161,3.531331052871159,2.1708142421507217,음봉,33.908758544921874,36.4262659072876,36.39749552408854,False,False,0,0.8999998910086485,0.15274176798743058,False,21.052585241805787,-0.9796362371230813,-0.5886317326612371,4.128563337854685
2019-08-07,32.58000183105469,32.970001220703125,32.13999938964844,32.869998931884766,32.368621826171875,1318700.0,-0.0060474183382988,-0.0060657780291549,0.8300018310546875,20.281428532502616,PWR,1318700.0,42684501.60217285,0.9607214595714122,-24.64571428571428,-0.6047418338298804,2.564217393968821,0.044348827778250235,음봉,33.01263961791992,36.19485034942627,36.35658384958903,False,False,0,0.9292858668736039,0.15371833844168853,False,20.281428532502616,-1.1320392950360443,-0.59282783245936,3.5946920531946285
2019-08-08,33.02000045776367,33.72999954223633,32.91999816894531,33.65999984741211,33.146568298339844,1641500.0,0.0240339695754039,0.0237496994805709,0.8100013732910156,27.3319073434279,PWR,1641500.0,54410091.86172485,1.194968662469841,24.478653219079405,2.4033969575403935,2.4436960291047227,2.012376786042587,양봉,32.648285675048825,36.00922565460205,36.32339146931966,False,False,0,0.9550001961844298,0.15451074425279426,False,27.3319073434279,-1.1764842594953606,-0.509818237534941,15.826553649273409
2019-08-09,33.7599983215332,34.75,33.56999969482422,34.310001373291016,33.78665542602539,2068700.0,0.019310811361356,0.0191267237889339,1.1800003051757812,33.72343161205458,PWR,2068700.0,69894454.07981873,1.486328272011277,26.024977155041128,1.931081136135604,3.4925040383453982,1.8506592226142555,양봉,32.8058464050293,35.81867694854736,36.30168685913086,False,False,0,0.9850000653948098,0.15533271270325402,False,33.72343161205458,-1.1468375034074256,-0.38413718515760475,25.890815697357784
2019-08-12,34.040000915527344,34.08000183105469,33.189998626708984,33.2599983215332,32.752662658691406,1759200.0,-0.0306035845897169,-0.0310816533182767,0.8900032043457031,27.992047058607184,PWR,1759200.0,57618484.14916992,1.2721195564840109,-14.96108667278967,-3.0603584589716903,2.7173461089873485,0.7498389121605823,음봉,32.92401351928711,35.588738441467285,36.26061782836914,False,False,0,1.0142860412597652,0.1563363159110055,False,27.992047058607184,-1.1930243682152337,-0.3442592399723301,9.633069343512256
2019-08-13,33.18000030517578,34.38999938964844,33.029998779296875,33.650001525878906,33.13672637939453,1668000.0,0.0117261831413639,0.0116579642361873,1.3600006103515625,26.464737291471536,PWR,1668000.0,55272059.60083008,1.1992043648099182,-5.184174624829463,1.1726183141363977,4.104209313800093,1.3047416966906493,음봉,33.03824691772461,35.37061729431152,36.237590344746906,False,False,0,1.0542861393519811,0.15730040020404662,False,26.464737291471536,-1.1849773772454242,-0.26896979920201647,15.671806510895877
2019-08-14,33.0,33.119998931884766,32.150001525878906,32.40999984741211,31.91563415527344,1024200.0,-0.0368501163977502,-0.0375462369250911,0.9699974060058594,25.023965984766164,PWR,1024200.0,32687992.50183106,0.7469490948576244,-38.59712230215827,-3.6850116397750265,3.039254684042009,-0.4126128146428853,음봉,32.94764938354492,35.0998119354248,36.20011355082194,False,False,0,1.0550003051757812,0.16552810022678432,False,25.023965984766164,-1.2625778053072807,-0.27725618181109835,-3.6720983954547712
2019-08-15,32.58000183105469,32.619998931884766,32.11000061035156,32.459999084472656,31.9648666381836,1372200.0,0.0015425820045007,0.0015413934470216,0.5099983215332031,24.227833551638497,PWR,1372200.0,43862190.000915535,1.0103290138000673,33.977738722905684,0.15425820045009697,1.5954964783866332,2.081637082782115,음봉,32.71130905151368,34.82999153137207,36.153784306844074,False,False,0,1.0485714503696986,0.16681041058408208,False,24.22783355163851,-1.3050601328693787,-0.25579080749855687,-2.3637457100182493
2019-08-16,32.900001525878906,33.29999923706055,32.72999954223633,33.16999816894531,32.66404724121094,1281800.0,0.0218734090444205,0.0216376182038428,0.5699996948242188,28.37598258214102,PWR,1281800.0,41868775.75378418,0.9533475552239475,-6.587960938638682,2.1873409044420367,1.7450369533664911,2.9255084911827565,음봉,32.48678741455078,34.60005359649658,36.1269775390625,False,False,0,1.0635713849748885,0.1679189649745678,False,28.37598258214102,-1.2676964367535177,-0.17474168910615662,9.023561660176297
2019-08-19,33.65999984741211,33.900001525878906,33.41999816894531,33.54999923706055,33.03824615478516,1078000.0,0.0114559873983439,0.0113908644677524,0.4800033569335937,30.097913917850303,PWR,1078000.0,35615229.354858406,0.8079238733331826,-15.899516305195815,1.145598739834397,1.4528717858834388,3.049079003732942,음봉,32.543904113769536,34.41196708679199,36.10624364217122,False,False,0,1.0371431623186385,0.16883676464453773,False,30.097913917850306,-1.1941255770413974,-0.0809366635152291,15.118007112485236
2019-08-20,33.40999984741211,33.40999984741211,33.02000045776367,33.27000045776367,32.76252365112305,755600.0,-0.0083455550990917,-0.0083805742161358,0.3899993896484375,30.980761009585407,PWR,755600.0,24755362.870788574,0.5688541966661846,-29.907235621521334,-0.8345555099091739,1.190382626812904,1.125222237540301,음봉,32.46906356811524,34.193353462219235,36.07615966796875,False,False,0,0.9992861066545758,0.1699162146938247,False,30.980761009585407,-1.1448712789603235,-0.025345892347323984,14.341168135954158
2019-08-21,33.630001068115234,33.849998474121094,33.34000015258789,33.43000030517578,32.92007827758789,1137800.0,0.0048089893239784,0.0047974630731265,0.5099983215332031,38.646327822194415,PWR,1137800.0,37456465.0642395,0.852952970700543,50.58231868713605,0.4808989323978441,1.5492014242275112,2.647773493365954,음봉,32.66995239257813,33.95307540893555,36.049357414245605,False,False,0,0.8771430424281529,0.16270811108695532,False,38.646327822194415,-1.0806663028088934,0.031087267043284905,26.386897321262154
2019-08-22,33.439998626708984,33.81999969482422,33.2400016784668,33.47999954223633,32.96931838989258,1051800.0,0.001495747120936,0.0014946296054194,0.5799980163574219,49.792018585618926,PWR,1051800.0,34677129.08248901,0.797707401107295,-7.558446124099138,0.14957471209360307,1.7592053602637783,1.5793411690489736,음봉,32.87084274291992,33.74824867248535,36.02124443054199,False,False,0,0.7792857033865792,0.16369562814928773,False,49.792018585618926,-1.0141199871467563,0.0781068661643376,32.54992341704476
2019-08-23,33.38999938964844,33.97999954223633,32.939998626708984,33.40999984741211,32.90037536621094,2166900.0,-0.0020911267520403,-0.0020933162104093,1.0400009155273438,55.83194166311218,PWR,2166900.0,71291823.38104248,1.624407274181131,106.01825442099258,-0.2091126752040373,3.1610609421661393,1.2759772427834837,음봉,32.91810836791992,33.5320966720581,35.98968715667725,False,False,0,0.8050000326974052,0.16475083020932318,False,55.83194166311218,-0.9559253658003399,0.10904119000860324,29.938444643528015
2019-08-26,33.75,33.869998931884766,32.959999084472656,33.209999084472656,32.70343017578125,1534600.0,-0.0059861077035598,-0.0060040962698682,0.9099998474121094,51.12545059128039,PWR,1534600.0,50186683.947753906,1.1442073495473104,-29.179934468595693,-0.5986107703559895,2.7825822628417,2.582416231827059,음봉,32.85114517211914,33.30068111419678,35.96484870910645,False,False,0,0.7878573281424386,0.1658957288722143,False,51.12545059128039,-0.9151482803261715,0.11985462038621741,22.478397826778025
2019-08-27,33.40999984741211,33.5099983215332,32.5,32.65999984741211,32.161827087402344,1098300.0,-0.0165610483508238,-0.0166997156274672,1.0099983215332031,48.40184667633637,PWR,1098300.0,35323334.690093994,0.8199988860143846,-28.430861462270297,-1.6561048350823837,3.140363632913179,2.1605368850699778,음봉,32.731005859375,33.03676872253418,35.920490455627444,False,False,0,0.8007142203194755,0.14933610327764996,False,48.40184667633637,-0.9159761858757705,0.09522137186929469,1.9631245845735918
2019-08-28,32.54999923706055,33.04999923706055,32.209999084472656,32.970001220703125,32.46708679199219,886800.0,0.0094913670097247,0.0094466069855257,0.8400001525878906,44.334931187933655,PWR,886800.0,28791812.567138672,0.6641630556892955,-19.25703359737777,0.9491367009724749,2.5872359844587955,1.2069343840550917,음봉,32.64040756225586,32.81766223907471,35.85285606384277,False,False,0,0.8028569902692523,0.09302014979565291,False,44.334931187933655,-0.8818351532664224,0.1034899235829142,13.525994855937345
2019-08-29,33.310001373291016,33.7599983215332,33.20000076293945,33.529998779296875,33.0185432434082,1104000.0,0.0169850918546849,0.0168424580157002,0.55999755859375,43.49992316999317,PWR,1104000.0,36452471.740722656,0.8255371475099288,24.49255751014885,1.6985091854684997,1.6960092832246543,2.5962125481080367,음봉,32.65025253295899,32.72017250061035,35.79080588022868,False,False,0,0.7585710797991071,0.057182500205860715,False,43.49992316999317,-0.8010462495049282,0.14742306187552678,39.84838243364431
2019-08-30,33.79999923706055,34.13999938964844,33.779998779296875,33.900001525878906,33.382904052734375,1189300.0,0.0110350358778748,0.0109745941143089,0.3600006103515625,56.01506989559713,PWR,1189300.0,39702287.78991699,0.8951485146149086,7.726449275362324,1.10350358778748,1.0783981219335381,2.366718567477543,음봉,32.74675827026367,32.73937511444092,35.74237003326416,True,False,0,0.7207137516566685,0.05714896097472142,False,56.01506989559713,-0.6995555480987719,0.19913101062534644,55.829128240821305
2019-09-03,33.470001220703125,33.470001220703125,32.7400016784668,32.88999938964844,32.3883171081543,864600.0,-0.0297933020748868,-0.0302461395408485,0.7299995422363281,43.602657920840194,PWR,864600.0,28002938.971710205,0.6684354234033023,-27.301774152863032,-2.979330207488684,2.2538977242894123,0.26090350866768264,음봉,32.68373565673828,32.75069961547852,35.67063585917155,False,False,0,0.6757136753627232,0.05712920006959712,False,43.602657920840194,-0.691408167384111,0.1658227130720058,13.71018054991807
2019-09-04,33.290000915527344,33.83000183105469,33.04999923706055,33.619998931884766,33.1071891784668,1055900.0,0.0221954128679169,0.0219526798325982,0.7800025939941406,61.14195009720161,PWR,1055900.0,34957881.05354309,0.8246007878876528,22.125838538052278,2.219541286791693,2.3559915938181217,2.7839785696862682,음봉,32.87280807495117,32.777781105041505,35.61268628438314,True,False,0,0.6621426173618862,0.057081999076019525,False,61.14195009720161,-0.6197996764017262,0.1899449632435125,49.122619101309404
2019-09-05,34.040000915527344,34.86000061035156,33.869998931884766,34.349998474121094,33.8260383605957,961600.0,0.0217127820261,0.0214804170842099,0.9900016784667968,65.4665270998268,PWR,961600.0,32527118.487548828,0.7526182270844566,-8.930769959276441,2.1712782026100053,2.9267443852368475,2.8175503877183745,음봉,33.144598388671874,32.8506519317627,35.565897878011064,True,False,0,0.6964285714285714,0.05815422504523044,False,65.46652709982678,-0.4992888193493812,0.24836465623668613,60.98257907934853
2019-09-06,34.41999816894531,34.560001373291016,34.15999984741211,34.220001220703125,33.69803237915039,696400.0,-0.0037842439626163,-0.003791422329317,0.4000015258789062,59.49376931219004,PWR,696400.0,23467309.748840332,0.5475922426554102,-27.579034941763723,-0.37842439626163404,1.187017453655231,1.7559248352343835,음봉,33.280496215820314,32.87822513580322,35.516320101420085,True,False,0,0.6842858450753349,0.05810545421571129,False,59.49376931219004,-0.4093928834909093,0.2706084736761265,56.15216746655304
2019-09-09,34.5,35.599998474121094,34.38999938964844,35.470001220703125,34.928955078125,1343700.0,0.0365280288512097,0.0358766943526851,1.2099990844726562,65.00009684549988,PWR,1343700.0,46934036.93847656,1.0584429143186516,92.94945433658816,3.652802885120976,3.464172007912266,2.37986482957326,양봉,33.58970642089844,32.935340118408206,35.47627296447754,True,False,0,0.7364283970424107,0.09149202382662977,True,65.00009684549988,-0.23610288501132715,0.3551187777245669,80.20520599368943
2019-09-10,36.43000030517578,38.27000045776367,36.40999984741211,38.27000045776367,37.68625259399414,2330800.0,0.0789401661086608,0.0759792316417179,1.8600006103515625,78.02701761364969,PWR,2330800.0,87839117.54608154,1.8147577816611589,73.46133809630126,7.894016610866084,4.935488360676065,4.297423795511257,양봉,34.64929351806641,33.18201961517334,35.48496799468994,True,True,0,0.8414284842354911,0.17390799311329244,True,78.02701761364969,0.12231162087547176,0.5708266268890927,90.36719915044318
2019-09-11,38.27000045776367,38.59999847412109,37.130001068115234,38.11000061035156,37.5286865234375,2696900.0,-0.0041809959789356,-0.0041897607815575,1.4699974060058525,76.23324266963832,PWR,2696900.0,101211114.6850586,2.061527429447116,15.707053372232703,-0.418099597893562,3.9169966822254922,1.548967656875919,음봉,35.533592987060544,33.40161762237549,35.49529972076416,True,True,0,0.9099998474121088,0.1727646398435208,False,76.23324266963832,0.38915746890903335,0.6701379799381233,83.23455316100541
2019-09-12,38.0,38.15999984741211,37.310001373291016,38.02999877929688,37.44990158081055,1510000.0,-0.0020993258737619,-0.002101532547216,0.8499984741210938,75.41899779864387,PWR,1510000.0,56549351.387023926,1.152290590898685,-44.00978901701954,-0.2099325873761937,2.2696948142492204,1.255875225657456,음봉,36.258365631103516,33.678330993652345,35.489562861124675,True,True,0,0.9292855943952283,0.16988329845944267,False,75.41899779864387,0.5875050470857914,0.6947884464919051,82.0016118440691
2019-09-13,38.15999984741211,38.810001373291016,37.97999954223633,38.11000061035156,37.5286865234375,1522500.0,0.0021037423144343,0.002101532547216,0.8300018310546875,76.22779157915308,PWR,1522500.0,57137425.231933594,1.1564378567243214,0.8278145695364225,0.21037423144343315,2.2116463642721227,1.896128525382879,음봉,37.024496459960936,33.95652198791504,35.47989241282145,True,True,0,0.9142856597900385,0.16269114688948158,False,76.22779157915308,0.7424951958146195,0.6798228761765865,80.58614537112658
2019-09-16,38.220001220703125,39.0,38.08000183105469,38.91999816894531,38.32634353637695,1238700.0,0.0212545944671231,0.0210318660481718,0.9199981689453124,79.83292092483669,PWR,1238700.0,47474841.73851013,0.937175076108299,-18.640394088669954,2.125459446712319,2.4004329243464304,1.8420967033681914,양봉,37.70397415161133,34.23963680267334,35.47499071756999,True,True,0,0.9149998256138387,0.18004035745184366,False,79.83292092483669,0.9190954991749436,0.6851385436295284,90.07869848614406
2019-09-17,38.43000030517578,38.59999847412109,38.0099983215332,38.220001220703125,37.63700866699219,748100.0,-0.0179859283662291,-0.0181496411643803,0.5900001525878835,78.60076662678634,PWR,748100.0,28156246.183776855,0.5692518968903318,-39.60603858884314,-1.7985928366229142,1.5676063892540857,0.270458278130403,음봉,37.69412536621094,34.46957492828369,35.46843719482422,True,True,0,0.8849999564034589,0.17883935214751873,False,78.60076662678634,0.9919938612393793,0.6064295245551712,79.92649264757932
2019-09-18,38.08000183105469,38.43999862670898,37.650001525878906,38.400001525878906,37.81427001953125,1000000.0,0.0047097619820812,0.0046987057543273,0.789997100830071,78.31072620192114,PWR,1000000.0,37814270.01953125,0.7624857033930614,33.67196898810319,0.4709761982081284,2.089150737068397,1.1770148047153568,음봉,37.751242065429686,34.7221622467041,35.47237987518311,True,True,0,0.8814283098493289,0.17753838039161163,False,78.31072620192114,1.051943695979709,0.5331034874364007,81.05862143141374
2019-09-19,38.400001525878906,38.47999954223633,37.77000045776367,37.880001068115234,37.30220413208008,674800.0,-0.013541604457436,-0.013634128212594,0.7099990844726562,72.77489013480745,PWR,674800.0,25171527.348327637,0.5183358104590384,-32.52,-1.3541604457436018,1.9033703262109747,1.5489694923242552,음봉,37.721702575683594,34.94126853942871,35.47106717427572,True,True,0,0.892142704554965,0.1764250900627261,False,72.77489013480745,1.0460764165524665,0.42178896640732644,72.87865298494047
2019-09-20,37.93999862670898,38.09000015258789,37.2599983215332,37.59000015258789,37.0166130065918,1374700.0,-0.0076561461214746,-0.0076856048648124,0.8300018310546875,69.48248109643731,PWR,1374700.0,50886737.90016174,1.056980154337524,103.71962062833431,-0.7656146121474694,2.2422414252402927,1.7098037755908175,음봉,37.61928787231445,35.14363327026367,35.469421259562175,True,True,0,0.9257142203194739,0.17540919578712527,False,69.48248109643731,1.006776248397557,0.30599103860193355,68.31649320758235
2019-09-23,37.5,38.31999969482422,37.34999847412109,38.119998931884766,37.538536071777344,951800.0,0.0140996980218748,0.0140012218563341,0.970001220703132,79.08769577276894,PWR,951800.0,35729178.633117676,0.7312431404112095,-30.763075580126575,1.409969802187483,2.5840145147066873,1.3058649999180723,양봉,37.461726379394534,35.375541305541994,35.47221126556396,True,True,0,0.942857197352817,0.17425928258541915,False,79.08769577276894,1.0061471731525558,0.2442895706855457,75.43758418779335
2019-09-24,38.040000915527344,38.220001220703125,37.27999877929688,37.52999877929688,36.95753479003906,940100.0,-0.0154774624302703,-0.0155984887630238,0.9400024414062428,72.09021985059071,PWR,940100.0,34743778.45611572,0.722766429227801,-1.2292498424038678,-1.5477462430270372,2.5434662965117356,1.3358668084209526,음봉,37.32583160400391,35.588246536254886,35.461378987630205,True,True,0,0.9542857578822529,0.1732177628559086,False,72.09021985059071,0.9478405626863022,0.14878636817543367,60.1858716432716
2019-09-25,37.43000030517578,38.0,37.2599983215332,37.75,37.17419052124024,1192000.0,0.0058622885003567,0.0058451721485434,0.7400016784667969,70.38361318191322,PWR,1192000.0,44311635.10131837,0.9177085637401488,26.79502180619082,0.5862288500356749,1.9906329313182531,1.278401056295723,음봉,37.1978157043457,35.838864707946776,35.43955052693685,True,True,0,0.9364286150251101,0.1656867893727108,False,70.38361318191322,0.9086402217879126,0.08766882182163516,62.276664851270304
2019-09-26,37.709999084472656,37.720001220703125,37.220001220703125,37.619998931884766,37.04616165161133,1597300.0,-0.0034440257564118,-0.0034499700652768,0.5,70.38341703221056,PWR,1597300.0,59173834.006118774,1.2341533231294521,34.001677852349,-0.3444025756411895,1.3496674897175276,1.4413456102729916,음봉,37.14660720825195,36.06781845092773,35.41936321258545,True,True,0,0.9435713631766168,0.16463503153931172,False,70.38341703221056,0.8573597004664961,0.02911064040017497,57.617395017228205
2019-09-27,38.0,38.36000061035156,37.47999954223633,37.77000045776367,37.19387435913086,2266300.0,0.0039872607831452,0.0039793327260354,0.8800010681152344,65.88376986825564,PWR,2266300.0,84292477.46009827,1.7474768862463068,41.883177862643215,0.39872607831452633,2.365983870403648,2.5747292185321027,음봉,37.18205947875977,36.276585006713866,35.4009812672933,True,True,1,0.9200000762939438,0.16368758049093318,False,65.88376986825564,0.8191955228177505,-0.007242829798856487,30.265423379821577
2019-09-30,37.630001068115234,38.0,37.29999923706055,37.79999923706055,37.26287460327149,1237100.0,0.0018551507561268,0.0018534320892253,0.7000007629394531,45.2336984809471,PWR,1237100.0,46097902.17170716,0.9637427753884659,-45.41322861051052,0.18551507561268554,1.878547402454014,1.1725767118888724,음봉,37.12692718505859,36.470583534240724,35.38883711496989,True,True,1,0.837142944335936,0.16281687466414374,False,45.2336984809471,0.7854635452999759,-0.03277984585330507,7.105540697947582
2019-10-01,38.02999877929688,38.18000030517578,36.5,36.54999923706055,36.03063201904297,1254700.0,-0.0330689083262604,-0.0336280459710116,1.6800003051757812,36.42093557529133,PWR,1254700.0,45207633.99429321,0.9743969350283704,1.422682079055848,-3.3068908326260416,4.6627000722270555,2.0586822251175465,음봉,36.94154663085938,36.65269927978515,35.36025861104329,True,True,0,0.8521431514195024,0.1423948156742891,True,36.42093557529133,0.6517856525450298,-0.13316619088660098,-18.77471923828125
2019-10-02,36.18000030517578,36.59999847412109,35.86000061035156,36.400001525878906,35.88277816772461,1296400.0,-0.0041035597499432,-0.0041120024559351,0.7399978637695241,35.97053214798956,PWR,1296400.0,46518433.61663818,0.9957074219783407,3.3235036263648654,-0.4103559749943253,2.0622646895137238,0.414559161920524,음봉,36.68326416015625,36.79147872924805,35.33184191385905,False,True,0,0.8442859649658188,0.1257984543455494,False,35.97053214798956,0.5278298948393214,-0.20569755887384766,0.7254000573419573
2019-10-03,36.13999938964844,36.61000061035156,35.560001373291016,36.59000015258789,36.07007598876953,1014100.0,0.005219713483985,0.0052061379991604,1.0499992370605469,37.1908478777931,PWR,1014100.0,36578664.06021118,0.7757313122580708,-21.775686516507253,0.5219713483985089,2.910998128718846,0.7168375333746879,음봉,36.48804702758789,36.903680610656735,35.3163942972819,False,True,0,0.8600000653948088,0.12541597696057552,False,37.1908478777931,0.4396395416792913,-0.23511032962710232,14.827756369382605
2019-10-04,36.58000183105469,37.15999984741211,36.540000915527344,37.09999847412109,36.57283020019531,664100.0,0.0139382631625815,0.0138420188604099,0.6199989318847656,33.75992674049624,PWR,664100.0,24288016.535949707,0.5085010883872544,-34.51336160141998,1.393826316258151,1.695244607789349,1.413708810715903,음봉,36.36383819580078,37.047420501708984,35.31162376403809,False,True,0,0.8385715484619125,0.09170377889319535,False,33.75992674049624,0.40564014747472754,-0.21528777906533292,33.316769500462485
2019-10-07,36.93999862670898,37.619998931884766,36.77999877929688,37.33000183105469,36.79956817626953,1445900.0,0.0061996289276242,0.0061804902891099,0.8400001525878835,41.51723061324172,PWR,1445900.0,53208495.626068115,1.0978382306682721,117.72323445264266,0.6199628927624268,2.2826358955200012,1.0039376895466623,음봉,36.27117691040039,37.14095115661621,35.298322741190596,False,True,0,0.8564286913190554,0.06579167448750305,False,41.517230613241715,0.39246712563405595,-0.1827686407248036,42.45094453008648
2019-10-08,36.900001525878906,37.65999984741211,36.560001373291016,37.06999969482422,36.543243408203125,2584800.0,-0.0069654286930382,-0.0069898005309468,1.0999984741210938,37.328231036387024,PWR,2584800.0,94456975.56152344,1.921233422173142,78.76754962307213,-0.6965428693038289,3.0101281975265755,0.2729199134302347,음봉,36.37369918823242,37.08380069732666,35.28485291798909,False,True,0,0.8785716465541284,0.06589306712643665,False,37.328231036387024,0.3572262623446463,-0.1744076032113706,33.67269354375147
2019-10-09,37.43000030517578,37.650001525878906,37.060001373291016,37.27999877929688,36.750274658203125,904200.0,0.0056653769805645,0.0056493890889313,0.5900001525878906,44.14106948917953,PWR,904200.0,33229598.345947266,0.6732345860520745,-65.01857010213557,0.5665376980564574,1.6054305935811426,2.4265960387457004,음봉,36.54719848632813,37.044880104064944,35.27237167358398,False,True,0,0.8700002942766452,0.06596229659234909,False,44.14106948917953,0.34206025820229513,-0.15165888588297738,42.509771758426055
2019-10-10,37.40999984741211,38.38999938964844,37.119998931884766,37.84000015258789,37.30231857299805,672400.0,0.0150214908576662,0.0149097855283848,1.270000457763672,52.87048478140223,PWR,672400.0,25082079.008483887,0.5016614993995865,-25.635921256359218,1.5021490857666242,3.4046153331685516,1.7951571664287558,음봉,36.79364700317383,37.03750095367432,35.27188129425049,False,True,0,0.9014287676130012,0.06597543856181606,False,52.87048478140223,0.3703176298327904,-0.09872121140198581,61.566021941938374
2019-10-11,38.470001220703125,39.54999923706055,38.470001220703125,38.81999969482422,38.26839447021485,1799200.0,0.0258985482450979,0.0255688610068129,1.079998016357422,56.73206569928645,PWR,1799200.0,68852495.33081056,1.3214944423588555,167.57882212968468,2.5898548245097963,2.822167042304345,3.130321900554262,음봉,37.13275985717773,37.074486351013185,35.28699995676676,True,True,1,0.9092856815883076,0.06590962166049173,False,56.73206569928645,0.46530233581890457,-0.002989204332697337,67.87956258114619
2019-10-14,38.709999084472656,38.93999862670898,38.36000061035156,38.83000183105469,38.27825546264648,619500.0,0.0002576798051796,0.0002576466114407,0.5799980163574148,63.61674161625222,PWR,619500.0,23713379.259109493,0.4571516588343883,-65.56803023566029,0.025767980517965583,1.5152153862482083,1.1539669232831709,음봉,37.428497314453125,37.07208194732666,35.30392411549886,True,True,1,0.8835710797991057,0.06461674578529061,False,63.61674161625222,0.5352045939128942,0.05353044300903387,68.12670538092479
2019-10-15,38.95000076293945,39.33000183105469,38.790000915527344,39.27999877929688,38.72185134887695,900500.0,0.0115887174289683,0.0115220825574942,0.5400009155273438,65.24320140668311,PWR,900500.0,34869027.1396637,0.6665863760538143,45.35916061339791,1.1588717428968387,1.3945637843140095,1.7549005098952144,음봉,37.86421890258789,37.1263240814209,35.33595536549886,True,True,1,0.8692853110177161,0.07647062431836874,False,65.24320140668311,0.6192586891113265,0.11006763056597291,79.24440271751912
2019-10-16,38.97999954223633,39.5,38.95000076293945,39.13999938964844,38.58383941650391,1502600.0,-0.0035641873403617,-0.0035705541889898,0.5499992370605469,65.11515238783062,PWR,1502600.0,57976077.10723878,1.103999944020843,66.86285397001666,-0.3564187340361791,1.4254652864465565,0.6666731686806655,음봉,38.23093185424805,37.16480255126953,35.36010608673096,True,True,1,0.8728566850934695,0.07639145068067535,False,65.11515238783062,0.667046459244311,0.12628432055916594,75.78545519210232
2019-10-17,39.369998931884766,39.52000045776367,39.119998931884766,39.29999923706055,38.7415657043457,1133800.0,0.0040878847265346,0.0040795520267908,0.4000015258789062,65.18369320495319,PWR,1133800.0,43925187.19558716,0.8270048349449817,-24.54412351923333,0.4087884726534652,1.0324867325484406,2.037535733275365,음봉,38.51878128051758,37.23677062988281,35.377038192749026,True,True,1,0.8385710035051603,0.07677324022096839,False,65.18369320495319,0.7094675048544659,0.13496429293545653,79.73849710407914
2019-10-18,39.45000076293945,40.33000183105469,39.209999084472656,40.220001220703125,39.64849472045898,2185100.0,0.023409715111528,0.0231399103196885,1.1200027465820312,70.09963424589725,PWR,2185100.0,86635925.81367491,1.5662302288909065,92.72358440642088,2.3409715111528007,2.8248304367633406,1.828617521553301,양봉,38.79480133056641,37.36836471557617,35.42008221944173,True,True,1,0.8685711451939159,0.10077284840791315,False,70.09963424589725,0.8069658808503206,0.185970135145049,85.71264056198387
2019-10-21,40.47999954223633,41.0,40.29999923706055,40.540000915527344,39.96393966674805,997600.0,0.0079560383947261,0.0079245559944705,0.7000007629394531,89.1944164207893,PWR,997600.0,39868026.21154785,0.7171352381995625,-54.345338886092165,0.7956038394726139,1.751580972188005,2.0971914006820715,음봉,39.13193817138672,37.489634895324706,35.46575762430827,True,True,1,0.798571177891321,0.10886106280892043,False,89.1944164207893,0.8993210044160023,0.22266020696858446,80.95476847797048
2019-10-22,40.43000030517578,41.08000183105469,39.959999084472656,40.86000061035156,40.27940368652344,1021400.0,0.0078937167457959,0.0078627243537035,1.1200027465820312,92.39510187266204,PWR,1021400.0,41141382.92541504,0.73222887144842,2.3857257417802646,0.7893716745795976,2.780584229345874,1.166202937733688,음봉,39.44344863891602,37.655728340148926,35.514885330200194,True,True,1,0.8257143838065001,0.11675847772969779,False,92.39510187266205,0.9865955557453674,0.24794780663835958,85.49641162791501
2019-10-23,40.900001525878906,41.470001220703125,40.59999847412109,41.25,40.66386795043945,1022100.0,0.0095449343517626,0.0094996692727311,0.8700027465820384,92.67367880928244,PWR,1022100.0,41562539.432144165,0.7305253150483519,0.06853338554924093,0.9544934351762624,2.139498258361417,1.5407324402945581,음봉,39.85945434570313,37.83021221160889,35.56861521402995,True,True,1,0.8128574916294637,0.12638284332033642,False,92.67367880928245,1.0743993129597342,0.268601251082181,83.64841338006917
2019-10-24,41.09999847412109,41.31999969482422,40.65999984741211,41.20000076293945,40.61457443237305,781600.0,-0.0012122191161569,-0.0012129544480654,0.6599998474121094,90.99959833110069,PWR,781600.0,31744351.376342773,0.559469353530258,-23.529987281087962,-0.12122191161569873,1.625032039941891,1.0725259196030816,음봉,40.234056091308595,38.008632850646975,35.63137118021647,True,True,1,0.8157146998814169,0.12578957526575338,False,90.99959833110067,1.1270153171655792,0.2569738042304206,82.57786527669764
2019-10-25,41.20000076293945,41.540000915527344,40.95000076293945,41.43999862670898,40.85115432739258,1148000.0,0.0058249999741708,0.0058081002572969,0.5900001525878906,91.01753394058352,PWR,1148000.0,46897125.16784668,0.8177211354298339,46.87819856704196,0.5824999974170852,1.4442680073602434,1.441419339604787,음봉,40.474588012695314,38.19149684906006,35.72941811879476,True,True,1,0.7978575570242745,0.13009116084933567,False,91.01753394058353,1.1742676731441932,0.24338092816722756,86.16773792261372
2019-10-28,41.70000076293945,42.20000076293945,41.70000076293945,42.08000183105469,41.48207473754883,1947800.0,0.0154443716596079,0.0153263212760301,0.5,96.47487556420596,PWR,1947800.0,80798785.1737976,1.3820687884200828,69.66898954703834,1.5444371659607992,1.2053399044368651,2.077900733829899,음봉,40.77821502685547,38.40245685577393,35.870805168151854,True,True,1,0.7550005231584821,0.14580568610110548,False,96.47487556420597,1.248236615269299,0.25387989623386653,86.03256594083508
2019-10-29,41.77999877929688,42.619998931884766,41.70000076293945,41.84999847412109,41.25533676147461,2368300.0,-0.0054659266082701,-0.0054809194432285,0.9199981689453124,92.23641736042924,PWR,2368300.0,97705014.05220032,1.6711738199804438,21.588458774001438,-0.5465926608270166,2.2300100815185506,0.7181994720200879,음봉,40.973401641845705,38.66369209289551,36.02236366271973,True,True,1,0.7785718100411552,0.1448205348928147,False,92.23641736042923,1.2738772115463846,0.22361639400876165,75.18796053799716
2019-10-30,41.93999862670898,42.290000915527344,41.52000045776367,41.97999954223633,41.38349151611328,1744900.0,0.0031063800394994,0.0031015652095753,0.7700004577636719,91.5660722042252,PWR,1744900.0,72210054.34646606,1.260338035532483,-26.32267871468986,0.3106380039499479,1.8606464306276833,1.6595716311634239,음봉,41.11732635498047,38.93872776031494,36.169329198201496,True,True,1,0.7428575243268695,0.13898755968845564,False,91.56607220422521,1.2896720498936602,0.19152898588482992,70.97399288818366
2019-10-31,42.41999816894531,42.93999862670898,41.43999862670898,42.04999923706055,41.45248794555664,2310100.0,0.0016672452447974,0.0016658569343327,1.5,89.68033855342773,PWR,2310100.0,95759392.4030304,1.6998826147134571,32.391541062525064,0.1667245244797444,3.618600654248034,2.5046379965993246,음봉,41.284909057617185,39.207848358154294,36.32072696685791,True,True,1,0.772857666015625,0.12596537520321602,True,89.68033855342773,1.2928537945384946,0.15576858442373132,67.52158678148533
2019-11-01,42.0,43.16999816894531,41.77999877929688,43.08000183105469,42.46785736083984,3103300.0,0.0244947762029814,0.024199589809227,1.3899993896484304,91.74832383907956,PWR,3103300.0,131790501.74789427,2.2598646910121127,34.336175923120216,2.449477620298146,3.2730622075842395,1.3208183189449503,양봉,41.60824966430664,39.50259971618652,36.47608178456624,True,True,1,0.8307149069649833,0.1499803556019897,True,91.74832383907955,1.3616113678350956,0.1796209261762658,83.96937789041867
2019-11-04,43.45000076293945,43.91999816894531,43.310001373291016,43.7400016784668,43.11848449707031,2536200.0,0.0153204606180679,0.0152042874100459,0.6099967956542969,92.07529922336644,PWR,2536200.0,109357100.38146973,1.8302620983215214,-18.274095317887408,1.532046061806791,1.4146990618275166,2.3126747218597936,음봉,41.93553161621094,39.818545532226565,36.63161226908366,True,True,1,0.835714612688337,0.16513011715974435,False,92.07529922336644,1.451866202592008,0.2159006087465425,83.87295593139682
2019-11-05,44.0,44.09000015258789,43.47999954223633,43.75,43.12833404541016,1479400.0,0.0002284298359447,0.0002284037498222,0.6100006103515625,94.58396206078896,PWR,1479400.0,63804057.38677979,1.0656551566430368,-41.66863812002208,0.022842983594473232,1.4143848211463212,2.0444027966464873,음봉,42.31013107299805,40.147800064086915,36.80454012552897,True,True,1,0.8400004250662667,0.15886448017141422,False,94.58396206078896,1.5068189151313192,0.21668265702868283,80.6505860970055
2019-11-06,43.77000045776367,43.869998931884766,43.13999938964844,43.33000183105469,42.71430969238281,1714900.0,-0.0095998225341007,-0.0096461978657357,0.7299995422363281,87.10864091777539,PWR,1714900.0,73250769.69146729,1.2342568665218077,15.91861565499526,-0.9599822534100744,1.7090280692666981,1.487807091453829,음봉,42.57629470825195,40.446001815795896,36.96416651407878,True,True,1,0.8635717119489398,0.14404428647720646,False,87.10864091777539,1.4996737253963346,0.16762997383495848,71.80962788730699
2019-11-07,43.7400016784668,44.02999877929688,42.95000076293945,43.13999938964844,42.52699661254883,1607900.0,-0.0043852535879185,-0.0043948970153436,1.079998016357429,81.0635975023382,PWR,1607900.0,68379157.85331726,1.163370566630605,-6.239430870604701,-0.4385253587918525,2.539558638944054,2.4012842381645574,음봉,42.79119644165039,40.707235717773436,37.141022555033366,True,True,0,0.860714231218611,0.11938760983157067,False,81.0635975023382,1.4620429894588511,0.10399939031797989,62.154887752792895
2019-11-08,43.0099983215332,43.08000183105469,42.66999816894531,42.93000030517578,42.31998443603516,769400.0,-0.0048677826557961,-0.0048796688985736,0.410003662109375,76.03475442839911,PWR,769400.0,32560996.025085453,0.5630880965767842,-52.14876547048946,-0.4867782655796127,0.968818083402365,1.1357531625966064,음봉,42.76162185668945,40.90981521606445,37.31360785166422,True,True,0,0.8400001525878912,0.11855537741121741,False,76.03475442839911,1.3993849687094908,0.03307309565489547,57.14248768074797
2019-11-11,42.56999969482422,43.04999923706055,42.5,42.84000015258789,42.23126983642578,611900.0,-0.0020962814800528,-0.0020984817535407,0.5499992370605469,72.70637519858695,PWR,611900.0,25841314.012908936,0.45338346660519574,-20.470496490772028,-0.20962814800528085,1.3023506969855674,0.5907735130832638,음봉,42.58417892456055,41.10746593475342,37.47306156158447,True,True,0,0.7992856161934994,0.11055156345855426,False,72.70637519858695,1.327269571644031,-0.031233841128451623,46.74127729993901
2019-11-12,42.77000045776367,42.90999984741211,42.45000076293945,42.650001525878906,42.04397201538086,935700.0,-0.004435050657259,-0.004444914670161,0.4599990844726562,66.82688014407114,PWR,935700.0,39340544.61479187,0.6940234193802082,52.917143324072555,-0.4435050657259021,1.0940904544042027,1.275667588080003,음봉,42.367306518554685,41.27357196807861,37.6231569925944,True,True,0,0.7699996403285435,0.11010664723714746,False,66.82688014407114,1.2407021885419383,-0.09424097938443565,40.3490392079666
2019-11-13,42.34000015258789,42.38999938964844,41.9900016784668,42.16999816894531,41.5707893371582,961300.0,-0.0112544713437053,-0.011318282129164,0.3999977111816406,60.5664236382766,PWR,961300.0,39961999.78981018,0.7164773984263072,2.735919632360795,-1.1254471343705386,0.9622086026259339,0.7040917473228645,음봉,42.13860244750977,41.42291946411133,37.76996142069499,True,True,0,0.7514280591692243,0.1059019595387317,False,60.5664236382766,1.1209929176089517,-0.17116020025393786,19.770340601507414
2019-11-14,42.06999969482422,42.2599983215332,41.81999969482422,42.0,41.4032096862793,850900.0,-0.0040311876091588,-0.0040393347483979,0.4399986267089844,56.19482285095918,PWR,850900.0,35229991.12205505,0.6374434577461104,-11.484448143139502,-0.40311876091588816,1.0627162242805455,1.200868123088042,음봉,41.91384506225586,41.55600166320801,37.911346944173175,True,True,0,0.7407136644635882,0.08373855004515736,False,56.19482285095918,1.0010605774334067,-0.23287403234358628,-1.3882611036413945
2019-11-15,42.34000015258789,42.709999084472656,42.25,42.41999816894531,41.817230224609375,1125500.0,0.0099997208300322,0.0099500544472211,0.4599990844726562,53.953349406090894,PWR,1125500.0,47065292.61779785,0.8426814064953014,32.271712304618646,0.9999720830032199,1.100022842263588,2.2626034875239123,음봉,41.8132942199707,41.66443843841553,38.05881214141846,True,True,1,0.7378564562116351,0.07594952667703485,False,53.953349406090894,0.9287156749127092,-0.24417514789142714,14.235146441105655
2019-11-18,42.220001220703125,42.25,41.380001068115234,42.060001373291016,41.46234893798828,773700.0,-0.0084864847507821,-0.008522700001505,0.8699989318847656,52.37017476583019,PWR,773700.0,32079419.373321533,0.5791580523276538,-31.257219013771653,-0.8486484750782175,2.098286648414322,0.9631699515495884,음봉,41.6595100402832,41.73935890197754,38.20151170094808,False,True,0,0.7342850821358817,0.06825524957336487,False,52.37017476583019,0.8331419230088954,-0.27179911983619287,3.0386678115454457
2019-11-19,42.18000030517578,42.27000045776367,41.720001220703125,42.0,41.4032096862793,778200.0,-0.0014263362598543,-0.0014273544457161,0.5499992370605469,50.22938731531192,PWR,778200.0,32219977.77786255,0.5850262045001098,0.5816207832493259,-0.14263362598543328,1.3283975837332545,1.7308507249814291,음봉,41.53135757446289,41.79554920196533,38.34650802612305,False,True,0,0.7185707092285156,0.06014419384442287,False,50.22938731531192,0.7440500469022524,-0.28871279675426864,0.8564068636421223
2019-11-20,41.66999816894531,42.43000030517578,41.66999816894531,42.2599983215332,41.65950775146485,2443700.0,0.0061902945961818,0.0061712134274705,0.7600021362304688,52.3077538044408,PWR,2443700.0,101803339.09225465,1.807082163947588,214.0195322539193,0.6190294596181811,1.8243185703598361,0.6443666679166355,음봉,41.549101257324224,41.8453311920166,38.50480270385742,False,True,0,0.6657137189592633,0.060072642309895265,False,52.3077538044408,0.6862149463559888,-0.27723831784042574,10.31390323897494
2019-11-21,42.40999984741211,42.45000076293945,41.56999969482422,41.72999954223633,41.13703918457031,1124900.0,-0.0125414003931951,-0.0126207075345196,0.8800010681152344,33.33314223580312,PWR,1124900.0,46275055.378723145,0.842148105280545,-53.96734460040102,-1.254140039319518,2.1391939856607505,1.801490551507703,음봉,41.49586715698242,41.87145442962647,38.64930191040039,False,True,0,0.629285267421178,0.054385015974184776,False,33.33314223580312,0.5914040280975996,-0.29763938887905195,-8.96538618544221
2019-11-22,41.95000076293945,42.060001373291016,41.70000076293945,41.869998931884766,41.27505493164063,732100.0,0.0033550238375466,0.0033494083017369,0.3600006103515625,23.51240068054692,PWR,732100.0,30217467.715454105,0.5533582564085336,-34.91865943639435,0.33550238375466,0.8721989854351307,1.9762277365699823,음봉,41.38743209838867,41.892649459838864,38.786910438537596,False,True,0,0.6114283970424113,0.04753327580173322,False,23.512400680546918,0.5213921257742911,-0.2941210329618884,-3.8725524697003335
2019-11-25,41.91999816894531,42.41999816894531,41.650001525878906,42.150001525878906,41.55107879638672,1031900.0,0.0066874257394262,0.0066651641015029,0.7699966430664062,28.947314823866805,PWR,1031900.0,42876558.209991455,0.7805841260083042,40.95068979647589,0.6687425739426267,1.8531327353487752,1.562549676488207,음봉,41.40517807006836,41.89609966278076,38.92304668426514,False,True,0,0.6228566850934715,0.04752936136937963,False,28.947314823866805,0.48261670289932823,-0.2663171646694811,6.455768906879543
2019-11-26,42.20000076293945,42.25,41.52999877929688,41.66999816894531,41.0778923034668,1021700.0,-0.0113880675695252,-0.0114534081533172,0.7200012207031179,28.4972425871661,PWR,1021700.0,41969282.56645203,0.7716184578204063,-0.9884678747940745,-1.1388067569525262,1.7527706031848982,1.5617451708839016,음봉,41.34011459350586,41.88722743988037,39.06787293752034,False,True,0,0.6221425192696708,0.048951479180289775,False,28.4972425871661,0.40899012197633766,-0.27195499647397736,-11.400340587982079
2019-11-27,41.75,42.15999984741211,41.66999816894531,42.06999969482422,41.472206115722656,678700.0,0.0095991734274687,0.0095533940915889,0.4900016784667969,36.85499597340455,PWR,678700.0,28147186.290740967,0.5152012820358344,-33.571498482920624,0.9599173427468743,1.1815182368150674,1.63617863245744,음봉,41.30265426635742,41.89166316986084,39.20728988647461,False,True,0,0.5799999237060541,0.048946295916428705,False,36.85499597340455,0.37809985559864856,-0.24227621028133317,5.4238238957017355
2019-11-29,42.04999923706055,42.04999923706055,41.45000076293945,41.63999938964844,41.048316955566406,376600.0,-0.0102210419907116,-0.0102736355211091,0.5999984741210938,34.96495611621759,PWR,376600.0,15458796.165466309,0.28870422716879834,-44.51156622955651,-1.022104199071161,1.4616883678095118,1.3932056561583341,음봉,41.28490982055664,41.87145462036133,39.327661196390785,False,True,0,0.5935709817068913,0.04967625578578019,False,34.96495611621759,0.3157747297848843,-0.243681068876078,-19.861345881492987
2019-12-02,41.650001525878906,41.880001068115234,41.27999877929688,41.36000061035156,40.77229690551758,1591600.0,-0.0067242720413509,-0.0067469818203341,0.6000022888183523,33.482017532873115,PWR,1591600.0,64893187.75482178,1.2094327037546753,322.62347318109397,-0.6724272041350954,1.4715930530201646,1.4657959569056287,음봉,41.18435821533203,41.78667659759522,39.44556560516357,False,True,0,0.5971426282610202,0.0563824963296596,False,33.482017532873115,0.24132723713731963,-0.25450284921891414,-31.147333809195626
2019-12-03,40.7599983215332,41.0,40.15999984741211,40.63999938964844,40.06251907348633,878100.0,-0.0174083357058846,-0.0175616425991483,0.8400001525878906,29.939923193138725,PWR,878100.0,35178897.998428345,0.6686889199136946,-44.82910278964564,-1.7408335705884626,2.0967232515935548,-0.030164069522192343,음봉,40.88664627075195,41.63387832641602,39.53112500508626,False,True,0,0.6242855616978227,0.07363750616474818,False,29.939923193138725,0.12362880772563045,-0.29776102290448264,-3.822776591813807
2019-12-04,40.84999847412109,41.20000076293945,40.040000915527344,40.2400016784668,39.668216705322266,1380100.0,-0.0098421761108131,-0.0098909304893259,1.1599998474121094,30.42587194014439,PWR,1380100.0,54746105.87501526,1.0456811949776303,57.168887370458954,-0.9842176110813172,2.9242550932632994,1.965626273251295,음봉,40.60471115112305,41.46087245941162,39.564157740275064,False,True,0,0.6785714285714276,0.0734691000543353,True,30.42587194014439,-0.001448256740779641,-0.33827046989671417,-13.924511804138733
2019-12-05,40.560001373291016,40.880001068115234,40.34999847412109,40.41999816894531,39.84564971923828,1144000.0,0.0044729264043827,0.0044629525994108,0.5300025939941477,34.00786945755894,PWR,1144000.0,45583423.278808594,0.8621506395073425,-17.107455981450613,0.4472926404382793,1.3301391688394326,2.248108793479238,음봉,40.27939987182617,41.31743946075439,39.60277379353841,False,True,0,0.6850002833775106,0.06919063583168049,False,34.00786945755894,-0.08527240292781357,-0.3376756928669985,-7.279076013967231
2019-12-06,40.790000915527344,40.95000076293945,40.310001373291016,40.5,39.92451095581055,1477000.0,0.001979168042884,0.0019772120701869,0.6399993896484375,29.130300549918857,PWR,1477000.0,58968502.68173218,1.111336706919594,29.108391608391603,0.19791680428840053,1.6030237423742144,2.370023334901503,음봉,40.054638671875,41.18731517791748,39.64401728312175,False,True,0,0.6978574480329236,0.06438311696836795,False,29.130300549918857,-0.14368390140560194,-0.31686975307582943,-4.792114814480655
2019-12-09,40.459999084472656,40.7599983215332,40.369998931884766,40.4900016784668,39.9146614074707,1222300.0,-0.0002467042952822,-0.0002467347317929,0.3899993896484375,31.529319212982628,PWR,1222300.0,48787690.63835144,0.9320325246549278,-17.244414353419092,-0.02467042952822851,0.9770830464202372,1.3412515666248264,음봉,39.883111572265626,41.06704902648926,39.683783531188965,False,True,0,0.6635717664446145,0.062411426967890565,False,31.529319212982628,-0.18859619151751872,-0.289425634550197,-5.200809792217701
2019-12-10,40.59000015258789,40.59000015258789,39.38999938964844,39.90999984741211,39.3429069519043,1941500.0,-0.0143244220395514,-0.0144280069589134,1.2000007629394531,28.09211358923693,PWR,1941500.0,76384253.84712219,1.4941000427533133,58.8398920068723,-1.432442203955142,3.050107010156681,1.6919565926489017,음봉,39.73918914794922,40.922630882263185,39.70072625478109,False,False,0,0.7100004468645363,0.0660041890084654,True,28.09211358923693,-0.26724468089235387,-0.29445929914002567,-1.5389678630599095
2019-12-11,40.040000915527344,40.31999969482422,39.90999984741211,40.18000030517578,39.60906982421875,766400.0,0.0067652060545457,0.0067424247372189,0.4099998474121094,28.24265445201649,PWR,766400.0,30356391.11328125,0.5951968284571025,-60.5253669842905,0.676520605454578,1.0351160712221956,1.7718415278139628,음봉,39.727359771728516,40.80088577270508,39.73359394073486,False,False,0,0.6850002833775106,0.06064386166734516,False,28.242654452016495,-0.30458597841289503,-0.26544047732845344,7.159161315496515
2019-12-12,40.72999954223633,41.59999847412109,40.459999084472656,41.54999923706055,40.959598541259766,2010700.0,0.0340964512177268,0.0335280514436222,1.1399993896484304,48.398584598732086,PWR,2010700.0,82357464.78691101,1.5521960651688036,162.35647181628394,3.4096451217726864,2.783228913975015,2.8299824332966077,양봉,39.95014953613281,40.77032623291016,39.78601608276367,False,True,0,0.7035715920584532,0.06068931748472945,True,48.398584598732086,-0.222636430912452,-0.14679274386240831,51.80197306797466
2019-12-13,41.630001068115234,41.70000076293945,40.88999938964844,41.060001373291016,40.476558685302734,1614300.0,-0.0117930808201269,-0.0118631707938735,0.8100013732910156,43.21599994814465,PWR,1614300.0,65341308.685684204,1.2404787693388561,-19.714527279057048,-1.1793080820126978,2.001161658995313,1.6367409611697077,음봉,40.06055908203125,40.72399368286133,39.83892199198405,False,True,0,0.7357145036969855,0.06075836500648501,False,43.21599994814465,-0.194426871597706,-0.09486654763812984,35.86005720789227
2019-12-16,41.36000061035156,41.540000915527344,40.650001525878906,40.66999816894531,40.09210205078125,1256800.0,-0.0094982539773343,-0.0095436500761142,0.8899993896484375,37.82882928754185,PWR,1256800.0,50387753.857421875,0.9598091495249952,-22.14582171839188,-0.9498253977334392,2.2198870703290914,2.182601371617125,음봉,40.09604721069336,40.63773727416992,39.89018014272054,False,True,0,0.7442861284528449,0.057006146378947804,False,37.82882928754185,-0.20077857948560762,-0.08097460442082514,24.54903885655141
2019-12-17,40.630001068115234,41.290000915527344,40.54999923706055,41.2599983215332,40.67371368408203,1295100.0,0.014506887979186,0.0144026697916704,0.7400016784667969,46.6881469964735,PWR,1295100.0,52676526.59225464,0.9855331022237255,3.0474220241884176,1.450688797918609,1.819360986347313,1.3416583062985161,양봉,40.36220855712891,40.59830551147461,39.94243310292562,False,True,0,0.745714732578822,0.05706151452320579,False,46.6881469964735,-0.15707054421156386,-0.029813255317425097,46.34346867473032
2019-12-18,41.290000915527344,41.36000061035156,40.68999862670898,40.709999084472656,40.131534576416016,688900.0,-0.0133299632258119,-0.013419604688459,0.6700019836425852,39.274398561981,PWR,688900.0,27646614.169692993,0.5241434197511928,-46.80719635549379,-1.3329963225811925,1.6695149854456932,1.515197840630179,음봉,40.46670150756836,40.534721755981444,39.99533309936523,False,True,0,0.7585718972342355,0.05715102260986184,False,39.274398561981,-0.16428713434672915,-0.02962387636207231,27.877264259582997
2019-12-19,40.650001525878906,40.86000061035156,40.43000030517578,40.79999923706055,40.22026062011719,1528200.0,0.0022108809104277,0.0022084405095229,0.4300003051757812,43.00001805864416,PWR,1528200.0,61464602.279663086,1.160565886258598,121.831905937001,0.22108809104277594,1.0691136719305734,1.2919190729565986,음봉,40.318833923339845,40.46275939941406,40.04610093434652,False,True,0,0.7464291708809989,0.05457294255898915,False,43.00001805864416,-0.16099107886566344,-0.02106225670480527,33.34380204032546
2019-12-20,40.900001525878906,41.43000030517578,40.52000045776367,41.27000045776367,40.683570861816406,3975100.0,0.0115193247024232,0.0114534824381459,0.9099998474121094,49.27297494812769,PWR,3975100.0,161721262.5328064,2.9126726130176936,160.1164769009292,1.1519324702423228,2.2367747671485505,1.690045999905155,음봉,40.36023635864258,40.44008598327637,40.106724421183266,False,True,0,0.7685718536376959,0.05460353979948488,False,49.27297494812769,-0.11961482148580416,0.016251200540043226,55.998731737766974
2019-12-23,41.380001068115234,41.5,40.81999969482422,41.27000045776367,40.683570861816406,1013500.0,0.0,0.0,0.6800003051757812,55.75878098698512,PWR,1013500.0,41232799.06845093,0.7419878145289024,-74.50378606827502,0.0,1.6714371201225997,1.711821729376423,음봉,40.47853012084961,40.41051177978515,40.16488602956136,True,True,1,0.7571432931082595,0.054643501089907794,False,55.75878098698512,-0.08583439394904246,0.04002530246144392,55.998731737766974
2019-12-24,41.59000015258789,41.68999862670898,41.02000045776367,41.02999877929688,40.44698333740234,632900.0,-0.0058153087205066,-0.0058322834691909,0.6699981689453054,57.438785943376686,PWR,632900.0,25598895.75424194,0.4663790058272959,-37.553034040453866,-0.5815308720506618,1.6564848937095917,2.2279983579863543,음봉,40.43318405151367,40.355307006835936,40.21795450846354,True,True,1,0.7221431732177734,0.052763795439783656,False,57.438785943376686,-0.07726315615754942,0.03887723220234958,45.75685365277658
2019-12-26,41.20000076293945,41.27999877929688,40.91999816894531,41.2400016784668,40.65400695800781,1252800.0,0.0051183945877624,0.0051053401324716,0.3600006103515696,57.678031812746816,PWR,1252800.0,50931339.91699219,0.9269134242398975,97.9459630273345,0.511839458776242,0.8855230696531836,1.86173940156566,음봉,40.53767852783203,40.33411273956299,40.29501075744629,True,True,1,0.7100001743861607,0.05279152110193239,False,57.678031812746816,-0.053152602327806164,0.050390228825674274,54.71890982292219
2019-12-27,41.27000045776367,41.27999877929688,40.70000076293945,40.81999969482422,40.23997116088867,995200.0,-0.010184378566836,-0.0102365941751078,0.579998016357429,52.81697817298377,PWR,995200.0,40046819.299316406,0.747480286986192,-20.561941251596426,-1.0184378566836072,1.4413479921207282,1.5152098054987029,음봉,40.54162063598633,40.27250099182129,40.36763064066569,True,False,0,0.7057143620082316,0.042346761727275174,False,52.81697817298377,-0.06668533625043693,0.02948599592243481,36.795292897566355
2019-12-30,40.72999954223633,41.09999847412109,40.720001220703125,40.880001068115234,40.29910659790039,556700.0,0.0014695695674153,0.0014684908068051,0.3799972534179616,53.40304200484354,PWR,556700.0,22434512.643051147,0.42154878350733554,-44.06149517684887,0.14695695674153963,0.9429421282449963,1.2177652399113557,음봉,40.464727783203124,40.235040473937985,40.43811448415121,True,False,0,0.7049999237060547,0.04018118461699253,False,53.40304200484354,-0.07181060191252442,0.01948858420827787,39.3552670038791
2019-12-31,40.810001373291016,40.959999084472656,40.63999938964844,40.709999084472656,40.1806755065918,1034300.0,-0.0029388019067093,-0.0029431286641006,0.3199996948242187,58.062865207232825,PWR,1034300.0,41558872.676467896,0.7852811233848089,85.7912699838333,-0.2938801906709365,0.7964019787863486,1.267757075828681,음봉,40.364148712158205,40.205459403991696,40.49824523925781,True,False,0,0.6421427045549665,0.04021074782682273,False,58.062865207232825,-0.08445526346826426,0.005475138122030432,15.121537471389784
2020-01-02,41.06999969482422,41.18999862670898,40.52000045776367,41.09000015258789,40.55572891235352,1030700.0,0.0093341737298617,0.0092908795321044,0.6699981689453054,58.92381061287665,PWR,1030700.0,41800789.789962776,0.7850616777956309,-0.3480614908633828,0.9334173729861783,1.6520432178478734,2.213313183563887,음봉,40.38589782714844,40.23011989593506,40.56084791819254,True,False,0,0.6607140132359091,0.04018609920968252,False,58.92381061287665,-0.06348080623928354,0.021159676280808934,9.899886760602861
2020-01-03,40.58000183105469,40.95000076293945,40.52000045776367,40.86000061035156,40.328731536865234,1506800.0,-0.0055971716345886,-0.0056128944962259,0.4300003051757812,42.45480493030494,PWR,1506800.0,60767332.679748535,1.1409005249697133,46.191908411758995,-0.5597171634588616,1.0662381106202412,0.05985077657862313,음봉,40.32084274291992,40.26314563751221,40.62393938700358,True,False,0,0.6099997929164341,0.04015313666523949,False,42.45480493030494,-0.06443245168298972,0.01616642466968221,-7.973915890461157
2020-01-06,40.56999969482422,40.900001525878906,40.380001068115234,40.869998931884766,40.338600158691406,1631000.0,0.0002447044935482,0.0002446745582871,0.5200004577636719,48.13942505070087,PWR,1631000.0,65792256.85882568,1.2207547192227317,8.242633395274757,0.024470449354829782,1.2890890009023575,0.5982537728429091,음봉,40.34056854248047,40.28779315948486,40.68374481201172,True,False,0,0.5892854418073382,0.04012857152427211,False,48.13942505070087,-0.06365652940138489,0.013553877561029645,-3.1603806550808535
2020-01-07,41.06999969482422,41.220001220703125,40.29999923706055,40.68000030517578,40.15106964111328,1723300.0,-0.0046489098987169,-0.0046597496888594,0.920001983642578,50.83987681661801,PWR,1723300.0,69192338.31253052,1.2856016227526403,5.659104843654195,-0.4648909898716913,2.291351119324922,1.8131505140374193,음봉,40.310961151123045,40.29912109375,40.7312239964803,True,False,0,0.5914284842354911,0.04011729153086174,True,50.83987681661801,-0.07728288195734478,-5.797999594420178e-05,-10.714364125363685
2020-01-08,40.66999816894531,40.790000915527344,40.34999847412109,40.59999847412109,40.07210540771485,970000.0,-0.0019666782007116,-0.0019686146516179,0.4400024414062571,39.99934050993819,PWR,970000.0,38869942.245483406,0.737737869457459,-43.712644345151745,-0.19666782007116135,1.0980267618320498,1.2924401079981855,음봉,40.28924713134766,40.306993293762204,40.76128584543864,False,False,0,0.5699999673025954,0.04010945638075324,False,39.99934050993819,-0.09337722372433888,-0.012921857410350623,-16.39524672045624
2020-01-09,40.720001220703125,41.33000183105469,40.34999847412109,41.31999969482422,40.78274917602539,1257700.0,0.0177341260480345,0.0175787111759346,0.9800033569336009,60.25112592325702,PWR,1257700.0,51292463.638687134,0.9524846191388642,29.659793814433,1.7734126048034593,2.4029850285564054,1.6168249868486781,양봉,40.334651184082034,40.37898540496826,40.80302740732829,False,False,0,0.5921429225376679,0.03344632618913811,True,60.25112592325702,-0.04823309146886601,0.0257778198760978,34.730226686426434
2020-01-10,41.20000076293945,41.52000045776367,40.86000061035156,41.06999969482422,40.5359992980957,912700.0,-0.0060503493000109,-0.0060687268278075,0.6599998474121094,54.73466235734918,PWR,912700.0,36997206.55937195,0.689217421947761,-27.43102488669794,-0.6050349300010915,1.6281820081912097,1.023108042847069,음봉,40.376104736328124,40.42533187866211,40.83326320648193,False,False,0,0.6085714612688342,0.021953886147645072,False,54.73466235734918,-0.03199784316660015,0.03361045454269093,16.978429112465097
2020-01-13,41.09999847412109,41.27999877929688,40.5,41.040000915527344,40.50639343261719,759700.0,-0.0007303598280826,-0.0007306266707572,0.7799987792968821,46.94587720382651,PWR,759700.0,30772707.090759277,0.5809189620894153,-16.763449107045037,-0.07303598280826717,1.9256189287610075,1.3913538232468814,음봉,40.409663391113284,40.40267162322998,40.865305773417155,True,False,0,0.5992856706891752,0.01758902913494332,False,46.94587720382651,-0.02127499296035751,0.03546664379914686,14.848509797464263
2020-01-14,41.0,41.06999969482422,40.4900016784668,40.59999847412109,40.07210540771485,1070800.0,-0.0107214685905023,-0.0107793576773697,0.5799980163574219,40.83236867270336,PWR,1070800.0,42909210.47058106,0.8143467097376988,40.950375148084774,-1.072146859050238,1.44738593207473,1.2185892782677188,음봉,40.3938705444336,40.38244895935058,40.887481435139975,True,False,0,0.5921426500592923,0.0175978373432944,False,40.83236867270336,-0.047275508398264776,0.007572902688991676,-16.39524672045624
2020-01-15,40.20000076293945,40.619998931884766,39.93999862670898,40.2400016784668,39.71680068969727,1752200.0,-0.00886663464279,-0.0089061771606349,0.6800003051757884,39.42877277160541,PWR,1752200.0,69591778.16848756,1.3189925870696702,63.634665670526715,-0.8866634642790028,1.7121225611512654,0.3191630535089861,음봉,40.322809600830084,40.36368389129639,40.888619867960614,False,False,0,0.5928570883614697,0.02640860257450307,False,39.42877277160541,-0.09545092667838873,-0.0324820124729058,-14.126435338540954
2020-01-16,40.540000915527344,40.95000076293945,40.540000915527344,40.93000030517578,40.39781188964844,712100.0,0.0171466781846763,0.0170013330037528,0.4099998474121094,46.73854557392079,PWR,712100.0,28767281.846618652,0.5411544599528836,-59.359662139025225,1.71466781846763,1.0149060759332067,2.072675068320931,음봉,40.24582214355469,40.34988880157471,40.895851071675615,False,False,0,0.5964284624372225,0.026417631324092222,False,46.73854557392079,-0.07778176064331177,-0.011850277150263072,28.97548939129123
2020-01-17,41.09000015258789,41.400001525878906,41.0099983215332,41.2599983215332,40.7235221862793,881600.0,0.0080625727334089,0.0080302438469476,0.3900032043457031,56.297394400903,PWR,881600.0,35901857.15942383,0.672008943857692,23.802836680241548,0.8062572733408935,0.9576853459819453,1.7134300858428917,음봉,40.283326721191415,40.379488182067874,40.90325304667155,False,False,0,0.5828574044363849,0.026398266405008444,False,56.297394400902995,-0.0370694073444966,0.02308966091884168,49.590041237312754
2020-01-21,41.060001373291016,41.40999984741211,40.66999816894531,41.220001220703125,40.68404006958008,1523500.0,-0.0009695162544786,-0.0009699865393529,0.7400016784667969,55.03886962496607,PWR,1523500.0,61982135.04600525,1.1706752143319759,72.81079854809438,-0.09695162544786085,1.8188991978210753,0.8262526641791471,음봉,40.31885604858399,40.40267715454102,40.90358924865723,False,False,0,0.6085720062255875,0.026383115214143965,False,55.03886962496607,-0.007899391620924234,0.04180774131393124,47.091175987715964
2020-01-22,41.470001220703125,41.560001373291016,40.9900016784668,41.09000015258789,40.55572891235352,757200.0,-0.0031538450214656,-0.0031588288722961,0.5699996948242188,54.89687076022589,PWR,757200.0,30708797.932434086,0.583552403822041,-50.29865441417788,-0.3153845021465651,1.4054726918016098,1.9318660334097917,음봉,40.41558074951172,40.39628505706787,40.902608489990236,True,False,0,0.6264291490827303,0.026387289940702503,False,54.89687076022589,0.004808982989104038,0.04361289273916761,38.007977884213076
2020-01-23,40.880001068115234,41.25,40.36000061035156,41.11000061035156,40.57548141479492,716600.0,0.0004870459235015,0.000486927355133,0.8899993896484375,50.284272453570935,PWR,716600.0,29076389.98184204,0.5543300086810139,-5.361859482303222,0.04870459235015723,2.193441355754117,0.7995717607801061,음봉,40.58731689453125,40.3908805847168,40.89801394144694,True,False,0,0.6421435219900969,0.026390820672809352,False,50.284272453570935,0.01628658171890862,0.04407239317517775,39.22726609116667
2020-01-24,41.119998931884766,41.209999084472656,40.18999862670898,40.369998931884766,39.8450927734375,583600.0,-0.0180007387685879,-0.0181647229381252,1.020000457763679,43.92048773049374,PWR,583600.0,23253596.142578125,0.4538909381805253,-18.559866034049676,-1.8000738768587987,2.5599148772559928,1.34198658427081,음봉,40.47677307128906,40.360786056518556,40.87073090871175,True,False,0,0.6842863900320896,0.02641049866658778,True,43.92048773049374,-0.0331712206576924,-0.004308327361138616,-5.8583760719982925
2020-01-27,39.58000183105469,39.959999084472656,39.34999847412109,39.540000915527344,39.02589797973633,799600.0,-0.0205594901826224,-0.0207737786973592,0.6100006103515696,36.28870629317676,PWR,799600.0,31205108.024597168,0.621745312361148,37.01165181631254,-2.0559490182622486,1.563066173822071,-0.6653038653721841,음봉,40.13724822998047,40.27938060760498,40.83357359568278,False,False,0,0.6907149723597966,0.043616638830770875,False,36.28870629317676,-0.1368910639470542,-0.0864225365204003,-14.665161503022905
2020-01-28,39.68000030517578,40.22999954223633,39.25,40.150001525878906,39.62796401977539,1058300.0,0.015427346229206,0.015309554652858,0.979999542236328,44.9715628861745,PWR,1058300.0,41938274.322128296,0.8238148369184463,32.35367683841921,1.5427346229206051,2.472999979881083,1.6760724526546114,음봉,39.92603302001953,40.248780250549316,40.80431480407715,False,False,0,0.6950005122593501,0.043649799704553405,False,44.9715628861745,-0.16856497713136065,-0.0944771597637654,16.36206905093361
2020-01-29,40.16999816894531,40.43999862670898,40.06999969482422,40.16999816894531,39.64770126342773,1065600.0,0.0004980635301496,0.0004979395376787,0.3699989318847585,45.873358412295296,PWR,1065600.0,42248590.46630859,0.8386389955240307,0.6897855050552737,0.049806353014969496,0.9332166054884424,1.3678072103311507,음봉,39.74442749023437,40.216209983825685,40.774235026041666,False,False,0,0.6900002615792431,0.043685150763725374,False,45.873358412295296,-0.18988527170370162,-0.09263796346888509,17.216494675114834
2020-01-30,39.75,40.040000915527344,39.38999938964844,39.93999862670898,39.420684814453125,991400.0,-0.0057258413915666,-0.0057422968657413,0.6500015258789062,35.38124299373814,PWR,991400.0,39081666.92504883,0.793898272338089,-6.963213213213216,-0.5725841391566622,1.6488844091328188,0.2580193386057322,음봉,39.513468170166014,40.17821044921875,40.723448816935225,False,False,0,0.6664287022181935,0.04372646707372761,False,35.38124299373814,-0.22253484575461613,-0.10023003001583966,7.388948613911582
2020-01-31,39.61000061035156,39.95000076293945,38.9900016784668,39.150001525878906,38.640960693359375,1156700.0,-0.0197795681319029,-0.0199778021329365,0.9599990844726562,31.74896854758994,PWR,1156700.0,44695999.23400879,0.9332454799025672,16.673391164010496,-1.9779568131902958,2.484407911311678,0.48024481763702676,음봉,39.27264175415039,40.082472038269046,40.6488234202067,False,False,0,0.6878572191510897,0.05343454067955506,False,31.74896854758994,-0.3077792015141867,-0.14837950862032814,-13.581362900951449
2020-02-03,39.38999938964844,39.88999938964844,39.18000030517578,39.470001220703125,38.95679473876953,1429700.0,0.0081735557228119,0.0081403331246356,0.7099990844726562,35.855702524690386,PWR,1429700.0,55696529.4380188,1.166660622090508,23.601625313391537,0.8173555722811976,1.8225295208028756,1.9384577475522968,음봉,39.25882110595703,40.01387519836426,40.57929776509603,False,False,0,0.6828572409493593,0.05352614491968952,False,35.855702524690386,-0.34586389597668443,-0.14917136246626067,-1.2920989743361386
2020-02-04,40.09999847412109,40.29999923706055,39.400001525878906,39.40999984741211,38.89757537841797,789200.0,-0.0015201291776868,-0.0015212857462829,0.8999977111816406,38.49121149234168,PWR,789200.0,30697966.48864746,0.6639008360250553,-44.79960830943555,-0.15201291776868464,2.313763010742818,2.934542595245514,음봉,39.11274337768555,39.941823959350586,40.51568552652995,False,False,0,0.705714362008232,0.05362270097744527,False,38.49121149234168,-0.3764849144471327,-0.14383390474936714,-3.5963545145537394
2020-02-05,40.0099983215332,40.58000183105469,39.790000915527344,40.36000061035156,39.83522415161133,1060300.0,0.0241055840645945,0.0238196307399838,0.7900009155273438,51.04152547718127,PWR,1060300.0,42237288.16795349,0.9098907295863743,34.35124176381146,2.410558406459451,1.98317175904579,2.8598773375793853,음봉,39.150247955322264,39.92603168487549,40.47082265218099,False,False,0,0.7135715484619146,0.05364391080913142,False,51.04152547718127,-0.32138712177524553,-0.07098888966198391,32.88803787979992
2020-02-06,40.47999954223633,40.47999954223633,39.08000183105469,39.11000061035156,38.60148620605469,1335200.0,-0.0309710305849185,-0.0314607713410587,1.3999977111816406,35.60134245918556,PWR,1335200.0,51540704.38232422,1.1480496792684591,25.926624540224473,-3.097103058491857,3.6267974339341613,1.6186061566291425,음봉,38.98640823364258,39.85250072479248,40.408847681681316,False,False,0,0.7842856815883097,0.054733402679890714,True,35.60134245918556,-0.37297464600236196,-0.09806113111128029,-15.117335352006055
2020-02-07,38.84000015258789,39.22999954223633,38.34999847412109,38.88999938964844,38.38433456420898,1063800.0,-0.0056254736070666,-0.0056413561763755,0.8800010681152415,30.91787770343849,PWR,1063800.0,40833255.10940551,0.9228919744033578,-20.326542840023965,-0.5625473607066667,2.2926047256158197,0.6178879881982159,음봉,38.9350830078125,39.73257999420166,40.34473209381103,False,False,0,0.8192855290004195,0.0588732879267263,False,30.917877703438492,-0.42646443674345846,-0.1212407374819014,1.0696591612664759
2020-02-10,38.75,39.43999862670898,38.68999862670898,39.36000061035156,38.84823226928711,953800.0,0.0120855997725355,0.0120131520436549,0.75,35.99406987627528,PWR,953800.0,37053443.938446045,0.8349832140157409,-10.340289528106783,1.2085599772535538,1.9305897751052625,0.9526423733602593,양봉,38.913370513916014,39.64819164276123,40.291469764709475,False,False,0,0.8199996948242197,0.058998595526043286,False,35.994069876275276,-0.4265063141356009,-0.09702609189923506,15.521288011760376
2020-02-11,39.650001525878906,40.43999862670898,39.5099983215332,40.18000030517578,39.65757369995117,866700.0,0.0208334172081214,0.02061936936579,0.930000305175774,43.79273580886411,PWR,866700.0,34371219.12574768,0.757708976008193,-9.131893478716712,2.0833417208121485,2.3450761567314924,2.0638500383598277,양봉,39.06537017822266,39.60575065612793,40.25958283742269,False,False,0,0.8457140241350452,0.059061817622901004,False,43.79273580886411,-0.3571158040720803,-0.022108465468571536,45.08877716654973
2020-02-12,40.38999938964844,41.130001068115234,40.119998931884766,40.77000045776367,40.23990631103516,1549500.0,0.0146840201442961,0.0145772538240064,1.0100021362304688,47.84813012441707,PWR,1549500.0,62351734.82894898,1.337245221555705,78.7815853236414,1.468402014429615,2.509951510382845,1.8468746858766285,음봉,39.14630661010742,39.61414070129395,40.240194447835286,False,False,0,0.8542856488909045,0.059049308672595106,False,47.84813012441707,-0.25222644055610033,0.06622471843792677,66.08067949614028
2020-02-13,40.4900016784668,40.88999938964844,40.38999938964844,40.79999923706055,40.269508361816406,1122500.0,0.0007356391576172,0.0007353687077596,0.5,52.99031449664732,PWR,1122500.0,45202523.136138916,0.9662642700498042,-27.55727654081962,0.07356391576172072,1.24163422981866,0.6215108094400528,음봉,39.47991104125977,39.6417760848999,40.214399083455405,False,True,0,0.8171427590506417,0.05900814375875929,False,52.99031449664732,-0.16481237174985353,0.12291102979533886,69.04705383520805
2020-02-14,40.880001068115234,40.900001525878906,40.18999862670898,40.5,39.97340774536133,1089000.0,-0.0073529732172206,-0.0073801395757119,0.710002899169929,57.20714028714353,PWR,1089000.0,43531041.03469849,0.9357941572028338,-2.984409799554566,-0.7352973217220615,1.776188069060288,1.5160172823905096,음봉,39.797725677490234,39.62055587768555,40.18958339691162,True,False,0,0.8242857796805245,0.05903974768278704,False,57.20714028714353,-0.11806792403482547,0.1357243820082935,58.395962462316284
2020-02-18,40.2599983215332,40.650001525878906,39.83000183105469,40.150001525878906,39.62796401977539,1231500.0,-0.0086418382887564,-0.0086793955054019,0.8199996948242188,50.0,PWR,1231500.0,48801837.69035339,1.0527812003017851,13.085399449035817,-0.864183828875642,2.0692450775796036,0.7169530753983118,음봉,39.95367202758789,39.565777969360354,40.15999596913655,True,False,0,0.8128572191510882,0.05812360133931873,False,50.0,-0.10765604226455139,0.11690901102285406,45.96994076247233
2020-02-19,40.27000045776367,40.27999877929688,39.400001525878906,39.5,38.986419677734375,986200.0,-0.0161891825106348,-0.016321659062966,0.8799972534179759,45.23475860006349,PWR,986200.0,38448407.08618164,0.8446764687888738,-19.918798213560695,-1.6189182510634836,2.2571891973977625,1.6201600406921948,음봉,39.81944122314453,39.480896949768066,40.11544450124105,True,False,0,0.8492856706891752,0.05549891263548957,False,45.23475860006349,-0.1494490619832618,0.06009279304331494,22.892827689736613
2020-02-20,39.43999862670898,39.72999954223633,39.209999084472656,39.41999816894531,38.90744400024414,1218900.0,-0.0020257227553351,-0.0020277773067792,0.5200004577636719,46.22092092423866,PWR,1218900.0,47424283.49189758,1.0377023460588886,23.59561954978706,-0.20257227553351909,1.3365063450593386,1.1634280673217263,음봉,39.552948760986325,39.398482704162596,40.07828458150228,True,False,0,0.8399998801095155,0.05561500596454294,False,46.22092092423866,-0.18678981168251596,0.0182016346752486,20.05197863222668
2020-02-21,39.130001068115234,40.09000015258789,39.060001373291016,40.02000045776367,39.49966430664063,1075300.0,0.0152212596230369,0.0151065785138228,1.029998779296875,56.5023253126896,PWR,1075300.0,42473989.02893067,0.911788774364786,-11.781114119287883,1.5221259623036998,2.6076140073011027,0.5720166759597398,양봉,39.39897994995117,39.344691848754884,40.04869473775228,True,False,0,0.8449998583112455,0.047914310902579554,False,56.5023253126896,-0.16667408046161114,0.03065389271692276,41.3548474740008
2020-02-24,39.02999877929688,39.7599983215332,38.2400016784668,39.43000030517578,38.91731262207031,2300400.0,-0.0147432059181428,-0.0148529671359689,1.5199966430664062,49.71263027427566,PWR,2300400.0,89525385.95581055,1.9543682446783406,113.93099600111599,-1.474320591814282,3.905708130022329,-1.1890367566105884,음봉,39.18776092529297,39.298302841186526,40.004798634847006,False,False,0,0.9028568267822276,0.04797087052908747,True,49.71263027427566,-0.19546987749971123,0.0014864765430581683,23.436369780199474
2020-02-25,39.58000183105469,39.58000183105469,37.93999862670898,37.959999084472656,37.46643829345703,1754700.0,-0.0372809485254764,-0.0379936527663939,1.6400032043457102,41.33822490453128,PWR,1754700.0,65742359.27352905,1.478199301190223,-23.721961398017733,-3.7280948525476476,4.377259432829816,1.702813386473553,음봉,38.755455780029294,39.22032985687256,39.944607734680176,False,False,0,0.9557143620082326,0.07146982390481334,True,41.33822490453128,-0.33154237287477883,-0.10766881506560752,-14.845140151152522
2020-02-26,38.18000030517578,38.5,36.880001068115234,37.08000183105469,36.597877502441406,1915500.0,-0.0231823688233345,-0.023455306413379,1.6199989318847656,30.241129414920263,PWR,1915500.0,70103234.35592651,1.5885238068284284,9.16395965122243,-2.3182368823334576,4.426483289301947,1.9045365511654821,음봉,38.277747344970706,39.06882553100586,39.86336892445882,False,False,0,1.0149999346051912,0.09397853171862346,True,30.241129414920266,-0.5036605178465265,-0.22382956802988413,-6.6382015452665435
2020-02-27,38.33000183105469,40.09000015258789,37.650001525878906,39.41999816894531,38.90744400024414,4043900.0,0.0631065694355816,0.061195347801919,2.4399986267089844,51.65062042583352,PWR,4043900.0,157337812.79258728,3.225711163754737,111.11459149047245,6.310656943558168,6.271289953392141,4.732854599280335,양봉,38.277747344970706,39.03181266784668,39.827687708536786,False,False,0,1.0892857142857157,0.09406764914096821,True,51.650620425833516,-0.448532272425922,-0.13496105808742365,47.704539579503674
2020-02-28,38.59000015258789,39.41999816894531,37.400001525878906,38.130001068115234,37.63423538208008,3661100.0,-0.0327240365148652,-0.033271443182153,2.0199966430664062,46.36721376894601,PWR,3661100.0,137782699.15733337,2.825923098882492,-9.46610944879943,-3.272403651486522,5.367444356337974,-0.8158948905876676,음봉,37.90466156005859,38.94249019622803,39.77538668314616,False,False,0,1.1707139696393705,0.09428341230552931,True,46.36721376894601,-0.5017956477200087,-0.1505795467052083,17.746689740349264
2020-03-02,37.72999954223633,39.040000915527344,37.09999847412109,38.83000183105469,38.32513427734375,3123400.0,0.0183582551432053,0.0181917767917038,1.940002441406257,47.521102633621695,PWR,3123400.0,119704724.40185547,2.340772127836239,-14.686842752178308,1.8358255143205326,5.061958628421837,0.2544602253347469,양봉,37.78622589111328,38.92669887542725,39.746430269877116,False,False,0,1.2557141440255317,0.09432166008026802,True,47.521102633621695,-0.4826933017018078,-0.10518176054960582,34.003134334788605
2020-03-03,38.90999984741211,39.869998931884766,38.02000045776367,38.560001373291016,38.058631896972656,2239000.0,-0.0069537233305569,-0.0069780131331746,1.8499984741210933,42.011827327873895,PWR,2239000.0,85213276.81732178,1.641606401772684,-28.315297432285323,-0.6953723330556993,4.860916911383382,1.526062676873928,음봉,37.90466461181641,38.881790733337404,39.719603856404625,False,False,0,1.3214282989501973,0.09443060080632883,False,42.011827327873895,-0.4834857469684053,-0.0847793646529626,27.73249009076287
2020-03-04,39.13999938964844,40.290000915527344,38.97999954223633,40.2400016784668,39.71680068969727,2349000.0,0.0435687966192108,0.0426463740818112,1.3100013732910156,47.64027093803743,PWR,2349000.0,93294764.82009889,1.7072087453682125,4.912907548012502,4.356879661921087,3.2983557349593773,2.8413199286908624,양봉,38.52844924926758,38.922751998901376,39.71745637257894,False,False,0,1.3428568158830936,0.09433122456188696,False,47.64027093803743,-0.3463212263534601,0.041908124769586164,70.56714673013124
2020-03-05,39.380001068115234,39.77000045776367,38.90999984741211,39.119998931884766,38.61135482788086,2181200.0,-0.0278332051580169,-0.0282278896115608,0.8600006103515625,43.18185739584364,PWR,2181200.0,84219087.15057373,1.5617769503800008,-7.1434653043848435,-2.7833205158016905,2.227325651185296,-0.8480028998645044,음봉,38.46923141479492,38.86155853271485,39.695570437113446,False,False,0,1.3685711451939195,0.09447976349904003,False,43.18185739584364,-0.32309318092990225,0.05210893615451523,43.068496582430186
2020-03-06,37.81999969482422,38.58000183105469,37.52999877929688,38.2400016784668,37.742801666259766,3797300.0,-0.0224947600386692,-0.0227516265627326,1.0500030517578054,41.24037510860774,PWR,3797300.0,143320740.7672882,2.6462342885649845,74.09224280212727,-2.2494760038669237,2.7819955207417926,-2.049539925714317,음봉,38.49094467163086,38.8186243057251,39.65937277475993,False,False,0,1.3928568703787678,0.09458426013395574,False,41.24037510860774,-0.370498888366356,0.0037625829744492023,22.88595473159004
2020-03-09,35.290000915527344,35.40999984741211,33.15999984741211,33.220001220703125,32.78806686401367,2935200.0,-0.1312762853711356,-0.140730139103188,2.25,30.27893984995157,PWR,2935200.0,96239533.85925293,2.0057204775524946,-22.702973165143657,-13.127628537113567,6.862252688856972,-6.498724637405778,음봉,37.383531188964845,38.538810920715335,39.550125439961754,False,False,0,1.494999749319895,0.1941274605797793,True,30.27893984995157,-0.7986674024815983,-0.33952474491263435,-5.21645059860777
2020-03-10,34.119998931884766,34.290000915527344,32.220001220703125,34.13999938964844,33.69610595703125,2691500.0,0.0276941942562094,0.0273176463736255,2.0699996948242188,34.977614129377486,PWR,2691500.0,90693069.18334961,1.8152791576026448,-8.302671027527941,2.769419425620945,6.143142170385653,4.062246406276995,음봉,36.511026000976564,38.281204605102545,39.45157604217529,False,False,0,1.5799999237060551,0.19543380557062,False,34.977614129377486,-1.052589274753025,-0.47475729374724873,18.291261364914803
2020-03-11,33.060001373291016,33.2599983215332,31.790000915527344,32.540000915527344,32.116912841796875,2506300.0,-0.0468657451768503,-0.0479995092551156,1.4699974060058594,32.23147887328163,PWR,2506300.0,80494618.65539551,1.6674505985620993,-6.8809214192829256,-4.686574517685038,4.577019632138517,-1.8877688257253973,음봉,34.991048431396486,37.90417156219483,39.30419794718424,False,False,0,1.6478568485804972,0.21508438739103936,False,32.23147887328163,-1.3655111123661143,-0.6301433050882703,3.846022661994485
2020-03-12,30.440000534057617,31.15999984741211,28.950000762939453,29.61000061035156,29.22500991821289,3349400.0,-0.0900429919223266,-0.0943579244579568,2.209999084472656,26.00277014578994,PWR,3349400.0,97886248.22006226,2.1957222311826556,33.639229142560744,-9.004299192232669,7.562013120465684,-5.221274896499168,음봉,33.11377944946289,37.353426742553715,39.116672134399415,False,False,0,1.7321425846644816,0.29567564228374843,True,26.00277014578994,-1.8258095247720618,-0.872353373995374,2.4251247934126163
2020-03-13,31.07999992370605,32.45000076293945,29.8700008392334,32.45000076293945,32.028072357177734,2854300.0,0.0959131390137866,0.0915879326605134,2.5799999237060547,35.42188767582185,PWR,2854300.0,91417726.9290924,1.8313677443797394,-14.78175195557413,9.591313901378662,8.055433043031256,6.347269036638169,양봉,31.970833587646485,36.94135494232178,38.982271639506024,False,False,0,1.8078571047101708,0.2909584081019876,True,35.42188767582185,-1.942029117426003,-0.7908583733194521,27.143488120111158
2020-03-16,29.1200008392334,30.89999961853028,28.559999465942383,29.14999961853028,28.77098274230957,2383600.0,-0.1016948375333062,-0.1072454438340743,2.340000152587894,32.90646645910115,PWR,2383600.0,68578514.46456909,1.5235724004005589,-16.490908453911647,-10.16948375333062,8.133195079036275,-9.0797581743711,음봉,31.167416763305663,36.3812336921692,38.78389279047648,False,False,0,1.8578568867274698,0.3008643972879818,True,32.90646645910115,-2.270777780464286,-0.8956856290861879,1.7986636853710931
2020-03-17,29.64999961853028,31.190000534057617,29.0,29.86000061035156,29.471755981445312,2810900.0,0.0243569448222291,0.0240650448057543,2.190000534057617,35.89844026590258,PWR,2810900.0,82842158.88824463,1.7751468791255718,17.926665547910716,2.4356944822229165,7.430845096017988,3.0552201990933723,음봉,30.322546768188477,35.87342329025269,38.606229813893634,False,False,0,1.8985712868826734,0.30512331814069815,False,35.89844026590258,-2.4465644486063667,-0.8571778377826147,7.772859359153703
2020-03-18,27.979999542236328,28.61000061035156,26.299999237060547,27.15999984741211,26.806856155395508,2774700.0,-0.0904221597019043,-0.0947746988719281,2.310001373291012,26.38676805953452,PWR,2774700.0,74380983.77437592,1.7260231365919934,-1.287843751111739,-9.042215970190437,8.617203598587857,-5.061647633578933,음봉,29.260535430908202,35.26444511413575,38.38267307281494,False,False,0,1.8892857687813898,0.3660895412509076,False,26.386768059534518,-2.768992571324432,-0.9436847684005436,3.6229939780143674
2020-03-19,27.040000915527344,29.13999938964844,26.40999984741211,26.979999542236328,26.629196166992188,1952800.0,-0.0066274085768749,-0.0066494673648487,2.729999542236332,27.56539067989759,PWR,1952800.0,52001494.274902344,1.2069162059950262,-29.621220312105812,-0.6627408576874938,10.251903681644963,0.8697206370651193,음봉,28.741372680664064,34.65053272247315,38.14843349456787,False,False,0,1.9400002615792415,0.3777028372847183,True,27.56539067989759,-3.004224033254527,-0.9431329842645106,2.3530871367823756
2020-03-20,27.420000076293945,27.56999969482422,25.040000915527344,25.1299991607666,24.80325126647949,2708000.0,-0.0685692834684968,-0.0710334700947837,2.529998779296875,23.653848598024297,PWR,2708000.0,67167204.42962645,1.641155284665466,38.672675133142164,-6.856928346849688,10.200270731103942,2.969687497672148,음봉,27.296408462524415,33.91571207046509,37.88376150131226,False,False,0,1.9821428571428572,0.43972390708567755,True,23.653848598024297,-3.299945438132344,-0.9910835113138621,-1.5524567150679025
2020-03-23,25.07999992370605,25.920000076293945,23.770000457763672,23.799999237060547,23.49054527282715,2913100.0,-0.0529247548859211,-0.0543767326546775,2.149999618530273,22.7272879839889,PWR,2913100.0,68430307.43427277,1.7422433393298746,7.573855243722294,-5.292475488592119,9.15261690846019,1.115775727356261,음봉,26.24032096862793,33.14437370300293,37.601154200236,False,False,0,2.0035715103149414,0.48956289119441115,False,22.7272879839889,-3.5987470689332994,-1.0319081136918538,-1.6916172953566222
2020-03-24,24.799999237060547,27.799999237060547,24.770000457763672,27.600000381469727,27.241140365600582,1803600.0,0.1596640286214199,0.148130332668484,3.029998779296875,28.341318754429267,PWR,1803600.0,49132120.76339721,1.101387071447265,-38.086574439600426,15.966402862141994,11.122877892157115,5.574387265280379,양봉,25.794197845458985,32.63310880661011,37.37760642369588,False,False,0,2.1264284678867886,0.4972329027255705,True,28.341318754429267,-3.4926467771865006,-0.7406462575560435,21.69462442398069
2020-03-25,27.61000061035156,31.3700008392334,27.32999992370605,30.40999984741211,30.01460075378418,2697600.0,0.1018114642397955,0.0969556110121455,4.040000915527347,35.89244343220926,PWR,2697600.0,80967386.9934082,1.6208585317655226,49.56753160345975,10.181146423979559,13.460118789079653,1.3540558133783704,양봉,26.43574676513672,32.303944969177245,37.207183583577475,False,False,0,2.353571346827916,0.5022995003350946,True,35.89244343220926,-3.148472822177226,-0.3171778420374145,42.1647516338674
2020-03-26,30.850000381469727,32.33000183105469,30.40999984741211,31.489999771118164,31.08055686950684,1978200.0,0.0355145858666223,0.0348984875743095,1.920001983642578,39.137414420171886,PWR,1978200.0,61483557.59925843,1.1735482558730803,-26.66814946619217,3.5514585866622372,6.177501875863407,2.783310811089904,양봉,27.32601890563965,31.912600612640382,37.05354108810425,False,False,0,2.4157141276768286,0.50845920123611,False,39.137414420171886,-2.7579072946658414,0.0587101483791761,62.80547074808711
2020-03-27,30.170000076293945,30.51000022888184,29.15999984741211,29.84000015258789,29.45201301574707,1906700.0,-0.0523975120715271,-0.0538201811960219,1.35000038146973,43.89891183465708,PWR,1906700.0,56156153.21712494,1.1242092909425616,-3.614396926498842,-5.239751207152709,4.5837287276354495,-2.9296669201774894,음봉,28.255771255493165,31.50348949432373,36.874730046590166,False,False,0,2.351428440638952,0.5150621622342425,False,43.89891183465708,-2.5503918492555293,0.2129804750315909,54.0115238663333
2020-03-30,29.86000061035156,30.88999938964844,28.729999542236328,30.51000022888184,30.113300323486328,1217100.0,0.0224530427643667,0.0222046839334534,2.159999847412113,43.38796784753982,PWR,1217100.0,36650897.82371521,0.7161270619264384,-36.16719987412807,2.245304276436677,7.172909724967807,1.385262169979181,양봉,29.580322265625,31.092897796630858,36.70068957010905,False,False,0,2.3578570229666584,0.5218637234458204,False,43.38796784753982,-2.305991964635705,0.36590428772113226,66.8419525144448
2020-03-31,30.43000030517578,32.2599983215332,30.030000686645508,31.729999542236328,31.31743621826172,1867100.0,0.0399868457405927,0.0392080647469374,2.229997634887696,48.50386238200974,PWR,1867100.0,58472785.163116455,1.0852969019012277,53.405636348697726,3.9986845740592747,7.120626411900687,1.051694693996887,양봉,30.395581436157226,30.755838012695314,36.55050131479899,False,False,0,2.412142753601075,0.5275829392186385,False,48.50386238200974,-1.9921750381892558,0.5437769713340654,86.95202183342782
2020-04-01,30.280000686645508,30.96999931335449,29.520000457763672,30.790000915527344,30.38965606689453,1676600.0,-0.0296250352328069,-0.0300727205647378,1.4499988555908168,52.35245030693849,PWR,1676600.0,50951297.36175537,0.9688227184799069,-10.202988591934014,-2.9625035232806907,4.771356583960806,-3.312645148810952,양봉,30.470592498779297,30.289480781555177,36.38468557993571,True,False,0,2.3578570229666584,0.4992099291534092,False,52.35245030693849,-1.797615178681422,0.5906694646735193,76.2633107879459
2020-04-02,30.76000022888184,32.209999084472656,30.309999465942383,30.81999969482422,30.41927146911621,1893700.0,0.0009745224544985,0.0009740479157654,1.8999996185302728,46.34038190450695,PWR,1893700.0,57604974.38106537,1.0856800430256652,12.948825002982222,0.09745224544985831,6.246039194131546,1.2186520346663243,음봉,30.33833541870117,29.879876613616943,36.22248894373576,True,False,0,2.3092855725969597,0.47698511535812493,False,46.34038190450695,-1.6223341150301742,0.612760422659814,77.67838720329704
2020-04-03,30.86000061035156,31.0,29.86000061035156,30.559999465942383,30.2116641998291,1428100.0,-0.0068248600068507,-0.0068482558736808,1.139999389648441,53.80509241151734,PWR,1428100.0,43145277.64377594,0.8193329884927674,-24.586787769974126,-0.6824860006850786,3.773375018695228,1.4488484436019688,음봉,30.49026565551758,29.50331974029541,36.05814825693766,True,False,0,2.2235712323869987,0.34591228289016657,False,53.80509241151734,-1.4830787719413578,0.6016126125989043,75.25306902595553
2020-04-06,31.68000030517578,33.310001373291016,31.68000030517578,33.130001068115234,32.75237274169922,1177500.0,0.0840969410048086,0.0807473279901481,1.6300010681152344,57.897146116771694,PWR,1177500.0,38565918.90335083,0.6783597014147411,-17.547790770954418,8.40969410048087,4.976741932470657,4.860162934536342,양봉,31.018080139160155,29.50153503417969,35.924308649698894,True,False,0,2.1835712705339714,0.3459332089798111,False,57.897146116771694,-1.1543967958457664,0.7442356709555966,94.15483670778062
2020-04-07,34.0099983215332,34.31999969482422,32.4900016784668,32.58000183105469,32.208641052246094,1373800.0,-0.0166012915687437,-0.0167406373758578,1.8299980163574217,64.482204693454,PWR,1373800.0,44248231.07757568,0.7939860301524133,16.670912951167736,-1.6601291568743792,5.681698937216742,3.839799912367319,음봉,31.196321105957033,29.42716178894043,35.7855193456014,True,False,0,2.149285316467286,0.3147373686698161,False,64.482204693454,-0.9271015157745843,0.7772247608214229,79.98712042403527
2020-04-08,33.04999923706055,34.16999816894531,32.65999984741211,33.79999923706055,33.41472625732422,1100300.0,0.0374460134198681,0.0367619365108769,1.5099983215332031,67.24127369312578,PWR,1100300.0,36766223.30093384,0.6351578069665053,-19.908283592953847,3.7446013419868196,4.518960622046768,2.612212615396204,양봉,31.80133514404297,29.492052459716795,35.66732489267985,True,False,0,2.0621423721313485,0.3365035715317716,False,67.24127369312578,-0.6422439835100242,0.8496658344687864,91.41920850268963
2020-04-09,34.18000030517578,34.970001220703125,32.7400016784668,33.54999923706055,33.16757583618164,2087900.0,-0.007396452068447,-0.0074239414532051,2.229999542236328,73.10668176159643,PWR,2087900.0,69250581.58836365,1.1961593827949732,89.75733890757067,-0.7396452068447079,6.7234324065483255,2.290229888337993,음봉,32.350996017456055,29.689180755615233,35.552249399820965,True,False,0,2.0407138551984523,0.3342692769526849,False,73.10668176159643,-0.4314616885960625,0.8483585035061987,83.90691730588387
2020-04-13,33.43000030517578,33.45000076293945,32.08000183105469,32.31999969482422,31.951602935791016,1292100.0,-0.0366614945390175,-0.0373504175675426,1.3699989318847656,73.4995041088352,PWR,1292100.0,41284666.15333557,0.7376998371487529,-38.114852243881415,-3.666149453901757,4.287731462605724,0.7912078660505198,음봉,32.69898376464844,29.685357284545898,35.42282943725586,True,False,0,1.9849995204380588,0.3343123308023504,False,73.4995041088352,-0.35840260983598426,0.7371340658130217,70.40786216527437
2020-04-14,33.18000030517578,34.13999938964844,32.689998626708984,33.70000076293945,33.31587600708008,1485500.0,0.0426981104525698,0.041811690643906,1.4500007629394531,69.44997357538855,PWR,1485500.0,49490733.808517456,0.842575845015706,14.96788174289916,4.269811045256988,4.352281664847438,3.8445563180455022,양봉,32.81168441772461,29.912601947784424,35.30479717254639,True,False,0,1.8721425192696715,0.33177257537879074,False,69.44997357538855,-0.18824733036458952,0.7258314762275331,78.34915009408171
2020-04-15,32.560001373291016,33.040000915527344,32.119998931884766,32.54999923706055,32.17897033691406,1407600.0,-0.0341250420647624,-0.0347208962793282,0.920001983642578,57.74108636471358,PWR,1407600.0,45295118.646240234,0.795977333906598,-5.244025580612588,-3.412504206476241,2.859016227089153,-2.268812123170433,음봉,32.8057502746582,30.04796266555786,35.162387975056966,True,False,0,1.6492854527064738,0.3302779990429285,False,57.74108636471358,-0.14348285055991283,0.6164767648257679,55.27195299609544
2020-04-16,32.529998779296875,32.79999923706055,31.64999961853028,32.650001525878906,32.27783966064453,1727300.0,0.0030724825156089,0.0030677720872108,1.14999961853027,54.60045130845003,PWR,1727300.0,55753512.4458313,0.9769813922670981,22.712418300653603,0.30724825156089874,3.5628147069967286,1.0908628794133002,음봉,32.578372955322266,30.321511840820314,35.02228463490804,True,False,0,1.59428528376988,0.32729835624939546,False,54.60045130845003,-0.09888882089330409,0.5288566355939013,56.856396860456094
2020-04-17,33.400001525878906,34.970001220703125,33.34000015258789,34.90999984741211,34.5120849609375,2188400.0,0.0692191709167302,0.0669286352722112,1.6300010681152344,68.57811409524469,PWR,2188400.0,75526246.72851562,1.2215938139342424,26.694841660394843,6.921917091673024,4.722986368282736,3.476570541995088,양봉,32.84727478027344,30.715656280517578,34.92155723571777,True,False,0,1.6142853328159874,0.3588248151839467,False,68.57811409524469,0.11540685389329042,0.5945218483043966,92.6616003751118
2020-04-20,34.0,34.689998626708984,33.400001525878906,33.63999938964844,33.25655746459961,1831700.0,-0.0363793580642537,-0.0370575867857784,1.289997100830078,61.057988324498425,PWR,1831700.0,60916036.307907104,1.0139433899597752,-16.299579601535363,-3.637935806425374,3.878925538830148,-1.4837844816304298,음봉,33.10826568603515,31.138321590423583,34.79957516988119,True,False,0,1.5521422794886992,0.3539541993650668,False,61.057988324498425,0.1818311081761408,0.5287568820697977,68.56066942678058
2020-04-21,33.45000076293945,34.0099983215332,32.40999984741211,32.439998626708984,32.07023239135742,1583100.0,-0.0356719144639365,-0.0363237045803151,1.5999984741210938,52.6516622454604,PWR,1583100.0,50770384.898757935,0.875871389955897,-13.572091499699734,-3.5671914463936583,4.989045463082693,0.5816696407791369,음봉,32.859136962890624,31.567305946350096,34.66999416351318,True,False,0,1.507142339433942,0.2303314894116774,False,52.6516622454604,0.13716513508296657,0.3872727271812987,46.79323993742497
2020-04-22,33.290000915527344,33.40999984741211,32.599998474121094,33.09000015258789,32.71282196044922,748300.0,0.0200369476981079,0.0198388498735733,0.8100013732910156,58.35094012593519,PWR,748300.0,24479004.67300415,0.41403941124652976,-52.73198155517655,2.003694769810793,2.476097520019311,3.8034290156832045,음봉,32.96590728759766,31.84089002609253,34.564776229858396,True,False,0,1.4614282335553848,0.1589174153437254,False,58.35094012593519,0.15186799774283344,0.32158047187293237,55.828199791572764
2020-04-23,33.529998779296875,34.22999954223633,33.2400016784668,33.369998931884766,32.989627838134766,1401200.0,0.0084616936447798,0.0084260941952298,0.9899978637695312,59.07817034724966,PWR,1401200.0,46225066.52679443,0.770659694182661,87.25110249899772,0.8461693644779889,3.0009367448065936,2.498032177828154,음봉,33.1082649230957,31.989641380310058,34.45413729349772,True,False,0,1.3964281082153318,0.15817845173797274,False,59.07817034724966,0.18373802570776832,0.28276039987029383,61.245143913356394
2020-04-24,33.68000030517578,34.119998931884766,33.34000015258789,33.97999954223633,33.59267807006836,1269300.0,0.0182799950000189,0.0181149245149488,0.779998779296875,61.61681563758877,PWR,1269300.0,42639186.27433777,0.6939604898673276,-9.413359977162427,1.8279995000018978,2.3219309209880086,2.0926955297233487,음봉,32.924383544921874,32.11524744033814,34.353220240275064,True,False,0,1.3707137789045056,0.15755979942520265,False,61.61681563758877,0.25472011141051354,0.2829939884584312,58.51438295290738
2020-04-27,34.060001373291016,35.13999938964844,33.849998474121094,34.959999084472656,34.56150436401367,1780100.0,0.0288404006350584,0.0284323433987873,1.2900009155273438,56.96872769249804,PWR,1780100.0,61522933.91838074,0.9650172917184758,40.242653431024976,2.884040063505844,3.732479066711361,1.391146315419994,양봉,33.18537292480469,32.37072200775147,34.272233899434404,True,True,0,1.3464280537196562,0.13741442157089298,False,56.968727692498035,0.38471535173268734,0.330391383024484,83.42421021278685
2020-04-28,35.939998626708984,37.20000076293945,35.869998931884766,37.119998931884766,36.69689178466797,1813400.0,0.061785141010173,0.059951586918237,1.3300018310546875,65.4002417822567,PWR,1813400.0,66546143.562316895,0.9767233095203084,1.8706814223919954,6.178514101017307,3.6242901411349635,3.988525060068381,양봉,34.110704803466795,32.69990158081055,34.23983275095622,True,True,0,1.3107140404837467,0.1983255995071443,False,65.4002417822567,0.6525235496243909,0.47855966473295,90.93497523368451
2020-04-29,38.0,38.150001525878906,36.43999862670898,36.52999877929688,36.11361312866211,1839600.0,-0.0158944975347899,-0.0160221697248682,1.710002899169929,59.6739793600844,PWR,1839600.0,66434602.71148682,0.9843214926346687,1.4447998235358916,-1.5894497534789997,4.7350645671417455,3.5510043275013072,음봉,34.790863037109375,32.939710426330564,34.19244639078776,True,True,0,1.3250000817435128,0.19688174245924336,False,59.6739793600844,0.8083792700048917,0.5075323080907606,68.67095692826578
2020-04-30,36.11000061035156,36.52999877929688,35.599998474121094,36.36000061035156,35.945556640625,2081600.0,-0.0046535495476006,-0.0046644110186589,0.9300003051757884,60.01426855634279,PWR,2081600.0,74824270.703125,1.1035908138448722,13.155033702978901,-0.4653549547600666,2.587246914754185,-0.010003203771598655,음봉,35.382048797607425,33.21750545501709,34.14324607849121,True,True,0,1.2321429933820458,0.19523523804703266,False,60.014268556342785,0.9078699376959989,0.4856183806254941,66.08547325560544
2020-05-01,35.72999954223633,36.06999969482422,34.540000915527344,34.970001220703125,34.571388244628906,953900.0,-0.0382291588842175,-0.0389790675915081,1.529998779296875,59.33749510868575,PWR,953900.0,32977647.246551514,0.5065886526137967,-54.17467332820907,-3.822915888421752,4.425621466139935,-0.5996766180136247,음봉,35.57779083251953,33.425111293792725,34.05551548004151,True,True,0,1.243571553911482,0.19402261754153738,False,59.33749510868575,0.86585209945207,0.35488043390525215,44.944427213103246
2020-05-04,34.5,34.75,33.849998474121094,34.72999954223633,34.334129333496094,969400.0,-0.0068628690712086,-0.006886526859486,0.9000015258789062,53.94632224688549,PWR,969400.0,33283504.975891113,0.5168256353882907,1.6249082713072571,-0.6862869071208699,2.6213028940881635,-0.20649516335230564,음봉,35.53231582641602,33.63123455047607,33.98439286549886,True,True,0,1.204285894121443,0.1410976704335637,False,53.946322246885494,0.8041382435358102,0.23453326239119388,41.29429118984181
2020-05-05,35.22999954223633,35.779998779296875,34.900001525878906,34.970001220703125,34.571388244628906,1096700.0,0.0069102935108171,0.0068865268594861,0.8799972534179688,59.96703918427544,PWR,1096700.0,37914441.48788452,0.5831767607452686,13.131834124200537,0.6910293510817178,2.545449570005877,2.609270210519743,음봉,35.107215118408206,33.72218532562256,33.920843760172524,True,True,0,1.2014284133911137,0.14071712147526275,False,59.967039184275436,0.7655496001187316,0.15675569517929222,44.944427213103246
2020-05-06,35.08000183105469,35.36000061035156,33.869998931884766,33.90999984741211,33.52348327636719,1049600.0,-0.03031133609234,-0.0307802240486621,1.4900016784667969,54.80918094672548,PWR,1049600.0,35186248.046875,0.5581814667154014,-4.294702288684238,-3.0311336092340047,4.444650534024884,1.4711980404917662,음봉,34.58918914794922,33.78792743682861,33.83209794362386,True,False,0,1.2257142748151517,0.14044332425387598,False,54.80918094672548,0.6429985617953662,0.02736372548474142,19.398660337195214
2020-05-07,34.38999938964844,35.779998779296875,33.029998779296875,33.209999084472656,32.831451416015625,2025500.0,-0.020643196730079,-0.0208592459858308,2.75,42.63427294692613,PWR,2025500.0,66500104.84313965,1.0709286223826109,92.97827743902438,-2.0643196730079083,8.376114613862343,2.5848033336443645,음봉,33.96636810302734,33.75876369476318,33.7183292388916,True,False,0,1.3057141985212064,0.1405646513534222,True,42.63427294692613,0.48445035132257175,-0.10494758799044246,7.342359675338788
2020-05-08,33.65999984741211,34.5,33.630001068115234,34.36000061035156,33.96834945678711,1306500.0,0.0346283210682818,0.0340422521429121,0.8699989318847656,53.15235622544402,PWR,1306500.0,44379648.56529236,0.6893725758536388,-35.49740804739571,3.462832106828184,2.5612046089891303,2.5236424089137506,양봉,33.845760345458984,33.79880237579346,33.6138032913208,True,True,1,1.2757143293108268,0.14039813589003103,False,53.15235622544402,0.4454035873803832,-0.11519548154610482,27.14893995973967
2020-05-11,33.9900016784668,34.130001068115234,32.959999084472656,32.970001220703125,32.59419631958008,1533400.0,-0.0404539272346795,-0.0412949472142084,1.170001983642578,52.282536371619,PWR,1533400.0,49979940.63644409,0.8051873146003453,17.36701109835439,-4.045392723467955,3.589602186140516,0.0637423425805025,음봉,33.49777374267578,33.83093204498291,33.4858814239502,False,False,0,1.2450002942766472,0.13675825978305187,False,52.282536371619,0.30011651537063955,-0.20838604284467876,-0.10454326757852773
2020-05-12,33.09000015258789,33.5099983215332,31.82999992370605,31.90999984741211,31.54626846313477,1361700.0,-0.0321507499731108,-0.0326789372765681,1.679998397827152,45.09150548994418,PWR,1361700.0,42956553.76625062,0.7120898330985629,-11.19733924611973,-3.215074997311085,5.325505930409526,1.521141457658742,음봉,32.89274978637695,33.742451667785645,33.34542910257975,False,False,0,1.3071429388863713,0.15264520113251184,False,45.09150548994418,0.09927209700987305,-0.3273843689643562,-4.489420706376614
2020-05-13,31.559999465942383,31.82999992370605,29.920000076293945,30.32999992370605,29.98428726196289,2306600.0,-0.0495139766846662,-0.0507818217221727,1.9099998474121056,38.58862790994102,PWR,2306600.0,69161756.9984436,1.1986844775277283,69.39120217375338,-4.951397668466628,6.370002497391594,0.04352655155921151,음봉,32.18491058349609,33.632717514038085,33.184701156616214,False,False,0,1.3728573662894124,0.1995855529635177,True,38.58862790994102,-0.1838184359532704,-0.4883799215419997,0.781132130568304
2020-05-14,29.700000762939453,30.959999084472656,28.709999084472656,30.90999984741211,30.55767250061035,1642500.0,0.019122857036353,0.0189423132501467,2.25,38.44996934687132,PWR,1642500.0,50190977.0822525,0.8499220530039573,-28.791294546085144,1.912285703635308,7.36312623271638,-0.9481182478666894,양봉,31.73015480041504,33.54670915603638,33.044222036997475,False,False,0,1.4778574534824926,0.20009725816868137,True,38.44996934687132,-0.3577780830727093,-0.5298716549291509,19.572806549639544
2020-05-15,30.56999969482422,31.559999465942383,30.31999969482422,31.34000015258789,30.98277282714844,1192300.0,0.0139114105149729,0.0138155349962865,1.239999771118164,35.79281141029833,PWR,1192300.0,36940760.04180909,0.6164401773616834,-27.409436834094368,1.391141051497291,4.0022233582386875,0.04034074981862892,양봉,31.133039474487305,33.370243549346924,32.91214418411255,False,False,0,1.4742859431675512,0.20115539500869026,False,35.79281141029833,-0.45608287362110644,-0.5025411563820383,24.075986810202735
2020-05-18,32.7400016784668,33.66999816894531,32.40999984741211,33.38999938964844,33.009403228759766,1341200.0,0.0654115244273909,0.06336113243812,1.2599983215332031,35.233547979477805,PWR,1341200.0,44272211.6104126,0.6928004040589559,12.488467667533332,6.5411524427390955,3.817089066413104,5.6716319779441955,양봉,31.21608085632324,33.35788583755493,32.80397316614787,False,True,0,1.4692856924874451,0.20122991473122384,False,35.233547979477805,-0.3662362487242703,-0.33015562518816177,45.54452364788414
2020-05-19,33.16999816894531,33.810001373291016,32.630001068115234,33.0,32.62385177612305,1195700.0,-0.01168004916553,-0.0117487967811192,1.1800003051757812,35.800479681222455,PWR,1195700.0,39008339.56871033,0.6165828639809973,-10.848493886072175,-1.1680049165530004,3.6169864713504105,0.4865127038880453,음봉,31.4315975189209,33.385566806793214,32.699082152048746,False,False,0,1.431428364345006,0.2010630690067905,False,35.800479681222455,-0.3224262026624416,-0.22907646330106643,50.0492691098291
2020-05-20,33.619998931884766,33.970001220703125,33.310001373291016,33.540000915527344,33.15769958496094,1324000.0,0.016363727143605,0.0162312842469734,0.6599998474121094,38.98437113755112,PWR,1324000.0,43900794.25048828,0.6821560882259133,10.73011624989546,1.6363727143605011,1.9904874453698835,3.0534320796871244,음봉,32.06627998352051,33.4078106880188,32.62726984024048,False,True,0,1.412142617361886,0.2009291954325056,False,38.984371137551115,-0.24184156982736482,-0.1187934643727917,60.430708310441695
2020-05-21,33.5,34.060001373291016,33.31999969482422,33.849998474121094,33.464168548583984,1400000.0,0.0092427691745553,0.0092003161719212,0.7400016784667969,45.22189901903168,PWR,1400000.0,46849835.96801758,0.7194027489015242,5.740181268882183,0.9242769174555354,2.211325458131275,1.0323406609133912,음봉,32.647579193115234,33.43153772354126,32.57504135767619,False,True,0,1.3557142530168806,0.2007865919364609,False,45.221899019031675,-0.15150176558120876,-0.022762928101308505,67.2442668928507
2020-05-22,33.81999969482422,34.279998779296875,33.81999969482422,34.25,33.8596076965332,1034100.0,0.0118167928593568,0.0117475197525545,0.4599990844726562,47.97982701539024,PWR,1034100.0,35014220.318984985,0.5369273929949545,-26.135714285714286,1.1816792859356884,1.3585481810521816,1.063319848283788,양봉,33.22294616699219,33.4448842048645,32.49091075261434,False,True,0,1.3242855072021484,0.20070646624420788,False,47.979827015390235,-0.04745119756811533,0.06503011192942793,72.83746583228928
2020-05-26,35.38999938964844,36.47999954223633,35.25,36.27999877929688,35.86646270751953,1142600.0,0.0592698837202358,0.0575798818567142,1.229999542236328,54.79154081961012,PWR,1142600.0,40981020.28961182,0.596270976688013,10.492215453050967,5.926988372023589,3.4293862549719862,4.519815193464061,양봉,33.79435806274414,33.51013212203979,32.461447874704994,True,True,1,1.349285670689174,0.20031566865384462,False,54.79154081961012,0.194701655142687,0.2457463717121842,92.10377350616807
2020-05-27,37.16999816894531,37.68999862670898,36.5099983215332,37.27999877929688,36.85505676269531,1684200.0,0.0275631880187761,0.027190162352655,1.180000305175774,62.38055383554591,PWR,1684200.0,62071286.599731445,0.8805945622945921,47.400665149658685,2.756318801877611,3.2017324319255165,3.6344132178735613,음봉,34.64059906005859,33.518040370941165,32.43694658279419,True,True,1,1.3271427154541011,0.20498720762593003,False,62.38055383554591,0.461065932692037,0.40968851940922735,90.7022059401382
2020-05-28,37.95000076293945,37.9900016784668,36.540000915527344,36.61000061035156,36.19270706176758,1146600.0,-0.0179717455108674,-0.0181351986493964,1.4500007629394531,62.51847297114139,PWR,1146600.0,41498557.917022705,0.6142776842833904,-31.92019950124688,-1.7971745510867443,4.006334095056326,2.9709464492059685,음봉,35.24760055541992,33.521995067596436,32.40584783554077,True,True,1,1.2342856270926335,0.2049630246313697,False,62.51847297114139,0.6116645679322872,0.448229723719582,80.6326065268301
2020-05-29,36.15999984741211,37.130001068115234,35.880001068115234,36.93000030517578,36.50905990600586,1344000.0,0.0087407897866933,0.0087028102373592,1.25,60.078475166680285,PWR,1344000.0,49068176.513671875,0.7345052291164978,17.216117216117222,0.8740789786693348,3.4238076883331936,-0.09036962695177683,양봉,35.8565788269043,33.550170230865476,32.35238548914592,True,True,1,1.261428560529436,0.20479089833086608,False,60.078475166680285,0.7479205396075272,0.46758855631585755,84.0415801885726
2020-06-01,36.97999954223633,38.119998931884766,36.77000045776367,37.93000030517578,37.49766159057617,2369100.0,0.0270782563866478,0.0267181270567128,1.3499984741210938,70.06477977996728,PWR,2369100.0,88835710.07423401,1.3032570664659506,76.27232142857143,2.7078256386647848,3.60022043203988,1.289925397813373,양봉,36.58418960571289,33.69648389816284,32.333823935190836,True,True,1,1.2742854527064726,0.22297205700512027,False,70.06477977996728,0.9250132952207224,0.5157450495432421,93.38642559617314
2020-06-02,38.36000061035156,39.720001220703125,38.29999923706055,39.59999847412109,39.14862060546875,2925700.0,0.0440283192301114,0.0430866147918922,1.420001983642578,79.64546427941345,PWR,2925700.0,114537119.30541992,1.5998533113445013,23.494153898104763,4.402831923011141,3.6272082175079627,2.2997141240191676,양봉,37.240621185302736,33.93720846176147,32.35725425084432,True,True,1,1.2557142802647174,0.27003792471121224,False,79.64546427941345,1.1849201528552982,0.6205215257422543,94.81034964240251
2020-06-03,40.0,40.84000015258789,39.91999816894531,40.38999938964844,39.92961502075195,1881200.0,0.0199494746738051,0.0197530914357748,0.920001983642578,91.2973188743264,PWR,1881200.0,75115591.77703857,1.0328858955118518,-35.700857914345285,1.9949474673805145,2.3040592381480285,2.1747366353243085,음봉,37.855532836914065,34.20511980056763,32.47628005345663,True,True,1,1.1850001471383227,0.2907555306566715,False,91.2973188743264,1.4373490670034954,0.6983603519123611,92.49476461936212
2020-06-04,40.09000015258789,41.02000045776367,39.7400016784668,41.02000045776367,40.55243682861328,1587800.0,0.0155979918047703,0.0154775934978397,1.279998779296875,91.33290287223146,PWR,1587800.0,64389159.19647217,0.8763245868550523,-15.596427812034875,1.5597991804770395,3.156404101451492,0.4016696172817674,양봉,38.7274787902832,34.55656747817993,32.59055223464966,True,True,1,1.115714345659528,0.30582173919106526,False,91.33290287223146,1.6684247528805827,0.7435488302315586,95.63024676811384
2020-06-05,41.9900016784668,42.9900016784668,41.9900016784668,42.38999938964844,41.90681457519531,1957600.0,0.0333981839933821,0.0328525795570188,1.0,91.95150764384248,PWR,1957600.0,82036780.21240234,1.0981193865857708,23.29008691270942,3.3398183993382125,2.386246748021504,3.544953058996416,음봉,39.807029724121094,35.01033563613892,32.753717263539635,True,True,1,1.0985715048653735,0.3405430738266206,False,91.95150764384248,1.938495099059999,0.8108953411287798,89.7619384139227
2020-06-08,42.77000045776367,43.5099983215332,42.68999862670898,43.310001373291016,42.81633377075195,1286200.0,0.0217033722266017,0.0214712072132996,0.8199996948242259,91.19612977248472,PWR,1286200.0,55070368.49594116,0.7322476665031028,-34.297098487944425,2.170337222660179,1.9151562560556543,2.05977450521682,양봉,40.87076416015625,35.45273485183716,32.98023932774861,True,True,1,1.0671430315290178,0.3619480009769714,False,91.19612977248472,2.2005518007086735,0.8583616342219633,93.62440509290263
2020-06-09,42.400001525878906,42.45000076293945,41.470001220703125,41.52999877929688,41.05662155151367,962300.0,-0.0410990868265407,-0.0419675325094089,0.979999542236328,81.75731469823799,PWR,962300.0,39508786.91902161,0.5565445617359261,-25.18270875447053,-4.109908682654073,2.38694638088213,-0.9723678050114731,음봉,41.25236434936524,35.87585611343384,33.130715147654215,True,True,0,1.0528572627476283,0.35767917198174004,False,81.75731469823799,2.2404134634205803,0.7185786375470959,75.94727937205576
2020-06-10,41.4900016784668,41.4900016784668,39.619998931884766,39.66999816894531,39.21781539916992,1714800.0,-0.0447870789864335,-0.0458210094110357,1.8700027465820312,70.77965073007643,PWR,1714800.0,67250709.84649658,0.999010536400239,78.19806713083237,-4.478707898643353,4.768248122820252,1.0555669477318383,음봉,41.11000442504883,36.2594334602356,33.30482902526855,True,True,0,1.1392860412597656,0.3538953945008959,True,70.77965073007643,2.099426942413359,0.4620736932318996,57.878473986119594
2020-06-11,38.27999877929688,38.630001068115234,36.72999954223633,36.790000915527344,36.37064743041992,1417900.0,-0.0725988416175333,-0.0753690579610035,1.9000015258789065,58.48728348914376,PWR,1417900.0,51569940.99159241,0.8410645535784061,-17.31397247492419,-7.259884161753338,5.223996986893806,-2.391302550454887,음봉,40.27364654541016,36.578751468658446,33.41981054941813,True,True,0,1.2221431732177734,0.33513066405902664,True,58.48728348914376,1.7379178137192355,0.0804516516302205,26.322477782042576
2020-06-12,38.310001373291016,38.43000030517578,35.97999954223633,37.04999923706055,36.627689361572266,1332900.0,0.0070672905024329,0.0070424342471155,2.450000762939453,58.14901262135879,PWR,1332900.0,48821047.15003967,0.8021349457666461,-5.994781014175898,0.7067290502432932,6.688930712374823,5.332195272523645,음봉,39.217821502685545,36.882252311706544,33.58349110285441,True,True,0,1.364286150251116,0.32084702538211046,True,58.149012621358786,1.4553836041081354,-0.16166604638470394,16.67905135017681
2020-06-15,35.72999954223633,38.34999847412109,35.36000061035156,38.060001373291016,37.62617492675781,1487900.0,0.0272604027878728,0.0268954555618149,2.989997863769524,55.507436085765946,PWR,1487900.0,55983985.67352295,0.9031407407978357,11.628779353289808,2.7260402787872895,7.946590025666389,-2.4508502583232663,양봉,38.17978973388672,37.214422416687015,33.76677408218384,True,True,0,1.4900003160749158,0.2738852663224078,True,55.507436085765946,1.297090594893632,-0.25596724447936614,27.80582764209985
2020-06-16,39.959999084472656,40.5,38.5,38.7599983215332,38.31819534301758,1539400.0,0.0183919948707738,0.0182249077340678,2.0,54.66585535389789,PWR,1539400.0,58987029.91104126,0.9459896819428146,3.46125411654008,1.839199487077381,5.2194524875098125,6.202661211929749,음봉,37.6321044921875,37.4798620223999,33.99202315012614,True,True,1,1.5485717228480749,0.2719455580849618,False,54.66585535389789,1.213494104129282,-0.27165098819497313,36.296878078964724
2020-06-17,39.06999969482422,39.68000030517578,38.7400016784668,38.91999816894531,38.476375579833984,1575100.0,0.0041280711526314,0.004119574043332,0.9399986267089844,57.52442279450766,PWR,1575100.0,60604139.17579651,0.9793880163482521,2.3190853579316606,0.4128071152631474,2.443053984538115,1.9620035470789363,음봉,37.48381652832031,37.77248821258545,34.24178698857625,False,True,0,1.5121429988316126,0.2557055317995399,False,57.52442279450766,1.1467876518618851,-0.2706859523698961,38.23774042545822
2020-06-18,38.5,38.9900016784668,38.290000915527344,38.36000061035156,37.92275619506836,765600.0,-0.0143885534025139,-0.0144930724335868,0.7000007629394531,54.58625766166597,PWR,765600.0,29033662.142944336,0.4816897610665868,-51.39356231350391,-1.4388553402513993,1.8458594078414696,0.06139980653062738,음봉,37.79423828125,38.01074104309082,34.41981391906738,False,True,0,1.4728573390415736,0.2460400656637002,False,54.58625766166597,1.0372925870344858,-0.3041448137578364,31.44486263107467
2020-06-19,39.11000061035156,39.27999877929688,38.25,38.709999084472656,38.26876831054688,2001600.0,0.0091241288923908,0.0090827555020403,1.029998779296882,52.61043139444698,PWR,2001600.0,76598766.65039064,1.2682866973561269,161.4420062695925,0.9124128892390893,2.691486621514845,3.1306912640426634,음봉,38.12245407104492,38.25097103118897,34.55738337834676,False,True,0,1.4500002179827014,0.23415682877476862,False,52.610431394446984,0.9672869632673269,-0.29932035001999635,35.69041125256447
2020-06-22,38.310001373291016,39.33000183105469,37.84999847412109,39.22999954223633,38.782833099365234,1506600.0,0.0134330110822165,0.013343588111939,1.4800033569336009,48.658430903224414,PWR,1506600.0,58430216.34750366,0.9683349044476819,-24.73021582733813,1.3433011082216506,3.8161300726579057,0.10774598860755515,양봉,38.35378570556641,38.497132301330566,34.6857546488444,False,True,0,1.4542860303606315,0.1805295783808867,False,48.658430903224414,0.9424240564236683,-0.2593466054909239,41.997956445038156
2020-06-23,40.0,40.83000183105469,39.459999084472656,39.5099983215332,39.05965042114258,1410700.0,0.007137625069012,0.0071122727884317,1.3700027465820312,46.68676974287511,PWR,1410700.0,55101448.849105835,0.910346247491721,-6.365325899376073,0.7137625069012055,3.5074628979281988,3.138416673986324,음봉,38.50207672119141,38.65679168701172,34.845881938934326,False,True,0,1.4864289419991639,0.171344449964011,False,46.68676974287511,0.9342869891930761,-0.21398693817721304,45.39448895445906
2020-06-24,38.97999954223633,39.16999816894531,37.959999084472656,37.959999084472656,37.52731704711914,1017500.0,-0.039230596216345,-0.0400208532450022,1.2099990844726562,39.225368129892814,PWR,1017500.0,38184045.095443726,0.6681060089674882,-27.872687318352597,-3.923059621634506,3.2243154578660302,-0.20392112588682007,음봉,38.31226501464844,38.69040470123291,34.96944888432821,False,True,0,1.481428963797434,0.17119559126176073,False,39.225368129892814,0.7950272287433862,-0.2825973589015225,26.59284718318462
2020-06-25,37.65999984741211,38.97999954223633,37.43000030517578,38.95000076293945,38.50603485107422,1137000.0,0.026080143238756,0.0257458560164452,1.5499992370605469,37.55432715852558,PWR,1137000.0,43781361.62567139,0.7531748985862001,11.744471744471753,2.608014323875607,4.025341074601209,0.3535632460118926,양봉,38.42892074584961,38.80607109069824,35.08925886154175,False,True,0,1.5207146235874731,0.16609994671367423,False,37.55432715852558,0.754934794190973,-0.2581518347631486,38.601657966190075
2020-06-26,38.709999084472656,38.83000183105469,38.02999877929688,38.63999938964844,38.19955825805664,1706000.0,-0.0079591833904193,-0.0079910267679415,0.8000030517578054,32.32401273799766,PWR,1706000.0,65168446.38824463,1.1324834281126226,50.04397537379069,-0.7959183390419344,2.094273044607989,0.5296942003696011,음봉,38.415078735351564,38.89059600830078,35.219423898061116,False,True,0,1.5192862919398717,0.1657389446784582,False,32.32401273799766,0.6904718218742545,-0.25809184566389365,40.050177525999395
2020-06-29,39.04999923706055,39.36000061035156,38.810001373291016,39.119998931884766,38.67409896850586,872900.0,0.0124226753420408,0.0123461470496655,0.5499992370605469,39.8825163823262,PWR,872900.0,33758620.989608765,0.581561011204467,-48.83352872215709,1.242267534204089,1.4221384640620514,2.2263110302448075,음봉,38.393331909179686,38.94941787719726,35.35700435638428,False,True,0,1.4885719844273158,0.16548864377522893,False,39.8825163823262,0.6699531187915895,-0.22288843899724708,54.06358532941119
2020-06-30,38.9900016784668,39.34000015258789,38.75,39.22999954223633,38.83246994018555,1176800.0,0.0040950138698423,0.0040866521204254,0.5900001525878906,48.09118676120787,PWR,1176800.0,45698050.62561035,0.7897969749718228,34.81498453431091,0.40950138698423455,1.5193474777594111,0.81683275987423,음봉,38.347895812988284,38.933610343933104,35.50068445205689,False,True,0,1.3971432277134486,0.16555583423658632,False,48.09118676120787,0.6588760002278633,-0.1871724460487787,63.482057676536066
2020-07-01,39.380001068115234,39.56999969482422,38.290000915527344,38.34000015258789,37.95149230957031,950000.0,-0.0226866236418188,-0.0229479246766997,1.279998779296875,59.725093716984325,PWR,950000.0,36053917.6940918,0.6425562250117024,-19.27260367097213,-2.2686623641818837,3.372723182677312,1.4099827509634617,음봉,38.43273086547852,38.83470420837402,35.587336444854735,False,True,0,1.3528573172433036,0.16597747998147833,False,59.725093716984325,0.5724113698484814,-0.21890966114252852,47.376437310659945
2020-07-02,39.20000076293945,39.720001220703125,38.790000915527344,38.869998931884766,38.47611999511719,1032100.0,0.0138236378497975,0.0137289628720823,0.9300003051757812,61.00879558589453,PWR,1032100.0,39711203.44696045,0.7046043648815586,8.642105263157895,1.3823637849797565,2.417084428715273,3.289747984572142,음봉,38.42674789428711,38.73088836669922,35.69179442723592,False,True,0,1.2442858559744698,0.16642237274046176,False,61.00879558589453,0.5399958609071405,-0.2010601360670956,56.96743490607618
2020-07-06,39.15999984741211,39.470001220703125,38.77000045776367,39.0,38.60480499267578,1025000.0,0.0033445419542024,0.0033389614132012,0.7000007629394531,56.50214168039539,PWR,1025000.0,39569925.117492676,0.7028273085550654,-0.6879178374188499,0.3344541954202418,1.81324776299805,1.7774137630865838,음봉,38.50779724121094,38.565787887573244,35.77829573949178,False,True,0,1.0807146344866077,0.16713482839044952,False,56.50214168039539,0.518710765548569,-0.17787618514053372,34.55306353712035
2020-07-07,38.68999862670898,39.11000061035156,38.290000915527344,38.4900016784668,38.09997177124024,1930700.0,-0.0130769530251821,-0.0131632091790715,0.8199996948242188,48.51311028861354,PWR,1930700.0,73559615.49873354,1.3130880116072075,88.36097560975608,-1.3076953025182192,2.152231764757357,0.22068142566543003,음봉,38.39297180175782,38.329969787597655,35.860502338409425,True,True,0,0.9964288984026233,0.12225353025480287,False,48.51311028861354,0.4558515789787805,-0.19258829736825778,19.70503427616173
2020-07-08,38.369998931884766,38.59999847412109,36.619998931884766,37.34999847412109,36.97152328491211,1295800.0,-0.0296180924517099,-0.0300655658497954,1.979999542236321,40.94392639219845,PWR,1295800.0,47907699.87258911,0.8820289970946722,-32.88444605583467,-2.9618092451709988,5.355471904627605,0.7087332302129266,음봉,38.020782470703125,38.12571487426758,35.944167677561445,False,True,0,1.0707146780831474,0.07467841529370657,True,40.94392639219845,0.31138935607338425,-0.2696404162189232,8.349741352830259
2020-07-09,37.209999084472656,37.5,35.88999938964844,36.15999984741211,35.7935791015625,1241100.0,-0.0318608506950623,-0.0323794527545377,1.6100006103515625,38.082319074276604,PWR,1241100.0,44423411.02294922,0.8435124262499879,-4.221330452230287,-3.1860850695062393,4.49801514898319,0.645025626136069,음봉,37.58919982910156,37.95450305938721,35.98546272913615,False,False,0,1.1357146671840124,0.08605227460018838,True,38.082319074276604,0.10069104878829194,-0.3842709788032124,-1.9518267294315332
2020-07-10,35.97999954223633,36.91999816894531,35.97999954223633,36.79999923706055,36.42709732055664,769500.0,0.0176992140740259,0.0175444069584259,0.9399986267089844,40.01301580721376,PWR,769500.0,28030651.388168335,0.5305357504391173,-37.99854967367657,1.769921407402597,2.580492808518459,0.5208208995945038,양봉,37.179395294189455,37.957325553894044,36.056264845530194,False,True,0,1.1292860848563053,0.08604587578075588,False,40.01301580721376,-0.014996383025717819,-0.39996672849377773,10.87242237789886
2020-07-13,37.130001068115234,38.150001525878906,36.84000015258789,37.310001373291016,36.93193054199219,889500.0,0.0138587276661941,0.013763573634593,1.3100013732910156,39.95289568925566,PWR,889500.0,32850952.21710205,0.6159843647463723,15.594541910331383,1.3858727666194115,3.547069850035387,1.9296177825344571,음봉,36.84482040405273,37.97253761291504,36.13383302688599,False,True,0,1.117143086024692,0.0860114052127303,False,39.95289568925566,-0.06519218934068505,-0.360130027846996,21.091713307881438
2020-07-14,37.16999816894531,38.369998931884766,37.040000915527344,38.33000183105469,37.94158935546875,731600.0,0.0273383708530634,0.026971351708769,1.329998016357422,44.37819339092994,PWR,731600.0,27758066.772460938,0.5108712037242297,-17.751545812254076,2.7338370853063454,3.5053829819749533,0.6446119210649938,양봉,36.81314392089844,37.988308334350585,36.190991433461505,False,True,0,1.1142856052943628,0.0859756978603536,False,44.37819339092994,-0.023233873676609562,-0.2545373697463364,53.56629203635016
2020-07-15,38.90999984741211,40.290000915527344,38.72999954223633,40.02000045776367,39.61446762084961,1318400.0,0.0440908853265984,0.043146540581923,1.5600013732910156,60.34829856627001,PWR,1318400.0,52227714.111328125,0.921540694191109,80.20776380535813,4.409088532659844,3.937958697872205,2.552371970690196,양봉,37.341732788085935,38.053121948242186,36.296956602732344,False,True,0,1.1392857687813884,0.10040933105262892,False,60.34829856627001,0.14335320248574845,-0.07036023486718274,84.64697589979141
2020-07-16,40.06999969482422,40.56999969482422,39.5,40.02999877929688,39.62437057495117,768900.0,0.0002499832686468,0.0002499520280359,1.0699996948242188,56.13412146257258,PWR,768900.0,30467178.535079956,0.5432252580394831,-41.679308252427184,0.02499832686468917,2.7003575812018745,1.1499134062194412,음봉,38.10789108276367,38.110521697998045,36.42285890579224,False,True,0,1.1050000871930794,0.1005179489209119,False,56.13412146257258,0.2730264670143825,0.047450423729161,79.79425089294884
2020-07-17,40.20000076293945,41.02000045776367,40.20000076293945,40.540000915527344,40.12919998168945,1009500.0,0.012740376677615,0.012659900885796,0.8199996948242188,60.358769703090815,PWR,1009500.0,40510427.3815155,0.7227636132214311,31.291455325790096,1.2740376677615073,2.0433990590352566,1.4527175564832062,음봉,38.84831161499024,38.2208438873291,36.54646520614624,True,True,1,1.1064284188406803,0.11343603225789291,False,60.358769703090815,0.4117822085129248,0.1489649321821626,82.63547191810821
2020-07-20,40.20000076293945,40.7599983215332,40.119998931884766,40.13999938964844,39.73324203491211,1477100.0,-0.0098670780119717,-0.0099160802318187,0.6399993896484375,55.734107331531895,PWR,1477100.0,58689971.80976868,1.061826426392846,46.319960376423964,-0.986707801197173,1.610740420039457,0.17643207759513194,음봉,39.408573913574216,38.294067573547366,36.65885877609253,True,True,1,1.1128570011683867,0.11321912648218904,False,55.734107331531895,0.484214908137659,0.17711810544551743,74.91699503048412
2020-07-21,40.52000045776367,41.04999923706055,40.47999954223633,40.63999938964844,40.22817993164063,745000.0,0.0124565193118053,0.0123795751868669,0.5699996948242188,57.290562004359096,PWR,745000.0,29969994.04907227,0.540720822849559,-49.563333559000746,1.2456519311805359,1.4169164396520395,1.9801012516428118,음봉,39.865892028808595,38.36633491516113,36.7694504737854,True,True,1,1.1114283970424101,0.11558573003869915,False,57.290562004359096,0.5749282809942073,0.21426518264165256,84.07326880383376
2020-07-22,40.34999847412109,41.09999847412109,40.34999847412109,40.91999816894531,40.50534439086914,611300.0,0.0068898085794457,0.0068661823065676,0.75,64.2383446797379,PWR,611300.0,24760917.026138306,0.44438277573796675,-17.946308724832218,0.6889808579445766,1.8516075132274834,0.3028189261544013,양봉,40.0440673828125,38.43861961364746,36.86851447423299,True,True,1,1.0735713413783476,0.1225789410927168,False,64.2383446797379,0.6615581079741872,0.2407160076973059,88.58629198181258
2020-07-23,40.790000915527344,41.61000061035156,40.7599983215332,41.119998931884766,40.70331573486328,815300.0,0.0048875363725773,0.0048756311424191,0.8500022888183594,62.88653240537598,PWR,815300.0,33185413.318634033,0.5967141391692874,33.37150335350891,0.4887536372577328,2.0882875841250295,0.7027628796618044,음봉,40.259856414794925,38.597419548034665,36.935288206736246,True,True,1,1.0678571973528175,0.1272037532765783,False,62.88653240537598,0.7376839416477878,0.25347347309672513,84.14886919592601
2020-07-24,41.34000015258789,41.34000015258789,40.540000915527344,40.68000030517578,40.26777267456055,607200.0,-0.0107004319535001,-0.0107580932784473,0.7999992370605469,59.29196107896111,PWR,607200.0,24450591.567993164,0.4478515684451823,-25.52434686618422,-1.0700431953500122,1.9866985033566362,1.564207746297374,음봉,40.28757095336914,38.685506439208986,37.00452419916789,True,True,0,1.0749999455043242,0.12691411035334432,False,59.29196107896111,0.7541758584716476,0.21597231193646782,76.53448165477798
2020-07-27,40.560001373291016,41.150001525878906,40.06999969482422,41.08000183105469,40.66373443603516,729600.0,0.0098332173640378,0.0097851858947552,1.0800018310546875,64.50165822629123,PWR,729600.0,29668260.644531254,0.5448306353441521,20.158102766798415,0.9833217364037861,2.6559337110406105,0.7257135901015115,양봉,40.47366943359375,38.80871524810791,37.08316049575806,True,True,1,1.0935715266636434,0.12651118703395242,False,64.50165822629123,0.790088972471537,0.20150834074908575,83.45688859485803
2020-07-28,41.040000915527344,41.11000061035156,39.95000076293945,39.970001220703125,39.5649642944336,1006000.0,-0.0270208862230779,-0.0273926628261945,1.1599998474121094,64.71894884290884,PWR,1006000.0,39802354.0802002,0.7584920157160484,37.883771929824576,-2.7020886223077967,2.9318865013491493,0.9253121601117449,음봉,40.341026306152344,38.853258514404295,37.1663867632548,True,True,0,1.0350001198904855,0.12636614845265978,False,64.71894884290884,0.7215709852784968,0.10639228284483648,64.24762448448259
2020-07-29,40.15999984741211,41.25,40.11000061035156,41.150001525878906,40.73301696777344,870900.0,0.0295223992784992,0.0290950046832081,1.1399993896484375,78.06505113873305,PWR,870900.0,35474384.47723389,0.6643326246046698,-13.42942345924454,2.95223992784992,2.798710909507061,1.5039456336934547,양봉,40.3865608215332,38.94828586578369,37.27303489049276,True,True,1,1.0014286041259766,0.1268204172895389,False,78.06505113873305,0.7528437614446375,0.11013204720878167,84.42302884195163
2020-07-30,40.59000015258789,40.59999847412109,39.91999816894531,40.119998931884766,39.71344375610352,640200.0,-0.0250306333183364,-0.0253492272659077,0.6800003051757741,67.8877305586563,PWR,640200.0,25424546.692657474,0.4970264135318518,-26.48983809851877,-2.5030633318336437,1.712267284982722,-0.35110783789645844,음봉,40.18858642578125,39.03638343811035,37.358735815684,True,True,0,0.982857295445033,0.12653420812002464,False,67.8877305586563,0.687432332593211,0.035776494685884064,60.239902049460056
2020-07-31,39.970001220703125,40.31999969482422,39.20000076293945,39.970001220703125,39.5649642944336,884300.0,-0.0037387707442798,-0.0037457774173005,1.1199989318847656,64.91012888352792,PWR,884300.0,34987297.925567634,0.6871255158599969,38.12870977819431,-0.37387707442798623,2.830784639536092,0.6460217002968225,음봉,40.04802474975587,39.09082565307617,37.459427165985105,True,True,0,0.9692856924874437,0.126357982562137,False,64.91012888352792,0.6165055599685019,-0.028120222351060153,55.2508434905569
2020-08-03,40.290000915527344,41.47999954223633,40.13999938964844,41.20000076293945,40.782508850097656,804300.0,0.0307733010095336,0.030309298228125,1.3400001525878906,65.71728016532556,PWR,804300.0,32801371.868133545,0.6262385200913078,-9.046703607373063,3.0773301009533682,3.2857227040966657,1.8325218637837828,양봉,40.071779632568365,39.199710845947266,37.591944789886476,True,True,1,0.97000013078962,0.12726955482251845,False,65.71728016532556,0.6510365082503355,0.005128580744618749,71.26765786946588
2020-08-04,41.11000061035156,41.7400016784668,41.09999847412109,41.52999877929688,41.10917282104492,826000.0,0.0080099037591818,0.0079779947588288,0.6400032043457102,59.71678994882561,PWR,826000.0,33956176.750183105,0.6452932948424155,2.6979982593559715,0.8009903759181869,1.5568379522783171,0.8030201414475314,음봉,40.380621337890624,39.3501708984375,37.7109585126241,True,True,1,0.9042859758649554,0.13508438713524093,False,59.71678994882561,0.6967301148914373,0.0406577499085764,75.16422716363844
2020-08-05,41.83000183105469,42.97999954223633,41.7599983215332,42.77999877929688,42.346492767333984,1231300.0,0.0300983907332634,0.0296543226630746,1.220001220703125,65.26063707387763,PWR,1231300.0,52141236.544418335,0.9597620016801919,49.06779661016949,3.009839073326348,2.8809970814022927,1.7534505331636185,양봉,40.70331649780273,39.618919372558594,37.873496786753336,True,True,1,0.9150003705705915,0.1653985966692028,False,65.26063707387763,0.8232935902841234,0.13377698024100992,83.24055609826986
2020-08-06,44.0,47.630001068115234,43.400001525878906,45.43000030517578,44.969635009765625,2778700.0,0.061944734286357,0.0601018821872736,4.229999542236328,71.92805459500471,PWR,2778700.0,124957124.80163574,2.1459168175460577,125.6720539267441,6.194473428635705,9.406346174074438,3.9047088072935483,양봉,41.754554748535156,40.07772216796875,38.09721956253052,True,True,1,1.158571788242885,0.21314928162350558,True,71.92805459500471,1.1223242574064543,0.3462461178906725,68.4416849105424
2020-08-07,45.650001525878906,46.380001068115234,44.88999938964844,46.36000061035156,45.89022445678711,1656100.0,0.0204713568794046,0.0202646351417686,1.4900016784667969,76.62659848741306,PWR,1656100.0,75998800.72288513,1.27350479512834,-40.400187137870226,2.04713568794046,3.24688252477359,1.5129464937074373,양봉,43.01960678100586,40.55087852478027,38.36231851577759,True,True,1,1.2192862374441964,0.22091491579696823,False,76.62659848741306,1.417254858391118,0.5129413751002687,79.36208127703208
2020-08-10,46.369998931884766,48.27000045776367,46.34999847412109,48.20000076293945,47.711570739746094,1375000.0,0.039689199704701,0.0389218220519986,1.9200019836425848,79.03212152927416,PWR,1375000.0,65603409.76715088,1.059393287146028,-16.973612704546824,3.9689199704701084,4.024185231954916,1.045482955851392,양봉,44.405419158935544,41.08986053466797,38.648216819763185,True,True,1,1.315714972359794,0.23777110112199826,False,79.03212152927416,1.777467370528072,0.6985231097897782,93.84311205284554
2020-08-11,48.90999984741211,50.43999862670898,48.86000061035156,49.86000061035156,49.35476303100586,2529100.0,0.0344401214586487,0.0338603349029756,1.5799980163574148,81.04155069795327,PWR,2529100.0,124823131.18171692,1.921162005838244,83.93454545454546,3.444012145864872,3.2013080791509863,2.5118206948229123,양봉,46.05453720092773,41.660519218444826,38.95441665649414,True,True,1,1.3750005449567522,0.23498983978668014,False,81.04155069795327,2.170509978821002,0.8732525744661666,90.3448772067723
2020-08-12,50.5,50.93000030517578,48.81999969482422,49.47999954223633,48.97859954833984,1824000.0,-0.0076216247341661,-0.0076508177426599,2.1100006103515625,78.66923299761692,PWR,1824000.0,89336965.57617186,1.3936616242163746,-27.879482819975486,-0.7621624734166166,4.308005189632015,2.320418331812626,음봉,47.380958557128906,42.12872581481933,39.220569928487144,True,True,1,1.4650004250662667,0.232378229989775,False,78.66923299761692,2.423706844492301,0.9011595521099722,83.36401676905855
2020-08-13,49.040000915527344,50.09999847412109,48.91999816894531,49.27000045776367,48.7707405090332,1216600.0,-0.0042438746967741,-0.0042529054924284,1.180000305175774,79.93020856328148,PWR,1216600.0,59334482.903289795,0.934392654161902,-33.30043859649123,-0.4243874696774119,2.419484085867462,0.12536366444472655,음봉,48.14117965698242,42.58604431152344,39.48968474070231,True,True,1,1.4921433585030688,0.22988279129562683,False,79.93020856328148,2.5778785185123994,0.8442649809040561,81.59198737930288
2020-08-14,48.959999084472656,49.619998931884766,48.869998931884766,49.45000076293945,48.94890975952149,1002200.0,0.0036531996157673,0.0036465428893586,0.75,79.61769750663633,PWR,1002200.0,49056597.36099244,0.7715137229600684,-17.622883445668258,0.36531996157673774,1.5322098156723722,0.3880576211558631,음봉,48.752916717529295,43.027029800415036,39.75287157694499,True,True,1,1.4685717991420195,0.22752671476472278,False,79.61769750663633,2.683503690293442,0.7599121221480787,83.11090688008164
2020-08-17,49.77999877929688,51.13999938964844,49.70000076293945,50.790000915527344,50.275333404541016,2139100.0,0.0270981243818511,0.026737471057929,1.4399986267089844,87.67404557556647,PWR,2139100.0,107543965.68565369,1.6308219741708134,113.44043105168629,2.7098124381851108,2.8642249174600587,1.6978703383965115,양봉,49.26566925048828,43.554134368896484,40.033057657877606,True,True,1,1.4885717119489392,0.2459093554561851,False,87.67404557556647,2.8414887886956066,0.7343177764401942,92.75824049784042
2020-08-18,50.72999954223633,50.93999862670898,49.43999862670898,50.34000015258789,49.82988739013672,1491800.0,-0.0088601304902348,-0.0088996148437547,1.5,83.71230799157667,PWR,1491800.0,74336226.00860596,1.1332681388088697,-30.260389883595906,-0.8860130490234819,3.0102416011016486,0.9043523073966242,음봉,49.360694122314456,44.03421974182129,40.29922898610433,True,True,1,1.5142860412597652,0.24322831590757796,False,83.71230799157667,2.8973504938309205,0.6321435852604065,89.02753643052283
2020-08-19,50.27000045776367,50.560001373291016,49.68999862670898,49.84999847412109,49.344852447509766,1188600.0,-0.0097338157485573,-0.0097814990121083,0.8700027465820384,87.1657415525313,PWR,1188600.0,58651291.61911011,0.9044143490196977,-20.324440273495103,-0.9733815748557362,1.7631074031632734,0.8832311102394117,음봉,49.43394470214844,44.47619514465332,40.523868815104166,True,True,0,1.5278576442173555,0.24081127163133595,False,87.1657415525313,2.86940630164667,0.4833595144609246,84.96526676206607
2020-08-20,49.27000045776367,50.29999923706055,48.91999816894531,49.77000045776367,49.26565170288086,989400.0,-0.0016050457281873,-0.0016063351940345,1.3800010681152344,87.63429259469409,PWR,989400.0,48743435.79483032,0.7565937127133117,-16.759212518929832,-0.16050457281873154,2.801142419546106,-0.15169158693040377,음봉,49.53292694091797,44.904311943054196,40.73071206410726,True,True,0,1.5464292253766747,0.23851538185664364,False,87.63429259469409,2.80849490874963,0.3379584972511074,82.9604755748402
2020-08-21,49.68000030517578,50.25,49.459999084472656,49.58000183105469,49.07758712768555,879800.0,-0.0038173568946072,-0.0038246615971344,0.7900009155273438,84.97490080146945,PWR,879800.0,43178461.154937744,0.6740450681616422,-11.077420658985249,-0.3817356894607271,1.6096979533080795,0.8410496724854903,음봉,49.55866241455078,45.344802665710446,40.94546006520589,True,True,0,1.5071435655866356,0.23619838394856554,False,84.97490080146945,2.7137643651964822,0.19458236295836784,79.45804707275205
2020-08-24,49.970001220703125,50.959999084472656,49.90999984741211,50.900001525878906,50.38420867919922,985700.0,0.0266235898703459,0.0262753495186211,1.0499992370605469,86.12175406433708,PWR,985700.0,49663714.49508667,0.756622369297988,12.036826551488966,2.6623589870345965,2.0839847733760917,1.8183740180538568,양봉,49.58043746948242,45.830826377868654,41.17671254475911,True,True,1,1.536428996494838,0.2360691534462522,False,86.12175406433708,2.7128511073744974,0.15493528410910606,91.94253065686395
2020-08-25,51.2400016784668,51.45000076293945,50.47999954223633,51.13999938964844,50.62178039550781,836200.0,0.004715201896317,0.0047041201533057,0.970001220703125,84.94978374255713,PWR,836200.0,42329932.76672363,0.648567393978044,-15.166886476615604,0.4715201896317023,1.9161736571185535,1.6985341671563983,음봉,49.73881607055664,46.383667182922366,41.39544785817464,True,True,1,1.5185718536376953,0.23837735937242005,False,84.94978374255713,2.700171499756543,0.11380454119292116,89.71154725557385
2020-08-26,51.13999938964844,51.70000076293945,50.59000015258789,51.43000030517578,50.90885162353516,787300.0,0.0056709034290074,0.0056548843892415,1.1100006103515625,81.24997491058133,PWR,787300.0,40080538.883209236,0.6133530694920536,-5.847883281511601,0.5670903429007446,2.1803685900437975,1.023707562420329,음봉,50.05161590576172,46.89245891571045,41.59145170847575,True,True,1,1.2957147870744978,0.24191282759328714,False,81.24997491058133,2.682366417963955,0.07679956752026662,88.38254067749244
2020-08-27,51.380001068115234,51.81999969482422,50.93999862670898,51.0,50.48320388793945,984900.0,-0.0083609769621857,-0.008396125987312,0.8800010681152415,75.49442182079355,PWR,984900.0,49720907.50923157,0.7707175835354879,25.098437698463094,-0.836097696218574,1.7431561397502262,0.9254764732549156,음봉,50.295126342773436,47.43094692230225,41.767344856262206,True,True,1,1.2521433149065295,0.2391663684826755,False,75.49442182079355,2.6038934841705057,-0.0013386930185461665,75.56132525482454
2020-08-28,51.15999984741211,51.40999984741211,50.7599983215332,51.38999938964844,50.86924743652344,588600.0,0.007646970058416,0.0076178801883359,0.6500015258789062,70.84960465228741,PWR,588600.0,29941639.041137695,0.4710163704539219,-40.23758757234237,0.764697005841608,1.2777887596823654,1.340635909271884,음봉,50.65345840454101,47.99616107940674,41.93929169972738,True,True,1,1.161428996494838,0.21098234828998275,False,70.84960465228741,2.543533337818573,-0.04935907149638297,68.30825805664062
2020-08-31,51.08000183105469,51.790000915527344,50.47999954223633,51.25,50.73066711425781,907500.0,-0.0027242455756506,-0.0027279630857708,1.3100013732910156,61.33756804552564,PWR,907500.0,46038080.406188965,0.7453167164218019,54.17940876656473,-0.27242455756506523,2.5822671922302414,0.4143060987765491,음봉,50.72275009155273,48.49356899261475,42.08635590871175,True,True,1,1.1421435219900953,0.2020820287321535,False,61.33756804552564,2.456201649438249,-0.10935260790136603,63.68891398111979
2020-09-01,51.18999862670898,52.869998931884766,50.77000045776367,52.56999969482422,52.03728485107422,1197000.0,0.0257559738742165,0.0254298762317704,2.0999984741210938,71.85289680013258,PWR,1197000.0,62288629.96673584,0.9919263187801876,31.900826446280984,2.5755973874216576,4.03556503789752,0.9054316423961829,양봉,51.00585098266602,49.03997459411621,42.24003842671712,True,True,1,1.141429083687919,0.1976100551427066,True,71.85289680013258,2.4640200988072394,-0.08122732682590073,79.18214797973633
2020-09-02,52.68000030517578,53.61000061035156,52.11000061035156,53.34000015258789,52.79948806762695,1093000.0,0.0146472518451739,0.0145410169615151,1.5,76.6709227867754,PWR,1093000.0,57709840.45791626,0.9116774791473586,-8.688387635756056,1.4647251845173903,2.8409366357468486,1.2351056669097038,양봉,51.383978271484374,49.56262435913086,42.435752868652344,True,True,1,1.1642862047467923,0.15797898434768506,False,76.6709227867754,2.502868199219556,-0.03390338113086777,82.90058532243435
2020-09-03,53.2400016784668,53.36000061035156,51.04999923706055,51.5,50.9781379699707,1319300.0,-0.0344956014596848,-0.0351046214115524,2.310001373291016,61.03335872074014,PWR,1319300.0,67255457.42378235,1.1098145722423178,20.704483074107948,-3.449560145968489,4.5313569017600255,0.834314170386695,음봉,51.482965087890626,49.86304950714111,42.631758244832355,True,True,0,1.2757148742675792,0.13856480257691292,True,61.03335872074014,2.359489145322499,-0.14182594802234005,43.8835550031884
2020-09-04,52.209999084472656,52.84000015258789,51.34999847412109,51.97999954223633,51.453269958496094,1042600.0,0.0093203088116964,0.0092771427403102,1.490001678466804,57.05808913714986,PWR,1042600.0,53645179.25872803,0.8799125496831132,-20.973243386644434,0.9320308811696432,2.8958347635994532,2.416449802908839,음봉,51.599769592285156,50.14120178222656,42.88313528696696,True,True,0,1.279286520821709,0.10147178661530132,False,57.05808913714986,2.258168630438547,-0.19451717032503346,54.01429575356905
2020-09-08,51.27000045776367,52.060001373291016,50.52999877929688,51.36000061035156,50.83955764770508,1122400.0,-0.0119275667277523,-0.0119992708929471,1.5300025939941335,55.93027043909888,PWR,1122400.0,57062319.50378418,0.9452332765659379,7.653942067907149,-1.1927566727752303,3.0094726720408405,-0.3561863043500502,음봉,51.62154769897461,50.29760112762451,43.11999975840251,True,True,0,1.2814295632498616,0.08009820485019267,False,55.93027043909888,2.1040952377975373,-0.2788724503728348,40.92875222862794
2020-09-09,52.02999877929688,52.93999862670898,51.7599983215332,52.22999954223633,51.70072937011719,980000.0,0.0169390089579386,0.0167971437419416,1.180000305175774,63.25165919590418,PWR,980000.0,50666714.782714844,0.8334975848280219,-12.68709907341411,1.693900895793865,2.282366843856964,2.341564692283551,음봉,51.554236602783206,50.41489944458008,43.35457566579183,True,True,1,1.3035722460065569,0.07991184358152807,False,63.25165919590418,2.0281016318148417,-0.28389284508442447,59.2906130841608
2020-09-10,52.4900016784668,52.5099983215332,50.84999847412109,51.15999984741211,50.641578674316406,833300.0,-0.020486184792839,-0.0206989373507476,1.6599998474121165,56.97099783810569,PWR,833300.0,42199627.50930786,0.7143659986283624,-14.969387755102037,-2.0486184792839035,3.277938584987298,1.526617357173699,음봉,51.12265472412109,50.49804840087891,43.55996538798014,True,True,0,1.323572158813477,0.07978026252839567,False,56.97099783810569,1.8609595587238985,-0.36082793454029405,28.471786877078546
2020-09-11,51.58000183105469,52.34999847412109,51.27999877929688,51.560001373291016,51.03752517700195,804500.0,0.0078186050484709,0.0077881981462208,1.0699996948242043,59.72498256723821,PWR,804500.0,41059689.00489807,0.6946713559684432,-3.456138245529816,0.7818605048470983,2.0964960411253597,1.8530685284781925,음봉,51.13453216552735,50.61138763427734,43.769317881266275,True,True,0,1.3435720716203956,0.07608126329058795,False,59.72498256723821,1.7403857517161683,-0.38512139323841943,30.473651272819875
2020-09-14,52.08000183105469,52.369998931884766,51.130001068115234,52.2599983215332,51.73042678833008,1039200.0,0.0135763168164031,0.0134849843378498,1.2399978637695312,57.112986481611,PWR,1039200.0,53758259.51843262,0.9028832588396081,29.173399627097574,1.3576316816403144,2.397037760471877,2.0425689733923176,음봉,51.18996353149414,50.75046348571777,43.9994457244873,True,True,1,1.357143402099609,0.07333727978639694,False,57.112986481610996,1.6813598405571852,-0.35531784351792206,39.9497386384826
2020-09-15,52.34999847412109,52.459999084472656,51.52999877929688,51.9900016784668,51.463165283203125,1016200.0,-0.0051664276078859,-0.0051798197412386,0.930000305175774,54.43170484127245,PWR,1016200.0,52296868.560791016,0.8893170436944791,-2.213240954580442,-0.5166427607885993,1.807118353599042,1.197692971539099,음봉,51.31468505859375,50.80985507965088,44.219352340698244,True,True,1,1.3542861938476551,0.07325155590597247,False,54.43170484127245,1.594633666555744,-0.3536352140154908,31.411035318234614
2020-09-16,52.34999847412109,52.9900016784668,51.97999954223633,52.52999877929688,51.997703552246094,1098900.0,0.0103868129000885,0.0103332406032664,1.0100021362304688,55.58944132218454,PWR,1098900.0,57140276.43356323,0.9680949990421229,8.138161779177322,1.0386812900088582,1.9423975814925016,1.7232387204278938,음봉,51.374079895019534,50.91824588775635,44.43960018157959,True,True,1,1.3471434456961486,0.07309562368165483,False,55.58944132218454,1.5511545754349143,-0.3176914441090566,48.48892945981224
2020-09-17,51.810001373291016,53.36000061035156,51.369998931884766,52.58000183105469,52.04719543457031,1173300.0,0.0009518090019973,0.0009513563190315,1.9900016784667969,58.35099641795495,PWR,1173300.0,61066974.40338135,1.0277794771968856,6.770406770406767,0.09518090019973169,3.823456118723001,-0.3609816705972011,양봉,51.65520324707031,51.05336303710938,44.65605926513672,True,True,1,1.4264292035784025,0.07290216977941398,False,58.35099641795495,1.5033608556204143,-0.29238813113884543,50.07013921812139
2020-09-18,52.43000030517578,53.09999847412109,51.65999984741211,51.900001525878906,51.37408828735352,1902100.0,-0.0129326305019252,-0.0130169850410922,1.4399986267089773,52.61543995146239,PWR,1902100.0,97718653.33137514,1.6684971561044548,62.11540100571038,-1.293263050192528,2.8029667770541318,0.7354956735117482,음봉,51.72251586914062,51.15878486633301,44.88683878580729,True,True,0,1.4828575679234075,0.07275194181538791,False,52.615439951462385,1.3950881590576145,-0.32052866216131615,28.56512587887327
2020-09-21,50.84999847412109,50.84999847412109,48.52999877929688,49.220001220703125,48.72123718261719,1791200.0,-0.0516379208502542,-0.0530189096162646,2.3199996948242045,41.741233252307225,PWR,1791200.0,87269480.0415039,1.5650155120788958,-5.830397981178692,-5.16379208502542,4.761783216071402,-1.0201442608597073,음봉,51.12067794799805,51.14096736907959,45.057092157999676,False,True,0,1.5550003051757781,0.0797452823990874,True,41.741233252307225,1.0827372327795075,-0.5063036707515385,3.7645341415280864
2020-09-22,49.16999816894531,50.38999938964844,49.130001068115234,50.08000183105469,49.57252502441406,1206400.0,0.0174726236652422,0.0173217324839484,1.2599983215332031,39.47592853322144,PWR,1206400.0,59804294.189453125,1.0570563888023499,-32.64850379633765,1.747262366524227,2.5417271379915873,0.9210787990585642,양봉,50.742549896240234,51.10038318634033,45.24664160410563,False,True,0,1.4950002942766432,0.07980861650563757,False,39.47592853322144,0.8935879618755607,-0.5563623533243884,20.522162782385006
2020-09-23,51.13999938964844,52.65999984741211,50.54999923706055,51.290000915527344,50.77025985717773,1756700.0,0.0241612633646115,0.0238739979725548,2.1100006103515625,41.64626719507419,PWR,1756700.0,89188115.49110411,1.5235696585903085,45.61505305039788,2.416126336461155,4.155977566959917,3.161982094844688,음봉,50.49706115722656,51.10780715942383,45.4482442855835,False,True,0,1.538571766444612,0.07979702342321632,False,41.64626719507419,0.8307565486883703,-0.49535501320926323,46.38219934984292
2020-09-24,51.02999877929688,52.0099983215332,50.08000183105469,51.41999816894531,50.89894485473633,984000.0,0.0025346531201653,0.0025314463045792,1.929996490478516,49.62119332132441,PWR,984000.0,50084561.73706055,0.8552154179370094,-43.98588262082313,0.253465312016532,3.7918202351476102,0.511596597791362,음봉,50.26741104125976,51.10731182098389,45.64935220082601,False,True,0,1.5114285605294333,0.0797977968259191,False,49.62119332132441,0.7823278168091932,-0.43502699607075246,49.04648400355083
2020-09-25,51.0099983215332,51.970001220703125,50.59000015258789,51.709999084472656,51.18600082397461,708000.0,0.0056397233785008,0.0056238796800797,1.3800010681152344,48.69814012585469,PWR,708000.0,36239688.58337402,0.6239281567793646,-28.04878048780488,0.5639723378500827,2.696051744423187,0.21818422192015458,양봉,50.229793548583984,51.14245166778564,45.869927342732744,False,True,0,1.5035713740757497,0.07974296796527325,False,48.69814012585469,0.7583687131187702,-0.36718887980894044,54.98966951939565
2020-09-28,52.4900016784668,53.09999847412109,51.91999816894531,52.88999938964844,52.35405349731445,944600.0,0.0228197681892887,0.0225632917699122,1.180000305175774,56.99908821598492,PWR,944600.0,49453638.93356323,0.8315989083393538,33.4180790960452,2.281976818928877,2.253885279840468,2.5475732299863845,음봉,50.956356811523435,51.216691970825195,46.101226234436034,False,True,0,1.478571210588724,0.07962737787385564,False,56.99908821598492,0.82413294812212,-0.24113971584447258,79.17294551382291
2020-09-29,52.61000061035156,53.31999969482422,52.45000076293945,52.7400016784668,52.20556640625,919800.0,-0.002836210019002,-0.0028402396837585,0.8699989318847656,52.49757300975477,PWR,919800.0,48018679.98046875,0.812684334754017,-2.625449925894563,-0.2836210019002028,1.6664869127454007,0.48887735703260954,음봉,51.482965087890626,51.29043693542481,46.327905591328935,True,True,1,1.456428255353652,0.07951289029072468,False,52.49757300975477,0.8544206811238979,-0.16868158627415575,76.09867978353375
2020-09-30,52.70000076293945,54.119998931884766,52.38999938964844,52.86000061035156,52.3740119934082,1739800.0,0.0032265828867252,0.0032213886382791,1.729999542236328,59.39920832127768,PWR,1739800.0,91120306.06613159,1.5203506557456636,89.14981517721243,0.3226582886725282,3.303164062463013,0.947091260042837,음봉,51.803715515136716,51.3072732925415,46.565806261698405,True,True,1,1.4614282335553814,0.07948679832889537,False,59.399208321277676,0.8818506534641415,-0.11300129114712976,68.76588746302163
2020-10-01,53.41999816894531,53.970001220703125,52.61000061035156,53.560001373291016,53.06757354736328,1831300.0,0.0132424751810567,0.0131555600798119,1.3600006103515625,60.66934600747344,PWR,1831300.0,97182647.43728638,1.5827634317291033,5.259225198298645,1.32424751810567,2.5627714241310655,1.9971473173923688,음봉,52.23744125366211,51.32067756652832,46.83407376607259,True,True,1,1.4821425846644785,0.08468976971537108,False,60.66934600747344,0.9486186400466252,-0.03698664365171689,81.17307055824917
2020-10-02,52.72999954223633,55.83000183105469,52.650001525878906,55.20000076293945,54.69249725341797,1516100.0,0.0306198983189693,0.0301604642347875,3.180000305175781,64.17871311336813,PWR,1516100.0,82919295.08590698,1.3015720090810232,-17.211816742204988,3.0619898318969385,5.814326397350689,-0.6361210482436422,양봉,52.93874053955078,51.506395530700686,47.14905573527018,True,True,1,1.6207141876220679,0.11593240041892618,True,64.17871311336813,1.119742815315938,0.10731002529407663,84.41775202596918
2020-10-05,55.54999923706055,57.65999984741211,55.54999923706055,56.900001525878906,56.37686538696289,1727500.0,0.030797060257468,0.0303323478881142,2.1100006103515625,70.71090620434659,PWR,1727500.0,97391034.9559784,1.4871769294047876,13.943671261790126,3.079706025746809,3.742671033355286,1.5678603587423303,양봉,53.74330291748047,51.75257530212402,47.48155186971029,True,True,1,1.7049999237060527,0.14792748302192224,False,70.71090620434659,1.3754194098374626,0.29038929585248097,85.9459549798924
2020-10-06,57.08000183105469,57.790000915527344,56.2400016784668,56.7400016784668,56.21833419799805,1535600.0,-0.0028119901288712,-0.0028159512005192,1.5499992370605469,68.37200142537425,PWR,1535600.0,86328873.9944458,1.317655583461817,-11.108538350217078,-0.28119901288712335,2.7571063055720044,1.2472074125894852,음봉,54.54585647583008,52.021514129638675,47.80299193064372,True,True,1,1.7435711451939153,0.14716273319664863,False,68.37200142537425,1.547415172125362,0.36990804651230413,83.02736117759594
2020-10-07,57.33000183105469,58.88999938964844,57.29999923706055,58.36000061035156,57.82344055175781,959200.0,0.0285512969506827,0.0281513043660957,1.5900001525878906,72.14444619287767,PWR,959200.0,55464244.177246094,0.8262351565864764,-37.53581661891118,2.8551296950682703,2.7497501660501853,1.9774111931908283,양봉,55.6357421875,52.327649688720705,48.13435611724854,True,True,1,1.7149996076311365,0.1739463442995533,False,72.14444619287767,1.7925779978972827,0.4920566978273797,89.70503112881157
2020-10-08,58.560001373291016,59.25,57.810001373291016,59.0,58.457557678222656,1217900.0,0.0109664371475308,0.0109067418092682,1.4399986267089844,77.23739135562303,PWR,1217900.0,71195459.49630737,1.0426815098883089,26.97039199332778,1.0966437147530872,2.463323279147926,1.273810092420749,음봉,56.713739013671876,52.718448638916016,48.448407618204754,True,True,1,1.714999607631137,0.18468526193349047,False,77.23739135562303,2.014813737602992,0.5714339500264711,92.6078150042844
2020-10-09,59.20000076293945,59.36000061035156,58.18000030517578,59.22999954223633,58.68544006347656,1244300.0,0.0038982536100511,0.0038906751083432,1.1800003051757812,97.09764293251187,PWR,1244300.0,73022293.07098389,1.0601717298898998,2.167665653994577,0.3898253610051139,2.0107207237424563,1.2700549154029763,음봉,57.51232757568359,53.100844383239746,48.76609210968017,True,True,1,1.6335710797991065,0.1876467878541755,False,97.09764293251189,2.1841478693858036,0.5926144654474259,93.40605496520347
2020-10-12,60.0,61.68000030517578,59.77000045776367,61.34000015258789,60.77604293823242,1679600.0,0.0356238765951926,0.0350040244378775,1.9099998474121087,97.4020151063575,PWR,1679600.0,102079441.71905518,1.4129419666522898,34.9835248734228,3.5623876595192616,3.1426854317469632,2.240010358790112,양봉,58.3921630859375,53.55312519073486,49.11020615895589,True,True,1,1.6799997602190284,0.22509994911932454,False,97.4020151063575,2.458698226240209,0.6937318578414648,92.20726305300786
2020-10-13,60.7400016784668,60.970001220703125,60.22999954223633,60.369998931884766,59.8149642944336,813800.0,-0.0158134455179251,-0.0159398120111087,0.7400016784667969,89.05009876927917,PWR,813800.0,48677417.942810066,0.6892428725645324,-51.547987616099064,-1.5813445517925184,1.2371514172008986,-0.059301754479564026,음봉,59.11148910522461,53.97071514129639,49.44490152994792,True,True,1,1.582142693655831,0.22335827353881668,False,89.05009876927917,2.569115186934326,0.6433190548284653,83.9221012407634
2020-10-14,60.68000030517578,61.34000015258789,59.66999816894531,60.81999969482422,60.26082229614258,1554300.0,0.007453954156259,0.0074263107235732,1.670001983642578,89.34199591665046,PWR,1554300.0,93663396.09489441,1.3026506408764076,90.99287294175473,0.7453954156259046,2.7712897368635447,1.446186620599021,음봉,59.59896545410156,54.38387107849121,49.778778902689616,True,True,1,1.563571657453264,0.2216614138816408,False,89.34199591665046,2.6619135558545395,0.5888939389989432,87.20308395395257
2020-10-15,59.84000015258789,62.400001525878906,59.75,62.04999923706055,61.4795150756836,1197000.0,0.0202236334172796,0.0200218517130645,2.6500015258789062,90.11593316070176,PWR,1197000.0,73590979.54559328,1.0007033095358158,-22.98784018529242,2.022363341727962,4.310381307687047,-0.6983345522346535,양봉,60.20335693359375,54.85548706054688,50.12834841410319,True,True,1,1.6542859758649548,0.23257979423251557,False,90.11593316070177,2.8015012910590613,0.582785339362772,91.21673515890328
2020-10-16,62.09999847412109,62.52999877929688,61.720001220703125,61.97999954223633,61.41016387939453,1922300.0,-0.0011280374642463,-0.0011286741773759,0.8099975585937571,88.59903362791455,PWR,1922300.0,118048758.0253601,1.5976225278088523,60.593149540517956,-0.11280374642463897,1.3189959241674365,1.0092522650408795,음봉,60.74830169677735,55.35729084014893,50.47346254984538,True,True,1,1.6278572082519536,0.2304715006720168,False,88.59903362791455,2.873406671460536,0.5237525758113972,88.95626264982275
2020-10-19,62.34999847412109,63.88999938964844,61.16999816894531,61.88999938964844,61.32098007202149,1364300.0,-0.0014522646047353,-0.0014533201630668,2.720001220703125,89.04920045220612,PWR,1364300.0,83660213.11225893,1.1246805587359745,-29.02772720178952,-0.14522646047353538,4.435677997169131,1.5304218965647574,음봉,60.85728912353515,55.98727798461914,50.82434933980306,True,True,1,1.7600002288818364,0.21267313718199757,False,89.04920045220612,2.8898830427372175,0.43218315767046267,77.66070158585265
2020-10-20,62.040000915527344,64.13999938964844,61.84999847412109,63.040000915527344,62.460411071777344,889400.0,0.0185814218627553,0.0184108964082169,2.290000915527351,89.8902451719191,PWR,889400.0,55552289.60723877,0.7305314430395591,-34.80905959099905,1.8581421862755354,3.6663237981187176,1.1725527587154712,양봉,61.38637847900391,56.6316722869873,51.1876272837321,True,True,1,1.8000003269740523,0.20642426300531042,False,89.8902451719191,2.96075352115119,0.4024429088675481,85.4328838188002
2020-10-21,62.2599983215332,63.56999969482422,61.45000076293945,61.56999969482422,61.0039291381836,1651800.0,-0.0233184813964801,-0.0235946589934722,2.1199989318847656,79.600876444141,PWR,1651800.0,100766290.15045168,1.3421110668312333,85.72071059140993,-2.3318481396480184,3.475184241137372,-0.3208636427541811,음봉,61.534999847412124,57.143355751037596,51.54494336446126,True,True,0,1.854285921369281,0.2023238933921217,False,79.600876444141,2.866351450890825,0.24643267088574605,72.70608499107254
2020-10-22,61.70000076293945,62.27999877929688,60.959999084472656,61.119998931884766,60.558067321777344,1146900.0,-0.0073087393337617,-0.0073355790252548,1.319999694824226,73.98702574259406,PWR,1146900.0,69454047.41134644,0.9254311139800812,-30.566654558663274,-0.7308739333761749,2.1797255975993464,1.1410275282091082,음봉,61.35071029663086,57.62631187438965,51.87536087036133,True,True,0,1.7214287349155986,0.19564691685246163,False,73.98702574259406,2.7241574167468414,0.08339090939340954,58.30114081206421
2020-10-23,61.59999847412109,62.470001220703125,61.11000061035156,62.27000045776367,61.6974983215332,1072200.0,0.018815511295984,0.0186406890720311,1.3600006103515625,72.77354271218944,PWR,1072200.0,66152057.7003479,0.8613761390676286,-6.513209521318341,1.8815511295984022,2.2043043030107836,1.7205488854315747,양봉,61.40817718505859,58.151886749267575,52.24176177978516,True,True,1,1.66785730634417,0.17634586320032863,False,72.77354271218944,2.672602086081824,0.025468462982713103,69.08225600295904
2020-10-26,61.36000061035156,61.5099983215332,60.34999847412109,61.13999938964844,60.57788848876953,1416000.0,-0.0181467622387034,-0.0183134341783629,1.1599998474121165,67.24140480145316,PWR,1416000.0,85778290.10009766,1.131659000322215,32.06491326245104,-1.8146762238703484,1.9148898655111883,-0.5470200905436869,음봉,61.259558868408206,58.56307849884033,52.59197718302409,True,True,0,1.640000207083568,0.17510767754004616,False,67.24140480145316,2.5124391242738753,-0.10775559906018861,47.922356412065376
2020-10-27,61.630001068115234,61.97999954223633,60.310001373291016,60.77000045776367,60.21128845214844,916900.0,-0.0060517136824446,-0.0060700995164232,1.6699981689453125,60.4691761737098,PWR,916900.0,55207730.3817749,0.7323538137366022,-35.247175141242934,-0.6051713682444615,2.7735632501412186,1.7367930867064691,음봉,60.80973434448242,58.963364601135254,52.9157901763916,True,True,0,1.645714351109098,0.17106213572783366,False,60.4691761737098,2.3290790900298006,-0.23289250664341088,37.93503683022061
2020-10-28,59.310001373291016,61.310001373291016,58.93000030517578,60.880001068115234,60.320274353027344,2227300.0,0.001810057610136,0.0018084214299494,2.3800010681152344,58.561025401507365,PWR,2227300.0,134351347.0664978,1.7439167313966133,142.91634856581962,0.18100576101360843,3.9456071671460946,-1.4968739285054486,양봉,60.673003387451175,59.36067771911621,53.23597520192464,True,True,0,1.712857382638116,0.15823332693166406,False,58.561025401507365,2.167572763669021,-0.31551906640335226,35.91064390307595
2020-10-29,59.869998931884766,64.25,59.59999847412109,62.65999984741211,62.08390426635742,1832500.0,0.0292377634592366,0.0288184928036528,4.650001525878913,63.68714980803298,PWR,1832500.0,113768754.56809998,1.4180875486883175,-17.725497238809318,2.9237763459236676,7.489866465113241,-0.7464744250122592,양봉,60.978170776367186,59.81149425506592,53.5649320602417,True,True,1,1.9607146126883397,0.12987326123693102,True,63.687149808032984,2.1570232103053613,-0.2608548958136101,59.28391244552225
2020-10-30,61.900001525878906,63.369998931884766,60.93999862670898,62.43000030517578,61.85602569580078,1272300.0,-0.0036704935562521,-0.0036772463468391,2.4300003051757884,55.11739546801834,PWR,1272300.0,78699421.49276733,0.978946905605487,-30.570259208731244,-0.36704935562521523,3.928477909534937,-0.2962164552176376,음봉,61.0098762512207,60.16967067718506,53.84637190500895,True,True,1,1.9978575025286023,0.10374125042612452,False,55.117395468018344,2.1059980821235555,-0.24950401919633292,55.00048042242756
2020-11-02,63.650001525878906,66.94000244140625,62.77999877929688,66.44999694824219,65.83907318115234,2849400.0,0.0643922308384252,0.0624039609951956,4.160003662109368,72.18981023248388,PWR,2849400.0,187601855.1223755,2.139543587109262,123.95661400613065,6.439223083842527,6.318442014916221,2.9002442525173624,양봉,62.062113189697264,60.64278106689453,54.1788527170817,True,True,1,2.2421433585030717,0.15864607153391833,True,72.18981023248388,2.3597571334379523,0.003404025694451196,86.25556845641484
2020-11-03,66.94999694824219,68.2699966430664,65.97000122070312,67.31999969482422,66.7010726928711,2117700.0,0.0130925219640776,0.0130075557098888,2.299995422363281,73.0170312122097,PWR,2117700.0,141252861.64169312,1.5735046615991555,-25.67909033480733,1.309252196407762,3.448213543661797,1.687332025518042,음봉,63.360070037841794,61.166917991638186,54.495344416300455,True,True,1,2.287142889840265,0.14513780377698443,False,73.0170312122097,2.6004428796084156,0.19527181749193145,83.20209244804005
2020-11-04,65.97000122070312,66.30000305175781,61.7400016784668,63.459999084472656,62.87655258178711,3029900.0,-0.0573382099669401,-0.0590477138794207,4.560001373291016,54.208955429722,PWR,3029900.0,190509666.66755676,2.2446422082862476,43.07503423525523,-5.733820996694017,7.252308191292076,-1.0960415517367004,음봉,63.87132568359375,61.419573593139646,54.72070757548014,True,True,0,2.423571450369701,0.13421641558855124,True,54.208955429722,2.4542897330787525,0.03929493676981455,42.25432359754683
2020-11-05,65.06999969482422,66.26000213623047,64.44999694824219,64.48999786376953,63.89707946777344,1475600.0,0.016230643126607,0.0161003343445879,1.8100051879882808,57.08636510873087,PWR,1475600.0,94286530.46264648,1.0954946546750381,-51.2987227301231,1.6230643126607047,2.8326884468971065,3.4884977355970146,음봉,64.23396072387695,61.691549682617186,54.9693489074707,True,True,0,2.4950005667550244,0.12993080366164142,False,57.08636510873087,2.3932227204851557,-0.01741766065902617,53.180739937200414
2020-11-06,64.69999694824219,65.98999786376953,64.0999984741211,65.12000274658203,64.52130126953125,1204000.0,0.0097691757895232,0.0097217659119377,1.8899993896484373,58.84935635962343,PWR,1204000.0,77683646.72851562,0.8956619694361198,-18.40607210626186,0.9769175789523299,2.9292642157868998,1.2565793102855387,음봉,64.76701583862305,61.98334274291992,55.231858253479004,True,True,0,2.4357147216796897,0.11109611217642924,False,58.84935635962343,2.367900472918315,-0.03419192658069381,59.86405949296364
2020-11-09,68.87000274658203,70.31999969482422,65.4000015258789,65.48999786376953,64.88789367675781,1248400.0,0.0056817268098043,0.0056656466798855,4.9199981689453125,57.01204085374668,PWR,1248400.0,81006046.46606445,0.9429511734556245,3.687707641196014,0.5681726809804388,7.582305250120341,6.7399469500537785,음봉,64.57677993774413,62.18893527984619,55.49750798543294,True,True,1,2.623571668352401,0.11072883572375777,True,57.01204085374668,2.350320323145624,-0.041417661082707724,52.308109665016644
2020-11-10,65.86000061035156,68.41000366210938,65.68000030517578,66.58000183105469,65.96788024902344,1768100.0,0.0166438839523075,0.0165068924728815,2.7300033569335938,64.65771811475747,PWR,1768100.0,116637809.06829834,1.3363906631666338,41.62928548542133,1.6643883952307537,4.1383827199359,1.4981329775263592,양봉,64.43014144897461,62.496581077575684,55.759050432840986,True,True,1,2.667143412998746,0.10384222830792975,False,64.65771811475747,2.3959151993375656,0.0033417720873867296,61.789994038488594
2020-11-11,66.94000244140625,67.80000305175781,64.75,67.54000091552734,66.91902923583984,1738200.0,0.0144183651684106,0.0143154090010678,3.0500030517578125,68.23860710509057,PWR,1738200.0,116318656.61773682,1.3056208657831105,-1.6910808212205142,1.4418365168410663,4.557751489503559,1.4736295735335583,음봉,65.23863677978515,62.829491424560544,56.043869463602704,True,True,1,2.790715081351145,0.10676102307378056,False,68.23860710509057,2.48020893662045,0.07010840749621661,70.14073185925474
2020-11-12,66.97000122070312,67.58000183105469,66.06999969482422,67.06999969482422,66.45336151123047,1591900.0,-0.0069586742355188,-0.0069829987188616,1.5100021362304688,64.18439885762162,PWR,1591900.0,105787106.18972778,1.1873816788199316,-8.416752962835117,-0.695867423551888,2.272273519188765,0.07616964179746673,음봉,65.74989318847656,63.07818374633789,56.32901128133138,True,True,1,2.8014294760567813,0.10634010659954735,False,64.18439885762162,2.4808392662992134,0.05659098973998411,66.05234073051959
2020-11-13,67.62000274658203,69.27999877929688,67.0999984741211,68.94000244140625,68.30618286132812,1011800.0,0.0278815293607763,0.0274999165794206,2.180000305175781,72.08383530656229,PWR,1011800.0,69112195.8190918,0.7648999947201437,-36.44073120170865,2.788152936077637,3.1915124134538617,1.7555789636832784,양봉,66.50686950683594,63.42298469543457,56.6463534673055,True,True,1,2.8742866516113286,0.12763345099654996,False,72.08383530656229,2.600864854331121,0.14129326221751315,82.31942983836936
2020-11-16,70.0,70.19000244140625,68.69999694824219,69.3499984741211,68.71240234375,976400.0,0.0059470382534265,0.0059294244203595,1.4900054931640625,74.23731055118631,PWR,976400.0,67090789.6484375,0.7427318456125439,-3.498715161099031,0.5947038253426573,2.1684665975000534,2.4797420492820974,음봉,67.27177124023437,63.792555809020996,56.97360038757324,True,True,1,2.861430031912668,0.1332618482484348,False,74.23731055118631,2.697667483388848,0.1904767130201921,85.8858872939427
2020-11-17,68.66999816894531,68.87000274658203,67.05999755859375,67.38999938964844,66.7704086303711,1839800.0,-0.0282626374153478,-0.028669714135343,1.8100051879882808,66.64958576516268,PWR,1839800.0,122844197.79815674,1.3885881870916268,88.42687423187219,-2.8262637415347847,2.7107894426828247,-0.06171254876601551,음봉,67.43227691650391,64.00805568695068,57.246703720092775,True,True,0,2.820716040475028,0.13281318734595907,False,66.64958576516268,2.5878504722284745,0.06452776148785455,66.88814682597298
2020-11-18,67.94000244140625,68.7300033569336,67.2699966430664,67.58000183105469,66.95867919921875,1461600.0,0.0028196707599901,0.0028157029452635,1.4600067138671875,63.69711618335093,PWR,1461600.0,97866805.51757812,1.09693651451689,-20.556582237199695,0.2819670759990123,2.1804592493876767,1.751664899206797,음봉,67.4402069091797,64.30579319000245,57.51898536682129,True,True,0,2.5928592681884766,0.1321982588175776,False,63.69711618335093,2.4873390647347975,-0.02878691680465817,64.16503077988592
2020-11-19,67.63999938964844,69.01000213623047,66.91999816894531,68.22000122070312,67.5927963256836,1254300.0,0.0094702753108104,0.0094257133751936,2.090003967285156,65.75937717838133,PWR,1254300.0,84781644.43130493,0.9371760037287368,-14.18308702791461,0.9470275310810461,3.0920513440734902,1.0175233421235659,음봉,67.66809387207032,64.65752964019775,57.797051111857094,True,True,0,2.568573815482003,0.13147910133449328,False,65.75937717838133,2.4308299086701766,-0.06823685829542336,68.21440559844744
2020-11-20,68.16000366210938,68.38999938964844,66.62999725341797,66.87999725341797,66.2651138305664,1401800.0,-0.0196423667504447,-0.0198378420016638,1.7600021362304688,51.370278487349175,PWR,1401800.0,92890436.56768799,1.042240323269707,11.75954715777725,-1.9642366750444729,2.656001075815891,0.8391535300489654,음봉,67.25988006591797,64.88591041564942,58.06008294423421,True,True,0,2.3971451350620816,0.13101633062007917,False,51.370278487349175,2.2529425940954297,-0.19689933829613615,52.740247066172564
2020-11-23,67.62000274658203,68.95999908447266,67.31999969482422,68.91000366210938,68.27647399902344,920200.0,0.0303532289041241,0.0299016841344446,1.6399993896484375,54.718146439369285,PWR,920200.0,62828011.37390137,0.6834924579866113,-34.355828220858896,3.0353228904124174,2.401997779896915,2.04464889244731,양봉,67.17269439697266,65.27083969116211,58.350203386942546,True,True,1,2.3500025612967357,0.13024367285338664,False,54.718146439369285,2.2483480152702526,-0.16119513369705096,76.18267869170971
2020-11-24,69.13999938964844,70.91999816894531,68.23999786376953,70.62999725341797,69.98062896728516,1393200.0,0.0249596217913374,0.0246532184401272,2.680000305175781,74.37115366948404,PWR,1393200.0,97497012.27722168,1.0274805353524357,51.4018691588785,2.4959621791337483,3.829631634818029,1.2647480750651403,양봉,67.81473846435547,65.75930671691894,58.671036084493004,True,True,1,2.215716770717076,0.14690475153340293,False,74.37115366948404,2.3550700604933894,-0.04357847077913135,86.2262574238375
2020-11-25,70.05999755859375,70.31999969482422,68.7699966430664,69.69000244140625,69.04928588867188,706100.0,-0.0133085839947032,-0.0133979368575815,1.5500030517578125,67.78391428875403,PWR,706100.0,48755700.76599121,0.5224516209350369,-49.31811656617858,-1.330858399470325,2.2447778160325678,0.1134150871174612,음봉,68.2328598022461,66.19575729370118,58.95456943511963,True,True,1,2.1971451895577565,0.1227360121500939,False,67.78391428875403,2.3375506188786233,-0.04887832991511809,72.57019994160493
2020-11-27,69.83999633789062,70.11000061035156,69.2300033569336,69.93000030517578,69.28707122802734,400900.0,0.0034437045408239,0.0034377885683587,0.8799972534179688,66.90091953313929,PWR,400900.0,27777186.855316162,0.2972859402807989,-43.22333947032998,0.34437045408239886,1.2700742545775274,1.1451392133057132,음봉,68.57171478271485,66.55591564178467,59.22936248779297,True,True,1,2.125002179827009,0.1220718427977519,False,66.90091953313929,2.316154438201636,-0.056219608473684346,73.5344015313201
2020-11-30,69.7300033569336,70.19999694824219,67.91000366210938,68.33999633789062,67.71167755126953,1332000.0,-0.0227371953935404,-0.0229996717021935,2.2899932861328125,59.223262260627386,PWR,1332000.0,90191954.49829102,0.9828289536097145,232.25243202793715,-2.2737195393540466,3.381976889287507,0.6392709650672597,음봉,68.86102752685547,66.8486982345581,59.508254814147946,True,True,0,1.9371446881975447,0.10627097569755703,False,59.223262260627386,2.147323696354931,-0.18004028025631147,48.001271153955535
2020-12-01,69.41999816894531,70.4800033569336,68.94999694824219,69.95999908447266,69.31678771972656,1213800.0,0.0237050716583071,0.0234284691740697,1.5300064086914062,60.57567393575396,PWR,1213800.0,84136716.9342041,0.895437763249878,-8.873873873873872,2.3705071658307153,2.2072667517106948,2.5229335314906134,음봉,69.0690902709961,67.02258396148682,59.805980110168456,True,True,1,1.8514306204659599,0.10599526257567542,False,60.57567393575396,2.1186209496983253,-0.16699442153033406,74.01603038898796
2020-12-02,69.83000183105469,69.86000061035156,68.22000122070312,68.56999969482422,67.93956756591797,975800.0,-0.0198684936090403,-0.0200685261253614,1.6399993896484375,53.138352733166336,PWR,975800.0,66295430.030822754,0.7208510149305185,-19.6078431372549,-1.9868493609040305,2.413909078913753,0.7403893460892038,음봉,68.66087799072265,67.08450870513916,60.090980275472006,True,True,0,1.750716073172433,0.10589741987562358,False,53.138352733166336,1.9621254983137106,-0.25879189833195904,38.54780328425875
2020-12-03,68.5999984741211,69.79000091552734,68.0,69.37000274658203,68.73222351074219,1651600.0,0.0116670737424866,0.0115995382246416,1.7900009155273438,56.86978289098735,PWR,1651600.0,113518140.3503418,1.2153479571098185,69.25599508095921,1.1667073742486656,2.604311084520034,0.9720858284273678,양봉,68.59746551513672,67.37729225158691,60.374838511149086,True,True,1,1.7707159859793526,0.09029079822317193,False,56.86978289098735,1.8803865106528832,-0.2724247087942291,49.00293260347253
2020-12-04,69.58000183105469,71.66999816894531,69.33999633789062,70.7300033569336,70.0797119140625,1330100.0,0.0196049005036147,0.0194151998084052,2.3300018310546875,55.51443203200392,PWR,1330100.0,93213024.81689453,0.975492861009412,-19.465972390409302,1.9604900503614742,3.3247879698933795,1.233451032149426,양봉,68.75599365234375,67.68642387390136,60.69880739847819,True,True,1,1.781430380684989,0.08212002239749693,False,55.51443203200392,1.9024090395521114,-0.20032174391600055,68.44670702373438
2020-12-07,70.79000091552734,71.62000274658203,70.37999725341797,71.51000213623047,70.85254669189453,805000.0,0.0110279388531127,0.010967574526046,1.2400054931640625,56.5060221403241,PWR,805000.0,57036300.0869751,0.5925750226969729,-39.47823471919405,1.1027938853112706,1.7501212744776582,1.013544408310152,양봉,69.38416748046875,68.00298614501953,61.02905775705973,True,True,1,1.763573237827846,0.08771163375703558,False,56.5060221403241,1.9596339200888053,-0.11447749070344537,83.78072760795818
2020-12-08,71.37000274658203,72.4000015258789,71.19000244140625,71.7300033569336,71.07051849365234,1015100.0,0.0030764144965129,0.0030716920164941,1.2099990844726562,64.60298970268792,PWR,1015100.0,72143683.3229065,0.7469270911197488,26.09937888198757,0.3076414496512969,1.7025330757657653,0.7303280952450175,음봉,69.7349136352539,68.31211738586425,61.351392618815105,True,True,1,1.7207156590053014,0.07469594619365127,False,64.60298970268792,1.999524281674141,-0.05966970329448795,76.9587166759665
2020-12-09,72.12000274658203,73.5199966430664,72.12000274658203,73.0999984741211,72.42792510986328,1072300.0,0.0190994331402292,0.0189193286166866,1.399993896484375,67.2069762585421,PWR,1072300.0,77664464.0953064,0.7868194301767333,5.6349128164712825,1.9099433140229216,1.9329476777924748,1.4766801694621408,양봉,70.63258514404296,68.63511962890625,61.700805282592775,True,True,1,1.7164290291922433,0.08979093083275337,False,67.2069762585421,2.116273961341321,0.045663981098153617,84.14990377439136
2020-12-10,72.54000091552734,73.9800033569336,71.58999633789062,73.01000213623047,72.33875274658203,1324000.0,-0.0012311875998931,-0.0012319461340086,2.3900070190429688,65.46157907138362,PWR,1324000.0,95776508.63647461,0.9656659068254886,23.472908700923245,-0.12311875998931576,3.3039096311428944,0.15474115197150656,음봉,71.35389099121093,68.90610580444336,62.03982276916504,True,True,1,1.7378578186035156,0.08943781116853466,False,65.46157907138362,2.176513961031432,0.08472318463061201,77.67007826610475
2020-12-11,73.5,73.76000213623047,72.0,72.06999969482422,71.40738677978516,1446700.0,-0.0128750625554693,-0.0129586645357698,1.7600021362304688,67.19678398442204,PWR,1446700.0,103305066.45431519,1.0502032604637659,9.267371601208453,-1.287506255546933,2.4647339940588764,1.605290676611558,음봉,71.61942596435547,69.1538070678711,62.36249262491862,True,True,0,1.7378578186035156,0.08911745485318509,False,67.19678398442204,2.1246099638814115,0.02625534998447332,61.37214470639448
2020-12-14,72.2300033569336,72.43000030517578,68.29000091552734,68.51000213623047,67.88011932373047,2101400.0,-0.0493963946185638,-0.0506581220664831,4.1399993896484375,48.796530739418586,PWR,2101400.0,142643282.7468872,1.5066302190498735,45.25471763323425,-4.939639461856382,6.098986611829834,1.152004875469429,음봉,71.02494049072266,69.13250389099122,62.63759314219157,True,True,0,1.9164292471749442,0.08914491639149154,True,48.796530739418586,1.778354898806441,-0.25599977207239766,-0.49232849886941665
2020-12-15,68.9000015258789,69.62000274658203,68.5999984741211,69.23999786376953,68.6033935546875,1874700.0,0.0106551702937884,0.0105988040081917,1.0200042724609375,45.55337200016356,PWR,1874700.0,128610781.89697266,1.3323312223197386,-10.788046064528412,1.0655170293788485,1.4868131437956296,1.5024755588369936,음봉,70.5315155029297,69.12705345153809,62.96896241505941,True,True,0,1.7978581019810267,0.08915194517320703,False,45.553372000163556,1.5445033773704182,-0.3918810348067363,11.423227799654855
2020-12-16,68.61000061035156,69.22000122070312,67.19000244140625,68.4000015258789,67.7711410522461,4594900.0,-0.0121313605540223,-0.0122055461000435,2.029998779296875,45.8467268700253,PWR,4594900.0,311401616.0209656,3.1441904770180233,145.10054942124074,-1.2131360554022308,2.99537346985483,0.009630800054804368,음봉,69.60015869140625,69.17709007263184,63.27227268218994,True,True,0,1.8321435110909599,0.08908746049922436,False,45.8467268700253,1.2772946822913838,-0.527271783908617,8.558741273670503
2020-12-17,68.79000091552734,69.20999908447266,68.1500015258789,68.81999969482422,68.18727111816406,1425700.0,0.006140225167482,0.0061214507983016,1.05999755859375,46.46719671092198,PWR,1425700.0,97214592.4331665,0.9806499300152635,-68.97212126488063,0.6140225167482027,1.5545387595242577,1.5033830734763505,음봉,68.76986236572266,69.2385196685791,63.56255620320638,False,True,0,1.8450006757463728,0.08900842058432396,False,46.46719671092198,1.0865826366213014,-0.5743870636629593,14.68731284670762
2020-12-18,68.91000366210938,69.30000305175781,67.41000366210938,68.29000091552734,67.66213989257812,2172300.0,-0.0077013087189824,-0.0077311169371256,1.8899993896484373,49.829360325921,PWR,2172300.0,146982466.48864746,1.487998042893256,52.36725818895982,-0.7701308718982447,2.7932894121425087,1.0599229622972657,음봉,68.02081298828125,69.24198684692382,63.84194278717041,False,True,0,1.816429683140346,0.08900396363439515,False,49.829360325920995,0.8828908490937692,-0.6224630809523934,6.953422496485873
2020-12-21,67.37999725341797,68.62999725341797,66.75,68.58000183105469,67.94947052001953,1271100.0,0.0042465495164294,0.0042375583702758,1.8799972534179688,44.81978792049823,PWR,1271100.0,86370571.97799683,0.870075360832359,-41.48598259908852,0.4246549516429443,2.766757767250117,-0.4169874609465382,양봉,68.03468322753906,69.32620468139649,64.12133394877115,False,True,0,1.8414290291922433,0.06874435488265006,False,44.81978792049823,0.7361627938285551,-0.6153529089740861,16.590179295964443
2020-12-22,68.45999908447266,69.4800033569336,68.30999755859375,69.12999725341797,68.49442291259766,1179800.0,0.0080199652537038,0.0079879762523341,1.1700057983398438,52.24361031037751,PWR,1179800.0,80809720.15228271,0.8126739142556935,-7.182755094013061,0.8019965253703853,1.7081767370065009,0.7513356035684062,양봉,68.0128890991211,69.3371021270752,64.39034010569254,False,True,0,1.8078580583844865,0.06873355059677612,False,52.24361031037751,0.6562875819167004,-0.5561824967087527,24.127553287022334
2020-12-23,69.4000015258789,71.08000183105469,69.37000274658203,70.80999755859375,70.15897369384766,1201800.0,0.0243019900083552,0.0240113952568198,1.7099990844726562,55.389197915640025,PWR,1201800.0,84317054.58526611,0.8258613562017537,1.864722834378707,2.43019900083552,2.437320551373186,1.3221202176370097,양봉,68.4904556274414,69.34601936340331,64.68956356048584,False,True,0,1.8021436418805803,0.06872471211808666,False,55.389197915640025,0.7190129046277463,-0.3947657391981656,47.15037497981852
2020-12-24,71.05000305175781,71.18000030517578,70.38999938964844,70.93000030517578,70.27787017822266,243900.0,0.0016946725146498,0.0016932381774431,0.7900009155273438,50.82507244360326,PWR,243900.0,17140772.536468506,0.16845769289802004,-79.70544183724412,0.1694672514649831,1.1241104966953668,1.2700148120728454,음봉,68.90857543945313,69.40744857788086,64.98796119689942,False,True,0,1.6921435764857702,0.06866388716100916,False,50.82507244360326,0.7694474165637075,-0.2754649818097634,48.79486224358968
2020-12-28,71.55000305175781,71.98999786376953,70.58000183105469,70.70999908447266,70.05988311767578,625600.0,-0.0031017880876876,-0.0031066086030838,1.4099960327148438,46.53970203655867,PWR,625600.0,43829462.87841797,0.43360800924143245,156.49856498564984,-0.31017880876876847,2.012558357179315,1.8101471634087145,음봉,69.38812408447265,69.44608917236329,65.27116635640462,False,True,0,1.7042857578822546,0.06862568179262922,False,46.53970203655867,0.7828037226059479,-0.2096869406140185,45.77982822790246
2020-12-29,71.43000030517578,71.43000030517578,69.7699966430664,70.62000274658203,69.9707260131836,593000.0,-0.001272584259703,-0.0012733946826793,1.660003662109375,45.14435041303607,PWR,593000.0,41492640.52581787,0.41249577666333215,-5.210997442455245,-0.12725842597030024,2.372425951099327,1.9556372727580613,음봉,69.79237518310546,69.55904159545898,65.52580350240072,True,True,1,1.736428941999163,0.0685142449920742,False,45.14435041303607,0.7772349771512808,-0.17220454885494862,44.54667382823423
2020-12-30,70.79000091552734,71.6500015258789,70.62999725341797,71.1500015258789,70.49586486816406,610900.0,0.0075051222833035,0.007477098977939,1.0200042724609375,40.79323079473593,PWR,610900.0,43065923.847961426,0.4303108365114664,3.018549747048893,0.7505122283303578,1.4468994378159215,1.1708823804249016,음봉,70.19266357421876,69.61799545288086,65.76112016042073,True,True,1,1.709286825997489,0.06845622581176952,False,40.79323079473593,0.8059060399171187,-0.11482678887128872,51.81000178335695
2020-12-31,71.31999969482422,72.19999694824219,70.94000244140625,72.0199966430664,71.41807556152344,524200.0,0.0130817700454348,0.0129969426854463,1.2599945068359375,45.93543171828424,PWR,524200.0,37437355.209350586,0.3747166188975199,-14.192175478801772,1.308177004543487,1.7642515524665872,1.1690541398440741,양봉,70.44448394775391,69.79192085266114,66.01444918314616,True,True,1,1.6285716465541296,0.06828562903930217,False,45.93543171828424,0.892751673862989,-0.022384923940334756,66.59164249604109
2021-01-04,70.9000015258789,71.83000183105469,67.5999984741211,68.25,67.67959594726562,3380800.0,-0.0523464064925311,-0.0537662511973174,4.230003356933594,36.81152488462322,PWR,3380800.0,228811177.97851562,2.366641517652275,544.944677603968,-5.2346406492531194,6.250042273050085,-0.7254102432348992,음봉,69.9248291015625,69.73928947448731,66.17871843973795,True,True,0,1.8050003051757812,0.06833716335794647,True,36.81152488462322,0.6523930226961596,-0.2101948600857314,16.366124952819987
2021-01-05,68.25,70.0199966430664,68.1500015258789,69.56999969482422,68.98856353759766,1929400.0,0.0193406531468058,0.0191559997941476,1.8699951171875,54.6516765579015,PWR,1929400.0,133106534.48944092,1.3476032940571272,-42.930667297681026,1.9340653146805886,2.710587119513487,0.842800617750172,양봉,69.71056518554687,69.68473205566406,66.35423520406087,True,True,0,1.6428571428571428,0.06839066574121652,False,54.6516765579015,0.5610622288717622,-0.24122052312810316,41.074583322834165
2021-01-06,70.91999816894531,74.95999908447266,70.69999694824219,74.80000305175781,74.17483520507812,1939600.0,0.0751758175781416,0.0724841994420614,4.260002136230469,67.0094837200332,PWR,1939600.0,143869510.36376953,1.3486867955515722,0.5286617601326871,7.517581757814162,5.743190563824566,2.799644654573878,양봉,70.55138702392578,69.85084648132325,66.61239178975423,True,True,1,1.8742855616978236,0.09323717092306631,True,67.0094837200332,0.8968325692485593,0.0756398537989551,90.4364924853708
2021-01-07,75.91999816894531,77.4000015258789,74.9000015258789,76.38999938964844,75.75154876708984,1166700.0,0.0212567180992371,0.0210339454805851,2.5,73.3046550135371,PWR,1166700.0,88379331.94656372,0.8094026778900631,-39.84842235512477,2.1256718099237126,3.300262556593591,2.3527695869389826,음봉,71.60252380371094,70.08489799499512,66.86198355356852,True,True,1,1.9078570774623327,0.11542299562295713,False,73.3046550135371,1.2754579056102529,0.36341215212851885,84.52157255768073
2021-01-08,76.62000274658203,76.80000305175781,75.01000213623047,75.9800033569336,75.344970703125,809400.0,-0.0053672574433419,-0.0053817129169402,1.7900009155273438,70.91382249820772,PWR,809400.0,60984219.287109375,0.5640617775309783,-30.624839290305992,-0.5367257443341988,2.375740409509645,1.1464504602571057,음봉,72.38790283203124,70.2307502746582,67.12081699371338,True,True,1,1.9600001743861608,0.11518328998160611,False,70.91382249820772,1.5251329770803608,0.4904697788789014,80.7039387012265
2021-01-11,75.05999755859375,76.63999938964844,75.0,75.30999755859375,74.68058013916016,915900.0,-0.0088179815821108,-0.0088570900566482,1.6399993896484375,70.34138877280034,PWR,915900.0,68399943.34945679,0.6406075489545193,13.157894736842103,-0.881798158211089,2.1960185453734486,-0.37822450771678445,음봉,73.78809967041016,70.34784164428712,67.361146291097,True,True,1,1.9421430315290178,0.11499157167345236,False,70.34138877280034,1.6503670994591175,0.49256312100612654,74.46553054372144
2021-01-12,75.88999938964844,76.58999633789062,74.43000030517578,76.26000213623047,75.62264251708984,728500.0,0.0126145562363635,0.0125356555603286,2.159996032714844,71.42583239526515,PWR,728500.0,55091095.07369995,0.5149721225776265,-20.460748990064413,1.2614556236363539,2.8562821409298276,1.6194561534399485,음봉,75.11491546630859,70.55860443115235,67.59686508178712,True,True,1,1.9621429443359375,0.1146480849462516,False,71.42583239526515,1.8048276744971474,0.5176189568353251,81.86368923150222
2021-01-13,75.8499984741211,76.26000213623047,74.0,74.7699966430664,74.14508056640625,882300.0,-0.0195386183489909,-0.0197320205048686,2.2600021362304688,64.99726031391577,PWR,882300.0,65418204.583740234,0.6232133807522748,21.11187371310912,-1.9538618348990955,3.048081031089247,0.3006453483556465,음봉,75.10896453857421,70.87185249328613,67.80911369323731,True,True,0,2.0399998256138394,0.11414134934991363,False,64.99726031391577,1.787407767996683,0.4001592402678884,66.78653116450994
2021-01-14,75.20999908447266,77.88999938964844,74.62000274658203,77.58000183105469,76.93160247802734,1307900.0,0.0375820201466423,0.0368930255610187,3.2699966430664062,66.96470615215264,PWR,1307900.0,100618842.88101196,0.9263955909534497,48.237560920321876,3.758202014664236,4.250524540939284,1.436263215214444,양봉,75.34497528076172,71.28826293945312,68.0692907333374,True,True,1,2.15142822265625,0.13002789243612237,False,66.96470615215264,1.9756770220302258,0.4707427954411447,90.68613385471231
2021-01-15,76.77999877929688,77.19999694824219,74.80000305175781,76.16000366210938,75.52348327636719,1021300.0,-0.0183035210018188,-0.0184731029273744,2.399993896484375,62.34252599629268,PWR,1021300.0,77132133.47015381,0.724826430937932,-21.9129902897775,-1.8303521001818868,3.1778114466753964,-0.19706296742456225,음봉,75.38067779541015,71.67588005065917,68.2870086034139,True,True,1,2.2664277212960378,0.12932471256575762,False,62.34252599629268,1.9883379881972445,0.3867230092865308,77.0017890891512
2021-01-19,77.19999694824219,78.37000274658203,76.62000274658203,78.25,77.59600830078125,1151300.0,0.0274421270643723,0.0270723417770533,1.75,66.30864234628493,PWR,1151300.0,89336284.35668945,0.8242476792007063,12.728874963282099,2.7442127064372324,2.255270648995975,2.2198574524695083,양봉,75.96376342773438,72.14631690979004,68.56354325612386,True,True,1,2.2907137189592635,0.13769058260623596,False,66.30864234628493,2.1409280577890684,0.43145046310268365,92.81342489547663
2021-01-20,78.62000274658203,79.86000061035156,78.12999725341797,79.2699966430664,78.60749053955078,1328000.0,0.0130352354575866,0.0129510079366337,1.7300033569335938,67.97302231945815,PWR,1328000.0,104390747.43652344,0.9511444792829582,15.347867627898903,1.303523545758667,2.200812346328694,1.3196483533425154,음봉,76.56073303222657,72.69358444213867,68.86436697642009,True,True,1,2.2957136971609935,0.15032818475175544,False,67.97302231945815,2.3167686834077017,0.4858328709770532,89.78376955498733
2021-01-21,79.16000366210938,79.80999755859375,77.3499984741211,77.80999755859375,77.15967559814453,827300.0,-0.018418282169659,-0.0185900106260961,2.459999084472656,63.35449101540056,PWR,827300.0,63834199.62234497,0.5929501145060313,-37.70331325301205,-1.8418282169659017,3.188192621861946,0.7028759203050768,음봉,77.16365203857421,73.15409469604492,69.12206993103027,True,True,0,2.3985704694475447,0.14938185808587381,False,63.354491015400555,2.312638424012036,0.38536208926510973,77.97451434182793
2021-01-22,77.55999755859375,78.12000274658203,76.63999938964844,77.66000366210938,77.01094055175781,1034600.0,-0.0019276266422029,-0.0019294869054184,1.4800033569335938,61.56687050661664,PWR,1034600.0,79675519.09484863,0.7467716748336715,25.057415689592656,-0.19276266422029176,1.9218092213000662,0.5188227624674531,음봉,77.17951965332031,73.57992057800293,69.39595413208008,True,True,0,2.4142853873116628,0.14851734693978594,False,61.56687050661664,2.271182707975896,0.2751250985831759,76.76134125479248
2021-01-25,77.54000091552734,77.7699966430664,74.41000366210938,75.72000122070312,75.08716583251953,697200.0,-0.0249805379009148,-0.0252978470562436,3.3599929809570312,66.56320827685315,PWR,697200.0,52350772.01843262,0.50584344092758,-32.61163734776725,-2.498053790091481,4.474789990677542,0.6869937699487754,음봉,77.09225616455078,73.82633018493652,69.64388542175293,True,True,0,2.352141789027623,0.1480216416678243,False,66.56320827685315,2.0593572239858275,0.050639691674485565,59.24137360385653
2021-01-26,76.29000091552734,76.29000091552734,74.73999786376953,74.83999633789062,74.2145004272461,698300.0,-0.011622031482982,-0.0116900951636422,1.5500030517578125,61.9176402385428,PWR,698300.0,51823985.64834595,0.5088325612866288,0.15777395295466512,-1.162203148298202,2.0885447491185505,1.6019183433966768,음봉,76.41595458984375,74.02316169738769,69.87545585632324,True,True,0,2.329285212925502,0.14762804427294282,False,61.917640238542795,1.8003142942397687,-0.16672259045725868,38.36792657127151
2021-01-27,73.16999816894531,73.36000061035156,70.37999725341797,71.66999816894531,71.07099151611328,1130500.0,-0.0423570716374283,-0.0432802966260301,2.9800033569335938,42.19451557213589,PWR,1130500.0,80345755.90896606,0.826494377589268,61.8931691250179,-4.2357071637428305,4.192995332361396,-1.4074099431885645,음봉,74.90865478515624,74.07371711730957,70.02524064381917,True,True,0,2.2378567286900113,0.1475272879175051,False,42.19451557213589,1.3260797860664155,-0.5127656789044899,7.288966434699891
2021-01-28,72.93000030517578,73.43000030517578,71.5999984741211,72.55000305175781,71.94365692138672,996400.0,0.0122787847285847,0.0122040119087215,1.8300018310546875,40.072449469955664,PWR,996400.0,71684659.75646973,0.7277841221993566,-11.862007961079168,1.227878472858479,2.543659732301823,2.6157068438267443,음봉,73.86545104980469,74.17236366271973,70.19336783091227,False,True,0,2.1899997166224887,0.14733108199136033,False,40.072449469955664,1.0090308471938272,-0.6638516942216623,16.494294454285217
2021-01-29,72.1500015258789,72.2699966430664,69.83999633789062,70.47000122070312,69.88102722167969,957000.0,-0.0286700702740323,-0.0290890849582354,2.430000305175781,36.88724314435183,PWR,957000.0,66876143.05114746,0.7094544504613908,-3.9542352468888042,-2.8670070274032344,3.477339131646172,0.28681417281534843,음봉,72.43946838378906,74.14162178039551,70.26073373158773,False,False,0,2.2357139587402344,0.14739217095430066,False,36.88724314435183,0.584591493431617,-0.870632838387098,0.40948968357061605
2021-02-01,71.55999755859375,73.0999984741211,70.47000122070312,72.87999725341797,72.27088928222656,1458700.0,0.0341990115996098,0.033627225264588,2.6299972534179688,44.65935626780747,PWR,1458700.0,105421546.19598389,1.0861581119605146,52.424242424242415,3.4199011599609808,3.6390824570422975,2.4026125597552515,양봉,71.87621307373047,74.18426246643067,70.35356400807699,False,True,0,2.3064280918666293,0.14730745078486382,False,44.65935626780747,0.4360357938218584,-0.8153508303974855,24.260398281635705
2021-02-02,73.93000030517578,76.79000091552734,73.55999755859375,75.81999969482422,75.18631744384766,1320800.0,0.0403402834886394,0.0395478552986073,3.2300033569335938,49.110749128941535,PWR,1320800.0,99306088.07983398,0.982913383315477,-9.453623089051899,4.0340283488639495,4.295998882171477,2.295683697027983,양봉,72.07057647705078,74.55959854125976,70.558726755778,False,True,0,2.382857186453683,0.12900990871926715,False,49.110749128941535,0.5472466996834555,-0.5633119396287107,53.35647531259946
2021-02-03,75.62999725341797,75.62999725341797,74.05999755859375,74.12000274658203,73.50054168701172,861300.0,-0.0224213103414054,-0.0226764894331337,1.5699996948242188,48.69745436133311,PWR,861300.0,63306016.55502319,0.6563770128512812,-34.789521502119925,-2.2421310341405487,2.1360382641937092,0.5901071161008403,음봉,72.55648651123047,74.78519744873047,70.71878445943197,False,True,0,2.333571297781808,0.11668703988986033,False,48.69745436133311,0.49366348350625344,-0.49351612464473027,36.53237313662397
2021-02-04,74.26000213623047,75.43000030517578,73.70999908447266,75.30999755859375,74.68058013916016,929500.0,0.0160548266048623,0.0159273108940915,1.720001220703125,45.13503370648677,PWR,929500.0,69415599.23934937,0.7186802748138821,7.918263090676891,1.605482660486235,2.3031438929612844,1.0332719076449397,양봉,73.10387115478515,74.81048469543457,70.88810577392579,False,True,0,2.222857339041574,0.11664759763819095,False,45.13503370648677,0.5401906580857343,-0.3575911600521996,48.3091989748291
2021-02-05,76.13999938964844,76.20999908447266,74.80000305175781,75.94999694824219,75.31524658203125,687000.0,0.0084984133986165,0.0084625051819544,1.4099960327148438,49.53438718024302,PWR,687000.0,51741574.40185547,0.5469074789891544,-26.089295320064554,0.8498413398616567,1.872125627550214,1.9542152026253576,음봉,74.19071502685547,74.78866958618164,71.06189498901367,False,True,0,2.1521432059151784,0.11668162257941064,False,49.53438718024302,0.6211162158561194,-0.22133248182545162,54.64319270989583
2021-02-08,76.75,77.06999969482422,76.08000183105469,76.58000183105469,75.93995666503906,852700.0,0.0082946031694577,0.0082603919971324,0.9899978637695312,46.04076013202938,PWR,852700.0,64754001.04827881,0.6842034877500802,24.119359534206698,0.8294603169457737,1.3036587157091473,1.904997305434109,음봉,74.92452850341797,74.81841888427735,71.22809626261393,True,True,1,2.097857339041574,0.1166352276351687,False,46.040760132029384,0.7272756057354712,-0.09213847355687999,60.87782161843602
2021-02-09,76.6500015258789,77.88999938964844,76.0999984741211,77.16999816894531,76.52503204345703,773000.0,0.0077044470936249,0.0076749194071394,1.7900009155273438,44.91769689846789,PWR,773000.0,59153849.769592285,0.6236761018290605,-9.346780813885303,0.7704447093624944,2.339105084609227,0.935008251284309,음봉,75.19227142333985,74.91064147949218,71.38819630940755,True,True,1,2.102142878941127,0.1164916378437379,False,44.91769689846789,0.8488335555633313,0.02353558101678399,67.05150338080853
2021-02-10,77.44000244140625,77.44000244140625,76.1500015258789,76.22000122070312,75.58296966552734,848800.0,-0.012310512688119,-0.0123869147291527,1.2900009155273438,46.0546049908592,PWR,848800.0,64154824.65209961,0.6883561908341722,9.805950840879696,-1.2310512688119002,1.706734891783037,1.1956485002575699,음봉,75.60875701904297,74.90865783691406,71.5403564453125,True,True,0,2.018571581159319,0.11649472263766553,False,46.054604990859204,0.8592476735074399,0.02715975916871405,69.35952756761637
2021-02-11,76.56999969482422,78.52999877929688,76.12000274658203,77.01000213623047,76.36636352539062,876100.0,0.0103646874862153,0.0103113423996823,2.409996032714844,48.43672632885478,PWR,876100.0,66904571.08459473,0.7187487791728848,3.2163053722902957,1.036468748621533,3.1558344819097717,1.3058894532256646,음봉,75.94591369628907,75.01972198486328,71.67469278971355,True,True,1,2.0849996294294084,0.11632225616127757,False,48.43672632885478,0.9201078439255923,0.070415943669493,75.10201788210175
2021-02-12,76.69999694824219,78.05000305175781,76.55999755859375,77.87000274658203,77.21918487548828,637300.0,0.011167499809181,0.0111056036735969,1.4900054931640625,55.45404439461918,PWR,637300.0,49211786.52114868,0.5304427325201179,-27.257162424380777,1.116749980918108,1.929579411601683,0.4368853084652048,양봉,76.32670135498047,75.03410110473632,71.81647249857585,True,True,1,1.9514290945870536,0.11629996480787133,False,55.45404439461918,1.025336086922806,0.1405153493333654,84.91583963702003
2021-02-16,78.75,79.55000305175781,77.33999633789062,77.61000061035156,76.96135711669922,629300.0,-0.0033389080602805,-0.0033444946526765,2.2100067138671875,57.2551218053452,PWR,629300.0,48431782.03353882,0.5305311078608353,-1.2552957790679442,-0.33389080602805876,2.8715797078734933,1.982428494913634,음봉,76.5309814453125,75.10599479675292,71.98632164001465,True,True,1,1.9985722133091517,0.11618863902257197,False,57.2551218053452,1.0755276687759334,0.15256554494919417,73.34043104870709
2021-02-17,77.36000061035156,78.0199966430664,76.0199966430664,76.83000183105469,76.18785858154297,604800.0,-0.0100504794111591,-0.0101013264577013,2.0,65.44905307811806,PWR,604800.0,46078416.87011719,0.5126685745885792,-3.8932146829810943,-1.0050479411159108,2.6250901879062836,0.5179787734874095,음봉,76.46354675292969,75.03558731079102,72.14014129638672,True,True,0,1.9285719735281808,0.11629766129139264,False,65.44905307811806,1.0408912452720358,0.09434329715623713,65.37443722450519
2021-02-18,76.36000061035156,76.5,73.9000015258789,75.87999725341797,75.24581909179688,793900.0,-0.0123646931057636,-0.0124417719534604,2.5999984741210938,59.9284306821336,PWR,793900.0,59737655.77697754,0.6746188251289466,31.266534391534396,-1.2364693105763602,3.45533945341096,0.22594417537586012,음봉,76.3961166381836,74.86750373840331,72.26769167582194,True,True,0,1.9835717337472099,0.0980152574533413,False,59.928430682133595,0.9267439884129232,-0.015843167762300436,55.67269841519278
2021-02-19,76.5999984741211,77.77999877929688,76.41999816894531,77.25,76.60437774658203,802700.0,0.0180549387485273,0.0178938840086175,1.3600006103515625,71.10841559991971,PWR,802700.0,61490334.0171814,0.6917735605406685,1.1084519460889286,1.8054938748527372,1.7753562529424025,1.7996739203173195,양봉,76.44371948242187,74.8397388458252,72.44001274108886,True,True,1,1.9071431841169084,0.09805162026187295,False,71.10841559991971,0.9351262412450438,-0.005968731944143824,67.55919921622271
2021-02-22,77.16000366210938,78.68000030517578,76.05999755859375,77.91000366210938,77.25886535644531,1110800.0,0.0085437363909985,0.0085074452367712,2.6200027465820312,67.57519777285772,PWR,1110800.0,85819147.63793945,0.9619127080890651,38.382957518375484,0.8543736390998591,3.3912001354074475,0.7253187505359443,양봉,76.45165557861328,74.85213508605958,72.58971926371257,True,True,1,1.9064292907714844,0.09856550018624212,False,67.57519777285772,0.9832466618719025,0.03372135094617179,61.75065785954285
2021-02-23,77.19999694824219,78.73999786376953,74.83999633789062,78.20999908447266,77.55634307861328,1217900.0,0.0038504024204277,0.0038430085944211,3.900001525878906,60.23996223683464,PWR,1217900.0,94455870.23544312,1.055185388414204,9.641699675909265,0.38504024204277787,5.028604200594857,-0.07619631472909524,양봉,76.57065277099609,74.97559394836426,72.71598116556804,True,True,1,1.9542863028390067,0.10237085767162563,True,60.239962236834636,1.0334731725431254,0.06715828929391565,65.86200995217261
2021-02-24,78.68000030517578,81.98999786376953,78.37000274658203,81.12999725341797,80.45193481445312,1720500.0,0.0373353309464938,0.036655243365809,3.6199951171875,77.19158765544842,PWR,1720500.0,138417553.8482666,1.4841319611795118,41.267755973396824,3.7335330946493883,4.499574964276895,1.4488269843042105,양봉,77.42346801757813,75.2874656677246,72.90602531433106,True,True,1,2.100714547293527,0.14040727097160263,True,77.19158765544842,1.2920343302295407,0.26057555758426476,81.42435656920452
2021-02-25,84.0,86.2300033569336,83.43000030517578,84.61000061035156,83.90286254882812,2031900.0,0.0428942789546813,0.0419998084215564,2.8000030517578125,80.63242348755351,PWR,2031900.0,170482226.41296387,1.726470861942699,18.099389712292947,4.289427895468134,3.3371960940287613,4.410167628323425,음봉,79.15487670898438,75.92905921936035,73.1496218363444,True,True,1,2.1778575352260043,0.1846702102108116,False,80.63242348755351,1.7551743803872029,0.5789724861935415,81.12619251812059
2021-02-26,84.58999633789062,85.76000213623047,82.6500015258789,83.8499984741211,83.1491928100586,1536000.0,-0.0089826463111544,-0.0090232335150102,3.1100006103515625,75.81687613111052,PWR,1536000.0,127717160.15625,1.3026043202074087,-24.405728628377375,-0.8982646311154419,3.740265545879532,0.818963463448718,음봉,80.46383972167969,76.48933601379395,73.40691375732422,True,True,1,2.299286433628627,0.1833175192502621,False,75.81687613111052,2.0379096042797045,0.6893661680688343,75.01370568238211
2021-03-01,85.68000030517578,87.66999816894531,85.22000122070312,85.69999694824219,84.98373413085938,1495700.0,0.0220632487075551,0.0218233770559682,2.4499969482421875,77.60283306119825,PWR,1495700.0,127110171.13952637,1.2550877291126394,-2.6236979166666674,2.206324870755516,2.8829010319429376,3.0436946043462187,음봉,82.0088134765625,77.24447135925293,73.6680295308431,True,True,1,2.4035720825195312,0.1645793494981304,False,77.60283306119825,2.382546940848769,0.827202803710319,80.49190491677753
2021-03-02,85.3499984741211,85.37999725341797,83.55999755859375,84.20999908447266,83.50621032714844,1331000.0,-0.0173859600171936,-0.0175388707451452,1.8199996948242188,70.20669174403419,PWR,1331000.0,111146765.94543457,1.1032157225968915,-11.011566490606405,-1.7385960017193614,2.1794782540054083,0.4309817013897492,음봉,83.19878692626953,77.80623741149903,73.9274735768636,True,True,1,2.405714852469308,0.14758704219451882,False,70.20669174403419,2.5075452693079967,0.7617609057356369,69.76188193993886
2021-03-03,84.20999908447266,85.04000091552734,82.58000183105469,82.7300033569336,82.03856658935547,1382400.0,-0.0175752645467115,-0.0177315433096461,2.459999084472656,68.13369611526727,PWR,1382400.0,113410114.453125,1.145059967235617,3.861758076634114,-1.7575264546711544,2.9985885745495726,0.842798103957799,음봉,83.51611328125,78.14884986877442,74.14924596150716,True,True,0,2.489286150251116,0.14694000568312834,False,68.13369611526727,2.45982542483749,0.5712328490121039,59.10360964085323
2021-03-04,82.25,82.51000213623047,79.04000091552734,81.83000183105469,81.1460952758789,2443000.0,-0.0108786799986868,-0.0109382855183754,3.470001220703125,63.34443649704628,PWR,2443000.0,198239910.75897217,1.9913854004663112,76.7216435185185,-1.0878679998686858,4.27623930505329,0.2577244086953182,음봉,82.96475982666016,78.53112754821777,74.3336856842041,True,True,0,2.5650008065359935,0.13119834533603414,False,63.34443649704628,2.323211590917026,0.34769521207331167,52.6223349055689
2021-03-05,82.66999816894531,83.63999938964844,78.79000091552734,83.12000274658203,82.42528533935547,1650200.0,0.0157640371866027,0.0156410753192309,4.849998474121094,64.19681732843333,PWR,1650200.0,136018205.8670044,1.3335069226210785,-32.45190339746213,1.5764037186602797,5.884114873431166,1.8779743965319233,음봉,82.81997833251953,78.91836280822754,74.52656466166178,True,True,0,2.8050003051757812,0.12339225869048673,True,64.19681732843333,2.2917462663744317,0.2529839100245739,61.912025358185474
2021-03-08,84.23999786376953,84.9000015258789,82.8499984741211,83.33999633789062,82.64348602294922,1507600.0,0.00264725420962,0.0026437564038889,2.0500030517578125,65.52848749202484,PWR,1507600.0,124593319.52819824,1.2205279511885454,-8.641376802811784,0.2647254209620087,2.4805379714845865,2.20164542584555,음봉,82.3519287109375,79.28477478027344,74.71944745381673,True,True,1,2.7935714721679688,0.12282200543609738,False,65.52848749202484,2.258383502345694,0.1756969167966691,63.49663492091635
2021-03-09,84.12999725341797,84.66000366210938,83.05000305175781,83.2300033569336,82.5344009399414,948600.0,-0.0013199477449138,-0.0013208196432631,1.6100006103515625,67.99783122687133,PWR,948600.0,78292132.73162842,0.7717543322705244,-37.07880074290263,-0.13199477449138408,1.9507024852862591,1.7987034453701065,음봉,82.15756683349609,79.61449699401855,74.88788871765136,True,True,1,2.765714372907366,0.12231333999125951,False,67.99783122687133,2.1978060765864313,0.09209559282992519,62.70444095140844
2021-03-10,83.16999816894531,85.80999755859375,82.69000244140625,85.48999786376953,84.77549743652344,1421000.0,0.0271534835300111,0.026791368202719,3.1199951171875,75.17021635028095,PWR,1421000.0,120465981.8572998,1.1469617166950876,49.799704828167826,2.7153483530011124,3.6803029313082236,0.7700997666008594,양봉,82.70495300292968,80.02702026367187,75.09516779581706,True,True,1,2.802856990269252,0.12168283920828438,False,75.17021635028095,2.3040758358860103,0.1586922817036034,77.43959221100178
2021-03-11,86.37999725341797,88.25,85.81999969482422,87.41000366210938,86.67945098876953,1391400.0,0.0224587718128306,0.0222102871564609,2.430000305175781,75.86554055642173,PWR,1391400.0,120605788.10577393,1.1176815600431476,-2.083040112596768,2.2458771812830625,2.8034329676253025,1.8926457118059588,양봉,83.8116241455078,80.58184432983398,75.34970219930013,True,True,1,2.8792855398995534,0.14188843643455254,False,75.86554055642173,2.512960678982111,0.29406169983976316,88.28822831966757
2021-03-12,87.38999938964844,88.70999908447266,87.1500015258789,88.63999938964844,87.89916229248047,675400.0,0.0140715162567073,0.0139734315347173,1.55999755859375,76.54621072968317,PWR,675400.0,59367094.21234131,0.545293771633836,-51.458962196349,1.4071516256707328,1.7747581636818437,0.8197426180871487,양봉,84.90639953613281,81.15848426818847,75.68335291544597,True,True,1,2.803570883614676,0.15590906255556203,False,76.54621072968317,2.745278073966162,0.42110327585905116,94.15402572871155
2021-03-15,88.18000030517578,88.97000122070312,87.33999633789062,88.8499984741211,88.10742950439453,893500.0,0.0023693879040742,0.0023665853306037,1.6300048828125,76.44134215787196,PWR,893500.0,78723988.26217651,0.7253818239924126,32.29197512585136,0.23693879040742605,1.8500197905912126,0.31950021521347016,음봉,85.99918823242187,81.7028964996338,76.00842018127442,True,True,1,2.6414282662527904,0.15741927108612733,False,76.44134215787196,2.9126218154429324,0.4707576138686571,91.86252980682514
2021-03-16,88.9000015258789,88.91000366210938,86.94999694824219,87.26000213623047,86.53070068359375,965800.0,-0.0178955262872825,-0.0180575875770603,1.9600067138671875,66.3118186143524,PWR,965800.0,83571350.72021484,0.7889673665688541,8.091773922775602,-1.7895526287282526,2.2650997835255082,0.8995518606576122,음봉,86.79844818115234,82.18136367797851,76.32107950846354,True,True,0,2.522857666015625,0.15650276214684036,False,66.3118186143524,2.8847603757332934,0.3543169393272141,76.0383058547732
2021-03-17,87.51000213623047,88.4000015258789,86.94000244140625,87.93000030517578,87.19508361816406,1038400.0,0.0076780024814508,0.0076486766340308,1.4599990844726562,60.38787151641672,PWR,1038400.0,90543374.82910156,0.8601304542759209,7.51708428246014,0.7678002481450896,1.6744052805386798,1.1317387296072072,음봉,87.28236541748046,82.73172492980957,76.63787638346354,True,True,0,2.427143096923828,0.15546164936739293,False,60.38787151641672,2.8830560587671528,0.2820900978888585,82.56466061561268
2021-03-18,88.04000091552734,88.73999786376953,85.69999694824219,85.80999755859375,85.09280395507812,1157900.0,-0.0241100710711171,-0.024405476665732,3.040000915527344,55.65165035120794,PWR,1157900.0,98528957.69958496,0.9682401895394906,11.508089368258867,-2.411007107111718,3.572571092065799,0.9689964873057042,음봉,86.96503601074218,83.22407417297363,76.92838745117187,True,True,0,2.422143118722098,0.13821783987532812,False,55.65165035120794,2.681162207008839,0.06415699690443555,61.91358399416029
2021-03-19,85.20999908447266,86.37999725341797,83.83000183105469,85.45999908447266,84.74573516845703,1392000.0,-0.0040787090152102,-0.0040870496358607,2.549995422363281,49.24240841994009,PWR,1392000.0,117966063.35449219,1.2156767067382337,20.217635374384656,-0.40787090152102357,3.008995576348965,0.13772625174791567,음봉,86.3343505859375,83.63114204406739,77.2083251953125,True,True,0,2.429285866873605,0.1297191917124943,False,49.24240841994009,2.464742309325189,-0.12181032062337183,58.50426399203186
2021-03-22,85.45999908447266,85.7699966430664,83.87000274658203,85.05000305175781,84.33918762207031,733700.0,-0.0047972626065322,-0.0048088064046747,1.899993896484375,52.84552336988363,PWR,733700.0,61879661.95831299,0.6469691625516476,-47.291666666666664,-0.47972626065322377,2.2528008035818154,0.8428316948290268,음봉,85.58070220947266,83.98515815734864,77.47240460713705,True,True,0,2.434999738420759,0.12563036918991666,False,52.84552336988363,2.2346631856809296,-0.281511555414105,54.510673282805456
2021-03-23,84.12000274658203,84.94000244140625,81.61000061035156,82.38999938964844,81.70140075683594,1900400.0,-0.0312759339946986,-0.0317754692480913,3.3300018310546875,48.93347652432034,PWR,1900400.0,155265341.99829102,1.6821550657054503,159.01594657216847,-3.1275933994698635,4.075819753648553,-0.2598849736026196,음봉,84.61484222412109,84.19241104125976,77.66477839152019,True,True,0,2.497142791748047,0.09092855989347681,False,48.93347652432034,1.8185137726568428,-0.5581287747505534,28.599211729181985
2021-03-24,83.33999633789062,84.45999908447266,82.12999725341797,82.27999877929688,81.59232330322266,1744700.0,-0.0013350744614272,-0.0013359664673539,2.3300018310546875,51.48511231276128,PWR,1744700.0,142354126.46713257,1.5341275944801827,-8.193011997474219,-0.13350744614272214,2.8556630534905474,2.005590560107486,음봉,83.49429016113281,84.24943046569824,77.85335261027018,False,True,0,2.4157142639160156,0.08262767107191187,False,51.48511231276128,1.4630456462368358,-0.7308775209364486,27.527724004787483
2021-03-25,81.73999786376953,84.01000213623047,80.38999938964844,83.4800033569336,82.78230285644531,1118000.0,0.0145844548242648,0.0144791245509809,3.6200027465820312,51.19530450570666,PWR,1118000.0,92550614.59350586,0.9839143401945925,-35.92021550982977,1.4584454824264848,4.372918633176418,0.18099075325759512,양봉,83.03218994140624,84.1934024810791,78.06539293924968,False,True,0,2.327857426234654,0.08268265711294961,True,51.19530450570666,1.262799236378683,-0.744899144635681,27.88231883748682
2021-03-26,84.66000366210938,87.19999694824219,83.70999908447266,87.13999938964844,86.4117202758789,1253700.0,0.0438429144176799,0.0429090130222708,3.4899978637695312,60.27025251126398,PWR,1253700.0,108334373.70986938,1.1025400140150257,12.137745974955273,4.384291441767996,4.038801510521177,2.268239395224637,양봉,83.36538696289062,84.35652885437011,78.3394095102946,False,True,0,2.4307141985212053,0.08252276762754672,False,60.27025251126398,1.3810463249474338,-0.501321644853544,70.18321213446939
2021-03-29,86.55999755859375,87.76000213623047,84.08000183105469,84.31999969482422,83.61528015136719,1016000.0,-0.0323618152211734,-0.0328970376321723,3.680000305175781,52.56951621135061,PWR,1016000.0,84953124.63378906,0.883972406935554,-18.95987875887374,-3.236181522117343,4.4011098192985125,0.17159394841515968,음봉,83.22060546875,84.28810615539551,78.55806643168131,False,True,0,2.578571319580078,0.08258975727466872,False,52.56951621135061,1.2348737909596679,-0.5179953430730482,37.59067684630419
2021-03-30,84.29000091552734,87.76000213623047,84.13999938964844,87.56999969482422,86.83812713623047,1571000.0,0.0385437563448811,0.0378194976254004,3.6200027465820312,54.68470963093527,PWR,1571000.0,136422697.73101807,1.3492350204280832,54.6259842519685,3.8543756344881164,4.1686789731232,0.8069347647209001,양봉,84.24795074462891,84.4547019958496,78.81506729125977,False,True,0,2.614286150251116,0.08242684023510886,False,54.68470963093527,1.3633717213462688,-0.3115979301491576,75.15298800104571
2021-03-31,88.18000030517578,88.9000015258789,86.66000366210938,87.9800033569336,87.24468994140625,1412000.0,0.004681846771499,0.0046709210154418,2.2399978637695312,51.3774827393996,PWR,1412000.0,123189502.19726562,1.1992897771318483,-10.120942075111394,0.46818467714990764,2.5674890532293935,1.545258071768637,음봉,85.37842407226563,84.71500816345215,79.1411521911621,True,True,1,2.600714547293527,0.08217356498489829,False,51.3774827393996,1.4809420988842845,-0.15522204208891344,79.89148122262355
2021-04-01,89.0,90.22000122070312,88.11000061035156,89.16999816894531,88.42472839355469,1358800.0,0.0135256191860038,0.0134349645243323,2.1100006103515625,51.28328173778333,PWR,1358800.0,120151520.94116211,1.1425833335557873,-3.7677053824362594,1.3525619186003812,2.386211016629327,2.011939133227043,음봉,86.5069091796875,85.07893981933594,79.46508827209473,True,True,1,2.640000479561942,0.08030665526439983,False,51.28328173778333,1.6503129310426345,0.011319032055548961,81.73680068423937
2021-04-05,90.91000366210938,92.1500015258789,90.16999816894533,91.93000030517578,91.22305297851562,1368100.0,0.0316464029440537,0.03115597554119,1.9800033569335795,56.75328038588378,PWR,1368100.0,124802258.77990723,1.1375899648521692,0.684427435972923,3.164640294405374,2.170507664767479,2.810611142047726,양봉,87.46917572021485,85.51882820129394,79.74922523498535,True,True,1,2.6650003705705907,0.1126153138186621,False,56.753280385883784,1.9874320635163798,0.2787505316234353,92.11778589301852
2021-04-06,91.8000030517578,94.0999984741211,91.8000030517578,92.1500015258789,91.44137573242188,1928600.0,0.0023932848855394,0.0023904255405105,2.2999954223632955,61.310189031479005,PWR,1928600.0,176353837.23754883,1.6349896048497246,40.9692273956582,0.23932848855394706,2.5152677373245145,0.6324608247632905,음봉,89.03439483642578,85.95872268676757,80.01072235107422,True,True,1,2.6892852783203125,0.11457885972886118,False,61.310189031479005,2.2463240016519563,0.43011397580720945,80.60814792679119
2021-04-07,92.1500015258789,92.2300033569336,90.43000030517578,91.0999984741211,90.39944458007812,1562800.0,-0.0113945262087118,-0.0114599412125208,1.8000030517578125,57.25407590767056,PWR,1562800.0,141276251.9897461,1.331447295288917,-18.967126412942026,-1.1394526208711842,1.9911660520915304,0.7749509319836028,음봉,89.74665832519531,86.35197486877442,80.26163024902344,True,True,1,2.7135712759835378,0.11405706058450224,False,57.25407590767056,2.3404434167945567,0.4193867127598476,73.0083578325395
2021-04-08,91.29000091552734,91.88999938964844,90.11000061035156,91.5199966430664,90.81621551513672,1109600.0,0.0046103262801511,0.0045997312777447,1.779998779296875,64.02720254000072,PWR,1109600.0,100769672.7355957,0.9560689799485481,-28.99923214742769,0.46103262801511224,1.9600010517947593,0.985134742349375,음봉,90.46096343994141,86.65401077270508,80.5305575052897,True,True,1,2.623571123395647,0.1136595102912599,False,64.02720254000072,2.4207586637423475,0.3997615677661104,76.04826274056106
2021-04-09,91.91000366210938,93.75,91.4000015258789,93.72000122070312,92.99929809570312,933700.0,0.0240384667890343,0.023754091135427,2.3499984741210938,68.5580675652262,PWR,933700.0,86833444.63195801,0.8070794784582055,-15.852559480894012,2.403846678903432,2.5268991511127026,1.204397409392544,양봉,91.3758773803711,86.97000312805176,80.82016843159994,True,True,1,2.609285627092634,0.131159875614644,False,68.5580675652262,2.630245759216791,0.4873989305924433,91.97155031421866
2021-04-12,93.80999755859376,94.12999725341795,92.73999786376952,93.25,92.53289031982422,976200.0,-0.005015175226365,-0.0050277934236333,1.3899993896484375,68.37401125265225,PWR,976200.0,90330607.5302124,0.8418892632103456,4.55178322801757,-0.5015175226365076,1.502167915477557,0.8717264318020655,음봉,91.63784484863281,87.20168952941894,81.12663192749024,True,True,1,2.572857448032924,0.13081139659148616,False,68.37401125265225,2.727193196521611,0.4674770943178106,88.37622138351936
2021-04-13,93.5199966430664,94.48999786376952,92.66999816894533,94.05999755859376,93.33667755126952,1856300.0,0.008686503022516,0.0086489924225771,1.8199996948241903,78.43005079927295,PWR,1856300.0,173260874.5384216,1.5805536071230186,90.15570579799221,0.8686503022516057,1.9499298052734637,1.0667626611796326,음봉,92.01690521240235,87.4631519317627,81.40004984537761,True,True,1,2.4650001525878884,0.1342777385522261,False,78.43005079927295,2.8361898203199303,0.46117897449290357,91.82042243042234
2021-04-14,93.5,95.01000213623048,93.31999969482422,94.01000213623048,93.28707122802734,1176100.0,-0.0005314772771392,-0.000531618561249,1.6900024414062642,78.65865469108155,PWR,1176100.0,109714924.47128296,0.9953733743335119,-36.642784032753326,-0.05314772771392029,1.811614856334472,0.1749820681594012,음봉,92.59443054199218,87.80097045898438,81.69610964457193,True,True,1,2.419285910470144,0.1337610983870976,False,78.65865469108155,2.8853075844580474,0.40823739090481626,88.2152490798544
2021-04-15,94.5199966430664,95.31999969482422,93.7300033569336,95.27999877929688,94.54727935791016,907900.0,0.0135089258703642,0.0134184938473222,1.589996337890625,78.73185928262538,PWR,907900.0,85839474.92904663,0.7681224425664379,-22.804183317745085,1.350892587036423,1.6816944376280463,1.3216466106276903,양봉,93.34064331054688,88.16858024597168,81.97863082885742,True,True,1,2.274285452706472,0.14693393064225277,False,78.73185928262538,2.9914385885516737,0.41149471599875387,93.34435575976543
2021-04-16,95.91999816894533,96.48999786376952,94.62999725341795,95.6999969482422,94.96408081054688,918900.0,0.0044083918169544,0.0043987033211032,1.8600006103515625,74.77346470708099,PWR,918900.0,87262493.85681152,0.7815115159844104,1.211587179204754,0.44083918169544045,1.958635933161149,1.4518861043465066,음봉,93.73359985351563,88.66214408874512,82.25124066670736,True,True,1,2.1578570774623316,0.1508169878447779,False,74.77346470708099,3.073748310618285,0.395043550452292,87.70412940342553
2021-04-19,96.29000091552734,96.4800033569336,95.20999908447266,95.83000183105467,95.09305572509766,714700.0,0.0013581441893601,0.0013572227457484,1.2700042724609375,89.3245107618539,PWR,714700.0,67963006.9267273,0.6103686251757181,-22.22222222222222,0.13581441893601998,1.3355383973908292,1.3962332849045065,음봉,94.24563293457031,89.17951011657715,82.55013033548991,True,True,1,1.9857145036969857,0.15138827746672512,False,89.3245107618539,3.113496110997943,0.3478330806655596,88.68872622454896
2021-04-20,95.29000091552734,95.36000061035156,92.18000030517578,93.75,93.02906036376952,1209800.0,-0.0217050061709542,-0.021944024746356,3.180000305175781,73.0406353922477,PWR,1209800.0,112546557.22808836,1.0323756014043606,69.27382118371344,-2.1705006170954277,3.418287030677398,0.20710785759060246,음봉,94.18410949707031,89.6140037536621,82.81709899902344,True,True,0,1.9542857578822534,0.1506542711671142,True,73.0406353922477,2.9445069102663837,0.14307510394720024,64.79206977135858
2021-04-21,94.0,95.66000366210938,93.37000274658205,95.56999969482422,94.8350830078125,853500.0,0.0194135320402133,0.0192274933503282,2.290000915527329,75.58397167599794,PWR,853500.0,80941743.34716797,0.7330405015766291,-29.451148950239713,1.9413532040213344,2.4147191555035383,1.04369498351788,양봉,94.49371185302735,90.27068786621093,83.14623095194499,True,True,1,1.957857404436382,0.14955831999291141,False,75.58397167599794,2.9226225119500384,0.09695256450468381,80.25160622478693
2021-04-22,95.76000213623048,96.7699966430664,94.8499984741211,95.91999816894533,95.182373046875,1125000.0,0.0036620418103487,0.0036553528604075,1.9199981689453125,74.1318150313207,PWR,1125000.0,107080169.67773438,0.9623165658299208,31.810193321616875,0.3662041810348793,2.0171782941362055,0.9752921588541112,음봉,94.62073059082032,90.95019035339355,83.49569549560547,True,True,1,1.9442858014787927,0.13633913400563888,False,74.1318150313207,2.8998744250809665,0.05936358210848924,76.16179366484943
2021-04-23,95.81999969482422,97.9499969482422,95.52999877929688,97.63999938964844,96.88915252685548,847300.0,0.0179316760587586,0.0177728000201248,2.4199981689453267,71.94464750785548,PWR,847300.0,82094178.93600465,0.7266219367274183,-24.68444444444444,1.7931676058758672,2.497697735847734,0.6698999274111428,양봉,95.00574493408203,91.65553283691406,83.92599817911784,True,True,1,1.9757140023367745,0.14482347071296794,False,71.94464750785548,2.9851581967337637,0.11571788300902908,86.46881483528676
2021-04-26,98.47000122070312,98.9499969482422,97.3499984741211,97.72000122070312,96.9685287475586,833100.0,0.0008192477551201,0.0008189123548494,1.599998474121108,71.63941036784803,PWR,833100.0,80784481.29959106,0.7131251783312273,-1.6759117195798368,0.08192477551201005,1.650018304687738,1.631605450785078,음봉,95.38083953857422,92.18337326049804,84.3430793762207,True,True,1,1.9257142203194755,0.14485528272497566,False,71.63941036784803,3.024289075928266,0.12387900976282484,77.5851920640454
2021-04-27,97.76000213623048,98.37000274658205,97.0199966430664,98.18000030517578,97.42501831054688,726500.0,0.004707605332207,0.0046965592118426,1.3500061035156392,78.82737808275785,PWR,726500.0,70779275.8026123,0.6216384705652259,-12.795582763173686,0.4707605332207043,1.3856872977046109,0.8162167652686144,음봉,96.2600311279297,92.87386016845703,84.8021458943685,True,True,1,1.8935715811593201,0.11399215188335692,False,78.82737808275785,3.056897461222988,0.12518991604603702,82.74910328685486
2021-04-28,98.25,98.41999816894533,97.6999969482422,97.8499984741211,97.09752655029295,581500.0,-0.0033614749674465,-0.0033671374174418,0.720001220703125,75.96374113206777,PWR,581500.0,56462211.688995354,0.5013054508731742,-19.958706125258086,-0.3361474967446543,0.7415237506901793,0.8467862811413149,음봉,96.71251983642578,93.38683013916015,85.21592318216959,True,True,1,1.8178574698311951,0.10901246304184899,False,75.96374113206777,3.0214842043114487,0.07182132730759783,75.46395336264472
2021-04-29,98.62999725341795,98.91999816894533,97.37999725341795,98.73999786376952,97.98069763183594,552000.0,0.0090957114245906,0.0090545945780077,1.5400009155273722,73.06972057216909,PWR,552000.0,54085345.09277344,0.47878535888250373,-5.073086844368014,0.9095711424590647,1.5717390799909903,1.5782798569346013,음봉,97.27218475341797,93.92363052368164,85.59582951863607,True,True,1,1.7600005013602151,0.10174190653620267,False,73.06972057216909,3.029758300651281,0.06407633891794351,85.68242544995964
2021-04-30,98.04000091552734,98.62999725341795,96.37999725341795,96.63999938964844,95.89684295654295,1727700.0,-0.0212680122275011,-0.0214974351440416,2.25,63.549192800969465,PWR,1727700.0,165680975.57601926,1.482812361639954,212.98913043478262,-2.1268012227501187,2.346271191659167,0.06052547606288669,음봉,97.07372283935545,94.29723625183105,85.96910120646159,True,True,0,1.8214291163853267,0.08039740455925187,False,63.549192800969465,2.835480273251406,-0.10416135078554545,54.90169120207506
2021-05-03,97.83999633789062,98.5,97.0500030517578,97.18000030517578,96.43268585205078,866600.0,0.005587701106601,0.0055721478159672,1.4499969482422017,62.74507094274578,PWR,866600.0,83568565.5593872,0.7498145920200404,-49.84082884760086,0.5587701106601006,1.503636381617349,2.0262954665027277,음봉,96.9665542602539,94.5577178955078,86.33163630167643,True,True,0,1.7950003487723276,0.08017593085458737,False,62.745070942745784,2.6937002802207815,-0.1967530750529365,62.81665665566383
2021-05-04,96.7699966430664,97.69000244140624,95.3000030517578,97.6500015258789,96.8990707397461,729100.0,0.0048363776615207,0.0048247199593353,2.389999389648437,64.37590792267282,PWR,729100.0,70649112.47634888,0.6360129436574279,-15.866605123471034,0.48363776615207854,2.466483291741318,0.3497888584511012,양봉,96.86136474609374,94.83060264587402,86.69136670430501,True,True,1,1.8450001307896255,0.07994521641994083,False,64.37590792267282,2.589126142474811,-0.241061770239126,69.7056539814301
2021-05-05,97.91999816894533,98.47000122070312,96.7699966430664,97.37999725341795,96.63116455078124,905100.0,-0.0027647962660488,-0.0027686253746772,1.7000045776367188,59.0052573170867,PWR,905100.0,87460867.0349121,0.7890637865065143,24.139349883417903,-0.27647962660488634,1.7592715409564776,1.0535987821196604,음봉,96.76809234619141,95.14218864440917,87.03622016906738,True,True,0,1.8528578622000609,0.07530289368763879,False,59.0052573170867,2.4563176930701047,-0.2990961757150661,65.74839664306438
2021-05-06,97.3000030517578,100.0,96.30999755859376,98.58999633789062,97.8318328857422,1195300.0,0.0124252702587475,0.0123487101228209,3.690002441406236,61.60634003912806,PWR,1195300.0,116938389.84832765,1.0382405698032409,32.0627554966302,1.2425270258747512,3.7717809557097732,0.6921561010734555,양봉,96.73831939697266,95.49296951293945,87.3913335164388,True,True,1,1.983572278703966,0.057049302580055715,True,61.60634003912806,2.4200530748943976,-0.268288635112619,72.27407674078515
2021-05-07,97.52999877929688,101.72000122070312,97.31999969482422,100.18000030517578,99.4096221923828,1584400.0,0.0161275656409636,0.0159988980079351,4.400001525878906,65.63626364211692,PWR,1584400.0,157504605.4016113,1.3593943430067945,32.552497281017324,1.6127565640963626,4.426132429478294,-0.3085234095509984,양봉,97.44087524414063,95.81348571777343,87.78844439188639,True,True,1,2.207143511090964,0.07177206654201647,True,65.63626364211692,2.489925206769172,-0.1587332025902759,75.78219280293837
2021-05-10,100.7300033569336,101.95999908447266,100.12000274658205,100.5999984741211,99.8263702392578,1075100.0,0.0041922304670718,0.0041834675511658,1.8399963378906108,77.9590870947919,PWR,1075100.0,107323330.64422606,0.9196362258842825,-32.144660439283015,0.41922304670718447,1.8431966758689304,1.3282226965871808,음봉,98.11961212158204,96.17815971374512,88.17944450378418,True,True,1,2.111428941999166,0.07067415196671575,False,77.9590870947919,2.549537972441499,-0.07929634953435949,75.16146967603015
2021-05-11,99.0,100.04000091552734,97.27999877929688,98.58999633789062,97.8318328857422,1362300.0,-0.0199800648739928,-0.0201823655591009,2.7600021362304688,62.13816350596665,PWR,1362300.0,133276305.9402466,1.1560559487280337,26.713794065668317,-1.9980064873992842,2.821169812338971,-0.8278075595428382,음봉,98.30616455078125,96.40291748046874,88.5229886372884,True,True,0,2.145000457763676,0.07050937931277254,False,62.13816350596665,2.4080801740702213,-0.17660331832450993,41.938595719384445
2021-05-12,98.52999877929688,99.1500015258789,94.51000213623048,94.66999816894533,93.94198608398438,1109300.0,-0.0397605430361381,-0.0405725912864713,4.639999389648423,46.09619243096423,PWR,1109300.0,104209845.16296387,0.9380670309624577,-18.571533436100708,-3.9760543036138185,4.939217897203336,0.7136387747841352,음봉,97.76832885742188,96.4356632232666,88.80599912007649,True,True,0,2.3392862592424697,0.07048543711211108,True,46.09619243096423,1.9595077361853157,-0.5001406049675325,-7.624379663405517
2021-05-13,94.33999633789062,96.3499984741211,93.69000244140624,96.0199966430664,95.28160858154295,940900.0,0.0142601040642353,0.0141593851590479,2.659996032714858,44.82096664932973,PWR,940900.0,89650465.51437376,0.7949700059143266,-15.180744613720364,1.426010406423539,2.7917203249548486,0.42367664395601323,양봉,97.25828399658204,96.47237968444824,89.12422828674316,True,True,0,2.3564289637974363,0.07045861103169239,False,44.82096664932973,1.6925959942153668,-0.6136418775499854,19.245547596093935
2021-05-14,96.9499969482422,97.7300033569336,96.1999969482422,97.41999816894533,96.67083740234376,575900.0,0.0145802410505264,0.0144749713407984,1.530006408691392,49.115571196530055,PWR,575900.0,55672735.26000977,0.4869811135882572,-38.7926453395685,1.4580241050526466,1.5826969640528814,1.7510077669096273,음봉,96.71052703857421,96.55771751403809,89.48131192525229,True,True,0,2.351429530552456,0.0703963396245365,False,49.115571196530055,1.5750099371322506,-0.5849823477064815,36.04396820930593
2021-05-17,96.88999938964844,97.63999938964844,95.8000030517578,96.77999877929688,96.0357666015625,683500.0,-0.0065694144981707,-0.0065910880755519,1.8399963378906392,45.91592674631522,PWR,683500.0,65640446.47216797,0.5775475304295342,18.683799270706714,-0.6569414498170723,1.9159490292033579,0.22670951570691553,음봉,95.95240631103516,96.60485305786133,89.80516840616862,False,True,0,2.3864288330078134,0.07036199176678053,False,45.91592674631522,1.4142743591600038,-0.5965743405429826,28.36475347451268
2021-05-18,96.77999877929688,97.0500030517578,93.11000061035156,93.19000244140624,92.47335815429688,1404000.0,-0.03709460103594,-0.0378001077684836,3.940002441406236,38.57839724931329,PWR,1404000.0,129832594.84863281,1.1737775141427371,105.41331382589614,-3.709460103594009,4.260689262340971,0.7749531284756427,음봉,94.88071136474609,96.57706794738769,90.05874328613281,False,True,0,2.616428920200893,0.07613621164153198,True,38.57839724931329,0.9880441087256884,-0.8182436727818383,-7.193701308721563
2021-05-19,92.33000183105467,92.47000122070312,90.02999877929688,91.2699966430664,90.568115234375,1900200.0,-0.0206031548756223,-0.0208183609521308,2.44000244140625,32.5710570860478,PWR,1900200.0,172097532.56835938,1.5656278199913682,35.34188034188035,-2.0603154875622365,2.694107562128168,-0.15502445904798204,음봉,94.20593719482422,96.36371955871581,90.27560615539551,False,True,0,2.6807147434779557,0.09607614823586805,False,32.5710570860478,0.4908580772095945,-1.0523437634383457,4.510615601951539
2021-05-20,91.81999969482422,92.01000213623048,89.86000061035156,90.94000244140624,90.24066925048828,1978500.0,-0.0036154664700633,-0.0036220180651099,2.1500015258789205,35.50349035020831,PWR,1978500.0,178541164.11209106,1.6054537164407485,4.120618882222926,-0.3615466470063389,2.3825194823311744,1.3822573840799857,음봉,93.19774932861328,96.11663436889648,90.43875172932943,False,False,0,2.67357199532645,0.09972988600474204,False,35.50349035020831,0.06960999024492764,-1.1788734803224101,3.146022216043042
2021-05-21,91.94000244140624,93.36000061035156,91.9000015258789,92.62000274658205,91.9077606201172,959500.0,0.018473836502713,0.0183052680903787,1.4599990844726562,39.03845194200332,PWR,959500.0,88185496.31500246,0.780106468785288,-51.50366439221632,1.847383650271306,1.5885482081401998,1.8831123539221313,음봉,92.24513397216796,95.86756477355956,90.57216669718424,False,True,0,2.6742864336286254,0.09998899013875097,False,39.03845194200332,-0.12823361524411325,-1.1013736686491609,16.923638578511326
2021-05-24,93.05999755859376,93.23999786376952,92.22000122070312,92.4800033569336,91.76881408691406,560100.0,-0.0015118041421708,-0.0015129480711294,1.019996643066392,37.37170913387776,PWR,560100.0,51399712.77008057,0.4592794192870726,-41.62584679520583,-0.15118041421708917,1.1114850433834258,1.2536884053122663,음봉,91.39174346923828,95.60757904052734,90.7158270517985,False,True,0,2.5764290945870507,0.10026089024496906,False,37.37170913387776,-0.29286199125036205,-1.0128016357243277,15.775319977477519
2021-05-25,93.33000183105467,94.2699966430664,92.8000030517578,93.81999969482422,93.0985107421875,1258300.0,0.0144896353788999,0.0143856637494342,1.469993591308608,41.73622865399433,PWR,1258300.0,117145856.06689453,1.03804497986709,124.65631137296911,1.4489635378899912,1.5789657424052455,1.7012181749041817,음봉,91.5167739868164,95.39125366210938,90.85107332865397,False,True,0,2.559999738420757,0.10048825883684848,False,41.73622865399433,-0.3124342108773419,-0.8258990842810461,26.764549919260816
2021-05-26,93.66999816894533,94.83999633789062,93.37000274658205,94.3000030517578,93.57484436035156,808200.0,0.0051164472381641,0.0051034026975434,1.4699935913085795,39.69252630015537,PWR,808200.0,75627189.21203613,0.677588836337795,-35.77048398633076,0.5116447238164179,1.5709281713018035,0.613852383031577,음봉,92.11811981201171,95.21511955261231,91.01888389587403,False,True,0,2.4014276776994956,0.10067414748634347,False,39.69252630015537,-0.28620994376996123,-0.6397398537389323,30.701191888124058
2021-05-27,95.68000030517578,96.75,95.18000030517578,95.58000183105467,94.84498596191406,1134900.0,0.01357353688638,0.0134822416397527,1.5699996948242188,38.78046621665721,PWR,1134900.0,107639574.56817627,0.9565977680763473,40.42316258351892,1.3573536886380078,1.6553323076611215,2.2497028546661317,음봉,93.03898315429687,95.0583339691162,91.23232421875,False,True,0,2.199284689767018,0.10084019557805257,False,38.78046621665721,-0.1610803766093909,-0.41168822926268955,41.19823124130264
2021-05-28,95.66000366210938,95.81999969482422,94.52999877929688,95.3499984741211,94.61676025390624,650300.0,-0.0024063023015203,-0.0024092020996982,1.2900009155273438,37.07539055816091,PWR,650300.0,61529279.19311523,0.5544032055298367,-42.6997973389726,-0.2406302301520391,1.3633957789989817,0.8593155367460236,음봉,93.58078308105469,94.99432983398438,91.45683530171712,False,True,0,2.1599993024553563,0.10090813847017863,False,37.07539055816091,-0.07941475652000918,-0.26401808733864623,46.726517691126304
2021-06-01,97.36000061035156,97.98999786376952,96.12000274658205,96.4499969482422,95.70832061767578,996000.0,0.0115366491184047,0.0114706094145679,1.869995117187472,44.48463072808113,PWR,996000.0,95325487.33520508,0.8529912740629372,53.160079963093956,1.1536649118404796,1.9538480093674464,2.8993175723664373,음봉,94.36868438720703,94.95811157226562,91.67821922302247,False,True,0,2.0964273725237135,0.10094662614972652,False,44.48463072808113,0.07254933104754002,-0.08964319981687763,62.95284640445313
2021-06-02,96.55999755859376,96.68000030517578,92.94000244140624,93.5500030517578,92.83060455322266,1489700.0,-0.030067564093499,-0.0305288636152787,3.7399978637695455,46.95323784493099,PWR,1489700.0,138289751.6029358,1.2739461053134535,49.56827309236949,-3.006756409349909,4.028841438413006,0.8898671875355129,음봉,94.31510314941406,94.75468826293945,91.84800453186035,False,True,0,2.0321415492466506,0.10116334256907356,True,46.95323784493099,-0.038778654843625304,-0.16077694856643437,36.538806229266726
2021-06-03,93.06999969482422,93.83000183105467,91.25,93.45999908447266,92.74130249023438,807200.0,-0.000961989458305,-0.0009624524671275,2.5800018310546733,42.52341464181389,PWR,807200.0,74860779.37011719,0.7059685869688951,-45.814593542323955,-0.0961989458305057,2.781934005430155,0.25788385495680993,음봉,94.14839477539063,94.56019515991211,92.01811955769857,False,True,0,2.0264276776994947,0.10137141714395788,False,42.52341464181389,-0.13268332511249525,-0.20374529506824346,35.44037949916252
2021-06-04,93.63999938964844,94.26000213623048,91.9800033569336,93.16000366210938,92.44361877441406,851300.0,-0.0032098289308764,-0.0032149914819898,2.279998779296889,36.704238844250014,PWR,851300.0,78697252.66265869,0.752887980470247,5.463330029732405,-0.32098289308764016,2.466366861795692,0.9690363142233149,음봉,93.66812133789062,94.2907844543457,92.14592157999674,False,True,0,2.079998561314173,0.10166105886424968,False,36.704238844250014,-0.22849014866366701,-0.23964169489553214,31.778831942117986
2021-06-07,92.95999908447266,93.31999969482422,91.68000030517578,92.23999786376952,91.53067016601562,1080500.0,-0.0098757342096944,-0.0099248227302944,1.6399993896484375,36.0736697521198,PWR,1080500.0,98898889.11437988,0.9613559523103388,26.923528720779988,-0.9875734209694453,1.7917484780498767,0.5585894590720134,음봉,93.0509033203125,93.89683685302734,92.22677523295084,False,False,0,2.065713065011159,0.10208758154200231,False,36.0736697521198,-0.3737764076866483,-0.3079423631348107,20.549447971359296
2021-06-08,93.25,94.87999725341795,92.5,94.5199966430664,93.79313659667967,978700.0,0.0247181237344864,0.0244175735359507,2.3799972534179545,54.43628921817532,PWR,978700.0,91795342.7871704,0.8704111781969822,-9.421564090698753,2.4718123734486452,2.537496174855728,1.8784193657338084,양봉,92.66786651611328,93.59517517089844,92.32500813802083,False,True,0,1.9542841230119958,0.08110635640558363,False,54.43628921817532,-0.30286346051281043,-0.18962353276877825,48.37807275610789
2021-06-09,94.04000091552734,94.4800033569336,92.77999877929688,92.83999633789062,92.12605285644533,753000.0,-0.0177740483016681,-0.0179339037159361,1.7000045776367188,55.32204577227293,PWR,753000.0,69370917.80090334,0.6760591079650962,-23.06120363747829,-1.7774048301668177,1.8453027400248407,0.2632008351626121,음봉,92.5269561767578,93.3098861694336,92.39198519388835,False,False,0,1.9014271327427434,0.06891197080853233,False,55.32204577227293,-0.3768401853324974,-0.21088020607077215,27.872730770494258
2021-06-10,93.7699966430664,93.9800033569336,91.43000030517578,91.66999816894533,90.96504974365234,1738400.0,-0.0126023320960261,-0.0126824150155679,2.5500030517578125,52.34121250080139,PWR,1738400.0,158133642.47436523,1.5530915284137563,130.86321381142096,-1.2602332096026125,2.8032778071841324,1.7844504737251052,음봉,92.17170562744141,93.16103935241699,92.465891011556,False,False,0,1.9299986703055214,0.06902207399738136,False,52.34121250080139,-0.523120315652406,-0.28572826911254456,-4.227749950476846
2021-06-11,92.31999969482422,93.05999755859376,91.4000015258789,92.12000274658205,91.41161346435548,1598900.0,0.0049091790963846,0.0048971683691859,1.659996032714858,48.25909270757652,PWR,1598900.0,146158028.768158,1.4099963046119564,-8.02462034054303,0.4909179096384664,1.8159574804596872,1.4895280714848673,음봉,91.96530456542969,92.96753959655761,92.53616650899251,False,False,0,1.944284166608536,0.06916573440321075,False,48.25909270757652,-0.5961424535318116,-0.28700032559356004,2.3978266406318482
2021-06-14,92.81999969482422,93.62999725341795,91.16999816894533,91.70999908447266,91.00475311279295,831800.0,-0.0044508606307576,-0.0044607952001503,2.459999084472628,47.36849849882987,PWR,831800.0,75697753.63922118,0.7341601906451084,-47.976734004628184,-0.4450860630757614,2.7031545060329543,1.540708206641505,음봉,91.86012115478516,92.68423538208008,92.63469899495443,False,False,0,2.0471414838518385,0.0625251675992643,False,47.36849849882987,-0.6790159804448024,-0.2958990820052406,-2.4229481458449236
2021-06-15,91.5,92.4000015258789,91.0999984741211,92.0500030517578,91.34213256835938,686100.0,0.0037072729063751,0.0037004179071853,1.3000030517578125,43.50704880007945,PWR,686100.0,62669837.15515137,0.6079452594269962,-17.516229862947817,0.3707272906375181,1.423223889353476,0.5441989239762317,음봉,91.36992034912109,92.44955368041992,92.74463895161946,False,False,0,2.034999302455353,0.0591419985226549,False,43.50704880007945,-0.7092938471782304,-0.26094155899093485,3.514283246556814
2021-06-16,91.87000274658205,92.11000061035156,90.41000366210938,91.0999984741211,90.39944458007812,1079000.0,-0.0103204070430013,-0.0103740317151336,1.6999969482421875,38.65249657834904,PWR,1079000.0,97541000.7019043,0.9555437477860432,57.26570470776855,-1.03204070430013,1.8805391516938879,0.577904372691998,음봉,91.02459869384765,92.34585800170899,92.84564323425293,False,False,0,2.0514281136648966,0.0592084094024695,False,38.65249657834904,-0.8001328831749817,-0.28142447599014875,-0.13930198032258903
2021-06-17,91.0999984741211,91.66000366210938,87.11000061035156,87.1500015258789,86.47981262207031,1820500.0,-0.043359026996407,-0.0443271167447822,4.5500030517578125,24.86594436782967,PWR,1820500.0,157436498.878479,1.5973257086830208,68.72103799814644,-4.3359026996407035,5.261347028631994,0.774953759170943,음봉,90.12755126953125,92.14144287109374,92.92528343200684,False,False,0,2.2642854963030103,0.10015588760115456,True,24.86594436782967,-1.1748619378491014,-0.5249228245314148,-5.792170472132025
2021-06-18,85.61000061035156,86.66999816894531,85.2300033569336,85.91000366210938,85.24935150146484,2179100.0,-0.0142283046562874,-0.0143304974950371,1.4399948120117188,23.45342736521485,PWR,2179100.0,185766861.85684204,1.8912332809380998,19.69788519637463,-1.4228304656287438,1.6891563239480774,-1.0057977524997173,음봉,88.89509887695313,91.89187698364258,92.98623390197754,False,False,0,2.2749993460518945,0.11381821178897794,False,23.45342736521485,-1.5532207801879991,-0.7226253334962499,0.15163129201101616
2021-06-21,86.77999877929688,88.91000366210938,86.77999877929688,88.20999908447266,87.53166198730469,1772400.0,0.0267721741648747,0.0264200700809117,2.1300048828125,28.29293901904019,PWR,1772400.0,155141117.70629883,1.5165589178030097,-18.663668486990037,2.6772174164874762,2.4334107618354475,1.7954943361718476,양봉,88.20048065185547,91.67307205200196,93.06538988749186,False,False,0,2.293571472167968,0.11408987265396801,False,28.29293901904019,-1.6498905947718328,-0.6554361184640666,20.10182745703217
2021-06-22,88.33000183105469,89.4000015258789,87.27999877929688,88.94000244140625,88.25605010986328,1278000.0,0.0082757268182986,0.0082416707545564,2.1200027465820312,36.28794053372194,PWR,1278000.0,112791232.04040527,1.102846904894967,-27.89438050101557,0.827572681829869,2.4021047213681106,0.9120583633677477,음봉,87.58326416015625,91.49743385314942,93.09612871805827,False,False,0,2.1778575352260026,0.11430887923039747,False,36.287940533721944,-1.6490409343724792,-0.5236691664517703,31.358017273276435
2021-06-23,89.44000244140625,90.6999969482422,88.80000305175781,89.81999969482422,89.12928771972656,1055500.0,0.0098943654149064,0.0098457366852763,1.8999938964843888,39.65910252523445,PWR,1055500.0,94075963.18817139,0.9195217129171254,-17.41001564945227,0.9894365414906403,2.131727903468786,1.3414970759162188,음봉,87.32923278808593,91.29897270202636,93.18802884419759,False,False,0,2.1292855398995534,0.11455735816815826,False,39.65910252523445,-1.5599227764708132,-0.34764080684008336,40.407117399458016
2021-06-24,90.5,92.5199966430664,89.70999908447266,92.05999755859376,91.35205078125,1401000.0,0.024938638223084,0.0246327456501713,2.80999755859375,47.18519841760124,PWR,1401000.0,127984223.14453125,1.2157538492053652,32.73330175272382,2.4938638223084064,3.0760092790062483,1.5378921063340487,양봉,88.30368041992188,91.18783302307129,93.26326090494791,False,False,0,2.167142595563615,0.11469698061105071,False,47.18519841760124,-1.2950095278910396,-0.06618204660824767,63.44094607714479
2021-06-25,92.48999786376952,93.13999938964844,92.11000061035156,92.30999755859376,91.6001205444336,2015000.0,0.0027155357877801,0.0027118553818166,1.029998779296875,50.185449195313886,PWR,2015000.0,184574242.8970337,1.7304224196334006,43.825838686652396,0.27155357877801656,1.124451336062643,1.2456721800853983,음봉,89.57383422851562,91.02558975219726,93.33585141499837,False,False,0,2.1235711233956462,0.11490141557647496,False,50.185449195313886,-1.0529094286313665,0.1407344421211405,66.01161882413967
2021-06-28,92.23999786376952,92.8000030517578,90.04000091552734,91.19000244140624,90.48875427246094,731000.0,-0.0121328035964052,-0.0122070068645412,2.7600021362304545,40.598558500048256,PWR,731000.0,66147279.373168945,0.6302094950852335,-63.72208436724566,-1.2132803596405228,3.0501051301028075,0.6985551061862741,음봉,90.16525268554688,90.819189453125,93.37025184631348,False,False,0,2.150714329310825,0.11516254636482064,False,40.598558500048256,-0.9398868947404821,0.20300558080961983,56.85136124894426
2021-06-29,91.70999908447266,92.1500015258789,90.43000030517578,90.70999908447266,90.01243591308594,703800.0,-0.0052638403877327,-0.005277743205149,1.720001220703125,43.54937555824412,PWR,703800.0,63350752.39562988,0.6140468227424749,-3.7209302325581395,-0.5263840387732754,1.9108484325031723,1.3496094866490924,음봉,90.5165298461914,90.53439521789551,93.35007489522299,False,False,0,2.1521426609584253,0.09437059887186411,False,43.549375558244115,-0.8786224208474493,0.2114160437621222,54.6563720703125
2021-06-30,90.2699966430664,91.1999969482422,89.80000305175781,90.56999969482422,89.93299865722656,1040700.0,-0.0008825142332119,-0.0008829038781595,1.3999938964843892,46.627609263086526,PWR,1040700.0,93593271.70257568,0.912676162211222,47.86871270247228,-0.08825142332119507,1.5567076794807762,0.2861390510853009,음봉,90.67727203369141,90.3895149230957,93.32493527730306,True,False,0,2.0699991498674666,0.0945218602233231,False,46.627609263086526,-0.8269472731554117,0.21047295316332781,55.98807997064507
2021-07-01,91.86000061035156,91.86000061035156,90.36000061035156,90.76000213623048,90.12167358398438,724700.0,0.0020979499135453,0.0020957522897585,1.5,45.71265847885652,PWR,724700.0,65311176.84631348,0.6412094417237452,-30.364177957144236,0.20979499135453938,1.664416494221171,2.1427084406132564,음봉,90.43119659423829,90.2585334777832,93.3203057607015,True,False,0,2.0585708618164054,0.09465902852629275,False,45.71265847885652,-0.7619861544740587,0.22034725747574468,58.23421168315475
2021-07-02,90.75,90.87000274658205,89.05000305175781,89.52999877929688,88.90032196044922,800500.0,-0.0135522519163714,-0.0136449218927393,1.819999694824233,43.36479757523279,PWR,800500.0,71164707.7293396,0.7139681888002491,10.459500482958472,-1.3552251916371438,2.0472363369324253,0.6971979003808532,음봉,89.8912368774414,90.08136863708496,93.2883742014567,False,False,0,2.012856619698663,0.0948451963428262,False,43.364797575232785,-0.7998368473621156,0.14599725167015032,46.40101699590752
2021-07-06,89.63999938964844,89.63999938964844,86.94000244140625,87.98999786376953,87.37115478515625,906900.0,-0.0172009183045847,-0.0173505727113988,2.6999969482421875,38.35481214985054,PWR,906900.0,79236900.2746582,0.8207381295088042,13.291692692067446,-1.72009183045847,3.0902612594298664,0.8320300904290235,음봉,89.26771697998046,89.87339286804199,93.19457181294759,False,False,0,2.112856183733261,0.09506467734849373,False,38.35481214985054,-0.9423618446925275,0.0027778034717907962,27.068931758841565
2021-07-07,86.9800033569336,88.87999725341797,86.94000244140625,87.97000122070312,87.3512954711914,1618400.0,-0.0002272982887049,-0.000227324124876,1.9399948120117188,40.54956871572232,PWR,1618400.0,141369336.59057617,1.4634717680933091,78.45407431910904,-0.022729828870493574,2.220911323120024,-0.44768943386920895,양봉,88.73548889160156,89.55130081176758,93.10821189880372,False,False,0,2.1299988882882275,0.07679063612303043,False,40.54956871572232,-1.0448717810973989,-0.07978570634646442,26.817865716801748
2021-07-08,86.44999694824219,88.55999755859375,85.05999755859375,87.26000213623047,86.64628601074219,1404000.0,-0.0080709674269425,-0.0081037140012556,3.5,50.64462532556237,PWR,1404000.0,121651385.55908203,1.2642537998221939,-13.247652001977261,-0.8070967426942577,4.039411452172432,-1.0318089938877533,양봉,88.0781463623047,89.27731246948242,92.99670537312825,False,False,0,2.0549986703055265,0.07113530713796551,True,50.64462532556237,-1.1695185340305159,-0.163545967423665,19.63227837463718
2021-07-09,88.68000030517578,90.13999938964844,88.4000015258789,89.79000091552734,89.15848541259766,904200.0,0.0289937343828448,0.028581367798238,1.7399978637695312,63.7702262241085,PWR,904200.0,80617102.5100708,0.8145445082026989,-35.598290598290596,2.8993734382844805,1.9515785353658308,2.3471453746805246,양봉,87.88550872802735,89.18698425292969,92.92789560953776,False,False,0,2.076427459716799,0.0712073526890235,False,63.7702262241085,-1.0534450288126607,-0.037977969764647845,50.72384808443699
2021-07-12,89.69000244140625,91.0,88.68000030517578,90.62999725341795,89.99258422851562,722300.0,0.0093552376092753,0.0093117483981083,2.3199996948242188,59.65374863225742,PWR,722300.0,65001643.588256836,0.6530516472350906,-20.117230701172307,0.9355237609275369,2.5779898585122405,0.5961485621350551,양봉,88.10396118164063,89.1160327911377,92.85198402404785,False,False,0,2.089998517717636,0.07126404580703365,False,59.65374863225742,-0.8839613795367143,0.10520454360903886,61.046850892582306
2021-07-13,90.0199966430664,90.41000366210938,89.33999633789062,89.73999786376953,89.10884094238281,688100.0,-0.0098201790037359,-0.0098687149776076,1.07000732421875,53.30403429335576,PWR,688100.0,61315793.45245361,0.6327384027954145,-4.734874705800918,-0.9820179003735996,1.2007869397724629,0.030460748278073314,음봉,88.45149841308594,89.02123718261718,92.75439669291178,False,False,0,2.014998844691687,0.07133993240220704,False,53.304034293355755,-0.8115994505984787,0.14205317803781958,50.109436463587585
2021-07-14,90.41000366210938,91.38999938964844,88.33999633789062,88.80999755859375,88.18537902832031,623600.0,-0.0103633029483528,-0.0104173758795552,3.0500030517578125,46.35711787132252,PWR,623600.0,54992402.36206055,0.5780896619614271,-9.373637552681291,-1.036330294835286,3.4586266854716574,1.4601948650279108,음봉,88.61831512451172,88.86339950561523,92.63926874796549,False,False,0,2.0971423557826463,0.0714666451913923,False,46.35711787132252,-0.8193231125168268,0.10746361289557738,38.68045496864207
2021-07-15,87.76000213623047,89.76000213623047,87.44000244140625,88.33000183105469,87.70874786376953,791400.0,-0.0054048774275575,-0.0054195366221874,2.3199996948242188,33.74887781889511,PWR,791400.0,69412703.0593872,0.7349034243667751,26.9082745349583,-0.5404877427557575,2.645117791930715,-0.48236668796676146,음봉,88.83080749511718,88.7288646697998,92.5505968729655,True,False,0,2.062142508370537,0.07157500624630814,False,33.74887781889511,-0.8540592583427582,0.05818197365571687,32.78155575405406
2021-07-16,88.87000274658203,89.41999816894531,87.56999969482422,87.94000244140625,87.32150268554688,927100.0,-0.0044151260581685,-0.0044249015110726,1.8499984741210933,31.149078407157347,PWR,927100.0,80955765.13977051,0.860812009774301,17.146828405357596,-0.4415126058168517,2.1186058613571,1.323989808423873,음봉,88.46341094970703,88.77094917297363,92.42537053426106,False,False,0,2.1207139151436953,0.07154107399025363,False,31.149078407157347,-0.9024326716162534,0.00784684830577742,29.21839175631697
2021-07-19,86.44000244140625,86.62999725341797,84.4000015258789,85.44000244140625,84.83907318115234,882500.0,-0.028428616412317,-0.0288405351618009,2.2299957275390625,27.79148349885166,PWR,882500.0,74870482.08236694,0.817379504610463,-4.810700032358972,-2.8428616412317087,2.628500812093352,-1.009488175340949,음봉,87.43270874023438,88.75043525695801,92.25298220316569,False,False,0,2.0828563145228816,0.07618044174888917,False,27.79148349885166,-1.1280765009233562,-0.17423758480106033,5.665440713205645
2021-07-20,85.30000305175781,88.83999633789062,84.93000030517578,88.30000305175781,87.6789779663086,946300.0,0.0334740194425786,0.0329259614033705,3.909996032714844,42.26471898904747,PWR,946300.0,82970616.84951782,0.8798802167197741,7.229461756373934,3.347401944257866,4.459445266592059,0.5432990405508907,양봉,87.14673614501953,88.7578010559082,92.09947929382324,False,False,0,2.2392845153808616,0.07617411971509402,True,42.26471898904747,-1.0654622931495368,-0.08929870162179265,43.95411317482054
2021-07-21,89.5,90.58000183105467,89.23999786376953,89.55000305175781,88.920166015625,604400.0,0.0141560506076308,0.0140567893909594,1.340003967285142,46.88262588880644,PWR,604400.0,53743348.33984375,0.5640515149629814,-36.130191271267044,1.415605060763081,1.5069742076838648,2.0769197770429644,음봉,87.29369354248047,88.79100685119629,91.96533991495768,False,False,0,2.234999520438058,0.076145632345537,False,46.88262588880644,-0.9052514051402483,0.05672974910999673,60.592024724968475
2021-07-22,89.41000366210938,89.88999938964844,88.58000183105469,89.22000122070312,88.5925064086914,598300.0,-0.0036848739899565,-0.0036916798624499,1.30999755859375,45.3333376795188,PWR,598300.0,53004896.58432007,0.5627494218414778,-1.0092653871608182,-0.36848739899565386,1.4786776124726866,0.5508735177105957,음봉,87.47044525146484,88.76416778564453,91.8181313832601,False,False,0,2.2214279174804688,0.0761686560235479,False,45.3333376795188,-0.7955518871089851,0.13314341371300809,59.97862895699924
2021-07-23,89.70999908447266,89.93000030517578,88.73999786376953,89.7699966430664,89.13863372802734,540200.0,0.0061644866081174,0.0061455638866372,1.19000244140625,50.7585331334927,PWR,540200.0,48152689.93988037,0.5104420393323814,-9.710847400969413,0.6164486608117414,1.3350018859803148,1.261385100254504,음봉,87.83387145996093,88.6534969329834,91.68548316955567,False,False,0,2.1764281136648984,0.07626374138847773,False,50.7585331334927,-0.6569731408171151,0.21737772800390254,67.79161159275392
2021-07-26,89.94000244140625,90.63999938964844,87.81999969482422,88.18000030517578,87.55980682373047,683500.0,-0.0177120384087786,-0.017870773704496,2.8199996948242188,50.59857670094597,PWR,683500.0,59847127.964019775,0.6473004906558915,26.5272121436505,-1.7712038408778663,3.2206554549637745,0.8990139066120065,음봉,88.37801818847656,88.45148124694825,91.51180165608724,False,False,0,2.184999738420758,0.06387322192530856,False,50.59857670094597,-0.6668594813492632,0.16599310997740357,45.204667575499926
2021-07-27,87.55000305175781,88.75,87.08999633789062,88.08999633789062,87.4704360961914,639400.0,-0.0010206821003954,-0.0010212033510881,1.660003662109375,50.37636279676892,PWR,639400.0,55928596.839904785,0.6063299922782945,-6.45208485735187,-0.10206821003954092,1.8977882541752347,-0.011196657836845788,음봉,88.33630981445313,88.30056533813476,91.37136154174804,True,False,0,2.1650003705705907,0.059825216096896394,False,50.37636279676892,-0.6741349403009451,0.12697412082057757,43.9261160039424
2021-07-28,88.31999969482422,90.56999969482422,86.94000244140625,89.66000366210938,89.0293960571289,757800.0,0.017822707082689,0.0176657448890382,3.6299972534179688,57.14282447520561,PWR,757800.0,67466476.33209229,0.7167043973794669,18.517360025023464,1.782270708268907,4.077301895981245,0.9712579890404865,양봉,88.3581558227539,88.25141334533691,91.24797337849935,True,False,0,2.174285888671874,0.05985853600055865,True,57.14282447520561,-0.5477911583757589,0.20265432219661117,66.22884042990943
2021-07-29,90.88999938964844,91.9000015258789,90.06999969482422,91.4499969482422,90.80680847167967,637400.0,0.0199643319315592,0.0197676579902108,1.8300018310546875,55.168109661551206,PWR,637400.0,57880259.719848625,0.602061837122064,-15.888097123251521,1.996433193155922,2.0152694074975868,2.0898752714503517,음봉,88.80101623535157,88.29510383605957,91.14643567403158,True,False,0,2.1807147434779566,0.06758851885612843,False,55.168109661551206,-0.3007733456397119,0.3597377079461266,85.4240926106769
2021-07-30,90.87999725341795,91.86000061035156,90.52999877929688,90.9000015258789,90.26068878173828,630400.0,-0.0060140830751882,-0.0060322405096216,1.3300018310546875,50.85606735699039,PWR,630400.0,56900338.20800781,0.6054100197407032,-1.0982114841543766,-0.6014083075188248,1.4735117236594544,0.08059834165530326,음봉,89.02542724609376,88.30205459594727,91.04026107788086,True,False,0,2.1100006103515616,0.06758319857713964,False,50.85606735699039,-0.14737835827043,0.4105061562523268,78.14249674479167
2021-08-02,91.86000061035156,93.41999816894533,89.0199966430664,89.0999984741211,88.47334289550781,688300.0,-0.0198020412912258,-0.0200007290340837,4.4000015258789205,48.08153653961668,PWR,688300.0,60896201.91497803,0.6628162917174903,9.184644670050757,-1.980204129122587,4.973251130654777,1.7718808156678472,음봉,89.20813446044922,88.2807056427002,90.88428624471028,True,False,0,2.347857339041574,0.06759954224517227,True,48.08153653961668,-0.1680978735263352,0.31182931279713727,45.15901203533199
2021-08-03,89.58000183105469,91.3000030517578,88.30999755859375,91.18000030517578,90.53871154785156,870000.0,0.0233445305077153,0.0230762147353512,2.9900054931640483,56.64610855235942,PWR,870000.0,78768679.04663086,0.8359885362345588,26.398372802557034,2.3344530507715344,3.302460839177913,1.2508388395066115,양봉,89.82178955078125,88.43908348083497,90.7364377339681,True,False,0,2.343571799142019,0.06747848412314852,False,56.64610855235942,-0.017656713798828605,0.3698163780197151,68.05667745665316
2021-08-04,90.52999877929688,90.97000122070312,89.0199966430664,89.04000091552734,88.41376495361328,1054400.0,-0.0234700335128493,-0.0237498414894079,1.9500045776367188,51.82147610367166,PWR,1054400.0,93223473.76708984,1.0108777034471423,21.195402298850574,-2.3470033512849375,2.205544101260475,-0.009623252204205075,음봉,89.69866333007812,88.49220695495606,90.54622764587403,True,False,0,2.317143576485769,0.06743797556732879,False,51.82147610367166,-0.06909990142963807,0.25469855231112454,44.498502455870806
2021-08-05,88.30999755859375,94.26000213623048,88.30999755859375,92.52999877929688,91.87921905517578,1216300.0,0.0391958662022895,0.0384472085009537,5.950004577636733,60.15936241429263,PWR,1216300.0,111752694.1368103,1.1657224485573545,15.354704097116834,3.919586620228954,6.475898074474931,-0.1173656557595679,양봉,89.91314544677735,88.75385360717773,90.44701741536458,True,True,0,2.6100011553083147,0.07932214307203991,True,60.15936241429263,0.16782955113728804,0.39330240390244053,75.85412846166335
2021-08-06,93.5999984741211,94.58999633789062,92.0500030517578,92.3499984741211,91.70047760009766,739500.0,-0.0019453958894751,-0.001947290629804,2.5399932861328267,67.04491266959855,PWR,739500.0,67812503.18527222,0.7179777618530248,-39.200855052207515,-0.19453958894751766,2.769880105978992,1.8728711852806903,음봉,90.20110321044922,88.88095321655274,90.40965894063314,True,True,0,2.632143838065012,0.07920871254463904,False,67.04491266959855,0.3372868745252475,0.45020778183231996,70.08778546070585
2021-08-09,91.79000091552734,92.5500030517578,90.08999633789062,92.08000183105467,91.43238830566406,811000.0,-0.0029235321499929,-0.002927814017597,2.4600067138671733,60.6900591860495,PWR,811000.0,74151666.91589355,0.7906146904265262,9.66869506423258,-0.2923532149992969,2.690520021902108,0.09762578971518046,음봉,90.79291229248047,88.95294342041015,90.34550526936849,True,True,0,2.5285731724330356,0.07914460841110384,False,60.6900591860495,0.44482281808494406,0.44619498031361315,58.724045078288626
2021-08-10,92.23999786376952,94.8499984741211,91.29000091552734,94.23999786376952,93.5771942138672,812900.0,0.0234578353245342,0.0231869287142151,3.55999755859375,62.61436303879173,PWR,812900.0,76068901.17645265,0.7992618025751073,0.23427866831071675,2.345783532453427,3.8043431292217504,0.883286079551555,양봉,91.40060882568359,89.17636108398438,90.29394454956055,True,True,0,2.6871441432407934,0.0979869656767614,False,62.61436303879173,0.6951010478178858,0.5571785680372439,83.90891405014973
2021-08-11,94.52999877929688,97.33000183105467,94.0999984741211,97.13999938964844,96.45679473876952,1352200.0,0.030772460630964,0.0303084829383699,3.2300033569335795,68.71454217465947,PWR,1352200.0,130428877.84576415,1.3244928705694683,66.34272358223643,3.077246063096406,3.3486530064380453,1.018201681974001,양봉,93.00921478271485,89.58993186950684,90.30096168518067,True,True,0,2.8242874145507812,0.12967664239927193,False,68.71454217465947,1.1129783232667592,0.7800446747888937,91.59569640441813
2021-08-12,98.16999816894533,99.5199966430664,97.38999938964844,98.36000061035156,97.66820526123048,1199500.0,0.0125590999135083,0.0124808885800248,2.1299972534179688,69.67474031879762,PWR,1199500.0,117153012.21084596,1.1702167197045366,-11.292708179263421,1.2559099913508343,2.180850203728965,1.7761355587396586,음봉,94.16701202392578,90.08790473937988,90.38754247029622,True,True,0,2.891429901123047,0.14240682050706166,False,69.67474031879762,1.5243282722248352,0.9531156989975758,85.27987094309196
2021-08-13,98.37000274658205,98.6500015258789,97.0500030517578,97.47000122070312,96.78446197509766,636400.0,-0.0090484235250264,-0.0090896091406772,1.599998474121108,71.98296770627657,PWR,636400.0,61593631.60095215,0.6202825007348732,-46.9445602334306,-0.9048423525026439,1.6531563450058568,0.7185526584362679,음봉,95.18380889892578,90.56105270385743,90.49114824930827,True,True,1,2.8042869567871103,0.14166279760495412,False,71.98296770627657,1.758741693486499,0.9500232962073915,78.25488132889802
2021-08-16,96.76000213623048,97.5,96.31999969482422,96.97000122070312,96.28799438476562,627200.0,-0.0051296208110324,-0.0051428224815925,1.1800003051757812,70.61288158180571,PWR,627200.0,60391830.078125,0.6118484314973359,-1.4456316781898182,-0.5129620811032409,1.2254905844860728,-0.02527248523990011,음봉,96.1549301147461,91.13349876403808,90.59193700154623,True,True,1,2.770001002720425,0.11189923906513274,False,70.61288158180571,1.8827520397648954,0.8592269139886302,74.30839627991035
2021-08-17,96.11000061035156,96.11000061035156,92.86000061035156,95.0500030517578,94.38150787353516,1041100.0,-0.0197998361416914,-0.0199984793384642,3.25,62.3116343393074,PWR,1041100.0,98260587.84713745,1.0213570069357718,65.99170918367348,-1.9799836141691451,3.44347115576367,-0.1848556256170438,음봉,96.31579284667968,91.46862525939942,90.63316612243652,True,True,0,2.7428583417619987,0.1114892580501656,False,62.3116343393074,1.8063708852151592,0.6262766075511152,54.161559418423664
2021-08-18,94.72000122070312,96.9800033569336,94.56999969482422,96.23999786376952,95.56312561035156,885800.0,0.0125195895195877,0.0124418674850602,2.410003662109375,61.24946226624825,PWR,885800.0,84649816.66564941,0.8829493350041295,-14.916914801652103,1.251958951958776,2.5218970672180685,0.3586437161202457,양봉,96.13705902099609,91.80077323913574,90.69640464782715,True,True,0,2.7842870439801906,0.1110858743909975,False,61.24946226624825,1.8202027814796082,0.5120868030524512,64.70230726249
2021-08-19,94.98999786376952,96.27999877929688,94.91000366210938,95.87999725341795,95.20564270019533,820300.0,-0.0037408038704577,-0.0037478181754799,1.3699951171875,61.800920047353365,PWR,820300.0,78097188.70697023,0.8329234171217113,-7.3944456988033425,-0.37408038704577207,1.4389852096284301,-0.599737338980427,양봉,95.64454650878906,92.13143005371094,90.73152351379395,True,True,0,2.7871437072753915,0.11068719066982856,False,61.800920047353365,1.7817795303754167,0.3789308415586077,61.513342593871975
2021-08-20,95.68000030517578,96.41000366210938,95.18000030517578,96.3000030517578,95.62271118164062,607300.0,0.0043807117899372,0.0043711444031768,1.2300033569335938,68.25561705599483,PWR,607300.0,58071672.50061035,0.6201659831747524,-25.96610995977081,0.4380711789937264,1.28630880858119,0.4982452631239696,음봉,95.41219635009766,92.4556339263916,90.76565462748209,True,True,1,2.5607152666364397,0.1102990562279635,False,68.25561705599483,1.7646410839518154,0.28943391610800484,65.23384674648153
2021-08-23,97.27999877929688,98.05999755859376,96.56999969482422,97.51000213623048,96.82421112060548,634500.0,0.0125650059919608,0.0124867213864541,1.4899978637695457,66.79051199411089,PWR,634500.0,61434961.95602418,0.6471617714198752,4.478840770624082,1.2565005991960865,1.538869097434303,1.7331526968610425,음봉,95.51943969726562,92.91885414123536,90.79864171346028,True,True,1,2.4535718645368325,0.10974919201584869,False,66.79051199411089,1.8269498052871995,0.28139410995471104,75.9519559087659
2021-08-24,97.76000213623048,99.36000061035156,97.52999877929688,99.0500030517578,98.3533706665039,809000.0,0.0157931526443699,0.015669738512091,1.8300018310546875,77.42470438751822,PWR,809000.0,79567876.86920166,0.8311901379853583,27.50197005516155,1.5793152644369979,1.8606396696457388,0.9664845236480849,양봉,96.31381225585938,93.46300086975097,90.86091855367025,True,True,1,2.445000239780973,0.10634802670997427,False,77.42470438751822,1.9769314760314671,0.3451006245591828,89.59298776234128
2021-08-25,99.4800033569336,102.6999969482422,99.0500030517578,102.19000244140624,101.47128295898438,1263400.0,0.03170112291375,0.0312090155347184,3.6499938964844034,76.98328314772169,PWR,1263400.0,128198818.89038086,1.2884887159986596,56.16810877626699,3.1701122913750046,3.597070806683073,1.1454947428795987,양봉,97.49544372558594,94.08509521484375,90.95696792602538,True,True,1,2.2807137625558065,0.13878412914983176,True,76.98328314772169,2.3206316975129653,0.5510406768325447,90.25603544975904
2021-08-26,102.0,102.88999938964844,101.13999938964844,101.58999633789062,100.87548828125,776800.0,-0.0058715595226602,-0.0058888649012302,1.75,75.21835100482353,PWR,776800.0,78360079.296875,0.7968450806966353,-38.51511793572898,-0.5871559522660275,1.7348119248958096,0.521050907801508,음봉,98.62941284179688,94.58852920532226,91.09104932149252,True,True,1,2.2242856706891763,0.13804547036593925,False,75.21835100482353,2.5159387719881607,0.5970782010461917,84.26163571795566
2021-08-27,102.22000122070312,103.79000091552734,101.75,103.3499984741211,102.62312316894533,1007600.0,0.0173246733916445,0.017176312324336,2.040000915527344,78.44520912423653,PWR,1007600.0,103403058.90502931,1.0276223238496094,29.711637487126662,1.7324673391644563,1.9878569785573106,1.3328440460228566,양봉,100.02949523925783,95.20665092468262,91.25574633280436,True,True,1,2.1942852565220456,0.14924753761765003,False,78.44520912423653,2.779697937937428,0.6886698935963667,90.66497802734386
2021-08-30,104.06999969482422,104.38999938964844,103.0,103.41000366210938,102.68268585205078,641900.0,0.0005804021673303,0.0005802337991367,1.3899993896484375,75.88928913703018,PWR,641900.0,65912016.0484314,0.6584297213864249,-36.29416435093291,0.058040216733035166,1.3536842926481325,1.4098932883741448,음봉,101.20119018554688,95.91711807250977,91.42639745076498,True,True,1,2.039285387311666,0.14876302775955724,False,75.88928913703018,2.959420826858377,0.6947142260138528,85.19242221722271
2021-08-31,103.69000244140624,103.94000244140624,101.9800033569336,102.0999984741211,101.38190460205078,822500.0,-0.0126679706437968,-0.0127488935294485,1.959999084472642,65.38460071877297,PWR,822500.0,83386616.53518677,0.852946114644649,28.135223555070876,-1.2667970643796878,1.933282958301214,0.9809994557474232,음봉,101.80689697265625,96.45927772521972,91.59058469136556,True,True,0,1.948570796421599,0.14792688930436418,False,65.38460071877297,2.9627377389547718,0.5584249104881978,73.91071026825298
2021-09-01,102.20999908447266,102.66000366210938,100.61000061035156,101.7699966430664,101.0542221069336,750600.0,-0.0032321595890649,-0.003237394299526,2.0500030517578125,61.19500269399266,PWR,750600.0,75851299.11346436,0.7791104974742399,-8.74164133738602,-0.32321595890649757,2.0286169236833467,0.8168069890503162,음봉,101.72348480224609,97.09130058288574,91.71160278320312,True,True,0,1.942856924874445,0.11587338390613552,False,61.19500269399266,2.9054331520812866,0.4008962588917697,71.06871087701653
2021-09-02,110.2699966430664,114.7300033569336,108.72000122070312,114.04000091552734,113.23792266845705,3668800.0,0.1205659724799117,0.1138338902408468,6.010002136230469,81.13490732527632,PWR,3668800.0,415447290.6860352,3.639218353668041,388.7823074873435,12.056597247991174,5.307411152204564,9.119633345335004,양봉,104.1959716796875,98.1592357635498,92.06346728006999,True,True,1,2.257857186453685,0.2221445001397433,True,81.13490732527632,3.7993451797853197,1.0358466292766422,93.17750113812977
2021-09-03,114.44000244140624,116.43000030517578,113.31999969482422,116.0,115.18413543701172,2387500.0,0.0171869345771458,0.017040909985839,3.1100006103515625,83.89734589141871,PWR,2387500.0,275002123.3558655,2.320496582025977,-34.92422590492804,1.7186934577145818,2.7000251367535437,1.061552300344375,양봉,106.70817413330079,99.3334186553955,92.46711870829265,True,True,1,2.395714351109098,0.23911134291820257,False,83.89734589141871,4.611659665309546,1.478528891840694,94.71419226009729
2021-09-07,115.72000122070312,116.12000274658205,113.45999908447266,115.26000213623048,114.44934844970705,1511900.0,-0.0063792377701744,-0.0063996720572452,2.660003662109389,87.57896300868073,PWR,1511900.0,173035969.9211121,1.4574804559288654,-36.67434554973822,-0.6379237770174462,2.324175452408351,0.46522533824499096,음봉,109.06150665283204,100.48426666259766,92.8510809580485,True,True,1,2.353571755545483,0.2150281028142993,False,87.57896300868073,5.13691838101721,1.603030086038686,90.93937877325209
2021-09-08,115.26000213623048,116.72000122070312,114.79000091552734,115.70999908447266,114.89617919921876,1095200.0,0.0039041790588092,0.0038965775304757,1.9300003051757808,87.2274734605972,PWR,1095200.0,125834295.45898439,1.0502797037803773,-27.56134664991071,0.3904179058809243,1.679777620654686,0.7083078213238291,음봉,111.76436157226563,101.55021591186524,93.24927139282227,True,True,1,2.319285801478798,0.20485064828942387,False,87.2274734605972,5.525550102617956,1.5933294461115453,91.6376789287364
2021-09-09,115.19000244140624,116.3000030517578,113.91999816894533,114.5,113.6947021484375,892100.0,-0.010457067059628,-0.010512126360941,2.380004882812472,84.48151337458103,PWR,892100.0,101427043.7866211,0.8666747881976677,-18.544558071585094,-1.0457067059628011,2.093329625601363,0.2557293412499042,음봉,114.2924575805664,102.41211128234863,93.6218142191569,True,True,0,2.3914293561662956,0.20312663515083715,False,84.48151337458103,5.67122009010474,1.3911995468786627,85.95497240631589
2021-09-10,115.38999938964844,117.06999969482422,114.4000015258789,115.8000030517578,114.98555755615234,1325900.0,0.011353698838399,0.0112897293380088,2.6699981689453125,84.97132351664548,PWR,1325900.0,152459350.7637024,1.2935569692389648,48.62683555655196,1.1353698838399096,2.322029153653874,1.4910960749935311,음봉,114.64198455810546,103.27797889709473,94.03158276875814,True,True,1,2.494286128452847,0.20142365086563244,False,84.97132351664548,5.823693929462181,1.2349387089888824,89.83198956745427
2021-09-13,116.66000366210938,117.19000244140624,114.41999816894533,115.16000366210938,114.35005950927734,1075400.0,-0.0055267640596051,-0.0055420931262698,2.770004272460909,82.3141822126741,PWR,1075400.0,122972053.99627686,1.0452245336229613,-18.892827513387132,-0.5526764059605171,2.422389882740879,1.4562229740368289,음봉,114.4751693725586,104.15625877380371,94.49608688354492,True,True,0,2.585715157645087,0.19972518030485,False,82.3141822126741,5.826091606934966,0.9898691091693337,85.5547181936578
2021-09-14,115.48999786376952,116.66999816894533,114.36000061035156,116.0,115.18413543701172,1398400.0,0.0072940576621798,0.0072675846759712,2.309997558593764,81.84893554972295,PWR,1398400.0,161073494.9951172,1.344387626638344,30.03533568904593,0.7294057662179831,2.005482395496195,0.9968847934002946,음봉,114.62212677001953,105.10106582641602,94.99499994913737,True,True,1,2.6200005667550212,0.19792974885558245,False,81.84893554972295,5.828111894267849,0.7935115172017726,88.9422983909296
2021-09-15,115.66000366210938,119.6999969482422,115.0500030517578,118.16999816894533,117.33888244628906,1306000.0,0.0187069773202896,0.0185341538299385,4.649993896484403,81.16226147317118,PWR,1306000.0,153244580.47485352,1.2512222828822608,-6.607551487414187,1.8706977320289697,3.96287556140046,0.4131369509283543,양봉,115.1106674194336,106.24893455505371,95.49178695678711,True,True,1,2.691429138183593,0.20831493359234796,True,81.16226147317118,5.935166161217239,0.7204526273209302,87.63166602988447
2021-09-16,118.0,119.41999816894533,116.61000061035156,116.87000274658205,116.04801940917967,1082500.0,-0.0110011533278431,-0.0110621135156591,2.809997558593764,79.00535274127441,PWR,1082500.0,125621981.010437,1.0488679654445316,-17.11332312404288,-1.1001153327843127,2.421409320813869,0.5634258141273493,음봉,115.58133087158203,107.27317924499512,95.95498644510904,True,True,1,2.7671432495117188,0.20632594187914285,False,79.00535274127441,5.84842853650828,0.5069720020895758,80.86967920567943
2021-09-17,117.52999877929688,118.91000366210938,116.3499984741211,118.41999816894533,117.58712005615234,2272300.0,0.0132626188263142,0.013175440262021,2.560005187988281,78.83661484872601,PWR,2272300.0,267193212.90359497,2.198550833700642,109.91224018475751,1.3262618826314299,2.1771136045901804,1.277039778586668,양봉,116.10164337158203,108.39225311279297,96.42928365071614,True,True,1,2.804286411830357,0.20263817979367543,False,78.83661484872601,5.836600209369337,0.39611493996050573,88.93202044310439
2021-09-20,115.2300033569336,117.06999969482422,114.06999969482422,116.70999908447266,115.8891372680664,1320400.0,-0.0144402106903808,-0.014545485219384,3.0,73.93809216145289,PWR,1320400.0,153020016.84875488,1.286475836396732,-41.89147559741231,-1.4440210690380817,2.5886809331064535,-2.0045704819483094,양봉,116.40945892333984,109.40557441711425,96.83823509216309,True,True,0,2.919286455426897,0.18977925984271357,False,73.93809216145289,5.625367420574193,0.1479057209322887,80.03739962688292
2021-09-21,117.6999969482422,117.77999877929688,113.86000061035156,114.87000274658205,114.0621109008789,1212400.0,-0.0157652944034034,-0.0158908884239601,3.919998168945313,72.55394426013095,PWR,1212400.0,138288903.2562256,1.1824502250149778,-8.179339594062407,-1.5765294403403463,3.4367224470813356,1.5625793088674438,음봉,116.18505401611328,110.26746940612793,97.21260159810384,True,True,0,3.059286390032088,0.1744281381738099,False,72.55394426013095,5.250019201536574,-0.18195399848426508,70.46680393451423
2021-09-22,115.9000015258789,118.01000213623048,115.7699966430664,115.87000274658205,115.0550537109375,1037500.0,0.0087052817295436,0.0086676092397666,2.2400054931640767,74.32718736519817,PWR,1037500.0,119369618.22509766,1.0121528019734367,-14.425932035631806,0.8705281729543657,1.9468988287918505,1.6113068664818457,음봉,115.72828826904296,111.10255355834961,97.62203992207846,True,True,0,3.0728579929896784,0.1504162707306778,False,74.32718736519817,4.975322795952948,-0.36532032325431363,57.69631106818506
2021-09-23,116.69000244140624,119.3000030517578,116.3000030517578,118.61000061035156,117.77579498291016,1326600.0,0.0236472991339276,0.0233720328466264,3.0,61.74814688403148,PWR,1326600.0,156241369.6243286,1.2956825464743664,27.865060240963846,2.36472991339276,2.547212693775758,1.421014269026683,양봉,116.07384338378907,111.9177791595459,98.08476257324219,True,True,1,2.857857840401788,0.15100645159843368,False,61.74814688403148,4.9204451688758155,-0.33615836026515744,69.84008160346488
2021-09-24,118.0199966430664,119.41000366210938,117.2699966430664,117.29000091552734,116.4650650024414,1027500.0,-0.0111290268145415,-0.011191417765709,2.1400070190429688,53.42904222753968,PWR,1027500.0,119667854.29000854,1.0191558635804006,-22.546359113523295,-1.1129026814541532,1.8374668996218813,0.2073445228637046,음봉,115.84943237304688,112.69725799560547,98.52696367899577,True,True,1,2.7885725838797453,0.14837604013958003,False,53.429042227539675,4.716816771226689,-0.43182940633142763,48.15812414643052
2021-09-27,118.01000213623048,118.72000122070312,116.73999786376952,117.02999877929688,116.2068862915039,931500.0,-0.0022167910259792,-0.0022192517444774,1.980003356933608,54.82812217058001,PWR,931500.0,108246714.58053589,0.9210280571847392,-9.343065693430653,-0.221679102597927,1.7038606059599497,1.3265240814974781,음봉,115.91298217773438,113.3764461517334,98.96171722412109,True,True,1,2.7400011335100465,0.14748718489198215,False,54.82812217058001,4.482930502438478,-0.5325725400957113,40.18642384971119
2021-09-28,115.86000061035156,117.12000274658205,114.0999984741211,115.83000183105467,115.0153350830078,901500.0,-0.0102537056668665,-0.0103066370462164,3.020004272460952,50.314465662073175,PWR,901500.0,103686324.57733153,0.8886081296742498,-3.2206119162640934,-1.0253705666866564,2.6257405330179515,-0.29850699233278155,음봉,116.10362701416015,113.99307861328126,99.3969674428304,True,True,0,2.817858559744702,0.14668936991081793,False,50.314465662073175,4.153546229605425,-0.6895654503430118,19.78313693726619
2021-09-29,116.38999938964844,116.4499969482422,114.52999877929688,115.8499984741211,115.03520965576172,1262000.0,0.0001727993292335,0.0001727844011491,1.9199981689453267,53.77306588042784,PWR,1262000.0,145174434.5855713,1.2396605301604577,39.988907376594575,0.01727993292335306,1.6690526097973348,1.1952008883411323,음봉,116.099658203125,114.6757438659668,99.85803502400717,True,True,0,2.78500093732562,0.14581612738889896,False,53.77306588042784,3.8497332042196604,-0.7947027805830214,20.123455177278974
2021-09-30,116.58000183105467,116.58000183105467,113.81999969482422,113.81999969482422,113.07804870605467,1093300.0,-0.0170135818030303,-0.0171599756171261,2.7600021362304545,44.82512245836538,PWR,1093300.0,123628230.65032957,1.067809853357704,-13.367670364500794,-1.7013581803030364,2.440793918725158,1.3428863909716715,음봉,115.16010894775391,115.27693519592285,100.28681424458821,False,True,0,2.7914297921317015,0.04075183182890201,False,44.82512245836538,3.4117046532516895,-0.986185065240794,-12.618219988763718
2021-10-01,114.3000030517578,117.62999725341795,113.3499984741211,116.66999816894533,115.9094696044922,1512600.0,0.0250395273957881,0.0247311751597901,4.279998779296861,53.780132219091776,PWR,1512600.0,175324663.7237549,1.4612027723258096,38.35177901765299,2.5039527395788186,3.6925359022874735,1.0806291403909736,양봉,115.04898986816406,115.4105125427246,100.77453397115072,False,True,0,2.8992865426199836,0.04070466522810383,False,53.780132219091776,3.2555083997674785,-0.9139050549800043,40.306641659868426
2021-10-04,116.1500015258789,117.4499969482422,112.87999725341795,113.13999938964844,112.40247344970705,1552300.0,-0.0302563385610491,-0.030723508967051,4.569999694824247,44.03059313242665,PWR,1552300.0,174482359.53598025,1.4848591132286895,2.6246198598439685,-3.0256338561049145,4.0657465574981595,0.20751705810357918,음봉,114.2881072998047,115.27142944335938,101.1619337717692,False,True,0,3.0607152666364468,0.04661451288624286,True,44.03059313242665,2.8162722298495027,-1.0825129799183841,-7.001815616990507
2021-10-05,113.16000366210938,114.69000244140624,111.69000244140624,112.66000366210938,111.92560577392578,2449400.0,-0.0042425016207017,-0.0042515265653087,3.0,37.48169084657015,PWR,2449400.0,274150578.7826538,2.3137898771074368,57.791663982477615,-0.4242501620701722,2.6803518098080117,0.6739444330300046,음봉,113.67016143798828,115.1452423095703,101.52748413085938,False,True,0,2.9428585597447037,0.050807042406980425,False,37.48169084657015,2.4020063307933555,-1.197423103179625,3.0479102553728286
2021-10-06,111.47000122070312,112.86000061035156,108.55999755859376,111.70999908447266,110.98179626464844,1485900.0,-0.0084324717543518,-0.0084682261849951,4.300003051757798,38.09313761352088,PWR,1485900.0,164907851.0696411,1.401912112893733,-39.33616395852045,-0.84324717543518,3.8745120339411,-0.40706016292903907,음봉,112.85947875976562,114.9495231628418,101.89203338623047,False,True,0,3.0492875235421346,0.05910419226913265,False,38.093137613520874,1.9747760919802886,-1.2997226735941534,22.320712845221017
2021-10-07,112.16999816894533,114.01000213623048,111.44000244140624,113.38999938964844,112.65084838867188,1632700.0,0.0150389719773809,0.0149270077934701,2.569999694824247,38.46899083196672,PWR,1632700.0,183925040.16418457,1.5237901242615122,9.879534288983116,1.503897197738091,2.281385121891976,1.0706277464310359,양봉,112.77403869628907,114.89733047485352,102.29979120890299,False,True,0,3.050001416887561,0.05913104064457491,False,38.468990831966714,1.7506907342342544,-1.2190464250721504,37.70367307676072
2021-10-08,113.19000244140624,114.08000183105467,112.19000244140624,112.7699966430664,112.03487396240234,617500.0,-0.0054679963362928,-0.0054830005485739,1.8899993896484373,40.51717017909008,PWR,617500.0,69181534.67178345,0.577205555060981,-62.179212347645006,-0.5467996336292802,1.6869741740261166,0.4786062958657468,음봉,111.99911956787109,114.74979629516602,102.70522664388021,False,True,0,2.9707156590053065,0.05920706561243738,False,40.51717017909008,1.506036830380566,-1.1709602631406715,32.026492618125374
2021-10-11,112.47000122070312,113.20999908447266,110.86000061035156,110.9000015258789,110.17708587646484,624000.0,-0.0165822303380369,-0.0167212545499361,2.3499984741210938,40.4559324066994,PWR,624000.0,68750501.58691406,0.5838366706814844,1.0526315789473717,-1.6582230338036963,2.1329285081618607,0.38838554720631463,음봉,111.55404205322266,114.5411476135254,103.08615303039551,False,True,0,2.8585728236607193,0.06634043105700499,False,40.4559324066994,1.1489939891055343,-1.2224024835325626,14.904031411992587
2021-10-12,110.94000244140624,112.48999786376952,110.30999755859376,111.63999938964844,110.9122543334961,664500.0,0.0066726075679253,0.0066504442587961,2.180000305175753,39.692125805781735,PWR,664500.0,73701193.00460815,0.6213524938107423,6.490384615384626,0.6672607567925315,1.965517983811624,0.6924457648088514,음봉,111.35137176513672,114.3275535583496,103.52070604960123,False,True,0,2.8542867388044106,0.06646437249763368,False,39.692125805781735,0.9148115375095784,-1.165267948102815,21.679773748147046
2021-10-13,111.9000015258789,112.1500015258789,110.4499969482422,111.0,110.2764129638672,635200.0,-0.0057328324399305,-0.0057493281989823,1.7000045776367043,29.180428701961134,PWR,635200.0,70047577.51464845,0.5953352197159715,-4.409330323551542,-0.5732832439930502,1.5415849427326969,0.8905663294993614,음봉,111.21029510498047,113.97443008422852,103.89732996622722,False,True,0,2.761429922921318,0.06667029702039108,False,29.180428701961134,0.6701876666020752,-1.1279134552082546,15.819487923765186
2021-10-14,112.2300033569336,113.29000091552734,111.6500015258789,113.13999938964844,112.40247344970705,743800.0,0.0192793765112442,0.0190958839955303,1.6399993896484375,39.21001099075682,PWR,743800.0,83604959.7518921,0.6990257371862286,17.096977329974816,1.9279376511244228,1.459042082719143,1.7715396616196601,양봉,111.1606201171875,113.79215278625489,104.28870175679525,False,True,0,2.72571509225028,0.06677709244782977,False,39.21001099075682,0.6404935880765521,-0.9260860269870221,37.81963096571885
2021-10-15,114.79000091552734,115.2300033569336,112.16000366210938,112.33999633789062,111.60768127441406,1145700.0,-0.0070709491606392,-0.0070960667953673,3.0699996948242188,38.12333447471362,PWR,1145700.0,127868920.43609619,1.07252167581744,54.03334229631622,-0.7070949160639217,2.7507064565528365,2.1240880138536853,음봉,111.07518157958984,113.49318084716796,104.67228800455729,False,True,0,2.803571973528181,0.06695300149070521,False,38.12333447471362,0.5465276996006878,-0.8160415323703092,33.601806156172906
2021-10-18,111.88999938964844,113.27999877929688,111.54000091552734,112.66999816894533,111.935546875,716900.0,0.0029376616093277,0.0029333551134192,1.7399978637695312,41.67565075156998,PWR,716900.0,80246593.5546875,0.6734054877730579,-37.42690058479532,0.2937661609327735,1.5544640753956482,0.25295581093583397,양봉,111.42687377929687,113.29550132751464,105.05223655700684,False,True,0,2.7121429443359366,0.06706982199124539,False,41.67565075156998,0.49283398645864906,-0.6957881964098784,37.21664200642144
2021-10-19,113.20999908447266,114.22000122070312,111.97000122070312,113.25,112.51175689697266,843600.0,0.0051476947052049,0.0051344906191665,2.25,43.37850509573677,PWR,843600.0,94914918.11828613,0.7896024710176902,17.67331566466732,0.514769470520493,1.9997910103388854,1.1385589699185148,음봉,111.74677429199218,113.21798362731934,105.46810239156088,False,True,0,2.7357145036969848,0.06711574312662247,False,43.37850509573677,0.49111539259919823,-0.5580054322154635,43.56956418238878
2021-10-20,113.26000213623048,114.8499984741211,112.36000061035156,114.31999969482422,113.57479095458984,901200.0,0.0094482042315862,0.0094038491152458,2.4899978637695312,51.36761605170264,PWR,901200.0,102353601.60827637,0.8397366116856378,6.827880512091045,0.944820423158621,2.1923860416922074,0.6650373791096312,양봉,112.40644989013671,113.14397048950195,105.90317497253417,False,True,0,2.71642848423549,0.0671596468956369,False,51.36761605170264,0.5689725969625528,-0.38411858228168716,55.289895972739444
2021-10-21,114.27999877929688,116.7699966430664,113.1500015258789,116.5999984741211,115.83992767333984,1320500.0,0.0199440095791649,0.0197477332200813,3.6199951171875,49.80237702604196,PWR,1320500.0,152966624.49264526,1.2164011609629852,46.526853084775865,1.9944009579164979,3.124997736010007,0.6209193244203212,양봉,113.09394073486328,113.04717712402343,106.35001716613769,True,True,1,2.669285365513393,0.05562261071833802,False,49.80237702604196,0.804182479974159,-0.11912695941606477,81.8889832908523
2021-10-22,116.58999633789062,118.75,116.58999633789062,118.05999755859376,117.29039764404295,777300.0,0.0125213300788078,0.0124435865211579,2.160003662109375,65.7288645913838,PWR,777300.0,91169826.08871458,0.7150424981711404,-41.135933358576295,1.2521330078807846,1.841586102099023,0.6475044309988869,양봉,114.23048400878906,113.08844375610352,106.79141031901041,True,True,1,2.4971427917480447,0.06290043024130126,False,65.7288645913838,1.0950062608516191,0.13735745716911618,85.6761334028138
2021-10-25,118.16999816894533,121.38999938964844,117.6999969482422,120.5199966430664,119.73436737060548,929200.0,0.0208369122763107,0.0206227930999148,3.690002441406236,72.30415465573707,PWR,929200.0,111257174.16076662,0.8511743348973684,19.54200437411553,2.0836912276310793,3.08182397622299,0.7499339609810302,양봉,115.79024810791016,113.26481781005859,107.28263829549154,True,True,1,2.5464286804199188,0.08437996616184815,False,72.30415465573707,1.5053414945884782,0.4381541527247801,87.09562133470985
2021-10-26,121.66999816894533,121.9499969482422,119.54000091552734,119.6999969482422,118.91970825195312,676800.0,-0.00680388710896,-0.0068271390780556,2.409996032714858,72.84156820387173,PWR,676800.0,80484858.54492188,0.6206995942883013,-27.163151097718462,-0.6803887108960072,2.0265741214306052,1.6166041887945337,음봉,117.07183837890625,113.46003646850586,107.79007771809896,True,True,1,2.4114281790597087,0.08423478249800793,False,72.84156820387173,1.74468727230078,0.5419999443496655,73.96659059119933
2021-10-27,119.31999969482422,119.62999725341795,116.31999969482422,116.47000122070312,115.71077728271484,790800.0,-0.0269840131329583,-0.0273547664408318,3.309997558593736,58.08824508085804,PWR,790800.0,91504082.6751709,0.7236341188859435,16.84397163120568,-2.6984013132958395,2.860578449409648,0.33660647907326113,음봉,117.49903564453125,113.49381484985352,108.20961214701335,True,True,0,2.464285169328958,0.0842097122806598,False,58.08824508085804,1.6563433197167683,0.3629247934125228,46.39845367108906
2021-10-28,117.13999938964844,121.8499984741211,117.13999938964844,121.51000213623048,120.71791076660156,880000.0,0.0432728359576468,0.0423627294976433,4.709999084472656,68.62748178911079,PWR,880000.0,106231761.47460938,0.8023491579241387,11.279716742539204,4.327283595764686,3.901657222662727,1.2351676658792046,양봉,118.4746322631836,113.87580795288086,108.74801457722982,True,True,1,2.6657137189592595,0.09256421604927945,True,68.62748178911079,1.9676817166095333,0.5394105522442301,89.41506661300734
2021-10-29,121.0199966430664,122.9499969482422,120.55999755859376,121.27999877929688,120.48943328857422,905200.0,-0.0018926559992334,-0.0018944493357358,2.389999389648437,73.78555797146842,PWR,905200.0,109067035.01281738,0.8227428802262169,2.863636363636357,-0.18926559992334946,1.9835759239769588,0.2502411403133895,음봉,119.11443939208985,114.10480613708496,109.22485148111979,True,True,1,2.6685709272112126,0.09237844791106364,False,73.78555797146842,2.170957964171663,0.5941494398450875,80.5335144107438
2021-11-01,122.01000213623048,122.38999938964844,120.5199966430664,120.9800033569336,120.1913833618164,926900.0,-0.0024736602922181,-0.0024767248446564,1.8700027465820312,71.84287506124164,PWR,926900.0,111405393.23806763,0.8417751535586246,2.397260273972601,-0.24736602922181827,1.5558542503439663,1.2619935260335038,음봉,119.20584259033203,114.49425163269044,109.69969991048177,True,True,1,2.646428244454518,0.0920642280273842,False,71.84287506124164,2.281703657259058,0.5639161063459861,77.93109130859364
2021-11-02,120.9800033569336,121.4000015258789,118.88999938964844,120.68000030517578,119.8933334350586,913000.0,-0.0024797944613099,-0.0024828742441342,2.5100021362304688,73.00386126316111,PWR,913000.0,109462613.4262085,0.8308452321625897,-1.4996223972381095,-0.24797944613099698,2.0935293600707467,0.6561368819120558,음봉,119.40056762695312,114.89263801574707,110.17404899597167,True,True,1,2.7042852129255013,0.09174499839312597,False,73.00386126316111,2.318691842503455,0.48072343327230627,73.21065226999633
2021-11-03,119.91999816894533,120.2300033569336,115.16000366210938,116.81999969482422,116.05850219726562,1638900.0,-0.0319853583841686,-0.0325080661837618,5.069999694824219,58.084405933160966,PWR,1638900.0,190208279.25109863,1.4823774157563088,79.50711938663746,-3.1985358384168605,4.368486236541893,0.02224038078078476,음봉,119.47011260986328,115.14647331237794,110.54873746236166,True,True,0,2.9492852347237712,0.09154275061070072,True,58.084405933160966,2.0153348878424424,0.14189318288903507,39.601251996782366
2021-11-04,112.26000213623048,117.41999816894533,110.8000030517578,113.27999877929688,112.5415496826172,1803500.0,-0.0303032733325355,-0.0307719092909624,6.619995117187528,51.843129507539146,PWR,1803500.0,202968684.85260013,1.60671332270869,10.043321740191601,-3.0303273332535574,5.882267603260159,-3.272918389536683,양봉,117.8348403930664,115.1410083770752,110.81681671142579,True,True,0,3.2028563363211506,0.09154709550238244,True,51.843129507539146,1.4741406642148007,-0.3194408325908853,14.333724326917721
2021-11-05,114.08999633789062,118.83000183105467,112.55999755859376,117.41999816894533,116.65457916259766,1657700.0,0.0365467642091277,0.0358947692991185,6.270004272460909,58.10303046341097,PWR,1657700.0,193378295.87783813,1.4593489913754072,-8.084280565566948,3.6546764209127724,5.374846249045684,1.375888869168994,양봉,117.0678695678711,115.37199363708496,111.13325627644856,True,True,0,3.526428222656249,0.09136380986267793,True,58.10303046341097,1.3614336878187743,-0.34571824718952926,48.18583581785895
2021-11-08,121.43000030517578,124.69000244140624,119.58999633789062,119.8000030517578,119.01907348632812,1313600.0,0.0202691942374138,0.0200665083955328,5.100006103515611,60.52717910893193,PWR,1313600.0,156343454.93164062,1.1483871863009707,-20.75767629848585,2.02691942374138,4.285032603704023,4.093642252930302,음봉,116.83340759277344,115.81409301757813,111.50383313496907,True,True,1,3.7300000871930785,0.09015740252915129,False,60.52717910893193,1.4462362171756808,-0.20873257426609815,59.17257592318984
2021-11-09,120.0,121.1999969482422,117.70999908447266,118.20999908447266,117.4394302368164,891100.0,-0.0132721857366262,-0.0133610483368629,3.489997863769545,56.1492178273976,PWR,891100.0,104650276.2840271,0.7840421550115638,-32.163520097442145,-1.3272185736626252,2.9717428437212026,0.8241758946178953,음봉,116.342626953125,116.14045181274415,111.85635706583659,True,True,1,3.8014286586216506,0.089904057025449,False,56.1492178273976,1.3701841935805703,-0.22782767828896722,47.80005382870399
2021-11-10,117.4800033569336,118.69000244140624,115.4800033569336,116.04000091552734,115.2835693359375,635300.0,-0.0183572152600843,-0.0185277997994541,3.209999084472642,49.11166167737981,PWR,635300.0,73239651.5991211,0.563413768929956,-28.70609359218943,-1.835721526008438,2.7844376288512303,0.03454812411416836,음봉,116.18764038085938,116.39080963134765,112.20472475687663,False,True,0,3.7721432277134466,0.07827275642332016,False,49.11166167737981,1.1230071323623605,-0.3800037916057417,32.27909633690187
2021-11-11,116.1999969482422,118.16000366210938,116.1500015258789,116.54000091552734,115.7802963256836,607200.0,0.0043087405482618,0.0042994845041093,2.0100021362304688,47.51307466455184,PWR,607200.0,70301795.92895508,0.5387148107986311,-4.423107193451914,0.43087405482618024,1.7360485333155855,0.7949334129603693,음봉,116.83538970947265,116.55970077514648,112.54167760213217,True,True,0,3.7614288330078103,0.0781593417931117,False,47.51307466455184,0.9561770336399462,-0.4374671122625249,35.85524472835739
2021-11-12,116.63999938964844,117.51000213623048,113.55999755859376,116.9800033569336,116.21746826171876,1233900.0,0.0037758750833167,0.00376876436084,3.950004577636719,43.79823362125402,PWR,1233900.0,143400734.0881348,1.0854561220514496,103.21146245059288,0.3775875083316782,3.398804531468032,0.7425296801336096,음봉,116.74796752929687,116.79019012451172,112.89187469482422,False,True,0,3.7800004141671306,0.0751977874360728,False,43.79823362125402,0.8494472015196095,-0.4353575555062894,39.002631015220544
2021-11-15,118.56999969482422,119.27999877929688,117.70999908447266,118.68000030517578,117.90635681152344,1182200.0,0.0145321402631257,0.0144275606721211,1.5699996948242188,48.26648575673636,PWR,1182200.0,139388895.022583,1.0379308999286478,-4.189966772023668,1.453214026312577,1.3315649276941925,2.0242494250585583,음봉,116.52542419433594,117.08873062133789,113.2632687886556,False,True,0,3.7200006757463706,0.0700849161664192,False,48.26648575673636,0.890872804811238,-0.3151455617717289,51.1616563861167
2021-11-16,118.81999969482422,120.0,117.94000244140624,119.48999786376952,118.7110824584961,869700.0,0.0068251251987967,0.0068019394690277,2.059997558593764,55.59256857458162,PWR,869700.0,103243028.41415405,0.763738017610645,-26.43376755202166,0.6825125198796744,1.735303491410739,0.7748885709031487,음봉,116.77975463867188,117.39869689941406,113.62804997762045,False,True,0,3.6307149614606584,0.06964609744339649,False,55.59256857458162,0.9773710036750316,-0.1829178903263482,56.95521781400545
2021-11-17,119.43000030517578,119.9800033569336,117.51000213623048,118.5,117.72754669189452,957600.0,-0.0082851217109021,-0.0083196340901575,2.470001220703111,43.44231000244601,PWR,957600.0,112735898.71215819,0.8393221848131556,10.106933425319076,-0.8285121710902121,2.098065652525119,0.6056029747105005,음봉,117.26855010986328,117.6063346862793,113.95095291137696,False,True,0,3.470715114048548,0.06952313500624951,False,43.44231000244601,0.9555434230710205,-0.1637963767442876,49.874326454610866
2021-11-18,118.91000366210938,119.81999969482422,117.9000015258789,119.05999755859376,118.28388214111328,566700.0,0.0047256183013373,0.0047144876196333,1.9199981689453125,45.2319203344118,PWR,566700.0,67031476.0093689,0.49698485746978593,-40.82080200501254,0.4725618301337331,1.6232119999703296,1.004401266688648,음봉,117.76926727294922,117.72853240966796,114.23116289774576,True,True,1,3.437143598284039,0.069450972645548,False,45.2319203344118,0.9719326943523328,-0.1179256843703802,53.87962144140097
2021-11-19,118.4000015258789,121.58999633789062,117.9800033569336,121.05999755859376,120.27082824707033,813900.0,0.0167981137411994,0.0166585857981523,3.6099929809570312,50.160060181275526,PWR,813900.0,97888427.11029054,0.7119963675142467,43.6209634727369,1.6798113741199439,3.00155327237049,0.09817008257058556,양봉,118.57993927001954,117.87755393981934,114.55441856384277,True,True,1,3.5614286150251107,0.06936317229791418,False,50.160060181275526,1.1321999587162992,0.033873263994868896,68.18448964346743
2021-11-22,122.0,122.63999938964844,119.2699966430664,120.56999969482422,119.78404998779295,1056300.0,-0.0040473510191298,-0.004055563711522,3.3700027465820312,49.78148485344044,PWR,1056300.0,126527892.0021057,0.9208846439656758,29.782528566162924,-0.40473510191298967,2.8133985676101823,1.4377316412733643,음봉,118.95547790527344,117.88003807067871,114.84043401082357,True,True,1,3.622857230050222,0.06936171058141298,False,49.78148485344044,1.2060316014669041,0.08616392539637907,64.6799663845237
2021-11-23,120.4499969482422,121.83000183105467,119.3499984741211,120.83000183105467,120.04235076904295,1038300.0,0.0021563871089373,0.0021540654432631,2.4800033569335795,59.29529160746265,PWR,1038300.0,124639972.8034973,0.9080206554782826,-1.704061346208463,0.21563871089373965,2.065940346090868,0.5559562901046617,음봉,119.22173156738282,117.9361701965332,115.1297617594401,True,True,1,3.437857491629462,0.06932869763668746,False,59.29529160746265,1.2707381462690108,0.12069637615878848,66.53958332189016
2021-11-24,120.37000274658205,122.5500030517578,119.0199966430664,121.9800033569336,121.1848602294922,861700.0,0.009517553206263,0.0094725466396575,3.530006408691392,72.67996492590788,PWR,861700.0,104424994.05975343,0.7526922421000528,-17.00857170374651,0.9517553206263019,2.912910409771064,0.272946985326438,양봉,119.91319427490234,118.20987434387207,115.45981101989746,True,True,1,3.217144012451167,0.07311834645667284,False,72.67996492590788,1.3980931665769418,0.19844111717337554,71.10353832684254
2021-11-26,118.47000122070312,119.41000366210938,116.0,117.54000091552734,116.7738037109375,647100.0,-0.0363994026168064,-0.0370783882922629,3.410003662109375,50.30802642715757,PWR,647100.0,75564328.38134766,0.5680792716064178,-24.904259022861787,-3.639940261680641,2.9201786306032442,-2.240262524252492,음봉,119.61117858886719,118.01266899108887,115.72180404663087,True,True,0,3.0128582545689144,0.07324053104440555,False,50.308026427157564,1.1300609027559858,-0.05567291731806434,28.87515491845526
2021-11-29,121.02999877929688,124.1999969482422,119.9499969482422,121.68000030517578,120.88681030273438,1100100.0,0.0352219972381668,0.0346158938028082,4.25,54.42560490329427,PWR,1100100.0,132987580.01403809,0.9596339599233471,70.00463606861382,3.522199723816688,3.515685449352838,3.6448200992880078,음봉,119.734375,118.03253784179688,115.84928550720215,True,True,1,2.952143532889228,0.07322820219675298,False,54.42560490329427,1.2352890178799925,0.03964415824475376,68.86102598153157
2021-11-30,120.19000244140624,121.37000274658205,113.5999984741211,113.77999877929688,113.03829193115234,1647600.0,-0.0649245219716455,-0.0671280277875353,7.770004272460952,41.960028855845685,PWR,1647600.0,186241889.7857666,1.4209923240885625,49.76820289064629,-6.492452197164555,6.873780680615192,-0.576413472721414,음봉,118.38522338867188,117.67488327026368,115.81352144877116,True,False,0,3.2578582763671853,0.07345076796909945,True,41.960028855845685,0.6775626964648467,-0.41446573053631375,-4.903248659478151
2021-12-01,116.5999984741211,117.83000183105467,110.48999786376952,110.51000213623048,109.78961181640624,1129400.0,-0.0287396426400777,-0.0291607134086994,7.340003967285156,40.34900981739213,PWR,1129400.0,123996387.5854492,0.9690393664326425,-31.45180869142996,-2.873964264007778,6.685517733280038,3.1508849630690285,음봉,116.33467559814453,117.16969718933106,115.73585917154948,False,False,0,3.552858625139508,0.09725422772641223,True,40.34900981739213,-0.026277851648870865,-0.894645022920025,-5.108578367131376
2021-12-02,111.1500015258789,115.91999816894533,110.5999984741211,113.58999633789062,112.84954833984376,1731000.0,0.0278709112165771,0.0274895864015356,5.319999694824233,45.27700776872405,PWR,1731000.0,195342568.17626956,1.5254792083113597,53.26722153355765,2.7870911216577143,4.7142410165463655,1.2390878216670977,양봉,114.66761322021485,117.00924949645996,115.70174865722656,False,False,0,3.7892870221819197,0.09738758655511863,False,45.27700776872405,-0.3333229133822897,-0.961352067722755,17.210434964554928
2021-12-03,114.19000244140624,114.4499969482422,110.12999725341795,112.61000061035156,111.8759307861328,1047700.0,-0.0086275715590721,-0.0086650045137509,4.319999694824247,43.12239001944401,PWR,1047700.0,117212412.68463133,0.9409419241345784,-39.474292316580005,-0.8627571559072122,3.861420114646964,1.1878240730975063,음봉,113.6880386352539,116.97596855163575,115.67143580118815,False,False,0,3.8157152448381715,0.09741529439062396,False,43.12239001944401,-0.6477542291289211,-1.0206267067755093,12.408909527958969
2021-12-06,114.1500015258789,114.83999633789062,111.56999969482422,112.95999908447266,112.2236557006836,1191300.0,0.0031081298015345,0.0031033095514954,3.2699966430664062,40.59830127877438,PWR,1191300.0,133692041.03622437,1.074821738775522,13.706213610766449,0.31081298015345205,2.913821174911599,2.032672017802763,음봉,111.95540771484374,116.75442237854004,115.625404103597,False,False,0,3.937143598284042,0.09760014379704096,False,40.59830127877438,-0.858982996383574,-0.9854843792241296,14.88030200907401
2021-12-07,115.0,117.51000213623048,114.48999786376952,117.0,116.23731231689452,797600.0,0.0357648001319428,0.0351400911631145,3.020004272460966,46.30014131127368,PWR,797600.0,92710880.30395506,0.7226954812116261,-33.04793083186435,3.576480013194283,2.5981367017740506,2.4739385666791236,양봉,112.59521179199218,116.61533432006836,115.65685831705729,False,True,0,4.005715506417414,0.09771655228299556,False,46.30014131127368,-0.6945089045191537,-0.6568082298877673,43.40664673733563
2021-12-08,116.94000244140624,117.38999938964844,115.72000122070312,116.05999755859376,115.30345153808594,1018200.0,-0.0080340878517788,-0.0080665350414865,1.6699981689453125,46.36904170109288,PWR,1018200.0,117401974.3560791,0.9209082373614258,27.6579739217653,-0.8034087851778837,1.4483505451644652,0.6045306025280371,음봉,113.69797973632812,116.50853538513184,115.65884691874186,False,False,0,3.948572431291857,0.09780612532307366,False,46.369041701092875,-0.632228821686823,-0.4756225176443493,36.76939869850229
2021-12-09,115.25,117.02999877929688,113.58000183105467,113.66000366210938,112.91908264160156,844100.0,-0.0206790765122655,-0.0208958827246882,3.4499969482422017,42.38148574543943,PWR,844100.0,95314997.65777588,0.7687613843351548,-17.098801807110586,-2.0679076512265526,3.0552824797490485,-0.04635727497566011,음봉,113.71188659667969,116.39031105041504,115.58518358866374,False,False,0,4.057858058384491,0.0979054726312232,False,42.38148574543943,-0.7664350639544182,-0.4878630079295555,19.822924297642974
2021-12-10,114.5,115.2699966430664,113.23999786376952,114.36000061035156,113.61450958251952,611300.0,0.0061586308057886,0.0061397439442252,2.029998779296889,40.18746961902111,PWR,611300.0,69452549.70779417,0.5605000152816407,-27.579670655135647,0.6158630805788601,1.7867425443776421,1.4000444578673872,음봉,114.05960235595703,116.28202171325684,115.54462509155273,False,False,0,3.9450013296944815,0.09799664853768912,False,40.18746961902111,-0.8073724486326626,-0.4230403140862399,24.76554658621184
2021-12-13,114.76000213623048,114.88999938964844,111.3499984741211,112.01000213623048,111.2798309326172,989100.0,-0.0205491240377763,-0.0207631950121977,3.540000915527344,38.111089660792295,PWR,989100.0,110066880.77545168,0.9123389838449443,61.80271552429248,-2.054912403777631,3.181170285629662,1.0082273451869117,음봉,113.87083740234375,116.03513984680175,115.43950360616049,False,False,0,3.957144056047718,0.09820515085456719,False,38.111089660792295,-1.0164872440436312,-0.5057240875977668,8.172236703190704
2021-12-14,111.66000366210938,112.77999877929688,109.31999969482422,110.76000213623048,110.0379867553711,1005300.0,-0.0111596519049177,-0.0112223879988762,3.459999084472656,36.388207816473816,PWR,1005300.0,110621188.08517456,0.9313822520327236,1.6378525932666088,-1.1159651904917745,3.1443678555885333,0.34163668861285174,음봉,112.63097229003907,115.64172134399413,115.3419844309489,False,False,0,4.027143750871938,0.09853924933535918,False,36.388207816473816,-1.267804214769356,-0.6056328466587931,4.825182749156429
2021-12-15,111.41999816894533,112.2699966430664,108.6999969482422,112.16000366210938,111.42884826660156,864400.0,0.0126398305916168,0.0125606147510545,3.5699996948242045,36.81521588055352,PWR,864400.0,96319096.44165039,0.803419206925753,-14.01571670148214,1.2639830591616885,3.20383792021499,1.2559402932794708,양봉,111.85605163574219,115.27760963439941,115.2980967203776,False,False,0,4.030000414167139,0.09885049186243333,False,36.815215880553524,-1.3393051486042395,-0.5417070243949412,17.605492376512004
2021-12-16,113.13999938964844,115.20999908447266,110.5500030517578,111.3499984741211,110.62413787841795,913700.0,-0.007221741951943,-0.0072479449608137,4.659996032714858,40.791402297348334,PWR,913700.0,101077274.77951048,0.8666113647038987,5.7033780657103295,-0.7221741951943028,4.212458620772667,1.5356446285371472,음봉,111.39706268310547,114.92243919372558,115.22424812316895,False,False,0,4.119285583496102,0.09915599158034676,False,40.791402297348334,-1.4442550833031476,-0.5173255672750792,12.413812452746791
2021-12-17,110.66000366210938,111.5199966430664,107.37999725341795,108.86000061035156,108.15037536621094,2274600.0,-0.0223618692958839,-0.0226156869227207,4.139999389648452,29.94366314955819,PWR,2274600.0,245998843.8079834,2.1268229406299444,148.94385465688958,-2.2361869295883907,3.828002792990673,0.03242130007000727,음봉,110.30423583984376,114.41576385498047,115.06382446289062,False,False,0,4.1114283970424195,0.1139221067457295,False,29.94366314955819,-1.7073592486899969,-0.6243437861295427,5.506631953571508
2021-12-20,105.70999908447266,107.63999938964844,105.22000122070312,107.44000244140624,106.73963928222656,1690400.0,-0.0130442088546381,-0.0131300316912595,2.4199981689453125,37.55888821343613,PWR,1690400.0,180432686.24267578,1.5694432572794503,-25.683636683372903,-1.3044208854638195,2.2671972523222417,-2.256465845333275,양봉,109.39619750976563,113.73920440673828,114.90173403422038,False,False,0,3.72928510393416,0.12700300676984388,False,37.55888821343613,-2.006575256776017,-0.7388478353724501,12.05105462307406
2021-12-21,108.37000274658205,110.97000122070312,108.37000274658205,110.83000183105467,110.10752868652344,951400.0,0.0315523776072725,0.0310648303372159,2.5999984741210795,50.62500674953296,PWR,951400.0,104756302.7923584,0.884444726446931,-43.717463322290584,3.1552377607272586,2.3613267004868352,1.5274208113489083,양봉,109.4101058959961,113.2553783416748,114.80007807413737,False,False,0,3.3907132829938686,0.12754556259294403,False,50.62500674953296,-1.949473256423417,-0.5453966680158799,39.7683246682703
2021-12-22,111.16999816894533,111.75,110.12999725341795,111.5199966430664,110.79302978515624,692300.0,0.0062257422976446,0.0062064424266602,1.6200027465820457,45.54067673347351,PWR,692300.0,76702014.52026366,0.6496596410218216,-27.233550557073784,0.622574229764461,1.4621883251351335,0.9649380883361246,음봉,109.28294219970704,112.79291229248047,114.72970631917318,False,False,0,3.126427786690855,0.1280685164845119,False,45.54067673347351,-1.827835154188719,-0.33900685262494545,45.34603864359415
2021-12-23,111.95999908447266,113.04000091552734,111.51000213623048,111.87999725341795,111.1506805419922,493100.0,0.0032280979907264,0.003222898868254,1.5299987792968608,48.384215969099934,PWR,493100.0,54808400.575256355,0.4664417437680741,-28.77365304058934,0.32280979907264307,1.3765086923771326,1.0532876495744752,음봉,109.38825073242188,112.29120330810547,114.66496416727702,False,False,0,2.927142007010328,0.12598645845561648,False,48.384215969099934,-1.6831740717878745,-0.15547661617928066,48.25613408861649
2021-12-27,112.3499984741211,114.44000244140624,112.05999755859376,114.37999725341795,113.6343994140625,608100.0,0.0223455120558795,0.0220995090659019,2.380004882812472,52.869854031025206,PWR,608100.0,69101078.2836914,0.578031359200449,23.321841411478395,2.2345512055879535,2.094440499606267,1.0790018795033787,양봉,110.48505554199218,112.13423309326171,114.67423667907715,False,False,0,2.8635711669921897,0.12616281959802278,False,52.869854031025206,-1.3525227260176251,0.14013978367277513,68.46539923954364
2021-12-28,114.4000015258789,115.66999816894533,114.11000061035156,114.3000030517578,113.5549087524414,432200.0,-0.0006995299137494,-0.0006997746989625,1.5599975585937642,43.50334600187148,PWR,432200.0,49078431.562805176,0.41375883442565403,-28.926163459957245,-0.06995299137494415,1.3737825830098467,0.6737415041256084,음봉,111.84810943603516,111.76763801574707,114.63499399820964,True,False,0,2.759284973144532,0.08497695042396634,False,43.50334600187148,-1.0843931748338633,0.32661546788522977,68.48733595545487
2021-12-29,114.41999816894533,115.33999633789062,114.06999969482422,114.27999877929688,113.53504943847656,412800.0,-0.0001748873226443,-0.0001749026172154,1.2699966430664062,45.51860782733644,PWR,412800.0,46867268.408203125,0.400352839573452,-4.4886626561777,-0.017488732264436813,1.1185943454004519,0.7618247647839541,음봉,112.53361358642579,111.79247589111328,114.65387026468913,True,False,0,2.730713435581753,0.08495807037960909,False,45.51860782733644,-0.8635466264468192,0.4379696130178192,70.40685805834777
2021-12-30,114.38999938964844,115.37000274658205,112.5999984741211,112.83000183105467,112.09449768066406,644600.0,-0.0126881677943261,-0.0127693500288945,2.770004272460952,47.80540024236439,PWR,644600.0,72256113.20495605,0.6295117036118432,56.1531007751938,-1.2688167794326133,2.4711331330036983,0.753027329798419,음봉,112.79390716552734,111.90772018432617,114.65668512980143,True,False,0,2.682142530168807,0.08487057925069054,False,47.805400242364385,-0.7955935264653959,0.4047381703993942,65.78467433062073
2021-12-31,112.83000183105467,115.26000213623048,112.83000183105467,114.66000366210938,113.91256713867188,631400.0,0.0162190785063076,0.0160889543629072,2.4300003051758097,50.74853758591027,PWR,631400.0,71924394.89135742,0.6251603047676524,-2.0477815699658675,1.621907850630766,2.133215295040836,0.6561465242352238,양봉,113.34628448486328,111.96087112426758,114.70553131103516,True,False,0,2.710714067731587,0.08483028882587292,False,50.74853758591027,-0.5882561434882945,0.4896604427011966,83.1824732679078
2022-01-03,114.75,115.88999938964844,111.94000244140624,112.2699966430664,111.60625457763672,923600.0,-0.0202463399690356,-0.0204541062309208,3.9499969482422017,50.82094543902781,PWR,923600.0,103079536.72790527,0.923598533970581,46.27811213177067,-2.0246339969035687,3.5392254342649436,0.7351540592607952,음봉,112.94065551757812,111.94738731384277,114.68812141418456,True,False,0,2.739999498639791,0.08484050644291836,False,50.82094543902781,-0.6030879007997783,0.37986294831177025,59.852431610724906
2022-01-04,113.13999938964844,116.72000122070312,113.0,116.1500015258789,115.4633331298828,853300.0,0.0345596988882284,0.0339759245019082,3.720001220703125,62.05836558852424,PWR,853300.0,98524862.15972899,0.8754787961696306,-7.611520138588135,3.4559698888228407,3.2218030779681004,1.374246289167243,양봉,113.32234039306641,112.10937118530273,114.74526240030924,True,True,0,2.7585710797991103,0.08471792263440218,False,62.05836558852424,-0.3001482489324445,0.5462420801432832,89.07245138417107
2022-01-05,115.91999816894533,117.58999633789062,109.18000030517578,109.31999969482422,108.6737289428711,1585700.0,-0.0588031195961941,-0.0606029366225166,8.409996032714844,45.06161375947181,PWR,1585700.0,172323931.9847107,1.624275248033455,85.83147779210125,-5.8803119596194104,7.738757208870519,0.39550654453118333,음봉,112.3500762939453,111.73119201660157,114.72020645141602,True,False,0,3.104285103934156,0.07807751524176013,True,45.061613759471804,-0.6010027218016205,0.19631008581928577,27.920202792717223
2022-01-06,109.77999877929688,110.48999786376952,108.04000091552734,109.98999786376952,109.33976745605467,1044700.0,0.0061287904598701,0.0061100858093034,2.4499969482421733,47.68634129808972,PWR,1044700.0,114227255.06134032,1.0804438257397917,-34.117424481301626,0.6128790459870137,2.2407190039313596,1.017973568393276,음봉,111.79913024902343,111.4330078125,114.69399833679199,True,False,0,2.9464280264718212,0.07828644329815583,False,47.68634129808972,-0.7767346043733312,0.016462562598060226,33.30450979424669
2022-01-07,109.8000030517578,110.25,106.62000274658205,106.69000244140624,106.05927276611328,832200.0,-0.0300027589802572,-0.0304620517982971,3.6299972534179545,46.33949007548193,PWR,832200.0,88262526.79595947,0.8576504363615544,-20.340767684502726,-3.0002758980257282,3.422611864804117,0.4209224204616136,음봉,110.22847137451171,111.09001731872559,114.62371266682943,False,False,0,2.909999302455357,0.08465261407592153,False,46.33949007548193,-1.1672564864476556,-0.2992474555810113,6.784736270785021
2022-01-10,105.91999816894533,108.0,103.58999633789062,107.7699966430664,107.13288879394533,1380400.0,0.0101227926595313,0.0100719003539219,4.410003662109375,50.696611707898825,PWR,1380400.0,147886239.69116214,1.4052279238417178,65.87358807978852,1.012279265953131,4.116386398010214,-0.13131769956134734,양봉,109.33379821777343,110.76593627929688,114.53588625590007,False,False,0,3.052142551967076,0.08490029227087587,False,50.696611707898825,-1.37427427233186,-0.4050121931721724,25.30637468610501
2022-01-11,108.25,110.56999969482422,105.38999938964844,109.9800033569336,109.32981872558594,1133200.0,0.0205065872522685,0.0202991581732092,5.180000305175781,48.56271971060381,PWR,1133200.0,123892550.57983398,1.1449108019167484,-17.907852796290936,2.0506587252268504,4.737957462618138,1.0427341394697904,양봉,108.10709533691406,110.6684356689453,114.49792188008627,False,False,0,3.236428397042412,0.08497509074675022,True,48.56271971060381,-1.3455527792916655,-0.3010325601055821,40.998731340680806
2022-01-12,110.7300033569336,111.37999725341795,108.27999877929688,110.13999938964844,109.48887634277344,757300.0,0.001454842046219,0.0014537847888334,3.0999984741210795,47.54197415117024,PWR,757300.0,82915926.05438232,0.763630863492094,-33.171549594069894,0.14548420462190403,2.8313364587065544,1.2806978440731447,음봉,108.27012481689454,110.64098014831544,114.45714403788249,False,False,0,3.342142377580914,0.08499617728587791,False,47.54197415117024,-1.295027893296023,-0.2004061392879517,42.134857177734375
2022-01-13,110.70999908447266,111.8499984741211,107.02999877929688,107.27999877929688,106.64576721191406,824000.0,-0.025967104840482,-0.0263102026455136,4.819999694824219,42.236637483782125,PWR,824000.0,87876112.18261719,0.8298232517395885,8.807605968572553,-2.5967104840482036,4.519635256827846,1.1152938841716555,음봉,107.7313247680664,110.40182609558106,114.35937754313152,False,False,0,3.5771424429757253,0.08518029725004633,False,42.236637483782125,-1.4674854444130432,-0.2982909523239774,21.826934814453125
2022-01-14,105.6500015258789,107.0199966430664,105.12999725341795,106.63999938964844,106.00955963134766,581100.0,-0.00596561492499,-0.0059834802930795,1.889999389648452,35.966425116906294,PWR,581100.0,61602155.10177612,0.5905363966751246,-29.478155339805824,-0.5965614924990037,1.7828575047580593,-0.933713275329987,양봉,107.72138214111328,110.17109718322754,114.23329035441081,False,False,0,3.542142050606867,0.08580992420192023,False,35.966425116906294,-1.6366298804112915,-0.37394831065778056,17.28259495326451
2022-01-18,105.0500030517578,106.44000244140624,104.06999969482422,105.5999984741211,104.97571563720705,1089200.0,-0.0097523657086761,-0.0098002314844048,2.370002746582017,34.745808696293864,PWR,1089200.0,114339549.47204591,1.1002796413407392,87.43761831010153,-0.9752365708676103,2.25766762550367,-0.9051604241417031,음봉,107.28994750976562,110.01236419677734,114.05222015380859,False,False,0,3.5999995640345994,0.09533126180178003,False,34.745808696293864,-1.8329712827298579,-0.45623177038107743,9.897994995117289
2022-01-19,106.2699966430664,107.3499984741211,102.0999984741211,102.16000366210938,101.55604553222656,1148100.0,-0.0325758208384,-0.0331182249407439,5.25,30.99812512071984,PWR,1148100.0,116596495.87554932,1.1541436825535623,5.407638633859713,-3.257582083840005,5.16955930342328,1.2329337294849767,음봉,105.73519287109374,109.75318450927735,113.78998095194498,False,False,0,3.8842855181012843,0.1267142056956048,False,30.998125120719834,-2.238705651522281,-0.6895729113388003,-3.5116398767672834
2022-01-20,102.48999786376952,104.0999984741211,99.72000122070312,99.9800033569336,99.3889389038086,1145100.0,-0.0213390213951397,-0.0215699899849851,4.379997253417969,30.29971157147056,PWR,1145100.0,113810273.93875122,1.1466652891248372,-0.2613012803762693,-2.133902139513977,4.406926265363445,0.9196422789489036,음봉,103.71520538330078,109.21725502014161,113.45089047749838,False,False,0,3.9992850167410716,0.14717815626395114,False,30.299711571470553,-2.703950991714663,-0.9238546012249458,-1.8526155979534262
2022-01-21,99.9800033569336,100.55999755859376,97.86000061035156,98.2699966430664,97.68905639648438,3039000.0,-0.0171033369112574,-0.0172512883804779,2.6999969482422017,24.75250557678723,PWR,3039000.0,296877042.388916,2.9622403589525392,165.39166884988214,-1.7103336911257427,2.763868387963433,0.5946984238327051,음봉,101.92386322021484,108.562056350708,113.09704627990723,False,False,0,4.018570491245813,0.16372457680774674,False,24.75250557678723,-3.173248355791941,-1.1145215722417787,-0.8664178960190252
2022-01-24,95.75,99.66000366210938,93.91000366210938,99.4800033569336,98.8918914794922,1840200.0,0.012312894886874,0.0122377077483675,5.75,29.509800763345808,PWR,1840200.0,181980858.70056155,1.7646988982485836,-39.4471865745311,1.2312894886874037,5.81443019642557,-1.984926938606562,양봉,100.50032958984374,107.94911689758301,112.81673151652018,False,False,0,4.147142137799942,0.16465421157879237,False,29.509800763345808,-3.4088164451761855,-1.0800717293008186,21.038384114358532
2022-01-25,97.87000274658205,98.16999816894533,95.37000274658205,97.05999755859376,96.48619842529295,1456600.0,-0.024326494500291,-0.0246272715879395,2.799995422363281,17.915943797427204,PWR,1456600.0,140541796.6262817,1.3857130776711344,-20.845560265188567,-2.4326494500291007,2.9019647038236807,-1.033339253220848,음봉,98.80242614746093,107.09170684814453,112.41286964416504,False,False,0,4.081427437918525,0.17720452183565735,False,17.915943797427204,-3.74643856573897,-1.1341550798908822,10.879204222974218
2022-01-26,99.0,101.25,95.94000244140624,97.05999755859376,96.48619842529295,1095100.0,0.0,0.0,5.309997558593764,23.254759563997936,PWR,1095100.0,105662035.89553832,1.035266524712227,-24.818069476863926,0.0,5.503375244600577,2.6053483459123163,음봉,97.78845672607422,106.2382713317871,112.01281572977702,False,False,0,3.8599989754813047,0.17862804492858664,False,23.254759563997936,-3.968262864576019,-1.0847835029823445,14.360064148171823
2022-01-27,97.94000244140624,99.6999969482422,96.44000244140624,96.88999938964844,96.31719207763672,1165900.0,-0.0017516116337311,-0.001753147499144,3.259994506835966,20.784962384395016,PWR,1165900.0,112296214.24331665,1.096029019848932,6.465162998812901,-0.1751611633731165,3.38464446119675,1.506748156565551,음봉,97.17410736083984,105.37737846374512,111.61491254170735,False,False,0,3.91785594395229,0.1816911877233051,False,20.784962384395016,-4.110316449921498,-0.9814696706622588,13.417999507533922
2022-01-28,96.87999725341795,98.5500030517578,94.91000366210938,98.5,97.9176788330078,939300.0,0.0166168336186649,0.016480284637093,3.6399993896484233,30.245988702949447,PWR,939300.0,91974075.72784422,0.8822282353467361,-19.435629127712495,1.661683361866495,3.7174077582621257,0.5843247333535069,양봉,97.21983184814454,104.66853752136231,111.24865163167318,False,False,0,3.918570382254466,0.18292164489580692,False,30.245988702949447,-4.047096623767459,-0.734599875606575,22.339332942365655
2022-01-31,97.5500030517578,102.72000122070312,97.5500030517578,102.72000122070312,102.11273956298828,1471000.0,0.0428427305464917,0.0419503789796227,5.169998168945327,39.421862244561645,PWR,1471000.0,150207839.89715576,1.3700653299093897,56.60598317896306,4.284273054649179,5.063029540752074,-0.3754947887163941,양봉,97.86400146484375,104.07854614257812,111.01622225443522,False,False,0,3.97285570417132,0.18395857515167066,False,39.421862244561645,-3.616795942494292,-0.24343935546672624,45.72317877921998
2022-02-01,103.08999633789062,104.11000061035156,101.02999877929688,103.12000274658205,102.51036834716795,1054200.0,0.0038940173956882,0.0038864553347899,3.0800018310546875,34.45148563764738,PWR,1054200.0,108066430.31158446,0.9800202453643724,-28.33446634942216,0.38940173956882873,3.004575908481533,0.9570370740073256,음봉,99.06883544921875,103.62375183105469,110.8490358988444,False,False,0,3.8228558131626706,0.18476595099028473,False,34.45148563764738,-3.2067290562346358,0.13330202463434437,47.93961634426008
2022-02-02,103.3000030517578,104.0,101.47000122070312,103.80999755859376,103.19629669189452,1161600.0,0.0066913069944647,0.0066690195659273,2.529998779296875,35.98937695797359,PWR,1161600.0,119872818.23730467,1.0759160918120712,10.18782014797952,0.6691306994464741,2.451637181177638,0.7702974024204245,음봉,100.41085510253905,103.01040000915528,110.62473119099936,False,False,0,3.782141549246656,0.12786751885213588,False,35.98937695797359,-2.794189729742669,0.43667308090104884,51.76307533582734
2022-02-03,102.4800033569336,103.80999755859376,101.30999755859376,101.47000122070312,100.8701400756836,1049900.0,-0.0225410861705236,-0.0227990198939844,2.5,36.83738139658616,PWR,1049900.0,105903560.0654602,0.980950106928555,-9.616046831955927,-2.254108617052364,2.4784341512009718,-0.6941075968060239,음봉,101.32144470214843,102.6202205657959,110.3222489674886,False,False,0,3.6164272853306403,0.12835369279577383,False,36.83738139658616,-2.62469489085278,0.4849343358327509,51.78674925792188
2022-02-04,101.19000244140624,102.41999816894533,99.91999816894533,99.9499969482422,99.35911560058594,853000.0,-0.0149798986495301,-0.0150932305558717,2.5,35.42484932209574,PWR,853000.0,84753325.6072998,0.8083763427435066,-18.75416706352986,-1.49798986495302,2.5161254555140755,0.31710312435637245,음봉,101.60973205566405,102.12118797302246,110.0209103902181,False,False,0,3.659998757498608,0.12898091499499895,False,35.42484932209574,-2.5825263012362427,0.421682340359431,40.54400328790701
2022-02-07,100.0,100.81999969482422,98.43000030517578,98.87000274658205,98.2854995727539,1241500.0,-0.0108054104683043,-0.0108642128891629,2.389999389648437,35.36320092724763,PWR,1241500.0,122021447.71957397,1.1839649417588156,45.54513481828839,-1.08054104683043,2.431690737736229,0.6450182205630292,음봉,100.84428405761717,101.7324993133545,109.73760922749837,False,False,0,3.6614270891462093,0.12947371148884831,False,35.36320092724763,-2.6057023167057736,0.31880505991192054,32.555785711569044
2022-02-08,99.25,102.62999725341795,98.97000122070312,102.25,101.6455078125,1103800.0,0.0341862050287378,0.0336148421062003,3.6599960327148295,50.19623712057922,PWR,1103800.0,112196311.5234375,1.0560000728910566,-11.091421667337897,3.4186205028737815,3.6007454844598024,0.9813252528997335,양봉,100.67131195068359,101.45813026428223,109.50202941894531,False,False,0,3.5478553771972687,0.12982384192204788,False,50.19623712057922,-2.32613070495195,0.47870133733259523,75.83829867442971
2022-02-09,104.0199966430664,106.41999816894533,104.0199966430664,106.2699966430664,105.64173889160156,999600.0,0.0393153732526301,0.0385622014326288,2.4000015258789205,62.6967840644916,PWR,999600.0,105599482.19604492,0.9547393731371343,-9.440115963036778,3.9315373252630126,2.271830766002015,2.336048962386511,양봉,101.160400390625,101.273726272583,109.3257672627767,False,False,0,3.4064271109444797,0.13006023131492675,False,62.6967840644916,-1.761796840943532,0.834428161072811,93.77889992742608
2022-02-10,104.0999984741211,106.8499984741211,101.95999908447266,102.87000274658205,102.26185607910156,1325900.0,-0.0319938203210388,-0.0325168077600684,4.8899993896484375,58.69235945539874,PWR,1325900.0,135588994.97528076,1.25327377915944,32.64305722288916,-3.1993820321038813,4.781841027671086,-1.4594046194775727,음봉,101.4387435913086,100.91237525939941,109.065025583903,True,False,0,3.5628558567592106,0.10235191776754156,False,58.692359455398744,-1.5691977491598124,0.8216218022852249,64.54293481817683
2022-02-11,102.81999969482422,103.83000183105467,99.33000183105467,99.91000366210938,99.3193588256836,1394800.0,-0.0287741428352511,-0.0291962350972644,4.5,50.76215808716803,PWR,1394800.0,138530641.69006348,1.3030024437115946,5.196470322045399,-2.877414283525115,4.530838754102304,0.5457984405161991,음봉,101.43079223632813,100.54605484008789,108.74183019002278,True,False,0,3.473570142473496,0.09639729345050914,False,50.76215808716803,-1.6351475550246022,0.604537597136348,36.92928877270848
2022-02-14,100.04000091552734,101.30999755859376,98.5199966430664,99.45999908447266,98.87201690673828,879500.0,-0.0045040757837597,-0.0045142496939617,2.790000915527358,54.573184642509126,PWR,879500.0,86957938.86947632,0.8259570091228906,-36.9443647834815,-0.45040757837597756,2.8218306886154108,0.725580690778075,음봉,101.548095703125,100.18917770385742,108.42757136027018,True,False,0,3.4728562491280734,0.09306940158274037,False,54.573184642509126,-1.70386886591686,0.42865302899527213,33.18270490907662
2022-02-15,101.3000030517578,105.04000091552734,101.3000030517578,104.83999633789062,104.22020721435548,1334700.0,0.0540920522806964,0.0526797824352858,3.7399978637695455,62.30234801312823,PWR,1334700.0,139102710.56900027,1.2506019795795438,51.756679931779416,5.409205228069647,3.5885534712834377,2.4556858664163106,양봉,102.06303558349609,100.15140228271484,108.19317677815755,True,False,0,3.360713413783486,0.09310450579256811,False,62.30234801312823,-1.3116567759408753,0.6566920951770054,77.97493800315539
2022-02-16,103.72000122070312,107.72000122070312,103.20999908447266,106.9800033569336,106.3475570678711,1156100.0,0.0204120670105767,0.0202065329805667,4.510002136230469,65.01938228035054,PWR,1156100.0,122948410.72616577,1.0786607210294583,-13.381284183711696,2.041206701057674,4.240814044606762,-0.4799510642149814,양봉,102.20419921875,100.39097785949707,107.96112225850423,True,False,0,3.4499996730259506,0.0999130121460959,False,65.01938228035054,-0.8197173236742117,0.9189052379549352,89.28614820920626
2022-02-17,105.80999755859376,106.44000244140624,102.6999969482422,102.9800033569336,102.37120819091795,1118900.0,-0.0373901289938933,-0.0381070676403504,3.740005493164034,56.22570570895975,PWR,1118900.0,114543144.8448181,1.041464625422181,-3.21771473055964,-3.739012899389338,3.6533763342805163,-0.5054742432252193,음봉,102.22606964111328,100.54009132385254,107.67090822855631,True,False,0,3.457142966134209,0.09976482871818051,False,56.22570570895975,-0.7421547877387553,0.7971742191123132,47.4061554296242
2022-02-18,102.76000213623048,103.93000030517578,101.83999633789062,102.16999816894533,101.56598663330078,901100.0,-0.0078657033735058,-0.0078968011964594,2.090003967285156,49.15565720511978,PWR,901100.0,91521110.55526733,0.8346143554851173,-19.4655465189025,-0.7865703373505895,2.057779416677177,0.3797883723199244,음봉,102.67539520263672,100.73393783569335,107.36296882629395,True,False,0,3.2371433803013394,0.09957284710337498,False,49.15565720511978,-0.7371630130381135,0.6417327950503642,33.75657716979877
2022-02-22,101.38999938964844,103.30999755859376,100.12000274658205,100.7699966430664,100.17426300048828,1253400.0,-0.0137026545888561,-0.0137974024876951,3.1899948120117188,46.49985185429049,PWR,1253400.0,125558421.24481201,1.153467595507325,39.096659638219954,-1.3702654588856111,3.184445501731487,-0.1732737991191258,음봉,102.93584442138672,100.79805641174316,107.01279220581054,True,False,0,3.24500002179827,0.09950950789429923,False,46.49985185429049,-0.8358720490037115,0.43441900726781313,18.7756999291263
2022-02-23,101.26000213623048,101.66000366210938,97.77999877929688,98.31999969482422,97.73875427246094,1154700.0,-0.0243127192062843,-0.024613152933815,3.8800048828125,42.230393972446,PWR,1154700.0,112858939.55841064,1.061111637846156,-7.874581139301096,-2.4312719206284306,3.969771163643466,1.0838503855395567,음봉,101.63955383300781,100.86068420410156,106.69554138183594,True,False,0,3.3414290291922435,0.09944771909277296,False,42.230393972445995,-1.097968177434737,0.13785830306943025,-0.4149345745040127
2022-02-24,98.0,109.5,97.0,108.73999786376952,108.0971450805664,2814000.0,0.1059803850091025,0.1007321678697306,12.5,58.373634284821215,PWR,2814000.0,304185366.25671387,2.520637773310091,143.69966224993505,10.598038500910256,11.563672648971037,0.26728980687722104,양봉,101.98947143554688,101.44123153686523,106.48238029479981,True,True,0,4.0557147434779575,0.11612588712163535,True,58.373634284821215,-0.46449131128611043,0.6170681353744454,88.77716064453125
2022-02-25,107.43000030517578,108.9000015258789,104.08999633789062,108.20999908447266,107.57027435302734,2063600.0,-0.0048740484972695,-0.0048859654098218,4.810005187988281,59.735971149220426,PWR,2063600.0,221982018.15490723,1.8174101582322275,-26.66666666666667,-0.48740484972695786,4.471500344233261,-0.6171715033670797,양봉,103.02928466796875,102.00388565063477,106.39124666849771,True,True,0,4.2207151140485495,0.10154898259055692,False,59.735971149220426,-0.004913752696609208,0.8613165551711572,84.56219482421875
2022-02-28,106.83999633789062,109.98999786376952,106.12000274658205,108.94000244140624,108.29597473144533,1398800.0,0.0067462910435307,0.0067236366537708,3.869995117187472,61.96816365741591,PWR,1398800.0,151484409.45434573,1.219110807378489,-32.21554564838147,0.674629104353075,3.573535513932414,-0.6788845891942885,양봉,104.37528228759766,102.52280044555664,106.36635271708171,True,True,0,4.326429094587051,0.10297436680527138,False,61.96816365741591,0.4131007607467154,1.0234648548915855,86.95901916158893
2022-03-01,109.5199966430664,111.02999877929688,107.94000244140624,108.37000274658205,107.72933197021484,1710200.0,-0.0052323529349604,-0.0052460896313592,3.089996337890639,57.794198572368295,PWR,1710200.0,184238703.53546143,1.4780337440102942,22.26193880468974,-0.5232352934960494,2.868296202509606,1.1302561472450248,음봉,105.88629608154297,102.80363006591797,106.2810157775879,True,True,0,4.285714830671038,0.10269307078179117,False,57.794198572368295,0.6906950366426514,1.040847304630017,76.47421884346417
2022-03-02,109.33000183105467,110.87999725341795,108.87000274658205,110.23999786376952,109.58827209472656,1192900.0,0.0172556544305471,0.0171084664298485,2.009994506835909,55.3489671637445,PWR,1192900.0,130727849.78179932,1.0374303573104808,-30.247924219389542,1.7255654430547107,1.834132857846776,1.485825477208366,양봉,108.25619964599609,103.1575252532959,106.24288813273112,True,True,0,4.25785718645368,0.1148681862343051,False,55.3489671637445,1.048603780833929,1.1190048390570357,89.72397141831708
2022-03-03,110.88999938964844,113.11000061035156,110.88999938964844,112.37000274658205,111.70569610595705,1537400.0,0.019321629684974,0.0191373371034288,2.220001220703125,63.253340094431245,PWR,1537400.0,171736337.19329837,1.3295437698698134,28.879201944840304,1.9321629684974084,1.9873661756669694,1.1878344918119341,양봉,108.97790985107422,103.58299522399902,106.23425547281902,True,True,0,4.067143031529015,0.13483817303498985,False,63.253340094431245,1.4859780311009416,1.2451032714592385,91.28302637374095
2022-03-04,110.6500015258789,111.33000183105467,107.62000274658205,109.16999816894533,108.52460479736328,1056300.0,-0.0284774314962092,-0.0288907798592844,3.709999084472628,62.83256394319146,PWR,1056300.0,114634540.04745483,0.9220278630264152,-31.293092233641218,-2.8477431496209293,3.4185787558498126,-0.9450678137995516,음봉,109.16877593994141,103.96571846008301,106.10571034749348,True,True,0,4.010714394705631,0.134341800743277,False,62.83256394319146,1.557953672292939,1.0536631301209887,71.53696065013236
2022-03-07,108.8000030517578,111.87000274658205,107.77999877929688,108.01000213623048,107.3714599609375,1628400.0,-0.0106256534043954,-0.010682508768451,4.0900039672851705,61.61997664821094,PWR,1628400.0,174843685.40039062,1.4100600369458127,54.16074978699233,-1.0625653404395474,3.809209606326619,0.2537657288950645,음봉,108.98387298583984,104.36633567810058,105.97351048787435,True,True,0,4.103571755545475,0.1338261206810466,False,61.61997664821094,1.5046016244830014,0.8002488658488408,64.37901656113696
2022-03-08,108.37999725341795,117.70999908447266,108.13999938964844,116.83000183105467,116.13932800292967,3089900.0,0.0816592048313582,0.0784961630031552,9.56999969482422,64.90179728153794,PWR,3089900.0,358858909.5962524,2.607552462165355,89.75067550970277,8.165920483135825,8.240102521157011,0.9392973634216836,양봉,110.6658721923828,105.25902709960937,106.02718124389648,True,True,0,4.520000457763666,0.17481231052093796,True,64.90179728153794,2.145086198642872,1.1525867520069688,92.41588048779492
2022-03-09,117.81999969482422,121.1500015258789,116.76000213623048,118.72000122070312,118.01815795898438,2264000.0,0.0161773792595674,0.016047919803349,4.389999389648423,64.68232600737872,PWR,2264000.0,267193109.61914062,1.873773321667573,-26.72902035664585,1.6177379259567415,3.719766064450954,1.4471167698267977,양봉,112.35184936523437,106.0776596069336,106.10057538350424,True,True,0,4.511428833007805,0.19117506703737558,False,64.68232600737872,2.772323098554338,1.4238589215347477,87.03170447613232
2022-03-10,116.98999786376952,121.4800033569336,116.63999938964844,121.0500030517578,120.33438110351562,1636100.0,0.0196259896323429,0.0194358832227562,4.840003967285156,73.58388169460008,PWR,1636100.0,196879080.9234619,1.3431958831401873,-27.734098939929332,1.9625989632342966,4.022128940125286,-0.8711880552924587,양봉,114.0775863647461,106.81229171752929,106.25148455301921,True,True,1,4.590000152587885,0.21154519267136415,False,73.58388169460008,3.41692453196832,1.6547682839589832,95.32017117516656
2022-03-11,121.5,124.9499969482422,121.5,123.31999969482422,122.5909423828125,1963100.0,0.0187524235268696,0.0185787644921864,3.4499969482422017,76.59036098774948,PWR,1963100.0,240658278.99169922,1.5884909661418163,19.986553389157137,1.8752423526869677,2.8142347886265195,0.968649928470294,양봉,116.89085388183594,107.82874603271485,106.46070048014323,True,True,1,4.687142508370532,0.23047831885953213,False,76.59036098774948,4.063025420518997,1.8406953380077282,91.55973229693657
2022-03-14,123.18000030517578,124.66000366210938,121.27999877929688,122.5999984741211,121.87520599365234,1837100.0,-0.0058384116742095,-0.005855521829572,3.3800048828125,77.92272149510393,PWR,1837100.0,223896940.93093872,1.4634933721449264,-6.418419846161683,-0.5838411674209509,2.7733326522447412,0.48050688812215897,음봉,119.7916030883789,108.95653839111328,106.63480644226074,True,True,1,4.700714656284873,0.2280926732560233,False,77.92272149510393,4.465831756054271,1.7948013388344015,88.99895781640423
2022-03-15,121.83999633789062,123.0,119.4800033569336,121.66999816894533,120.9507064819336,1090600.0,-0.0075856241979759,-0.0076145413745859,3.5199966430664062,81.07529170523279,PWR,1090600.0,131908840.48919678,0.8676936366253959,-40.63469598824234,-0.7585624197975926,2.91027373502129,-0.028889925128456874,음봉,120.75387878417969,110.06047286987305,106.80691591898601,True,True,1,4.674999782017295,0.22580484584810806,False,81.07529170523279,4.65677884699403,1.5885987438193276,85.69126689453851
2022-03-16,122.8499984741211,124.44000244140624,119.8000030517578,122.83999633789062,122.11380004882812,1172900.0,0.0096162610432395,0.0095703190966968,4.6399993896484375,74.89404531844123,PWR,1172900.0,143227276.0772705,0.9312014820042344,7.546304786356139,0.9616261043239538,3.7997338448177835,1.5703025202843253,음봉,121.57300720214843,110.95515251159668,107.03963966369629,True,True,1,4.113571166992183,0.2239840831885125,False,74.89404531844123,4.846094956662114,1.4223318827899294,86.40365859813714
2022-03-17,121.7699966430664,125.69000244140624,121.75,125.66000366210938,124.9171142578125,763300.0,0.0229565717213242,0.0226970341830691,3.940002441406236,78.50373044422079,PWR,763300.0,95349233.31298828,0.6067804908209244,-34.92198823429107,2.295657172132426,3.154093388096197,-0.2815434501458855,양봉,122.48955383300782,111.88363037109374,107.34259757995605,True,True,1,4.051428113664895,0.24291632203215818,False,78.50373044422079,5.1628195953619525,1.391245217191814,96.05064795275318
2022-03-18,124.86000061035156,127.1500015258789,124.0,126.55999755859376,125.81179809570312,1269200.0,0.0071622198704024,0.0071366929872947,3.1500015258789062,78.62244760566381,PWR,1269200.0,159680334.1430664,1.0044368291996624,66.27800340626229,0.7162219870402442,2.503740963532488,-0.04572123507677454,양봉,123.13372497558593,113.055659866333,107.60433540344238,True,True,1,3.999999999999997,0.2483117064323296,False,78.62244760566381,5.423500919356073,1.3215412329487473,93.1479594786541
2022-03-21,126.7699966430664,128.94000244140625,126.66999816894533,128.22000122070312,127.46197509765624,1257700.0,0.013116234144415,0.0130309611761489,2.270004272460924,81.14213153351572,PWR,1257700.0,160308926.08032224,1.0082148378600193,-0.9060825716987075,1.3116234144415095,1.7809266416291898,0.7616126324133721,양봉,124.25107879638672,114.35045928955078,107.88215115865071,True,True,1,3.941429138183589,0.25993092646818405,False,81.14213153351572,5.697570197064493,1.2764884085257338,93.06741386066328
2022-03-22,128.58999633789062,131.33999633789062,128.57000732421875,129.74000549316406,128.9729766845703,1154500.0,0.0118545282681867,0.0117848137621501,2.769989013671875,80.93272792262115,PWR,1154500.0,148899301.58233643,0.9318404276035955,-8.20545440089051,1.1854528268186781,2.1477282178626047,0.8849864748840937,양봉,125.85553283691407,115.79039497375489,108.17918942769369,True,True,1,3.9957144601004435,0.2697479563757334,False,80.93272792262115,5.967903003375454,1.2374569718693555,90.0209937063911
2022-03-23,129.22000122070312,129.9499969482422,127.72000122070312,129.2100067138672,128.4461669921875,936100.0,-0.0040846517303484,-0.0040930167066747,2.2299957275390625,78.14183428973193,PWR,936100.0,120238456.92138672,0.7557096963926687,-18.917280207882204,-0.4084651730348443,1.7361325602458015,0.19153201118786406,음봉,127.12200622558593,117.32576560974121,108.42605222066244,True,True,1,3.9964283534458676,0.18411571074239214,False,78.14183428973193,6.069667215156926,1.0713769469206618,87.80004162073857
2022-03-24,129.2899932861328,132.86000061035156,129.2899932861328,132.57000732421875,131.7863006591797,1059700.0,0.0260041521300931,0.0256717936508112,3.57000732421875,88.89645538453688,PWR,1059700.0,139653942.8085327,0.8514827365867532,13.203717551543637,2.6004152130093106,2.708936593835619,0.6569493770854499,양봉,128.49584350585937,118.51022338867188,108.7299087524414,True,True,1,3.986428941999162,0.2060146373884563,False,88.89645538453688,6.346676423291015,1.0787089240438004,95.71890002877754
2022-03-25,132.57000732421875,134.5,131.86000061035156,134.3000030517578,133.5060577392578,1206700.0,0.0130495891566582,0.0129651768390384,2.639999389648437,92.88763098483771,PWR,1206700.0,161101759.8739624,0.9608540520454554,13.871850523733142,1.3049589156658215,1.9774379038323882,0.5946799182608915,양봉,130.03469543457032,119.8070125579834,109.06275889078776,True,True,1,3.882857186453681,0.21813913242909605,False,92.88763098483771,6.628568231797814,1.088480586040479,96.22935418160853
2022-03-28,134.1699981689453,135.61000061035156,133.47999572753906,135.5399932861328,134.73870849609375,1349000.0,0.0092329200465446,0.0091905571958152,2.1300048828125,90.55073028833615,PWR,1349000.0,181762517.76123047,1.0641971845800535,11.792491920112713,0.9232920046544635,1.580841100962647,0.4973110890475096,양봉,131.49004211425782,121.12914924621582,109.44016240437826,True,True,1,3.351428985595701,0.22593445677990864,False,90.55073028833615,6.87221551271972,1.065702293569907,95.40700022039577
2022-03-29,136.67999267578125,137.72000122070312,131.8800048828125,134.4600067138672,133.6651153564453,1443600.0,-0.0079679637101431,-0.007999877571692,5.839996337890625,85.35518647134595,PWR,1443600.0,192958960.52856445,1.1245826717908387,7.012601927353601,-0.7967963710143189,4.369125274247572,1.4407768942981818,음봉,132.4284698486328,122.42593841552734,109.76937154134114,True,True,1,3.4550001961844297,0.2235412600413872,True,85.35518647134595,6.899148653154157,0.8741083472034745,80.7643002275065
2022-03-30,136.25999450683594,136.49000549316406,130.91000366210938,132.16000366210938,131.3787078857422,1753400.0,-0.0171054913213963,-0.0172534802818049,5.580001831054688,74.98895212264249,PWR,1753400.0,230359426.40686035,1.3436472932241201,21.460238293155996,-1.7105491321396382,4.247264964660422,1.9413286282444375,음봉,133.01497802734374,123.51546020507813,110.09891242980957,True,True,0,3.507857186453682,0.22156941721884216,True,74.98895212264249,6.65923586063893,0.5073564437505969,65.23413334627207
2022-03-31,132.1300048828125,135.47000122070312,131.3800048828125,131.61000061035156,130.83197021484375,1288500.0,-0.0041615394130221,-0.0041702227171465,4.089996337890625,70.20989577057702,PWR,1288500.0,168576993.62182617,0.9797166412611744,-26.514200980951298,-0.41615394130221084,3.1261444211031137,0.5718559796795251,음봉,132.82411193847656,124.47177391052246,110.35505638122558,True,True,0,3.5535714285714266,0.21986710460822562,False,70.20989577057702,6.351766868703336,0.1599099614520023,62.23666769423693
2022-04-01,132.0,133.75999450683594,131.16000366210938,131.6199951171875,130.84185791015625,1087000.0,7.557552864390082e-05,7.557267295751502e-05,2.5999908447265625,72.77794854521007,PWR,1087000.0,142225099.54833984,0.8219853874065707,-15.638339154055103,0.0075575528643900824,1.9871246757378436,0.8927709207758528,음봉,132.29127197265626,125.5876365661621,110.724525197347,True,True,0,3.4978561401367165,0.21791355648880797,False,72.77794854521007,6.03927631375079,-0.12206447480043625,62.290876556465676
2022-04-04,131.6199951171875,132.1999969482422,129.80999755859375,131.44000244140625,130.66297912597656,1158200.0,-0.0013671372986961,-0.0013680726835231,2.389999389648437,75.64347029785341,PWR,1158200.0,151333862.42370605,0.8733672227256024,6.550137994480232,-0.13671372986961972,1.8291327854572783,0.5947158038412791,음봉,131.47612609863282,126.75221252441406,111.07991205851236,True,True,0,3.417142050606862,0.14673811306908432,False,75.64347029785341,5.711354337044256,-0.35998916120557745,60.619292322495255
2022-04-05,131.22000122070312,133.10000610351562,129.8699951171875,130.10000610351562,129.3308868408203,1573200.0,-0.0101948715241823,-0.0102471951524382,3.230010986328125,68.88684083795809,PWR,1573200.0,203463351.17797852,1.1761726528548813,35.831462614401666,-1.0194871524182303,2.4974784177453317,0.42630445016068313,음봉,130.60928039550782,127.41179046630859,111.46777229309082,True,True,0,3.3164285932268394,0.1312323645709286,False,68.88684083795809,5.2830849782783105,-0.6306068159772185,47.46954452948089
2022-04-06,128.0,130.61000061035156,126.2699966430664,129.41000366210938,128.6449432373047,1984100.0,-0.0053037879834526,-0.0053179029977562,4.340003967285156,60.97146064892781,PWR,1984100.0,255244431.87713623,1.476393911977379,26.11873887617595,-0.5303787983452657,3.3736296647738224,-1.0290556829308377,양봉,130.06252746582032,127.94312973022461,111.82630653381348,True,True,0,3.3450001307896193,0.11258382863503864,False,60.97146064892781,4.832621062403149,-0.8648565854819044,33.85526839673737
2022-04-07,129.5800018310547,133.72999572753906,128.72999572753906,132.36000061035156,131.57748413085938,1811700.0,0.0227956172995091,0.0225396794232785,5.0,65.15163666226118,PWR,1811700.0,238378927.99987793,1.3360056466225612,-8.689078171463127,2.2795617299509185,3.8000422587707243,0.7268521950568594,양봉,130.21163024902344,128.5052848815918,112.1971009572347,True,True,1,3.4771428789411263,0.10729521378723676,False,65.15163666226118,4.658555774381071,-0.8311374988031863,46.3535839816095
2022-04-08,133.0,135.1300048828125,131.6699981689453,133.99000549316406,133.26832580566406,1661100.0,0.012850539634297,0.012768672065508,3.4600067138671875,65.2259575717854,PWR,1661100.0,221372015.99578857,1.2131775262142,-8.312634542142739,1.2850539634297053,2.596270864025616,1.081124083301268,양봉,130.696923828125,129.03915405273438,112.59342511494954,True,True,1,3.5621430533272878,0.10685130505835011,False,65.2259575717854,4.60397283874272,-0.7085763475532305,61.1207542769569
2022-04-11,132.64999389648438,135.1300048828125,132.32000732421875,133.02999877929688,132.31353759765625,1832400.0,-0.0071644046117913,-0.0071901922008112,2.80999755859375,59.0231473505553,PWR,1832400.0,242451326.2939453,1.3313097880928355,10.312443561495389,-0.7164404611791353,2.1237415381776663,-0.4639751459633086,음봉,131.02703552246095,129.56107063293456,113.02122128804525,True,True,1,3.5650008065359935,0.10642087122931841,False,59.0231473505553,4.432576062447154,-0.7039784990790379,52.781995968749484
2022-04-12,133.6999969482422,135.32000732421875,132.77999877929688,133.9199981689453,133.19873046875,1594600.0,0.0066901156689307,0.0066678361582326,2.540008544921875,62.593277849118735,PWR,1594600.0,212398695.60546875,1.152406855721724,-12.977515826238816,0.6690115668930741,1.906931497006866,1.0478590292113061,음봉,131.80060424804688,130.1734718322754,113.47437413533528,True,True,1,3.587144579206194,0.09698526335329244,False,62.593277849118735,4.318390827858991,-0.6545309869337608,60.51293498359181
2022-04-13,133.97000122070312,135.3699951171875,133.64999389648438,134.74000549316406,134.0143280029297,1079700.0,0.006123162970919,0.0061044925843184,1.720001220703125,56.81566123340615,PWR,1079700.0,144695269.94476318,0.7774168736277991,-32.290229524645675,0.6123162970919083,1.2834457675790638,0.5790376148773236,양봉,132.87448120117188,130.76849822998048,113.95835100809732,True,True,1,3.4550012860979353,0.07510672961165439,False,56.81566123340615,4.244778942200455,-0.5825142980738383,67.63605470506904
2022-04-14,134.8699951171875,136.74000549316406,134.58999633789062,135.13999938964844,134.41217041015625,1532700.0,0.0029686557635677,0.0029642580065145,2.150009155273437,53.01575242217994,PWR,1532700.0,206013533.58764648,1.0947236551215918,41.95609891636565,0.29686557635677513,1.5995643465266014,0.6384892772354213,음봉,133.44141845703126,131.24325103759764,114.50595308939616,True,True,1,3.420001983642578,0.06801805296512585,False,53.01575242217994,4.1704689794581355,-0.5254594086529263,71.1106594925955
2022-04-18,134.8699951171875,137.2899932861328,134.80999755859375,136.3699951171875,135.63552856445312,1014100.0,0.009101543041555,0.0090603736136808,2.4799957275390625,52.98667192445052,PWR,1014100.0,137547989.5172119,0.7207777702565491,-33.835714751745286,0.9101543041555082,1.828426337691149,0.340612539500111,양봉,133.91485900878905,131.73443756103515,115.11006291707356,True,True,1,3.4450013296944753,0.06204568538131817,False,52.98667192445052,4.162312035436315,-0.4268930821397978,81.79500591361129
2022-04-19,136.52000427246094,139.22000122070312,135.85000610351562,138.91000366210938,138.161865234375,1044700.0,0.0186259212218233,0.0184545830356249,3.3699951171875,63.65428186202966,PWR,1044700.0,144337700.61035156,0.7428998741442657,3.01745390000987,1.8625921221823383,2.4391644622564326,0.6520973651733996,양봉,135.08452453613282,132.2694320678711,115.78460973103842,True,True,1,3.268572671072824,0.07345384409908184,False,63.65428186202966,4.310018642302623,-0.22334918021879258,91.8290686309454
2022-04-20,137.55999755859375,140.0399932861328,136.57000732421875,137.83999633789062,137.09762573242188,1480600.0,-0.0077028455004408,-0.0077326656468658,3.4699859619140625,68.75758846663177,PWR,1480600.0,202986744.65942383,1.0489373186694555,41.724897099645844,-0.7702845500440869,2.531032863170477,-0.4356250364456602,음봉,135.8643035888672,132.67566452026367,116.42137196858724,True,True,1,3.1178572518484935,0.07322893974051747,False,68.75758846663177,4.291729571830615,-0.19331060055264082,78.63203869993313
2022-04-21,139.1699981689453,139.1699981689453,124.37999725341795,125.2699966430664,124.5953140258789,3511800.0,-0.0911927660289622,-0.0956222711316156,14.790000915527358,38.53549609145675,PWR,3511800.0,437553823.79608154,2.4234511631269533,137.18762663784952,-9.119276602896221,11.870431108232065,1.5116034471436854,음봉,133.98050079345703,132.48312187194824,116.88985722859701,True,True,0,3.88214329310826,0.10240210992015167,True,38.53549609145675,3.23115652211456,-1.0031069202149565,1.3749478097640604
2022-04-22,124.23999786376952,124.87999725341795,119.69000244140624,120.54000091552734,119.89079284667967,2619000.0,-0.0377584118309785,-0.0384897286917511,5.189994812011719,32.83235346039706,PWR,2619000.0,313993986.46545404,1.8156938222370416,-25.42286007175807,-3.77584118309785,4.328935265820501,-0.28517618410238826,음봉,131.0762252807617,131.88834648132325,117.27993380228678,False,True,0,4.067143576485771,0.13853439576090748,False,32.83235346039706,1.9881114857101636,-1.7969215652954822,0.9866854820992197
2022-04-25,119.18000030517578,121.01000213623048,117.25,120.66999816894533,120.02009582519533,1725100.0,0.0010785063260112,0.0010779251558898,3.760002136230483,33.28950621661461,PWR,1725100.0,207046667.30804446,1.197489796997717,-34.13134784268805,0.10785063260112526,3.1328104767611435,-0.5928666619236367,양봉,127.95313873291016,131.21404838562012,117.67498219807943,False,True,0,4.1650009155273455,0.1392463125137268,False,33.28950621661461,1.001874028286764,-2.2265272181751055,12.154877758919158
2022-04-26,119.5999984741211,120.05999755859376,116.56999969482422,117.06999969482422,116.4394760131836,1385200.0,-0.0298335023596946,-0.030287575162517,3.489997863769545,31.093999478595023,PWR,1385200.0,161291962.1734619,0.9623029744327142,-19.703205611268913,-2.983350235969462,2.9972634567458876,-0.35002250930218276,음봉,123.60866088867188,130.2990867614746,117.98367881774902,False,False,0,4.1835714067731615,0.16671175340588837,False,31.093999478595023,-0.0678699934822049,-2.6370169919552597,-0.5561300267630261
2022-04-27,117.58000183105467,119.97000122070312,117.43000030517578,117.8000030517578,117.16556549072266,1831400.0,0.0062357673050406,0.0062164053574772,2.540000915527344,33.18462828319542,PWR,1831400.0,214577016.63970947,1.2620328693702316,32.21195495235345,0.6235767305040607,2.1678732184572307,0.9795009879140525,음봉,119.62224884033203,129.47410926818847,118.23455924987793,False,False,0,4.054999760219032,0.1677740000990959,False,33.18462828319542,-0.8472934141130963,-2.733152330068921,2.537562669463137
2022-04-28,118.55999755859376,119.7699966430664,115.12000274658205,118.83999633789062,118.19993591308594,1141100.0,0.0088282800328838,0.0087895386151422,4.649993896484361,29.250229577104804,PWR,1141100.0,134877946.87042236,0.7865548038955028,-37.69247570164901,0.8828280032883828,3.9340071215466366,1.1901381280676029,음봉,118.34317321777344,128.81517066955567,118.49605204264323,False,False,0,4.029999324253629,0.1686322279300081,False,29.250229577104804,-1.3657831440016253,-2.6013136479659598,12.359287061588965
2022-04-29,118.0,120.8499984741211,115.4800033569336,115.9800033569336,115.35533905029295,1122900.0,-0.0240659763545443,-0.0243602935778596,5.3699951171875,23.17545188551742,PWR,1122900.0,129532510.21957396,0.7724579144432324,-1.5949522390675708,-2.4065976354544327,4.655176918032614,-0.169150610397076,음봉,117.43608245849609,128.0413391113281,118.69870274861654,False,False,0,4.1664270673479376,0.17811846035328055,False,23.17545188551742,-1.9833622189348006,-2.575114178319308,0.9443675483640511
2022-05-02,115.72000122070312,116.75,112.88999938964844,116.2300033569336,115.60400390625,1663700.0,0.0021556423656179,0.0021533223021668,3.8600006103515625,24.43699939680181,PWR,1663700.0,192330381.29882812,1.1420783664218623,48.1610116662214,0.2155642365617938,3.338985225357645,0.3161207564490656,음봉,116.55286407470703,127.27944641113281,118.94426714579264,False,False,0,4.241427285330638,0.17918467456570597,False,24.43699939680181,-2.424781537350981,-2.4132267973883903,9.996335641729171
2022-05-03,116.0999984741211,119.88999938964844,116.0999984741211,119.01000213623048,118.3690414428711,1271600.0,0.0239181814054072,0.0236366224537814,3.790000915527344,28.546803504548507,PWR,1271600.0,150518073.09875488,0.8708509708516231,-23.567950952695792,2.3918181405407246,3.201851488639896,0.42904618448451365,양봉,116.93877716064453,126.66474952697754,119.26109924316407,False,False,0,4.3307124546596,0.1800542476833669,False,28.546803504548507,-2.5224172507118254,-2.0086900085993875,20.180638250280168
2022-05-04,119.5,121.5500030517578,116.8499984741211,121.27999877929688,120.62681579589844,2059800.0,0.0190740275118053,0.0188943988166321,4.7000045776367045,31.40884919148276,PWR,2059800.0,248467115.1763916,1.3970067693261679,61.98490091223656,1.9074027511805314,3.896318199751829,0.9554513100241206,양봉,117.63102722167969,126.22954597473145,119.63345451354981,False,True,0,4.543569837297713,0.18067502348972594,False,31.40884919148276,-2.390059616200773,-1.5010658992706682,28.49656775522087
2022-05-05,123.19000244140624,125.72000122070312,118.62000274658205,120.98999786376952,120.33837127685548,2174400.0,-0.0023912139033082,-0.0023940774210402,7.09999847412108,30.396242909279863,PWR,2174400.0,261663754.50439456,1.4570920744866993,5.563646956015145,-0.23912139033082092,5.900028726320823,2.1248895849532587,음봉,118.0587142944336,125.81421737670898,119.94500223795573,False,True,0,4.8971405029296875,0.18127145452723725,False,30.396242909279863,-2.2821332873627824,-1.114511656346142,27.43415676484379
2022-05-06,119.76000213623048,120.6999969482422,115.2699966430664,117.58999633789062,116.95667266845705,1620300.0,-0.0281015820017902,-0.0285039882153582,5.430000305175796,25.45743978074573,PWR,1620300.0,189504896.72470096,1.076992954313821,-25.482891832229583,-2.810158200179025,4.642745198957985,-0.48061905316499576,음봉,118.37898101806641,125.08317680358887,120.13358446756999,False,False,0,5.107855115618025,0.1823308838717285,False,25.45743978074573,-2.441333536523061,-1.0189695244051362,14.978542147426403
2022-05-09,115.5,116.66999816894533,109.16999816894533,109.83000183105467,109.23847198486328,2095800.0,-0.0659919652936171,-0.0682702383209348,7.5,16.55935979653954,PWR,2095800.0,228941989.58587646,1.3806078692371153,29.34641733012404,-6.599196529361717,6.865713025571471,-1.2454805999708531,음봉,117.10587463378906,123.88168411254883,120.24986139933269,False,False,0,5.402855464390347,0.23347594486392578,True,16.55935979653954,-3.153938532288308,-1.385259616136306,0.2218134977281884
2022-05-10,110.7300033569336,113.19000244140624,108.70999908447266,111.81999969482422,111.2177734375,2108500.0,0.018119087686534,0.0179568932968169,4.48000335693358,20.69825104668729,PWR,2108500.0,234502675.29296875,1.3745338388500048,0.6059738524668346,1.811908768653403,4.028136167868137,1.365390182569551,양봉,115.67562103271484,122.82689590454102,120.44816830952962,False,False,0,5.474999564034598,0.23548094280580445,False,20.69825104668729,-3.5184119768252486,-1.3997864485385976,8.233008629030824
2022-05-11,111.08999633789062,114.08999633789062,108.52999877929688,108.76000213623048,108.17424011230467,2069100.0,-0.0273655300868406,-0.0277469406440064,5.55999755859375,26.33998031430717,PWR,2069100.0,223823320.2163696,1.3340848777861813,-1.8686269860090143,-2.7365530086840617,5.139853585124753,-0.11488910059971726,음봉,113.18510589599609,121.57567138671875,120.60320536295573,False,False,0,4.815713609967912,0.24665810832072652,False,26.33998031430717,-4.006661214562655,-1.5104285490208031,-2.0695672860131276
2022-05-12,107.5500030517578,110.05999755859376,106.33000183105467,108.93000030517578,108.34332275390624,1365600.0,0.0015630582791801,0.0015618379750269,3.729995727539091,30.860579077655856,PWR,1365600.0,147953641.55273435,0.8801345478651574,-34.00028998115122,0.15630582791801295,3.4427555226559714,-0.5770662774231671,양봉,110.78609619140624,120.29212112426758,120.67192395528157,False,False,0,4.71142796107701,0.24929001867954145,False,30.860579077655856,-4.330044637795382,-1.4670495778028236,10.383295442115353
2022-05-13,110.9000015258789,114.70999908447266,110.77999877929688,112.56999969482422,111.9637222290039,1662100.0,0.033415990788109,0.0328698107091414,3.930000305175781,38.031941720877946,PWR,1662100.0,186094902.7168274,1.0683086284099987,21.712067955477444,3.3415990788109085,3.5100657846454886,2.359793577477751,양봉,109.78750610351562,119.16969871520996,120.76552670796713,False,False,0,4.723570687430246,0.25163800400078484,False,38.031941720877946,-4.245255684903881,-1.1058084999290583,29.054773467176343
2022-05-16,112.62999725341795,113.58000183105467,110.62000274658205,112.19000244140624,111.58576965332033,1288800.0,-0.0033756699773748,-0.0033813804059092,2.959999084472628,42.03138570731076,PWR,1288800.0,143811739.92919925,0.8249266963471108,-22.45953913723603,-0.3375669977374818,2.6526671758136238,0.5950811666043838,음봉,110.25696563720703,117.96721076965332,120.91910273234049,False,False,0,4.68571363176618,0.2542030529197232,False,42.03138570731076,-4.160596674460464,-0.8169195915885128,27.105559503377286
2022-05-17,113.86000061035156,114.66999816894533,111.05999755859376,113.66000366210938,113.04784393310548,1608400.0,0.0131026947641046,0.0130175969931206,3.6100006103515625,43.3992110137163,PWR,1608400.0,181826152.18200687,1.0266393380337773,24.79826194909993,1.3102694764104639,3.1933387535349467,2.0381012418491338,음봉,110.62297973632812,116.71150970458984,121.11046702067057,False,False,0,4.762142181396482,0.2478194797867459,False,43.3992110137163,-3.9302214767289456,-0.4692355150855949,34.645911879900304
2022-05-18,112.93000030517578,116.26000213623048,110.0199966430664,110.62000274658205,110.02420806884766,1132000.0,-0.0267465150953876,-0.0271107118099657,6.240005493164077,37.67988243790961,PWR,1132000.0,124547403.53393555,0.7227303959025415,-29.619497637403637,-2.6746515095387613,5.671484123984235,-0.10424226047109227,음봉,110.99297332763672,115.35783882141114,121.27463277180989,False,False,0,4.875714438302175,0.14234900793344596,False,37.67988243790961,-3.9461409608205145,-0.38812399934173136,19.052121475388866
2022-05-19,109.5500030517578,115.29000091552734,109.25,113.52999877929688,112.9185562133789,1447900.0,0.0263064665070809,0.025966402445824,6.040000915527344,46.33347583377685,PWR,1447900.0,163494777.54135132,0.9213462377581693,27.906360424028275,2.6306466507080906,5.34898879163291,-0.4310006183303988,양봉,111.90802001953125,114.77400093078613,121.52762947082519,False,False,0,4.92357199532645,0.10849648511515449,False,46.33347583377685,-3.6827550526581803,-0.09979047294351773,33.97913661535028
2022-05-20,114.83999633789062,115.33000183105467,111.13999938964844,113.0,112.3914031982422,1588800.0,-0.0046684356656186,-0.0046793668456764,4.190002441406236,45.20630940855786,PWR,1588800.0,178567461.40136722,1.004031396544374,9.731335036950073,-0.46684356656186976,3.72804531501015,1.70161591588262,음봉,111.99355621337891,114.39903144836425,121.59920043945313,False,False,0,4.947143554687498,0.1088521076265792,False,45.206309408557864,-3.4764819457309812,0.08518610718694486,31.260451562589886
2022-05-23,114.48999786376952,117.94000244140624,114.12000274658205,116.43000030517578,115.80292510986328,1372700.0,0.0303539400215837,0.0299023743028201,3.8199996948241903,46.2434383641814,PWR,1372700.0,158962675.29830933,0.8664316243169645,-13.601460221550854,3.035394002158376,3.298707430058543,1.8672199170124228,양봉,112.8369873046875,114.18817291259765,121.7364112854004,False,False,0,4.9492863246372725,0.10905311264700997,False,46.2434383641814,-3.003109735721594,0.4468466537570661,48.85468580192852
2022-05-24,115.4800033569336,116.37000274658205,113.7699966430664,115.91000366210938,115.28572845458984,1307500.0,-0.0044661795441071,-0.0044761827190623,2.600006103515639,41.761279317918046,PWR,1307500.0,150736089.95437622,0.824016701912477,-4.749763240329274,-0.4466179544107107,2.255271435908705,-0.278854573512136,음봉,113.28456420898438,114.13048553466797,121.85290718078613,False,False,0,4.799286433628625,0.10910823366129642,False,41.761279317918046,-2.639268452679403,0.6485503494394065,46.18734866137374
2022-05-25,116.37999725341795,119.26000213623048,115.75,118.36000061035156,117.72254180908205,1243900.0,0.0211371640458692,0.0209168730054376,3.510002136230483,46.2158433457021,PWR,1243900.0,146435069.75631717,0.796443906925692,-4.864244741873803,2.1137164045869294,2.981588812381295,0.9491797584114106,양봉,114.82423095703125,114.15833435058593,122.01946067810059,True,False,0,4.542858123779297,0.10908161681258667,False,46.2158433457021,-2.1297408157190034,0.9264623891198451,79.28005462159894
2022-05-26,120.0,122.62000274658205,119.27999877929688,120.62999725341795,119.98030090332033,1764600.0,0.0191786471778687,0.0189970550451307,3.3400039672851705,54.52111415398845,PWR,1764600.0,211717238.97399905,1.13328134318088,41.86027815740816,1.9178647177868768,2.783793624568864,1.9345982136636581,음봉,116.23657989501953,114.24735260009766,122.19266115824381,True,False,0,4.393572671072824,0.10899662355574899,False,54.52111415398845,-1.5261615619706816,1.2240333142945339,83.79556970591943
2022-05-27,121.91999816894533,124.41000366210938,121.61000061035156,123.51000213623048,122.84480285644533,1486000.0,0.0238747688708766,0.023594223114013,2.8000030517578125,73.799546217514,PWR,1486000.0,182547377.04467776,0.9535081027512994,-15.788280630171148,2.3874768870876695,2.2793011886956713,1.6166797807816806,양봉,118.32725982666018,114.62182579040527,122.37831293741861,True,True,0,4.057858603341239,0.12799100557835202,False,73.799546217514,-0.8073724003861571,1.5542579807032468,91.34291677462323
2022-05-31,123.87000274658205,123.9800033569336,118.33000183105467,119.0,118.3590850830078,10607300.0,-0.0365153239627034,-0.0371986957302738,5.6500015258789205,61.48427703821847,PWR,10607300.0,1255470323.2009885,6.240765298403621,613.8156123822342,-3.6515323962703405,4.773610341712637,0.8345488504994001,음봉,118.83849182128907,114.75957984924317,122.54222094217936,True,False,0,4.141429901123049,0.12783736890125436,False,61.48427703821847,-0.5928527098418641,1.415022136998032,66.53253337226795
2022-06-01,120.52999877929688,121.75,117.69000244140624,119.77999877929688,119.1348876953125,1350900.0,0.0065546519877255,0.0065332636675093,4.059997558593764,69.01308465241262,PWR,1350900.0,160939319.78759766,0.7936259415989512,-87.26443109933724,0.6554651987725535,3.407899765664957,1.8341758005028237,음봉,119.60832366943359,114.79787216186523,122.73827807108562,True,False,0,4.034287043980193,0.1277947270961184,False,69.01308465241262,-0.3561381831080297,1.321389330985493,70.82347658982981
2022-06-02,119.81999969482422,124.70999908447266,119.01000213623048,124.56999969482422,123.89907836914062,1189200.0,0.0399898868080736,0.0392109888829946,5.699996948242173,73.27377277924089,PWR,1189200.0,147340783.99658203,0.7009063557165525,-11.969797912502777,3.9989886808073694,4.6005160193845835,0.5750725188610517,양봉,120.84363098144532,114.96148529052735,122.8676072438558,True,True,0,4.1750014168875555,0.1367835342166691,False,73.27377277924089,0.21342986946012843,1.5127659068429207,94.75471692526499
2022-06-03,123.72000122070312,129.44000244140625,123.18000030517578,129.1199951171875,128.42457580566406,1746200.0,0.0365256747353708,0.0358744231950833,6.260002136230469,73.97851981479178,PWR,1746200.0,224254994.2718506,1.022598171584735,46.83821056172217,3.6525674735370828,4.8744580988169215,-0.1445346896802281,양봉,122.53248596191406,115.36579551696778,123.04104754130046,True,True,0,4.341430119105747,0.17553153950540745,False,73.97851981479178,1.0182487389788122,1.8540678210892834,94.97064629541737
2022-06-06,134.57000732421875,138.4600067138672,130.8800048828125,131.39999389648438,130.6923065185547,2312900.0,0.0176580743885206,0.0175039819325652,7.580001831054687,76.38008323371884,PWR,2312900.0,302278235.74676514,1.3459016847705607,32.45332722483105,1.7658074388520628,5.79988373682772,4.785245721079226,음봉,124.10198669433593,116.05257720947266,123.2136796315511,True,True,0,4.671430315290181,0.19403331617190492,False,76.38008323371884,1.8181024544279865,2.123137229230766,73.40740017144586
2022-06-07,130.27000427246094,134.16000366210938,128.89999389648438,133.74000549316406,133.0196990966797,1402000.0,0.0178081835122756,0.0176514755335467,5.260009765625,76.93130095494838,PWR,1402000.0,186493618.13354492,0.8287599189686993,-39.383457996454666,1.7808183512275644,3.954308874057809,-0.323127089377518,양봉,127.03410949707032,117.24163856506348,123.38749224344889,True,True,0,4.789288112095426,0.21191668155155455,False,76.93130095494838,2.6097103009188913,2.3317960605773367,81.37519217137064
2022-06-08,133.17999267578125,133.17999267578125,129.14999389648438,130.44000244140625,129.73748779296875,1565600.0,-0.0246746258336173,-0.0249841465617281,4.029998779296875,76.39852920292319,PWR,1565600.0,203117010.88867188,0.9315729374551959,11.669044222539227,-2.4674625833617347,3.106271631934039,0.12050363982936088,음봉,129.15462951660157,118.16762428283691,123.5185302734375,True,True,0,4.63143048967634,0.21025605901077304,False,76.39852920292319,2.938346768375922,2.1283460224274937,70.13859323504538
2022-06-09,129.74000549316406,132.7100067138672,128.4199981689453,130.75999450683594,130.05575561523438,912700.0,0.0024531677596031,0.002450163655619,4.290008544921875,74.64950125024882,PWR,912700.0,118701888.15002441,0.5468164402216552,-41.702861522738885,0.24531677596031365,3.2985918421124882,0.0019406111819662885,양봉,130.3859649658203,119.2617000579834,123.67028109232585,True,True,0,4.506431034633093,0.20690947999882725,False,74.64950125024882,3.187728935044362,1.9021825512767465,69.23774214664073
2022-06-10,128.5800018310547,129.07000732421875,124.6500015258789,126.5999984741211,125.91813659667967,1411400.0,-0.031814193835417,-0.0323312616081884,4.420005798339844,67.625683861932,PWR,1411400.0,177720857.99255368,0.8500572643509817,54.640078886819325,-3.181419383541706,3.510221734377536,-1.134708554187833,음봉,129.88467712402343,120.14044075012207,123.7336867014567,True,True,0,4.522859845842636,0.19140508295337402,False,67.625683861932,3.0167199537740146,1.384938856005119,49.202652889883005
2022-06-13,125.36000061035156,128.72999572753906,123.08999633789062,125.80999755859376,125.13240051269533,2222700.0,-0.0062400548897978,-0.0062596054056066,5.6399993896484375,63.0495178915929,PWR,2222700.0,278131786.61956793,1.3337698903305324,57.48193283264844,-0.6240054889797841,4.5072254400459855,-0.4432530542568625,음봉,128.77269592285157,120.79887466430664,123.73727480570476,True,True,0,4.652859824044368,0.19036179841687453,False,63.0495178915929,2.785680181648644,0.9231192671037982,46.02024801547762
2022-06-14,125.86000061035156,126.48999786376952,122.47000122070312,123.5500030517578,122.88459777832033,1504300.0,-0.0179633949733661,-0.0181266953278683,4.019996643066392,60.138032091993175,PWR,1504300.0,184855300.43792728,0.8991384405783956,-32.321050974040574,-1.7963394973366187,3.2713592392745023,0.5814641888712244,음봉,126.74567565917968,121.36381607055664,123.68848813374838,True,False,0,4.754287719726564,0.18947567547203084,False,60.138032091993175,2.3936085730344985,0.42483812679172206,31.41609717783041
2022-06-15,123.8000030517578,125.6500015258789,120.93000030517578,124.12000274658205,123.4515151977539,1631900.0,0.0046134131509001,0.0046028039776023,4.720001220703125,58.04469584967108,PWR,1631900.0,201460527.6512146,0.9711772713060252,8.482350594961119,0.46134131509001364,3.823364349268839,0.744930845677529,음봉,125.48848114013671,121.88399963378906,123.62164713541667,True,False,0,4.840716225760325,0.18866702025634174,False,58.04469584967108,2.104376553328251,0.10848488566837955,27.73958387667203
2022-06-16,121.19000244140624,122.33000183105467,113.87000274658205,114.7300033569336,114.11209106445312,2132700.0,-0.0756525678793021,-0.078667269225408,8.459999084472628,43.126759063129306,PWR,2132700.0,243366856.61315918,1.2530049808682806,30.688154911452912,-7.565256787930219,7.413762210083616,-1.8319036042004098,음봉,122.29974822998047,122.08839378356933,123.37396570841472,True,False,0,5.2064301627022855,0.16896197303575014,True,43.126759063129306,1.1087634839124263,-0.7097025469979563,0.9844988971663322
2022-06-17,113.87000274658205,116.83000183105467,112.86000061035156,113.8499984741211,113.2368392944336,2049000.0,-0.0076701054362868,-0.0076996719776801,3.970001220703111,38.19647795615505,PWR,2049000.0,232022283.71429443,1.195138232443077,-3.92460261640174,-0.7670105436286878,3.505927263106031,-0.2121495764496529,음봉,119.76348876953125,122.10430793762207,123.12047691345215,False,False,0,5.290001460484093,0.16893995180723362,False,38.19647795615505,0.24626861899633923,-1.2577579295312347,1.4720257587371448
2022-06-21,116.19000244140624,120.6999969482422,115.4800033569336,119.2300033569336,118.58786010742188,1338300.0,0.0472551233885536,0.0461725730636954,5.219993591308608,50.27520241410137,PWR,1338300.0,158706133.1817627,0.7800199277088593,-34.68521229868229,4.725512338855364,4.401794236425312,2.607952646306167,양봉,118.45458068847657,122.41413078308105,122.90050290425619,False,False,0,5.259286608014785,0.16160601456462165,False,50.27520241410137,-0.005419641870460623,-1.2075569523184277,22.374445825947326
2022-06-22,116.91000366210938,120.16999816894533,116.6999969482422,118.86000061035156,118.21984100341795,1119100.0,-0.0031033455167379,-0.0031081708792001,3.470001220703125,48.88834842482426,PWR,1119100.0,132299824.06692503,0.6524742423555346,-16.37898826869909,-0.31033455167379653,2.9352105291723416,-1.4148635819826978,양봉,117.5216293334961,122.53497657775878,122.64573262532552,False,False,0,5.217144012451167,0.16144663633809242,False,48.88834842482426,-0.23190718626644014,-1.1472355973715258,20.936871543676432
2022-06-23,119.16999816894533,121.48999786376952,116.55999755859376,120.76000213623048,120.10961151123048,1472000.0,0.0159852228845231,0.0158588046455224,4.930000305175753,45.05067474991457,PWR,1472000.0,176801348.14453128,0.8539918520101076,31.53426860870343,1.5985222884523198,4.104584340208933,0.8037205577868282,양봉,116.8532485961914,122.77617073059082,122.40191434224447,False,False,0,5.162144252232138,0.16112947394047542,False,45.05067474991457,-0.255960951921935,-0.9370314904216165,28.318785829833605
2022-06-24,122.0,126.56999969482422,121.52999877929688,125.9800033569336,125.301513671875,2702700.0,0.0432263671101713,0.0423181870914781,5.040000915527344,45.99083823885454,PWR,2702700.0,338652401.00097656,1.5446213607029398,83.60733695652173,4.322636711017136,4.022298508480521,1.573886107018806,양봉,119.09113311767578,123.15511932373047,122.26252098083496,False,True,0,5.0750013078962,0.16063367816845744,False,45.99083823885454,0.14227927243837257,-0.43103301284904716,48.599648809516715
2022-06-27,126.91000366210938,128.27999877929688,125.18000030517578,127.91000366210938,127.22109985351562,1214700.0,0.0153197365729149,0.0152035742899629,3.0999984741210938,45.50372566459136,PWR,1214700.0,154535469.99206543,0.6941633965940447,-55.056055056055065,1.5319736572914966,2.4367015201805993,1.283695578049042,양봉,121.88798522949219,123.51715927124023,122.19322751363119,False,True,0,4.755001068115229,0.16016284635241235,False,45.503725664591364,0.6057988100317573,0.025989219795469976,67.42299148158523
2022-06-28,128.4499969482422,129.86000061035156,123.79000091552734,124.0999984741211,123.43162536621094,888300.0,-0.0297865251256902,-0.0302391545081307,6.069999694824219,38.03375573066258,PWR,888300.0,109644312.81280518,0.5097662174410078,-26.870832304272664,-2.9786525125690244,4.917702150332263,0.9659538363852647,음봉,122.85673828125,123.54650039672852,122.06988843282063,False,True,0,4.812857491629459,0.16012480919103347,False,38.03375573066258,0.6597571916657188,0.06395808114354518,52.0257326962486
2022-06-29,124.33000183105467,124.5999984741211,117.95999908447266,119.75,119.10506439208984,1727100.0,-0.0350522887573144,-0.0356813643519647,6.6399993896484375,37.0674921023908,PWR,1727100.0,205706356.71157837,0.9885731158860673,94.4275582573455,-3.5052288757314476,5.574909365557945,0.7278332940835306,음봉,123.03378295898438,123.58379936218262,121.87427520751953,False,False,0,4.999286106654571,0.16007648174231295,False,37.0674921023908,0.34937490935027427,-0.1971393609375195,31.4612688236515
2022-06-30,117.52999877929688,125.47000122070312,117.52999877929688,125.33999633789062,124.73786163330078,1493100.0,0.0472926761759513,0.0462084307198535,7.94000244140625,44.27221206818712,PWR,1493100.0,186246101.2046814,0.8566600518921321,-13.54872329338197,4.729267617595134,6.365350774368685,-1.3224169944679314,양봉,123.95943298339844,123.86394805908203,121.77552324930826,True,True,1,5.259999956403455,0.15971442951915146,False,44.27221206818712,0.5515563779535881,0.004033686132635439,69.8697707232307
2022-07-01,125.20999908447266,127.7699966430664,122.1500015258789,126.13999938964844,125.53400421142578,1036100.0,0.0063825254634031,0.0063622434025253,5.6199951171875,49.55416810188725,PWR,1036100.0,130065781.76345825,0.5958277461997603,-30.607460987207823,0.6382525463403121,4.47687075106936,0.3785037237209062,양봉,124.0059310913086,123.9456943511963,121.7122418721517,True,True,1,5.345713479178287,0.1596090925610693,False,49.55416810188725,0.7671850689552997,0.1757299017074776,74.5529623592601
2022-07-05,124.08999633789062,127.58999633789062,121.75,127.25,126.63867950439452,1297300.0,0.0087998092621042,0.0087613165945106,5.839996337890625,51.73537063507227,PWR,1297300.0,164288358.921051,0.7446060862260916,25.20992182221793,0.8799809262104219,4.61154235084074,-1.15029221174459,양봉,123.88944702148437,123.85639953613281,121.67880414326986,True,True,1,5.359998975481301,0.15972416343714893,False,51.73537063507227,1.015504322381986,0.33923932410733104,81.05105231789973
2022-07-06,126.77999877929688,128.0,123.05999755859376,126.29000091552734,125.68328857421876,1048100.0,-0.0075442268816661,-0.0075728285035063,4.940002441406236,53.32331347480722,PWR,1048100.0,131728654.75463869,0.6021777889241012,-19.20912664765282,-0.7544226881666116,3.9305165368019908,0.11159250511409036,음봉,124.33977966308593,123.60594863891602,121.58056755065918,True,True,1,5.425713675362718,0.1600477972143298,False,53.32331347480722,1.122270223686499,0.35680418032947514,75.43110566980707
2022-07-07,127.75,132.52000427246094,126.80999755859376,132.25,131.61465454101562,981300.0,0.0471929564708537,0.0461132095317789,5.710006713867173,58.59795836467959,PWR,981300.0,129153460.50109863,0.5668582421149342,-6.373437649079284,4.719295647085375,4.338427763823017,1.6443804496417174,양봉,126.8416976928711,123.53569641113282,121.55300636291504,True,True,1,5.4964283534458644,0.14876522155523184,False,58.59795836467959,1.6662867166617445,0.7206565386437763,95.39496661849465
2022-07-08,132.24000549316406,133.5800018310547,130.39999389648438,131.9499969482422,131.31610107421875,882800.0,-0.0022683907642202,-0.0022709674599224,3.1800079345703125,72.38326963346837,PWR,882800.0,115925854.02832031,0.515160805970398,-10.037705085091208,-0.22683907642202517,2.4216435825893114,0.4751377833488571,음봉,128.1573455810547,123.61462707519532,121.53638242085775,True,True,1,5.119286128452842,0.14867023168223228,False,72.38326963346837,2.04970521133761,0.8832600266557133,89.07383868986513
2022-07-11,130.72000122070312,132.0,130.22999572753906,131.14999389648438,130.5199432373047,589100.0,-0.006062911024628,-0.0060813650977518,1.7700042724609375,72.53254905658615,PWR,589100.0,76889298.56109619,0.3477088948787062,-33.26914363389216,-0.6062911024628082,1.356117868702108,-0.4539426990592071,음봉,129.15453338623047,123.63783645629883,121.49173596700032,True,True,1,4.962143489292687,0.14864232320239504,False,72.53254905658615,2.263234686428575,0.8774316013973427,83.0935975043026
2022-07-12,129.85000610351562,131.1999969482422,126.87999725341795,127.72000122070312,127.10641479492188,985400.0,-0.0261533092776213,-0.0265013894509569,4.319999694824233,61.69683664631124,PWR,985400.0,125250661.13891602,0.5853254259341322,67.27210999830248,-2.6153309277621384,3.398726729720351,-0.5132833474889098,음봉,129.24808044433593,123.69725036621094,121.3766040802002,True,True,0,4.897858210972374,0.14857092774636246,False,61.69683664631124,2.1324337477322217,0.5973045301607913,61.96483307229631
2022-07-13,126.13999938964844,129.50999450683594,125.16000366210938,127.9000015258789,127.28556823730467,985900.0,0.0014094760100964,0.001408483631165,4.3499908447265625,62.51306051210899,PWR,985900.0,125490841.72515868,0.5903340319062487,0.05074081591232016,0.14094760100964443,3.4175051460796113,-0.7603199310063834,양봉,129.56853637695312,123.8049087524414,121.25782737731933,True,True,0,4.960714612688334,0.1484417333025951,False,62.51306051210899,2.0199445832145386,0.3878522925144865,63.01743822747055
2022-07-14,125.7699966430664,128.19000244140625,124.51000213623048,128.0399932861328,127.42489624023438,888500.0,0.0010946095842534,0.001094010936,3.680000305175767,60.60966787255594,PWR,888500.0,113217020.30944824,0.5356076640729358,-9.879298103255907,0.10946095842534476,2.8879759087563674,-1.1906861203720387,양봉,128.73058471679687,124.03192367553712,121.12098350524903,True,True,0,4.871428898402621,0.1481700412440406,False,60.60966787255594,1.9199072199860723,0.23025194342881594,61.650439747759435
2022-07-15,130.16000366210938,130.16000366210938,120.38999938964844,128.00999450683594,127.39502716064452,1401400.0,-0.0002344053671705,-0.0002344328444026,9.770004272460938,53.57101491674124,PWR,1401400.0,178531391.06292722,0.842202764282396,57.72650534608892,-0.02344053671705648,7.6690625138303155,2.1464466541283245,음봉,127.94636993408203,124.22909927368164,120.94153620402018,True,True,0,5.209286281040734,0.14793486674241255,True,53.57101491674124,1.8172683652957886,0.10209047099082591,61.46433959878416
2022-07-18,128.74000549316406,130.27999877929688,126.7699966430664,126.95999908447266,126.3500747680664,844800.0,-0.0082024582581267,-0.0082362835126784,3.5100021362304688,48.46855156342767,PWR,844800.0,106740543.1640625,0.5110550766163957,-39.71742543171115,-0.820245825812671,2.777997672477502,1.0557541864044144,음봉,127.11239624023438,124.8409984588623,120.76241035461426,True,True,0,5.23857225690569,0.14720977462093834,False,48.46855156342767,1.6327856715829654,-0.06591377817759803,54.95373402937482
2022-07-19,128.14999389648438,131.5500030517578,128.14999389648438,131.11000061035156,130.4801025390625,885300.0,0.0326871810608528,0.0321643185852098,3.400009155273437,62.24608012182218,PWR,885300.0,115514034.77783203,0.5362184103202088,4.794034090909083,3.268718106085289,2.6057683042175412,1.4245493180134456,양봉,127.7871337890625,125.70316162109376,120.86049016316731,True,True,1,5.047858646937777,0.10655908224467395,False,62.24608012182218,1.7991016092768035,0.08032172761299217,80.68598939205384
2022-07-20,131.0,133.25999450683594,129.72000122070312,132.3000030517578,131.6644287109375,783100.0,0.0090766802664064,0.0090357347836084,3.5399932861328125,74.49530488837416,PWR,783100.0,103106414.12353516,0.4755127139962873,-11.544109341466168,0.9076680266406401,2.68864819510567,0.3984496109526398,양봉,128.66290588378905,126.35699005126953,121.05671742757161,True,True,1,4.826429639543804,0.1064016142048365,False,74.49530488837416,2.003379698283055,0.22767985329539475,88.0649672530287
2022-07-21,131.2899932861328,133.22000122070312,130.6199951171875,133.13999938964844,132.50038146972656,547400.0,0.0063491162113675,0.0063290454824977,2.600006103515625,68.62460254844933,PWR,547400.0,72530708.81652832,0.3354081849003974,-30.09832716128208,0.6349116211367578,1.962263107981821,-0.2843861690439878,양봉,129.6780029296875,127.07101707458496,121.2647221883138,True,True,1,4.445001329694473,0.10541599009768114,False,68.62460254844933,2.2072817864017935,0.34526555313130625,91.81485851785011
2022-07-22,133.8000030517578,136.08999633789062,131.58999633789062,133.05999755859375,132.42076110839844,699700.0,-0.0006009066573616,-0.0006010872741266,4.5,67.11173896674532,PWR,699700.0,92654806.54754639,0.4407823491473054,27.82243332115455,-0.060090665736167725,3.398258673589967,0.9808436531393572,음봉,130.6831497192383,127.68657455444335,121.53107693990071,True,True,1,4.365001678466795,0.10490779570506206,False,67.11173896674532,2.335528444435596,0.37880976893208684,76.62907042855824
2022-07-25,131.8800048828125,133.86000061035156,128.75,133.67999267578125,133.0377960205078,784400.0,0.0046596538710743,0.0046488312906055,5.1100006103515625,66.2949612473885,PWR,784400.0,104354847.19848633,0.5033741834476056,12.105187937687578,0.4659653871074365,3.8410141803340263,-0.4083621186433744,양봉,132.02069396972655,128.073388671875,121.79561411539713,True,True,1,4.312859126499719,0.10878709287620814,False,66.2949612473885,2.458613044779227,0.4015154954205742,80.55922986835647
2022-07-26,133.9499969482422,135.1699981689453,132.5800018310547,133.27999877929688,132.6396942138672,907300.0,-0.002992396285483,-0.0029968824550812,2.589996337890625,68.23151194838971,PWR,907300.0,120343994.5602417,0.5871339779218337,15.668026517083122,-0.299239628548309,1.9526555404406583,0.6856705049396331,음봉,132.4526123046875,128.34431838989258,122.0362767537435,True,True,1,4.145001547677175,0.108557447678301,False,68.23151194838971,2.4952710571138397,0.35053880620414946,78.02354907839812
2022-07-27,134.08999633789062,135.16000366210938,133.07000732421875,133.97000122070312,133.326416015625,1455000.0,0.0051773475943825,0.0051639912109175,2.089996337890625,56.18709194214306,PWR,1455000.0,193989935.30273438,0.9408882214733757,60.365920864102286,0.5177347594382598,1.5675785792109578,1.0934148579119776,음봉,132.785009765625,128.83905792236328,122.33579470316569,True,True,1,3.8864293779645647,0.11038074829842946,False,56.18709194214306,2.550336810996413,0.324483648069378,82.39757414363675
2022-07-28,138.1699981689453,145.3800048828125,136.3300018310547,145.2899932861328,144.59201049804688,2590000.0,0.0844963422784994,0.0811156785529627,9.050003051757812,76.76554789004237,PWR,2590000.0,374493307.1899414,1.6619051256588495,78.00687285223367,8.449634227849945,6.258992471703724,3.632875088124079,양봉,135.20333557128907,130.11340522766113,122.81892814636231,True,True,1,4.3057147434779575,0.15259110950179983,True,76.76554789004237,3.4630957300321086,0.9897940536840588,96.8467618585311
2022-07-29,146.00999450683594,146.83999633789062,137.99000549316406,138.72999572753906,138.06353759765625,2613400.0,-0.0451509933218531,-0.0462020591922465,8.849990844726562,62.353310111494814,PWR,2613400.0,360815249.15771484,1.652145205248518,0.9034749034749101,-4.515099332185313,6.410085529256204,0.9806793638907293,음봉,136.33189086914064,130.7796890258789,123.14716974894206,True,True,1,4.811428070068359,0.1457260407069011,True,62.353310111494814,3.6179648998433436,0.9157305787962349,66.81867768299445
2022-08-01,138.0,139.47000122070312,136.5,138.72000122070312,138.0535888671875,1453700.0,-7.205907252461063e-05,-7.206166890430642e-05,2.970001220703125,70.17606962692071,PWR,1453700.0,200688502.13623047,0.9159628986574067,-44.375143491237466,-0.0072059072524610635,2.1513393784788692,-0.046020548771834896,양봉,137.33504943847657,131.405668258667,123.43761596679687,True,True,1,4.714999607631137,0.14389578603722802,False,70.17606962692071,3.6972771438478844,0.7960342582406201,66.78106433094672
2022-08-02,138.55999755859375,140.10000610351562,136.66000366210938,138.30999755859375,137.64552307128906,940600.0,-0.0029558506899158,-0.0029602278441706,3.44000244140625,68.9340383226386,PWR,940600.0,129469379.00085449,0.5969807329051756,-35.296140881887595,-0.29558506899158843,2.499174956547342,0.3668203742920681,음봉,138.33621520996093,131.9560104370117,123.7260684967041,True,True,0,4.650000435965401,0.14329564724794447,False,68.9340383226386,3.6847298966704045,0.6267896088505118,65.23828231589793
2022-08-03,139.7100067138672,139.7100067138672,136.11000061035156,137.05999755859375,136.40155029296875,1659600.0,-0.0090375099063413,-0.0090785959298935,3.600006103515625,65.76917530365957,PWR,1659600.0,226372012.86621094,1.049215006447534,76.44056984903254,-0.9037509906341334,2.6392706650205855,1.4998552779002425,음봉,138.95124206542968,132.4919235229492,124.05014979044596,True,True,0,4.644286564418247,0.1376833790689192,False,65.76917530365957,3.533673912757422,0.38058689995002304,60.53517108017816
2022-08-04,135.3300018310547,136.11000061035156,131.8000030517578,133.41000366210938,132.7691192626953,1779100.0,-0.0266304233527518,-0.0269914367997531,4.30999755859375,58.37993857981712,PWR,1779100.0,236209540.08026123,1.1279412859842728,7.200530248252601,-2.6630423352751897,3.2462349547307325,-0.785583785237446,음봉,136.58666381835937,132.5496467590332,124.4423272450765,True,True,0,4.2542860848563055,0.13762342017510723,False,58.379938579817114,3.085288841319368,-0.05423853719042482,29.890995071494686
2022-08-05,134.16000366210938,138.64999389648438,133.47000122070312,136.91000366210938,136.25228881835938,1287200.0,0.0262347869369556,0.0258965577398683,5.17999267578125,64.34960369800783,PWR,1287200.0,175383946.1669922,0.8234307380186957,-27.648811196672472,2.623478693695569,3.8017656222177676,1.0475963139154942,양봉,136.2244140625,132.79645614624025,124.85956916809081,True,True,1,4.373571123395648,0.13736763961450743,False,64.34960369800783,2.976689689034032,-0.13027015158060928,43.35095700108093
2022-08-08,137.94000244140625,139.75999450683594,137.17999267578125,137.25999450683594,136.60060119628906,1095600.0,0.0025563781786743,0.0025531162020261,2.5800018310546875,59.96118962202348,PWR,1095600.0,149659618.6706543,0.7046169834183869,-14.885021752641393,0.2556378178674379,1.8887192358306961,1.2386680896764968,음봉,135.9338165283203,133.10048904418946,125.33334185282389,True,True,1,4.314999171665737,0.13705385953859367,False,59.961189622023475,2.885468096291646,-0.17719339545839663,43.39747255694844
2022-08-09,136.83999633789062,137.9199981689453,135.5800018310547,135.83999633789062,135.18739318847656,654300.0,-0.0103455474971283,-0.0103994346572859,2.339996337890625,55.6912687421828,PWR,654300.0,88453111.36322021,0.4270870028306071,-40.27929901423878,-1.034554749712835,1.730927923603225,0.17525189457809356,음봉,135.44219055175782,133.5045379638672,125.7807430267334,True,True,0,4.229285103934152,0.13663906866534845,False,55.6912687421828,2.668380818205975,-0.3154245388352548,35.58537585213901
2022-08-10,137.7899932861328,140.52999877929688,137.55999755859375,140.25,139.5762176513672,1187900.0,0.0324647465963914,0.0319489015378317,2.970001220703125,60.253801045453336,PWR,1187900.0,165802588.94805908,0.7828555229413844,81.55280452391868,3.2464746596391425,2.12787054319066,1.925179586847819,양봉,136.0771240234375,134.11907043457032,126.24095128377279,True,True,1,4.255713326590402,0.13601298958360852,False,60.253801045453336,2.8179949498713768,-0.1326483257358828,59.846433626362874
2022-08-11,142.07000732421875,142.74000549316406,140.75999450683594,141.25,140.57142639160156,888000.0,0.0071302171457332,0.0071049173383534,1.980010986328125,61.50604164010023,PWR,888000.0,124827426.63574219,0.5925348489165353,-25.246232847882823,0.7130217145733253,1.4085444226853352,1.786686668269331,음봉,137.63758544921876,134.77639694213866,126.72404556274414,True,True,1,4.075714111328125,0.135349632011694,False,61.50604164010023,2.9824899673502046,0.02547735339435553,65.34786503433861
2022-08-12,141.36000061035156,143.6300048828125,141.00999450683594,143.4600067138672,142.77081298828125,790800.0,0.0156460431051803,0.0155249056864228,2.6200103759765625,63.152221202717605,PWR,790800.0,112903158.91113281,0.5309084941480117,-10.945945945945946,1.5646043105180363,1.835116240594368,0.5609776033382509,양봉,138.94129028320313,135.5451862335205,127.2194283803304,True,True,1,3.897857666015625,0.1345819518706686,False,63.152221202717605,3.2528289834308737,0.23665309558001946,72.94424756584668
2022-08-15,142.14999389648438,143.4600067138672,141.32000732421875,142.97000122070312,142.2831573486328,624900.0,-0.0034156535880234,-0.0034215002499844,2.139999389648437,62.99974411653147,PWR,624900.0,88912745.02716064,0.4242193384459719,-20.978755690440064,-0.3415653588023426,1.5040426636055393,-0.4348361396862203,양봉,140.0778015136719,136.34184036254882,127.75707753499348,True,True,1,3.8657150268554688,0.10350386881575875,False,62.99974411653147,3.388662475106912,0.29798926980484586,69.70185489737344
2022-08-16,142.72999572753906,144.07000732421875,142.05999755859375,142.42999267578125,141.74575805664062,912100.0,-0.0037769705283908,-0.0037841212927398,2.010009765625,61.39546007282917,PWR,912100.0,129286305.92346191,0.6217114231926082,45.959353496559444,-0.3776970528390877,1.4180387428749819,0.31404868097730865,음봉,141.38947448730468,136.90512313842774,128.23753089904784,True,True,1,3.860001700265067,0.09442730476958132,False,61.395460072829174,3.4135980310462344,0.258339860595334,66.12871971194964
2022-08-17,141.25,144.22999572753906,140.4199981689453,144.1199951171875,143.42764282226562,1077900.0,0.0118655033398102,0.0117956601949098,3.80999755859375,47.8719749237282,PWR,1077900.0,154600656.19812012,0.7389665435195412,18.177831378138354,1.186550333981029,2.6563899982063206,-0.34975159993325766,양봉,142.15975952148438,137.49328384399413,128.75480155944825,True,True,1,3.485715593610491,0.08852250124055853,False,47.871974923728196,3.528400478899897,0.2985138467591968,77.3114691562312
2022-08-18,145.02999877929688,146.3000030517578,143.64999389648438,144.47999572753906,143.78590393066406,573600.0,0.0024978525851002,0.0024947381365426,2.650009155273437,63.50396346140135,PWR,573600.0,82475594.4946289,0.3956420775347586,-46.78541608683552,0.24978525851002686,1.8430243040731695,1.1171876811897943,음봉,142.8026550292969,138.05755996704102,129.22118453979493,True,True,1,3.0428597586495534,0.08816068741584397,False,63.50396346140135,3.606714958328155,0.3014626609499631,82.66138537176724
2022-08-19,143.55999755859375,144.0,141.7899932861328,142.02000427246094,141.33775329589844,728500.0,-0.0170263604973833,-0.0171729755703074,2.2100067138671875,56.95033871562548,PWR,728500.0,102964553.27606201,0.5064739007942157,27.00488145048814,-1.7026360497383375,1.5636350955999814,-0.15711301726715038,음봉,142.51604309082032,138.503409576416,129.65538495381674,True,True,0,2.988574436732701,0.08629618809192764,False,56.95033871562548,3.431676223957851,0.1011391412637268,65.777587890625
2022-08-22,139.82000732421875,142.35000610351562,138.9199981689453,140.00999450683594,139.33738708496094,652300.0,-0.0141530918971778,-0.0142542020502542,3.4300079345703125,53.354446234106334,PWR,652300.0,90889777.59552002,0.45823316369540107,-10.45984900480439,-1.4153091897177839,2.4616565634884955,-1.0738432841098033,음봉,141.92688903808593,138.81838912963866,130.01563237508137,True,True,0,2.987860543387277,0.08610038165057332,False,53.354446234106334,3.095856820100522,-0.18774421007488185,51.98195884967672
2022-08-23,140.52000427246094,143.00999450683594,140.16000366210938,141.22000122070312,140.5415496826172,725700.0,0.0086420638627449,0.008604934988892,2.8499908447265625,58.22132449504362,PWR,725700.0,101991002.6046753,0.5135004301717767,11.252491185037549,0.8642063862744909,2.027863540115114,0.8487436231159549,양봉,141.68604736328126,139.21348190307617,130.35831985473632,True,True,0,2.9342880249023438,0.08492633812279006,False,58.22132449504362,2.8935285847535397,-0.31205795633749167,60.28652848868534
2022-08-24,141.6999969482422,145.52000427246094,141.6999969482422,145.11000061035156,144.4128875732422,731800.0,0.0275458602766767,0.0271732992649136,3.82000732421875,72.9051778478163,PWR,731800.0,105681351.12609863,0.5211867711977933,0.8405677277111723,2.7545860276676715,2.645198353423512,0.8242738665121478,양봉,141.88309631347656,139.76780548095704,130.7177879333496,True,True,1,2.8992887224469865,0.08458951755497368,False,72.9051778478163,3.0108593023548735,-0.15578179098892653,85.29138574284603
2022-08-25,146.3699951171875,149.3300018310547,146.13999938964844,147.75,147.0402069091797,863400.0,0.0181931085243689,0.0180295941704897,3.19000244140625,71.96105266885388,PWR,863400.0,126954514.64538574,0.6175685188128704,17.983055479639255,1.819310852436895,2.169476300707721,1.355216682411895,양봉,142.5339569091797,139.89021530151368,131.19580663045247,True,True,1,2.757146562848772,0.10201633913941052,False,71.96105266885388,3.278060018985059,0.08913514051300675,83.34694602272728
2022-08-26,148.2100067138672,148.2100067138672,143.9600067138672,144.6300048828125,143.93516540527344,982800.0,-0.0211169554856794,-0.0213431078226529,4.25,63.42431490130848,PWR,982800.0,141459480.56030273,0.7092679864644739,13.829047949965245,-2.111695548567949,2.9527183214980277,0.7955645801083742,음봉,143.05343933105468,140.18379669189454,131.60914459228516,True,True,1,2.876432146344866,0.10180269034837414,False,63.42431490130848,3.2023528819138107,0.010742402753406655,60.76482599431819
2022-08-29,143.0,146.6300048828125,142.3000030517578,144.8699951171875,144.17404174804688,654300.0,0.0016596107150108,0.001658235082947,4.330001831054688,67.18690996956282,PWR,654300.0,94333075.51574707,0.4767378519508006,-33.42490842490843,0.1659610715010862,3.003315838659525,-0.6497129472428252,양봉,144.02077026367186,140.4898193359375,131.94706064860026,True,True,1,3.0185753958565846,0.1015809381344532,False,67.18690996956282,3.1255997861172204,-0.05280855443454735,56.194067872417385
2022-08-30,146.1699981689453,146.66000366210938,139.7100067138672,140.75999450683594,140.0837860107422,758600.0,-0.028370264769664,-0.0287804779272661,6.949996948242188,50.981935272092656,PWR,758600.0,106267560.06774902,0.6237851722490662,15.940699984716499,-2.837026476966409,4.961314329203834,1.3844076206079425,음봉,143.92921752929686,140.61173248291016,132.1413808186849,True,True,0,3.302860804966518,0.10149286545643602,True,50.981935272092656,2.703558016507344,-0.37988025923553925,11.179514240065668
2022-08-31,140.6699981689453,142.05999755859375,139.9499969482422,141.3000030517578,140.6211700439453,1415200.0,0.0038361615466468,0.0038288222427896,2.1100006103515625,50.09796885912559,PWR,1415200.0,199007079.8461914,1.1627214883652994,86.55417875032956,0.3836161546646899,1.500485744566177,0.4184725262623698,음봉,143.1708740234375,140.82271347045898,132.3068618774414,True,True,0,3.312145778111049,0.10134080855840125,False,50.09796885912559,2.3849569744017742,-0.5587850410728876,16.3417029447547
2022-09-01,140.4600067138672,141.3699951171875,137.02000427246094,139.10000610351562,138.4317626953125,1328300.0,-0.015569542963898,-0.0156920212485093,4.3499908447265625,41.4509902954652,PWR,1328300.0,183878910.3881836,1.0893487565608597,-6.140474844544941,-1.5569542963898009,3.1423358050427104,-0.11460815610320983,음봉,141.44918518066407,141.10584564208983,132.3970629374186,True,True,0,3.435715811593192,0.08399945209050647,False,41.4509902954652,1.9335081987939589,-0.8081870533445628,11.468389137624142
2022-09-02,141.35000610351562,144.67999267578125,140.10000610351562,140.60000610351562,139.92454528808594,790300.0,0.010783526581678,0.0107257989927643,4.579986572265625,45.52999053794884,PWR,790300.0,110582368.14117432,0.6562975773529494,-40.502898441617106,1.0783526581678027,3.273183102247032,2.1080735745785177,음봉,140.64706115722657,141.28945846557616,132.5668472290039,False,True,0,3.6100006103515625,0.08389029053849018,False,45.52999053794884,1.6768571062307842,-0.8518705167261902,23.594976374282922
2022-09-06,140.38999938964844,141.67999267578125,138.50999450683594,140.25999450683594,139.586181640625,889900.0,-0.0024181865073371,-0.0024211150424446,3.1699981689453125,45.87608859838878,PWR,889900.0,124217743.04199219,0.7531364059521523,12.602809059850696,-0.2418186507337161,2.2709971228432253,0.3326464993001708,음봉,139.7294891357422,141.43873748779296,132.7256876627604,False,True,0,3.692856924874442,0.08380175001014907,False,45.87608859838878,1.4296757358355876,-0.8792415096971093,20.84628657275878
2022-09-07,140.1300048828125,142.60000610351562,139.22999572753906,142.42999267578125,141.74575805664062,886700.0,0.015471276530621,0.0153528165871856,3.3700103759765625,46.84582956079012,PWR,886700.0,125685963.66882324,0.7556591139668583,-0.3595909652770013,1.547127653062108,2.377503512048614,0.3895967607937105,양봉,140.06188354492187,141.76665573120118,132.98948135375977,False,True,0,3.6614292689732144,0.060722630222648115,False,46.845829560790115,1.391996419158744,-0.7335366610991625,38.389559069250865
2022-09-08,141.97000122070312,146.66000366210938,141.1199951171875,146.61000061035156,145.90567016601562,990600.0,0.0293477008864895,0.0289253015121193,5.540008544921875,53.47925460537091,PWR,990600.0,144534156.86645508,0.8508220858895705,11.717604601330777,2.9347700886489525,3.796979609235402,0.15820096991748706,양봉,141.11878356933593,142.0831283569336,133.33570251464843,False,True,0,3.8678577968052457,0.06058737806111304,False,53.47925460537091,1.6784572205824588,-0.3576606877403581,72.18251548191009
2022-09-09,147.75,148.0,145.55999755859375,146.75999450683594,146.05496215820312,730000.0,0.0010232089816497,0.001022685860151,2.44000244140625,58.374513276637664,PWR,730000.0,106620122.37548828,0.6285594794395857,-26.307288512012917,0.10232089816497592,1.6706056441706512,1.2640563124694497,음봉,142.64342346191407,142.35730514526367,133.72187525431315,True,True,1,3.8842860630580356,0.06047068821008514,False,58.374513276637664,1.8956739365096666,-0.11235517745052004,73.3952857645758
2022-09-12,147.52999877929688,148.14999389648438,144.6300048828125,145.66000366210938,144.9602508544922,774700.0,-0.0074952010362042,-0.0075234312044754,3.519989013671875,60.31399321991393,PWR,774700.0,112300706.3369751,0.6729035744913182,6.123287671232869,-0.7495201036204269,2.4282442896743883,1.0099188684161424,음봉,143.65056457519532,142.4667770385742,134.08035418192546,True,True,1,3.8907132829938615,0.06042422235421505,False,60.31399321991393,1.9569274539741457,-0.040881327988832705,64.50242206984089
2022-09-13,141.75,144.30999755859375,140.88999938964844,141.4499969482422,140.77047729492188,730800.0,-0.0289029132805234,-0.0293288293662724,3.4199981689453125,50.37846739247243,PWR,730800.0,102875064.8071289,0.6481030762105725,-5.666709694075123,-2.8902913280523412,2.4294853826347613,-2.214573192008728,음봉,143.88742370605468,142.39114303588866,134.52466061909993,True,True,0,3.9314280918666293,0.06045631793051546,False,50.37846739247243,1.648389983372624,-0.2795350388722837,30.466886809759675
2022-09-14,141.5,143.2100067138672,140.1199951171875,142.3699951171875,141.68605041503906,1565500.0,0.0065040137513991,0.0064829539202586,3.0900115966796875,45.00364579023063,PWR,1565500.0,221809511.92474365,1.3871538497241207,114.21729611384785,0.6504013751399196,2.1808862535360096,0.5182355839781199,양봉,143.87548217773437,142.3881576538086,134.9988141377767,True,True,0,3.8792855398995534,0.06045758548823339,False,45.00364579023063,1.4609104478010408,-0.3736116595550938,37.90452532885114
2022-09-15,139.94000244140625,142.10000610351562,138.0399932861328,138.8800048828125,138.21282958984375,1623000.0,-0.0245134987884922,-0.0248189568296733,4.0600128173828125,34.312000047727494,PWR,1623000.0,224319422.4243164,1.4382833270034183,3.6729479399552956,-2.4513498788492294,2.9375079212481103,-1.2323358358272656,음봉,142.3369140625,142.1274169921875,135.3258969624837,True,True,0,3.9414291381835938,0.062108898523225556,False,34.312000047727494,1.0203101709381883,-0.6513695491343572,10.659741350627533
2022-09-16,137.10000610351562,138.52000427246094,134.86000061035156,137.4199981689453,136.75982666015625,3608000.0,-0.0105127934505022,-0.0105684432302771,3.660003662109375,36.45249038767917,PWR,3608000.0,493429454.58984375,3.1323630941635443,122.30437461491066,-1.0512793450502267,2.67622718709959,-0.8051520901717348,음봉,140.47788696289064,141.7761131286621,135.63489672342936,False,True,0,3.899286542619978,0.07251137037234172,False,36.45249038767917,0.5475739918718432,-0.8992845825605618,14.295161847726623
2022-09-19,135.99000549316406,142.14999389648438,135.75,141.27999877929688,140.6012725830078,1753600.0,0.0280889937978454,0.0277017331282829,6.399993896484375,44.062149560440055,PWR,1753600.0,246558391.6015625,1.5286484601686154,-51.396895787139684,2.8088993797845463,4.551874800923985,-0.5629000751113616,양봉,139.60609130859376,141.7392890930176,135.97642440795897,False,True,0,4.047143118722098,0.07253020891248334,True,44.062149560440055,0.4773966147467945,-0.7755695677484884,43.19996142245512
2022-09-20,140.63999938964844,140.89999389648438,137.52999877929688,138.57000732421875,137.90431213378906,1272700.0,-0.0191816218990943,-0.019367976107771,3.3699951171875,46.201869894486045,PWR,1272700.0,175510818.05267334,1.1104461860832933,-27.423585766423354,-1.9181621899094337,2.4437198989963926,0.027543709903309423,음봉,139.0328582763672,141.667635345459,136.18647104899088,False,True,0,3.791428702218192,0.07256689380008745,False,46.201869894486045,0.20183177786216788,-0.840907523706492,22.906795044163253
2022-09-21,139.1300048828125,142.13999938964844,136.4199981689453,136.52999877929688,135.87408447265625,699700.0,-0.0147220027402998,-0.0148314469091382,5.720001220703125,42.1364857657767,PWR,699700.0,95071096.90551758,0.6140634860049118,-45.022393337000075,-1.4722002740299889,4.2097808738900735,0.888799436405093,음봉,137.87046508789064,141.43426208496095,136.3306874593099,False,False,0,4.049285888671875,0.07894920418799116,False,42.1364857657767,-0.17832215879434443,-0.9768491682904034,7.630431712578921
2022-09-22,137.5,137.91000366210938,135.3699951171875,135.7100067138672,135.0580291748047,761000.0,-0.0060059672233948,-0.0060240755864345,2.540008544921875,44.1450392473907,PWR,761000.0,102779160.20202637,0.674541926896837,8.76089752751179,-0.6005967223394859,1.8806794090222945,1.1966340260205799,음봉,137.2395050048828,140.96651916503907,136.5244608561198,False,False,0,3.920001438685826,0.08500016745356855,False,44.1450392473907,-0.5392298291225757,-1.0702054708949076,1.4900576711333187
2022-09-23,133.69000244140625,133.69000244140625,126.63999938964844,128.75999450683594,128.14141845703125,1647300.0,-0.051212140144747,-0.0525700460827062,7.0500030517578125,32.79068036425274,PWR,1647300.0,211087358.62426758,1.4821571133755596,116.46517739816034,-5.121214014474706,5.50173639143993,-1.0129177374769847,음봉,135.5158233642578,140.02157974243164,136.67506675720216,False,False,0,4.096431187220982,0.1279341636776536,True,32.79068036425274,-1.3675996015483065,-1.5188601946565108,6.980099724830972
2022-09-26,128.0800018310547,131.0399932861328,125.43000030517578,125.73999786376952,125.13593292236328,1282500.0,-0.0234544425280868,-0.0237338759165751,5.609992980957031,30.420697655618937,PWR,1282500.0,160486833.9729309,1.1528122784013652,-22.145328719723178,-2.3454442528086816,4.483119156859267,-0.0479287858025053,음봉,132.4227554321289,139.08161811828614,136.68170127868652,False,False,0,4.270716530936105,0.1504082963576727,False,30.420697655618937,-2.2407759091881303,-1.9136292018370675,-1.2943110288771993
2022-09-27,127.66000366210938,128.8300018310547,124.12999725341795,125.5500030517578,124.94686126708984,1034900.0,-0.0015109301609693,-0.001512072767022,4.700004577636733,25.95440754776488,PWR,1034900.0,129307506.72531128,0.9283081247090081,-19.306042884990248,-0.15109301609693704,3.761602756542939,2.0170631095323155,음봉,129.83126525878907,138.1202590942383,136.6719155629476,False,False,0,4.365716116768974,0.15282407540744186,False,25.954407547764873,-2.9144351322988484,-2.069830739958228,3.4007665605052617
2022-09-28,126.8000030517578,131.07000732421875,126.62000274658205,130.1999969482422,129.57449340820312,962900.0,0.0370368018386721,0.0363674173724258,4.4500045776367045,26.932755667992723,PWR,962900.0,124767279.70275879,0.8732253054209245,-6.957193931780847,3.7036801838672195,3.434321416652348,1.4831439268463318,양봉,128.57134704589845,137.59479446411132,136.72084579467773,False,False,0,4.2878586905343195,0.15340769956685302,False,26.932755667992723,-3.039862043623856,-1.7562061210265885,22.666515052810265
2022-09-29,129.0,129.0,124.91000366210938,127.93000030517578,127.31542205810548,857600.0,-0.0174345373898612,-0.0175883088474797,4.089996337890625,25.01983683453548,PWR,857600.0,109185705.95703126,0.7849121512271516,-10.93571502752103,-1.7434537389861227,3.212490892127736,-0.4433692103223418,음봉,127.0228256225586,136.92950706481935,136.74804801940917,False,False,0,4.40571539742606,0.15415304811636532,False,25.019836834535482,-3.28369950870254,-1.6000348688842179,13.26155391286047
2022-09-30,128.3699951171875,130.1300048828125,126.48999786376952,127.38999938964844,126.84742736816406,1033700.0,-0.003675868032137,-0.0036826406369268,3.640007019042983,25.44498443800792,PWR,1033700.0,131122185.67047119,0.9461193808675641,20.53404850746268,-0.3675868032137042,2.8695946733536553,0.8283152520208592,음봉,126.76402740478515,136.3502902984619,136.668594233195,False,False,0,4.414288112095425,0.15480789109366047,False,25.44498443800792,-3.4746520904124623,-1.4327899604753123,13.465956757439383
2022-10-03,129.38999938964844,132.2899932861328,128.0,131.35000610351562,130.79054260253906,787100.0,0.0310854963020292,0.0306121272048605,4.2899932861328125,36.37940858213152,PWR,787100.0,102945236.0824585,0.7257924287487413,-23.85605107864951,3.108549630202928,3.280048542324443,2.0044332583149456,양봉,127.89494934082032,135.89359016418456,136.65983492533366,False,False,0,4.476430620465961,0.15532815687340953,False,36.37940858213152,-3.270111136127781,-0.9825992049525047,34.90850129255799
2022-10-04,133.30999755859375,136.97000122070312,133.30999755859375,136.02999877929688,135.4506072998047,888600.0,0.0356299821419592,0.0350099199457998,3.660003662109375,42.27903735761944,PWR,888600.0,120361409.64660645,0.8213039210939804,12.895438953119044,3.5629982141959227,2.702094686078718,1.92632808605366,양봉,129.99569854736328,135.68681144714355,136.74201265970865,False,False,0,4.517144339425224,0.15556486784521345,False,42.279037357619444,-2.700848975169862,-0.3306696351956684,62.8224869883235
2022-10-05,134.44000244140625,135.80999755859375,131.99000549316406,134.5500030517578,133.9769287109375,757500.0,-0.0108798226766555,-0.0109394407645577,3.819992065429688,44.4816898507891,PWR,757500.0,101487523.49853516,0.7024388305271106,-14.753544902093186,-1.0879822676655548,2.851231254652454,-0.7461058156509977,음봉,130.87618560791014,135.2983699798584,136.85652122497558,False,False,0,4.500000000000001,0.15601149440496292,False,44.4816898507891,-2.3416253578598116,0.022843185691505674,54.644468878457666
2022-10-06,134.3699951171875,136.3800048828125,132.1300048828125,132.22000122070312,131.6568603515625,698700.0,-0.0173169245010883,-0.017468616211528,4.25,43.49898896747939,PWR,698700.0,91988648.32763672,0.6496733781817216,-7.762376237623759,-1.7316924501088349,3.2280885239487342,0.2933836519704539,음봉,131.74447326660157,134.58592948913574,136.92937609354655,False,False,0,4.542142595563617,0.15683735269530685,False,43.49898896747939,-2.2185738418221774,0.11671576138331208,41.76950333140416
2022-10-07,131.6699981689453,131.75,127.52999877929688,128.52999877929688,127.98255920410156,623000.0,-0.0279081632180007,-0.0283049966988605,4.220001220703125,33.8554191464913,PWR,623000.0,79733134.38415527,0.5789954284011501,-10.834406755402892,-2.7908163218000714,3.2973252347401747,0.009978832358397936,음봉,131.97149963378905,133.68230934143065,136.93867047627768,False,False,0,4.386428833007813,0.14970858661849745,False,33.8554191464913,-2.3899897103443095,-0.04376008571105583,21.391235389880716
2022-10-10,128.5800018310547,131.07000732421875,128.2899932861328,129.02999877929688,128.48045349121094,565300.0,0.0038903291995853,0.0038827814381294,2.780014038085937,37.22405940131176,PWR,565300.0,72630000.35858154,0.5286471321695762,-9.261637239165331,0.38903291995853184,2.1637641855584766,0.4668156588432858,음봉,131.50948181152344,132.8583194732666,136.95676091512044,False,False,0,4.344287327357702,0.12599278098890476,False,37.22405940131176,-2.4573354794701174,-0.088884683869491,24.155778577289713
2022-10-11,129.47000122070312,132.67999267578125,127.66999816894533,129.44000244140625,128.88870239257812,1064900.0,0.0031775175933288,0.0031724799529405,5.009994506835923,40.094267972388224,PWR,1064900.0,137253579.17785645,0.9946876806974365,88.37785246771625,0.3177517593328849,3.8870703279920806,0.7701932104091462,음봉,130.1971008300781,132.2642307281494,136.99907137552898,False,False,0,4.293572562081473,0.12655870038177044,False,40.094267972388224,-2.4495285716451463,-0.06486222083561577,34.533402946450934
2022-10-12,129.8800048828125,129.8800048828125,126.29000091552734,126.36000061035156,125.82180786132812,775500.0,-0.0237949057932839,-0.0240825771379566,3.590003967285156,37.68836463455512,PWR,775500.0,97574811.99645996,0.7255844001544538,-27.17626068175416,-2.3794905793283916,2.853244622936752,0.7691151139182062,음봉,128.56607666015626,131.47101860046388,136.92143313090006,False,False,0,4.368572235107422,0.11907119517717599,False,37.68836463455512,-2.6601497481025262,-0.22038671783439634,13.176091006051916
2022-10-13,124.16999816894533,130.6300048828125,123.5999984741211,130.2100067138672,129.65541076660156,843000.0,0.0304685091593863,0.030013562084151,7.030006408691406,52.1988364589206,PWR,843000.0,109299511.27624512,0.7953354219205817,8.704061895551263,3.046850915938637,5.422069443246323,-1.312816689300241,양봉,128.16578674316406,131.04314765930175,136.88794949849446,False,False,0,4.367143903459821,0.11945997631724914,True,52.198836458920596,-2.4890367657256434,-0.039418988366010765,45.29103252449595
2022-10-14,130.75999450683594,131.52999877929688,123.25,123.41000366210938,122.88436889648438,816800.0,-0.052223365226971,-0.0536364218172672,8.279998779296875,47.052361860019325,PWR,816800.0,100371952.51464844,0.7709400787444043,-3.107947805456701,-5.222336522697102,6.738040691140953,0.851938020714604,음봉,127.14614868164062,130.34937477111816,136.72768262227376,False,False,0,4.557858603341239,0.1359185935309067,True,47.052361860019325,-2.866748888650818,-0.33370488903294815,-2.6649494969715977
2022-10-17,126.4000015258789,130.30999755859375,125.91000366210938,129.69000244140625,129.1376190185547,902000.0,0.0508872705147547,0.0496348268792875,4.399993896484375,54.73458562431098,PWR,902000.0,116482132.35473633,0.8511435003437466,10.430950048971589,5.088727051475472,3.4072131187831314,2.860927440133609,양봉,127.27758178710937,129.7761920928955,136.67296358744304,False,False,0,4.5364292689732135,0.11573727811764745,False,54.73458562431098,-2.6311729195107887,-0.07850313591433489,42.91267124430298
2022-10-18,133.16000366210938,135.99000549316406,131.67999267578125,133.4199981689453,132.85174560546875,871100.0,0.0287609963319861,0.028355161974602,4.3100128173828125,53.78057066413194,PWR,871100.0,115727155.59692383,0.8209036936649899,-3.425720620842576,2.8760996331986144,3.244227464035214,3.114804713084222,음봉,128.0701904296875,129.5235637664795,136.66986274719238,False,False,0,4.526429857526507,0.10028843554359947,False,53.78057066413194,-2.120336373570211,0.34586672802099416,69.98356232636456
2022-10-19,132.22999572753906,133.16000366210938,130.50999450683594,132.57000732421875,132.00538635253906,601900.0,-0.0063707047963308,-0.0063910843369311,2.650009155273437,55.59252632810478,PWR,601900.0,79454042.04559326,0.566754051905038,-30.90345540121685,-0.6370704796330839,2.0075007759124412,-0.4680027914545472,음봉,129.3069061279297,129.33012886047362,136.65929094950357,False,False,0,4.4235736301967075,0.09716404455822711,False,55.59252632810478,-1.763460770875298,0.562193864572726,63.81476365561406
2022-10-20,132.86000061035156,134.07000732421875,130.3300018310547,130.74000549316406,130.1831512451172,706200.0,-0.0138042481278403,-0.0139004127737275,3.740005493164064,53.85322051751355,PWR,706200.0,91935341.40930176,0.6648992053896611,17.32845987705598,-1.3804248127840313,2.8728798292200963,0.6474086258345032,음봉,129.4124542236328,129.08638496398925,136.60690320332844,True,False,0,4.4307163783482135,0.09734751195353306,False,53.85322051751355,-1.6091244437619707,0.5732241533488427,50.53316784444044
2022-10-21,131.02000427246094,134.0399932861328,130.60000610351562,133.41000366210938,132.84178161621094,775500.0,0.0204222308775419,0.0202164934824809,3.4399871826171875,52.4419281405016,PWR,775500.0,103018801.64337158,0.7302434518507005,9.81308411214954,2.0422230877541914,2.5895370724216478,0.6428274468237978,양봉,131.40393676757813,129.32140312194824,136.41106605529785,True,False,0,4.370001656668526,0.09717060053447246,False,52.441928140501595,-1.2577835944119613,0.7396520021590818,69.91093850441638
2022-10-24,134.3800048828125,137.77000427246094,133.9199981689453,137.41000366210938,136.8247528076172,958200.0,0.0299828197344818,0.0295421222329986,3.850006103515625,51.66267626332821,PWR,958200.0,131105478.14025879,0.901595542100476,23.55899419729206,2.9982819734481803,2.813822809480194,1.157936341930128,양봉,132.9413635253906,129.90584411621094,136.39041964213052,True,True,0,4.383573259626115,0.10731144550095874,False,51.66267626332821,-0.6504529354140516,1.0775861289255935,93.49000560119296
2022-10-25,137.72999572753906,142.75,137.30999755859375,142.35000610351562,141.7436981201172,1365400.0,0.0359506976008667,0.0353195535165374,5.44000244140625,58.67435504249727,PWR,1365400.0,193536845.413208,1.2864622669021637,42.49634731788772,3.5950697600866777,3.8379148516333013,0.66160756832844,양봉,134.71975402832032,130.7456859588623,136.4519214630127,True,True,0,4.499288286481584,0.14424437093524212,False,58.67435504249727,0.22518299540101339,1.5625776477925266,94.8394775390625
2022-10-26,143.1999969482422,144.30999755859375,140.05999755859375,140.49000549316406,139.89163208007812,982200.0,-0.0130663025206917,-0.0131524176112229,4.25,59.29420566104154,PWR,982200.0,137401561.02905273,0.9482162312915372,-28.06503588691959,-1.3066302520691742,3.0380659206028664,1.0274169839218499,음봉,136.29700317382813,131.26154289245605,136.48935661315917,True,True,0,4.499288286481584,0.14367749157942214,False,59.29420566104154,0.7609131944649334,1.6786462774851572,79.02010450750187
2022-10-27,141.3800048828125,142.63999938964844,139.77000427246094,140.25999450683594,139.66259765625,751500.0,-0.0016372274768874,-0.0016385691984619,2.8699951171875,64.2943977818056,PWR,751500.0,104956442.13867188,0.7468057921635434,-23.48808796579108,-0.16372274768874373,2.0549489737054634,1.0639469856798769,음봉,138.1928924560547,131.87890167236327,136.5437074025472,True,True,0,4.40285927908761,0.1430049005904407,False,64.2943977818056,1.1537029041445237,1.657148789731798,77.93257150475152
2022-10-28,140.8800048828125,142.72000122070312,139.47000122070312,141.17999267578125,140.57867431640625,830600.0,0.0065592125274009,0.0065377944988307,3.25,64.65616645945005,PWR,830600.0,116764646.88720703,0.8336049473578566,10.525615435795066,0.6559212527400993,2.311872704593223,0.8716773474018369,음봉,139.74027099609376,132.5654640197754,136.6738666534424,True,True,0,4.436429704938615,0.14226427194355448,False,64.65616645945005,1.5213738586450347,1.619855795385847,82.28241370016258
2022-10-31,140.61000061035156,142.27999877929688,140.4600067138672,142.0399932861328,141.4350128173828,753900.0,0.0060915249424615,0.0060730466072563,1.8199920654296875,65.03575915282535,PWR,753900.0,106627856.1630249,0.7588845464335588,-9.234288466169039,0.6091524942461568,1.286804468833763,0.022283816587148283,양봉,140.66232299804688,133.0976875305176,136.76024538675944,True,True,0,4.2085723876953125,0.14169539361312053,False,65.03575915282535,1.8604094571647352,1.5671131151244377,86.3485988865285
2022-11-01,143.5800018310547,144.05999755859375,141.72000122070312,142.27000427246094,141.66404724121094,719900.0,0.0016193615658934,0.0016180518137371,2.339996337890625,70.37130491393617,PWR,719900.0,101983947.60894775,0.735706001151728,-4.50988194720785,0.16193615658934846,1.6517926626127801,1.5165898252092844,음봉,140.64639282226562,133.4083595275879,136.8446361541748,True,True,0,4.119286128452846,0.14136542335439511,False,70.37130491393617,2.1231049432942086,1.4638468810031289,87.43613188927885
2022-11-02,140.99000549316406,142.9600067138672,136.58999633789062,136.77999877929688,136.19741821289062,1229300.0,-0.0385886831188176,-0.0393529523400675,6.3700103759765625,58.07321569461889,PWR,1229300.0,167427486.20910645,1.2675954675129752,70.7598277538547,-3.858868311881769,4.6770419436435855,-0.4758029727183964,음봉,139.9075500488281,133.51938400268554,136.8614699045817,True,False,0,4.0721435546875,0.14124787471498135,True,58.07321569461889,1.8686412000447774,0.967506510202958,61.47872608659111
2022-11-03,144.55999755859375,146.6999969482422,136.9600067138672,144.41000366210938,143.794921875,2404500.0,0.0557830226284736,0.0542826931762491,9.739990234375,75.28898662025165,PWR,2404500.0,345754889.6484375,2.4348780017359437,95.59912145123242,5.578302262847368,6.773528652730803,6.140042487906452,음봉,140.73401489257813,134.12628707885742,136.93178164164226,True,True,0,4.176428658621652,0.1559019744296776,True,75.28898662025165,2.2540486312279597,1.0823311531089121,86.0265704117379
2022-11-04,147.64999389648438,149.5,140.77999877929688,146.77000427246094,146.14488220214844,1635600.0,0.0163424430884371,0.016210342651498,8.720001220703125,72.71274527624425,PWR,1635600.0,239034569.32983398,1.6420116645950855,-31.977542108546476,1.634244308843713,5.966682575063812,2.680951435013515,음봉,141.84725646972657,135.03440322875977,137.02467257181803,True,True,0,4.4850006103515625,0.1722562010087072,True,72.71274527624425,2.7177800791214395,1.2368500808019134,82.49807971663384
2022-11-07,147.72000122070312,149.02999877929688,145.22999572753906,147.25,146.62283325195312,1220500.0,0.0032703919740657,0.0032650558731629,3.800003051757813,70.13097035300164,PWR,1220500.0,178953167.9840088,1.2143281290962442,-25.379065786255804,0.3270391974065756,2.591685733713779,1.0777791153685243,음봉,142.88482055664062,135.94152221679687,137.0888729095459,True,True,0,4.448571341378348,0.1746226169044298,False,70.13097035300164,3.0882577351007967,1.2858621894250164,84.99130400175115
2022-11-08,147.25,149.7899932861328,146.0,147.75999450683594,147.13064575195312,1001000.0,0.0034633930387049,0.0034574093050687,3.789993286132813,72.33157414045037,PWR,1001000.0,147277776.39770508,0.9988864830446056,-17.984432609586232,0.34633930387049094,2.575937369650606,0.42774152847610497,음봉,143.97814025878907,136.85361938476564,137.16966438293457,True,True,0,4.529998779296875,0.17716942353786086,False,72.33157414045037,3.3838334457957444,1.2651503200959708,86.33428210737613
2022-11-09,145.9199981689453,147.89999389648438,142.61000061035156,143.0399932861328,142.43072509765625,823800.0,-0.0319438593521872,-0.0324651968502975,5.2899932861328125,66.66659745238854,PWR,823800.0,117334431.33544922,0.8228974252050528,-17.7022977022977,-3.1943859352187243,3.7140815526325373,-0.8228384894394045,음봉,145.22480163574218,137.68406524658204,137.18108050028482,True,True,0,4.640712193080357,0.17610082046927836,False,66.66659745238854,3.2019252074413487,0.86659366539326,61.65047887503131
2022-11-10,147.8300018310547,148.99000549316406,143.92999267578125,147.05999755859375,146.43362426757812,1345000.0,0.0281041830488282,0.027716507276115,5.0600128173828125,67.84308509466247,PWR,1345000.0,196953224.63989258,1.3318234043188582,63.267783442583145,2.8104183048828224,3.4554992698512006,3.7908089913159366,음봉,145.7525421142578,138.52297592163086,137.23118019104004,True,True,1,4.756428309849331,0.17503433415396766,False,67.84308509466247,3.342234923625398,0.805522705261847,78.85085033882791
2022-11-11,147.07000732421875,149.0,144.1699981689453,144.47000122070312,143.85467529296875,1065400.0,-0.0176117267294898,-0.0177686584779808,4.830001831054688,59.58195805853836,PWR,1065400.0,153262771.0571289,1.0477086903992583,-20.788104089219328,-1.7611726729489852,3.3575563819654084,0.4345880666572606,음봉,145.29450073242188,139.57149124145508,137.2323263804118,True,True,0,4.8264280046735495,0.12891620325436637,False,59.581958058538355,3.2083479178334926,0.537308559575953,55.035459353235275
2022-11-14,144.0500030517578,144.8000030517578,142.1199951171875,142.19000244140625,141.58438110351562,907400.0,-0.0157818589130283,-0.0159077184025426,2.6800079345703125,49.76594755485695,PWR,907400.0,128473667.41333008,0.8923978014052648,-14.830110756523373,-1.5781858913028302,1.8928697598437052,0.13578130734455846,음봉,144.28681030273438,140.19382934570314,137.23643684387207,True,True,0,4.629285539899554,0.12088616586001949,False,49.76594755485695,2.8857822324523,0.17179429935580792,37.836256971938845
2022-11-15,144.02999877929688,145.42999267578125,141.92999267578125,144.0500030517578,143.43646240234375,779200.0,0.0130811130747114,0.0129962941978752,3.5,55.20770379881676,PWR,779200.0,111765691.50390625,0.7699073406063952,-14.128278598192633,1.3081113074711492,2.440104797190543,1.7273216556233009,음봉,143.5479736328125,140.7230651855469,137.30475476582845,True,True,0,4.575714111328125,0.12043153327061375,False,55.20770379881676,2.747917799282959,0.02714389294917341,51.867179146316786
2022-11-16,143.6199951171875,147.0,142.85000610351562,146.72999572753906,146.1050567626953,826600.0,0.0186047140012841,0.0184337633795945,4.149993896484375,58.83156658633019,PWR,826600.0,120770439.92004395,0.8135140454967241,6.083162217659144,1.8604714001284162,2.8404177024651647,0.1279540165518967,양봉,144.2828399658203,141.42804870605468,137.39747988382976,True,True,1,4.667142595563616,0.11983121213854658,False,58.83156658633019,2.821468374129495,0.08055557423656712,72.08380776233274
2022-11-17,145.02000427246094,148.86000061035156,144.4199981689453,148.75,148.11643981933594,884900.0,0.0137666902241961,0.0136727901582674,4.44000244140625,60.03180153890205,PWR,884900.0,131068237.59613037,0.8687684861102887,7.052988144205186,1.3766690224196187,2.997643237186847,-0.7426522491940327,양봉,144.61940307617186,142.32471313476563,137.45920575459797,True,True,1,4.752142769949777,0.10732259961530084,False,60.03180153890205,3.0073921922839872,0.2131835139128473,87.32156171430223
2022-11-18,150.0,150.39999389648438,146.83999633789062,148.66000366210938,148.02682495117188,749500.0,-0.0006050298553852,-0.0006052129598076,3.55999755859375,58.95562704377508,PWR,749500.0,110946105.30090332,0.7347238862868969,-15.301163973330322,-0.06050298553852418,2.4049678561761025,1.271675300163522,음봉,145.4538330078125,143.08396530151367,137.47564938863118,True,True,1,4.876428876604352,0.08330088966523226,False,58.95562704377508,3.111637961271896,0.2539434263206046,82.81557302784812
2022-11-21,147.8300018310547,149.63999938964844,147.52000427246094,148.94000244140625,148.3056182861328,621100.0,0.0018833973845815,0.0018816260155066,2.1199951171875,59.01104606820755,PWR,621100.0,92112619.51751709,0.6098478236474945,-17.131420947298203,0.18833973845815422,1.4294772792068446,-0.1329644949029418,양봉,146.79808044433594,143.65800857543945,137.54849026997883,True,True,1,4.860714503696987,0.08428489433558994,False,59.01104606820755,3.1800916592932253,0.25791769947354704,84.83435205932919
2022-11-22,150.0,151.77000427246094,147.72000122070312,147.7899932861328,147.16050720214844,923300.0,-0.0077212926739906,-0.0077512561919845,4.0500030517578125,66.85028633504743,PWR,923300.0,135873296.29974365,0.9038752896094875,48.655611012719376,-0.7721292673990687,2.752099139067581,1.1424932739892155,음봉,147.5428894042969,143.92884902954103,137.59826469421387,True,True,0,4.694999694824219,0.08412628986393833,False,66.85028633504743,3.106135220453126,0.14716900850675785,68.87577427291498
2022-11-23,147.50999450683594,149.88999938964844,145.27000427246094,146.1999969482422,145.57728576660156,682800.0,-0.0107584668308602,-0.0108167575916031,4.6199951171875,53.36084719048493,PWR,682800.0,99400170.72143555,0.6703161595242881,-26.047871764323627,-1.0758466830860236,3.173568660013733,0.23748715693635347,음봉,147.4373352050781,144.2131317138672,137.6898230234782,True,True,0,4.329285757882254,0.08396045442842215,False,53.36084719048493,2.886497722566645,-0.05797479150377871,43.65136114161787
2022-11-25,146.92999267578125,149.19000244140625,146.47000122070312,148.52000427246094,147.88742065429688,271700.0,0.0158687866416129,0.0157441938098109,2.720001220703125,53.29069416965722,PWR,271700.0,40181012.19177246,0.26972118836094555,-60.20796719390744,1.5868786641612953,1.8392377178999066,0.9292019026570054,양봉,147.39153137207032,144.62437286376954,137.8109272003174,True,True,1,3.900714329310826,0.08372171186282436,False,53.29069416965722,2.8658067654339447,-0.06293259890918357,60.54289591006009
2022-11-28,148.5800018310547,150.5500030517578,142.72000122070312,143.55999755859375,142.94851684570312,880900.0,-0.0333963753424233,-0.0339667696738011,7.830001831054687,44.06175186211428,PWR,880900.0,125923348.48937988,0.8713729886573464,224.2178873757821,-3.3396375342423346,5.477497776004417,0.46831648945774584,음봉,146.37586975097656,144.74286499023438,137.88620643615724,True,True,0,4.188571384974888,0.08365317402041968,True,44.06175186211428,2.422950506420136,-0.40463108633839395,10.350843186664083
2022-11-29,144.02999877929688,145.1699981689453,143.10000610351562,144.5500030517578,143.93431091308594,579700.0,0.006896147572114,0.0068724779038221,2.0699920654296875,44.912837644540005,PWR,579700.0,83438720.03631592,0.5750457802641793,-34.192303326143715,0.6896147572114097,1.43815053707357,0.7565534483726671,음봉,145.5016082763672,144.86782989501953,137.95303586324056,True,True,0,4.065714154924665,0.0835810136868659,False,44.912837644540005,2.1270102233210935,-0.5604570955499497,20.369063772048847
2022-11-30,144.39999389648438,150.1699981689453,144.1699981689453,149.8800048828125,149.24163818359375,1560700.0,0.0368732600089538,0.0362097038504502,6.0,60.634374407361626,PWR,1560700.0,232921424.71313477,1.544630934688966,169.22546144557532,3.6873260008953856,4.020325743556187,0.32353855063761555,양봉,145.91783447265624,145.24670944213867,138.1139601389567,True,True,1,4.116428920200893,0.08980733553829319,False,60.634374407361626,2.294285279813124,-0.3145456312463355,74.30525295599922
2022-12-01,150.5,153.02000427246094,149.3000030517578,151.72999572753906,151.08377075195312,907000.0,0.0123432883126974,0.0122677310442514,3.720001220703125,57.78597261808286,PWR,907000.0,137032980.07202148,0.9036421804058253,-41.885051579419496,1.2343288312697487,2.462210998698571,0.8431707342010285,양봉,147.01913146972657,145.99102706909179,138.26959368387858,True,True,1,4.020713806152344,0.06506831165686515,False,57.78597261808286,2.546146280753618,-0.05014770424467363,82.54074395118293
2022-12-02,150.66000366210938,154.64999389648438,150.3800048828125,153.07000732421875,152.4180450439453,627000.0,0.0088313541908005,0.0087925858663877,4.269989013671875,64.96168728442265,PWR,627000.0,95566114.24255371,0.6262961624079606,-30.87100330760749,0.88313541908005,2.801498347810948,-0.2804848513739334,양봉,147.92525634765624,146.42218322753905,138.3781332651774,True,True,1,3.980712890625,0.07398922555057282,False,64.96168728442265,2.8208951990197306,0.179680971217151,82.45323397527405
2022-12-05,151.83999633789062,152.33999633789062,149.00999450683594,150.82000732421875,150.17762756347656,748200.0,-0.0146991616368179,-0.0148082647830846,3.3300018310546875,65.02957787149279,PWR,748200.0,112362900.94299316,0.7490429705811779,19.330143540669866,-1.4699161636817948,2.2173754407241346,-0.3792521455632264,음봉,149.37107849121094,146.62382049560546,138.4468443552653,True,True,1,4.027141026088169,0.073887475471657,False,65.02957787149279,2.8252846072077205,0.14725630352411256,64.83989069333916
2022-12-06,151.22999572753906,152.17999267578125,148.97000122070312,149.58999633789062,148.952880859375,475800.0,-0.0081553206291256,-0.008188757170974,3.209991455078125,59.86468138239352,PWR,475800.0,70871780.71289062,0.47946677927387543,-36.407377706495595,-0.8155320629125606,2.155038181576795,0.7007489605052448,음봉,150.37479248046876,146.74032287597657,138.51338818868,True,True,0,4.006426130022321,0.07382881356739408,False,59.86468138239352,2.698826034865874,0.016638184945812817,52.24546073129678
2022-12-07,149.2899932861328,150.89999389648438,148.0800018310547,148.30999755859375,147.67828369140625,627900.0,-0.0085570494549352,-0.0085938712101524,2.8199920654296875,52.96092780313591,PWR,627900.0,92727194.32983398,0.6364312088230325,31.967213114754102,-0.8557049454935295,1.9095509474652634,0.22632152182143905,음봉,150.06212158203124,146.76770477294923,138.62851829528807,True,True,0,3.911425999232701,0.07381503960417893,False,52.96092780313591,2.467315686613489,-0.17189773064525804,41.56148796946705
2022-12-08,150.07000732421875,151.55999755859375,148.97999572753906,150.30999755859375,149.66981506347656,622300.0,0.0134856075130984,0.0133954860326658,2.5800018310546875,52.925751742483726,PWR,622300.0,93139525.91400146,0.6318499608366452,-0.8918617614269819,1.3485607513098463,1.723795696520692,1.6195499927466182,음봉,149.77933044433593,147.12965927124023,138.7615810394287,True,True,0,3.778568812779018,0.07363344681208929,False,52.925751742483726,2.416683976932859,-0.17802355226071054,58.25497158000829
2022-12-09,150.49000549316406,151.6699981689453,147.85000610351562,148.13999938964844,147.50904846191406,745000.0,-0.0144368896336652,-0.0145421155089351,3.819992065429688,49.0953578605732,PWR,745000.0,109894241.10412598,0.7567951936612054,19.717178209866624,-1.4436889633665295,2.5896662647213713,0.5479998951957337,음봉,148.7975311279297,147.18343048095704,138.9165180206299,True,True,0,3.7971398489815846,0.07360654596124103,False,49.095357860573195,2.1771058546717654,-0.33408133961744335,40.14291853617857
2022-12-12,148.66000366210938,150.42999267578125,148.33999633789062,150.25999450683594,149.62001037597656,565500.0,0.0143107282981866,0.0142092963902992,2.089996337890625,52.15828491766246,PWR,565500.0,84610115.86761475,0.5759884758652801,-24.093959731543624,1.4310728298186692,1.3968695314475135,0.7802607448128731,양봉,148.68600769042968,147.47169723510743,139.13085441589357,True,True,1,3.794997079031808,0.07346266533542412,False,52.15828491766246,2.1329876967038217,-0.30255959806831,57.83749699428531
2022-12-13,154.8800048828125,155.0,150.2100067138672,152.5399932861328,151.8903045654297,984400.0,0.0151737336720412,0.0150597640258425,4.7899932861328125,57.489757435584686,PWR,984400.0,149520815.81420898,1.0121671179353602,74.0760389036251,1.5173733672041223,3.1535872548530115,3.515568869176137,음봉,149.27349243164062,147.98699340820312,139.31900494893392,True,True,1,3.847853524344308,0.06398892213535085,False,57.489757435584686,2.2552207254123573,-0.14426125548781954,74.67674475820782
2022-12-14,153.55999755859375,154.8000030517578,150.80999755859375,152.08999633789062,151.4422149658203,1518800.0,-0.0029500869123371,-0.0029544469959274,3.990005493164064,59.63359824032514,PWR,1518800.0,230010436.0900879,1.5643013037969509,54.28687525396181,-0.2950086912337113,2.634671907079928,1.0992755580688232,음봉,150.02627868652343,148.38728103637695,139.5446366628011,True,True,1,3.802854265485491,0.06381630643882978,False,59.63359824032514,2.2895417829739984,-0.08795215834094305,71.027806287914
2022-12-15,149.30999755859375,149.30999755859375,143.94000244140625,144.82000732421875,144.20318603515625,1921300.0,-0.0478006012543984,-0.0489808136590094,5.3699951171875,44.79169812427791,PWR,1921300.0,277057581.3293457,2.0349743110381837,26.501185146168037,-4.780060125439844,3.7239087878948203,-1.4079412452517235,음봉,148.93295288085938,148.2921875,139.6834550221761,True,True,0,3.9921395438058034,0.06385722914932512,False,44.79169812427791,1.7128674628570764,-0.5317011827662923,12.078053435588767
2022-12-16,142.89999389648438,144.1999969482422,141.7100067138672,143.27000427246094,142.65980529785156,2219200.0,-0.010702819956616,-0.0107605071135233,2.489990234375,49.54851210147918,PWR,2219200.0,316590639.9169922,2.3322434708339452,15.50512673710509,-1.0702819956616039,1.7454042006970965,-0.903719379926988,음봉,147.96310424804688,148.01935577392578,139.81015129089354,False,True,0,3.6107101440429688,0.06592543046193088,False,49.54851210147918,1.11841854967156,-0.9009200767614471,7.146719817950729
2022-12-19,143.97999572753906,144.3300018310547,141.52000427246094,142.36000061035156,141.753662109375,1290500.0,-0.0063517764277378,-0.0063720347895834,2.80999755859375,46.58137916021788,PWR,1290500.0,182933100.95214844,1.355833980941962,-41.84841384282625,-0.6351776427737876,1.982310380401741,0.9254116300881996,음봉,146.38983459472655,147.70569763183593,140.03702201843262,False,True,0,3.663567679268973,0.07220021370571525,False,46.58137916021788,0.5676517844235605,-1.1613494736075571,1.733367292073464
2022-12-20,142.10000610351562,145.2100067138672,142.10000610351562,142.66000366210938,142.05235290527344,1664500.0,0.0021071116714288,0.0021048948251797,3.1100006103515625,36.62958819800232,PWR,1664500.0,236446141.41082764,1.721076991252113,28.981015110422327,0.21071116714288518,2.1893341058739404,0.24432807518820301,음봉,144.4222442626953,147.39303436279297,140.31896235148113,False,True,0,3.457139151436942,0.07235337124766031,False,36.629588198002324,0.15349758130182067,-1.2604029413834374,3.9491750856043244
2022-12-21,143.80999755859375,145.50999450683594,143.5,144.7100067138672,144.09365844726562,653800.0,0.0143700931399102,0.0142678219514551,2.009994506835937,37.0956038111721,PWR,653800.0,94208433.89282227,0.6772144198297321,-60.720937218383895,1.4370093139910223,1.3949222529952912,1.237321746083562,양봉,142.95253295898436,147.23969192504882,140.6380756378174,False,True,0,3.334995814732143,0.07242872349936001,False,37.095603811172104,-0.009892279119554814,-1.1390342414438503,19.092396072105725
2022-12-22,143.3800048828125,144.32000732421875,140.4199981689453,142.58999633789062,141.98268127441406,672800.0,-0.0146500352312459,-0.0147584067306036,3.9000091552734375,31.272406831940955,PWR,672800.0,95525947.96142578,0.7082424771042303,2.906087488528608,-1.4650035231245973,2.7468203306682004,-0.4952706261631235,음봉,142.50843200683593,147.05996170043946,140.8448787689209,False,True,0,3.308568681989397,0.07251724270331049,False,31.272406831940955,-0.30618858492937306,-1.148264437802935,10.717989775147434
2022-12-23,142.7100067138672,144.22000122070312,141.94000244140625,144.1999969482422,143.5858154296875,405700.0,0.0112910542390378,0.0112277860834794,2.279998779296875,37.89322408861691,PWR,405700.0,58252765.31982422,0.4334217956435845,-39.69976218787158,1.1291054239037868,1.5878997326260038,0.5122634908178709,양봉,142.69363403320312,146.844881439209,141.1160519917806,False,True,0,3.2335684640066966,0.07262345701157562,False,37.89322408861691,-0.4069548909417051,-0.9992245950522135,21.713421558007987
2022-12-27,144.5,145.42999267578125,143.30999755859375,143.97000122070312,143.35679626464844,417600.0,-0.0015949985334812,-0.0015962718978317,2.1199951171875,39.33181799935191,PWR,417600.0,59865798.12011719,0.45085445185525386,2.933201873305391,-0.15949985334812178,1.4788242848799542,0.6366816719163787,음봉,143.0142608642578,146.86529541015625,141.39120814005534,False,True,0,3.1557115827287947,0.07261336250192728,False,39.331817999351905,-0.49953452402067455,-0.8734433825049464,20.142645589027907
2022-12-28,143.8300018310547,145.02000427246094,140.85000610351562,141.32000732421875,140.7180938720703,445600.0,-0.0184065385202029,-0.0185780466917717,4.1699981689453125,37.38731639228855,PWR,445600.0,62703982.62939453,0.4853871038576386,6.704980842911867,-1.8406538520202909,2.963370277553889,0.33008938448420233,음봉,142.74740905761718,146.70448455810546,141.55666732788086,False,False,0,3.252140590122768,0.07975183040325522,False,37.38731639228855,-0.776870501208208,-0.9206234877539837,2.0445518908651357
2022-12-29,142.7899932861328,143.39999389648438,141.61000061035156,142.6999969482422,142.0922088623047,502400.0,0.0097650199233341,0.0097176502438812,1.7899932861328125,35.954187332561006,PWR,502400.0,71387125.73242188,0.5506404758466754,12.746858168761221,0.9765019923334117,1.259740629317274,1.4723759802674032,음봉,142.347119140625,146.347013092041,141.66736068725587,False,True,0,3.195711408342634,0.07994663454126413,False,35.954187332561006,-0.8756872875192414,-0.8155522192520137,11.469207704745608
2022-12-30,141.3800048828125,142.9600067138672,140.42999267578125,142.5,141.97265625,400900.0,-0.0008413734522245,-0.0008417276055316,2.530014038085937,38.89763683152441,PWR,400900.0,56916837.890625,0.44428554089069255,-20.203025477707005,-0.08413734522245697,1.7820431799422203,-0.5012266226238717,양봉,142.3451141357422,145.89145736694337,141.8006228129069,False,True,0,3.103570120675223,0.08019627319540382,False,38.89763683152441,-0.952665464812668,-0.7140243172363522,10.649231042945427
2023-01-03,142.86000061035156,143.3300018310547,139.16000366210938,140.61000061035156,140.08966064453125,789800.0,-0.013263086394277,-0.0133518266444549,4.1699981689453125,30.712033574311576,PWR,789800.0,110642813.97705078,0.8752308682757965,97.00673484659517,-1.326308639427709,2.976663766447705,0.6250107476956941,음봉,141.64588317871093,145.27503814697266,141.94116948445637,False,False,0,3.252141680036272,0.08122967353111205,False,30.712033574311576,-1.152329891734496,-0.7309509953265441,5.869047963086052
2023-01-04,140.83999633789062,141.39999389648438,137.8800048828125,138.5500030517578,138.03729248046875,930000.0,-0.0146503900046575,-0.0147587667787977,3.519989013671875,21.714118716635525,PWR,930000.0,128374682.00683594,1.02984602404556,17.751329450493802,-1.465039000465751,2.550027568941145,0.535611043603928,음봉,140.581982421875,144.66802139282225,142.10874837239584,False,False,0,3.1614270891462053,0.09575725133715182,False,21.714118716635525,-1.4593518473764107,-0.830378360774767,0.929595831428239
2023-01-05,138.0,139.4600067138672,134.61000061035156,135.57000732421875,135.06829833984375,1101400.0,-0.0215086378997552,-0.0217433198801725,4.850006103515625,19.68737129404533,PWR,1101400.0,148764223.7915039,1.2123195407078424,18.430107526881724,-2.150863789975521,3.590780488929077,-0.027016235829188412,음봉,139.4520233154297,143.9737922668457,142.21854578653972,False,False,0,3.222855704171317,0.11684075247811411,True,19.687371294045334,-1.9201081617624993,-1.0329077401286844,3.117672276435339
2023-01-06,137.75,140.9600067138672,136.77000427246094,139.1199951171875,138.6051483154297,894800.0,0.0261856410353737,0.0258486670631615,4.19000244140625,37.99025400730787,PWR,894800.0,124023886.71264648,0.9815503552026745,-18.757944434356276,2.6185641035373797,3.0229774956633513,1.9854412124219203,양봉,138.75461120605468,143.52013549804687,142.38048655192057,False,False,0,3.1385705130440846,0.11721007764666487,False,37.99025400730787,-1.9770761232802272,-0.8719005613171298,36.65275176316106
2023-01-09,139.49000549316406,142.97000122070312,138.22000122070312,138.63999938964844,138.12692260742188,815800.0,-0.0034502737728002,-0.0034562396940144,4.75,39.80965853932962,PWR,815800.0,112683943.46313477,0.8918972386888978,-8.82878855610192,-0.3450273772800272,3.4388661604372643,0.638401378656345,음봉,137.98546447753907,142.94299087524413,142.5855717976888,False,False,0,3.299999782017299,0.11768332341854819,False,39.80965853932962,-2.037327418859917,-0.7457214855174554,32.265357489829796
2023-01-10,138.00999450683594,139.6300048828125,138.00999450683594,139.50999450683594,138.99371337890625,939600.0,0.0062753209520778,0.0062557131131195,1.6200103759765625,43.78438115974302,PWR,939600.0,130598493.09082031,1.0206158371423004,15.175288060799218,0.6275320952077834,1.1655278045276083,-0.08465265017035477,양봉,137.76627502441406,142.51722412109376,142.74121017456054,False,False,0,3.215000697544643,0.11803489949602616,False,43.78438115974302,-1.9921697408183547,-0.5604510459807146,40.2175708554166
2023-01-11,141.0399932861328,143.6699981689453,139.97000122070312,140.69000244140625,140.1693572998047,875700.0,0.0084582524800496,0.0084226818984385,3.699996948242188,45.92048577042798,PWR,875700.0,122746306.18743896,0.9543192428978428,-6.800766283524906,0.8458252480049611,2.639661777380029,1.4722104025296923,음봉,138.19268798828125,142.04469146728516,143.0292933146159,False,False,0,3.257143293108259,0.11842756002930441,False,45.92048577042798,-1.8403034439241708,-0.3268677992692244,51.00330093988593
2023-01-12,141.5500030517578,147.97999572753906,141.1999969482422,147.80999755859375,147.26303100585938,1204000.0,0.0506078778037215,0.0493689278950307,6.779998779296875,55.63322983994325,PWR,1204000.0,177304689.3310547,1.302439627462293,37.49000799360511,5.060787780372156,4.604005997287336,0.9849840068825434,양봉,140.6316345214844,141.81332778930664,143.3313835144043,False,True,0,3.597857883998326,0.11546105631413883,True,55.63322983994325,-1.1344706542058418,0.30317199235928394,94.63750947255015
2023-01-13,147.19000244140625,149.1699981689453,146.47000122070312,148.5,147.9504852294922,770800.0,0.0046682063986953,0.0046573441150083,2.6999969482421875,61.172516317165474,PWR,770800.0,114040234.01489258,0.8348559816525749,-35.98006644518272,0.46682063986953626,1.8249328104967748,-0.04959056183640502,양봉,142.50070190429688,141.63874130249025,143.5830291748047,True,True,0,3.5121427263532365,0.09095101221025852,False,61.172516317165474,-0.5136996626073369,0.7391543871662312,91.62422291250088
2023-01-17,148.5,150.33999633789062,147.8699951171875,148.27000427246094,147.72129821777344,849900.0,-0.0015490791487655,-0.0015502802123921,2.470001220703125,58.16206006164091,PWR,849900.0,125548331.35528564,0.9200059107240122,10.262065386611319,-0.15490791487655642,1.6720684495080758,0.37141802519636025,음봉,144.4195770263672,141.81464691162108,143.84496103922527,True,True,0,3.525714329310826,0.09083819739491802,False,58.16206006164091,-0.03976922097803026,0.9704678630364303,83.35220069047737
2023-01-18,148.77999877929688,150.58999633789062,143.33999633789062,144.3000030517578,143.76600646972656,753300.0,-0.026775365473812,-0.0271403554809,7.25,50.70408187911991,PWR,753300.0,108298932.67364502,0.8175264338353092,-11.366043063889874,-2.6775365473812096,5.042916735345685,0.7166878265330987,음봉,145.37403564453126,141.86995697021484,144.07134195963542,True,False,0,3.8921432495117188,0.0908027828073072,True,50.70408187911991,0.01647516473897781,0.8213697990027506,57.2966727619084
2023-01-19,143.1300048828125,144.32000732421875,142.17999267578125,143.49000549316406,142.95899963378906,1677800.0,-0.0056133355565346,-0.0056291495317687,2.1400146484375,54.11505337296517,PWR,1677800.0,239856609.5855713,1.7958927779561753,122.72666932165141,-0.5613335556534649,1.4969429374292411,-0.4423866270834949,음봉,145.9319641113281,141.93022384643555,144.23996225992838,True,False,0,3.7471444266183034,0.09076422583245268,False,54.11505337296517,-0.00402308595340628,0.6406972386482933,52.246566055391895
2023-01-20,143.75,146.3800048828125,143.22000122070312,146.24000549316406,145.69882202148438,931800.0,0.0191650920523631,0.0189837549081175,3.160003662109375,56.30662240311389,PWR,931800.0,135762162.35961914,0.9918259353373702,-44.462987245202044,1.9165092052363164,2.168860130964826,0.5533057507657466,양봉,145.61912231445314,142.1125473022461,144.38786341349285,True,True,0,3.8450023106166293,0.09064777976465722,False,56.306622403113884,0.1985242082314187,0.6745956262664946,69.39189221448248
2023-01-23,147.44000244140625,149.77999877929688,147.0,149.5500030517578,148.99656677246094,766100.0,0.0226339836192381,0.0223816356748798,2.779998779296875,61.05360018403497,PWR,766100.0,114146269.80438232,0.814627213821436,-17.782786005580597,2.2633983619238185,1.8658139845210868,1.1950545623938709,양봉,145.82833862304688,142.35769271850586,144.50874455769858,True,True,0,3.862858363560268,0.09783994223732298,False,61.05360018403497,0.6180206814372298,0.8752736795778445,90.02859830128955
2023-01-24,148.8300018310547,153.57000732421875,148.17999267578125,151.50999450683594,150.9492950439453,804600.0,0.013105860851589,0.0130207221279698,5.3900146484375,67.05249180197463,PWR,804600.0,121453802.7923584,0.8551459101629321,5.0254535961362645,1.3105860851589046,3.5707451610610867,-0.11179112714766004,양봉,146.47393798828125,142.80602340698243,144.6930389404297,True,True,0,3.9500023978097096,0.11120677073152832,False,67.05249180197463,1.0954162341649294,1.0821353858444351,86.17768274123726
2023-01-25,150.0,150.02999877929688,145.64999389648438,148.88999938964844,148.3390350341797,915200.0,-0.017292296787512,-0.0174435548203336,4.3800048828125,65.89791107898151,PWR,915200.0,135759884.86328125,0.9734000526731631,13.7459607258265,-1.7292296787512096,2.952698783434365,-0.6288833900608465,음봉,147.38854370117187,143.04368438720704,144.83764623006184,True,True,0,4.0114321027483255,0.11102200542537104,False,65.89791107898151,1.24873484325326,0.9883631959462125,72.41049347196078
2023-01-26,149.64999389648438,150.1699981689453,147.4199981689453,150.05999755859375,149.504638671875,840400.0,0.0078577000142054,0.0078269890628389,2.75,73.59165711629707,PWR,840400.0,125643698.33984375,0.901836540721739,-8.173076923076927,0.7857700014205493,1.8394078099714062,0.8837585211489487,음봉,148.69767150878906,143.35107650756837,144.986412302653,True,True,0,3.861431666782924,0.11078393752601579,False,73.59165711629707,1.4476082904947418,0.9497893145501555,75.80138146511595
2023-01-27,149.72000122070312,151.1300048828125,149.27999877929688,150.0,149.44491577148438,645200.0,-0.0003994718887733,-0.0003995516989235,1.850006103515625,69.98544405752382,PWR,645200.0,96421859.65576172,0.6963639603091936,-23.227034745359354,-0.03994718887733173,1.2379183955273942,0.14405074701447326,음봉,149.44689025878907,143.78741760253905,145.11991068522136,True,True,0,3.694289071219308,0.1104477496633275,False,69.98544405752382,1.5821596398351687,0.8674725311124658,73.48915067649531
2023-01-30,149.52999877929688,151.17999267578125,148.4199981689453,149.10000610351562,148.5482635498047,743000.0,-0.0059998844192916,-0.0060179560471911,2.759994506835937,68.9220331544858,PWR,743000.0,110371359.81750488,0.8020362320454674,15.158090514569134,-0.5999884419291668,1.8579783034020976,0.056932688123428755,음봉,149.35722961425782,144.11022033691407,145.23464762369792,True,True,0,3.5521458217075894,0.11020034989172534,False,68.9220331544858,1.5980192418358286,0.7066657064905004,67.7266090115039
2023-01-31,149.42999267578125,152.24000549316406,148.77000427246094,152.19000244140625,151.62680053710938,705500.0,0.0207241533070665,0.020512329620512,3.470001220703125,71.23255842581138,PWR,705500.0,106972707.77893066,0.7631925079330192,-5.047106325706596,2.072415330706656,2.2885144370330965,0.5935640746691999,양봉,149.49273071289062,144.59292755126953,145.49180399576824,True,True,0,3.6842880249023438,0.11451806445646755,False,71.23255842581138,1.8378151085805143,0.7571692585881489,85.71172121307319
2023-02-01,151.50999450683594,154.3800048828125,150.85000610351562,152.8699951171875,152.3042755126953,569100.0,0.0044680424119358,0.0044580903436026,3.529998779296875,70.74262755841929,PWR,569100.0,86676363.1942749,0.6175981175757241,-19.33380581148122,0.44680424119358797,2.317727960961038,-0.07703521399889343,양봉,150.28577880859376,145.20365829467772,145.63362655639648,True,True,0,3.672145298549107,0.11870208626474618,False,70.74262755841929,2.058789189027408,0.782514671228034,84.25092473068486
2023-02-02,153.58999633789062,154.2100067138672,149.5399932861328,151.67999267578125,151.11866760253906,991900.0,-0.0077844689925163,-0.0078149261360203,4.670013427734375,58.258623766434205,PWR,991900.0,149894606.3949585,1.071408731791622,74.29274292742927,-0.7784468992516391,3.090295528555805,0.8441790756479068,음봉,150.60858459472655,145.85772705078125,145.71652297973634,True,True,1,3.5214320591517856,0.11816979135325997,False,58.258623766434205,2.1138766359858607,0.6700816945491892,73.26775395852614
2023-02-03,150.80999755859375,153.75,150.39999389648438,152.42999267578125,151.86587524414062,850200.0,0.0049445091956925,0.0049323252559955,3.350006103515625,58.36520011031936,PWR,850200.0,129116367.13256836,0.9243584942454747,-14.28571428571429,0.4944509195692559,2.2058978675295764,-0.20425672674480774,양봉,151.0927764892578,146.6976058959961,145.80390701293945,True,True,1,3.5678612845284596,0.09664338295557956,False,58.36520011031936,2.192552862010018,0.5990063364586771,79.39240063036246
2023-02-06,151.83999633789062,153.3699951171875,151.42999267578125,152.72000122070312,152.1548309326172,696600.0,0.0019027032110541,0.0019008953641336,1.94000244140625,59.44807842637382,PWR,696600.0,105991055.22766113,0.7803612516848099,-18.06633733239238,0.19027032110541242,1.275018630374867,-0.017040632866598168,양봉,151.8140899658203,147.37509002685547,145.88764343261718,True,True,1,3.530004228864397,0.096199112771975,False,59.44807842637382,2.252258018665117,0.5269691944910204,81.76088751031844
2023-02-07,152.35000610351562,154.0399932861328,150.5,153.57000732421875,153.00167846679688,569000.0,0.0055656960018228,0.0055502647464702,3.5399932861328125,72.68741786494203,PWR,569000.0,87057955.04760742,0.6497411693057247,-18.3175423485501,0.5565696001822884,2.313695719946649,0.1282740545943442,양봉,152.0890655517578,148.11882781982422,146.06382598876954,True,True,1,3.2650037493024553,0.09457248139264439,False,72.68741786494203,2.3409235940569317,0.4925078159062679,88.70225379593266
2023-02-08,152.99000549316406,154.6199951171875,152.19000244140625,152.36000061035156,151.79615783691406,960300.0,-0.0078791333661376,-0.0079103377545398,2.42999267578125,71.2916014728892,PWR,960300.0,145769850.37078857,1.1017628526160514,68.76977152899823,-0.7879133366137658,1.6008262069399493,-0.007629310834877978,음봉,151.98744201660156,148.75895004272462,146.15320154825847,True,True,0,3.2857164655412947,0.0862625150507358,False,71.2916014728892,2.2875468453954113,0.3513048537957979,75.22948427942337
2023-02-09,153.22000122070312,154.0,151.74000549316406,152.4600067138672,151.8958282470703,1313200.0,0.0006566069364108,0.0006563914643915,2.259994506835937,67.10695580456317,PWR,1313200.0,199469601.65405273,1.498131220211795,36.74893262522127,0.06566069364108973,1.4878581807789228,0.9379969849558403,음봉,152.14287414550782,149.34527359008788,146.28722076416017,True,True,0,3.221430097307478,0.06724470478103131,False,67.10695580456317,2.227609461409287,0.2330939758477384,69.63025084289063
2023-02-10,152.38999938964844,154.0,150.35000610351562,151.33999633789062,150.7799530029297,1063800.0,-0.0073463192308715,-0.0073734363228256,3.649993896484375,55.59733801262796,PWR,1063800.0,160399714.0045166,1.2083579742964705,-18.991775814803535,-0.734631923087159,2.4207421635245203,0.32533555942979386,음봉,151.92568969726562,149.5211196899414,146.44048029581705,True,True,0,3.2835726056780135,0.06716562084228028,False,55.59733801262796,2.066248420731938,0.05738634813631105,57.190171776177245
2023-02-13,151.42999267578125,154.4600067138672,150.50999450683594,154.2899932861328,153.71902465820312,582200.0,0.0194924563692915,0.0193049116614875,3.95001220703125,58.18622804018859,PWR,582200.0,89495216.15600586,0.6705362300824125,-45.271667606692986,1.9492456369291533,2.569631323002582,0.43111810284151775,양봉,152.2385284423828,149.80954666137694,146.61185633341472,True,True,1,3.1807152884347096,0.07182469518271463,False,58.18622804018859,2.1507348209554493,0.11349819868785804,89.95573761010311
2023-02-14,153.72999572753906,155.6199951171875,152.22000122070312,154.1999969482422,153.62936401367188,803700.0,-0.0005832761737242,-0.0005834463454462,3.399993896484375,68.3737809796255,PWR,803700.0,123471919.85778809,0.9300938486775033,38.045345242184816,-0.058327617372422313,2.2131146075575767,0.007137092731580791,음봉,152.36406555175782,150.10494995117188,146.7372614542643,True,True,1,3.1107145036969865,0.07168334573852644,False,68.3737809796255,2.185265654946221,0.1184232261429039,75.7240018980452
2023-02-15,153.25,156.3699951171875,152.42999267578125,156.0,155.4226837158203,653400.0,0.0116730269220461,0.0116054227317075,3.94000244140625,69.69514158239566,PWR,653400.0,101553181.53991699,0.7597015393644331,-18.7010078387458,1.1673026922046192,2.535024069337442,-0.24693457276703587,양봉,153.08937072753906,150.68778381347656,146.8590321858724,True,True,1,3.195714678083147,0.08271197416679094,False,69.69514158239566,2.3304732571907607,0.21090466270995467,88.08412874200353
2023-02-16,154.82000732421875,158.5399932861328,154.0,155.32000732421875,154.7452392578125,911400.0,-0.0043587232044356,-0.0043682501319943,4.5399932861328125,66.94276873370896,PWR,911400.0,141034811.0595703,1.0570964101412268,39.48576675849402,-0.4358723204435644,2.9338500543909984,-0.3877660436642021,음봉,153.6592529296875,151.27709579467773,146.97100575764975,True,True,1,3.3878566196986606,0.06427847945688844,False,66.94276873370896,2.363640643983558,0.19525763960220166,62.50241245793276
2023-02-17,154.92999267578125,157.05999755859375,154.74000549316406,154.89999389648438,154.3267364501953,862600.0,-0.0027044632172492,-0.0027081268848897,2.3199920654296875,69.05364229880615,PWR,862600.0,133122242.86193848,0.999832575630739,-5.35439982444591,-0.27044632172492644,1.5032988572128594,0.11939198831244335,음봉,154.3686096191406,151.70849151611327,147.07135772705078,True,True,0,3.3564278738839284,0.04669249961455359,False,69.05364229880615,2.329305573267902,0.12873805510923653,56.875521251440766
2023-02-21,153.9600067138672,154.63999938964844,148.14999389648438,148.6999969482422,148.1497344970703,1098600.0,-0.0400254816191131,-0.040848538225779,6.490005493164063,40.480135424525976,PWR,1098600.0,162757298.31848145,1.2683912869777483,27.359146765592392,-4.002548161911312,4.380706799911548,-0.23763201682585758,음봉,153.25475158691407,151.66614990234376,147.0878448486328,True,True,0,3.5721424647739957,0.047953674721966474,True,40.480135424525976,1.7831077914235038,-0.33396778138812966,-0.002496625883548557
2023-02-22,149.16000366210938,149.97999572753906,147.3300018310547,148.39999389648438,147.85084533691406,1155900.0,-0.0020174802281685,-0.0020195180827528,2.649993896484375,37.54882604192086,PWR,1155900.0,170900792.12493896,1.3246812071380496,5.215729109776079,-0.20174802281685,1.792342742745718,0.6819243844537843,음봉,152.0990478515625,151.5112274169922,147.12573750813803,True,True,0,3.5092849731445312,0.0499754276167725,False,37.54882604192086,1.311011729721855,-0.6448510744718228,4.646243558227094
2023-02-23,160.0,168.75,158.22999572753906,159.6199951171875,159.02931213378906,2860100.0,0.075606377301409,0.0728845744591543,10.520004272460938,64.18876682485728,PWR,2860100.0,454839735.6338501,3.1494494162063904,147.43489921273465,7.560637730140907,6.615135368007258,8.217169563962342,음봉,152.82037353515625,152.04574127197264,147.3114356994629,True,True,1,3.9271414620535716,0.0735204202587921,True,64.18876682485728,1.817925138341991,-0.11035013268134963,54.618633533293306
2023-02-24,158.2100067138672,163.1199951171875,157.1199951171875,160.63999938964844,160.04551696777344,1468900.0,0.0063900473462996,0.006369717553354,6.0,64.53102916230017,PWR,1468900.0,235090859.8739624,1.6022255079850964,-48.64165588615783,0.6390047346299665,3.748933499467,-0.5151914505123465,양봉,153.88042907714845,152.5727851867676,147.59638570149738,True,True,1,4.116426740373884,0.07992691236468953,False,64.53102916230017,2.275427195802763,0.27772153982353776,59.36282083886304
2023-02-27,162.44000244140625,164.7899932861328,160.86000061035156,162.89999389648438,162.29718017578125,866800.0,0.0140688927166963,0.0139708443962733,3.92999267578125,66.84320181718019,PWR,866800.0,140679195.7763672,0.9424731108564486,-40.989856355095654,1.4068892716696313,2.421479332866254,1.4961278010148595,음봉,155.47451782226562,153.21539840698242,147.9024335225423,True,True,1,4.258568899972098,0.09428774776601587,False,66.84320181718019,2.7875580415085324,0.6318819084234453,69.87478816140124
2023-02-28,162.91000366210938,164.00999450683594,161.2899932861328,161.39999389648438,160.8026885986328,1195000.0,-0.0092083644061454,-0.0092510234757861,2.720001220703125,62.68218421113994,PWR,1195000.0,192159212.8753662,1.2789455176174596,37.86340562990309,-0.9208364406145475,1.691514765335989,0.3775934280955384,음봉,158.00510864257814,153.82811965942383,148.0951176961263,True,True,1,4.199998038155692,0.09391218504686555,False,62.68218421113994,3.037814412570924,0.7057106235886694,62.89770270433921
2023-03-01,161.9199981689453,163.3800048828125,158.99000549316406,159.64999389648438,159.05917358398438,957400.0,-0.0108425737768619,-0.0109017828547363,4.3899993896484375,61.6045685999447,PWR,957400.0,152283252.78930664,1.0233248616422412,-19.882845188284513,-1.084257377686193,2.7599787492486163,0.6948326424450093,음봉,160.24677429199218,154.1997383117676,148.22804107666016,True,True,0,4.339998517717634,0.09368585833562813,False,61.6045685999447,3.0601814324618317,0.5824621147836613,54.75804274313444
2023-03-02,158.85000610351562,160.75,157.97000122070312,160.0500030517578,159.45770263671875,741200.0,0.0025055395659021,0.0025024059348436,2.779998779296875,61.96778002902744,PWR,741200.0,118190049.19433594,0.7900729067440008,-22.581992897430535,0.25055395659021595,1.7434082727444973,-0.13150293425755044,양봉,160.33245239257812,154.55740966796876,148.3453687032064,True,True,0,4.377141680036273,0.0934690537962679,False,61.96778002902744,3.0746230798029046,0.47752300969978734,56.61858936685993
2023-03-03,162.57000732421875,163.8300018310547,160.30999755859375,163.1199951171875,162.51634216308594,793100.0,0.0191815100543337,0.0189998640447619,3.520004272460937,67.49850758221038,PWR,793100.0,128891710.96954346,0.8565191230695651,7.002158661629787,1.9181510054333772,2.1659386530670224,1.9518057993037468,음봉,160.8266174316406,155.1272933959961,148.5510139465332,True,True,1,4.367856706891741,0.0945384690541529,False,67.49850758221038,3.2948933574036516,0.558234629840427,70.89795345570285
2023-03-06,162.44000244140625,164.88999938964844,160.85000610351562,163.3699951171875,162.76539611816406,769300.0,0.0015324856058365,0.0015313125480802,4.0399932861328125,64.66406098888785,PWR,769300.0,125215419.23370361,0.8327817641964618,-3.0008826125330956,0.153248560583652,2.4820959383773853,-0.04697356626638829,양봉,160.92026062011718,155.67226943969726,148.78122253417968,True,True,1,4.374283926827567,0.09580737041305515,False,64.66406098888785,3.4497886954457613,0.5705039743060292,72.0606704322113
2023-03-07,163.6999969482422,164.64999389648438,162.16000366210938,162.97000122070312,162.36691284179688,607300.0,-0.0024482063501869,-0.0024512081076354,2.489990234375,64.0230648442834,PWR,607300.0,98605426.16882324,0.657636318945854,-21.05810477057065,-0.24482063501869433,1.5335576631928305,0.5742011830325566,음봉,161.23310546875,156.18287353515626,149.02603302001953,True,True,1,4.3092836652483255,0.09549415018217591,False,64.0230648442834,3.5000437707777223,0.496607239710392,70.20033751703436
2023-03-08,162.75,163.66000366210938,160.97999572753906,162.42999267578125,161.82887268066406,772200.0,-0.0033137303143594,-0.0033192328780283,2.6800079345703125,60.71307546584358,PWR,772200.0,124964255.48400879,0.8358593104348827,27.15297217190844,-0.3313730314359442,1.6560752665309337,0.23593917719947546,음봉,161.78704528808595,156.6242332458496,149.228683980306,True,True,1,4.2192840576171875,0.0952250521657077,False,60.71307546584358,3.456610283944258,0.36253900230154157,67.68847847349409
2023-03-09,163.1999969482422,164.27999877929688,159.6199951171875,160.5500030517578,159.95587158203125,589700.0,-0.0115739612320527,-0.0116414608521358,4.660003662109375,58.378708887196446,PWR,589700.0,94325977.47192383,0.6370674842838476,-23.633773633773636,-1.1573961232052787,2.9133057861646257,0.8472680090182402,음봉,161.88667907714844,157.03221893310547,149.43613103230794,True,True,0,4.2278562273297995,0.09497764778834009,False,58.378708887196446,3.233776435577596,0.1117641231479034,58.944308264608225
2023-03-10,160.17999267578125,160.35000610351562,155.99000549316406,157.35000610351562,156.76773071289062,1695700.0,-0.0199313775581262,-0.020132686869137,4.3600006103515625,53.604101077853166,PWR,1695700.0,265831040.96984863,1.7989663812904573,187.55299304731219,-1.993137755812624,2.781184999313797,0.1401143274912934,음봉,160.73695678710936,157.27581405639648,149.55525970458984,True,True,0,4.373571123395648,0.0948305425772706,False,53.604101077853166,2.7680147307938796,-0.28319806530865055,44.060362691901375
2023-03-13,155.27000427246094,157.9600067138672,154.85000610351562,155.8699951171875,155.29319763183594,897700.0,-0.0094058456695733,-0.0094503599857036,3.1100006103515625,62.24804278916541,PWR,897700.0,139406703.51409912,0.9479726445297441,-47.060211122250394,-0.9405845669573365,2.002663772642927,-0.9553792949728098,양봉,159.24251708984374,157.5014762878418,149.61197458902996,True,True,0,4.132142203194754,0.09469467291844881,False,62.24804278916541,2.2539308162405405,-0.6378255838895921,37.176454162009605
2023-03-14,159.1699981689453,161.1199951171875,157.55999755859375,159.74000549316406,159.14886474609375,860300.0,0.0248283065392129,0.0245250927443035,3.55999755859375,67.2655282653254,PWR,860300.0,136915768.34106445,0.9067258002184886,-4.166202517544837,2.4828306539212974,2.2368978655759646,2.4964393780469174,음봉,158.59890747070312,157.77296829223633,149.74041875203451,True,True,1,4.197142464773996,0.09453172455768466,False,67.2655282653254,2.1330472818590067,-0.6069672946169011,30.92705417421373
2023-03-15,157.22999572753906,158.55999755859375,151.6999969482422,155.33999633789062,154.76513671875,1368800.0,-0.02754482750686,-0.0279312996746837,6.8600006103515625,41.77552407831965,PWR,1368800.0,211842519.140625,1.423536092549061,59.10728815529467,-2.754482750686005,4.432523212781464,-1.205707009984679,음봉,157.1861602783203,157.82975692749022,149.91645126342775,False,True,0,3.935713631766183,0.09449771115152897,True,41.77552407831965,1.6643306270214566,-0.860547159563561,23.23835635454987
2023-03-16,153.75999450683594,158.05999755859375,152.0,157.2100067138672,156.62818908691406,848300.0,0.0120379331396174,0.0119660535023339,6.05999755859375,43.61737175636132,PWR,848300.0,132867692.8024292,0.8842086976663386,-38.0260081823495,1.203793313961743,3.8690337888226596,-0.6494629431566858,양봉,156.52062377929687,157.89003219604493,150.1492576599121,False,True,0,3.9399991716657365,0.09446163620215921,True,43.617371756361315,1.4267553099849408,-0.8784979812800615,37.363087388075236
2023-03-17,157.47999572753906,157.8000030517578,152.88999938964844,155.10000610351562,154.52603149414062,1607500.0,-0.0134213234860739,-0.0135122035177014,4.910003662109375,35.404118681490004,PWR,1607500.0,248400595.62683105,1.6730904573254342,89.49664033950253,-1.3421323486073944,3.1774605318169677,0.5438399342996468,음봉,156.07228393554686,157.87907180786132,150.36213048299155,False,True,0,4.00999995640346,0.09446819398204338,False,35.404118681490004,1.0566679993791297,-0.998868233508698,21.425580157793664
2023-03-20,155.7899932861328,158.44000244140625,155.25999450683594,157.2899932861328,156.7079315185547,1000500.0,0.0141199512037994,0.0140211932454616,3.1800079345703125,42.50276305452465,PWR,1000500.0,156786285.48431396,1.0574087308377538,-37.760497667185064,1.4119951203799497,2.0292578070266916,0.8179604302075892,양봉,156.35523071289063,157.9981315612793,150.60639012654622,False,True,0,4.042857578822544,0.09439700731818729,False,42.50276305452465,0.9287264559873165,-0.9014478215204089,37.96765461234122
2023-03-21,159.86000061035156,162.1199951171875,158.44000244140625,161.6199951171875,161.02186584472656,764000.0,0.0275285002129013,0.0271564044370577,3.67999267578125,53.28441618861971,PWR,764000.0,123020705.5053711,0.8276616306302899,-23.638180909545227,2.752850021290132,2.28539935025338,2.0114291990534383,양봉,156.72983093261718,158.6417381286621,150.8885269165039,False,True,0,3.992142813546317,0.09401404042329614,False,53.28441618861971,1.1620350909620072,-0.5345113492365747,70.67374655838597
2023-03-22,160.9600067138672,163.3300018310547,158.5,158.55999755859375,157.97325134277344,752200.0,-0.0189329224696285,-0.0191144450669204,4.830001831054688,47.718260995198,PWR,752200.0,118827479.66003418,0.8224917080180991,-1.5445026178010468,-1.8932922469628521,3.057480801337978,-0.03841660294697229,음봉,157.37145385742187,159.1478584289551,151.15503641764323,False,True,0,4.138571602957589,0.05177175932720174,False,47.718260995197994,1.0883898721571938,-0.48652525443311045,47.56067652298651
2023-03-23,158.8300018310547,161.83999633789062,157.25999450683594,158.97000122070312,158.3817138671875,808400.0,0.002585643588026,0.002582306562645,4.580001831054688,43.08099288353458,PWR,808400.0,128035777.49023438,0.8972758889213844,7.471417176282902,0.2585643588026043,2.891749128876893,0.5423389599181294,음봉,157.72215881347657,159.115478515625,151.4016347249349,False,True,0,4.214285714285714,0.05178229485206456,False,43.080992883534584,1.0508712283498767,-0.4192351185923422,50.65743504315032
2023-03-24,156.97999572753906,161.85000610351562,154.86000061035156,160.77999877929688,160.18502807617188,1209700.0,0.0113858738168255,0.0113215426063743,6.990005493164063,45.89545120255147,PWR,1209700.0,193775828.46374512,1.3296723236390728,49.64126669965363,1.1385873816825542,4.3637071311309725,-0.8850252377139078,양봉,158.8539581298828,159.12245407104493,151.68210525512694,False,True,0,4.425000871930804,0.05178002483763058,True,45.89545120255147,1.1533546639371934,-0.25340134640402057,65.52149133194531
2023-03-27,162.6999969482422,163.7100067138672,160.2899932861328,162.4499969482422,161.84884643554688,821000.0,0.0103868531245243,0.0103332804141927,3.420013427734375,49.20780990424281,PWR,821000.0,132877902.92358398,0.9000955382422704,-32.13193353724064,1.0386853124524364,2.1130910124196207,1.5700399108925358,음봉,159.88214111328125,159.10003738403321,152.03428446451824,True,True,1,4.491431100027902,0.051787320477715455,False,49.20780990424281,1.3532305619237093,-0.042820358734003916,80.67446748895921
2023-03-28,162.85000610351562,164.6699981689453,162.25,163.27999877929688,162.67572021484375,901000.0,0.0051089259979753,0.0050959197154966,2.4199981689453125,51.28360028845678,PWR,901000.0,146570823.91357422,0.979361343841875,9.744214372716197,0.51089259979753,1.4876209957756767,0.618576956226526,음봉,160.2129119873047,159.19368896484374,152.37734298706056,True,True,1,4.472858973911831,0.051756854669301716,False,51.28360028845678,1.5603684978750039,0.13145406177383245,84.6239185319564
2023-03-29,164.9499969482422,165.5,163.72000122070312,165.4600067138672,164.84768676757812,651500.0,0.0133515102921681,0.0132631643774643,1.779998779296875,57.34812110521389,PWR,651500.0,107398267.92907715,0.7053155786510772,-27.69145394006659,1.335151029216819,1.0797838988220252,1.3980431316946555,음봉,161.58779907226562,159.48311462402344,152.75859349568685,True,True,1,4.267144339425223,0.06471942373191347,False,57.34812110521389,1.8781363664552941,0.35937754428329804,95.273093563999
2023-03-30,166.85000610351562,167.22000122070312,165.47999572753906,166.52000427246094,165.9037628173828,695300.0,0.0064063746996563,0.006385941105004,1.7400054931640625,64.66264880259978,PWR,695300.0,115352886.28692627,0.7495174769176015,6.722947045280114,0.6406374699656325,1.0488041160822608,1.2146481247022944,음봉,163.0922088623047,159.80541763305663,153.18882853190104,True,True,1,4.0800018310546875,0.07119740676982306,False,64.66264880259978,2.189941915709653,0.5369464748301256,91.5190847875224
2023-03-31,167.0,167.72999572753906,165.55999755859375,166.63999938964844,166.02330017089844,919100.0,0.0007205222563106,0.0007202628047693,2.1699981689453125,68.00406981567033,PWR,919100.0,152592015.18707275,0.9837545341023964,32.18754494462821,0.07205222563106961,1.3070443526370057,0.6607669193277198,음봉,164.25986328125,159.98076553344725,153.6552619934082,True,True,1,4.012858799525669,0.07186656869918573,False,68.00406981567033,2.4188131529761847,0.6126541696773253,89.35311486832511
2023-04-03,166.8800048828125,167.49000549316406,163.9199981689453,165.7899932861328,165.17645263671875,671600.0,-0.0051007752123224,-0.0051138285732985,3.57000732421875,61.2495785224135,PWR,671600.0,110932505.59082031,0.7155531352845077,-26.928517027526933,-0.5100775212322439,2.1613294553978917,0.5160147467447047,음봉,164.92538452148438,160.101318359375,154.15706456502278,True,True,1,4.013573782784598,0.07181245472913728,False,61.2495785224135,2.503008613601139,0.5574797042418236,84.07022279927885
2023-04-04,166.35000610351562,166.88999938964844,161.88999938964844,162.64999389648438,162.04808044433594,830600.0,-0.0189395772971538,-0.0191212283442809,5.0,64.26074885700679,PWR,830600.0,134597135.61706543,0.8843487519223944,23.67480643240023,-1.8939577297153898,3.085503997511107,0.7104847259178841,음봉,164.79985656738282,160.08537673950195,154.54778010050455,True,True,0,3.8807165963309154,0.07181960595605606,False,64.26074885700679,2.2908926473069187,0.27629099035808213,63.878468998846614
2023-04-05,161.63999938964844,161.8300018310547,157.91000366210938,159.91000366210938,159.31825256347656,1095400.0,-0.0168457896778178,-0.0169892939037369,3.919998168945313,55.09448858034216,PWR,1095400.0,174517213.85803223,1.1630331466014117,31.880568263905616,-1.6845789677817802,2.4604827795129642,-0.251827145109366,음봉,163.6939697265625,159.95984573364257,154.90096893310547,True,True,0,3.7278594970703125,0.0718759675218899,False,55.09448858034216,1.8808338382351337,-0.10701425497096229,43.317080593982446
2023-04-06,159.2100067138672,161.11000061035156,159.07000732421875,159.1300048828125,158.62046813964844,679300.0,-0.0043798146954323,-0.0043894341818029,2.0399932861328125,58.18974805048147,PWR,679300.0,107750884.00726318,0.7264093776892877,-37.9861237903962,-0.437981469543236,1.286084519897404,-0.06794315646052358,음봉,162.23731079101563,159.89307556152343,155.22808151245118,True,True,0,3.5228587559291293,0.0719059823971796,False,58.18974805048147,1.482464972950595,-0.40430649620440096,29.218873006990354
2023-04-10,158.3300018310547,161.72999572753906,158.17999267578125,161.5399932861328,161.02272033691406,941200.0,0.0151446545672195,0.0150311191541888,3.5500030517578125,58.55508614565799,PWR,941200.0,151554584.38110352,1.0056800546804905,38.55439422935374,1.5144654567219584,2.204659717790138,-0.18312031984297597,양봉,161.23719482421876,160.1058250427246,155.57563756306965,True,True,0,3.5492869785853793,0.07181043334113384,False,58.55508614565799,1.3450910802964415,-0.43334431108684357,47.88439832686781
2023-04-11,161.63999938964844,163.80999755859375,161.63999938964844,163.72999572753906,163.2057342529297,755800.0,0.0135571794554707,0.0134661031334612,2.1699981689453125,54.72969846941271,PWR,755800.0,123350893.94836426,0.8084012583891194,-19.698257543561414,1.3557179455470747,1.3296090231623459,0.3833490400875219,양봉,160.84305114746093,160.5014518737793,155.84134928385416,True,True,1,3.441430228097098,0.07163342476054006,False,54.72969846941271,1.3962768490923452,-0.3057268338327521,64.84643985165654
2023-04-12,164.97999572753906,166.60000610351562,164.3300018310547,165.0,164.47166442871094,883300.0,0.0077566525562107,0.0077267243887453,2.270004272460937,65.25157142611576,PWR,883300.0,145277821.18988037,0.9456787731712788,16.86954220693304,0.7756652556210719,1.3801795466384756,1.087131823358422,음봉,161.32776794433593,160.76759185791016,156.1167022705078,True,True,1,3.258573259626116,0.07151484042206308,False,65.25157142611576,1.5214535554865734,-0.14444010195081902,74.68273088560291
2023-04-13,165.25999450683594,166.00999450683594,162.9600067138672,165.0399932861328,164.5115203857422,838900.0,0.0002423271945941,0.000242297838102,3.04998779296875,64.63976292011746,PWR,838900.0,138008714.45159912,0.89870526938695,-5.026604777538779,0.024232719459416074,1.853966084452457,0.47931057356490486,음봉,162.36642150878907,161.25491104125976,156.39653930664062,True,True,1,3.149286542619978,0.07129871953987214,False,64.63976292011746,1.6053673641285968,-0.04842103464703684,74.99241209890829
2023-04-14,164.8699951171875,166.69000244140625,164.5500030517578,166.02000427246094,165.48841857910156,444000.0,0.0059381749744258,0.0059206135011853,2.139999389648437,63.186573455439735,PWR,444000.0,73476857.8491211,0.4818803878196514,-47.07354869471928,0.5938174974425836,1.2931414826624512,0.217902509565756,양봉,163.7400115966797,161.69792251586915,156.75857950846355,True,True,1,2.8028575352260043,0.07110337905318148,False,63.186573455439735,1.730746216932289,0.061566254525323716,77.17333034994243
2023-04-17,166.19000244140625,167.4499969482422,165.80999755859375,166.85000610351562,166.31576538085938,449400.0,0.0049994241824382,0.0049869685580771,1.6399993896484375,61.5887915581989,PWR,449400.0,74742304.9621582,0.49045667305313706,1.216216216216215,0.4999424182438261,0.9860757252283785,0.423947408724157,양봉,164.79862060546876,162.28740921020508,157.1478589375814,True,True,1,2.675713675362723,0.05920258329997741,False,61.5887915581989,1.8752530833212404,0.16485849673142017,85.598457338287
2023-04-18,167.35000610351562,168.3000030517578,166.77000427246094,167.7899932861328,167.25274658203125,711400.0,0.0056337485446806,0.0056179383360471,1.529998779296875,61.80699445154708,PWR,711400.0,118983603.91845703,0.7782599409248849,58.29995549621718,0.5633748544680683,0.9147824538393858,0.621853689148387,음봉,165.60802307128907,162.8146499633789,157.5070910135905,True,True,1,2.6121422903878346,0.05699422773899648,False,61.80699445154708,2.0418452472998467,0.2651605285680212,89.92053386673011
2023-04-19,166.6699981689453,167.69000244140625,165.3000030517578,166.00999450683594,165.4784393310547,434400.0,-0.0106085387967386,-0.0106652105034519,2.389999389648437,51.66118390648471,PWR,434400.0,71883834.04541016,0.4778727684184058,-38.93730671914535,-1.060853879673862,1.4442965496351015,-0.3484238226247131,음봉,165.80937805175782,163.0374786376953,157.78178888956705,True,True,0,2.6557137625558034,0.056916331856915345,False,51.66118390648471,2.007557102221682,0.18469790679188525,72.84346596291189
2023-04-20,165.0,168.08999633789062,164.25999450683594,167.2899932861328,166.75433349609375,512100.0,0.0077103347735019,0.0076807620554418,3.830001831054688,52.214468512460975,PWR,512100.0,85394894.18334961,0.5750537849067164,17.886740331491712,0.7710334773501915,2.296792983280645,-0.2891248751128998,양봉,166.25794067382813,163.47653274536134,158.04520619710286,True,True,1,2.804999215262277,0.05426486949452056,False,52.214468512460975,2.0595957583917937,0.1893892503695973,85.1234875220107
2023-04-21,167.1699981689453,167.24000549316406,165.22000122070312,165.8000030517578,165.26910400390625,526300.0,-0.0089066920244221,-0.0089465937105447,2.020004272460937,48.16680525565031,PWR,526300.0,86981129.43725586,0.5953021315101549,2.772895918765861,-0.890669202442218,1.222251602703185,0.24926768866327512,음봉,166.21407775878907,163.82090225219727,158.32737401326497,True,True,0,2.794285365513393,0.05269338847306361,False,48.16680525565031,1.9584157630412733,0.07056740401526151,70.8286888748882
2023-04-24,166.77999877929688,169.11000061035156,166.49000549316406,168.27000427246094,167.73123168945312,514200.0,0.0148976888353473,0.0147878082361745,2.6199951171875,55.75768413378543,PWR,514200.0,86247399.3347168,0.5842581119906503,-2.2990689720691626,1.4897688835347367,1.5620198401918992,0.9142027994263913,양봉,166.4971710205078,164.19821243286134,158.63115056355795,True,True,1,2.7264273507254466,0.055486374758982035,False,55.757684133785425,2.053234604698673,0.132308996538129,87.6895598519352
2023-04-25,166.58999633789062,168.0800018310547,166.25999450683594,167.22000122070312,166.68455505371094,597000.0,-0.0062402012147627,-0.0062597526493916,1.82000732421875,61.53115190080939,PWR,597000.0,99510679.36706543,0.6808887344061436,16.102683780630112,-0.6240201214762764,1.0918872019259895,-0.680395260958583,양봉,166.38353271484374,164.43999786376952,158.9184778849284,True,True,1,2.4992850167410716,0.0554047900034182,False,61.53115190080939,2.020628613918632,0.07976240460646977,78.344230200694
2023-04-26,166.0,167.22000122070312,163.47000122070312,164.07000732421875,163.54466247558594,578300.0,-0.0188373336516585,-0.0190170162940218,3.75,60.3011860894454,PWR,578300.0,94577878.30963135,0.6636084457170335,-3.1323283082077102,-1.8837333651658517,2.2929516275468806,-0.41068895284890233,음봉,165.99677734375,164.48344497680665,159.16841786702474,True,True,0,2.4871422903878346,0.05539015522862724,True,60.3011860894454,1.721579741816953,-0.1754291739961673,49.08203024113895
2023-04-27,165.44000244140625,169.3800048828125,164.94000244140625,168.97000122070312,168.428955078125,790800.0,0.0298651911264189,0.0294279112741604,4.44000244140625,69.85467495683491,PWR,790800.0,133193617.67578125,0.9082761487358618,36.74563375410686,2.9865191126418944,2.6361277604238387,1.1589127625019557,양봉,166.33170166015626,164.662508392334,159.44845377604167,True,True,1,2.658571515764509,0.059567214384383844,True,69.85467495683491,1.8572932292126154,-0.03177254928040396,91.50849314172675
2023-04-28,169.07000732421875,170.82000732421875,168.64999389648438,169.63999938964844,169.0968017578125,727900.0,0.0039651536125586,0.0039573131100037,2.170013427734375,67.57811176392033,PWR,727900.0,123085561.99951172,0.8347735385724402,-7.953970662620136,0.39651536125586695,1.2832965527298137,0.3806069127463273,양봉,167.0972412109375,164.82216033935546,159.72832921346028,True,True,1,2.5600008283342635,0.06356143856259462,False,67.57811176392033,1.9957312438798454,0.08533237230946056,81.22871375832959
2023-05-01,169.77000427246094,171.94000244140625,168.72999572753906,169.2100067138672,168.66819763183594,740800.0,-0.0025346672528462,-0.0025378849602492,3.2100067138671875,62.87595080214827,PWR,740800.0,124949400.80566406,0.8496015990650275,1.7722214589916296,-0.25346672528462344,1.9031487612584188,0.3981166454068282,음봉,167.28463439941407,164.95440521240235,160.02082138061525,True,True,1,2.6342871529715404,0.06351048100033635,False,62.87595080214827,2.047260057357448,0.10948894862965064,63.5656306657627
2023-05-02,168.4499969482422,168.5,164.99000549316406,168.1199951171875,167.58168029785156,688100.0,-0.0064417439045385,-0.0064625814718558,3.509994506835937,57.39336788587215,PWR,688100.0,115312954.21295166,0.789411578320559,-7.113930885529163,-0.6441743904538555,2.094497740204922,-0.12936681997991828,음봉,167.46405944824218,165.07466659545898,160.28275146484376,True,True,1,2.722857883998326,0.0634642118880539,False,57.393367885872145,1.9776272884838022,0.031884943804803445,51.466322749030184
2023-05-03,168.92999267578125,170.9600067138672,168.2100067138672,168.22000122070312,167.68136596679688,870700.0,0.0005948482481386,0.0005946713960494,2.75,57.51422442948554,PWR,870700.0,146000165.34729004,0.9934403427973261,26.536840575497745,0.05948482481386019,1.6400152659446585,0.8045702701710965,음봉,168.29140014648436,165.35633087158203,160.54152704874676,True,True,0,2.701430184500558,0.06335610836878162,False,57.51422442948554,1.9084867703535338,-0.029804459460372357,49.72094615287611
2023-05-04,166.97999572753906,169.47000122070312,160.60000610351562,165.35000610351562,164.82054138183594,1229200.0,-0.0170610763364571,-0.0172082933557754,8.8699951171875,48.54659078079654,PWR,1229200.0,202597409.46655273,1.3964756120432218,41.173768232456645,-1.7061076336457148,5.381607803749769,-0.4182755998043891,음봉,167.56971740722656,165.6314453125,160.73850809733074,True,True,0,3.1821441650390625,0.0632508736393513,True,48.54659078079654,1.6043537847519929,-0.2671499560495305,37.21813616657113
2023-05-05,167.8000030517578,171.5399932861328,167.8000030517578,171.07000732421875,170.52223205566406,855100.0,0.0345933257227881,0.0340084274962859,3.739990234375,57.55185005602079,PWR,855100.0,145813560.63079834,0.971380401561528,-30.434428896843478,3.459332572278817,2.193256673507619,1.8077004510132173,양봉,167.85480346679688,166.22653350830078,161.05060933430988,True,True,1,3.3321435110909596,0.05714798665566606,False,57.55185005602079,1.802625444831051,-0.05510263677637828,87.49761160852447
2023-05-08,171.0,171.3300018310547,168.17999267578125,168.8800048828125,168.33924865722656,821200.0,-0.0128017524291196,-0.0128844009836423,3.150009155273437,51.86706193857693,PWR,821200.0,138240190.99731445,0.9307793196133357,-3.964448602502635,-1.2801752429119628,1.8712268115723303,0.2801792696332865,음봉,167.789013671875,166.5923599243164,161.32466634114584,True,True,1,3.4478585379464284,0.0439185674904797,False,51.867061938576924,1.7632826231392187,-0.07555636677456867,68.24731087303445
2023-05-09,168.86000061035156,171.44000244140625,168.02000427246094,171.0,170.4524383544922,889300.0,0.0125531610371418,0.0124750233482735,3.4199981689453125,58.44899283700744,PWR,889300.0,151583353.4286499,1.0021912799579276,8.29274232830004,1.255316103714188,2.0064237284964483,0.3093467253054921,양봉,168.36316528320313,166.95469512939454,161.6525410970052,True,True,1,3.521429879324777,0.04179319170790803,False,58.44899283700744,1.8809376233262185,0.033678906729945,86.88214667280248
2023-05-10,172.17999267578125,172.8300018310547,169.6999969482422,171.42999267578125,170.8810577392578,711000.0,0.002514598141883,0.0025114418301053,3.1300048828125,57.21753564747232,PWR,711000.0,121496432.0526123,0.8048463635203875,-20.04947711683347,0.251459814188304,1.8316862759525276,1.0135110638289873,음봉,169.00310363769532,167.27516479492186,161.93857498168944,True,True,1,3.471430097307478,0.04385824561982194,False,57.217535647472324,1.9858741399402788,0.11089233867520387,84.06422916887605
2023-05-11,169.55999755859375,171.77000427246094,169.25,171.58999633789062,171.0405731201172,686200.0,0.000933487789517,0.0009330523607477,2.520004272460937,60.585009120303496,PWR,686200.0,117368041.27502441,0.7856238108132175,-3.4880450070323477,0.09334877895170735,1.4733371307702567,-0.773087548814116,양봉,170.24710998535156,167.60161743164062,162.2287618001302,True,True,1,3.5071443830217635,0.04472457222907526,False,60.585009120303496,2.058183188866707,0.14656111008130535,85.3685254614756
2023-05-12,172.5,176.2899932861328,171.5399932861328,173.85000610351562,173.29331970214844,896000.0,0.0131708315806986,0.0130848503187292,4.75,60.279951335372495,PWR,896000.0,155270814.453125,1.0289595383098218,30.574176624890704,1.317083158069865,2.7410173734129875,0.853263558031869,양봉,170.80132751464845,167.99186248779296,162.52660573323567,True,True,1,3.659287588936942,0.0580305324448134,False,60.279951335372495,2.2710867785994253,0.28757175985121886,80.9007263734137
2023-05-15,173.5,175.07000732421875,172.86000061035156,174.80999755859375,174.25025939941406,652900.0,0.0055220807063445,0.0055068899162014,2.2100067138671875,64.02960833470095,PWR,652900.0,113767994.36187744,0.7488203167667941,-27.131696428571427,0.5522080706344523,1.2682946478727704,0.11926616571648499,양봉,171.98352966308593,168.3885871887207,162.85168940226237,True,True,1,3.6871446881975447,0.06357673701383265,False,64.02960833470095,2.488347324427167,0.40386584454316843,86.9997734033935
2023-05-16,173.52999877929688,173.94000244140625,169.3000030517578,169.69000244140625,169.14666748046875,959700.0,-0.0292888626767947,-0.0297263448331191,4.6399993896484375,59.6829877996353,PWR,959700.0,162330056.78100586,1.0975765167193117,46.99035074283964,-2.928886267679476,2.7431810858373638,-0.41334837755748527,음봉,171.72237548828124,168.48328323364257,163.09868825276692,True,True,0,3.750716073172433,0.0635410037029148,False,59.6829877996353,2.2230843246392453,0.1108822758041974,54.47207367015508
2023-05-17,170.86000061035156,171.1699981689453,168.17999267578125,169.75999450683594,169.2164306640625,969200.0,0.000412441963137,0.0004123569323299,2.9900054931640625,51.6329185856814,PWR,969200.0,164004564.59960938,1.1021230357136411,0.9898926747942127,0.04124419631370557,1.766971139522486,1.012927511610981,음봉,171.3894500732422,168.67018280029296,163.44979985555014,True,True,0,3.6471448625837053,0.06347059537193749,False,51.632918585681395,1.9954880480022439,-0.09337120066624305,54.91670872805392
2023-05-18,169.27000427246094,172.5,168.10000610351562,171.88999938964844,171.33961486816406,827600.0,0.0125471515725126,0.0124690883685672,4.399993896484375,54.38600155763704,PWR,827600.0,141800665.26489258,0.9425286525181676,-14.609987618654563,1.2547151572512627,2.5679956733122786,0.031659814704870295,양봉,171.44925842285156,168.8994468688965,163.84127934773764,True,True,0,3.806429181780134,0.06338444040102777,False,54.386001557637044,1.9638020920126564,-0.10004572532466449,68.44880521347248
2023-05-19,172.75999450683594,174.02999877929688,170.63999938964844,171.7100067138672,171.1602020263672,658000.0,-0.0010471182740484,-0.0010476668853958,3.389999389648437,54.92127929878189,PWR,658000.0,112623412.93334961,0.7521582772973542,-20.49299178347027,-0.10471182740484641,1.9806002502417055,0.8289849605211119,음봉,171.02263488769532,169.19400177001953,164.04346084594727,True,True,1,3.8192858014787947,0.06327409253183769,False,54.92127929878189,1.902285266270468,-0.12925004085348224,67.3053189906434
2023-05-22,172.1300048828125,174.2100067138672,170.77999877929688,170.99000549316406,170.44248962402344,795500.0,-0.0041932201168656,-0.0042020363184871,3.4300079345703125,55.73311707929844,PWR,795500.0,135587000.49591064,0.9143628113693959,20.896656534954406,-0.4193220116865626,2.0124136546799547,0.5666053468994589,음봉,170.26108093261718,169.32956466674804,164.21674372355145,True,True,1,3.813572474888393,0.06322343617251636,False,55.73311707929844,1.775156447439116,-0.20510308774786745,62.730985092277336
2023-05-23,169.17999267578125,170.1300048828125,165.50999450683594,166.61000061035156,166.07650756835938,1166500.0,-0.0256155731196775,-0.0259493644199011,4.6200103759765625,47.25347441649127,PWR,1166500.0,193728246.0784912,1.3405380064902255,46.637335009428035,-2.561557311967755,2.781856653672045,-0.740717265411407,음봉,169.6470489501953,169.29916229248047,164.27973251342775,True,True,0,3.9471446446010043,0.0632347896992732,False,47.25347441649127,1.3070409245702024,-0.5385748884934252,34.904435555633356
2023-05-24,169.07000732421875,169.07000732421875,165.63999938964844,166.55999755859375,166.02664184570312,698900.0,-0.0003002575342314,-0.0003003026205501,3.4300079345703125,52.283831583059374,PWR,698900.0,116036019.98596191,0.836136552240138,-40.08572653236177,-0.030025753423146284,2.0659382713757415,1.8024823617074253,음봉,169.00909118652345,169.42326126098632,164.3667984008789,False,True,0,3.5585741315569197,0.055657752940148006,False,52.283831583059374,0.9214108028562578,-0.7393640081658956,4.792647470975742
2023-05-25,167.11000061035156,173.0399932861328,166.58999633789062,172.85000610351562,172.29652404785156,1080400.0,0.03776431380197,0.0370687009678793,6.449996948242188,53.28896753346669,PWR,1080400.0,186149164.58129883,1.3021549151349117,54.58577765059378,3.7764313801970095,3.743544441123399,0.6525210367473776,양봉,169.20047302246093,169.61663970947265,164.58742090861003,False,True,0,3.7521460396902904,0.05559429802246872,True,53.28896753346669,1.1089400762961361,-0.44146778778081397,62.95482661880483
2023-05-26,173.99000549316406,176.35000610351562,173.0800018310547,174.0,173.44284057617188,811300.0,0.0066531610817752,0.0066311264847394,3.270004272460937,59.838544666426245,PWR,811300.0,140714176.55944824,0.9788607640996865,-24.90744168826361,0.6653161081775272,1.8853498141509228,0.9828877597334307,음봉,169.65700073242186,169.8339416503906,164.82050654093425,False,True,0,3.760717119489397,0.05552316531043921,False,59.838544666426245,1.3346712805233665,-0.17258926684286702,73.18115851246672
2023-05-30,175.6699981689453,181.8300018310547,175.6699981689453,181.1699981689453,180.5899200439453,1711000.0,0.0412071172498735,0.0403807297371479,6.160003662109375,66.36629238947819,PWR,1711000.0,308989353.1951904,2.0441783595067102,110.89609269074323,4.120711724987358,3.41104512400824,1.2840873600633427,양봉,171.68648681640624,170.4300277709961,165.12173283894856,True,True,1,3.9564317975725447,0.09252699696381214,False,66.36629238947819,2.066453676928063,0.4473545036494635,92.40146304794175
2023-05-31,178.7899932861328,180.8600006103516,176.60000610351562,177.5800018310547,177.01138305664062,1767200.0,-0.0198158179949018,-0.0200147841546544,4.259994506835966,58.98333857305703,PWR,1767200.0,312814516.1376953,2.0793888852572304,3.284628872004669,-1.981581799490184,2.4066217851497385,-0.9966928150665886,음봉,173.8734619140625,170.90151290893556,165.35916595458986,True,True,1,4.037145342145649,0.09227173237788742,False,58.983338573057026,2.330770795614825,0.5693372978689801,70.47416291741932
2023-06-01,177.0,177.8699951171875,175.22000122070312,176.0500030517578,175.48629760742188,986400.0,-0.0086157478851557,-0.0086530780136084,2.649993896484375,56.26403659759969,PWR,986400.0,173099683.95996094,1.1553636865619197,-44.18288818469895,-0.8615747885155733,1.5100859341238382,-0.006430691882104902,음봉,175.76539306640626,171.2917594909668,165.57782236735025,True,True,0,4.046430315290181,0.09206151369436417,False,56.26403659759969,2.3896361286013246,0.5025621046843838,61.12928078029224
2023-06-02,176.58999633789062,180.3999938964844,176.5500030517578,180.0800018310547,179.50338745117188,756500.0,0.0228911880786075,0.0226331157977193,3.849990844726591,58.33556238722454,PWR,756500.0,135794312.60681152,0.886686722443307,-23.30697485806975,2.289118807860757,2.144801220408087,0.6289372706111904,양봉,177.2067657470703,172.0259017944336,165.87239761352538,True,True,1,3.9821439470563655,0.08465747335912774,False,58.33556238722454,2.7289749823958402,0.6735207667831196,85.74379083500693
2023-06-05,180.0800018310547,180.0800018310547,176.5,179.22999572753906,178.65611267089844,596100.0,-0.0047201046860684,-0.0047312795584369,3.5800018310546875,55.93128840808231,PWR,596100.0,106496908.76312256,0.7009420104559988,-21.20290812954395,-0.4720104686068427,2.00385073733771,0.3212275757412444,음봉,178.24942016601562,172.4325958251953,166.18406829833984,True,True,1,4.080000741141187,0.08445780293771027,False,55.93128840808231,2.8961504553766133,0.6725569918111138,80.55215848190078
2023-06-06,178.52000427246094,182.0800018310547,178.52000427246094,181.6199951171875,181.03846740722656,619700.0,0.0133348627187284,0.0132467360107847,3.55999755859375,67.27478023636809,PWR,619700.0,112189538.2522583,0.7285241643387766,3.959067270592187,1.3334862718728413,1.9664315598661792,-0.07618457404154126,양봉,178.33912963867186,173.06755676269532,166.58858057657878,True,True,1,4.002857753208709,0.08673968617993014,False,67.27478023636809,3.184169218525909,0.7684606039683275,93.7143393877333
2023-06-07,181.4600067138672,184.72999572753903,181.4600067138672,183.92999267578125,183.341049194336,764100.0,0.012718743259851,0.0126385393904669,3.2699890136718466,69.26836213582656,PWR,764100.0,140090895.68939212,0.8984177286063022,23.30159754720025,1.2718743259851006,1.783555307467318,0.2328451586437802,양봉,179.60506286621094,173.7119873046875,167.0560447692871,True,True,1,4.022856576102122,0.09967307160134971,False,69.26836213582658,3.5572198539418878,0.9132089915074446,92.77343160776225
2023-06-08,183.1199951171875,183.9499969482422,181.69000244140625,183.3699951171875,182.78282165527344,508900.0,-0.0030447493429081,-0.0030493940225081,2.259994506835937,66.30671697351755,PWR,508900.0,93018177.94036865,0.5992609401051207,-33.398769794529514,-0.3044749342908215,1.2364370384314693,-0.12056987680603032,음봉,181.06436767578126,174.30707550048828,167.44994405110677,True,True,1,3.86999947684152,0.09933278553907221,False,66.30671697351752,3.764426903029886,0.8963328324763538,89.86902211968555
2023-06-09,182.9900054931641,183.57000732421875,181.6999969482422,182.8300018310547,182.24459838867188,347100.0,-0.0029446053066006,-0.0029489491862429,1.8700103759765625,65.63551575267012,PWR,347100.0,63257100.10070801,0.4193009637251255,-31.794065631754766,-0.29446053066006783,1.0260992054142553,0.11334973167303437,음봉,181.61260986328125,174.867276763916,167.9079350789388,True,True,1,3.7614288330078147,0.09901456504071154,False,65.6355157526701,3.8409339669108817,0.7782719170858794,87.06869312687672
2023-06-12,183.19000244140625,186.4900054931641,182.1499938964844,185.3800048828125,184.786376953125,679200.0,0.0139470721597592,0.013850706725571,4.340011596679688,69.24306409912609,PWR,679200.0,125506907.2265625,0.8239337765942083,95.67847882454623,1.394707215975921,2.348664262074159,0.5187555961017389,양봉,182.83866271972656,175.44192962646486,168.37723821004232,True,True,1,3.8264290945870556,0.10692845859232973,False,69.24306409912606,4.059867033874781,0.7977639872398226,91.8797538230591
2023-06-13,185.25,186.13999938964844,184.2400054931641,185.0,184.4076385498047,787600.0,-0.0020496013264894,-0.0020517046337405,1.8999938964843464,77.5382500846996,PWR,787600.0,145239456.12182617,0.9567725787977771,15.959952885747942,-0.20496013264894586,1.0303227737343414,0.25089676767276403,음봉,183.5124969482422,175.94979858398438,168.8752649943034,True,True,1,3.6321422031947543,0.10661981575652374,False,77.53825008469954,4.15491674893633,0.7142509618410973,90.01263149266761
2023-06-14,184.97999572753903,186.5,183.63999938964844,185.08999633789065,184.497314453125,828300.0,0.000486291696079,0.0004861734945909,2.8600006103515625,77.71472896898403,PWR,828300.0,152819125.56152344,1.0168121262429342,5.16759776536313,0.04862916960790553,1.5501583959793623,0.3103760680606323,음봉,183.74375,176.7173309326172,169.33842137654622,True,True,1,3.5914273943219865,0.10615673634509008,False,77.71472896898399,4.189190053606268,0.5988194132088283,89.94131000243712
2023-06-15,184.4900054931641,186.6100006103516,184.07000732421875,185.8000030517578,185.2050628662109,660300.0,0.0038360905966776,0.0038287515639533,2.539993286132841,73.2496539927423,PWR,660300.0,122290903.01055907,0.8135574326108257,-20.282506338283234,0.3836090596677666,1.3714491638750126,-0.003961553577391533,양봉,184.2281982421875,177.51676254272462,169.74147466023763,True,True,1,3.3121414184570335,0.1080372396713349,False,73.24965399274224,4.224760863111129,0.5075121781709515,89.61612807910623
2023-06-16,186.9100036621093,188.6100006103516,185.88999938964844,185.9499969482422,185.35459899902344,1752600.0,0.0008074084503864,0.0008070826715294,2.7200012207031534,72.2533795590766,PWR,1752600.0,324852470.2056885,2.153272799606843,165.42480690595184,0.08074084503864043,1.4674581776724536,0.9205692163664023,음봉,184.8501983642578,178.21751174926757,170.19783045450848,True,True,1,3.2728554861886203,0.1084515038034681,False,72.25337955907655,4.216413116330898,0.39933154511257607,75.68781359433939
2023-06-20,184.6100006103516,186.6999969482422,183.58999633789065,185.75,185.1552276611328,647400.0,-0.0010756212091164,-0.0010762001047613,3.110000610351534,61.519116392387296,PWR,647400.0,119869494.38781738,0.8009213712171644,-63.06059568640876,-0.10756212091164175,1.679672051195547,-0.4017156265304049,양봉,184.92396850585936,178.91726303100586,170.64405568440756,True,True,1,3.0549981253487744,0.10802734641637589,False,61.519116392387254,4.145918300687555,0.2630693835753859,74.19885655939915
2023-06-21,185.6000061035156,191.3099975585937,185.3999938964844,190.94000244140625,190.32858276367188,1015300.0,0.0279406375282431,0.0275574197705381,5.910003662109318,81.09890720741386,PWR,1015300.0,193240610.07995605,1.2498954575831358,56.827309236947784,2.794063752824316,3.1051582354541316,0.2402192193011197,양봉,186.1081573486328,179.91156768798828,171.14644826253254,True,True,1,3.1728559221540116,0.13507714501223403,True,81.09890720741379,4.456129683497892,0.45862461310857805,93.90046601433544
2023-06-22,190.0599975585937,191.83999633789065,188.44000244140625,189.3099975585937,188.703842163086,624100.0,-0.0085365034352371,-0.0085731480744454,3.3999938964844034,80.72319069322033,PWR,624100.0,117770067.89398196,0.7702327057454557,-38.53048360090614,-0.8536503435237042,1.8017618812159544,-0.14111658962525878,음봉,186.94946289062503,181.0429344177246,171.5940315246582,True,True,1,3.226427350725442,0.13423302597325512,False,80.72319069322036,4.518781748234204,0.4170213422759117,79.55570454043603
2023-06-23,187.5,189.3999938964844,186.5200042724609,186.6100006103516,186.0124664306641,2264000.0,-0.0142624320817795,-0.0143651181038584,2.8799896240234943,66.12356870770006,PWR,2264000.0,421132223.9990235,2.7166499374320274,262.7623778240666,-1.4262432081779797,1.5482777468019902,-0.6379531806488509,음봉,187.11094360351564,182.04222564697267,171.98297729492188,True,True,0,3.1571415492466497,0.0990542642056529,False,66.1235687077,4.301675395817512,0.15993199188737517,62.01087810671613
2023-06-26,188.0599975585937,191.6199951171875,188.0399932861328,190.509994506836,189.8999786376953,729300.0,0.0208992025192047,0.0206838100378647,3.5800018310546875,74.2061562800574,PWR,729300.0,138494054.4204712,0.8831928492479215,-67.78710247349824,2.089920251920474,1.8852039145748771,1.10074941062771,양봉,188.02001953125003,182.92239837646486,172.40051549275717,True,True,1,3.1571415492466497,0.09231095993366634,False,74.20615628005734,4.392670818321761,0.2007419315133001,85.43529387505868
2023-06-27,190.5599975585937,194.8800048828125,190.5599975585937,194.6600036621093,194.0366973876953,623200.0,0.0217836714868322,0.0215497976408913,4.320007324218778,76.01770733179318,PWR,623200.0,120923669.81201172,0.7575847038188355,-14.548196901138077,2.1783671486832246,2.2263867517736657,0.3475613455215873,양봉,189.79631347656252,183.95209121704102,172.8693977355957,True,True,1,3.211427961077011,0.10084364715585771,False,76.0177073317931,4.743899259676141,0.4415762982941436,93.7160386722805
2023-06-28,194.9900054931641,195.13999938964844,193.22999572753903,193.72000122070312,193.09971618652344,659000.0,-0.0048288865652034,-0.0048405833079542,1.910003662109404,70.66289902983132,PWR,659000.0,127252712.96691895,0.8048628706911426,5.744544287548137,-0.48288865652034163,0.9891281560789285,0.4913029948989596,음봉,190.35054016113284,184.57758102416992,173.32067133585613,True,True,1,3.114286150251122,0.10050191186460676,False,70.66289902983124,4.890271768795628,0.4703590459309046,84.83060471332189
2023-06-29,193.3600006103516,195.1199951171875,192.47999572753903,194.8500061035156,194.2261199951172,853300.0,0.0058332753192951,0.0058163276438525,2.639999389648466,73.66062132682826,PWR,853300.0,165733148.1918335,1.038107928047968,29.484066767830043,0.5833275319295117,1.3592401422192006,0.1347927531787428,양봉,191.45499572753906,185.43831787109374,173.8048324584961,True,True,1,3.1414293561663027,0.10105690454290132,False,73.66062132682826,5.039077066725298,0.4953314750884594,93.20030335920364
2023-06-30,195.72000122070312,197.0200042724609,193.5599975585937,196.4499969482422,195.9013519287109,723700.0,0.0086251629473721,0.0085881787404896,3.4600067138671875,76.9691987727481,PWR,723700.0,141773808.39080808,0.8799565359205912,-15.188093284893945,0.8625162947372145,1.7661984870458285,0.7691453783988957,양봉,193.43277282714843,186.4590705871582,174.36905364990236,True,True,1,3.2550005231584924,0.09248806831176055,False,76.9691987727481,5.23187376987164,0.5505025425878411,92.47712465919152
2023-07-03,195.8699951171875,196.2100067138672,193.3699951171875,195.7100067138672,195.1634826660156,398900.0,-0.0037665348167879,-0.0037736460711918,2.8400115966796875,72.06462154207138,PWR,398900.0,77850713.23547362,0.48994691252361444,-44.8804753350836,-0.3766534816787903,1.4551962067308544,-0.016006429365949405,음봉,194.4854736328125,187.2420753479004,174.96647415161132,True,True,1,3.147857666015635,0.09210130375755765,False,72.06462154207138,5.264441459131717,0.466456185478334,86.17631787345091
2023-07-05,194.1499938964844,195.88999938964844,193.5399932861328,195.1499938964844,194.60501098632807,575100.0,-0.0028615582795437,-0.0028656603648771,2.350006103515625,71.51799082347252,PWR,575100.0,111917341.81823727,0.7076951023708791,44.17147154675358,-0.2861558279543708,1.207577385394626,-0.5193024615499316,양봉,194.59913635253903,188.03952026367188,175.56621653238932,True,True,1,3.180001395089298,0.07904128079375752,False,71.51799082347252,5.185413372746439,0.3099424792744436,82.0179310548552
2023-07-06,194.0399932861328,195.5200042724609,192.0,192.52999877929688,191.99234008789065,729200.0,-0.0134255068006494,-0.0135164437506846,3.520004272460909,64.29367101573617,PWR,729200.0,140000814.39208987,0.899105192700627,26.795339940879835,-1.3425506800649467,1.8334087031021729,-0.2903407765974489,음봉,194.37766113281248,188.58721389770508,176.08237686157227,True,True,0,3.227144513811394,0.0724161159061761,False,64.29367101573617,4.855985559631904,-0.015588267072073059,62.5639522399051
2023-07-07,192.32000732421875,195.5200042724609,192.259994506836,193.6000061035156,193.0593719482422,737300.0,0.0055576793317018,0.0055422924159614,3.260009765624943,64.77636516459151,PWR,737300.0,142342674.93743896,0.9155088919854858,1.1108063631376952,0.5557679331701815,1.6886047710229262,0.1706668277380735,양봉,194.14431152343747,189.0731300354004,176.57993748982747,True,True,0,3.278574262346542,0.07223000718019564,False,64.77636516459151,4.6276673295601825,-0.19512519771503634,70.5090842573247
2023-07-10,195.32000732421875,200.6000061035156,194.8699951171875,199.7899932861328,199.2320709228516,1021700.0,0.0319730604752213,0.0314725625279736,5.730010986328097,71.28418321162363,PWR,1021700.0,203555406.86187747,1.2601455389777816,38.57317238573172,3.1973060475221304,2.876048499514379,1.1709534497929592,양봉,194.81045532226562,189.8955924987793,177.15927759806314,True,True,1,3.493574959891181,0.08945690792843923,True,71.28418321162363,4.888457610759872,0.052532066787722265,91.95805764069326
2023-07-11,199.509994506836,200.4900054931641,198.6600036621093,199.9499969482422,199.3916015625,902600.0,0.0008007277086938,0.0008004072972922,1.8300018310547443,71.86135561750822,PWR,902600.0,179970859.5703125,1.1140917506685868,-11.657042184594301,0.08007277086938824,0.9177928341586548,0.13949741258877116,음봉,195.6560791015625,190.7529426574707,177.74061228434246,True,True,1,3.4021464756557003,0.07855167424390178,False,71.86135561750822,5.049797652916652,0.17109768715560136,92.0499765095148
2023-07-12,201.0,202.4900054931641,198.2400054931641,198.42999267578125,197.87583923339844,715400.0,-0.0076019366774906,-0.007630978675354,4.25,63.0561818870049,PWR,715400.0,141560375.38757324,0.8837276789653354,-20.74008420119654,-0.760193667749065,2.1478114844465885,0.806653051029254,음봉,196.31024475097655,191.40741577148438,178.28040262858073,True,True,1,3.2835747855050363,0.07828308507432241,False,63.0561818870049,4.997740603818642,0.09523251044607228,71.10728924814393
2023-07-13,198.4900054931641,199.32000732421875,196.759994506836,198.2700042724609,197.71632385253903,534400.0,-0.000806138745778,-0.0008064638503481,2.560012817382784,66.4234924328286,PWR,534400.0,105659603.46679686,0.664687115014057,-25.300531171372654,-0.08061387457780622,1.2947908232868353,0.31037961084335935,음봉,197.45504150390624,192.0728500366211,178.8037452697754,True,True,1,3.223576136997776,0.07754498934407032,False,66.42349243282854,4.887275983928959,-0.012185687554889135,70.10844536169131
2023-07-14,198.6000061035156,198.6000061035156,194.6300048828125,196.1300048828125,195.5822906494141,687600.0,-0.0107934092721476,-0.0108520806722228,3.9700012207030966,67.80072614319882,PWR,687600.0,134482383.05053714,0.8577997184152839,28.667664670658688,-1.079340927214767,2.029836754401971,0.4469445080496394,음봉,197.95962524414062,192.62709884643556,179.2759043375651,True,True,0,3.3014341081891763,0.07390639212563016,False,67.80072614319882,4.5747979095902735,-0.2597310095148595,52.19578540986455
2023-07-17,196.3500061035156,199.9499969482422,195.4600067138672,199.3099975585937,198.7534027099609,516100.0,0.0162136973138897,0.0160836590414758,4.489990234375,66.91907439612856,PWR,516100.0,102576631.13861082,0.6429308708376177,-24.941826643397324,1.6213697313889774,2.2590759067039485,0.39252810239228353,양봉,197.8638916015625,193.30451583862305,179.8304870605469,True,True,1,3.366433279854913,0.07364739431774155,False,66.91907439612856,4.530810660626798,-0.2429746067826679,68.6789581055066
2023-07-18,199.1600036621093,200.6300048828125,198.5,199.6100006103516,199.0525817871093,812600.0,0.0015052777616342,0.0015041459666991,2.1300048828125,61.2330327797708,PWR,812600.0,161750127.96020502,1.0050770390613957,57.450106568494476,0.15052777616340052,1.070071467392763,0.20457559297323316,음봉,197.79608764648438,193.98941497802736,180.36879119873046,True,True,1,3.2100045340401766,0.07338737478526704,False,61.233032779770696,4.468580683568945,-0.2441636670724172,67.2314403620205
2023-07-19,198.63999938964844,200.42999267578125,197.47999572753903,199.9499969482422,199.3916015625,542000.0,0.0017031669338167,0.0017017181897499,2.949996948242216,64.47839573146379,PWR,542000.0,108070248.046875,0.672618179955797,-33.30051685946345,0.1703166933817002,1.4794990988211352,-0.20727307013888285,양봉,198.0992401123047,194.70123367309571,180.9374994913737,True,True,1,3.2842897687639487,0.0687162319387228,False,64.47839573146379,4.395945319710677,-0.2534392247445485,70.46327637594474
2023-07-20,200.9199981689453,200.9199981689453,199.0,199.97999572753903,199.4215240478516,522000.0,0.0001500689352866,0.0001500576760704,1.9199981689453125,62.59061548269354,PWR,522000.0,104098035.55297853,0.6466824243806707,-3.690036900369009,0.015006893528668463,0.9627838209102269,0.7665300817428016,음봉,198.44028015136718,195.1558807373047,181.46567103068034,True,True,1,3.232861110142295,0.06870947248183187,False,62.59061548269354,4.291328007032519,-0.2864452299381659,70.74852394203126
2023-07-21,200.58999633789065,203.47999572753903,200.58999633789065,201.4900054931641,200.9273223876953,671500.0,0.0075508315716332,0.0075224667388194,2.8899993896483807,62.28086005020007,PWR,671500.0,134922696.9833374,0.8292918640027601,28.639846743295028,0.7550831571633276,1.4383307134666532,0.5859308796369871,양봉,199.50928649902343,195.76705474853514,182.03638381958007,True,True,1,3.192146301269521,0.07618675152563087,False,62.28086005020007,4.280579518431381,-0.23775497483144292,77.76416123814239
2023-07-24,203.0,204.1699981689453,201.5500030517578,203.8099975585937,203.2408447265625,598700.0,0.0115142247026174,0.0114484405051465,2.6199951171875,68.3257633455655,PWR,598700.0,121680293.73779297,0.7383371309107138,-10.84139985107967,1.1514224702617426,1.2891085552770685,1.03155588183542,양봉,200.40677490234376,196.62847366333008,182.69798685709637,True,True,1,3.1764308384486504,0.06784808853121445,False,68.3257633455655,4.4079312935004396,-0.08832255980990755,92.36521296483205
2023-07-25,203.1699981689453,206.42999267578125,202.9199981689453,205.3999938964844,204.82638549804688,615200.0,0.0078012900094837,0.0077710172888279,3.509994506835937,72.15743478807393,PWR,615200.0,126009192.35839844,0.757188460952366,2.755971271087354,0.7801290009483708,1.713643727247927,-0.03485842509290074,양봉,201.56153564453126,197.37479400634766,183.3046106974284,True,True,1,3.25928715297153,0.0650237304857857,False,72.15743478807393,4.583957374900905,0.070162817272446,88.88698550467176
2023-07-26,204.69000244140625,205.3999938964844,201.57000732421875,202.6499938964844,202.0841064453125,734100.0,-0.0133883095484322,-0.013478741021434,3.829986572265653,71.75423523653646,PWR,734100.0,148349942.5415039,0.9011170365116818,19.32704811443433,-1.3388309548432287,1.8952438366557613,-0.06658471090479966,음봉,202.10003662109375,197.77716445922852,183.85439910888672,True,True,0,3.281428745814726,0.0648914420694,False,71.75423523653646,4.450873413103039,-0.05033691562033571,69.33036844003885
2023-07-27,203.47999572753903,203.63999938964844,200.8600006103516,201.6300048828125,201.06695556640625,602200.0,-0.0050333046808977,-0.0050460144248488,2.7799987792968466,67.29868443172795,PWR,602200.0,121082520.64208984,0.7388640471145457,-17.96757934886255,-0.5033304680897799,1.3826234009788338,0.6907466929391036,음봉,202.4291229248047,198.17552642822267,184.3943784077962,True,True,0,3.2471422467912925,0.06476100072227936,False,67.29868443172795,4.214742906675127,-0.22917393763859817,54.550485954140825
2023-07-28,202.58999633789065,204.6100006103516,199.5500030517578,200.47999572753903,199.920150756836,1089400.0,-0.0057035966270028,-0.0057199242479524,5.059997558593778,51.89876189305223,PWR,1089400.0,217793012.23449713,1.3289018661730478,80.90335436731984,-0.5703596627002705,2.5310092751722073,0.7574794014232685,음봉,202.22768859863282,198.4602279663086,184.93335291544597,True,True,0,3.19928414481027,0.06466809769227405,True,51.8987618930523,3.8902261102012403,-0.4429525872899882,44.83179107334102
2023-07-31,201.3999938964844,202.1499938964844,200.02999877929688,201.6199951171875,201.05694580078125,821500.0,0.0056862454316972,0.0056701397631554,2.1199951171875284,54.36035362252141,PWR,821500.0,165168280.9753418,1.0002918472189473,-24.59151826693593,0.5686245431697046,1.0544252071192513,0.7402170986997457,음봉,201.79090881347656,198.7180076599121,185.4896125793457,True,True,0,3.2199979509626075,0.06458420935922692,False,54.360353622521416,3.682326502677995,-0.5206817558505872,54.46565734414036
2023-08-01,200.9600067138672,202.4499969482422,199.6600036621093,201.88999938964844,201.32620239257807,1094800.0,0.0013392056202008,0.0013383096841601,2.789993286132841,59.66492080358137,PWR,1094800.0,220411926.37939447,1.3240141745403449,33.26841144248327,0.1339205620200845,1.3858073380297125,-0.04821474161360996,양봉,201.09087219238282,199.02614364624023,186.09804026285806,True,True,1,3.1157117571149575,0.06448421888215924,False,59.664920803581396,3.498957518320992,-0.5632405921660721,56.74749522839021
2023-08-02,200.63999938964844,202.47000122070312,199.8500061035156,202.32000732421875,201.7550201416016,1235000.0,0.0021299649222377,0.0021276997628558,2.6199951171875284,61.14477768551774,PWR,1235000.0,249167449.87487796,1.4780500871005673,12.805991962002183,0.21299649222377148,1.2986021935655863,-0.34084137820846694,양봉,201.02505493164062,199.3836441040039,186.61858673095702,True,True,1,3.1199962071010128,0.06436859687177568,False,61.14477768551778,3.3496258835666026,-0.5700577815363692,60.38154770833465
2023-08-03,200.2700042724609,204.2100067138672,194.0,203.33999633789065,202.7721405029297,1349600.0,0.0050413633356642,0.0050286982120151,10.210006713867188,71.14373254453166,PWR,1349600.0,273661280.8227539,1.6006415759273485,9.27935222672065,0.5041363335664295,5.035211784293253,-0.7360490302042668,양봉,201.3660919189453,199.92263412475586,187.19246826171874,True,True,1,3.565710885184162,0.05885783568888867,True,71.14373254453173,3.275593595889859,-0.5152720553704908,70.57237065007635
2023-08-04,204.0599975585937,204.3600006103516,198.19000244140625,200.27999877929688,199.720703125,1009500.0,-0.0150486026845764,-0.0151629818544266,6.169998168945341,52.8647775123575,PWR,1009500.0,201618049.8046875,1.2022514390495185,-25.200059276822763,-1.5048602684576418,3.089313262172775,0.6351252457412405,음봉,201.32620239257812,200.25570068359374,187.68027267456054,True,True,0,3.6857114519391865,0.046161456663041806,True,52.86477751235751,2.9368428834206384,-0.6832182142717698,46.02338291112824
2023-08-07,200.32000732421875,202.3000030517578,199.3500061035156,202.1199951171875,201.55555725097656,552200.0,0.0091871002718639,0.0091451555705566,2.949996948242216,56.79479861448832,PWR,552200.0,111298978.71398926,0.6614229817136469,-45.29965329370975,0.9187100271863979,1.4636147911163202,0.30007114427374165,양봉,201.4259246826172,200.371875,188.1915143330892,True,True,1,3.7442823137555945,0.04613469254920524,False,56.79479861448847,2.7843417383056135,-0.6685754875094361,60.78488900237168
2023-08-08,202.2899932861328,203.8600006103516,201.38999938964844,202.6999969482422,202.1339263916016,630800.0,0.002869527134421,0.0028654179005951,2.4700012207031534,57.349055284445214,PWR,630800.0,127506080.76782228,0.7583148558758315,14.233973198116633,0.28695271344210127,1.2219627178853332,0.3643839173542269,음봉,201.58746948242188,200.50899124145508,188.70973688761393,True,True,1,3.7099969046456613,0.04610314376127376,False,57.34905528444524,2.679268103199206,-0.6189192980926745,65.43790172499322
2023-08-09,202.5,204.6600036621093,202.07000732421875,203.44000244140625,202.8718719482422,501600.0,0.0036507753538164,0.0036441274485672,2.5899963378905966,58.90840326202573,PWR,501600.0,101760530.96923828,0.6074915655007354,-20.481927710843372,0.36507753538164156,1.2766660616959822,0.18110448598777082,양봉,201.81083984375,200.75879287719727,189.20271275838215,True,True,1,3.7578539167131777,0.04604577820054602,False,58.90840326202575,2.6252799365863098,-0.5383259717644573,71.37471581562757
2023-08-10,203.97999572753903,204.8000030517578,198.8999938964844,200.42999267578125,199.8702850341797,676000.0,-0.014795480936994,-0.0149060257964102,5.900009155273409,47.4665332531682,PWR,676000.0,135112312.68310547,0.8192599574865101,34.76874003189791,-1.479548093699401,2.951919118074231,0.5462185411191737,음봉,201.23046875,200.8664909362793,189.62971318562825,True,True,0,3.9728546142578227,0.046021089956538745,False,47.46653325316819,2.313620964624363,-0.6799879549811236,47.22677790162679
2023-08-11,200.4900054931641,201.5399932861328,199.6300048828125,200.1699981689453,199.61099243164065,522100.0,-0.0012973044116822,-0.0012981466395466,1.9099884033203125,40.34985947854536,PWR,522100.0,104216899.14855959,0.6347487620466467,-22.766272189349113,-0.12973044116822985,0.956855321469539,0.3100613274646731,음봉,201.20852661132812,201.06792602539062,190.13745193481446,True,True,0,3.922139848981595,0.03020363768669438,False,40.34985947854533,2.0223933463362584,-0.7769724586153828,45.14075412589084
2023-08-14,200.2100067138672,203.6100006103516,199.3000030517578,203.5399932861328,202.9716033935547,554400.0,0.0168358010797673,0.0166956498324384,4.309997558593778,45.49423485950966,PWR,554400.0,112527456.92138672,0.6784905337834951,6.186554299942548,1.6835801079767343,2.123448544788232,0.30009082913190477,양봉,201.49173583984376,201.27883605957032,190.70003814697264,True,True,1,3.9792829241071552,0.02868559767122647,False,45.494234859509646,2.039259268042855,-0.6080852295270294,78.69831751683132
2023-08-15,202.8699951171875,204.1300048828125,202.009994506836,203.1999969482422,202.632553100586,668900.0,-0.0016704321555331,-0.0016718288829686,2.120010375976534,51.50845444587611,PWR,668900.0,135540914.76898196,0.8183645409738648,20.652958152958156,-0.1670432155533086,1.046233857066461,-0.050060340790712816,음봉,201.59146118164065,201.45783462524415,191.22158711751302,True,True,1,3.8571417672293586,0.02697727763061073,False,51.50845444587619,2.002187140390504,-0.5161258857435045,79.93102464152506
2023-08-16,203.3500061035156,204.2899932861328,200.6300048828125,200.7700042724609,200.2093505859375,483800.0,-0.0119586042695005,-0.0120306835993361,3.659988403320313,47.810572700953294,PWR,483800.0,96861283.81347656,0.5974256094429603,-27.67229780236209,-1.1958604269500683,1.8280806528810478,0.3540660135558088,음봉,201.0589569091797,201.49872207641602,191.70573959350585,False,True,0,3.9199981689453205,0.026823303862669432,False,47.81057270095328,1.7570211743617108,-0.6090334814178382,57.49397066074776
2023-08-17,200.77999877929688,202.5200042724609,199.9100036621093,200.4100036621093,199.8503570556641,826600.0,-0.0017930907283939,-0.0017947002398619,2.6100006103515625,49.81435211567154,PWR,826600.0,165196305.14221194,1.023596912450639,70.8557255064076,-0.17930907283939534,1.3059774567351206,0.28502574514591966,음봉,201.05497131347659,201.52016372680663,192.19587071736655,False,True,0,3.7449983869280237,0.025880254213551234,False,49.81435211567146,1.516278883184981,-0.6798206180756545,54.16995743081651
2023-08-18,198.52999877929688,203.6300048828125,197.3099975585937,203.07000732421875,202.50289916992188,696900.0,0.0132726413569477,0.0131853315585905,6.320007324218778,53.55916823287799,PWR,696900.0,141124270.43151855,0.8652093030588476,-15.690781514638275,1.3272641356947723,3.1209465889748254,-0.6606734637954428,양봉,201.63335266113282,201.59894256591798,192.80297724405924,True,True,1,4.044999258858829,0.025870140984003,True,53.55916823287799,1.521982397694586,-0.5392936828528394,78.73052562274914
2023-08-21,203.4600067138672,204.259994506836,201.2100067138672,203.57000732421875,203.00152587890625,478300.0,0.0024623188656967,0.0024592923257846,3.0499877929687784,54.07771100893595,PWR,478300.0,97095629.82788086,0.5959252366760341,-31.367484574544413,0.24623188656967,1.5024457475202302,0.4726389339948144,음봉,201.63933715820312,201.58697662353515,193.4192253112793,True,True,1,4.063570295061394,0.025871676602134863,False,54.07771100893595,1.5488829240505027,-0.40991452519753824,83.3474382902249
2023-08-22,204.5399932861328,207.67999267578125,203.7700042724609,206.6300048828125,206.052963256836,681300.0,0.0150315982341431,0.0149197432743485,3.909988403320341,59.27677575147585,PWR,681300.0,140383883.86688235,0.850769166731086,42.44198201965295,1.5031598234143129,1.8975647530226059,0.757860021280965,양봉,202.32341918945315,201.64830551147463,193.98183263142903,True,True,1,4.155712672642309,0.03194656562501472,False,59.27677575147592,1.7957272534912363,-0.13045615660544385,88.1065037276978
2023-08-23,206.6999969482422,209.4100036621093,205.5800018310547,208.25,207.66845703125,552400.0,0.007840187051328,0.007809612487718,3.830001831054659,60.30220353533964,PWR,552400.0,114716055.6640625,0.698306064217864,-18.919712314692504,0.7840187051328051,1.844286747157881,0.3140132911360726,양봉,203.81524047851565,201.92752304077152,194.552259572347,True,True,1,3.699998038155696,0.03990275559405763,False,60.302203535339636,2.0975309778953317,0.13707805423892117,85.60705989765334
2023-08-24,208.5200042724609,208.5200042724609,201.5200042724609,201.5599975585937,200.99713134765625,697100.0,-0.0321248868459105,-0.0326522153654389,7.0,52.33066643485937,PWR,697100.0,140115100.26245117,0.8812576753593874,26.194786386676316,-3.2124886845910527,3.4826367685280024,0.41005131611430423,음봉,204.04459533691409,201.924031829834,194.8923797607422,True,True,0,3.7592838832310287,0.03990344550171995,True,52.33066643485937,1.7778978757839923,-0.14604403829793489,30.472164704043237
2023-08-25,202.7400054931641,206.759994506836,202.6300048828125,205.2700042724609,204.69679260253903,634200.0,0.0184065375962187,0.0182391877182817,4.129989624023466,55.369974843567874,PWR,634200.0,129818705.86853026,0.8089842595254776,-9.023095682111604,1.8406537596218797,2.0176132569124907,0.8671139402946328,양봉,204.4833740234375,202.16286392211913,195.35380325317382,True,True,1,3.843569074358263,0.039856304186081326,False,55.369974843567874,1.8023418089833,-0.09728008407890187,61.04786213123599
2023-08-28,205.88999938964844,207.8800048828125,205.509994506836,207.67999267578125,207.1000213623047,428400.0,0.0117404319296394,0.0116720477779365,2.370010375976534,57.99101355332939,PWR,428400.0,88721649.15161133,0.5507359347994213,-32.450331125827816,1.1740431929639472,1.1443795902996865,0.5829142567105386,양봉,205.30307312011718,202.46501770019532,195.88069864908854,True,True,1,3.8364268711635026,0.039796823624813155,False,57.99101355332939,1.9926640872377845,0.07443375534046592,80.90924682150823
2023-08-29,206.92999267578125,208.63999938964844,205.6600036621093,208.6000061035156,208.01747131347656,406600.0,0.0044299848215219,0.0044202013219573,2.979995727539091,58.23229975724603,PWR,406600.0,84579903.83605957,0.537004232589049,-5.088702147525681,0.4429984821521904,1.432569922479433,-0.08209979188074834,양봉,205.69597473144532,202.79958114624023,196.35593338012694,True,True,1,3.8642839704241174,0.04145215110564719,False,58.23229975724603,2.1922554513512864,0.219220095563174,88.4914739982806
2023-08-30,209.1499938964844,211.07000732421875,208.97999572753903,209.63999938964844,209.0545654296875,410400.0,0.0049856106300227,0.0049732236274668,2.090011596679716,65.67924981465751,PWR,410400.0,85795993.65234375,0.5578914434291016,0.9345794392523255,0.49856106300227854,0.9997445367356311,0.5444362802108871,음봉,205.97319641113282,203.16455841064453,196.8625742594401,True,True,1,3.592141287667425,0.04648238389571428,False,65.67924981465751,2.406378638188073,0.34667462591996845,85.3529036035557
2023-08-31,210.0,212.42999267578125,209.8300018310547,209.8699951171875,209.283920288086,767100.0,0.0010971052362671,0.0010965038561287,2.5999908447265625,66.53035765599961,PWR,767100.0,160541695.25299075,1.0477417984095463,86.91520467836258,0.10971052362673817,1.2423270938099746,0.45224296746127907,음봉,207.63055419921875,203.49014739990236,197.3333318074544,True,True,1,3.6414271763393,0.04753511646652816,False,66.53035765599965,2.565011965431779,0.4042463625309396,79.19263621904892
2023-09-01,210.9199981689453,212.82000732421875,210.0,212.3600006103516,211.76698303222656,560500.0,0.0118645653269615,0.0117947331811116,2.82000732421875,65.49544986789942,PWR,560500.0,118695393.98956299,0.7688246257282949,-26.932603311171942,1.186456532696134,1.331655805754008,0.7817503985051526,양봉,209.04459228515626,204.09246139526368,197.80709737141927,True,True,1,3.534999302455369,0.05956119357609947,False,65.49544986789942,2.858145509495074,0.5579039252753875,93.21067937477375
2023-09-05,211.8699951171875,211.88999938964844,206.6300048828125,208.8099975585937,208.22686767578125,640800.0,-0.0167170316437221,-0.016858338248834,5.2599945068359375,58.85692391909864,PWR,640800.0,133431776.80664062,0.8781156264750216,14.3264942016057,-1.671703164372218,2.5260882832017573,0.04864407259618049,음봉,209.26996154785155,204.42602691650393,198.2311648050944,True,True,0,3.759283883231043,0.05946400653548347,False,58.85692391909858,2.772834719178718,0.37807450796722497,70.38596546459108
2023-09-06,209.2400054931641,211.07000732421875,207.509994506836,209.08999633789065,208.506088256836,509200.0,0.0013409440586191,0.0013400457960585,3.560012817382784,64.0920723006102,PWR,509200.0,106171300.14038089,0.6994596998914167,-20.53682896379525,0.13409440586193977,1.707390343920108,0.48655479895146997,음봉,209.36768493652343,204.74463500976566,198.66885630289713,True,True,0,3.752142769949789,0.059371473152427696,False,64.09207230061024,2.696670531303539,0.2415282560736367,72.1862259755392
2023-09-07,207.97000122070312,210.1499938964844,205.42999267578125,208.6999969482422,208.1171722412109,667500.0,-0.001865250165482,-0.0018669919107693,4.720001220703153,64.02699069586313,PWR,667500.0,138918212.47100827,0.9188429166994415,31.087981146897103,-0.1865250165482113,2.2679537540672525,-0.2571085768356663,양봉,209.18020629882812,205.00690002441405,199.0577028910319,True,True,0,3.9028570992606126,0.059295519317341346,False,64.02699069586312,2.5752418070061367,0.09607962542098747,69.6787097231185
2023-09-08,209.4100036621093,209.57000732421875,205.6600036621093,206.5,205.9233245849609,621500.0,-0.0105414062310403,-0.0105973604250134,3.9100036621094034,55.89548913983992,PWR,621500.0,127981346.22955321,0.8534222330719233,-6.8913857677902595,-1.0541406231040384,1.8987667715593095,0.621203626291813,음봉,208.50808715820312,205.30955200195314,199.4162976582845,True,True,0,3.7307139805385168,0.059208110300052026,False,55.8954891398399,2.2757500668784587,-0.16272969176535268,40.59705101902658
2023-09-11,207.63999938964844,208.0,204.2400054931641,205.0399932861328,204.46739196777344,613700.0,-0.0070702656929315,-0.0070953784607156,3.759994506835909,52.44587065988885,PWR,613700.0,125481638.45062256,0.8378429332986607,-1.2550281576830247,-0.7070265692931565,1.8389213412711454,0.8336475764207341,음봉,207.0481689453125,205.55237197875977,199.74913228352864,True,True,0,3.7814287458147384,0.05797367289828135,False,52.445870659888854,1.8990282945597414,-0.43156117126725624,26.08306990549024
2023-09-12,204.47999572753903,208.0200042724609,204.22000122070312,204.4900054931641,203.91896057128903,478200.0,-0.0026822438101564,-0.0026858474714595,3.800003051757784,46.11478677915164,PWR,478200.0,97514046.94519041,0.6557100881488737,-22.079191787518326,-0.26822438101564705,1.863486868073419,0.006164190604819318,음봉,206.18658752441405,205.5997398376465,200.06103057861327,True,True,0,3.7735726492745556,0.05796031641855448,False,46.11478677915159,1.5384850476439453,-0.6336835345464418,21.22969602609922
2023-09-13,203.8999938964844,205.6100006103516,198.1999969482422,200.3300018310547,199.77056884765625,826300.0,-0.0203433349797922,-0.0205531105176653,7.410003662109403,36.8351120651942,PWR,826300.0,165070421.03881836,1.1320728866968077,72.79381012128816,-2.034333497979224,3.7092569265096422,-0.009301084485471376,음봉,204.43948364257812,205.456640625,200.30129674275716,False,False,0,4.02928706577847,0.05838903112635915,True,36.83511206519422,0.9075497161506689,-1.0116950928317745,10.742618226829775
2023-09-14,201.759994506836,203.759994506836,200.6000061035156,202.7899932861328,202.22369384765625,568100.0,0.0122797117420772,0.0122049276772646,3.1599884033203693,52.37910329020893,PWR,568100.0,114883280.47485352,0.7827550384375649,-31.247730848360156,1.2279711742077204,1.5626202564082088,0.9958552306555565,양봉,203.2607879638672,205.55735778808594,200.5857711791992,False,True,0,3.755000523158498,0.05836042218901114,False,52.37910329020892,0.5985755992696227,-1.0565353677702567,27.52184708449835
2023-09-15,201.5599975585937,201.5599975585937,198.38999938964844,199.2400054931641,198.68362426757807,1211200.0,-0.0175057111890413,-0.0176607481706705,3.169998168945284,38.2638927356147,PWR,1211200.0,240645605.71289057,1.6489808619884863,113.20190107375461,-1.7505711189041318,1.5955004750044455,-0.32819907323152137,음봉,201.8128479003906,205.49902114868163,200.725021870931,False,False,0,3.6864297049386243,0.06366628264950464,False,38.26389273561472,0.06728177368111687,-1.2702633546870101,3.307982052670576
2023-09-18,199.75,200.33999633789065,197.3699951171875,197.6999969482422,197.1479034423828,602800.0,-0.0077294786163504,-0.0077595058662595,2.9700012207031534,29.89530622712796,PWR,602800.0,118840756.19506836,0.8415897315433267,-50.231175693527085,-0.7729478616350427,1.5064837966035722,0.536720495387071,음봉,200.34895019531248,205.23127136230468,200.86575622558593,False,False,0,3.7292861938476705,0.07123222252049485,False,29.895306227128003,-0.47224846061240555,-1.447834871184426,-1.4374854325591686
2023-09-19,197.38999938964844,198.47000122070312,193.9499969482422,196.1300048828125,195.5822906494141,787600.0,-0.0079413108921357,-0.0079730110401692,4.5200042724609375,25.52023319327488,PWR,787600.0,154040612.11547855,1.096189533589014,30.65693430656935,-0.7941310892135789,2.3110498693172343,0.12279914878038682,음봉,198.6816162109375,204.86030960083008,201.02525329589844,False,False,0,3.8392868041992267,0.07900355327173093,False,25.52023319327492,-1.0144677734083984,-1.592043347184335,8.65020033719737
2023-09-20,196.8699951171875,197.94000244140625,195.1699981689453,195.25,194.70474243164065,472500.0,-0.0044868490641949,-0.0044969451826159,2.770004272460937,21.572517994832268,PWR,472500.0,91997990.79895021,0.6656120030410089,-40.00761808024378,-0.4486849064194942,1.4226691337184376,0.6583952276546602,음봉,197.66845092773437,204.29289855957032,201.1053326924642,False,False,0,3.887857709612171,0.0835185203249279,False,21.57251799483234,-1.4977264344423418,-1.6602416065746226,3.999708894486531
2023-09-21,194.1699981689453,194.1699981689453,186.08999633789065,186.47000122070312,185.9492645263672,1375100.0,-0.0449679745646023,-0.0460104045763477,8.080001831054659,15.445980620501842,PWR,1375100.0,255698833.65020752,1.9051151232599566,191.026455026455,-4.496797456460233,4.345272271786229,-0.2746436763773669,음봉,194.41356506347657,203.20693893432616,200.97054214477538,False,False,0,4.279287065778464,0.1270513627204597,True,15.445980620501828,-2.557722466904522,-2.176190111229442,-0.5264936538763401
2023-09-22,186.44000244140625,189.6000061035156,186.33999633789065,188.4499969482422,187.9237365722656,1121900.0,0.0106183374853758,0.0105623588578695,3.260009765624943,14.152913275060628,PWR,1121900.0,210831640.06042477,1.594366457707829,-18.413206312268194,1.0618337485375884,1.7347514609317671,0.2639095757055156,양봉,192.26158752441407,202.55326919555665,200.8842758178711,False,False,0,4.310715811593192,0.12746137649811742,False,14.152913275060698,-3.2015481129852503,-2.2560126058481362,7.107519447560717
2023-09-25,187.88999938964844,188.3600006103516,184.6499938964844,187.5800018310547,187.05616760253903,726000.0,-0.0046166013168482,-0.0046272907325762,3.710006713867188,15.38963517305892,PWR,726000.0,135802777.67944333,1.0318176485981645,-35.28835012033158,-0.4616601316848268,1.9833650830216352,-0.01795259248912685,음봉,190.2432403564453,201.6712379455566,200.76477661132813,False,False,0,4.20000239780971,0.12801884279021064,False,15.389635173058991,-3.7386928177504615,-2.2345258484906774,9.107390170849632
2023-09-26,186.1600036621093,187.02999877929688,184.1699981689453,184.8500061035156,184.3338165283203,841700.0,-0.0145536557768212,-0.0146605991042529,2.8600006103515625,13.405803127575595,PWR,841700.0,155153773.3718872,1.190387037249052,15.936639118457308,-1.4553655776821217,1.5515333345860407,-0.4790881540639348,음봉,187.99354553222656,200.5329277038574,200.57198435465494,False,False,0,4.150001525878911,0.13680130648877248,False,13.405803127575581,-4.3340941072592045,-2.2639417103995365,0.6305557594890235
2023-09-27,187.4499969482422,190.509994506836,186.4100036621093,190.1199951171875,189.589096069336,1261800.0,0.0285095791970881,0.0281107438225707,4.099990844726619,25.552647367933645,PWR,1261800.0,239223521.42028815,1.7606940589914704,49.91089461803493,2.8509579197088186,2.162566798265269,1.6905093588419886,양봉,186.9704162597656,199.6115089416504,200.47907791137695,False,False,0,4.105715070452021,0.13743278956888902,False,25.5526473679337,-4.331960634431368,-1.8094465900573602,21.33502341382264
2023-09-28,189.8099975585937,192.2100067138672,188.6199951171875,188.9199981689453,188.3924102783203,774700.0,-0.0063119969229559,-0.0063320018004456,3.5900115966796875,26.24322804231494,PWR,774700.0,145947600.24261475,1.0828882878525325,-38.60358218418133,-0.6311996922956142,1.905603092702093,0.11651592514419255,음봉,187.45904541015625,198.57840118408203,200.3755345662435,False,False,0,4.082858494349894,0.13814778616570553,False,26.243228042314968,-4.376384151762011,-1.4830960859104017,17.70402947088805
2023-09-29,190.13999938964844,191.0,186.1999969482422,187.07000732421875,186.62661743164065,910900.0,-0.0093729510868881,-0.0094171536151738,4.8000030517578125,26.024671429690457,PWR,910900.0,169998185.81848148,1.2680041981991936,17.58099909642443,-0.9372951086888182,2.5719820236874855,0.9276324395161862,음봉,187.19962158203126,197.44553604125977,200.28610585530598,False,False,0,4.157144818987173,0.13894042404774146,False,26.0246714296905,-4.502176545966904,-1.2871107840922353,10.30028777365061
2023-10-02,186.8800048828125,187.1199951171875,175.47999572753906,176.63999938964844,176.22132873535156,2088200.0,-0.0557545801316387,-0.0573691679511242,11.639999389648438,20.574118467902125,PWR,2088200.0,367985378.66516113,2.802248502560345,129.24580085629594,-5.575458013163869,6.605329487175379,0.13577240731197396,음봉,185.03265380859378,195.66825332641602,200.0054718017578,False,False,0,4.717144557407934,0.16499743301549602,True,20.574118467902153,-5.379476505279058,-1.7315285947235113,2.460447685607209
2023-10-03,175.2100067138672,176.5399932861328,168.36000061035156,169.3699951171875,168.96856689453125,2950100.0,-0.0411571169782318,-0.0420280517005793,8.17999267578125,19.300996351961217,PWR,2950100.0,498474169.19555664,3.7682383854603847,41.2747821089934,-4.115711697823188,4.841132777605395,-0.5738930858949396,음봉,181.95960388183596,193.70533828735353,199.50108006795247,False,False,0,4.772143772670209,0.20411167659020596,True,19.300996351961246,-6.584083098819519,-2.3489081506111775,1.7191140935200109
2023-10-04,168.50999450683594,171.8800048828125,163.88999938964844,171.75,171.34292602539062,2620500.0,0.0140520759245204,0.0139542607778044,7.9900054931640625,19.174095664698328,PWR,2620500.0,449004137.64953613,3.2236185663433767,-11.17250262702959,1.4052075924520402,4.66316624707346,-0.27139508615324265,양봉,178.31036987304688,191.84718017578126,199.033602142334,False,False,0,5.117144993373328,0.20406140611923243,True,19.174095664698356,-7.2634233414527785,-2.4225987145955488,19.784780987556037
2023-10-05,170.27000427246094,171.69000244140625,167.63999938964844,168.22999572753906,167.83126831054688,1914200.0,-0.0204949092227091,-0.0207078442886475,4.0500030517578125,19.184977916769554,PWR,1914200.0,321262613.8000488,2.301862950944837,-26.952871589391336,-2.0494909222709135,2.4131397519226763,-0.6261838628638194,음봉,174.1981414794922,189.83288497924804,198.5328592936198,False,False,0,5.180002485002796,0.20066099863876663,False,19.184977916769597,-7.993028154483994,-2.521762822101411,10.812810016129516
2023-10-06,167.47999572753906,173.82000732421875,165.75999450683594,172.7100067138672,172.30064392089844,1648400.0,0.0266301724067392,0.0262817613285145,8.060012817382812,26.55663786376737,PWR,1648400.0,284020381.439209,1.9588016606088272,-13.88569637446453,2.663017240673926,4.677877362479903,-0.20930103582238008,양봉,171.33294677734375,188.15175094604493,198.10926462809246,False,False,0,5.543574741908486,0.19471582631050013,True,26.556637863767406,-8.117035829343848,-2.116616397569011,24.32227902225497
2023-10-09,171.57000732421875,174.08999633789062,170.22000122070312,173.88999938964844,173.47784423828125,1055000.0,0.0068322456062512,0.0068090115832392,3.8699951171875,28.99049331776682,PWR,1055000.0,183019125.67138672,1.2500681786977774,-35.99854404270808,0.6832245606251286,2.23082961065152,-0.4240475137255527,양봉,170.78424987792968,186.6022735595703,197.7408571879069,False,False,0,5.497145516531812,0.1933936364886875,False,28.990493317766834,-8.02778328912268,-1.621891085878274,28.158132127209445
2023-10-10,174.1999969482422,178.86000061035156,174.00999450683594,177.6300048828125,177.208984375,1421800.0,0.0215078770035546,0.0212798464582946,4.850006103515625,34.2265203098673,PWR,1421800.0,251955733.984375,1.6625998830637303,34.76777251184835,2.150787700355461,2.7368849952056076,0.4162795042397584,양봉,172.43233337402344,185.26677474975585,197.38178354899088,False,False,0,5.645717075892861,0.18563730913739943,False,34.2265203098673,-7.568730566771023,-0.9302706908212919,43.98608164561108
2023-10-11,178.08999633789062,180.0800018310547,177.58999633789062,179.32000732421875,178.89498901367188,813500.0,0.0095142164750747,0.0094692413611192,2.4900054931640625,42.71101002338801,PWR,813500.0,145531073.56262207,0.9463738999087796,-42.783795189196795,0.9514216475074777,1.391881073300363,0.49715987369256376,양봉,173.9427459716797,184.22299575805664,197.0458236694336,False,False,0,5.24643162318639,0.18668910140988892,False,42.71101002338802,-6.9883244391453445,-0.2798916505564897,52.983706720977594
2023-10-12,180.5500030517578,181.4499969482422,176.77000427246094,177.91000366210938,177.4883270263672,1080100.0,-0.0078630597484046,-0.0078941366160813,4.67999267578125,39.08935056034152,PWR,1080100.0,191705142.0211792,1.2474778677509895,32.77197295636141,-0.7863059748404622,2.6367889957551984,0.9251315798227611,음봉,175.87415771484376,182.9862274169922,196.68076909383137,False,False,0,5.3478589739118405,0.16860479825470312,False,39.08935056034154,-6.5661636208857885,0.11381533416245215,48.016681214237224
2023-10-13,178.8800048828125,179.52000427246094,172.05999755859375,173.52999877929688,173.11871337890625,944700.0,-0.0246191607114072,-0.024927279851772,7.4600067138671875,36.42213462378344,PWR,944700.0,163545248.52905273,1.0825892166902833,-12.535876307749284,-2.461916071140724,4.309185626593362,0.7840954274353877,음봉,176.03777160644532,181.7079818725586,196.2423889160156,False,False,0,5.615716116768984,0.16133928091500813,False,36.42213462378346,-6.509155936053844,0.1366584151955177,32.58725848338883
2023-10-16,175.6999969482422,176.8699951171875,173.60000610351562,176.3800048828125,175.96194458007812,696400.0,0.0164235924914071,0.0162901840120804,3.269989013671875,41.86328767911523,PWR,696400.0,122539898.2055664,0.7997375112788122,-26.283476235842063,1.6423592491407124,1.8583501230766082,1.4910482633302977,양봉,176.5345916748047,180.6486839294434,195.82629928588867,False,False,0,5.645001002720434,0.15361873518938024,False,41.86328767911524,-6.163502914099951,0.38584914971952955,42.6269140831259
2023-10-17,175.2100067138672,179.92999267578125,174.74000549316406,179.39999389648438,178.9748077392578,729100.0,0.0171222429166129,0.0169773093677319,5.189987182617188,39.2136996735042,PWR,729100.0,130490532.32269287,0.8344439075256238,4.695577254451466,1.7122242916612906,2.8998423008104584,-0.42732982293722027,양봉,176.88775634765625,179.81830978393555,195.42186533610027,False,False,0,5.7228578839983255,0.14944792970962836,False,39.21369967350417,-5.582110432188955,0.7737933053044213,53.26555243052188
2023-10-18,177.47000122070312,177.49000549316406,171.74000549316406,172.0399932861328,171.63221740722656,770400.0,-0.0410258316507227,-0.0418911404893453,5.75,34.85940867670418,PWR,770400.0,132225460.29052734,0.8777502486662447,5.664517898779309,-4.1025831650722715,3.350186862852881,-0.8407923648936045,음봉,175.4352020263672,178.66468353271483,194.86862920125324,False,False,0,5.877142769949777,0.1217802384252683,False,34.85940867670418,-5.648723409518254,0.5657442623800986,28.558531328921738
2023-10-19,171.47000122070312,173.1699981689453,168.61000061035156,168.74000549316406,168.34007263183594,1442300.0,-0.0191813916123885,-0.0193677413174327,4.55999755859375,33.92388646849385,PWR,1442300.0,242796886.75689697,1.6206831972432392,87.21443406022846,-1.918139161238852,2.7088009927182233,-0.0945138325274631,음봉,173.60555114746094,177.7842239379883,194.3062286376953,False,False,0,5.859999520438058,0.12238334356584035,False,33.92388646849385,-5.899161383416953,0.2522450307851205,19.156582267089945
2023-10-20,169.3300018310547,169.97000122070312,163.88999938964844,164.6999969482422,164.3096466064453,1908600.0,-0.0239421663682257,-0.0242334385543378,6.080001831054688,38.20626244497019,PWR,1908600.0,313601391.5130615,2.095692078702308,32.33030576163072,-2.394216636822577,3.7003316339773504,0.5880532090441416,음봉,171.84373779296874,176.60351943969727,193.69360682169597,False,False,0,5.462856837681362,0.1431423877796646,False,38.20626244497019,-6.349662027289895,-0.15860449047025682,2.389790860714
2023-10-23,164.2100067138672,166.7899932861328,162.97000122070312,165.47000122070312,165.0778045654297,1261300.0,0.0046750630583745,0.0046641688918231,3.819992065429688,45.58022876694995,PWR,1261300.0,208212634.89837646,1.3695180087484358,-33.91491145342136,0.4675063058374507,2.314055530048928,-0.060641535439962695,양봉,169.66690979003906,175.5046012878418,193.1129010518392,False,False,0,5.15142822265625,0.1440386706524596,False,45.58022876694995,-6.568979993399125,-0.3023379652635887,11.405864891978814
2023-10-24,169.75,174.13999938964844,167.24000549316406,167.25,166.85357666015625,1249200.0,0.0107571826473056,0.0106997357685575,6.899993896484375,44.82994454843419,PWR,1249200.0,208433487.9638672,1.3444442736120295,-0.959327677792754,1.075718264730563,4.135358698685934,2.830298989540085,음봉,167.24266357421874,174.6305892944336,192.54284489949544,False,False,0,5.073570251464844,0.1447595725641663,False,44.82994454843419,-6.524293104664395,-0.20612086122308515,21.015023470301912
2023-10-25,167.91000366210938,170.64999389648438,167.6199951171875,168.22999572753906,167.83126831054688,1063900.0,0.0058595786195339,0.0058424780576085,3.029998779296875,50.0,PWR,1063900.0,178555686.35559082,1.1360557708149006,-14.833493435798918,0.5859578619533901,1.8053839488898524,0.6331461531117386,음봉,166.48247375488282,173.54269790649414,191.98459599812824,False,False,0,5.000712803431919,0.1387714030172041,False,50.0,-6.336938594602714,-0.01501308092912268,26.305563927157433
2023-10-26,168.89999389648438,169.6999969482422,166.3800048828125,167.25,166.85357666015625,919900.0,-0.0058254439725828,-0.0058424780576085,3.3199920654296875,42.71610863063356,PWR,919900.0,153488605.16967773,0.9851196091730113,-13.535106682958919,-0.5825443972582889,1.9897637988257066,0.6367857412362408,음봉,166.18517456054687,172.46575622558595,191.4029052734375,False,False,0,4.662139892578125,0.12939943159501557,False,42.71610863063356,-6.195927544931976,0.10079837499329258,21.015023470301912
2023-10-27,167.3699951171875,167.42999267578125,163.83999633789062,164.8699951171875,164.47923278808594,810800.0,-0.0142301047397163,-0.0143323235619458,3.589996337890625,38.34024338404659,PWR,810800.0,133359761.94458008,0.868442528188458,-11.859984780954447,-1.423010473971631,2.1826441411700617,0.3095039778997845,음봉,166.219091796875,171.3583869934082,190.76469014485676,False,False,0,4.642139979771206,0.08558181125605856,False,38.34024338404659,-6.204246290170687,0.07398370380366615,8.166839373960144
2023-10-30,166.32000732421875,167.58999633789062,162.55999755859375,164.75999450683594,164.36947631835938,1106900.0,-0.0006672968244445,-0.0006675195660658,5.029998779296875,31.6405087463137,PWR,1106900.0,181940573.336792,1.185349436091823,36.51948692649236,-0.06672968244445521,3.0601781376698622,1.1191531629433458,음봉,166.07742614746093,170.7657943725586,190.17550303141277,False,False,0,4.654996599469866,0.08587879783944094,False,31.6405087463137,-6.1488156660461755,0.10353146234254318,9.579030271209032
2023-10-31,164.8300018310547,167.67999267578125,164.0500030517578,167.1199951171875,166.723876953125,1573500.0,0.0143238312094242,0.014222214351473,3.6299896240234375,32.92269668810199,PWR,1573500.0,262340020.3857422,1.675378999138062,42.153762760863664,1.4323831209424265,2.177246409069543,0.28017702739609796,양봉,166.05148620605468,170.65355987548827,189.59497502644857,False,False,0,4.736424037388393,0.08593527813608137,False,32.92269668810199,-5.847499705727472,0.323877938128998,22.04277146145924
2023-11-01,164.05999755859375,164.85000610351562,153.74000549316406,159.6199951171875,159.24166870117188,4262000.0,-0.044877844665625,-0.0459160353364701,11.110000610351562,28.12722580220334,PWR,4262000.0,678687992.0043945,4.325063545603031,170.86113759135685,-4.4877844665625055,6.976817500700935,-1.5977791802911403,음봉,164.33356628417968,170.04849700927736,188.8801040649414,False,False,0,5.195710318429129,0.11604418377781578,True,28.12722580220334,-6.141659087904486,0.0237748447615882,21.00674265186115
2023-11-02,170.0,175.25,166.24000549316406,175.0800018310547,174.66502380371094,3054400.0,0.0968550206006826,0.0924470126692169,9.009994506835938,51.46529060437833,PWR,3054400.0,533496848.7060547,3.000753201104695,-28.334115438761142,9.685502060068263,5.1584423204049115,6.755977494192733,양봉,165.89585571289064,170.39018478393555,188.4099899291992,False,False,0,5.306423732212612,0.11581147742229801,True,51.46529060437833,-5.07178230977334,0.8749212983141881,79.8970162323532
2023-11-03,176.5399932861328,178.0,167.36000061035156,169.17999267578125,168.77902221679688,1758100.0,-0.0336987993287584,-0.0342796914326378,10.639999389648438,43.56454349736452,PWR,1758100.0,296730398.9593506,1.695340123247036,-42.44041382922996,-3.369879932875841,6.30410062216224,1.0734659072493937,음봉,166.7558135986328,170.21410369873047,187.89180221557618,False,False,0,5.832853044782366,0.11593128071815072,True,43.56454349736452,-4.645300261934153,1.0411226769227007,57.42277237010068
2023-11-06,169.0500030517578,169.27000427246094,165.3699951171875,168.4600067138672,168.0607147216797,1114400.0,-0.0042559050626239,-0.004264987204223,3.9000091552734375,39.802362006696285,PWR,1114400.0,187286860.48583984,1.0667225802922702,-36.61338945452477,-0.4255905062623966,2.3205953644384563,0.16055362295727857,음봉,167.4940612792969,169.9432472229004,187.3659642537435,False,False,0,5.740711757114956,0.11611605262669615,False,39.802362006696285,-4.315524893443467,1.0967184363307103,59.030142090429415
2023-11-07,167.02000427246094,167.50999450683594,163.94000244140625,165.0800018310547,164.68873596191406,1093700.0,-0.0200640510505376,-0.0202680676682949,3.5699920654296875,42.99236170999138,PWR,1093700.0,180120070.5215454,1.037573842871104,-1.8575017946877215,-2.0064051050537657,2.1677208490174364,-0.6192467114889041,음봉,167.0870330810547,169.3172348022461,186.72791646321613,False,False,0,5.584996904645648,0.11654536563352949,False,42.99236170999138,-4.2769638659925135,0.9082235710253315,45.13080357732516
2023-11-08,170.17999267578125,171.02000427246094,167.1199951171875,169.75999450683594,169.3576202392578,1801900.0,0.0283497486945523,0.0279553316359518,3.9000091552734375,50.99918310495632,PWR,1801900.0,305165495.90911865,1.6809316223876045,64.75267440797295,2.8349748694552313,2.302824726613275,3.334324404030338,음봉,169.11022338867187,168.8403663635254,186.17333424886067,True,False,0,5.537854875837054,0.11687453340156273,False,50.99918310495632,-3.8255652968227025,1.087697712156114,64.37600281275022
2023-11-09,171.72000122070312,174.99000549316406,168.10000610351562,169.57000732421875,169.1680908203125,1670600.0,-0.0011191077122928,-0.0011197343809121,6.8899993896484375,55.15998559625633,PWR,1670600.0,282612212.52441406,1.5323860732677852,-7.286752871968483,-0.11191077122928439,4.072871755091732,1.394906812051261,음봉,168.01083679199218,168.42435455322266,185.6559799194336,False,False,0,5.595711844308036,0.11716321603506695,False,55.15998559625633,-3.4434284193910116,1.175867671670244,63.59476018348289
2023-11-10,171.30999755859375,174.47000122070312,169.7100067138672,174.07000732421875,173.65744018554688,1406000.0,0.0265378023920768,0.0261917832888621,4.7599945068359375,58.44464449364573,PWR,1406000.0,244162360.9008789,1.2738822358590558,-15.838620854782715,2.6537802392076815,2.7410253783253116,1.2661411072826656,양봉,168.98652038574218,168.4512908935547,185.21943130493165,True,False,0,5.662854875837054,0.11714448095595431,False,58.44464449364573,-2.7466673447533196,1.4981029970463489,82.09991427149959
2023-11-13,174.02999877929688,177.5399932861328,173.6199951171875,176.24000549316406,175.82228088378906,1273900.0,0.012466155760036,0.0123890930300413,3.919998168945313,58.760495415507705,PWR,1273900.0,223980003.6178589,1.1442395019026532,-9.395448079658609,1.2466155760036068,2.2295229872124467,0.2145364997617921,양봉,170.53883361816406,168.44430770874024,184.7747543334961,True,False,0,5.449998038155692,0.11714933740715552,False,58.760495415507705,-1.9967770186702296,1.7983946585035508,91.02341463598724
2023-11-14,180.0,184.77999877929688,179.57000732421875,182.8500061035156,182.41661071777344,1520800.0,0.0375056551469887,0.0368194238519466,5.209991455078125,62.83808485668337,PWR,1520800.0,277419181.57958984,1.3461073200338878,19.381427113588188,3.750565514698878,2.856094866897173,2.376103355735801,양봉,174.08440856933595,168.61639785766602,184.4316724141439,True,False,0,5.605711800711496,0.1374418046586679,False,62.83808485668337,-0.8604574087012793,2.347771414778001,92.38599042294481
2023-11-15,184.13999938964844,187.3000030517578,183.6000061035156,183.72000122070312,183.2845458984375,1517900.0,0.0047579832628668,0.0047466998372469,3.699996948242216,64.49061222776106,PWR,1517900.0,278207612.2192383,1.3306167486697686,-0.19068911099421326,0.4757983262866805,2.0187173610875386,0.9447542441961865,음봉,176.8697937011719,169.19901428222656,184.0521987915039,True,False,0,5.632855006626676,0.14209821079194784,False,64.49061222776106,0.10886426490233703,2.653674470705294,88.03498973350769
2023-11-16,183.19000244140625,185.47999572753903,182.1999969482422,183.3000030517578,182.8655548095703,846400.0,-0.002286014278036,-0.0022886311976468,3.2799987792968466,66.7942695499176,PWR,846400.0,154777405.5908203,0.7404282617781709,-44.23875090585677,-0.2286014278036097,1.7936668186157425,-0.051582885271537766,음봉,179.60928649902343,169.92528839111327,183.63881708780926,True,False,0,5.610712323869977,0.14149087181142025,False,66.7942695499176,0.8336399136005639,2.702760095522817,86.78650606441428
2023-11-17,184.27999877929688,185.1999969482422,182.2100067138672,183.1100006103516,182.67599487304688,633900.0,-0.0010366082159148,-0.0010371458657985,2.989990234375,66.69703412121709,PWR,633900.0,115798313.15002441,0.553338330633775,-25.106332703213607,-0.10366082159148915,1.6367723829575604,0.7734884632589851,음봉,181.41299743652343,170.84360580444337,183.3334648132324,True,False,0,5.464997427804129,0.1407303310185713,False,66.69703412121709,1.376862322475148,2.5967860035179204,86.22166711830745
2023-11-20,183.2100067138672,185.0500030517578,181.7700042724609,184.1300048828125,183.693588256836,806300.0,0.0055704822327438,0.0055550244747996,3.2799987792969034,65.86462458627588,PWR,806300.0,148112140.21148688,0.7026113008369607,27.196718725351012,0.5570482232743812,1.7855815275984959,0.29232732039665704,양봉,182.9872589111328,171.77439498901367,182.9834114074707,True,True,0,5.439998081752234,0.14234903611349067,False,65.86462458627591,1.867948726739229,2.470297926225601,89.25382879237333
2023-11-21,183.82000732421875,184.9499969482422,183.07000732421875,183.3600006103516,182.92539978027344,733500.0,-0.0041819014144819,-0.0041906700190337,1.8799896240234373,75.31998735417412,PWR,733500.0,134175780.73883057,0.6375761606216473,-9.028897432717354,-0.41819014144821587,1.027735692408843,0.06882062056842154,음봉,183.08901672363282,172.57798614501954,182.58050104777018,True,True,0,4.780711582728797,0.14168620286898498,False,75.31998735417409,2.1701358746649078,2.2179880593210237,81.2731029230117
2023-11-22,183.509994506836,184.4900054931641,182.2100067138672,183.8099975585937,183.37432861328125,789600.0,0.0024541634652543,0.0024511569241215,2.2799987792969034,63.696279513303125,PWR,789600.0,144792369.87304688,0.6854648350785232,7.648261758691199,0.24541634652543998,1.2433576698214943,0.3195809478972089,음봉,183.10697326660156,173.35513916015626,182.16978200276694,True,True,0,4.299997602190294,0.1410510220471394,False,63.696279513303104,2.4179732806623804,1.9726603722547968,83.19488726067512
2023-11-24,183.6499938964844,184.2899932861328,182.0,182.5800018310547,182.1472625732422,329300.0,-0.0066915911802836,-0.0067140802578327,2.2899932861328125,74.63239821610014,PWR,329300.0,59981093.56536865,0.2870769103036006,-58.29533941236069,-0.6691591180283618,1.2572208079229281,0.15032926652699838,음봉,182.96331481933595,174.11982345581055,181.7213269551595,True,True,0,3.703568594796321,0.1404315664371766,False,74.63239821610009,2.4867070254075543,1.6331152935999764,77.94203619912457
2023-11-27,182.1300048828125,185.8800048828125,181.4499969482422,185.7100067138672,185.2698516845703,1191100.0,0.0171432118562446,0.0169979251035823,4.4300079345703125,79.12876475139953,PWR,1191100.0,220674920.3414917,1.027531641669645,261.7066504706954,1.7143211856244678,2.391111070846317,-0.00947458127335189,양봉,183.48208618164062,175.15935440063475,181.32109247843425,True,True,0,3.7414256504603833,0.14859716212395513,False,79.12876475139949,2.761315136007255,1.5261787233597417,91.30928375794701
2023-11-28,185.42999267578125,186.42999267578125,180.97000122070312,181.33999633789065,180.91017150878903,1185300.0,-0.023531514362109,-0.0238128019584376,5.459991455078125,76.56859177626437,PWR,1185300.0,214432826.28936765,1.0117400152288254,-0.4869448409033694,-2.3531514362109096,3.018067701523828,0.08643661651091741,음봉,182.92540283203124,175.98638916015625,180.80681228637695,True,True,0,3.8764256068638434,0.1478988409706589,False,76.56859177626433,2.5972152070870607,1.0896630355516377,68.33583235603007
2023-11-29,183.0200042724609,186.42999267578125,182.63999938964844,185.6100006103516,185.17007446289065,1580400.0,0.0235470616083885,0.0232741061157392,3.789993286132813,76.25041479954092,PWR,1580400.0,292642785.6811524,1.3279361514269632,33.33333333333333,2.3547061608388598,2.0467633861066212,1.1662322500033528,양봉,183.37433776855468,176.90869903564453,180.42253239949545,True,True,0,3.868567330496656,0.1471277733954402,False,76.25041479954088,2.778870310886049,1.0170545114805003,88.9066201697383
2023-11-30,187.08999633789065,188.77999877929688,186.17999267578125,188.3099975585937,187.86366271972656,1889900.0,0.014546563555958,0.0144417772649082,2.600006103515625,78.6543751470449,PWR,1889900.0,355043536.17401123,1.564564876307815,19.58364970893445,1.454656355595807,1.3839856339831769,1.0368424166642356,양봉,184.27220458984374,178.33979873657228,180.07849197387696,True,True,0,3.5621392386300266,0.12994814910632732,False,78.65437514704485,3.1043977852239095,1.0740655886546886,95.1948797019614
2023-12-01,187.8099975585937,192.8800048828125,186.5800018310547,190.5500030517578,190.098373413086,1012900.0,0.0118953855205803,0.011825191530293,6.3000030517578125,77.06958779333232,PWR,1012900.0,192550642.4301148,0.8335797869700049,-46.40457167045875,1.1895385520580337,3.3140752015104478,-0.028566014500064494,양봉,185.86242675781253,179.11146621704103,179.77817866007487,True,True,0,3.672139848981589,0.14186494023995885,True,77.06958779333229,3.5023304453837056,1.1775985990515876,85.55747632749842
2023-12-04,189.1699981689453,190.6300048828125,188.3300018310547,189.63999938964844,189.19053649902344,686400.0,-0.0047756164230284,-0.0047870561147229,2.3000030517578125,72.9609101945054,PWR,686400.0,129860384.25292969,0.5645459031674374,-32.23417908974232,-0.47756164230285947,1.2157072411334298,-0.48836569586174816,양봉,186.6465637207031,180.13204193115234,179.4992988586426,True,True,1,3.5564259120396247,0.14106117478468191,False,72.96091019450532,3.7017684116761416,1.1016292522752185,72.28047287351367
2023-12-05,189.1499938964844,190.9199981689453,187.1600036621093,189.42999267578125,188.9810028076172,896400.0,-0.0011075273387541,-0.0011081411003709,3.759994506835966,64.44240481597005,PWR,896400.0,169402570.91674805,0.733557271898308,30.594405594405604,-0.11075273387541884,1.9896150676392061,-0.021429508731925048,음봉,188.26072998046877,181.1780563354492,179.24119237263997,True,True,1,3.452854701450903,0.1402467714088193,False,64.44240481596998,3.799122895221302,0.9591869886563029,67.26279700820209
2023-12-06,191.13999938964844,193.1600036621093,190.17999267578125,191.8500061035156,191.3952789306641,1007300.0,0.0127752318337766,0.0126943169683169,2.9800109863280966,66.7076963310301,PWR,1007300.0,192792464.46685794,0.8206884689596664,12.371709058456037,1.2775231833776601,1.556992943074419,1.1424410654805923,양봉,189.50577087402343,182.5133834838867,179.03246434529623,True,True,1,3.4014271327427474,0.12178388064519076,False,66.70769633103002,4.024694755162415,0.9478070788779318,85.52317983587187
2023-12-07,191.8099975585937,194.75,191.8099975585937,194.3800048828125,193.9192657470703,1266300.0,0.0131872992401269,0.0131011037728233,2.9400024414062784,70.95296273671337,PWR,1266300.0,245559966.21551514,1.0231742978068488,25.7123002084781,1.318729924012696,1.5160961083882012,0.21668174379569755,양봉,190.71689147949218,183.74146575927733,178.93494262695313,True,True,1,3.3771416800362806,0.13470652813439907,False,70.95296273671327,4.356903055226667,1.024012303153747,93.97144900928593
2023-12-08,195.0,199.58999633789065,194.72000122070312,199.25,198.7777404785156,1477600.0,0.0250541105997286,0.0247454020259882,4.869995117187528,75.93178004712333,PWR,1477600.0,293713989.3310546,1.1808219560366797,16.686409223722663,2.505411059972862,2.449970054727476,0.5573114402873687,양봉,192.45276489257813,185.2219482421875,178.87751007080078,True,True,1,3.5114277430943184,0.13562269769521373,False,75.93178004712323,4.955099530375435,1.2977670226420117,95.63772248992005
2023-12-11,199.25,201.7700042724609,199.1300048828125,201.759994506836,201.2817840576172,962700.0,0.012597203152997,0.0125185185046242,2.639999389648409,77.03147645246153,PWR,962700.0,193773973.51226807,0.7646409912454109,-34.847049269085005,1.259720315299706,1.3115937947433463,0.23758169317527103,양봉,194.8710144042969,186.60316543579103,178.9208127339681,True,True,1,3.4657135009765687,0.13643660928457604,False,77.03147645246142,5.567056375843379,1.527779094487964,97.65278777301688
2023-12-12,201.7899932861328,206.5800018310547,201.5,205.2700042724609,204.7834930419922,1050500.0,0.0173970486239958,0.0172474525019816,5.080001831054688,80.99003380907166,PWR,1050500.0,215125059.4406128,0.8320258578422128,9.120182819154454,1.7397048623995826,2.480669586983263,0.25248644873405407,양봉,198.03151245117186,188.05122604370118,179.04807256062824,True,True,1,3.694285801478801,0.12695116131630665,False,80.99003380907162,6.262406115338564,1.7785030671865192,92.98512789438846
2023-12-13,205.32000732421875,211.5599975585937,205.32000732421875,210.27999877929688,209.78160095214844,1481100.0,0.0244067909767089,0.0241137045449117,6.239990234374972,83.16204539906305,PWR,1481100.0,310707529.17022705,1.159761408777015,40.990004759638275,2.4406790976708947,2.97451740574632,0.2619909809412943,양봉,201.70877685546876,189.41947555541992,179.28472773234049,True,True,1,3.977142333984375,0.15242059644976827,False,83.16204539906299,7.134538808740814,2.120508608471015,94.18634580141342
2023-12-14,212.3699951171875,217.25,212.2899932861328,215.8000030517578,215.2885131835937,1496800.0,0.0262506921791554,0.0259120562584809,4.960006713867188,87.57907463856897,PWR,1496800.0,322243846.53320307,1.1679093201488213,1.060022955911144,2.6250692179155433,2.3038882291120633,1.23385185034863,양봉,205.98262634277344,191.01967391967773,179.62779057820637,True,True,1,4.167857578822544,0.17997277960625396,False,87.57907463856893,8.17582621025403,2.529436807987384,94.59347606834643
2023-12-15,215.47000122070312,216.9600067138672,212.9900054931641,215.0200042724609,214.5103759765625,1792700.0,-0.0036143925912462,-0.0036209402902125,3.9700012207030966,85.01783686568201,PWR,1792700.0,384552751.0131836,1.3784765491980455,19.768840192410476,-0.3614392591246185,1.8507268949716729,0.08429991662149783,음봉,209.1291534423828,192.60191497802734,180.1038091023763,True,True,1,4.134999956403457,0.1784942879655514,False,85.01783686568201,8.836404240961286,2.5520118709557114,92.44866561296341
2023-12-18,215.1600036621093,216.1000061035156,213.9600067138672,215.0,214.4904327392578,893500.0,-9.297096801907934e-05,-9.29752900874132e-05,2.139999389648409,94.88000137043404,PWR,893500.0,191647201.65252686,0.6861599034581958,-50.1589780777598,-0.009297096801907934,0.9977132137403388,0.30284208052377304,음봉,211.77088317871093,194.1926368713379,180.54658737182618,True,True,1,3.897857666015621,0.17703215852402265,False,94.88000137043403,9.251660454169581,2.3738144673312043,92.02667664814538
2023-12-19,216.0200042724609,218.5,215.0,217.7100067138672,217.19400024414065,1537100.0,0.0126046065102092,0.0125258297337342,3.5,94.6577597411164,PWR,1537100.0,333848897.7752686,1.165288032962061,72.03133743704532,1.2604606510209226,1.61146256161117,0.713118768827558,양봉,214.25298461914062,195.86765747070314,181.04888458251952,True,True,1,3.8771438598632773,0.18524665686972216,False,94.65775974111641,9.687240815857109,2.2475158632149856,95.95916008694495
2023-12-20,216.6100006103516,219.1699981689453,212.7400054931641,212.8999938964844,212.3954162597656,1441900.0,-0.0220935383987639,-0.022341256055882,6.429992675781222,82.31278653071959,PWR,1441900.0,306252950.704956,1.0922381577618423,-6.193481230889342,-2.2093538398763934,3.02736885240365,-0.2688838702416308,음봉,214.77574768066407,197.34115829467774,181.51657791137694,True,True,0,4.15071432931082,0.1838634628928809,False,82.31278653071959,9.53531854986889,1.6764748777814136,79.21269508918823
2023-12-21,214.1199951171875,215.72999572753903,211.1300048828125,212.4499969482422,211.9464569091797,1014800.0,-0.0021137902055137,-0.0021160274132446,4.599990844726534,80.19854018046954,PWR,1014800.0,215083264.47143555,0.7697014132935556,-29.620639434080033,-0.21137902055137214,2.170355150922696,0.8119661374013339,음봉,214.10733642578126,198.76976470947267,181.88920059204102,True,True,0,4.0292848859514425,0.18254199167758264,False,80.19854018046952,9.271812113508076,1.1303747531364792,77.43348172639338
2023-12-22,213.6199951171875,214.1600036621093,210.94000244140625,214.0399932861328,213.5326995849609,766900.0,0.0074841669868581,0.0074562995656963,3.2200012207030966,83.02649426705597,PWR,766900.0,163758227.3117065,0.5813889403649963,-24.42845880961766,0.7484166986858165,1.507966333475711,0.789604238925746,음봉,213.91180114746095,200.3390365600586,182.30820541381837,True,True,0,4.094999040876102,0.18111212551665776,False,83.02649426705602,9.086237402592474,0.7558400337767015,82.38894235742369
2023-12-26,214.3000030517578,215.47999572753903,214.0800018310547,214.6600036621093,214.15122985839844,395000.0,0.0028966536490184,0.0028924664318337,1.3999938964843466,83.77513546451058,PWR,395000.0,84589735.79406738,0.3010688943869434,-48.49393662798279,0.2896653649018477,0.6537407688062561,0.3593376884609689,음봉,213.84396057128907,201.78310546875,182.76694895426434,True,True,1,3.926427568708125,0.1798159893072459,False,83.77513546451064,8.886638691891875,0.44499305846088255,82.68793597941774
2023-12-27,215.13999938964844,216.02999877929688,214.509994506836,215.9499969482422,215.43817138671875,454100.0,0.0060094986574266,0.0059915136383662,1.520004272460909,83.26894239949797,PWR,454100.0,97830473.62670898,0.3495304699698709,14.962025316455696,0.6009498657426615,0.7055408346055917,0.4617155511569074,양봉,213.4927947998047,203.50950546264647,183.4205629984538,True,True,1,3.822141374860471,0.15735837846221826,False,83.26894239949803,8.73164770209911,0.23200165493449454,86.36028253298127
2023-12-28,217.0,217.25,215.3500061035156,216.47000122070312,215.9569549560547,474200.0,0.002408039234629,0.0024051445542226,1.899993896484404,82.28592991200327,PWR,474200.0,102406788.04016113,0.3663468931528083,4.426337811054837,0.2408039234629067,0.8798021331941057,0.7249544513064564,음봉,214.2051025390625,205.0488494873047,184.20370279947917,True,True,1,3.7478550502231918,0.1430407319902082,False,82.28592991200333,8.552094502497937,0.041958764266656345,86.85871732543661
2023-12-29,215.69000244140625,216.8699951171875,214.5399932861328,215.8000030517578,215.3780517578125,457100.0,-0.002680641604527,-0.0026842409580565,2.3300018310546875,77.80680786501233,PWR,457100.0,98449307.4584961,0.3551123086313946,-3.6060733867566475,-0.26806416045270787,1.081819531766737,-0.1236137612251293,음봉,214.89142150878905,206.424568939209,184.9376215616862,True,True,1,3.5664269583565607,0.13667460991444313,False,77.80680786501239,8.26777884024412,-0.19388551838972923,81.07810538161833
2024-01-02,213.58999633789065,214.8300018310547,208.2700042724609,209.2700042724609,208.86083984375,1068800.0,-0.0302594060113002,-0.0307266721278166,6.559997558593778,61.19091660789964,PWR,1068800.0,223230465.625,0.8409011153419145,133.82192080507548,-3.0259406011300283,3.140846107629056,-0.8301938871340857,음봉,213.95704956054686,207.3626922607422,185.62144775390624,True,True,0,3.846426827566944,0.13605628442095963,True,61.19091660789966,7.430913153422125,-0.8246009641693792,41.65727564526031
2024-01-03,204.0399932861328,205.57000732421875,201.42999267578125,201.7400054931641,201.34556579589844,1354600.0,-0.0359822073562176,-0.0366455274425622,4.1400146484375,45.46161382746608,PWR,1354600.0,272742703.427124,1.0874276554372786,26.740269461077837,-3.59822073562176,2.056173738950965,-2.3081620093185924,음봉,211.3959167480469,207.97044372558594,186.10552978515625,True,True,0,3.7792848859514305,0.13565868750922183,False,45.46161382746607,6.09105734194182,-1.7315654205197477,-0.4759123660663216
2024-01-04,200.94000244140625,202.83999633789065,199.7400054931641,200.07000732421875,199.67881774902344,1271700.0,-0.0082780469502097,-0.008312500249966,3.0999908447265625,35.3772476461224,PWR,1271700.0,253931552.5314331,1.0387308148082843,-6.119887789753431,-0.8278046950209728,1.5524885812489861,-0.2014265141072449,음봉,208.24404602050782,208.50533447265624,186.54221267700194,False,True,0,3.5549992152622605,0.12373170872930281,False,35.37724764612237,4.838939043259899,-2.3869469753613357,-0.31491388165535295
2024-01-05,199.47000122070312,201.32000732421875,198.1300048828125,199.0800018310547,198.6907501220703,722000.0,-0.0049482846407625,-0.0049605679387955,3.19000244140625,22.36091792921665,PWR,722000.0,143454721.58813477,0.5989918037968016,-43.225603522843436,-0.4948284640762579,1.6055112980581117,-0.10457620426357606,음봉,204.79080505371093,208.87010803222657,186.9002421061198,False,True,0,3.428570338657908,0.1114316199495587,False,22.36091792921667,3.7239698641566292,-2.801532923571684,2.6651398203030436
2024-01-08,199.0800018310547,205.9600067138672,198.0399932861328,205.57000732421875,205.16807556152344,1071200.0,0.0326000351575179,0.0320799275109783,7.920013427734375,36.92473216562402,PWR,1071200.0,219776042.5415039,0.8955048009299315,48.36565096952909,3.260003515751797,3.8602562343376916,0.19590831920722487,양봉,202.74880981445312,209.43254852294922,187.3381268819173,False,True,0,3.7107140677315704,0.08834944831912213,True,36.92473216562402,3.324689831662795,-2.5606503648524157,33.73440903077466
2024-01-09,203.6199951171875,204.4100036621093,201.3600006103516,204.1000061035156,203.7009429931641,597200.0,-0.0071508813656508,-0.0071765714622869,3.050003051757756,35.4871800344975,PWR,597200.0,121650203.1555176,0.5023003206831271,-44.24943988050784,-0.7150881365650896,1.49729451761058,-0.754542557412504,양봉,201.71683044433593,209.67870864868163,187.77500381469727,False,True,0,3.7757143293108055,0.08824572719528088,False,35.4871800344975,2.856939175889238,-2.422720816500779,26.791047794011586
2024-01-10,203.7700042724609,204.3300018310547,200.13999938964844,203.63999938964844,203.2418365478516,696400.0,-0.0022538258221411,-0.0022563695102981,4.19000244140625,30.02714251326654,PWR,696400.0,141537614.97192386,0.5914647627572893,16.610850636302743,-0.22538258221411755,2.0615846188832037,0.03390326931335598,음봉,202.0960845947266,209.77671127319337,188.277055867513,False,True,0,3.8250002179826805,0.08820450091799492,False,30.02714251326654,2.4212862770002346,-2.286698972311826,24.618277613130346
2024-01-11,203.92999267578125,204.08999633789065,200.6600036621093,202.47000122070312,202.0741271972656,743300.0,-0.005745418219103,-0.0057619866264567,3.429992675781307,33.51070365018167,PWR,743300.0,150201698.7457275,0.6318957723291997,6.734635267087885,-0.5745418219103016,1.6973932899549238,0.3385898000226142,음봉,202.575146484375,209.64124298095703,188.7122589111328,False,True,0,3.6107145036969763,0.08826149787592655,False,33.51070365018167,1.959219171248435,-2.1990128624509007,21.000169189012574
2024-01-12,203.6699981689453,203.6699981689453,201.5599975585937,202.4600067138672,202.06414794921875,525400.0,-4.938409575361291e-05,-4.938531518821689e-05,2.110000610351591,33.98742129656871,PWR,525400.0,106164503.33251953,0.45002263695356914,-29.315215928965422,-0.004938409575361291,1.0442231498097767,0.7897453245569732,음봉,203.24982604980468,209.25537033081054,189.0970812479655,False,True,0,3.4328580583844825,0.08842425450213615,False,33.98742129656871,1.5740774341770418,-2.067323679617835,20.94822101327538
2024-01-16,200.9499969482422,202.259994506836,200.3000030517578,201.3699951171875,200.97625732421875,589900.0,-0.0053838874240739,-0.0053984327764886,1.9599914550781528,29.320477451527893,PWR,589900.0,118555894.19555664,0.5077181597732163,12.276360867910174,-0.5383887424073919,0.9752353243976905,-0.551384801452538,양봉,202.41146240234374,208.5397575378418,189.58614857991537,False,True,0,3.34285736083985,0.08872768598435109,False,29.320477451527893,1.1676067078769563,-1.9790355247343365,15.285075543291338
2024-01-17,199.0599975585937,201.0200042724609,198.97999572753903,200.1600036621093,199.7686462402344,400900.0,-0.0060087251104303,-0.0060268501411808,2.040008544921875,26.76382088427826,PWR,400900.0,80087250.27770998,0.3464472853968341,-32.039328699779624,-0.600872511043038,1.021185548040725,-0.9534756946606434,양봉,201.62500305175783,207.80267105102538,190.10995814005534,False,True,0,3.3885726928711017,0.08904240753251395,False,26.76382088427826,0.7395070300547388,-1.9257081620452436,8.99871082738208
2024-01-18,201.2700042724609,203.5,200.0599975585937,201.9100036621093,201.5152130126953,455500.0,0.0087429474311027,0.0087049491833835,3.4400024414062784,27.835549887654068,PWR,455500.0,91790179.52728271,0.39511403252722077,13.619356447992015,0.874294743110271,1.707068359741946,0.7515483838344822,양봉,201.27967834472656,207.15391006469727,190.73005091349285,False,True,0,3.5257154192243467,0.0893212689844546,False,27.835549887654068,0.5350011329253164,-1.7041712473397328,18.09067419041469
2024-01-19,203.0,203.42999267578125,199.4100036621093,202.42999267578125,202.03419494628903,617900.0,0.0025753982830121,0.0025720876278062,4.019989013671903,27.836005651023896,PWR,617900.0,124836929.057312,0.5371123366525977,35.65312843029638,0.257539828301212,1.9897567412985102,0.7368113628280496,음봉,201.27169189453124,206.3959197998047,191.34599075317382,False,True,0,3.6771436418806007,0.08365574692916344,False,27.836005651023896,0.41007910414563753,-1.4632746208955292,21.21190266465578
2024-01-22,203.22999572753903,204.509994506836,202.2100067138672,203.4600067138672,203.0622100830078,668400.0,0.0050883224841817,0.005075420718386,2.2999877929687784,30.67049330378416,PWR,668400.0,135726781.21948242,0.5872806895205155,8.172843502184811,0.5088322484181784,1.132651807556225,0.5918803901329202,음봉,201.47130432128907,205.92925949096679,191.94946797688803,False,True,0,3.6749997820173235,0.08384532084786993,False,30.670493303784156,0.38953935912323345,-1.1870514927343467,29.91193711091925
2024-01-23,204.4600067138672,204.4600067138672,187.2700042724609,195.5599975585937,195.1776428222656,3326300.0,-0.0388283337284626,-0.0396022530079566,17.19000244140628,29.40826625125372,PWR,3326300.0,649219393.319702,2.865943104252342,397.65110712148413,-3.8828333728462616,8.807362458547566,0.6883588188506288,음봉,200.31158142089842,205.0908187866211,192.40524088541667,False,True,0,4.434285845075359,0.10131761263973563,True,29.40826625125372,-0.25996055716862543,-1.4692411272209647,42.309457019041986
2024-01-24,196.27999877929688,196.88999938964844,192.6199951171875,193.27999877929688,192.902084350586,1200200.0,-0.01165890948766,-0.011727407501492,4.2700042724609375,34.914413083233654,PWR,1200200.0,231521081.6375733,1.0349582390026637,-63.91786669873433,-1.1658909487659908,2.213560463504637,0.5647962241429033,음봉,198.93826904296876,204.05928802490234,192.83938268025716,False,True,0,4.44357081821989,0.11298123613297717,False,34.91441308323368,-0.9473915314096928,-1.7253376811696255,30.13418588778587
2024-01-25,195.69000244140625,198.6699981689453,193.5,197.9900054931641,197.60289001464844,1067500.0,0.0243688692109675,0.0240766855911213,5.1699981689453125,46.653814633608825,PWR,1067500.0,210941085.0906372,0.9228232814513241,-11.056490584902512,2.436886921096737,2.6163575687390286,1.4452503715581477,양봉,198.1558044433594,203.23187103271485,193.3914436340332,False,True,0,4.591428484235515,0.11344121612577922,False,46.65381463360882,-1.1001875234236422,-1.50250693854686,55.28563077817371
2024-01-26,198.3999938964844,198.6499938964844,194.4199981689453,196.3000030517578,195.91619873046875,870500.0,-0.0085357622252116,-0.008572400482879,4.229995727539091,45.6262114133721,PWR,870500.0,170545050.99487305,0.7545247545866669,-18.45433255269321,-0.8535762225211685,2.1590842181245553,0.4033867529856856,음봉,196.9322052001953,202.25577239990236,193.9172223409017,False,True,0,4.66571371895929,0.11398869031972224,False,45.626211413372104,-1.341912605096553,-1.3953856161758165,46.26106649859422
2024-01-29,196.0,197.6300048828125,194.8999938964844,197.0599975585937,196.67469787597656,1013800.0,0.003871548909293,0.0038640737512293,2.7300109863280966,33.66602538444647,PWR,1013800.0,199388808.70666504,0.8775993646379233,16.46180356117175,0.38715489092930877,1.3880844947577582,0.04277403812154369,양봉,195.65470275878906,201.29165954589843,194.4164026896159,False,True,0,4.294999258858842,0.11165871183103614,False,33.66602538444644,-1.4554988471633123,-1.2071774865940605,54.55161792820212
2024-01-30,196.2100067138672,197.57000732421875,194.47999572753903,197.25,196.8643493652344,1297100.0,0.000964290228006,0.0009638255988517,3.090011596679716,36.17285238405904,PWR,1297100.0,255352747.56164554,1.1153859278196434,27.94436772538962,0.09642902280060373,1.5696146136378117,-0.23627399311039496,양봉,195.99204406738284,200.36597442626953,195.04344736735027,False,True,0,4.297857012067557,0.07964803175219999,False,36.172852384059006,-1.5127751419795175,-1.0115630251282124,55.65168519436385
2024-01-31,197.4600067138672,197.7100067138672,193.5200042724609,194.0500030517578,193.6705780029297,1195100.0,-0.0162232083797937,-0.0163562454458084,4.190002441406278,32.57001316011767,PWR,1195100.0,231455707.77130127,1.026439669592744,-7.863695937090432,-1.622320837979374,2.163468754321008,0.3025724822972824,음봉,196.14574279785157,199.60646133422853,195.3602066040039,False,False,0,4.297857012067559,0.061450872526610294,False,32.570013160117625,-1.7951839130651877,-1.035177436971106,37.12631877079939
2024-02-01,195.63999938964844,201.3699951171875,195.5800018310547,200.259994506836,199.8684234619141,1134300.0,0.0320019980468619,0.0315006031494173,5.7899932861328125,46.60519269094728,PWR,1134300.0,226710752.73284915,0.9800885168153147,-5.087440381558029,3.200199804686199,2.896902465054028,1.016892398952286,양봉,196.59884948730468,199.5326042175293,195.87836329142252,False,True,0,4.46642848423552,0.06147361860503324,False,46.60519269094727,-1.5015713875516212,-0.5932519291660315,73.07671882744457
2024-02-02,198.72999572753903,206.08999633789065,197.4600067138672,204.5,204.1001739501953,1131700.0,0.0211726815821289,0.0209516547368573,8.629989624023466,52.7732572809097,PWR,1131700.0,230980166.85943604,1.0217060462236895,-0.2292162567222089,2.1172681582128927,4.228310763776891,-0.5695885896613329,양봉,198.23564453125,199.7536720275879,196.47902094523113,False,True,0,4.93214198521208,0.061405585621692065,True,52.77325728090972,-0.9168456219153995,-0.006820930823847826,89.42708168644542
2024-02-05,202.38999938964844,204.07000732421875,200.509994506836,202.19000244140625,201.794662475586,924100.0,-0.0112959799591936,-0.0113602641008625,3.560012817382784,51.07895491744747,PWR,924100.0,186478447.59368902,0.8605542178291584,-18.34408412123354,-1.1295979959193514,1.7641759071865746,-0.8379094086241167,음봉,199.2596374511719,199.90886764526368,197.09745305379232,False,True,0,5.046429225376692,0.06135791451084263,False,51.07895491744751,-0.6321942066773545,0.2222643875313579,77.17674987655965
2024-02-06,202.13999938964844,206.2899932861328,200.22999572753903,206.1100006103516,205.7069854736328,1010100.0,0.0193876436078688,0.0192020976102677,6.059997558593778,57.30772885157257,PWR,1010100.0,207784626.0269165,0.951156954506525,9.306352126393257,1.9387643607868599,2.9459366898216195,0.17113282870116722,양봉,201.02816467285157,199.93581314086913,197.70327580769856,True,True,1,5.333571297781829,0.06404505987141407,False,57.3077288515726,-0.08987808142811105,0.611664410224481,96.93476262220277
2024-02-07,207.58999633789065,210.94000244140625,206.1999969482422,208.8999938964844,208.4915313720703,1020300.0,0.0135364673787143,0.0134456678893476,4.740005493164063,58.37121006830265,PWR,1020300.0,212723909.45892334,0.9621149528513695,1.0098010098010146,1.353646737871439,2.2734762711801144,0.9153849879829201,양봉,203.99235534667972,200.17534255981445,198.3586664835612,True,True,1,5.426428658621668,0.07787895762849029,False,58.371210068302666,0.5581667388724725,1.0077673844200516,89.65580372309326
2024-02-08,208.8300018310547,211.77999877929688,207.07000732421875,207.7700042724609,207.36376953125,751500.0,-0.0054091493951748,-0.0054238318139643,4.709991455078125,56.30311637735798,PWR,751500.0,155833872.80273438,0.7122922678349516,-26.34519259041458,-0.5409149395174895,2.2713666257732275,0.16234254540552373,음봉,205.49142456054688,200.38143920898438,198.92043863932292,True,True,1,5.475714547293537,0.0777988574342236,False,56.303116377358,0.9695693801379832,1.1353360205484497,81.98192477433986
2024-02-09,208.0,211.0,206.42999267578125,210.1100006103516,209.6991729736328,684200.0,0.0112623504465705,0.0111994023657464,4.57000732421875,57.61387021131047,PWR,684200.0,143476174.14855957,0.6595950120963855,-8.955422488356623,1.1262350446570535,2.1793158549048615,0.30681852967286033,양봉,206.61122436523436,200.76269149780273,199.48505350748698,True,True,1,5.6378587995256755,0.0836663849131085,False,57.613870211310484,1.4671441528279843,1.3063286345907605,91.51029672779522
2024-02-12,209.3699951171875,212.1199951171875,209.3699951171875,211.6000061035156,211.186279296875,724100.0,0.0070916174925934,0.0070665902261349,2.75,71.52437608274099,PWR,724100.0,152919984.8388672,0.7083191001745244,5.831628178895065,0.709161749259346,1.3021679292593573,-0.15697623017650275,양봉,208.4895477294922,201.21879806518555,199.96454798380535,True,True,1,4.606430053710942,0.0908672307065753,False,71.52437608274104,1.958891910461091,1.4384611137790937,95.21171374198718
2024-02-13,207.6699981689453,209.0,205.82000732421875,206.83999633789065,206.43557739257807,725100.0,-0.0224953151318065,-0.0227521944300669,3.17999267578125,67.06087339231547,PWR,725100.0,149686437.16735837,0.7168764035422228,0.13810247203425163,-2.249531513180658,1.5404286005090417,-1.6650140054727123,음봉,208.63526611328126,201.49176406860352,200.35039850870768,True,True,0,4.528572082519536,0.09074413056438198,False,67.06087339231547,1.942867444327078,1.1379493181160645,69.47143278591768
2024-02-14,208.83999633789065,212.9499969482422,207.9499969482422,212.63999938964844,212.2242431640625,943500.0,0.0280410278334732,0.0276550765804223,5.0,67.94020984742414,PWR,943500.0,200233573.42529297,0.9376611985998299,30.11998345055855,2.8041027833473287,2.3559985067939153,1.1647308936192269,양봉,209.38180847167968,202.11454391479492,200.83970998128254,True,True,1,4.516429356166299,0.0956000416359058,False,67.94020984742417,2.3699456313281644,1.2520220040937204,96.26477582215298
2024-02-15,213.9100036621093,214.4900054931641,210.75,214.0599975585937,213.6414794921875,684500.0,0.0066780133456731,0.0066558141905822,3.740005493164091,71.89345588379412,PWR,684500.0,146237592.71240234,0.689358334931901,-27.450980392156865,0.6678013345673195,1.7505989483193298,0.7943298432420807,음봉,210.6373504638672,202.72085723876953,201.35580139160157,True,True,1,4.481430053710942,0.10230518666944144,False,71.89345588379415,2.790599010494816,1.3381403066082975,95.95361968725656
2024-02-16,214.0399932861328,214.1199951171875,211.009994506836,211.44000244140625,211.02658081054688,712500.0,-0.0122396581780658,-0.0123151796650285,3.110000610351534,66.94950531768616,PWR,712500.0,150356438.82751465,0.7269160137715261,4.090577063550027,-1.2239658178065826,1.473748282517816,0.1865339047887868,음봉,210.90283203125,203.17047653198242,201.81135126749675,True,True,1,4.508572169712614,0.10207878376628594,False,66.94950531768617,2.879773141956065,1.1418515504556368,83.48390805434069
2024-02-20,208.47999572753903,209.3600006103516,206.6100006103516,209.1999969482422,208.7909545898437,968800.0,-0.0105940503424553,-0.010650566807029,2.75,63.43596129396895,PWR,968800.0,202276676.80664057,0.9864464305916959,35.971929824561414,-1.0594050342455419,1.31710686672332,-1.2067603394920596,양봉,210.4237670898437,203.45691375732423,202.24244384765626,True,True,0,4.484285627092634,0.10193507194520152,False,63.43596129396892,2.738480433706343,0.8004470737647318,72.82283942981434
2024-02-21,207.8699951171875,212.07000732421875,206.5800018310547,211.22000122070312,210.80702209472656,1115600.0,0.0096559140162142,0.0096095936169617,5.490005493164063,69.83134805715105,PWR,1115600.0,235176313.84887695,1.1271451871310423,15.152766308835663,0.9655914016214462,2.6042801793846873,-0.4410916528761307,양봉,211.29805603027344,204.23838272094727,202.69965540568035,True,True,0,4.577142987932476,0.101545041951972,False,69.83134805715105,2.7573991620061236,0.6554926416516098,80.52362408677243
2024-02-22,222.1999969482422,235.9900054931641,221.07000732421875,232.92999267578125,232.47457885742188,2317000.0,0.1027838472712685,0.0978377530447015,14.91999816894534,77.78531649388148,PWR,2317000.0,538643599.2126465,2.2856037854612983,107.69092864826102,10.278384727126856,6.4179052360369555,5.4044569959325965,양봉,215.3481231689453,206.21700744628907,203.53844401041667,True,True,1,5.229286193847656,0.18817071072374578,True,77.78531649388148,4.469264241749357,1.8938861771158746,90.87613094441326
2024-02-23,235.509994506836,237.3099975585937,230.72000122070312,234.38999938964844,233.93170166015625,1515100.0,0.0062678801695046,0.0062483187053184,6.589996337890597,76.6826886988033,PWR,1515100.0,354429921.18530273,1.4765000696087984,-34.609408718170044,0.6267880169504636,2.817059975677931,1.3056978807458164,음봉,219.40616760253906,208.03344802856446,204.3494748433431,True,True,1,5.083572387695306,0.19353197304934552,False,76.6826886988033,5.875775006532706,2.6403175535193784,90.88917008734313
2024-02-26,234.3800048828125,239.0,233.22000122070312,235.63999938964844,235.1792755126953,1315700.0,0.0053330687704373,0.005318898318186,5.779998779296875,80.43675803330055,PWR,1315700.0,309425372.7920532,1.271829942108017,-13.160847468813941,0.5333068770437377,2.4576990326619415,0.19163850793832188,양봉,224.23670654296876,209.9966018676758,205.25395991007488,True,True,1,5.242142813546315,0.19766366284308406,False,80.4367580333005,7.010303291889954,3.0198766711013008,90.14515329827132
2024-02-27,239.0200042724609,241.07000732421875,236.19000244140625,239.57000732421875,239.10159301757807,1200100.0,0.0166779895734094,0.0165404391745122,4.8800048828125,80.4403225864778,PWR,1200100.0,286945821.78039545,1.1447885421666497,-8.786197461427381,1.667798957340949,2.040975478759665,1.6331068081542197,양봉,230.29883422851563,212.11794662475586,206.152818552653,True,True,1,5.157857622419081,0.21417808222996543,False,80.44032258647778,8.132180657822715,3.313403229627249,94.41584593860799
2024-02-28,239.9100036621093,239.9100036621093,236.509994506836,238.6300048828125,238.1634216308593,723000.0,-0.0039237354083615,-0.0039314534537996,3.4000091552733807,77.98906965396826,PWR,723000.0,172192153.83911127,0.6946007521067222,-39.755020414965415,-0.39237354083617726,1.4275950236149737,0.33810341216412954,음봉,235.77011413574215,214.18290023803712,206.99114786783855,True,True,1,5.062143598284026,0.21211317506746605,False,77.98906965396814,8.84363009990841,3.2198821373703543,91.75436682734906
2024-02-29,239.8099975585937,242.1499938964844,236.8500061035156,241.509994506836,241.0377655029297,1712700.0,0.0120687881135896,0.0119965409995104,5.299987792968807,80.75093937790227,PWR,1712700.0,412825380.9768677,1.6322976799912863,136.88796680497924,1.2068788113589912,2.1988204968255847,0.6913639031801067,양봉,237.48275146484372,216.5512596130371,207.84013773600262,True,True,1,5.1042861938476465,0.19011361150511205,False,80.75093937790217,9.52954378820445,3.124636660533114,96.93853893575675
2024-03-01,239.9199981689453,242.5399932861328,238.97999572753903,240.88999938964844,240.4190216064453,845900.0,-0.0025669998026797,-0.0025703001959556,3.5599975585937784,78.96124491336604,PWR,845900.0,203370450.3768921,0.8152479703589027,-50.61014771997431,-0.2566999802679715,1.480747045223954,-0.4637312047977764,양봉,238.78021545410152,218.57878952026368,208.6939458211263,True,True,1,5.032142639160148,0.17953756223773762,False,78.96124491336596,9.908983275460969,2.8032609182317065,94.22393112598853
2024-03-04,242.2700042724609,245.4100036621093,240.5599975585937,243.33999633789065,242.86422729492188,806300.0,0.0101705999472838,0.0101192274282334,4.850006103515625,79.33456660127288,PWR,806300.0,195821426.4678955,0.790181550623706,-4.681404421326397,1.0170599947283865,1.997003081736693,0.7698985935670134,양봉,240.31720581054682,220.5169921875,209.59199956258138,True,True,1,5.1821430751255475,0.186242177584281,False,79.3345666012728,10.288401181931164,2.546143059761521,93.56964737894931
2024-03-05,241.8099975585937,243.9499969482422,239.13999938964844,239.7100067138672,239.24131774902344,1122900.0,-0.0149174276765715,-0.0150298115535888,4.80999755859375,81.02699980228914,PWR,1122900.0,268644075.7003784,1.0985727174893742,39.26578196700981,-1.491742767657156,2.0105212610639804,-0.4340819346144294,음봉,240.34515075683595,222.3893249511719,210.38943354288736,True,True,0,5.298571995326441,0.16708194887253405,False,81.02699980228903,10.179412157049171,1.9497232279036218,84.11360900799032
2024-03-06,240.97000122070312,243.5800018310547,240.57000732421875,241.8000030517578,241.3272399902344,688000.0,0.0087189046642821,0.0086811145152863,3.009994506835937,79.59805610938824,PWR,688000.0,166033141.11328128,0.6730779682809833,-38.73007391575385,0.8718904664282157,1.2472667847018597,0.7225689475148127,양봉,240.97791442871093,224.17033767700195,211.1795664469401,True,True,1,5.156428745814722,0.1625043271997582,False,79.59805610938814,10.144415553867304,1.5317812997774034,89.48554344746474
2024-03-07,243.5,245.4199981689453,242.4900054931641,244.32000732421875,243.8423309326172,851800.0,0.0104219106905816,0.0103679769838915,2.9299926757812216,80.0436923430019,PWR,851800.0,207704897.48840332,0.8339028563170433,23.808139534883722,1.0421910690581626,1.2015931214957458,0.9003376534922124,양봉,241.53882751464843,225.9378776550293,211.93064295450847,True,True,1,5.0985706874302315,0.16556211790726474,False,80.0436923430018,10.202024722802435,1.2715123749700261,95.93803453892446
2024-03-08,243.509994506836,245.17999267578125,240.509994506836,242.0599975585937,241.5867156982422,802000.0,-0.009250302134777,-0.0092933518672556,4.669998168945284,80.61998627077158,PWR,802000.0,193752545.98999023,0.7876620501724171,-5.846442826954679,-0.9250302134777066,1.933052550281114,-0.13629152268603853,음봉,241.77236633300782,227.6490249633789,212.60239181518554,True,True,0,5.209999084472642,0.1643176532210345,False,80.61998627077148,9.950962603154125,0.8163602042573732,90.13057973189473
2024-03-11,240.77999877929688,242.13999938964844,236.57000732421875,239.13999938964844,238.6724090576172,843100.0,-0.0120631907768685,-0.0121365415558697,5.569992065429688,79.53825078668177,PWR,843100.0,201224708.07647705,0.8335263544432517,5.124688279301748,-1.206319077686857,2.333739407677011,-0.333924370226116,음봉,240.9340026855469,229.09768676757812,213.16720708211264,True,True,0,5.4114270891461915,0.1632786173785711,False,79.53825078668171,9.408379927218533,0.2190220226574251,82.62721486215624
2024-03-12,239.6100006103516,242.509994506836,237.82000732421875,241.7700042724609,241.2972869873047,777200.0,0.0109978272731718,0.0109377909491525,4.689987182617216,79.78160661887011,PWR,777200.0,187536251.4465332,0.7769138983739321,-7.816391887083385,1.099782727317189,1.9436551654490826,0.39283617089902595,양봉,241.34519653320314,230.6032371520996,213.6924685160319,True,True,0,5.354282924107133,0.16221261245941074,False,79.78160661887004,9.08545350681996,-0.08312351819291841,83.06894155348944
2024-03-13,241.5,243.02999877929688,240.509994506836,241.8300018310547,241.357162475586,484600.0,0.0002481399149938,0.0002481091333771,2.520004272460909,65.01345495491552,PWR,484600.0,116961680.93566898,0.48812456931078535,-37.6479670612455,0.024813991499406107,1.0440975716706924,0.08400965266798785,음봉,241.35118103027344,232.34931640625,214.12694600423177,True,True,1,4.468569074358243,0.15085637816763828,False,65.01345495491549,8.733686937119018,-0.347912070315088,72.36165621214535
2024-03-14,244.33999633789065,245.42999267578125,239.82000732421875,242.3600006103516,241.88612365722656,714800.0,0.00219161170199,0.0021892136241949,5.6099853515625,63.880165911996805,PWR,714800.0,172900201.19018555,0.7238841718454124,47.50309533635988,0.21916117019897818,2.3192671273331626,1.2358588540360311,음봉,240.9599395751953,233.8324104309082,214.58320846557618,True,True,1,4.398568289620523,0.14989956387217898,False,63.88016591199674,8.40075348603554,-0.5446764171188523,70.97566340162511
2024-03-15,240.07000732421875,243.9900054931641,240.07000732421875,242.75,242.275390625,1007800.0,0.001609298466104,0.0016080049329288,3.919998168945341,62.76481338242538,PWR,1007800.0,244165138.671875,1.028432311078931,40.990486849468375,0.16092984661040255,1.6179927143375505,-0.7508146005024271,양봉,241.09767456054686,235.26410598754882,215.0462910970052,True,True,1,4.265711103166843,0.14898735272701805,False,62.76481338242533,8.07522574274654,-0.6961633283262838,65.85924908182947
2024-03-18,245.0,246.9600067138672,242.67999267578125,243.8099975585937,243.33328247070312,527600.0,0.0043664849449795,0.0043569795097736,4.2800140380859375,58.48674023343076,PWR,527600.0,128382639.83154297,0.5469885743719031,-47.64834292518357,0.43664849449795984,1.758910246320802,1.1245918819783143,음봉,242.02984924316405,236.87944107055665,215.48194580078126,True,True,1,4.222854614257803,0.14797137389535264,False,58.48674023343073,7.812547507146064,-0.767073251141408,65.29454539082877
2024-03-19,243.3600006103516,246.6999969482422,242.6100006103516,246.38999938964844,245.90826416015625,583400.0,0.0105821187439212,0.0105265200163069,4.089996337890597,64.5755128764732,PWR,583400.0,143462881.31103516,0.6171202331860249,10.576194086429114,1.0582118743921232,1.6632203687253249,0.010980059684882085,양봉,242.95204467773436,238.73530654907228,216.04049326578777,True,True,1,4.272139413016181,0.14702995787602363,False,64.57551287647327,7.723125235026316,-0.6851964186089248,89.87735692497934
2024-03-20,246.0,250.3800048828125,245.6699981689453,249.509994506836,249.0221405029297,822400.0,0.0126627559810084,0.0125832537281086,4.710006713867188,64.89204022180506,PWR,822400.0,204795808.34960938,0.8709740865574542,40.966746657524844,1.2662755981008411,1.891400782418291,0.03730490317478874,양봉,244.48504028320312,240.64606246948242,216.6584213256836,True,True,1,4.229997907366065,0.06876306836562636,False,64.89204022180506,7.813452619142026,-0.47589522759457203,90.16752628578247
2024-03-21,252.25,256.45001220703125,251.13999938964844,256.29998779296875,255.7988739013672,973900.0,0.0272133770304563,0.0268496766787873,5.3100128173828125,73.3271833173797,PWR,973900.0,249122523.2925415,1.0412807836628295,18.42169260700388,2.7213377030456343,2.0758546495518533,1.296213858956986,양봉,247.26759033203126,241.8122772216797,217.36285756429035,True,True,1,4.3549989972795675,0.09043036396851084,False,73.3271833173797,8.33577385934575,0.03714081008732073,96.72465721461158
2024-03-22,256.5899963378906,257.5199890136719,255.2100067138672,255.9199981689453,255.41961669921875,910500.0,-0.0014826382789108,-0.0014837384746398,2.3099822998046875,70.31644900776975,PWR,910500.0,232559561.00463867,0.9823537168682643,-6.5099086148475145,-0.14826382789108195,0.9043871922041582,0.3092751834507623,음봉,249.896435546875,242.8866729736328,218.05066401163737,True,True,1,4.173568725585931,0.08489390601892055,False,70.31644900776975,8.619751192560813,0.2568945146419068,89.97434773171894
2024-03-25,255.5,256.510009765625,253.1499938964844,255.5399932861328,255.0403594970703,693100.0,-0.0014848397591757,-0.0014859432261807,3.3600158691405966,78.56358602516582,PWR,693100.0,176768473.16741943,0.75193989343932,-23.87699066447008,-0.14848397591757934,1.3174447666896398,0.0314710756440877,음봉,252.23785095214845,243.87972717285157,218.71070048014323,True,True,1,4.069998604910706,0.07231208790884303,False,78.56358602516582,8.713755637585706,0.28071916773344086,88.16404924186695
2024-03-26,257.0400085449219,260.6000061035156,256.010009765625,259.17999267578125,258.6732482910156,1093200.0,0.0142443682290489,0.0141438704432544,4.589996337890625,79.6991389039836,PWR,1093200.0,282781595.0317383,1.1793789011327733,57.726157841581305,1.4244368229048954,1.7744379707663984,0.7840520032965734,양봉,254.7908477783203,244.85830993652343,219.4226387023926,True,True,1,4.182855878557469,0.08376202002485952,False,79.6991389039836,8.97790687992753,0.4358963280602115,91.9818647092067
2024-03-27,261.94000244140625,262.010009765625,258.3999938964844,259.75,259.2421264648437,626400.0,0.0021992153328049,0.002196800598464,3.610015869140625,78.24959287194201,PWR,626400.0,162389268.0175781,0.6731129718103497,-42.70032930845225,0.21992153328049824,1.3925267156108543,1.2628882855004095,음봉,256.8348449707031,245.91224517822266,220.15370661417643,True,True,1,4.231428963797427,0.08364657641313791,False,78.24959287194201,9.127931247424584,0.4687365564458119,89.11995662281743
2024-03-28,259.69000244140625,261.3399963378906,259.0599975585937,259.79998779296875,259.2919921875,745700.0,0.0001923519272746,0.0001923334300146,2.279998779296932,85.33857737262424,PWR,745700.0,193354038.57421875,0.7973438335355867,19.04533844189016,0.019235192727462547,0.8793170818974665,0.17276357923383032,음봉,257.53346862792966,246.82495651245117,220.9942258199056,True,True,1,4.060714721679689,0.08353929611182835,False,85.33857737262424,9.145427590177775,0.38898631935920136,89.31596966476252
2024-04-01,259.8599853515625,260.3699951171875,257.0299987792969,259.260009765625,258.75311279296875,810000.0,-0.0020782724139879,-0.0020804350189423,3.339996337890625,94.27843136991012,PWR,810000.0,209590021.3623047,0.8611887881759099,8.622770551159986,-0.20782724139879472,1.2908043122028037,0.21905542059770636,음봉,258.2001678466797,247.74166107177734,221.95101826985677,True,True,1,3.9014293125697566,0.08323018034463235,False,94.27843136991012,9.011926623937171,0.20438828249487706,86.53618584559798
2024-04-02,256.92999267578125,256.92999267578125,252.69000244140625,256.1000061035156,255.5992584228516,916900.0,-0.0121886625288275,-0.0122635534448472,4.239990234375,80.81727961870904,PWR,916900.0,234358960.04791263,0.9673382444306381,13.197530864197526,-1.2188662528827554,1.6588429326976202,-0.7045790087349398,음봉,258.31194763183595,248.37841262817383,222.88302561442057,True,True,0,3.8692866734095963,0.0830168085531275,False,80.81727961870904,8.553042308908118,-0.20359682602734175,71.10973124179999
2024-04-03,255.27999877929688,263.1099853515625,255.27999877929688,262.2900085449219,261.7771911621094,862200.0,0.0241703860072914,0.0238829053608508,7.829986572265625,84.8196969216015,PWR,862200.0,225704294.2199707,0.9127872488804121,-5.9657541716653935,2.417038600729149,2.991088160701056,-0.12490632622515185,양봉,258.9327362060547,249.5052062988281,223.93446629842123,True,True,1,4.248571123395649,0.09260240476433179,True,84.81969692160149,8.588873536345716,-0.13421247887179533,94.27739181252834
2024-04-04,264.95001220703125,265.82000732421875,256.8800048828125,258.2900085449219,257.7850036621094,969100.0,-0.0152503259824794,-0.0153678081618741,8.94000244140625,74.24663055401845,PWR,969100.0,249819447.0489502,1.0326488845288635,12.39851542565531,-1.525032598247944,3.468007182110687,1.2120311287766317,음봉,258.6413116455078,250.32809448242188,224.81141510009766,True,True,0,4.486429486955918,0.09229799856170204,True,74.24663055401845,8.200602434921109,-0.41798686423712184,68.7961022830704
2024-04-05,259.489990234375,265.0,259.489990234375,263.20001220703125,262.6853942871094,652100.0,0.0190096031785587,0.0188311783164545,5.510009765625,77.36154659352748,PWR,652100.0,171297145.61462402,0.7022207256330402,-32.71076256320297,1.900960317855871,2.0975699012799622,0.6613986647960441,양봉,259.3199920654297,251.27024765014647,225.79448928833008,True,True,1,4.600001743861607,0.09556636909486561,False,77.36154659352748,8.193861622580783,-0.33978214126195816,86.49456212678925
2024-04-08,263.95001220703125,264.3900146484375,260.7300109863281,262.260009765625,261.8367614746094,534600.0,-0.0032306052447379,-0.0032358349162352,3.660003662109375,74.94563012687541,PWR,534600.0,139977932.68432617,0.5775396117703546,-18.018708786995862,-0.32306052447379496,1.3978188706188568,0.48141919856407217,음봉,259.9367218017578,252.28274993896486,226.7710713704427,True,True,1,4.55571528843471,0.09518282655196078,False,74.94563012687541,8.027505814506952,-0.40491035946863185,82.838239132307
2024-04-09,263.19000244140625,263.5199890136719,253.6499938964844,256.3999938964844,255.98622131347656,1026800.0,-0.0223442274804492,-0.0225976417424989,9.869995117187472,62.484098802339766,PWR,1026800.0,262846652.04467773,1.1101188228914256,92.06883651328096,-2.2344227480449286,3.8556743665905504,0.5168261932265383,음봉,260.0141143798828,253.1484405517578,227.66960627237955,True,True,0,4.968572344098773,0.08448840235076129,True,62.484098802339766,7.3389787632532375,-0.8747499285778773,51.19711393198748
2024-04-10,250.6499938964844,257.0400085449219,249.3099975585937,254.3000030517578,253.8896026611328,749900.0,-0.008190357440279,-0.0082240826919277,7.730010986328153,56.18547305603796,PWR,749900.0,190391813.0355835,0.8086309977184151,-26.967276977015974,-0.8190357440279072,3.0446347173363573,-2.0845760328863565,양봉,258.4365966796875,253.7780563354492,228.53336385091146,True,True,0,5.184286934988843,0.08404285271745983,True,56.18547305603796,6.548647776320479,-1.3320647324085089,27.738354898336663
2024-04-11,254.19000244140625,258.2300109863281,251.9499969482422,258.0,257.5836181640625,617500.0,0.0145496919299215,0.0144448607795074,6.2800140380859375,52.46082022431723,PWR,617500.0,159057884.2163086,0.6667620755020961,-17.655687424989996,1.4549691929921504,2.438048693797761,0.11831905565443024,양봉,258.3963195800781,254.58937911987306,229.47681986490886,True,True,0,5.253572736467638,0.08169732257404777,False,52.46082022431723,6.149493421819727,-1.3849752695274091,50.11275415896505
2024-04-12,255.9900054931641,257.8699951171875,252.94000244140625,254.69000244140625,254.2789764404297,632500.0,-0.0128293939932468,-0.0129124013890164,4.92999267578125,48.54467786204138,PWR,632500.0,160831452.59857178,0.6842581558042813,2.429149797570851,-1.2829393993246896,1.9388125376288066,-0.618677803447652,음봉,256.7150360107422,255.2090217590332,230.38532536824545,True,True,0,5.440716334751678,0.07997367617113621,False,48.54467786204138,5.503067810888979,-1.625120704366526,30.096765249538134
2024-04-15,258.7099914550781,259.7099914550781,248.2700042724609,248.88999938964844,248.4883270263672,794700.0,-0.02277282021158,-0.0230361260389544,11.439987182617216,42.65466809720742,PWR,794700.0,197473673.487854,0.8557737176495925,25.644268774703562,-2.2772820211580003,4.60383283171419,1.7425801679229656,음봉,254.04534912109375,255.51966857910156,231.16821060180663,False,True,0,6.017857142857151,0.07573629037647014,True,42.65466809720742,4.471963828429466,-2.124979749460831,1.2440040794432272
2024-04-16,247.75,250.0800018310547,245.3000030517578,248.69000244140625,248.2886657714844,756300.0,-0.0008035035579824,-0.0008038265399893,4.779998779296875,37.38717167104539,PWR,756300.0,187780717.92297366,0.8121127725612448,-4.832012080030202,-0.08035035579824212,1.9251780037741262,-0.29712744868246604,양봉,252.5058380126953,255.76743774414064,231.93911844889323,False,True,0,6.031428745814741,0.06559525432528392,False,37.38717167104539,3.5972288836238135,-2.3997717554131874,14.564630104573387
2024-04-17,249.07000732421875,250.259994506836,243.0200042724609,245.9600067138672,245.5630645751953,911900.0,-0.0109775498121111,-0.0110382477304215,7.239990234375057,34.21287404723866,PWR,911900.0,223928958.5861206,0.9707407576379701,20.573846357265644,-1.0977549812111187,2.9483221537814313,0.314690785544542,음봉,250.8405303955078,255.75017776489258,232.64746602376303,False,True,0,6.290712629045773,0.0669494342547608,False,34.21287404723866,2.6534742999994876,-2.674821071230011,11.153771764685521
2024-04-18,246.9199981689453,251.6100006103516,244.47000122070312,245.67999267578125,245.28350830078125,1114500.0,-0.0011384296530818,-0.0011390781563496,7.139999389648466,33.91794835861681,PWR,1114500.0,273368470.0012207,1.1733480614234888,22.217348393464185,-0.11384296530818627,2.9109170197015337,0.5525804933642557,음봉,248.38050842285156,255.56324615478516,233.4825637817383,False,True,0,6.637855529785169,0.06809228732283534,False,33.91794835861681,1.8615256294003757,-2.7734157934632986,9.927647918213015
2024-04-19,246.6600036621093,248.2100067138672,242.6100006103516,243.259994506836,242.867416381836,1134700.0,-0.0098502012454197,-0.0098990354266749,5.600006103515597,32.51643673431688,PWR,1134700.0,275581657.3684693,1.1843859297414885,1.812471960520412,-0.9850201245419687,2.3057873250116314,0.5611854506093003,음봉,246.09819641113282,254.9166732788086,234.31531931559246,False,True,0,6.79928479875838,0.07774296459454409,False,32.5164367343169,1.0271023796487384,-2.886271234571949,1.109072369766298
2024-04-22,246.02999877929688,248.4900054931641,243.6000061035156,245.5599975585937,245.1636962890625,739800.0,0.0094548702392267,0.0094104527087762,4.889999389648494,38.29380002143007,PWR,739800.0,181372102.51464844,0.7712817627444004,-34.80215034810963,0.9454870239226754,1.9945854397148979,1.3021847247259677,음봉,245.4332702636719,254.40387725830078,235.107999420166,False,True,0,6.8457140241350585,0.0778996692929795,False,38.293800021430044,0.5448261238140901,-2.6948379923252777,11.002563291742462
2024-04-23,248.1199951171875,252.5399932861328,246.3000030517578,251.9499969482422,251.5433807373047,816900.0,0.0260221417151427,0.025689327134767,6.239990234375,38.57184482397263,PWR,816900.0,205485787.7243042,0.8885618043098046,10.421735604217353,2.602214171514272,2.480681549275842,1.205846898571536,양봉,246.08421325683594,254.2290283203125,236.03511912027994,False,True,0,6.732142857142871,0.07795324568642091,False,38.57184482397261,0.6696862084323243,-2.055982326165635,38.48934744864041
2024-04-24,253.8500061035156,259.4100036621094,251.6300048828125,253.17999267578125,252.7714080810547,1027700.0,0.0048819704185834,0.0048700922445752,7.779998779296875,44.0329101519581,PWR,1027700.0,259773176.0848999,1.121193282375066,25.80487207736566,0.48819704185834034,3.077879273751606,0.9169890932728603,음봉,247.5258819580078,253.93393630981444,236.97006429036458,False,True,0,6.649285452706487,0.07804383373592994,False,44.0329101519581,0.8578416046183293,-1.4942615439837041,45.383688020112366
2024-04-25,251.27999877929688,256.260009765625,247.7400054931641,255.19000244140625,254.7781677246093,604200.0,0.0079390294131334,0.007907681126463,8.520004272460909,39.89278954701978,PWR,604200.0,153936968.93920892,0.6644973316830559,-41.208523888294245,0.7939029413133181,3.34408726954588,-0.5900229432909482,양봉,249.42481384277343,253.71073837280272,237.93529459635417,False,True,0,6.8642850603376235,0.07811249154205224,False,39.89278954701968,1.1555642187271928,-0.9572311438998726,55.86849986863953
2024-04-26,256.3299865722656,262.9100036621094,255.1999969482422,261.6600036621094,261.2377319335937,1179900.0,0.0253536802885188,0.0250376070129698,7.7100067138671875,49.330359427334265,PWR,1179900.0,308234399.9084472,1.290679200662584,95.28301886792451,2.535368028851903,2.9513373343124343,0.6090862735670909,양봉,253.09887695312494,253.80802536010742,239.0614138285319,False,True,0,7.153570992606039,0.07808255029428354,False,49.33035942733426,1.8909467254411254,-0.17747890974875213,89.08532594061226
2024-04-29,263.9700012207031,265.7099914550781,261.3299865722656,262.3399963378906,261.9166259765625,884700.0,0.0025987595204715,0.0025953885838549,4.3800048828125,57.49620517330835,PWR,884700.0,231717639.00146484,0.9699374908637816,-25.019069412662088,0.2598759520471505,1.672289747350534,1.0458938174382755,음봉,256.44946289062494,253.9662010192871,240.09555053710938,True,True,1,6.761428833007827,0.07803391878814746,False,57.49620517330836,2.499708650363317,0.3450264121387514,83.57849791364048
2024-04-30,260.8999938964844,264.8900146484375,257.6400146484375,258.5599975585937,258.1427307128906,1066500.0,-0.0144087655741624,-0.0145135798850465,7.25,55.157391923151934,PWR,1066500.0,275309222.30529785,1.1739643212831756,20.549338758901325,-1.4408765574162485,2.808523788362468,-0.3881510294688577,음봉,257.76933288574213,254.09337463378907,240.99625981648762,True,True,1,6.727142333984385,0.077994862848494,False,55.15739192315195,2.6471206941505727,0.3939507647408056,67.24128250503173
2024-05-01,258.0,260.739990234375,252.9100036621093,256.010009765625,255.59686279296875,1184200.0,-0.0098622491243165,-0.009911203234223,7.829986572265653,47.52183270638768,PWR,1184200.0,302677804.9194336,1.3037724934946464,11.036099390529763,-0.9862249124316547,3.0634126282715495,-0.05529139344596605,음봉,258.33442382812495,253.78435821533202,241.89296315511066,True,True,0,6.837854657854369,0.07808983203156335,False,47.52183270638768,2.52935866425625,0.22095098787718648,56.22020489060892
2024-05-02,245.0,257.8099975585937,245.0,255.0,254.58848571777344,1442600.0,-0.0039451856496849,-0.0039529884236125,12.809997558593691,50.40952395565738,PWR,1442600.0,367269349.49645996,1.5797526177464436,21.82063840567472,-0.39451856496849347,5.031648435504794,-4.145928348718473,양봉,258.29648742675784,253.62453231811523,242.70765482584636,True,True,0,7.400712149483829,0.07813904169339644,True,50.40952395565739,2.327830028975825,0.015537882077409026,51.85493443672251
2024-05-03,257.4599914550781,257.8699951171875,251.2899932861328,256.3299865722656,255.9163360595703,970800.0,0.005215673199254,0.0052021186859731,6.580001831054688,61.14442826662273,PWR,970800.0,248443579.04663086,1.0660786654929884,-32.70483848606682,0.521567319925409,2.5711534997605794,1.1279008668474988,음봉,257.2322082519531,253.28607940673828,243.4980682373047,True,True,0,7.053570338657934,0.07520827689916752,False,61.14442826662275,2.249334629409674,-0.05036601399099361,57.603206592856324
2024-05-06,259.8599853515625,270.4200134277344,259.4700012207031,269.5,269.0650634765625,1382100.0,0.0513790077626443,0.0501026432181965,10.95001220703125,72.44875011953083,PWR,1382100.0,371874824.23095703,1.5057247849206692,42.36711990111248,5.137900776264437,4.0696521746626075,1.5409916196495617,양봉,258.6618957519531,253.64749450683593,244.52642313639322,True,True,1,7.4942855834961035,0.10328368173185509,False,72.44875011953086,3.211103274074759,0.7291221045392731,95.12783413632604
2024-05-07,270.6199951171875,271.9599914550781,266.8099975585937,266.8800048828125,266.44927978515625,1116600.0,-0.0097217515258501,-0.0097693162784034,5.149993896484432,72.62109018265787,PWR,1116600.0,297517265.80810547,1.2142403424586599,-19.20989798133276,-0.9721751525850197,1.9328233503340606,0.5779017240417189,음봉,260.3232055664063,254.17064743041993,245.4722582499186,True,True,1,7.345000130789629,0.10307109557919429,False,72.6210901826579,3.719365441673716,0.989907417710584,81.22414518261422
2024-05-08,265.8399963378906,266.989990234375,263.8800048828125,264.9800109863281,264.5523681640625,977800.0,-0.0071192221747541,-0.0071446847581023,3.1099853515625,70.16300238097674,PWR,977800.0,258679305.5908203,1.0640836737690333,-12.430592871216195,-0.7119222174754136,1.1755651151963376,-0.22866770282017773,음봉,262.114306640625,254.70378570556642,246.36169306437174,True,True,1,7.05714198521206,0.1028553502734764,False,70.16300238097676,3.9238700255267247,0.9555296012508738,74.76107120371866
2024-05-09,266.42999267578125,271.9100036621094,264.989990234375,270.1700134277344,269.7340087890625,1013300.0,0.0195864458177392,0.019397099804294,6.920013427734375,76.57518826611637,PWR,1013300.0,273321471.10595703,1.0977519762421049,3.630599304561266,1.9586445817739273,2.5654953406880057,0.7097364218468605,양봉,265.14341125488284,255.3113052368164,247.41666692097982,True,True,1,7.151428222656258,0.10523071973764007,False,76.57518826611636,4.452728196345731,1.187510217655904,92.15097385128593
2024-05-10,272.5400085449219,272.8699951171875,267.8099975585937,271.4800109863281,271.0419006347656,949800.0,0.004848820701456,0.0048371030330084,5.059997558593807,76.10801993623066,PWR,949800.0,257435597.2229004,1.0242815253282755,-6.266653508339093,0.48488207014560913,1.8668691249373486,1.0402840073658357,음봉,268.16852416992185,256.1494514465332,248.3969612121582,True,True,1,7.163570949009495,0.10999236615117472,False,76.10801993623066,4.9206656774554745,1.3243581590125175,93.44063579941397
2024-05-13,272.0,273.0,265.1499938964844,265.42999267578125,265.00164794921875,743400.0,-0.0222853096565546,-0.0225373791733014,7.850006103515625,63.67142003731891,PWR,743400.0,197002225.08544922,0.8014312555828208,-21.730890713834494,-2.228530965655462,2.962248032895211,0.3534875467558918,음봉,267.3558410644531,256.9751174926758,249.2529640197754,True,True,0,7.278572082519539,0.10963895854131733,False,63.67142003731891,4.749363880874455,0.9224450899451981,71.43445696149554
2024-05-14,266.17999267578125,268.1199951171875,260.1499938964844,263.3599853515625,262.9349365234375,1041800.0,-0.0077988625420822,-0.0078294327160092,7.970001220703125,60.15152369558094,PWR,1041800.0,273925616.8701172,1.1170710868370126,40.13989776701641,-0.7798862542082285,3.0311685948180167,0.4446556222126972,음봉,266.65297241210936,257.7074310302734,250.11810328165691,True,True,0,7.292143685477129,0.10932740332823354,False,60.15152369558094,4.396163397953785,0.4553956856196222,64.0533447265625
2024-05-15,265.510009765625,271.5400085449219,265.5,270.7900085449219,270.35302734375,803200.0,0.0282126480352726,0.0278220017066477,6.040008544921875,64.03887754338555,PWR,803200.0,217147551.5625,0.8632934456602962,-22.902668458437326,2.821264803527268,2.2341190717432178,0.9793575841367749,양봉,267.8131042480469,258.94692916870116,251.14413782755534,True,True,1,7.115001133510055,0.10880408716712085,False,64.03887754338561,4.661097177366116,0.576263572025562,90.54652622767857
2024-05-16,269.7200012207031,271.1600036621094,263.739990234375,263.82000732421875,263.394287109375,701800.0,-0.0257394574151635,-0.0260765135903187,7.420013427734375,51.926540324414326,PWR,701800.0,184850110.69335938,0.7540843806869639,-12.624501992031878,-2.573945741516359,2.817074549780649,-0.2341479691447995,음봉,266.5451599121094,259.8524681091309,252.02059224446614,True,True,0,7.094287327357711,0.1084249245656467,False,51.926540324414326,4.260435280119509,0.1404813398231637,65.69388253348214
2024-05-17,266.8399963378906,266.8399963378906,262.7300109863281,264.3999938964844,263.97332763671875,795500.0,0.0021983792196043,0.0021959663196733,4.1099853515625,51.840620819657175,PWR,795500.0,209990782.13500977,0.8535567632747395,13.351382160159586,0.21983792196043073,1.556969936454595,1.3081943675888412,음봉,265.1314453125,260.907763671875,252.54557139078776,True,True,0,7.075000217982711,0.09918525988459388,False,51.840620819657175,3.9441656843996498,-0.1406306047173569,67.76188441685268
2024-05-20,264.3999938964844,268.57000732421875,264.3999938964844,267.6600036621094,267.2280578613281,657200.0,0.0123297692753585,0.0122543767525168,4.170013427734375,58.207069523616816,PWR,657200.0,175622279.62646484,0.708925694267276,-17.3852922690132,1.232976927535856,1.5604699076540487,0.16163233747343025,양봉,265.57672729492185,262.01098175048827,253.1005106608073,True,True,1,6.855001177106595,0.07441871240354833,False,58.207069523616816,3.9110649571304634,-0.1389850655892344,79.38592093331474
2024-05-21,266.2799987792969,272.67999267578125,266.2799987792969,272.04998779296875,271.6109313964844,751200.0,0.0164012475719546,0.0162681999050259,6.399993896484375,64.00134156988224,PWR,751200.0,204034131.66503906,0.8154117324759773,14.30310407790627,1.6401247571954602,2.356309395788631,-0.35477527682486976,양봉,267.3119262695312,263.0143592834473,253.70770492553712,True,True,1,6.752858843122214,0.07162925768294867,False,64.00134156988224,4.190191735354972,0.11211337010821953,95.03904070172992
2024-05-22,272.9599914550781,274.1300048828125,268.45001220703125,271.1000061035156,270.6625061035156,588400.0,-0.0034918524379429,-0.0034979631840299,5.67999267578125,64.06850682399913,PWR,588400.0,159257818.5913086,0.6583022999344703,-21.671991480298193,-0.34918524379429217,2.09855171946458,0.49668842548330944,음봉,267.3738220214844,263.90891418457034,254.23372014363608,True,True,1,6.2435727800641825,0.06450121524430935,False,64.06850682399913,4.285471475717429,0.16591448837654177,84.81831427878541
2024-05-23,275.7900085449219,281.0799865722656,273.1199951171875,276.54998779296875,276.10369873046875,2084200.0,0.0201032374423966,0.0199038353532917,7.959991455078125,66.48189817792041,PWR,2084200.0,575455328.894043,2.308473718077195,254.21481985044187,2.0103237442396615,2.882971684797542,1.8944265739729842,양봉,269.91570434570315,264.9751907348633,254.8660580952962,True,True,1,6.342143467494428,0.08119708472716466,False,66.48189817792041,4.745338815465232,0.5006254624994755,76.9722757288354
2024-05-24,278.0,285.9700012207031,278.0,283.42999267578125,282.9725952148437,1165800.0,0.0248779589551255,0.0245735410676152,7.970001220703125,62.65214040449354,PWR,1165800.0,329889451.5014648,1.2946597449298867,-44.06486901448997,2.4877958955125568,2.8165275915330223,0.6868076299776089,양봉,273.71555786132814,266.06193389892576,255.56497192382812,True,True,1,6.129285539899562,0.10668233926260602,False,62.65214040449354,5.599501962847796,1.0838308879056315,88.39114966846692
2024-05-28,286.8699951171875,286.8699951171875,278.739990234375,279.6400146484375,279.188720703125,1251300.0,-0.0133718762018132,-0.0134620848132015,8.1300048828125,61.34830397706885,PWR,1251300.0,349348846.2158203,1.3883573115512842,7.334019557385485,-1.3371876201813238,2.9120105075654297,1.37730648417906,음봉,276.1076904296875,266.92553863525393,256.2111335754395,True,True,1,6.342143467494424,0.10633718168067958,False,61.34830397706885,5.903058576382534,1.1099100011522953,71.25271682955271
2024-05-29,276.25,281.79998779296875,276.25,277.9700012207031,277.5213928222656,877200.0,-0.0059720459933347,-0.0059899499778759,5.54998779296875,61.6002655426236,PWR,877200.0,243441765.7836914,0.9706454213496466,-29.89690721649485,-0.5972045993334785,1.999841430791303,-1.0525929184115876,양봉,277.28978271484374,267.8944717407227,256.78875300089516,True,True,1,6.516429356166299,0.10595257644786846,False,61.600265542623596,5.940610296475029,0.9179693769958313,65.01271756051264
2024-05-30,278.1300048828125,281.3699951171875,277.010009765625,279.760009765625,279.3085632324219,632100.0,0.0064397572813452,0.0064191106366057,4.3599853515625,59.11771697730475,PWR,632100.0,176550942.81921387,0.7129674886266589,-27.941176470588236,0.6439757281345271,1.560992366687452,0.21930275513450287,양봉,279.018994140625,269.08005676269534,257.45654042561847,True,True,1,6.333570207868307,0.10548574219345626,False,59.11771697730475,6.044898197682755,0.8178058225628462,71.70122926900582
2024-05-31,281.1000061035156,284.32000732421875,269.6099853515625,275.94000244140625,275.49468994140625,1867900.0,-0.0136546951761087,-0.0137487779557748,14.71002197265625,54.04716613216304,PWR,1867900.0,514596531.34155273,2.0690111698545794,195.50704002531245,-1.3654695176108733,5.339493830456354,0.6413848721147268,음봉,278.8971923828125,270.12536697387696,258.0259979248047,True,True,0,7.022857666015625,0.10016185987408548,True,54.047166132163035,5.753476909628432,0.4211076276068182,57.42775203555206
2024-06-03,278.2699890136719,279.3999938964844,265.0199890136719,271.9700012207031,271.53106689453125,1046600.0,-0.0143872938085231,-0.0144917944520958,14.3800048828125,56.16744304030996,PWR,1046600.0,284184414.6118164,1.154406949993522,-43.96916323143637,-1.4387293808523105,5.2958967263948535,1.0073875009554236,음봉,276.60888671875,270.906103515625,258.4874768575033,True,True,0,7.489286150251116,0.07396532758535833,True,56.167443040309955,5.143402245338052,-0.1511736293468502,42.59383412463552
2024-06-04,270.989990234375,271.9700012207031,265.3999938964844,270.0199890136719,269.5841979980469,1258800.0,-0.0071699673954457,-0.0071957951417857,6.57000732421875,56.29489325582029,PWR,1258800.0,339352588.4399414,1.3851692065848653,20.27517676285113,-0.7169967395445731,2.4370891814164675,-0.19926878583157348,음봉,274.6879821777344,270.9320602416992,258.9541015625,True,True,0,7.389286586216518,0.07395824131529707,False,56.29489325582029,4.451503468236126,-0.6744579251590217,28.393502558092788
2024-06-05,270.45001220703125,276.4700012207031,270.1199951171875,275.92999267578125,275.48468017578125,772500.0,0.0218873443679259,0.0216512551459186,6.350006103515625,55.00189183915323,PWR,772500.0,212811915.43579102,0.848797460627518,-38.63203050524309,2.1887344367925943,2.3050305735563272,0.3211665280880624,양봉,274.2806396484375,271.38383026123046,259.5676394144694,True,True,1,7.411429268973214,0.07383512375117637,False,55.00189183915323,4.329381882482778,-0.6372636087298957,52.83627826891642
2024-06-06,275.6700134277344,278.4200134277344,266.54998779296875,267.2799987792969,266.8486633300781,809200.0,-0.0313484468181411,-0.0318503260004508,11.870025634765623,53.26042059722387,PWR,809200.0,215933938.36669922,0.8897832947024491,4.750809061488681,-3.1348446818141196,4.44822375598075,0.06727533880826607,음봉,271.7886596679688,271.49864501953124,259.993495686849,True,True,0,7.729287283761161,0.07380389942632941,True,53.26042059722387,3.495451867406473,-1.1769548990449605,17.061537080651664
2024-06-07,266.9800109863281,271.0799865722656,265.4200134277344,269.32000732421875,268.8853759765625,502400.0,0.0076324633635698,0.0076034834802606,5.65997314453125,54.51209051204568,PWR,502400.0,135088012.890625,0.5553348726550492,-37.91398912506179,0.7632463363569819,2.1049761906815654,0.049221777846243014,양봉,270.466796875,271.4562133789062,260.45229924519856,False,True,0,7.840000697544643,0.07381543580082679,False,54.512090512045674,2.9647264898735557,-1.366144221262302,19.96164591190783
2024-06-10,269.0,272.29998779296875,267.0,271.57000732421875,271.1317443847656,594500.0,0.0083543718212437,0.0083196672131415,5.29998779296875,53.65351527601012,PWR,594500.0,161187822.03674316,0.6600177633039745,18.332006369426757,0.8354371821243767,1.9547647602073064,0.042629325979963766,양봉,270.3869323730469,271.46070556640626,260.9397262573242,False,True,0,7.920713152204241,0.0738142142878372,False,53.65351527601012,2.694327431892532,-1.3092346233946603,27.971412649218347
2024-06-11,270.2300109863281,272.0,267.010009765625,271.5599975585937,271.12176513671875,667600.0,-3.680590064991662e-05,-3.680657800369841e-05,4.989990234375,49.501367824366,PWR,667600.0,181000890.40527344,0.7426081367878722,12.296047098402019,-0.0036805900649916623,1.8404978412038202,-0.33258126984859493,양봉,270.69444580078124,271.76671142578124,261.42049916585285,False,True,0,7.819998604910714,0.07373110042168805,False,49.501367824366,2.4509756666000158,-1.2420691109497413,27.925741046200947
2024-06-12,275.5299987792969,281.6000061035156,275.0400085449219,276.7900085449219,276.3432922363281,683100.0,0.0192589742729667,0.0190758674593976,6.55999755859375,55.32667779991966,PWR,683100.0,188770102.92663574,0.7571958173734189,2.3217495506291153,1.9258974272966745,2.3738580754055922,1.6259239240181185,양봉,270.8661682128906,272.43712921142577,261.97066599527994,False,True,0,7.882856096540179,0.07186358247915202,False,55.32667779991966,2.6489161813214537,-0.8353028769826429,51.822883568139375
2024-06-13,276.239990234375,278.0,273.010009765625,276.70001220703125,276.25341796875,481700.0,-0.0003252268830222,-0.0003252797807544,4.989990234375,50.15604663205184,PWR,481700.0,133071271.43554688,0.536148899332179,-29.483238178890346,-0.03252268830222782,1.8063089575744078,-0.037381765671656464,양봉,272.747119140625,272.7321487426758,262.4764185587565,True,True,1,7.670713152204241,0.07178584628078052,False,50.15604663205184,2.7666412449422637,-0.5740622506894666,51.41155980396128
2024-06-14,273.6300048828125,274.6199951171875,269.1099853515625,273.2900085449219,272.8489990234375,762000.0,-0.012323536013942,-0.0124001004639931,5.510009765625,38.62724743253421,PWR,762000.0,207910937.25585938,0.8518317416717238,58.189744654349184,-1.2323536013942094,2.019435579879732,-0.9496400461674153,음봉,273.53984375,273.2048843383789,262.87353286743166,True,True,0,7.494999476841518,0.0695421958656981,False,38.62724743253421,2.5557697265582533,-0.6279470152587816,35.830699418001316
2024-06-17,272.8999938964844,278.82000732421875,272.1199951171875,276.5799865722656,276.1336364746094,642700.0,0.0120382976039055,0.0119664136313473,6.70001220703125,46.529013933317295,PWR,642700.0,177471088.16223145,0.7170031502727934,-15.656167979002621,1.2038297603905512,2.426365832344847,0.018689778313056807,양봉,274.54022216796875,273.8128997802734,263.21244557698566,True,True,1,7.392857142857143,0.05888667735415145,False,46.529013933317295,2.6234537783274163,-0.4482103707916951,57.58361096924053
2024-06-18,276.5799865722656,282.67999267578125,276.3599853515625,281.20001220703125,280.7462158203125,740000.0,0.0167041560187732,0.0165661760439167,6.32000732421875,53.43401406349828,PWR,740000.0,207752199.70703125,0.8232690952692931,15.139256262641986,1.6704156018773286,2.251146041542294,0.1616427840355813,양봉,276.4651123046875,274.48880767822266,263.63455556233725,True,True,1,7.447858537946429,0.058741673371496106,False,53.434014063498275,3.0145407321818425,-0.04569873354981535,81.48296314333919
2024-06-20,281.20001220703125,282.9700012207031,272.0599975585937,273.9700012207031,273.5278625488281,948200.0,-0.0257113110158691,-0.026047623995085,10.910003662109432,44.48251796323115,PWR,948200.0,259359119.26879883,1.0525586878036146,28.135135135135126,-2.57113110158691,3.9886260801536664,0.16163936008640478,음봉,275.9020263671875,274.5846542358398,263.94268061319985,True,True,0,7.9157169886997805,0.0587211689948149,False,44.48251796323115,2.7107710962264946,-0.27957469560413095,44.08220447390433
2024-06-21,273.0899963378906,274.510009765625,266.1099853515625,274.0,273.5578308105469,1388300.0,0.000109562007466,0.0001095560059876,8.4000244140625,48.00740437945938,PWR,1388300.0,379780336.5142822,1.529924905672919,46.41425859523307,0.010956200746603528,3.0706576335882545,-0.16008102679460504,양봉,275.3629089355469,274.7294204711914,264.1907569885254,True,True,0,7.4650028773716555,0.05869022639479688,False,48.00740437945938,2.444273594960123,-0.4368577574964023,47.56454590894717
2024-06-24,273.6499938964844,277.07000732421875,271.0,274.2300109863281,273.7874755859375,826900.0,0.0008394743250821,0.0008391221635841,6.07000732421875,52.51452847744822,PWR,826900.0,226394863.56201172,0.9125892317529277,-40.43794568897212,0.08394743250821346,2.2170507658278447,0.03369053105313142,양봉,275.55060424804685,274.61360931396484,264.433179473877,True,True,0,6.871431623186388,0.05871497747342569,False,52.51452847744822,2.2259435279596573,-0.5241502595974947,47.73749683013336
2024-06-25,273.3599853515625,273.6099853515625,268.75,272.9700012207031,272.5295104980469,689900.0,-0.0045946772590617,-0.0046052652332839,4.8599853515625,53.33342083194603,PWR,689900.0,188018109.29260254,0.7614350058600627,-16.567904220582896,-0.4594677259061708,1.7832877410893562,-0.15613944117060888,음봉,274.82977905273435,274.091455078125,264.65380477905273,True,True,0,6.749287196568084,0.05070407060400011,False,53.33342083194603,1.9291698385069367,-0.6567391592401726,40.509982993611295
2024-06-26,270.92999267578125,271.17999267578125,264.79998779296875,266.57000732421875,266.1398010253906,948100.0,-0.0234459360418586,-0.0237251651614913,6.3800048828125,39.53956928904203,PWR,948100.0,252327145.35217285,1.0490742269417348,37.42571387157558,-2.344593604185863,2.39723816514157,-0.5869154570976592,음봉,271.90849609375,273.43900909423826,264.7769162495931,False,True,0,6.751429966517861,0.05341745072623456,False,39.53956928904203,1.1649495844103512,-1.1367675306694065,7.373760276791037
2024-06-27,267.4800109863281,267.94000244140625,264.8599853515625,267.0599975585937,266.6290283203125,652500.0,0.0018382342401885,0.0018365467553062,3.08001708984375,49.69930284385892,PWR,652500.0,173975440.9790039,0.7216615199877814,-31.178145765214637,0.18382342401885854,1.1551694536963912,0.5035736690919219,음봉,270.5287292480469,272.89439086914064,264.9607457478841,False,True,0,6.1235722133091555,0.05352405649820043,False,49.699302843858916,0.5919524221414463,-1.3678117543506492,10.066258534250371
2024-06-28,266.3900146484375,267.6300048828125,251.57000732421875,254.08999633789065,253.679931640625,2163600.0,-0.0485659673339513,-0.049784924480099,16.05999755859375,33.97177886322811,PWR,2163600.0,548861900.0976562,2.334812145213617,231.58620689655174,-4.856596733395135,6.3308112134566095,-0.08964277947555768,음봉,266.5531494140625,271.61295928955076,264.82579142252604,False,False,0,6.8664311000279055,0.09965019434449632,True,33.97177886322811,-0.8966992483536274,-2.285170739876578,6.719505498510567
2024-07-01,255.9600067138672,256.2799987792969,246.1499938964844,247.6100006103516,247.29800415039065,1352000.0,-0.0251573999131917,-0.0254792568248544,10.130004882812472,26.891366484989447,PWR,1352000.0,334346901.6113282,1.445567205569378,-37.51155481604733,-2.515739991319177,4.096274419041432,0.8987999399464714,음봉,261.2552551269531,270.203125,264.6510080973307,False,False,0,7.211432320731029,0.12378913704244482,True,26.891366484989447,-2.5619026162148657,-3.160299286190253,3.1178979509630214
2024-07-02,247.6100006103516,249.6999969482422,245.1699981689453,247.77999877929688,247.46778869628903,1011500.0,0.0006865584964248,0.0006863229229574,4.529998779296875,27.13651218417894,PWR,1011500.0,250313668.26629636,1.0797688115926312,-25.184911242603548,0.06865584964248495,1.8305407758972738,0.12616214232412545,음봉,256.24291076660154,268.9999610900879,264.39738133748375,False,False,0,7.178575788225449,0.12434281229773139,False,27.13651218417894,-3.8238095917470787,-3.5377650093779724,6.078810428130025
2024-07-03,249.02999877929688,255.08999633789065,248.02999877929688,254.6000061035156,254.2792053222656,601400.0,0.0275244574732755,0.0271524699986671,7.059997558593778,29.309204049580288,PWR,601400.0,152923514.08081052,0.6448396759479883,-40.543746910528924,2.7524457473275588,2.7764746038301307,0.6312781518911545,양봉,253.87079162597655,268.23471145629884,264.271422068278,False,False,0,7.214290073939736,0.12469755121671221,False,29.309204049580288,-4.225546099943756,-3.1516012140597196,24.098429676969772
2024-07-05,253.6300048828125,254.7899932861328,248.67999267578125,252.52999877929688,252.21180725097656,637900.0,-0.0081304252491621,-0.008163657406819,6.1100006103515625,28.26103573317816,PWR,637900.0,160885911.84539795,0.6878534457969904,6.0691719321583015,-0.8130425249162188,2.422567237017372,-0.2553100787893056,음봉,250.9873474121094,267.0710678100586,264.2085151672363,False,False,0,7.294290815080919,0.1252408654527501,False,28.26103573317816,-4.6570631978081565,-2.8664946495392956,18.62912305162839
2024-07-08,254.2100067138672,256.989990234375,252.6499938964844,254.6600036621093,254.3391265869141,553400.0,0.0084346540279958,0.0083992811001326,4.339996337890597,32.86726620117389,PWR,553400.0,140751272.65319827,0.5977461205189444,-13.246590374666878,0.8434654027995814,1.7063817101721117,0.792270387604103,양봉,251.1191864013672,266.4455909729004,264.216007232666,False,False,0,7.210718427385605,0.12553486641602485,False,32.86726620117389,-4.772373761099459,-2.385444170264478,24.25695152832107
2024-07-09,254.6600036621093,256.9800109863281,254.0,254.7899932861328,254.46896362304688,648300.0,0.00051048785877,0.0005103576041701,2.980010986328125,28.7034287123384,PWR,648300.0,164972229.1168213,0.6988884287762792,17.14853632092519,0.0510487858770059,1.1710705085208395,0.12616111390378115,음봉,252.55337829589843,265.7247703552246,264.16409632364906,False,False,0,6.945004054478239,0.12587539966713607,False,28.703428712338393,-4.797973398845841,-1.9288350464086874,24.600435723163606
2024-07-10,254.7899932861328,258.3299865722656,251.9199981689453,257.8699951171875,257.5450744628906,562200.0,0.0120883537074505,0.0120158730893539,6.4099884033203125,26.482672305632548,PWR,562200.0,144791840.8630371,0.6109267410892933,-13.280888477556685,1.2088353707450539,2.4888802151189737,0.1261567063091785,양봉,254.56883544921874,265.04543685913086,264.2185312906901,False,False,0,6.951431274414064,0.12619802878439765,False,26.482672305632548,-4.5179645762510745,-1.3190609790511365,32.73829443082501
2024-07-11,260.54998779296875,265.260009765625,260.54998779296875,264.1400146484375,263.8071594238281,838400.0,0.0243145203766643,0.0240236282621146,4.71002197265625,39.95203266548349,PWR,838400.0,221175922.4609375,0.9096767860126034,49.12842404838136,2.4314520376664372,1.7854033919864958,1.1667523971657627,양봉,256.47442626953125,264.6797065734863,264.47384516398114,False,False,0,6.508575439453123,0.12637240725002544,False,39.95203266548349,-3.747558127747311,-0.43892362443789823,58.42368622581375
2024-07-12,267.5899963378906,271.3800048828125,265.0,268.8099975585937,268.4712829589844,751300.0,0.0176800491136897,0.0175255751262623,6.3800048828125,45.201881064362766,PWR,751300.0,201702474.88708496,0.8132978220713948,-10.38883587786259,1.76800491136897,2.376419858576533,1.4339402017460254,양봉,259.7263214111328,264.28610610961914,264.8102221171061,False,True,0,6.364288330078123,0.1265606132773714,False,45.201881064362766,-2.729189282066784,0.46355617699410345,73.04475894229357
2024-07-15,266.7799987792969,266.8999938964844,256.8699951171875,257.239990234375,256.9158630371094,1263500.0,-0.0430415491538451,-0.0439953045154118,10.029998779296877,36.886957949005954,PWR,1263500.0,324613192.9473877,1.3530941635431806,68.1751630507121,-4.304154915384517,3.904001356992162,-0.62996837540568,음봉,260.2416687011719,263.3192283630371,264.9994354248047,False,False,0,6.647144862583703,0.12702532920917928,True,36.886957949005954,-2.8220199604772347,0.29658039886692267,41.300527995115466
2024-07-16,259.5799865722656,261.9200134277344,253.27999877929688,259.3699951171875,259.043212890625,1317000.0,0.0082803367155586,0.0082462428042438,8.6400146484375,39.65787502925343,PWR,1317000.0,341159911.3769531,1.3979761014173355,4.234269885239406,0.8280336715558612,3.3353565036600847,1.0369634259490779,음봉,261.1565185546875,262.62893905639646,265.2287638346354,False,False,0,6.917146955217632,0.1273592003611576,False,39.65787502925343,-2.6928876551282883,0.3405701633726954,52.93098499795366
2024-07-17,256.7799987792969,259.2699890136719,244.2100067138672,244.94000244140625,244.63136291503903,1764600.0,-0.0556349259830676,-0.0572424566476356,15.059982299804688,35.31304786528291,PWR,1764600.0,431676502.99987787,1.8418067863834946,33.9863325740319,-5.5634925983067625,6.1561944144647756,-0.8736820726060539,음봉,258.5737762451172,261.05382537841797,265.2581629435221,False,False,0,7.537145342145645,0.13834255388873218,True,35.31304786528291,-3.7106906885326794,-0.5417862960253559,1.5508142420614774
2024-07-18,262.9200134277344,265.6300048828125,255.0,264.7099914550781,264.37646484375,2218200.0,0.0807136979225695,0.0776216542929858,10.6300048828125,48.78211926954875,PWR,2218200.0,586439874.3164062,2.2662076302107828,25.70554233253994,8.071369792256956,4.020783351156077,7.476004014680254,양봉,258.68763732910156,260.23533782958987,265.57837575276693,False,False,0,8.076430184500555,0.11203748466317356,False,48.78211926954875,-2.8907197980146293,0.22254767559415578,74.22325906864658
2024-07-19,266.8299865722656,266.8299865722656,257.25,258.5599975585937,258.2342224121094,1122200.0,-0.0232329395707396,-0.0235070786735055,9.579986572265623,52.65798192497487,PWR,1122200.0,289790444.39086914,1.1463441922004893,-49.40943107023713,-2.3232939570739686,3.7098051849135514,0.9280409018123792,음봉,256.6402252197266,259.4706558227539,265.68988978068035,False,False,0,7.61357225690569,0.11236766862305693,False,52.65798192497487,-2.705329239614116,0.32635058719573573,51.616550030804
2024-07-22,261.94000244140625,267.8099975585937,260.9100036621094,267.7099914550781,267.37261962890625,796900.0,0.0353880176354517,0.0347762527274227,6.899993896484318,61.35076923395486,PWR,796900.0,213069240.5822754,0.8185286450054047,-28.98770272678667,3.538801763545174,2.5806658535421496,1.4350460580638749,양봉,258.73157653808596,259.16139526367186,265.9332433064779,False,True,0,7.382857186453679,0.11250175837815242,False,61.35076923395486,-1.8002613120103774,0.9851348118395795,85.25069737219711
2024-07-23,267.5,270.20001220703125,262.8500061035156,264.4599914550781,264.12677001953125,958300.0,-0.0121397980611477,-0.0122140872590819,7.350006103515625,59.10282066935599,PWR,958300.0,253112683.7097168,0.980815156822162,20.25348224369432,-1.2139798061147733,2.7827569704396558,0.047641516648393056,음봉,259.7482879638672,258.67835998535156,266.08905334472655,True,False,0,7.5842862810407325,0.10784878791015862,False,59.10282066935599,-1.3295748838719987,1.1646569919823668,73.3042497162494
2024-07-24,261.1099853515625,262.2099914550781,250.7400054931641,251.9199981689453,251.60256958007807,841900.0,-0.047417383851425,-0.0485784396286507,11.469985961914034,48.62337456868623,PWR,841900.0,211824203.3294677,0.861330522842277,-12.14650944380674,-4.741738385142503,4.558771391348393,-1.1421730056918007,음봉,261.142529296875,257.63201293945315,265.92846730550133,True,False,0,7.899285452706465,0.09253477381146741,False,48.62337456868623,-1.9447331318239662,0.43959899522431956,27.208551212419334
2024-07-25,253.5,254.44000244140625,246.17999267578125,248.8099975585937,248.4964904785156,1074700.0,-0.0123451803642009,-0.012422015117438,8.260009765625,48.1093683586562,PWR,1074700.0,267059178.3172607,1.098664844918849,27.651740111652213,-1.2345180364200958,3.323994535986874,0.7541379339204375,음봉,257.96653442382814,256.7498474121094,265.7047983805339,True,False,0,8.052857535225996,0.0928527135818697,False,48.1093683586562,-2.6523109110355563,-0.2143830271898164,15.776533137745155
2024-07-26,254.3500061035156,259.1499938964844,253.75,256.7300109863281,256.4065246582031,642300.0,0.0318315730111746,0.0313354492935399,5.399993896484375,50.99357183828939,PWR,642300.0,164689910.78796387,0.6562170086549829,-40.23448404205825,3.1831573011174674,2.1060282704126636,2.3555727542583065,양봉,257.6009948730469,256.2387222290039,265.6758616129557,True,False,0,8.128571646554123,0.09303792899279015,False,50.99357183828939,-2.545455323023532,-0.08602195134223356,44.88965317000381
2024-07-29,257.6000061035156,261.6300048828125,254.1600036621093,256.2200012207031,255.8971710205078,722800.0,-0.0019865080983187,-0.0019884838224927,7.470001220703153,50.68388816789225,PWR,722800.0,184962475.21362305,0.7439761595116883,12.533084228553637,-0.19865080983187955,2.919141775156459,0.4654645379650316,음봉,255.3059051513672,256.34958419799807,265.6808667500814,False,False,0,8.449285234723773,0.09299769343699024,False,50.68388816789225,-2.473360718636229,-0.011141877563944469,43.0149617013916
2024-07-30,257.0,261.239990234375,249.8099975585937,251.6000061035156,251.2829742431641,941900.0,-0.018031448956401,-0.018195996554346,11.429992675781278,47.044960426708094,PWR,941900.0,236683433.43963626,0.9685900365630713,30.312672938572227,-1.8031448956401075,4.548653847403371,0.43096567855523726,음봉,252.73714599609374,256.54883270263673,265.62577489217125,False,False,0,8.807856968470986,0.09292546683140812,False,47.044960426708094,-2.7567739684498065,-0.23564410190201723,26.032270908951123
2024-07-31,259.8999938964844,270.7900085449219,258.04998779296875,265.3800048828125,265.0456237792969,1427000.0,0.0547695265768972,0.0533222848416064,12.740020751953123,50.54578651519169,PWR,1427000.0,378220105.13305664,1.4588515931163741,51.50228262023568,5.4769526576897265,4.806727449520812,3.4292095114178642,양봉,255.4257568359375,257.42772445678713,265.7779296875,False,False,0,9.381428309849335,0.09260820719388835,False,50.54578651519169,-1.8495299821627214,0.5372799075080543,76.68611876921038
2024-08-01,261.010009765625,266.1000061035156,249.8500061035156,254.8800048828125,254.558837890625,1718100.0,-0.0395659650559037,-0.0403699769621523,16.25000000000003,44.16813289630863,PWR,1718100.0,437357539.3798828,1.7413623902803161,20.39943938332165,-3.9565965055903707,6.383592938533952,-1.5226110720591732,음봉,256.6382263183594,257.44170608520506,265.5361592610677,False,False,0,10.086427961077016,0.09260317765317747,True,44.16813289630863,-1.9542017449126092,0.34608651580653316,38.93465185794975
2024-08-02,247.67999267578125,248.4199981689453,240.0399932861328,240.9199981689453,240.61642456054688,1787600.0,-0.0547708869415435,-0.0563279331931774,8.3800048828125,43.30159166522858,PWR,1787600.0,430125920.5444336,1.801802781928663,4.045166171934111,-5.477088694154353,3.4827235497815403,-2.7022613993073574,음봉,253.48020629882814,256.86193695068357,265.1056116739909,False,False,0,9.968571254185274,0.10844291968329087,False,43.30159166522858,-3.126154739268088,-0.6606931828391565,1.874572319925289
2024-08-05,230.0,242.57000732421875,227.1100006103516,239.5800018310547,239.2781219482422,1641900.0,-0.0055619753088298,-0.0055775006881106,15.46000671386716,41.82432709634459,PWR,1641900.0,392870748.42681885,1.6373647595153107,-8.150592973819649,-0.5561975308829847,6.461103333639205,-4.41217783862275,양봉,250.156396484375,256.10888671875,264.6843742370605,False,False,0,10.455713544573106,0.11398730198222726,True,41.82432709634459,-4.1154850174310695,-1.32001876880171,27.857415584991706
2024-08-06,243.0200042724609,252.25,240.009994506836,248.02999877929688,247.7174835205078,1035300.0,0.0352700928256664,0.034662351925241,12.240005493164034,51.34290129145657,PWR,1035300.0,256461910.68878174,1.0381392283976654,-36.945002740727205,3.52700928256664,4.941114902029389,1.5638213363393587,양봉,249.44329833984375,255.77131271362305,264.3174321492513,False,False,0,10.254286629813057,0.11413774555486841,False,51.34290129145657,-4.170475793504153,-1.1000076358998343,47.17829479569886
2024-08-07,254.9600067138672,257.32000732421875,248.0500030517578,248.5,248.18687438964844,1349500.0,0.0018948637071141,0.0018930707175031,9.270004272460938,41.53523151399222,PWR,1349500.0,334928186.98883057,1.348203156963302,30.348691200618184,0.1894863707114114,3.7350904616765574,2.9237028773384046,음봉,246.07154846191406,255.30340270996095,263.936515045166,False,False,0,10.157143729073661,0.11434693271169309,False,41.53523151399222,-4.128588659345013,-0.8464964013925553,48.25290739614468
2024-08-08,253.4900054931641,263.2699890136719,249.3699951171875,262.79998779296875,262.4688415527344,1195400.0,0.0575452154680167,0.0559503879679949,13.899993896484377,52.040406999143016,PWR,1195400.0,313755253.1921387,1.190144473136088,-11.419044090403851,5.754521546801672,5.295864383083976,2.1367492203434755,양봉,247.65354919433594,255.23648681640626,263.8943016052246,False,False,0,10.465715680803571,0.11437691129066932,False,52.040406999143016,-2.909419436844871,0.2981382568860691,80.94971272749756
2024-08-09,262.8500061035156,265.0,256.4200134277344,259.6199951171875,259.2928771972656,802300.0,-0.0121003481277248,-0.0121741533234348,8.579986572265625,45.869528928134045,PWR,802300.0,208030675.3753662,0.801445125199787,-32.88439016228878,-1.210034812772487,3.3089943175485366,0.14522278093137683,음봉,251.3888397216797,254.7775665283203,263.8336006164551,False,False,0,10.585715157645094,0.1102706885205341,False,45.869528928134045,-2.1744273799166933,0.8265042510513978,73.67873338100537
2024-08-12,260.8399963378906,262.5599975585937,257.54998779296875,260.0400085449219,259.7123413085937,652000.0,0.0016177232319765,0.0016164161272481,5.010009765624943,47.67613123371383,PWR,652000.0,169332446.5332031,0.6543952945224903,-18.733640782749596,0.1617723231976509,1.929061106754254,0.59666858470932,음봉,255.47568359375,254.91739044189453,263.65625584920247,True,False,0,10.418572562081474,0.11021020430172605,False,47.67613123371383,-1.5403375785146807,1.1684752419627285,74.63904481674595
2024-08-13,262.7300109863281,264.2300109863281,256.3800048828125,262.0,261.6698913574219,699400.0,0.0075373778502969,0.0075091137538001,7.850006103515625,55.96309844103281,PWR,699400.0,183011922.01538086,0.7024618416144018,7.26993865030674,0.7537377850296956,2.9999653620037976,1.1619277168460764,음봉,258.2661651611328,255.04872436523436,263.62751592000325,True,False,0,10.160002572195873,0.11015345303367303,False,55.96309844103281,-0.8698320313158661,1.4711846313292347,79.12061462726535
2024-08-14,263.0400085449219,264.3699951171875,260.239990234375,263.4700012207031,263.13800048828125,776400.0,0.0056105390010425,0.0055948585502818,4.1300048828125,58.84410385088571,PWR,776400.0,204300343.57910156,0.7831123919308357,11.009436659994275,0.561053900104258,1.5695205083069819,0.5236052112806974,양봉,261.2563903808594,255.97405624389648,263.61359380086265,True,False,0,9.86500222342355,0.10975525446959805,False,58.84410385088571,-0.21748043795685135,1.6988289797505995,82.48166971923901
2024-08-15,266.9100036621094,270.6700134277344,265.20001220703125,267.94000244140625,267.6023864746094,584600.0,0.0169659493423373,0.0168236350332778,5.470001220703125,57.05652126077426,PWR,584600.0,156440355.13305664,0.5917251218642254,-24.70376094796497,1.6965949342337305,2.0440778921163054,1.4334695736947007,양봉,262.28309936523436,256.13535232543944,263.619832611084,True,True,0,9.870002746582033,0.110583190759154,False,57.05652126077426,0.6522330023358904,2.0548339360346732,92.70233175074661
2024-08-16,267.9200134277344,269.989990234375,263.6300048828125,265.8900146484375,265.5549621582031,544100.0,-0.00765099423581,-0.007680413244719,6.3599853515625,55.971333057723534,PWR,544100.0,144488454.91027832,0.5521304303706126,-6.927813889839207,-0.765099423581006,2.394978915051705,0.1186936175380996,음봉,263.5355163574219,256.50138931274415,263.51889979044597,True,True,0,9.790715898786269,0.11042538444823898,False,55.971333057723534,1.1628722707455381,2.0523785635554566,88.0150058705106
2024-08-19,265.94000244140625,268.3299865722656,262.8999938964844,268.1000061035156,267.7621765136719,514300.0,0.0083117044303386,0.008277352432907,5.42999267578125,60.501526734926486,PWR,514300.0,137710087.38098145,0.5242651996278468,-5.476934387061205,0.8311704430338684,2.0279162451101436,0.1449945729026668,양봉,265.1454833984375,256.52086715698243,263.47056096394857,True,True,0,9.362144470214835,0.11103991219551886,False,60.501526734926486,1.725767745625319,2.09221923074819,93.06815137079305
2024-08-20,268.0599975585937,269.5299987792969,264.2300109863281,266.8599853515625,266.52374267578125,456500.0,-0.0046251261250387,-0.0046358551156136,5.29998779296875,51.12086090263147,PWR,456500.0,121668088.53149414,0.4668613579473327,-11.238576706202608,-0.46251261250387365,1.9885612215103998,0.11122595760145067,음봉,266.1162536621094,256.6407157897949,263.3108950297038,True,True,0,8.830713544573095,0.11098805767343613,False,51.12086090263147,2.0483234070169942,1.9318199137118919,90.4814749037481
2024-08-21,266.6300048828125,272.5400085449219,265.2699890136719,269.3599853515625,269.02056884765625,900500.0,0.0093681191281795,0.0093245104428544,7.27001953125,62.47845350829287,PWR,900500.0,242253022.24731445,0.9187123792126779,97.26177437020812,0.9368119128179586,2.7024028543211287,0.03986969639718553,양봉,267.2927673339844,257.5116157531738,263.07836125691733,True,True,0,8.189286368233807,0.1154994380056329,False,62.478453508292866,2.476872256211152,1.8882950103248395,92.25305066568681
2024-08-22,269.6600036621094,271.0,265.8800048828125,267.79998779296875,267.4625549316406,534300.0,-0.0057914304571183,-0.0058082658225212,5.1199951171875,79.4608332680281,PWR,534300.0,142905243.0999756,0.5455840640549784,-40.666296501943364,-0.5791430457118385,1.9142848308228015,0.23768993471098887,음봉,267.2648010253906,258.4599189758301,262.8829251607259,True,True,0,7.9564285278320215,0.11507566440967364,False,79.4608332680281,2.660117426738509,1.6572321446817573,88.82356872885879
2024-08-23,269.5400085449219,274.4100036621094,266.92999267578125,273.1700134277344,272.8258056640625,504100.0,0.0200523424065572,0.0198539420644145,7.480010986328125,83.82685228464774,PWR,504100.0,137531488.6352539,0.5282757427611869,-5.652255287291785,2.005234240655729,2.741680160394526,0.7767269006355733,양봉,268.7189697265625,259.28088302612304,262.80466537475587,True,True,0,7.3864288330078045,0.12938741693671385,False,83.82685228464774,3.201208517040186,1.7586585879867473,95.39477448713404
2024-08-26,273.2799987792969,276.3099975585937,270.3699951171875,271.010009765625,270.6685485839844,391800.0,-0.0079070858961721,-0.0079385126722909,5.940002441406193,76.49917038194847,PWR,391800.0,106047937.33520508,0.4159452942137981,-22.277325927395353,-0.7907085896172172,2.1945669241888663,0.16647732941862353,음봉,269.300244140625,260.0194519042969,262.66066513061526,True,True,0,6.936428615025103,0.12901990012719478,False,76.49917038194847,3.4165703903240114,1.5792163690164578,80.0373316659892
2024-08-27,269.8599853515625,272.0400085449219,266.0,270.3599853515625,270.01934814453125,448600.0,-0.0023985071145112,-0.0024013881403964,6.040008544921875,75.10341819549679,PWR,448600.0,121130679.57763672,0.4827759385857923,14.497192445125062,-0.23985071145112835,2.2368799074682917,-0.29872818125781986,양봉,269.999365234375,260.9562705993652,262.56940943400065,True,True,0,6.705714634486599,0.12855672576392926,False,75.10341819549679,3.4945778583783067,1.325779069656602,76.6494103786945
2024-08-28,270.3599853515625,271.4700012207031,266.9599914550781,267.5,267.1629333496094,649900.0,-0.0105785559981166,-0.0106349066798358,4.510009765625,57.32090400427976,PWR,649900.0,173629190.38391113,0.702137948892955,44.87293802942487,-1.0578555998116634,1.6881120854153826,0.12615288844002379,음봉,269.6278381347656,261.06213607788084,262.49660720825193,True,True,0,6.035001482282358,0.1285045936566315,False,57.320904004279754,3.2880084225481596,0.8953677070611636,54.104026239308276
2024-08-29,269.0,276.32000732421875,266.4700012207031,271.04998779296875,270.7084655761719,593400.0,0.0132710484276754,0.0131837594935219,9.850006103515623,67.60085297317238,PWR,593400.0,160638403.4729004,0.641522320340734,-8.693645176180953,1.3271048427675458,3.6386029090560643,0.6876203324158894,양봉,270.2770202636719,261.8696174621582,262.5153450012207,True,True,0,6.1257171630859295,0.12810834659224324,True,67.60085297317238,3.371530570127277,0.7831118837122246,71.85786829998439
2024-08-30,271.9100036621094,275.6700134277344,270.4599914550781,275.1300048828125,274.7833557128906,682700.0,0.0150526882417429,0.0149405207442704,5.21002197265625,70.8829456951313,PWR,682700.0,187594596.94519043,0.7533868170750933,15.048870913380519,1.5052688241742995,1.8960471456284198,0.443849468608292,양봉,270.6685302734375,263.5779640197754,262.50365626017253,True,True,1,6.140003749302451,0.13470486387847125,False,70.8829456951313,3.7236086103889647,0.9081519391791297,92.29362375534517
2024-09-03,270.8900146484375,272.5899963378906,255.759994506836,257.6000061035156,257.275390625,1250000.0,-0.0637155225157958,-0.0658359197454724,16.83000183105466,45.74464249725026,PWR,1250000.0,321594238.28125,1.3745278605888391,83.09652848981983,-6.3715522515795815,6.541629104194323,-1.4168765987853758,음봉,267.9898986816406,264.47782745361326,262.3441017150879,True,False,0,6.781432015555238,0.10233701801384426,True,45.74464249725026,2.5603721550313594,-0.20406761294278075,7.370599092636715
2024-09-04,255.9100036621093,257.6700134277344,253.6499938964844,255.6699981689453,255.34783935546875,684200.0,-0.0074921711899791,-0.0075203784821071,4.020019531249972,42.523028327596265,PWR,684200.0,174708991.68701172,0.7599836382934458,-45.264,-0.7492171189979135,1.5743307409207083,-0.5307102865819272,음봉,265.05559692382815,264.85934524536134,262.1184761047363,True,False,0,6.773575919015057,0.10041737926446825,False,42.523028327596265,1.4660617579078803,-1.038702408053008,7.4893888545615654
2024-09-05,254.9199981689453,255.1300048828125,250.1499938964844,251.38999938964844,251.0732421875,808000.0,-0.0167402911211561,-0.0168819934460532,4.980010986328097,34.07737141560281,PWR,808000.0,202867179.6875,0.8969346275899376,18.094124524992683,-1.674029112115616,1.9834893367924304,-0.16755230340047697,음봉,261.83765869140626,265.00366363525393,261.7841677347819,False,False,0,6.738576616559698,0.08947088957239768,False,34.07737141560281,0.2509952993788147,-1.803015093265659,3.5278861952633176
2024-09-06,252.1199951171875,254.8600006103516,247.0800018310547,247.9199981689453,247.6076202392578,594400.0,-0.0138032309538349,-0.0138993813623886,7.779998779296903,33.17103350034526,PWR,594400.0,147177969.47021484,0.6623309780061374,-26.435643564356436,-1.3803230953834955,3.142067587330011,0.4169113843305497,음봉,257.2174896240234,264.2606025695801,261.3922653198242,False,False,0,6.840006147112155,0.10283687848050453,False,33.17103350034526,-0.9803000619995146,-2.4274483637151905,1.8044401815398954
2024-09-09,251.4900054931641,252.5200042724609,248.0599975585937,250.0599975585937,249.74493408203125,682800.0,0.0086318581015729,0.00859481661968,4.460006713867188,33.08331279835414,PWR,682800.0,170525840.99121094,0.7584138620459847,14.8721399730821,0.8631858101572965,1.785824697610195,1.5679587123186334,음봉,252.20980529785157,263.78320541381834,260.94895935058594,False,False,0,6.770721435546867,0.10302299356397618,False,33.08331279835414,-1.7633206789037104,-2.568375184495509,9.113993674178992
2024-09-10,250.4100036621093,251.4100036621093,246.9100036621093,250.02999877929688,249.7149353027344,682600.0,-0.0001201176688813,-0.0001201248835862,4.5,33.851483998986765,PWR,682600.0,170455414.8376465,0.75701586072139,-0.029291154071475756,-0.012011766888131437,1.8020548088341453,0.2662995277652322,음봉,250.69771423339844,263.28333511352537,260.5066513061523,False,False,0,6.713579450334813,0.10321859323878164,False,33.851483998986765,-2.359096612673966,-2.5313208946126116,9.53733863093279
2024-09-11,251.9600067138672,264.2099914550781,250.5,263.0899963378906,262.75848388671875,867600.0,0.0522337543334017,0.0509152895694621,13.709991455078123,44.99762797131332,PWR,867600.0,227969260.6201172,0.9588085673689196,27.102256079695273,5.223375433340172,5.217715999986063,0.8990537183573097,양봉,252.17984313964843,263.33776473999023,260.3384760538737,False,True,0,7.173577444893965,0.1031972588529606,True,44.99762797131332,-1.7584773391257613,-1.5445612968515254,53.88805933753738
2024-09-12,264.92999267578125,270.3699951171875,263.3699951171875,268.5,268.16168212890625,674000.0,0.0205633635963471,0.0203547920764663,7.0,50.52616323669514,PWR,674000.0,180740973.7548828,0.7449748148616001,-22.3144306131858,2.056336359634714,2.610365487129916,0.8264276597054379,양봉,255.5975311279297,263.5889488220215,260.205610148112,False,True,0,7.307863507952001,0.1030989182023037,False,50.52616323669514,-0.836842694215477,-0.49834132155299277,72.26003339189201
2024-09-13,270.45001220703125,272.70001220703125,268.1600036621094,269.5400085449219,269.20037841796875,476600.0,0.0038733956351124,0.0038659133532409,4.540008544921875,47.08153034547106,PWR,476600.0,128300900.3540039,0.5268349686276161,-29.287833827893174,0.38733956351124643,1.6864792581654247,0.853339694156972,음봉,259.91608276367185,263.66884841918943,260.0131795247396,False,True,0,7.09786333356584,0.10306767612694212,False,47.08153034547106,-0.022368636605904157,0.25290618884526406,75.79181224168764
2024-09-16,270.6499938964844,272.75,267.3999938964844,271.5400085449219,271.1978454589844,401400.0,0.0074200008660993,0.0073926080792184,5.350006103515625,50.42718306952119,PWR,401400.0,108858815.16723633,0.4465339506499836,-15.77843054972723,0.7420000866099397,1.9727317871796122,0.538489391075412,양봉,264.2066650390625,263.9509925842285,259.97434590657554,True,True,1,7.055720738002228,0.10295750437445639,False,50.427183069521185,0.7753490771761449,0.8404991221018504,82.5836068431588
2024-09-17,274.0799865722656,275.7699890136719,270.3900146484375,273.9200134277344,273.57489013671875,365900.0,0.0087649836366192,0.0087267941587396,5.379974365234375,52.79173282099968,PWR,365900.0,100101052.30102539,0.40904154703897055,-8.844045839561531,0.8764983636619261,1.9665453808811688,1.0627448416499834,음봉,268.97865600585936,264.2416282653809,259.9746302286784,True,True,1,7.008575439453121,0.1028442628514986,False,52.79173282099968,1.5811274987086676,1.3170220349074984,90.66604268724832
2024-09-18,274.04998779296875,279.4700012207031,271.9599914550781,272.0599975585937,271.7171936035156,632400.0,-0.0067904497093089,-0.0068136097170591,7.510009765625,53.63288030049637,PWR,632400.0,171833953.23486328,0.7083157030141624,72.83410767969391,-0.6790449709308977,2.7639067171374725,0.17366274222483302,음봉,270.77039794921876,264.5013008117676,259.94012552897135,True,True,1,7.222861153738835,0.10274329612077195,False,53.63288030049637,2.046224515793881,1.4256952415941693,76.18916400950026
2024-09-19,281.4800109863281,291.7099914550781,277.5299987792969,289.7300109863281,289.36492919921875,1043500.0,0.0649489101578693,0.0629268263279586,14.17999267578125,62.14877291103944,PWR,1043500.0,301952303.61938477,1.166788834835144,65.00632511068945,6.49489101578693,4.900383994364005,3.593006851475954,양봉,275.01104736328125,265.5185188293457,260.22071584065753,True,True,1,7.532145908900666,0.15726703035278392,True,62.14877291103944,3.795094539483216,2.5396522122268035,94.76548460973594
2024-09-20,286.9700012207031,293.79998779296875,281.6000061035156,290.8900146484375,290.52349853515625,1349700.0,0.0040038346704409,0.003995840655113,12.199981689453123,60.654380092494286,PWR,1349700.0,392119565.9729004,1.5102007832411264,29.34355534259703,0.40038346704409644,4.199309780780712,-0.8276497034880103,양봉,279.2756713867187,266.6715660095215,260.6271107991536,True,True,1,8.031428745814727,0.16093158688829287,False,60.654380092494286,5.2144643963575845,3.167217655280937,93.01238991962857
2024-09-23,293.4100036621094,298.19000244140625,291.1600036621094,296.1300048828125,295.7568664550781,858900.0,0.0180135787511472,0.0178532566947228,7.029998779296875,81.23881462249663,PWR,858900.0,254025572.5982666,0.960490978317787,-36.36363636363637,1.8013578751147286,2.3769520091140963,0.9935530659334356,양봉,284.1874755859375,267.81811904907227,261.1125747680664,True,True,1,7.331428527832031,0.1797833783120474,False,81.23881462249663,6.684558854513796,3.709849690749718,95.25519492151305
2024-09-24,296.04998779296875,298.489990234375,294.4599914550781,298.239990234375,297.8641967773437,686700.0,0.0071252118252531,0.0070999474418764,4.029998779296875,84.41383572668246,PWR,686700.0,204543343.92700192,0.7679667266075305,-20.048899755501225,0.7125211825253164,1.3529651508634781,0.09910888677039272,양봉,289.0453369140625,269.1779014587402,261.8489791870117,True,True,1,7.332141331263953,0.18670394659343625,False,84.41383572668246,7.928271075591624,3.9628495294620363,98.78675141538756
2024-09-25,299.0199890136719,302.239990234375,296.8299865722656,297.94000244140625,297.5645751953125,997200.0,-0.0010058999546533,-0.001006406211537,5.410003662109375,90.2193569984462,PWR,997200.0,296731394.3847656,1.1142413235335848,45.21625163826999,-0.10058999546533887,1.8180939913826806,0.3880265734629891,음봉,294.2148132324219,270.5551628112793,262.68675537109374,True,True,1,7.362855093819759,0.1857535299488682,False,90.21935699844619,8.788437378147648,3.8584126656144475,91.54994365856929
2024-09-26,301.3999938964844,306.5,294.8500061035156,296.3599853515625,295.986572265625,754300.0,-0.0053030604488176,-0.0053171715841244,11.649993896484377,93.2653419361038,PWR,754300.0,223262671.45996094,0.841313145977105,-24.35820296831127,-0.5303060448817676,3.935987300812217,1.288936594234855,음봉,295.5391418457031,271.99634475708007,263.495401763916,True,True,1,7.639283316476006,0.18476930851026704,False,93.2653419361038,9.236323137860097,3.4450387402615164,82.35705927088644
2024-09-27,298.0,301.29998779296875,295.20001220703125,296.739990234375,296.3660888671875,818700.0,0.0012822088470347,0.0012813875192719,6.0999755859375,93.04673120511993,PWR,818700.0,242634916.9555664,0.9354144865821655,8.53771708869151,0.12822088470347826,2.0582569379829154,0.6802429309421864,음봉,296.70765991210936,273.2792259216309,264.19684982299805,True,True,0,7.7564239501953125,0.18390192803201993,False,93.04673120511993,9.512248369236772,2.9767711773105523,82.99393899044631
2024-09-30,296.739990234375,299.29998779296875,295.0,298.1499938964844,297.7743225097656,677200.0,0.0047516692883482,0.0047404157425071,4.29998779296875,93.27333139885084,PWR,677200.0,201652771.20361328,0.783328590182596,-17.283498228899475,0.4751669288348248,1.4440425073346377,0.12616199397734026,양봉,297.11115112304685,274.4287742614746,264.9562250773112,True,True,1,7.742137363978794,0.18313158550277103,False,93.27333139885083,9.732365141726348,2.5575103598401006,84.4184330531529
2024-10-01,298.0,298.70001220703125,292.6099853515625,296.04998779296875,295.7662353515625,603600.0,-0.0067436545276239,-0.0067664957124407,6.09002685546875,87.09188901493701,PWR,603600.0,178524499.65820312,0.7034626669083887,-10.868281157708214,-0.6743654527623932,2.0590676444962828,0.07578809627783598,음봉,296.6915588378906,276.3533164978027,265.64667689005535,True,True,0,7.197854178292411,0.18185624538537234,False,87.09188901493701,9.633721869470037,1.9670936700670314,75.11299922733153
2024-10-02,295.0400085449219,299.6000061035156,293.4100036621094,299.0899963378906,298.8033142089844,545100.0,0.0102685110550628,0.0102161480504115,6.19000244140625,86.36691259829125,PWR,545100.0,162877686.57531738,0.6359464669640724,-9.69184890656064,1.0268511055062879,2.071597652051789,-0.24554080886798846,양봉,296.939306640625,278.52609024047854,266.3855827331543,True,True,1,7.139997209821429,0.18380932976700445,False,86.36691259829125,9.688925347132283,1.61783771818342,80.31538468142698
2024-10-03,298.9599914550781,300.57000732421875,295.17999267578125,298.3999938964844,298.1139831542969,785500.0,-0.0023069725866741,-0.0023096377476898,5.3900146484375,84.60296694635649,PWR,785500.0,234168533.7677002,0.9139135589745863,44.10199963309485,-0.23069725866741164,1.8080381843906173,0.05243490906669437,음봉,297.3647888183594,280.87812728881835,267.0617312113444,True,True,1,7.200711931501116,0.18227013425322222,False,84.60296694635649,9.56677145948936,1.1965470644323979,78.55238993185449
2024-10-04,305.0,306.4599914550781,301.0,305.7200012207031,305.4269714355469,619600.0,0.0245308462349616,0.0242347968184404,5.459991455078125,86.34081477660656,PWR,619600.0,189242551.50146484,0.7200119526101143,-21.12030553787396,2.45308462349616,1.7876585782242636,2.3098604006572487,양봉,299.1769653320313,283.7690948486328,267.75539474487306,True,True,1,7.208568028041294,0.1963287656907466,False,86.34081477660656,9.945416094632492,1.260153359660423,97.02844364514068
2024-10-07,301.3500061035156,308.3099975585937,301.3500061035156,307.510009765625,307.2152709960937,812600.0,0.0058550806830894,0.0058380063136426,6.959991455078068,86.16789509050446,PWR,812600.0,249643129.21142572,0.9414363055919261,31.149128469980635,0.5855080683089486,2.265509599347542,-1.3348412921324457,양봉,301.0651550292969,286.6426116943359,268.40112787882487,True,True,1,7.321426391601558,0.20059939920822142,False,86.16789509050446,10.271393296858037,1.2689044495087742,96.98837309852853
2024-10-08,309.6099853515625,312.5199890136719,308.25,308.6700134277344,308.3741455078125,788100.0,0.0037721904512146,0.0037650935823761,4.269989013671875,90.01235838654777,PWR,788100.0,243029664.07470703,0.9092745443124443,-3.0150135367954745,0.37721904512146853,1.384678020474222,0.7794906638932204,음봉,303.58673706054685,289.57557220458983,269.25876592000327,True,True,1,7.089996337890621,0.15752593105079163,False,90.01235838654777,10.502181455697666,1.1997540866787233,88.15134420418786
2024-10-09,309.1000061035156,311.3399963378906,305.3299865722656,307.6099853515625,307.3151550292969,582100.0,-0.0034341091623351,-0.0034400192496738,6.010009765625,80.71744523069704,PWR,582100.0,178888151.7425537,0.6747681607418856,-26.138814871209238,-0.34341091623351083,1.9556503046691778,0.23538309105253305,음봉,305.2891052246094,291.80340576171875,270.0632982889811,True,True,1,6.506426130022318,0.1378066965117707,False,80.71744523069704,10.478837536779338,0.9411281342083146,83.16676306226103
2024-10-10,305.17999267578125,308.0,301.8699951171875,306.989990234375,306.6957092285156,594600.0,-0.0020156695517413,-0.002017703747583,6.1300048828125,78.19504787929682,PWR,594600.0,182361268.7072754,0.6912511786947352,2.147397354406455,-0.20156695517413725,1.9987253484022824,-0.6947793880559117,양봉,307.0054504394531,293.73010711669923,271.0977040608724,True,True,0,6.072856358119416,0.13336653662908304,False,78.19504787929682,10.291716709794912,0.6032058457791099,72.73275384184569
2024-10-11,306.3500061035156,310.0599975585937,303.45001220703125,309.4200134277344,309.1234130859375,375100.0,0.0079156759758025,0.0078845113640099,6.609985351562443,75.83056840873637,PWR,375100.0,115952192.24853516,0.44333985580521884,-36.915573494786415,0.7915675975802561,2.1382998089908,-0.11271860498785796,양봉,307.74473876953124,295.7262588500977,271.84348653157554,True,True,1,6.042855398995528,0.12824551926644237,False,75.83056840873637,10.22149053813655,0.4263837392965968,82.94035508291553
2024-10-14,310.42999267578125,313.5599975585937,309.4200134277344,310.9800109863281,310.68194580078125,387400.0,0.0050417815308299,0.0050291143093956,4.139984130859318,75.30680613130258,PWR,387400.0,120358185.80322266,0.46600462449377833,3.279125566515595,0.5041781530829903,1.3325473806302226,0.42267247789494217,양봉,308.4380737304688,297.7004638671875,272.71761525472004,True,True,1,6.050711495535702,0.13088576245769268,False,75.30680613130258,10.174313206675038,0.30336512626806744,86.26229078355135
2024-10-15,311.0599975585937,312.3399963378906,304.07000732421875,305.5400085449219,305.24713134765625,618500.0,-0.0174931775939435,-0.0176479913380902,8.269989013671875,62.610934666519725,PWR,618500.0,188795350.7385254,0.7606408314333011,59.654104284976775,-1.7493177593943532,2.7092765711376683,0.12168449532463708,음봉,307.8126708984375,299.28407592773436,273.3488571166992,True,True,0,6.254996163504452,0.13019320214909838,False,62.610934666519725,9.587857868594938,-0.226472169449627,60.32047080074015
2024-10-16,307.3599853515625,313.760009765625,306.3699951171875,312.2200012207031,311.92071533203125,491200.0,0.0218628884566787,0.0216273227584325,7.3900146484375,72.40743569980482,PWR,491200.0,153215455.37109375,0.6251611104601598,-20.58205335489086,2.186288845667872,2.369196492952072,0.6921781687441476,양봉,308.73378295898436,301.2942520141602,274.14542287190756,True,True,1,5.950711931501104,0.0748629818923742,False,72.40743569980482,9.551486649552487,-0.21027471079366222,91.30358245652512
2024-10-17,316.20001220703125,316.2799987792969,311.6499938964844,313.1400146484375,312.8398742675781,625000.0,0.0029467710554857,0.0029424378362419,4.6300048828125,72.81996000896206,PWR,625000.0,195524921.41723633,0.8035222333326532,27.239413680781755,0.29467710554857973,1.4799919267491988,1.371918139660844,음봉,309.9626159667969,302.46799926757814,275.1660446166992,True,True,1,5.845714024135033,0.07378094802247065,False,72.81996000896206,9.48746504943972,-0.21943704872514402,85.46631786998513
2024-10-18,314.1000061035156,314.7099914550781,310.6300048828125,314.2699890136719,313.96875,449200.0,0.0036084777717828,0.0036019828357336,4.079986572265625,72.60795953684824,PWR,449200.0,141034762.5,0.5816344776416957,-28.127999999999997,0.36084777717828587,1.2994881090126407,0.40280409870631906,음봉,310.9316833496094,303.6402618408203,276.2572489420573,True,True,1,5.829999651227666,0.05997848715619022,False,72.60795953684824,9.419239181288901,-0.23013033350077094,90.23554090345904
2024-10-21,314.57000732421875,317.9100036621094,313.760009765625,317.6400146484375,317.3355407714844,515300.0,0.0107233308139245,0.0106662436491343,4.149993896484375,79.01091260149754,PWR,515300.0,163523004.1595459,0.6733530655040311,14.715048975957256,1.0723330813924514,1.3077620887957255,0.1915022830198069,양봉,312.26240234375,304.7191955566406,277.2727325439453,True,True,1,5.691425868443068,0.0707842030775925,False,79.01091260149754,9.52702001073311,-0.09787960324525002,97.65525350765306
2024-10-22,314.8599853515625,315.8999938964844,310.6700134277344,312.9700012207031,312.6700134277344,497400.0,-0.0147021897780736,-0.0148113381042379,5.22998046875,67.86811420266238,PWR,497400.0,155522064.67895508,0.6546404890134913,-3.4737046380749037,-1.4702189778073693,1.6726837381733042,-0.7801065754889839,음봉,313.7469787597656,305.45948638916013,278.21894658406575,True,True,0,5.622852870396193,0.07061265529806543,False,67.86811420266238,9.130714832468811,-0.3953478252076401,76.94682049416166
2024-10-23,313.1600036621094,314.989990234375,305.2900085449219,306.6300048828125,306.33612060546875,940200.0,-0.0202574361155664,-0.0204654317404017,9.699981689453123,59.24927306370605,PWR,940200.0,288017220.5932617,1.2409072911363765,89.02291917973461,-2.0257436115566407,3.1664505218259134,0.15671161714656995,음봉,312.63005981445315,305.89806365966797,279.1364990234375,True,True,0,5.930707659040166,0.07051141534494697,True,59.24927306370605,8.210897788662578,-1.0521318952110992,31.555999112084848
2024-10-24,308.8299865722656,310.9700012207031,306.92999267578125,309.8699951171875,309.5730285644531,562700.0,0.0105665239625893,0.0105110884136997,4.040008544921875,55.134894057706994,PWR,562700.0,174196743.17321777,0.7439107561427549,-40.15103169538396,1.0566523962589391,1.30502601071422,0.8140946493243391,양봉,311.9766906738281,306.5773864746094,279.8786224365234,True,True,0,5.82928030831472,0.0703551741632067,False,55.134894057706994,7.654886804759997,-1.2865143032909447,49.65594005580147
2024-10-25,310.94000244140625,311.1300048828125,306.3800048828125,308.1700134277344,307.8746337890625,671400.0,-0.0054862491841307,-0.0055013539200812,4.75,50.81844381276789,PWR,671400.0,206707029.12597656,0.888574711726114,19.317575972987377,-0.5486249184130765,1.5428357775179422,0.44156749807695894,음봉,310.75786743164065,307.15281372070314,280.7672190348307,True,True,0,5.671423775809144,0.07022336913877351,False,50.81844381276789,6.996546002756645,-1.5558840842354371,37.43538324844606
2024-10-28,310.7200012207031,315.29998779296875,309.8999938964844,313.3599853515625,313.0596008300781,767700.0,0.0168411634865899,0.0167009234397183,5.399993896484375,55.28741878582878,PWR,767700.0,240335855.55725098,1.0197562204684565,14.343163538873993,1.6841163486589927,1.7249092128675438,0.9241967734146304,양봉,309.9026794433594,307.9170776367188,281.9746053059896,True,True,1,5.752138410295751,0.07004907160547097,False,55.28741878582878,6.81463481354433,-1.3902362187582007,69.76059695699574
2024-10-29,312.0,314.0299987792969,309.7699890136719,313.42999267578125,313.12957763671875,578300.0,0.0002235255090565,0.000223500530952,4.260009765625,56.71123516428396,PWR,578300.0,181082834.74731445,0.7821676535120676,-24.671095480005214,0.022352550905657687,1.3604622718098207,-0.33846616659210943,양봉,309.9945922851563,308.7852447509766,283.2054629007975,True,True,1,5.627138410295751,0.06224895115273059,False,56.71123516428396,6.600034341459889,-1.283869352674114,70.19686110513909
2024-10-30,311.3399963378906,315.8800048828125,310.9599914550781,311.6300048828125,311.331298828125,923000.0,-0.0057429222182263,-0.0057594762052936,4.920013427734375,55.20883127321957,PWR,923000.0,287358788.8183594,1.2700641923104645,59.6057409648971,-0.5742922218226365,1.580314425903751,-0.5715146145996883,음봉,310.9936279296875,309.4116439819336,284.26569315592445,True,True,1,5.540710449218742,0.062122929085079416,False,55.20883127321957,6.213233561318361,-1.336536106252514,54.50408906241756
2024-10-31,299.1400146484375,307.32000732421875,293.260009765625,301.6300048828125,301.3409118652344,1423200.0,-0.0320892470512769,-0.0326153933230201,14.05999755859375,42.52546302402537,PWR,1423200.0,428868385.76660156,1.9740598284012074,54.19284940411701,-3.2089247051276915,4.665811048212949,-3.9158556256876302,양봉,309.3472045898437,309.57299041748047,285.1515937805176,False,True,0,6.072854178292407,0.05166674548926294,True,42.52546302402537,5.042424490819371,-2.0058761414012034,32.78257241581665
2024-11-01,305.5199890136719,309.57000732421875,301.69000244140625,303.5,303.2091064453125,913100.0,0.0061996048545629,0.0061804663643728,7.8800048828125,42.86530944283739,PWR,913100.0,276860235.09521484,1.2871757464014089,-35.841765036537375,0.6199604854562946,2.5988681458793046,1.3868270068507877,음봉,308.4140991210937,309.46209716796875,285.83059819539386,False,True,0,6.339998517717634,0.05168525985128476,False,42.86530944283739,4.216690177120483,-2.2652883640800736,40.36145697020419
2024-11-04,304.760009765625,308.67999267578125,301.5599975585937,304.32000732421875,304.0283203125,713400.0,0.002701811554381,0.0026981682224655,7.119995117187557,48.72386899862475,PWR,713400.0,216893803.7109375,1.0129594403324829,-21.870550870660388,0.2701811554381095,2.341885489440314,0.511496286669815,음봉,306.60784301757815,309.30274963378906,286.5761889139811,False,True,0,6.257856096540182,0.05171188722113676,False,48.72386899862475,3.587044283404225,-2.3159474062370666,43.684840621444515
2024-11-05,307.6400146484375,315.9700012207031,306.5899963378906,314.6199951171875,314.31842041015625,839100.0,0.0338458604352365,0.0332856938282237,9.3800048828125,52.33372977353008,PWR,839100.0,263744586.5661621,1.205306574735287,17.61984861227923,3.384586043523652,2.984236453775909,1.1879466795149765,양봉,306.8456115722656,309.59996337890624,287.4862902323405,False,True,0,6.399998256138397,0.05166224418016114,False,52.333729773530074,3.8737166618338392,-1.6234200222459627,85.42967894014221
2024-11-06,310.0,312.19000244140625,298.0799865722656,310.82000732421875,310.5220947265625,2547000.0,-0.0120779611918382,-0.0121514924365813,14.110015869140623,47.86371233460078,PWR,2547000.0,790899775.2685547,3.5492054925415393,203.53950661422954,-1.2077961191838238,4.543965182756328,-1.3738998829661697,양봉,306.68377075195315,309.7603103637695,288.30049362182615,False,True,0,7.0771418980189775,0.05163550129281114,True,47.86371233460078,3.7513318136292355,-1.3966438963604535,70.02875957466037
2024-11-07,312.1499938964844,320.989990234375,311.3599853515625,320.8599853515625,320.5524597167969,1075200.0,0.0323016144763124,0.0317908864485761,9.6300048828125,55.21281104463057,PWR,1075200.0,344658004.6875,1.489285078259493,-57.785630153121325,3.2301614476312412,3.004189982295085,0.5242458419441489,양봉,310.5260803222656,310.4531478881836,289.2574012756348,True,True,1,7.473571777343754,0.06188227751029909,False,55.21281104463057,4.4128391048423055,-0.5881092841179072,98.42217516860066
2024-11-08,319.9800109863281,333.239990234375,319.19000244140625,330.9800109863281,330.66278076171875,1305500.0,0.0315403009349988,0.0310531229889232,14.04998779296875,59.53405066436008,PWR,1305500.0,431680260.2844238,1.7826658979383052,21.419270833333325,3.154030093499882,4.249038177385138,-0.17858191790963002,양봉,316.0168151855469,311.53011627197264,290.3084078470866,True,True,1,8.18071419852121,0.09412210044850283,True,59.53405066436008,5.687346620289702,0.5491185850635913,93.55375004579929
2024-11-11,335.0,335.0,327.1099853515625,329.69000244140625,329.3739929199219,1055400.0,-0.0038975896798182,-0.0039052050767096,7.8900146484375,62.5563406129565,PWR,1055400.0,347621312.12768555,1.4301182118521576,-19.157410953657607,-0.38975896798182363,2.3954576918754293,1.3116744582773965,음봉,321.08594970703126,312.4647186279297,291.3720583597819,True,True,1,8.37071663992746,0.09384057510633598,False,62.556340612956504,6.518270041077699,1.1040336046812698,86.52130235659513
2024-11-12,329.1499938964844,331.32000732421875,322.6499938964844,327.2699890136719,326.956298828125,606500.0,-0.0073402701602632,-0.0073673425035062,8.670013427734375,66.46981339401756,PWR,606500.0,198298995.2392578,0.8248512075021209,-42.53363653591056,-0.7340270160263285,2.651734638179289,-0.06800750157950666,음봉,323.613525390625,313.5501770019531,292.3586270650228,True,True,1,8.29714747837612,0.09351571469947449,False,66.46981339401756,6.902131653562208,1.1903161737326222,80.72902957880761
2024-11-13,329.0299987792969,333.8099975585937,325.1099853515625,326.8800048828125,326.5666809082031,941800.0,-0.0011916513653914,-0.0011923619464457,8.700012207031193,64.22000496431517,PWR,941800.0,307560500.0793457,1.2710641151154345,55.28441879637263,-0.11916513653914551,2.6640844628839337,0.6342437685416733,음봉,326.82244262695315,314.28247528076173,293.3593427022298,True,True,0,8.6300048828125,0.09329781710001463,False,64.22000496431517,7.093140528380275,1.1050600388405503,79.79558920727392
2024-11-14,327.0799865722656,328.3800048828125,322.8599853515625,323.8699951171875,323.5595397949219,779400.0,-0.0092083525022154,-0.0092510114612216,5.52001953125,62.84355869154199,PWR,779400.0,252182305.3161621,1.0466115603831578,-17.24357613081333,-0.9208352502215411,1.7060289845722652,0.15718249719627356,음봉,327.4238586425781,314.8184585571289,294.2683255513509,True,True,0,8.685006277901786,0.09313897612888365,False,62.843558691541986,6.922071945159701,0.7471931644959806,72.59112869735095
2024-11-15,320.3699951171875,325.2900085449219,320.0,323.3299865722656,323.02008056640625,902000.0,-0.001667264172948,-0.0016686556046638,5.290008544921875,58.827729649173584,PWR,902000.0,291364112.67089844,1.2013166156129302,15.73004875545292,-0.16672641729480464,1.637671731010035,-0.9857674664007646,양봉,325.89531860351565,315.2710250854492,295.19428431193035,True,True,0,8.677150181361608,0.09300527661410417,False,58.827729649173584,6.666126057510894,0.39299782147773854,71.29870091889077
2024-11-18,323.3099975585937,332.04998779296875,321.7099914550781,328.4100036621094,328.09521484375,911500.0,0.0157115132546703,0.0155893651896823,10.339996337890623,62.182830147805575,PWR,911500.0,299058788.3300781,1.2024033619427907,1.0532150776053184,1.571151325467035,3.151523054920164,0.08975200293402262,양봉,325.6395629882812,315.8090087890625,296.1154411315918,True,True,1,9.111434936523438,0.09284684122506859,False,62.182830147805575,6.794485420565479,0.41708574762585826,83.4576263255482
2024-11-19,324.82000732421875,332.8099975585937,323.0400085449219,330.7799987792969,330.46295166015625,823500.0,0.007216614901055,0.0071906997408675,9.769989013671818,65.43112207724693,PWR,823500.0,272136240.6921387,1.0880726325525207,-9.654415798134941,0.7216614901055074,2.9564551682995153,-0.998249097016247,양봉,326.3408935546875,316.6986557006836,297.1120145161947,True,True,1,9.457861764090397,0.0925860226075506,False,65.43112207724693,7.006501130016034,0.5032811656611296,89.1302122631853
2024-11-20,332.2799987792969,333.0199890136719,327.6099853515625,332.3399963378906,332.0214538574219,750500.0,0.0047161177658074,0.0047050317241382,5.410003662109375,78.6420346801838,PWR,750500.0,249182101.11999512,0.9871433254066513,-8.864602307225255,0.47161177658074926,1.629413882523556,0.549848964917935,음봉,327.4318481445313,317.98292236328126,298.14538294474283,True,True,1,8.840005057198656,0.09648487335158318,False,78.6420346801838,7.2170890989683585,0.5710953076907632,91.9324348340008
2024-11-21,335.9200134277344,342.2799987792969,334.70001220703125,340.010009765625,339.6841125488281,988400.0,0.0230788059096229,0.0228165181272672,7.579986572265625,80.72714988731958,PWR,988400.0,335743776.8432617,1.2870430080857185,31.69886742171886,2.307880590962297,2.2314810414266977,1.17418905465869,양봉,330.6567626953125,319.4884765625,299.35406926472984,True,True,1,8.81857517787388,0.1200143463581005,False,80.72714988731958,7.911099863713048,1.012084857948361,94.12695585170947
2024-11-22,340.760009765625,343.70001220703125,337.94000244140625,341.9200134277344,341.59228515625,853400.0,0.0056174914779023,0.0056017722137296,5.760009765625,81.07438083293445,PWR,853400.0,291514856.15234375,1.1007509745471222,-13.658437879401053,0.5617491477902359,1.6862236109900068,0.3167346299253897,양봉,334.37120361328124,321.1743591308594,300.5354662577311,True,True,1,8.721433367047982,0.12532561254248692,False,81.07438083293445,8.516904404618401,1.2943115190829708,95.37982054710857
2024-11-25,343.3099975585937,344.45001220703125,337.04998779296875,342.9200134277344,342.59130859375,1231500.0,0.0029246077294837,0.0029203393844296,7.4000244140625,77.63672399371403,PWR,1231500.0,421901196.5332031,1.5633809628401183,44.30513241153036,0.29246077294837747,2.1600152217631305,0.502854565804372,음봉,337.2704223632812,322.650944519043,301.66559880574545,True,True,1,8.580006190708698,0.12784836811807632,False,77.63672399371403,8.974173029634017,1.4012641152788694,95.99158381338547
2024-11-26,346.1600036621094,350.19000244140625,341.6600036621094,346.6000061035156,346.2677917480469,851400.0,0.0107313964542412,0.0106742236847077,8.529998779296875,85.02344534433051,PWR,851400.0,294812397.8942871,1.07647568817282,-30.86479902557856,1.073139645424126,2.4634109734074014,1.0416770591781672,양봉,340.4313903808594,324.3078552246094,303.14880549112956,True,True,1,8.181433541434144,0.13853158090079873,False,85.02344534433051,9.523442853226868,1.5604271510973762,89.8990240352347
2024-11-27,347.94000244140625,349.0299987792969,340.75,343.94000244140625,343.6103210449219,534400.0,-0.0076746112877245,-0.0077042126669127,8.279998779296875,76.4072495861853,PWR,534400.0,183625355.56640625,0.676474725027427,-37.232793046746536,-0.7674611287724509,2.409706074636329,0.48292412208413465,음봉,342.74916381835936,325.9218063354492,304.61984685262047,True,True,1,8.08500453404017,0.13784557832430613,False,76.4072495861853,9.633261230399455,1.33619642261597,78.77522130166331
2024-11-29,347.2699890136719,348.5,343.989990234375,344.5199890136719,344.18975830078125,370800.0,0.0016863208709718,0.0016849006283642,4.510009765625,69.81840033479867,PWR,370800.0,127625562.37792969,0.47234045134430724,-30.613772455089816,0.1686320870971869,1.310326544255795,1.0650634584027974,음봉,343.65029296875,328.0642486572266,306.1717887878418,True,True,1,7.403577532087046,0.1312507701737523,False,69.81840033479867,9.655743429729796,1.0869428975570479,80.12506242001646
2024-12-02,345.0,347.20001220703125,341.7699890136719,342.3299865722656,342.0018615722656,650800.0,-0.00635665842969,-0.006376948011214,5.430023193359375,68.02620091901866,PWR,650800.0,222574811.51123047,0.8391833393030753,75.51240560949299,-0.6356658429690021,1.5877174376759937,0.2354055225869604,음봉,343.7322082519531,330.0038864135742,307.74502614339195,True,True,0,7.227863856724322,0.1279968908687659,False,68.02620091901866,9.388787653942074,0.6559896974154604,72.87797215309129
2024-12-03,342.1499938964844,343.4800109863281,338.5299987792969,339.739990234375,339.41436767578125,785600.0,-0.0075657304454105,-0.0075944957629342,4.95001220703125,67.69801701190487,PWR,785600.0,266643927.24609375,1.010905065269032,20.712968653964346,-0.7565730445410535,1.4583979579083846,0.04331330933046672,음봉,343.09682006835936,331.77318878173827,309.23951670328773,True,True,0,6.962149483816956,0.10774136738638092,False,67.69801701190487,8.866229767734183,0.10674544896605376,64.30727428214455
2024-12-04,339.25,339.25,330.010009765625,333.6600036621094,333.3401794433594,1179300.0,-0.017896084582442,-0.0180581560454189,9.239990234375,58.2844499254245,PWR,1179300.0,393108073.6175537,1.5060936302711119,50.11456211812628,-1.7896084582442073,2.771940139290962,-0.048426846779291,음봉,340.51129760742185,332.7242767333984,310.6332707722982,True,True,0,7.000719342912943,0.1074333901103534,False,58.284449925424504,7.871228034725959,-0.7106050272337363,44.1874076335384
2024-12-05,333.4800109863281,339.0899963378906,330.1300048828125,334.9700012207031,334.64892578125,1172700.0,0.0039261583769352,0.0039184711314609,8.959991455078125,64.15097719577952,PWR,1172700.0,392442795.2636719,1.4803109690734044,-0.5596540320529142,0.3926158376935218,2.677430215609,0.041948601336404434,양봉,338.7190185546875,333.9306182861328,311.8314448038737,True,True,0,7.24643162318638,0.07700800891883319,False,64.15097719577952,7.106369085280733,-1.1803711813431708,48.52243986955986
2024-12-06,336.8099975585937,337.1199951171875,330.510009765625,332.4700012207031,332.1513366699219,1081100.0,-0.0074633113060124,-0.0074913011654885,6.6099853515625,61.0976394061834,PWR,1081100.0,359088810.07385254,1.3538786009048478,-7.811034365140279,-0.746331130601241,1.990052311043754,0.6457728117006779,음봉,336.31133422851565,334.51056213378905,312.89793904622394,True,True,0,7.340715680803568,0.06949768949998833,False,61.0976394061834,6.22689847970878,-1.6478734295320994,36.66201259492538
2024-12-09,333.92999267578125,335.5899963378906,320.989990234375,321.9800109863281,321.6714172363281,1032400.0,-0.0315516401007539,-0.0320601172270012,14.600006103515623,43.09941600986627,PWR,1032400.0,332093571.15478516,1.283962997911427,-4.504671168254559,-3.1551640100753953,4.5387949693985945,0.5354956640222494,음봉,332.2452453613281,334.06099395751954,313.77245635986327,False,True,0,7.645002092633924,0.07362839408556186,True,43.09941600986627,4.630887782866182,-2.595107301099759,2.3336531406964274
2024-12-10,322.6400146484375,324.7799987792969,317.0299987792969,319.8999938964844,319.5933837890625,923700.0,-0.0064601122011997,-0.0064810690304278,7.75,38.25054232224762,PWR,923700.0,295208408.60595703,1.1475054572128875,-10.528864781092595,-0.6460112201199797,2.4249563329869,0.3011139194247272,음봉,328.2810485839844,333.57196350097655,314.5790486653646,False,True,0,7.5007171630859375,0.07996597699346601,False,38.25054232224762,3.161909351850227,-3.2512685856925705,7.730352010469479
2024-12-11,326.7099914550781,334.2900085449219,323.1300048828125,334.25,333.9296264648437,1268100.0,0.0448577580230615,0.0438807594277092,11.160003662109377,51.61618171996036,PWR,1268100.0,423456159.3200683,1.5571093890088643,37.28483273790191,4.485775802306158,3.342022623226067,2.22676939730164,양봉,328.3989379882812,333.9206298828125,315.5849609375,False,True,0,7.911431448800223,0.07988247976276759,False,51.61618171996036,3.1185990640584578,-2.6356630987874725,50.96388968393678
2024-12-12,332.0899963378906,336.82000732421875,332.0899963378906,336.1000061035156,335.7778625488281,977000.0,0.0055348071494909,0.0055195463887492,4.730010986328125,46.3300184990005,PWR,977000.0,328054971.7102051,1.188078104973826,-22.95560287043609,0.553480714949095,1.4086726713975364,-0.5509035380982422,양봉,328.6247253417969,334.3811889648438,316.6526387532552,False,True,0,7.707861764090402,0.07977245383199134,False,46.3300184990005,3.196564548253889,-2.0461580916736333,56.53758051587218
2024-12-13,336.8299865722656,341.0,334.7900085449219,337.6000061035156,337.2763977050781,1121200.0,0.0044628765722518,0.0044529474692158,6.209991455078125,45.9137047770673,PWR,1121200.0,378154297.1069336,1.3447484151008053,14.759467758444211,0.44628765722518615,1.8412173212631018,0.31333930576930225,양봉,329.6497375488281,335.06703186035156,317.45116322835287,False,True,0,7.740003313337054,0.07960916897996002,False,45.9137047770673,3.340761797073583,-1.5215686742831522,61.056684830575
2024-12-16,337.6000061035156,343.44000244140625,336.5799865722656,342.5,342.1717224121094,1133500.0,0.0145142818778318,0.0144099579350921,6.860015869140625,49.63003106888704,PWR,1133500.0,387851647.354126,1.3399199918941131,1.097038886906887,1.451428187783188,2.004845935479866,0.09594753758028164,양봉,333.7497985839844,336.02461395263674,318.3119669596354,False,True,0,7.7014312744140625,0.07938230371047812,False,49.630031068887035,3.8061757230963735,-0.8449237986082894,75.81942357123728
2024-12-17,340.0,341.6700134277344,332.9700012207031,336.42999267578125,336.1075134277344,1136200.0,-0.0177227064282983,-0.0178816341424395,8.70001220703125,41.40319257166761,PWR,1136200.0,381885356.7565918,1.3305339935760172,0.23820026466696564,-1.7722706428298318,2.5884610904129097,-0.6346878686526196,음봉,337.05262451171876,336.42522888183595,318.98447774251304,True,True,0,7.713575090680804,0.07928777531828132,False,41.40319257166761,3.6436864786559227,-0.8059304344389924,59.61723327636719
2024-12-18,339.1499938964844,339.1499938964844,319.6300048828125,320.6199951171875,320.31268310546875,1318700.0,-0.0469933866136605,-0.0481334358070613,19.519989013671875,33.872755196241414,PWR,1318700.0,422396335.21118164,1.5363892916321458,16.062312973068128,-4.69933866136606,6.0940418669730185,0.9052104898583756,음봉,334.32923583984376,335.91771545410154,319.3586191813151,False,True,0,8.516431535993304,0.07940756540013162,True,33.872755196241414,2.2148701334730845,-1.787797423697464,10.431154111339215
2024-12-19,324.8999938964844,328.67999267578125,319.2099914550781,322.5899963378906,322.2807922363281,1022400.0,0.0061443371888316,0.0061255377166497,9.470001220703123,35.12010442890133,PWR,1022400.0,329499881.9824219,1.1984304035812698,-22.469098354439975,0.6144337188831672,2.9384317802467064,1.4321352331544017,음봉,331.62982177734375,335.43068237304686,319.7705561319987,False,True,0,8.870716639927455,0.0795228622804357,False,35.12010442890133,1.2271866012932833,-2.2203847647018122,17.40401431908
2024-12-20,319.5799865722656,330.9200134277344,319.32000732421875,328.4100036621094,328.09521484375,2080900.0,0.0180414804341122,0.0178806642865174,11.600006103515623,40.99845408864516,PWR,2080900.0,682733332.5683594,2.384950962645743,103.53090766823163,1.8041480434112245,3.5355608916880845,-0.8380287405034061,양봉,329.7935852050781,334.85123748779296,320.30570017496746,False,True,0,9.311429704938616,0.0796604729882678,False,40.99845408864516,0.9032040236670014,-2.0354938738624755,41.83444596487423
2024-12-23,327.3399963378906,328.42999267578125,323.5400085449219,327.3800048828125,327.06622314453125,595300.0,-0.0031362593925936,-0.0031411877612083,4.889984130859375,41.84266593121957,PWR,595300.0,194702522.63793945,0.6834187062315839,-71.39218607333365,-0.31362593925936544,1.495105206476329,-0.2301827249199704,음봉,326.7724853515625,334.124934387207,320.81736907958987,False,True,0,9.307141985212054,0.07983363470884286,False,41.842665931219564,0.5569937885672971,-1.905363287169744,38.00160156597562
2024-12-24,329.8099975585937,330.8099975585937,327.2799987792969,330.8099975585937,330.4928894042969,1196900.0,0.0104769799425341,0.0104224767435988,3.529998779296818,48.05086551598792,PWR,1196900.0,395566939.3280029,1.3690877795651875,101.05828993784644,1.047697994253416,1.0681012791710984,0.8389048516483353,양봉,325.649560546875,333.5200134277344,321.36267852783203,False,True,0,8.899285452706469,0.07997843273283528,False,48.050865515987915,0.552751240039413,-1.5276846685581025,50.976481477415724
2024-12-26,330.1700134277344,331.3699951171875,326.7099914550781,330.6199951171875,330.3031005859375,294500.0,-0.0005742599143402,-0.0005744248647174,4.660003662109375,46.97874658845574,PWR,294500.0,97274263.1225586,0.33970316825592123,-75.39476982204027,-0.057425991434023604,1.4108264965853525,-0.09769528692265478,양봉,327.64764404296875,332.7217788696289,321.9382929484049,False,True,0,8.592143467494415,0.07392475056872186,False,46.97874658845574,0.5279882978189789,-1.2419580886228292,50.257856744198946
2024-12-27,328.1499938964844,329.3900146484375,320.3900146484375,323.1400146484375,322.8302917480469,582000.0,-0.0226240953373865,-0.022883946933474,9.0,43.93919670822135,PWR,582000.0,187887229.79736328,0.6742540010040438,97.62308998302207,-2.262409533738652,2.7878424763882,-0.6518578498456858,음봉,327.7575439453125,331.68277740478516,322.33874257405597,False,True,0,8.762858799525665,0.0741563210009586,False,43.939196708221345,-0.09355133113496095,-1.4907981740614151,21.962484530328645
2024-12-30,319.1199951171875,322.3999938964844,313.82000732421875,318.9800109863281,318.6742858886719,1084600.0,-0.0128736551854264,-0.0129572388104272,8.579986572265625,47.87654972302823,PWR,1084600.0,345634130.4748535,1.2471786447638604,86.3573883161512,-1.2873655185426491,2.692400031065896,-1.149302505278866,음봉,325.87335815429685,330.40700378417966,322.6814142862956,False,False,0,8.33285740443638,0.07111664176097768,False,47.876549723028226,-0.9109796978024747,-1.846581232583143,16.388519124489484
2024-12-31,318.9200134277344,320.04998779296875,315.7200012207031,316.04998779296875,315.7470397949219,691900.0,-0.0091856990769961,-0.0092281477579326,4.329986572265625,47.30728950574212,PWR,691900.0,218465376.83410645,0.7943337500318901,-36.206896551724135,-0.9185699076996179,1.3713466878669573,0.0771093087656104,음봉,323.609521484375,329.0942626953125,322.8534154256185,False,False,0,8.088570731026781,0.08029517865418527,False,47.30728950574212,-1.774546001698127,-2.168118029183036,6.505850062024257
2025-01-02,318.5400085449219,320.5599975585937,312.07000732421875,315.5,315.29736328125,1054500.0,-0.0014241669976191,-0.0014251820873236,8.489990234374943,33.8078461700036,PWR,1054500.0,332481069.5800781,1.1994810888107292,52.40641711229947,-0.14241669976191584,2.692693064737666,0.8845589658778865,음봉,320.57041625976564,327.88841247558594,322.98811696370444,False,False,0,7.897855486188608,0.08196190566161102,False,33.8078461700036,-2.466778172488148,-2.2882801599784455,10.288034617075837
2025-01-03,318.20001220703125,327.2099914550781,317.1000061035156,326.5199890136719,326.31024169921875,693200.0,0.0349285458760564,0.034332386533202,10.1099853515625,42.902779042363015,PWR,693200.0,226198259.54589844,0.7898229248239828,-34.26268373636795,3.4928545876056427,3.098273991927451,0.9206067870577286,양봉,319.7718444824219,327.5369155883789,323.2870519002279,False,True,0,8.282139369419635,0.08204986324238588,False,42.902779042363015,-2.1024936670015677,-1.5391965235934921,45.39444243393532
2025-01-06,330.6199951171875,332.8299865722656,327.7799987792969,328.0599975585937,327.8492736816406,863500.0,0.0047164685190619,0.0047053808309028,5.04998779296875,42.93742478060629,PWR,863500.0,283097847.8240967,0.9795396926002219,24.56722446624351,0.4716468519061934,1.5403382585720051,1.3207533406019565,음봉,320.7756408691406,327.1969329833984,323.62928721110023,False,True,0,8.199281964983252,0.08213511931734076,False,42.93742478060629,-1.6703537547945757,-0.8856452891092,50.3005062591689
2025-01-07,328.57000732421875,331.2200012207031,316.3800048828125,319.8099975585937,319.6045837402344,911900.0,-0.025147806029341,-0.0254694154036432,14.839996337890623,33.901165504413314,PWR,911900.0,291447419.9127197,1.0325975400863827,5.605095541401273,-2.514780602934108,4.643236390486864,0.21983688860570616,음봉,320.9617004394531,326.56959533691406,323.8444351196289,False,False,0,8.769280569893965,0.08229290024116832,True,33.901165504413314,-1.9704432917840222,-0.9485878608789171,25.454644805362847
2025-01-08,317.57000732421875,319.5599975585937,307.5599975585937,312.20001220703125,311.9994506835937,1165800.0,-0.0237954442569006,-0.0240831287267246,12.0,33.17187724338257,PWR,1165800.0,363728959.60693353,1.3112018823932674,27.842965237416383,-2.379544425690061,3.84616061781772,-0.6365917510336058,음봉,320.2121826171875,326.0859970092773,323.89236907958986,False,False,0,9.004993983677448,0.0925285722332237,False,33.17187724338257,-2.7897782635529325,-1.4143382661182617,14.053351185973673
2025-01-10,309.3099975585937,314.6400146484375,307.3999938964844,313.4800109863281,313.2786560058594,825600.0,0.0041000242771676,0.0040916420812909,7.240020751953125,43.84218712680997,PWR,825600.0,258642858.3984375,0.9245520136942228,-29.18167781780752,0.4100024277167602,2.3110482036215423,-0.8620057244034831,양봉,319.8084411621094,325.7702606201172,323.93564758300784,False,False,0,8.127853393554679,0.09261825088355675,False,43.84218712680997,-3.297870158592275,-1.5379441289260833,23.117042086188484
2025-01-13,308.70001220703125,315.4599914550781,307.29998779296875,314.2300109863281,314.0281677246094,798100.0,0.0023924761689988,0.0023896187545124,8.160003662109375,42.61788314273518,PWR,798100.0,250625880.66101074,0.8905346718431195,-3.330910852713176,0.23924761689988472,2.5984941800715737,-1.4615243365773662,양봉,317.3520263671875,324.77518768310546,324.08199818929035,False,False,0,8.034282139369411,0.09290202229967096,False,42.61788314273518,-3.598575179607849,-1.4709193199533255,26.3540158767917
2025-01-14,318.1300048828125,323.9599914550781,315.92999267578125,319.8900146484375,319.6845397949219,1087800.0,0.0180123079763752,0.0178520084053171,8.029998779296875,42.45517057111087,PWR,1087800.0,347752842.388916,1.198656720333721,36.29870943490792,1.8012307976375208,2.511850834090423,1.3062003921254217,양봉,315.7190795898438,323.9705215454102,324.2113952636719,False,False,0,7.7792816162109295,0.09313276894634534,False,42.45517057111087,-3.341940313773307,-0.9714275632950269,48.509802562137885
2025-01-15,327.7300109863281,331.7900085449219,326.2699890136719,329.4200134277344,329.2084045410156,1438100.0,0.0297914461306241,0.029356302254975,5.52001953125,51.6675115677008,PWR,1438100.0,473434606.5704346,1.5560591644024306,32.20261077403934,2.979144613062412,1.6767553486205935,2.516690734111644,양봉,317.63984375,323.567121887207,324.4842041015625,False,True,0,7.824284144810259,0.09324888002382857,False,51.6675115677008,-2.343049823031947,0.021970341957066264,85.81440577981202
2025-01-16,331.739990234375,337.8800048828125,329.54998779296875,336.19000244140625,335.9740600585937,1469600.0,0.0205512843057904,0.0203429561018735,8.33001708984375,54.0558080927831,PWR,1469600.0,493747478.6621093,1.5672336831129086,2.1903900980460245,2.055128430579045,2.479363165236923,0.7689918174746867,양봉,322.434765625,323.2572387695312,324.8509592692057,False,True,0,8.167142595563613,0.07457857041626441,False,54.0558080927831,-0.9940314790485445,1.0967909487523753,93.76735199781228
2025-01-17,339.8299865722656,342.6700134277344,336.5299987792969,337.4599914550781,337.2432556152344,1358000.0,0.0037776593717364,0.0037705419357729,6.1400146484375,55.05464389782024,PWR,1358000.0,457976341.1254883,1.427277322616325,-7.593903102885136,0.37776593717364637,1.820648610818397,1.1476857805627791,음봉,327.227685546875,323.31402587890625,325.18275451660156,True,True,0,8.272857666015621,0.07807828584923647,False,55.05464389782024,0.17546608818099685,1.8130308127855332,84.65718439523556
2025-01-21,345.0,358.7200012207031,342.1499938964844,358.0,357.7700500488281,1892500.0,0.0608664342186668,0.0590859650143946,16.57000732421875,71.38158410767788,PWR,1892500.0,677079819.7174072,1.9478562186323714,39.35935198821796,6.086643421866689,4.631468542980971,2.30004433168425,양봉,335.97606201171874,325.18689422607423,325.9344217936198,True,True,0,8.813572474888389,0.140751672893109,True,71.38158410767788,2.7272045804203913,3.491815444019942,98.15256529792615
2025-01-22,363.1000061035156,365.8800048828125,355.239990234375,357.3299865722656,357.1004638671875,1417400.0,-0.0018715545964488,-0.0018733081429995,10.6400146484375,74.56324922212573,PWR,1417400.0,506154197.48535156,1.4361428033799843,-25.10435931307794,-0.18715545964488323,2.9795577785624845,1.4897714478783433,음봉,343.45924682617186,326.92787780761716,326.7804941813151,True,True,1,8.960717337472094,0.14000213035417078,False,74.56324922212573,4.6419363580791355,4.325237777342949,85.01273736031882
2025-01-23,355.5,359.6700134277344,352.6300048828125,354.75,354.52215576171875,1061500.0,-0.0072201197319857,-0.0072463109417176,7.040008544921875,74.89736996701335,PWR,1061500.0,376325268.34106445,1.066170843696193,-25.109355157330327,-0.7220119731985775,1.9857739299243127,-0.4481830826696274,음봉,348.5219970703125,328.2492248535156,327.5296463012695,True,True,1,9.154290335518969,0.13943856039769784,False,74.89736996701335,5.8835057782235936,4.453445757989925,80.61139329530359
2025-01-24,358.07000732421875,362.0,352.69000244140625,358.0299987792969,357.8000183105469,1150100.0,0.0092458609301451,0.0092033796081414,9.30999755859375,76.33436258539543,PWR,1150100.0,411505801.05895996,1.1432640071193356,8.346679227508247,0.9245860930145122,2.6020114818756896,1.000741844998985,음봉,352.88718872070314,329.7859146118164,328.3617360432943,True,True,1,9.212862287248884,0.1388796961837015,False,76.33436258539543,7.0506787662408215,4.496494996805722,86.20692349769477
2025-01-27,314.94000244140625,325.0,291.9100036621094,292.42999267578125,292.2421569824219,4484000.0,-0.183224868566734,-0.202391458930555,33.089996337890625,37.40486884666981,PWR,4484000.0,1310413831.9091797,4.221307372180423,289.8791409442657,-18.322486856673404,11.322800474635478,-11.978762905467754,음봉,343.8869689941406,327.87337799072264,328.01477864583336,True,False,0,10.854291643415179,0.19994871718429055,True,37.404868846669814,2.6550939783555236,0.08072816713633912,0.44903787323385247
2025-01-28,311.4200134277344,311.4200134277344,290.42999267578125,293.9800109863281,293.7911682128906,3450900.0,0.0053004373033076,0.0052864394269619,20.990020751953125,37.40948724405301,PWR,3450900.0,1013843942.3858643,3.114320994374627,-23.039696699375554,0.5300437303307648,7.144537693094666,6.56231689614378,음봉,331.0911926269531,326.0477813720703,327.69247182210285,True,False,0,11.992865426199776,0.2010682638361936,True,37.409487244053004,-0.6954298909571435,-2.6158365617410624,4.454837631949574
2025-01-29,295.0,305.32000732421875,293.5899963378906,297.79998779296875,297.60870361328125,1944300.0,0.0129940441151188,0.0129103457972571,11.730010986328123,41.5934533624857,PWR,1944300.0,578640602.4353027,1.7232434272723183,-43.65817612796662,1.2994044115118841,3.941420678869102,0.41145953925797263,양봉,319.1928405761719,324.78670196533204,327.4637619018555,False,False,0,11.770723615373884,0.20184897020544484,False,41.593453362485704,-3.0080263390660775,-3.942746407879997,9.514525879468327
2025-01-30,302.95001220703125,311.8099975585937,299.0,309.2900085449219,309.09136962890625,1482200.0,0.0385830988012561,0.0378573792369949,12.809997558593691,48.92056161788436,PWR,1482200.0,458135228.06396484,1.3006082503088607,-23.766908398909635,3.85830988012561,4.144404799775976,1.7947420653028359,양봉,310.1066833496094,324.30755615234375,327.5929361979167,False,False,0,11.828580583844863,0.20214719048152285,False,48.92056161788436,-3.869614001277455,-3.843467256073099,24.733431323932813
2025-01-31,315.3699951171875,316.9700012207031,302.9700012207031,307.6099853515625,307.4123840332031,1162700.0,-0.0054320041278373,-0.0054468111076531,14.0,47.82896647934906,PWR,1162700.0,357428378.9154053,1.012014285615601,-21.555795439211977,-0.5432004127837398,4.5541431403387715,2.0313169843012244,음봉,300.02915649414064,323.8908233642578,327.6629908243815,False,False,0,12.311436244419639,0.20240728232796076,False,47.82896647934906,-4.634485077581417,-3.6866706659016484,22.50813599714603
2025-02-03,298.3099975585937,306.8299865722656,296.9700012207031,301.82000732421875,301.6261291503906,1082100.0,-0.0188224521305802,-0.0190018491777686,9.8599853515625,45.57512391917782,PWR,1082100.0,326389634.3536377,0.9397942640985062,-6.932140706975143,-1.8822452130580203,3.268942707097606,-2.960969351718211,양봉,301.90595092773435,323.20726165771487,327.622954305013,False,False,0,12.432863507952005,0.20283536017068987,False,45.57512391917782,-5.642509984681112,-3.755756458401075,14.839144682823521
2025-02-04,304.5,307.6400146484375,299.3500061035156,299.9800109863281,299.7873229980469,1096100.0,-0.0060963092207005,-0.006114967583842,8.290008544921875,42.702146311673225,PWR,1096100.0,328596884.7381592,0.9562651895447464,1.2937806117734096,-0.6096309220700591,2.7652965649170844,0.9527924048570953,음봉,303.1051818847656,321.88111572265626,327.38076934814455,False,False,0,12.451435634068076,0.20367103916904492,False,42.702146311673225,-6.514656371516821,-3.702322276189427,12.402026253606898
2025-02-05,303.3299865722656,307.8299865722656,297.8099975585937,298.75,298.55810546875,1583300.0,-0.0041002985616735,-0.004108727835404,10.019989013671932,38.02982113184718,PWR,1583300.0,472707048.3886719,1.368608737052826,44.44849922452332,-0.4100298561673599,3.3561269415010817,1.181725610939803,음봉,303.29506225585936,320.4165573120117,327.181369527181,False,False,0,12.772862025669642,0.20460197774451083,False,38.02982113184718,-7.22177808580193,-3.5275551923796273,10.772844901158656
2025-02-06,299.739990234375,311.6000061035156,298.0,311.0799865722656,310.8801574707031,1490900.0,0.0412718722963723,0.0404429200851366,13.600006103515623,40.60745416393954,PWR,1490900.0,463491226.7730713,1.275135011851719,-5.835912334996529,4.12718722963723,4.3746780798633855,0.3958642368022085,양봉,303.65281982421874,319.98033599853517,327.0201644897461,False,False,0,13.149289812360491,0.204880906583038,False,40.60745416393954,-6.710535644293373,-2.4130502006968557,27.104256443070668
2025-02-07,314.7099914550781,320.4100036621094,311.1199951171875,312.239990234375,312.0394287109375,897000.0,0.0037289972112279,0.0037220617373552,9.290008544921877,40.55854070814003,PWR,897000.0,279899367.55371094,0.7665824268395415,-39.834998993896306,0.3728997211227991,2.9771906016171488,1.2319325927824512,음봉,304.57822875976564,319.98233489990236,326.7097752888997,False,False,0,13.374289376395089,0.20487962671012125,False,40.55854070814003,-6.141038753357236,-1.4748426478085754,28.64073232468271
2025-02-10,313.82000732421875,314.67999267578125,309.239990234375,310.6700134277344,310.470458984375,661600.0,-0.0050281137003873,-0.0050407971979872,5.44000244140625,29.348112564700656,PWR,661600.0,205407255.6640625,0.5802482713304665,-26.243032329988846,-0.502811370038736,1.752180371427875,0.5706261611351418,음봉,306.3470947265625,319.8419250488281,326.39471638997395,False,False,0,12.579289027622767,0.2049695683832466,False,29.348112564700656,-5.750028361114687,-0.867065804452821,26.561249922138728
2025-02-11,307.70001220703125,308.3699951171875,300.0899963378906,302.7900085449219,302.59552001953125,1060900.0,-0.0253645354556585,-0.0256917604144092,8.279998779296875,27.61084276150548,PWR,1060900.0,321023587.1887207,0.930634767691845,60.353688029020546,-2.5364535455658532,2.736325633228951,-0.8923382876446799,음봉,306.9087341308594,319.2702926635742,325.98870340983075,False,False,0,12.410716465541295,0.20533655286621205,False,27.61084276150548,-6.0063540582784185,-0.8987132012932415,16.99808033921114
2025-02-12,294.3399963378906,299.6099853515625,293.5799865722656,298.3299865722656,298.13836669921875,1305000.0,-0.0147297399512881,-0.0148392997602009,6.029998779296875,27.191131969628746,PWR,1305000.0,389070568.54248047,1.144770314921489,23.00876614195495,-1.4729739951288123,2.02255041712908,-2.7282372459142046,양봉,306.8247863769531,318.19298400878904,325.51489817301433,False,False,0,12.338572910853795,0.20603176255550054,False,27.191131969628742,-6.494286945616523,-1.1093168709050758,10.770397142084747
2025-02-13,300.3900146484375,301.8099975585937,286.57000732421875,290.8599853515625,290.67315673828125,1873300.0,-0.0250394138922377,-0.0253582333062414,15.239990234374943,23.735054706371912,PWR,1873300.0,544518024.5178223,1.624789704250521,43.5478927203065,-2.503941389223774,5.2429988394479965,0.7552358906864067,음봉,302.78338623046875,316.26622161865237,324.966791788737,False,False,0,12.762143816266738,0.21224796384738767,False,23.735054706371912,-7.398076903285357,-1.6104854628591276,10.67694560516615
2025-02-14,292.20001220703125,294.4100036621094,282.7200012207031,285.45001220703125,285.26666259765625,2091800.0,-0.018599908575297,-0.0187750621689071,11.69000244140625,44.84339996796484,PWR,2091800.0,596720804.8217773,1.7779471702389738,11.663908610473506,-1.859990857529703,4.097920989069087,0.5252825840140316,음봉,297.4288330078125,313.7308517456055,324.3375681559245,False,False,0,11.23357282366071,0.23119612020722033,False,44.84339996796484,-8.453153161642263,-2.1324493769728257,6.756861798860915
2025-02-18,285.8099975585937,287.9599914550781,281.5400085449219,287.5899963378906,287.4052734375,2165200.0,0.0074968831631758,0.0074689211993508,6.41998291015625,45.32005448116531,PWR,2165200.0,622289898.046875,1.8104519905235286,3.508939669184441,0.7496883163175871,2.233773525923963,0.19046563520244555,양봉,292.8157958984375,311.23895263671875,323.65940246582034,False,False,0,10.192855834960934,0.23304716552478663,False,45.32005448116531,-9.012846195505404,-2.153713928668772,15.089440775320877
2025-02-19,286.2099914550781,293.75,285.1099853515625,292.07000732421875,291.8824157714844,1728600.0,0.0155778016194194,0.0154577132044481,8.6400146484375,45.84363532778174,PWR,1728600.0,504547943.9025879,1.4274022625721392,-20.164418991317202,1.5577801619419462,2.96010111660916,-0.4158872828343578,양봉,290.6731750488281,307.94457092285154,323.01639353434246,False,False,0,9.972141810825889,0.23554029705905158,False,45.84363532778174,-8.991490680345237,-1.705886730806884,26.607688514962803
2025-02-20,307.5799865722656,309.4100036621094,275.8299865722656,281.1600036621094,280.9794006347656,3996700.0,-0.0373541349104591,-0.0380696761574803,33.58001708984375,29.42207210527845,PWR,3996700.0,1122990370.5169678,3.171648502803936,131.21022793011687,-3.7354134910459136,11.951060118280035,5.378046073550017,음봉,287.2413818359375,304.13851776123045,322.16569264729816,False,False,0,11.455714634486608,0.25258431007443355,True,29.422072105278446,-9.742048214355805,-1.965155411853961,11.550946811263433
2025-02-21,290.8999938964844,290.989990234375,267.8599853515625,269.3599853515625,269.1869812011719,3467700.0,-0.0419689820924711,-0.0428751237613868,23.1300048828125,25.62763362509787,PWR,3467700.0,933459694.7113037,2.6660097187612117,-13.235919633697801,-4.196898209247113,8.592542172582531,3.5307190631437604,음봉,282.94414672851565,299.87175903320315,320.9907404581706,False,False,0,12.107857840401786,0.2955031090459017,True,25.62763362509787,-11.159777197649532,-2.70630751611815,2.525205303959037
2025-02-24,269.69000244140625,271.1000061035156,258.6400146484375,259.3599853515625,259.1933898925781,2896300.0,-0.0371250915033116,-0.0378317733403622,12.459991455078123,24.32268224994256,PWR,2896300.0,750701815.145874,2.171775132294025,-16.47778066153358,-3.712509150331167,4.80721806225156,0.1868668529175456,음봉,277.7294921875,294.94142761230466,319.6174255371094,False,False,0,12.293572562081474,0.1791746898568097,False,24.32268224994256,-12.940566138549286,-3.5896771656143223,0.8958642424529872
2025-02-25,259.4700012207031,269.4100036621094,253.44000244140625,264.3900146484375,264.2201843261719,3227000.0,0.0193939916279388,0.0192083248785149,15.970001220703123,29.27682325135794,PWR,3227000.0,852638534.8205566,2.3504663334639786,11.418016089493488,1.9393991627938867,6.044201831677113,0.10672005495188001,양봉,273.09247436523435,293.5403289794922,318.31124013264974,False,False,0,12.84214346749442,0.18002990935549232,False,29.27682325135794,-13.787302463485446,-3.549130792440385,16.097031041165692
2025-02-26,270.3999938964844,276.0,268.0,268.8099975585937,268.6373291015625,1660300.0,0.0167176659370495,0.0165794639098485,8.0,33.19110533238424,PWR,1660300.0,446018557.5073242,1.1999993116566359,-48.54973659745894,1.6717665937049597,2.9779926813430597,2.338886253551209,음봉,268.44345703125,292.28263702392576,317.01739908854165,False,False,0,12.697858537946425,0.18080457791282856,False,33.19110533238424,-13.941214787680849,-2.9624344933086295,22.692737618553522
2025-02-27,268.6099853515625,271.0199890136719,257.6099853515625,259.260009765625,259.0934753417969,2067300.0,-0.0355269083104881,-0.0361733457403955,13.410003662109377,19.969894613450503,PWR,2067300.0,535623941.5740967,1.4736404400558045,24.51364211287117,-3.5526908310488103,5.175739622319265,-0.010178685922559284,음봉,264.06627197265624,290.35687561035155,315.60878499348956,False,False,0,12.684286934988835,0.182347854714459,False,19.969894613450506,-14.664260187328807,-2.9483839143652695,8.441799010514142
2025-02-28,259.1600036621094,262.510009765625,255.009994506836,259.6300048828125,259.4632263183594,3038900.0,0.001427094897217,0.0014260775650655,7.500015258789034,19.23032272836544,PWR,3038900.0,788482798.4588623,2.1228168995344125,46.998500459536594,0.14270948972170405,2.8905889151268567,0.025677342983931047,양봉,262.12152099609375,287.8754684448242,314.1966761271159,False,False,0,12.55643027169363,0.1839196429455,False,19.230322728365437,-15.03413886769954,-2.654610075788799,9.83544225578957
2025-03-03,261.6600036621094,264.5,248.6699981689453,250.9100036621093,250.74884033203125,1986900.0,-0.0335862083809735,-0.0341631807744587,15.830001831054688,17.746115441388298,PWR,1986900.0,498212870.8557129,1.37068699314299,-34.61778933166606,-3.3586208380973592,6.313090744544722,0.8466623093072047,음봉,260.4326110839844,285.04229125976565,312.67579243977866,False,False,0,13.298573085239948,0.2150227887519004,False,17.746115441388298,-15.847765332794552,-2.774589232707047,3.422525477578199
2025-03-04,244.6699981689453,256.3099975585937,241.44000244140625,249.6300048828125,249.4696502685547,2389500.0,-0.0051014794795569,-0.0051145364515099,14.869995117187443,19.107390697977337,PWR,2389500.0,596107729.3167114,1.6156065238785677,20.262720821380032,-0.510147947955697,5.960642948422726,-2.424275284797563,양봉,257.4825042724609,282.4344673156738,311.1767138163249,False,False,0,13.769287109374988,0.22153733231308936,False,19.107390697977337,-16.406664302444938,-2.6667905618859447,11.813517261939772
2025-03-05,250.2899932861328,255.009994506836,246.82000732421875,253.1600036621093,252.9973907470703,1341500.0,0.0141409605325457,0.0140419098392937,8.189987182617216,23.46376251819322,PWR,1341500.0,339395999.6871948,0.8976732477662924,-43.85854781335007,1.4140960532545765,3.237182469919241,0.3288347968159749,양봉,254.3545166015625,280.094970703125,309.8376673380534,False,False,0,13.923571995326443,0.22338772554649344,False,23.46376251819322,-16.376162382347047,-2.109030913430443,17.003660582756872
2025-03-06,243.509994506836,246.4600067138672,238.5200042724609,240.8800048828125,240.72528076171875,2241400.0,-0.0485068638420085,-0.0497228059787395,7.940002441406278,22.208641835274392,PWR,2241400.0,539561644.2993164,1.474928712436938,67.08162504658964,-4.850686384200853,3.29836667602256,-3.7499976629083798,음봉,250.68087768554688,277.2033294677734,308.2722732543945,False,False,0,13.40214429582868,0.2572629559902507,False,22.208641835274392,-17.144613670191916,-2.301985761020248,3.1108428667582424
2025-03-07,241.57000732421875,248.0,237.8099975585937,246.0200042724609,245.8619842529297,2057600.0,0.0213384463607522,0.0211139694255946,10.190002441406278,28.00892986854707,PWR,2057600.0,505885618.7988281,1.336227850449949,-8.200231997858475,2.1338446360752217,4.14460270153981,0.35090895307175907,양봉,247.96062927246095,273.9524208068848,306.83411738077797,False,False,0,13.295001438685828,0.260315815933197,False,28.00892986854707,-17.14153091156703,-1.8391224019162902,11.245790513893027
2025-03-10,236.9499969482422,241.25,231.3099975585937,236.7100067138672,236.5579528808593,2602200.0,-0.0378424968802775,-0.0385771170611732,9.940002441406278,23.724453267275635,PWR,2602200.0,615571104.986572,1.665468908577228,26.467729393468108,-3.7842496880277743,4.20193120559025,-3.6247927192840526,음봉,245.1224517822265,270.17834701538084,305.4155596415202,False,False,0,13.54643140520369,0.2735693178969223,False,23.72445326727562,-17.685972496039483,-1.9068511891109914,6.7195325379486235
2025-03-11,236.47000122070312,249.9499969482422,236.3099975585937,246.02999877929688,245.8719787597656,2447500.0,0.0393731251284423,0.0386177671182734,13.639999389648466,27.35589988396113,PWR,2447500.0,601771668.0145262,1.5464297498613462,-5.944969641072939,3.93731251284426,5.547602235298128,-0.03717975197412236,양봉,244.40291748046872,266.9484230041504,304.18686955769857,False,False,0,13.903573172433045,0.24737949898900596,False,27.355899883961158,-17.167980533465112,-1.111087381229293,18.645300977148572
2025-03-12,252.9900054931641,259.4100036621094,245.0,249.1000061035156,248.9400177001953,1750600.0,0.0124781968075646,0.0124009857494768,14.410003662109377,32.91411166250397,PWR,1750600.0,435794394.9859619,1.098722631009522,-28.47395301327885,1.2478196807564679,5.78854448362083,2.895013400593043,음봉,243.5914428710937,264.2656478881836,302.77037607828777,False,False,0,12.534286499023448,0.23302466404719935,False,32.914111662503984,-16.32175602584735,-0.21189029888922306,29.540922093236187
2025-03-13,248.6000061035156,252.7899932861328,242.2400054931641,250.2899932861328,250.1292266845703,1817400.0,0.0047770904628408,0.0047657163751759,10.549987792968722,38.54104106446004,PWR,1817400.0,454584856.5765381,1.1317969380169866,3.8158345710042285,0.4777090462840805,4.217814900244729,-0.1365837440765351,양봉,245.47223205566402,261.86519088745115,301.34289881388344,False,False,0,11.635713849748893,0.211270779071982,False,38.54104106446005,-15.377891025104446,0.5855797614829434,42.11060214340059
2025-03-14,255.6699981689453,261.92999267578125,251.9199981689453,260.8099975585937,260.6424865722656,2080100.0,0.0420313132817271,0.041171994013744,10.009994506835938,50.86589496419092,PWR,2080100.0,542162436.3189697,1.280754615928913,14.454715527676898,4.203131328172716,3.840507600460054,2.2151635607790383,양봉,248.4283325195312,260.36365737915037,300.06566696166993,False,False,0,11.460714067731592,0.2124891908783557,False,50.86589496419092,-13.62448442635744,1.8711890881839626,65.6354607546289
2025-03-17,258.3099975585937,270.57000732421875,258.1199951171875,267.3999938964844,267.2282409667969,1736100.0,0.0252673863004497,0.0249534432544617,12.45001220703125,51.764562455894,PWR,1736100.0,463934949.14245605,1.0640806867754475,-16.53766645834335,2.526738630044978,4.65894329206701,-0.8948997703124761,양봉,254.56239013671876,259.46173629760744,298.8166089375814,False,False,0,11.209286281040745,0.213227829583191,False,51.764562455893994,-11.570108712945114,3.1404518412770326,80.37198801968314
2025-03-18,263.6700134277344,266.8599853515625,261.5,263.3599853515625,263.1908264160156,1220500.0,-0.0151084875467293,-0.0152237835172134,5.3599853515625,46.79071793145514,PWR,1220500.0,321224403.6407471,0.7462940801369684,-29.698750072000458,-1.5108487546729332,2.0365395802550417,-1.3315312506602213,음봉,258.0261596679687,258.2510139465332,297.6013308207194,False,False,0,11.020713806152353,0.21422747599387604,False,46.79071793145515,-10.150774956197779,3.6478284784194948,80.28414937708317
2025-03-19,265.20001220703125,273.1400146484375,262.4100036621094,270.3999938964844,270.226318359375,1301100.0,0.0267315241916472,0.026380479235991,10.730010986328123,56.75970500491041,PWR,1301100.0,351591462.8173828,0.794191510594801,6.603850880786566,2.673152419164726,3.9707497964940055,0.7633950690362521,양봉,262.2834197998047,257.16820907592773,296.76655807495115,True,False,0,10.829285757882262,0.17273304470068113,False,56.759705004910394,-8.361847157495902,4.349405021697098,93.03443677107668
2025-03-20,266.5,274.1099853515625,264.95001220703125,271.1000061035156,270.9258728027344,1174900.0,0.0025887724319622,0.0025854273325004,9.15997314453125,56.932193298505766,PWR,1174900.0,318310807.9559326,0.7168714722369649,-9.699485051110601,0.2588772431962205,3.3809886998872116,-1.378962042631005,양봉,266.4427490234375,256.6655326843262,295.91064275105794,True,False,0,10.947854178292422,0.13390157830091,False,56.93219329850576,-6.809168930467251,4.721666598980601,92.56048257716743
2025-03-21,268.6000061035156,270.1400146484375,265.0,268.2200012207031,268.0477294921875,1606100.0,-0.0106233608505987,-0.0106801915958374,5.1400146484375,61.256337088424345,PWR,1606100.0,430511458.33740234,0.975530816420384,36.700995829432294,-1.0623360850598784,1.9175744029524826,-0.858488218625119,음봉,267.9237976074219,256.60857009887695,294.9098513285319,True,False,0,10.184283665248339,0.13393130209420662,False,61.256337088424324,-5.744681251095585,4.628923422681815,85.83584675608036
2025-03-24,274.739990234375,279.75,273.8299865722656,278.3999938964844,278.2211608886719,1346600.0,0.0379538055247019,0.0372512804053221,5.920013427734375,66.76768012945288,PWR,1346600.0,374652615.25268555,0.817692881555891,-16.157150862337343,3.7953805524701956,2.1278084703640587,2.496667572922886,양봉,270.12238159179685,257.55995864868163,294.0957669576009,True,False,0,9.544999258858834,0.1617612000964881,False,66.76768012945286,-4.033658698579529,5.071956780158297,96.84385005310966
2025-03-25,278.010009765625,278.8999938964844,273.8900146484375,276.25,276.07257080078125,1262500.0,-0.0077225976666468,-0.0077525713401426,5.009979248046875,63.67729981826366,PWR,1262500.0,348541620.6359863,0.7648549912828407,-6.245358681122825,-0.7722597666646847,1.814732710864696,-0.07589326504584802,음봉,272.69873046875,258.15257797241213,293.1887616475423,True,False,0,9.31785583496095,0.16138985841258957,False,63.677299818263656,-2.8185438430943464,5.029657308514784,92.40828031817914
2025-03-26,275.3099975585937,275.8500061035156,259.0799865722656,260.6400146484375,260.4725952148437,1521000.0,-0.0565067929084297,-0.0581661138904195,16.77001953125,61.26054871595144,PWR,1521000.0,396178817.3217773,0.9264490904028215,20.475247524752472,-5.650679290842975,6.4383047734513905,-0.2762220237873044,음봉,270.74798583984375,257.74434127807615,292.0249198913574,True,False,0,9.948571341378358,0.16164548094913492,True,61.26054871595143,-3.078853118807899,3.815478426240986,60.20354291171947
2025-03-27,257.4599914550781,258.6000061035156,250.67999267578125,254.8800048828125,254.71627807617188,1581100.0,-0.0220995115970794,-0.0223473642234754,7.920013427734375,55.01357256670551,PWR,1581100.0,402731907.26623535,0.9539640400627489,3.9513477975016364,-2.2099511597079458,3.109347187212718,-1.1565914476648511,음봉,267.5060668945313,257.5254814147949,290.8896863301595,True,False,0,9.78642926897322,0.16178285651160818,False,55.0135725667055,-3.7069058772945027,2.5499405342035066,48.32014727061738
2025-03-28,255.5200042724609,256.25,250.8500061035156,254.2899932861328,254.1266632080078,1150100.0,-0.0023147906863955,-0.002317473955961,5.399993896484403,61.03717206490192,PWR,1150100.0,292271075.3555298,0.6942293430833175,-27.259502877743348,-0.2314790686395507,2.12492220545327,0.31553782206596276,음봉,264.7218536376953,257.25865325927737,289.8138926188151,True,False,0,9.462142944335941,0.16195065736359293,False,61.037172064901945,-4.203760866990365,1.6424684356061166,41.01442138141218
2025-03-31,248.8000030517578,254.8800048828125,244.6999969482422,254.17999267578125,254.0167388916016,1626800.0,-0.0004325571941904,-0.0004326507740402,10.180007934570312,55.78588658827644,PWR,1626800.0,413234430.8288575,0.9696002997113575,41.448569689592205,-0.04325571941904416,4.007613033294826,-2.09606504449713,양봉,259.88096923828124,257.4220481872559,288.78505427042643,True,False,0,9.215000697544642,0.16184786152235733,False,55.78588658827644,-4.553897503907081,1.033865438951521,31.396254660318014
2025-04-01,252.8500061035156,258.1300048828125,249.9600067138672,257.8999938964844,257.7343444824219,979800.0,0.0146352780019223,0.0145292159007208,8.169998168945312,56.19019857568885,PWR,979800.0,252528110.72387695,0.5817878500841192,-39.77133021883452,1.4635278001922325,3.169929946803239,-0.45931334807974317,양봉,256.21332397460935,257.83528289794924,287.8256706237793,False,False,0,8.769286019461495,0.16158846663473445,False,56.190198575688854,-4.4797636822361255,0.8863994084979812,41.30722809472569
2025-04-02,252.1000061035156,264.7699890136719,250.88999938964844,264.5899963378906,264.4200439453125,867300.0,0.02594027379749,0.0256095323811427,13.879989624023438,59.33664717982439,PWR,867300.0,229331504.11376953,0.5160442453972434,-11.481935088793627,2.5940273797490088,5.249219921805211,-2.1861030551520284,양봉,257.0028137207031,258.40641555786135,286.79416732788087,False,False,0,9.00714329310826,0.1612313220547093,True,59.33664717982439,-3.8372980393603484,1.2230920410990072,56.26261135541134
2025-04-03,248.69000244140625,256.7699890136719,248.69000244140625,252.0399932861328,251.9733428955078,1703900.0,-0.0470717002542323,-0.0482156145216399,8.079986572265625,44.47573436510339,PWR,1703900.0,429337378.95965576,1.0042238026010766,96.46027902686498,-4.707170025423235,3.206683087748833,-5.948883930735427,양봉,256.4542266845703,258.9688186645508,285.5295684814453,False,False,0,8.869285583496096,0.16088117566686685,False,44.47573436510339,-4.283111103309807,0.6218231817196394,20.75134183733218
2025-04-04,243.1199951171875,245.9499969482422,232.3500061035156,239.47000122070312,239.4066619873047,2086900.0,-0.0498730570614942,-0.0511596791686659,13.599990844726593,33.52683325150875,PWR,2086900.0,499617762.90130615,1.2181862488024267,22.477844943952107,-4.987305706149425,5.680706932644912,-3.5136049220856487,음봉,253.51022644042968,258.6460525512695,284.19293645222984,False,False,0,8.951426914760049,0.16108194034607967,True,33.52683325150875,-5.58605473180711,-0.5448963574221306,14.887461587442258
2025-04-07,232.2100067138672,252.6499938964844,227.0800018310547,245.1999969482422,245.13514709472656,2396200.0,0.0239278433602054,0.0236460586659589,25.56999206542972,39.51911267677741,PWR,2396200.0,587392839.4683838,1.3770058451367149,14.82102640279841,2.392784336020548,10.430977511172157,-3.006038016527345,양봉,251.7339080810547,259.0749122619629,283.07853139241536,False,False,0,10.394998822893422,0.1498195968203977,True,39.519112676777404,-6.086247597623952,-0.8360713785911775,34.27975297389956
2025-04-08,253.3999938964844,260.0,240.8099975585937,245.0500030517578,244.9851989746093,1702200.0,-0.0006116957192567,-0.0006118828814113,19.19000244140628,34.07513845428714,PWR,1702200.0,417013805.69457996,0.9707635584144955,-28.962523996327516,-0.06116957192570105,7.8331272753319245,3.3715470424011005,음봉,249.1840789794922,259.03057327270506,281.94030710856117,False,False,0,10.999283926827577,0.1498452418607113,True,34.07513845428713,-6.420739321476987,-0.9364504819553687,33.99505936210885
2025-04-09,243.22000122070312,271.6600036621094,241.6199951171875,269.6000061035156,269.5287170410156,1952900.0,0.1001836770920598,0.095477145039454,30.040008544921875,49.3223916251382,PWR,1952900.0,526362631.5093994,1.1033402595119868,14.727999060039942,10.01836770920601,11.145383272963276,-0.7205324082003473,양봉,250.2058135986328,260.0600082397461,281.19864959716796,False,False,0,12.49071502685548,0.14925208671678802,True,49.3223916251382,-4.651747187329676,0.6660333217535541,80.5937282811395
2025-04-10,262.3299865722656,270.1300048828125,255.0,262.70001220703125,262.6305236816406,1535200.0,-0.0255935376204282,-0.025926749885554,15.1300048828125,47.47130572825586,PWR,1535200.0,403190379.9560547,0.8644862695043828,-21.38870397869834,-2.5593537620428264,5.760946850623126,-2.6708584331125396,양봉,252.33724975585938,260.6850730895996,280.2477493286133,False,False,0,13.204285757882264,0.14889421339451347,False,47.47130572825587,-3.7630565560552327,1.2437791624223982,67.49672125780864
2025-04-11,262.6700134277344,270.9200134277344,259.0599975585937,269.57000732421875,269.49871826171875,1098300.0,0.0261515473669911,0.0258154428263465,11.860015869140682,45.7988204471506,PWR,1098300.0,295990442.2668457,0.6169597526201188,-28.458832725377803,2.61515473669911,4.400768933388041,0.01503623628364663,양봉,258.3556610107422,261.1278846740723,279.252587890625,False,False,0,13.628571646554144,0.14864172376616785,False,45.79882044715061,-2.476014966121113,2.024656601885215,81.85782116119343
2025-04-14,275.2900085449219,277.70001220703125,269.6700134277344,274.29998779296875,274.2274475097656,1103000.0,0.0175463886379401,0.0173942280943424,8.029998779296875,49.13284592220583,PWR,1103000.0,302472874.6032715,0.6179200276018328,0.4279340799417275,1.7546388637940113,2.928225767411891,2.1489119950392563,음봉,264.17412109375,261.4778450012207,278.22347768147785,True,False,0,13.844287327357716,0.14844278260433874,False,49.13284592220583,-1.0622117865152063,2.7507678251928973,93.13993681258972
2025-04-15,275.0899963378906,276.92999267578125,271.0,273.0299987792969,272.9577941894531,805800.0,-0.0046299279369811,-0.0046406792513746,5.92999267578125,56.78106595575549,PWR,805800.0,219949390.55786133,0.45255820629145893,-26.94469628286491,-0.46299279369811375,2.172494357008685,0.31453774447369404,음봉,269.7686401367188,261.96619338989257,277.1520533243815,True,False,0,13.069999694824233,0.14816606066263802,False,56.78106595575549,-0.04370914101963308,3.0154163765507764,90.63173242684931
2025-04-16,268.5599975585937,273.7300109863281,265.2900085449219,269.45001220703125,269.3787536621094,1049600.0,-0.0131120656875606,-0.0131987877250569,8.44000244140625,58.15651490720831,PWR,1049600.0,282739939.84375,0.5915313036181697,30.255646562422434,-1.3112065687560626,3.13313590127929,-1.611163602753557,양봉,269.7386474609375,261.9238151550293,275.67886505126955,True,False,0,13.107141767229367,0.14819003334383088,False,58.1565149072083,0.46925362054656716,2.8227033104935813,83.56132588058297
2025-04-17,271.04998779296875,271.5,264.6099853515625,267.2200012207031,267.1493225097656,971300.0,-0.0082761952159753,-0.0083106330607806,6.8900146484375,57.11451185258753,PWR,971300.0,259482136.95373535,0.549854206447265,-7.45998475609756,-0.8276195215975335,2.579087449561335,0.620403097178057,음봉,270.6424072265625,261.73498764038084,274.17967936197914,True,False,0,13.213571820940302,0.14829694436839147,False,57.114511852587526,0.6879535427200381,2.4331225861336416,79.15707717382688
2025-04-21,262.67999267578125,263.3599853515625,251.0399932861328,253.7700042724609,253.7028961181641,1046300.0,-0.0503329982845455,-0.0516438803456743,12.319992065429688,49.85034911264474,PWR,1046300.0,265449340.2084351,0.5939754432948444,7.721610213116437,-5.033299828454552,4.85607072443176,-1.6729706787188274,음봉,267.4832427978516,261.0177459716797,272.4993583679199,True,False,0,13.366427830287401,0.14870444443106387,False,49.85034911264474,-0.22118968958199048,1.2191834830652906,52.59361681155285
2025-04-22,257.0,263.7699890136719,254.97999572753903,261.8500061035156,261.78076171875,979300.0,0.031839863573428,0.031343484063132,8.789993286132841,51.85244018090607,PWR,979300.0,256361899.95117188,0.5605528126720611,-6.403517155691485,3.183986357342805,3.3577690080895115,1.2995925282225622,양봉,264.99390563964846,260.1957260131836,270.8990374247233,True,False,0,13.410713195800795,0.1409166452319773,False,51.852440180906065,-0.2865725765003617,0.9230404769175355,68.55146735442736
2025-04-23,277.2799987792969,284.54998779296875,273.760009765625,274.3099975585937,274.2374572753906,1555800.0,0.0475844576005313,0.0464869973448477,10.78997802734375,54.26882800271127,PWR,1555800.0,426658636.02905273,0.8894238709267611,58.8685795976718,4.758445760053132,3.9345383867486783,5.9206936975753885,음봉,265.2498382568359,260.1039703369141,270.5989590962728,True,True,0,13.189998081752247,0.13391104812037055,False,54.26882800271126,0.659163810933876,1.4950214914814186,82.05579774386523
2025-04-24,274.2300109863281,284.2200012207031,272.0,282.1199951171875,282.0453796386719,1606100.0,0.0284713927880408,0.0280736152252995,12.220001220703123,63.62565609906817,PWR,1606100.0,452993084.2376709,0.9136642900485437,3.2330633757552407,2.8471392788040895,4.33263655527992,-0.0027152706039796745,양봉,267.7831634521484,261.18260955810547,270.40319595336916,True,True,0,13.485713413783497,0.16325251410692151,False,63.62565609906816,2.015467735357049,2.281060332723673,95.6418848684656
2025-04-25,284.5,290.0,282.760009765625,287.3399963378906,287.2640075683594,1205500.0,0.0185027953174523,0.0183337012243566,7.239990234375,73.23110512034347,PWR,1205500.0,346296761.1236572,0.6854315394265394,-24.942407073034055,1.8502795317452359,2.520326265605036,0.8702927041289374,양봉,271.8061004638672,262.8099960327148,270.23078435262045,True,True,0,13.03142765590124,0.18209865036905737,False,73.23110512034344,3.4714315254032044,2.9896192982158625,95.65163300816656
2025-04-28,285.57000732421875,292.9100036621094,285.17999267578125,290.6199951171875,290.5431213378906,1058500.0,0.0114149830230678,0.011350323695868,7.730010986328125,72.57904372851341,PWR,1058500.0,307539893.9361572,0.6210494945308753,-12.194110327664864,1.141498302306787,2.6605382879942336,-0.5897015287365956,양봉,279.1741455078125,264.630818939209,269.9216468811035,True,True,0,11.75714329310827,0.19323697653799352,False,72.57904372851338,4.834165148502791,3.481882337052359,95.45704021700865
2025-04-29,289.7099914550781,293.7200012207031,287.0599975585937,292.3800048828125,292.3026733398437,1047900.0,0.0060560786772396,0.0060378143358644,6.660003662109432,73.1578414398526,PWR,1047900.0,306303971.3928222,0.6289047131391554,-1.001417099669344,0.6056078677239674,2.278461426990175,-0.28674913347667985,양봉,285.2785278320312,266.5451156616211,269.6698183695475,True,True,0,10.86214338030135,0.1984504995382863,False,73.15784143985262,5.987106863069926,3.707859241295594,97.27960131512577
2025-04-30,284.510009765625,294.25,281.1700134277344,292.69000244140625,292.61260986328125,1639700.0,0.0010603273651117,0.0010597656151086,13.079986572265623,64.81077620134792,PWR,1639700.0,479796896.39282227,0.9869415551472801,56.47485447084646,0.10603273651117462,4.470069344713835,-2.6659569976490114,양봉,288.95355834960935,268.2890289306641,269.5195930480957,True,True,0,9.650713239397332,0.19831577939673029,False,64.81077620134792,6.846903919223621,3.654125037959431,96.21062281345753
2025-05-01,320.2099914550781,330.6000061035156,312.29998779296875,321.92999267578125,321.8448486328125,3300800.0,0.0999008169305812,0.0952200093123439,18.300018310546875,79.52937391490678,PWR,3300800.0,1062345476.3671875,1.9528334577622515,101.30511678965664,9.990081693058128,5.68597521081503,9.431371260688774,양봉,296.9134521484375,271.16026916503904,269.8872184753418,True,True,1,9.877142769949787,0.304020153466261,True,79.52937391490678,9.774423179372434,5.265315438486594,88.99553034160618
2025-05-02,325.2300109863281,329.75,319.67999267578125,321.1400146484375,321.0550842285156,2062600.0,-0.0024538668481156,-0.0024568825137412,10.07000732421875,77.36973366417672,PWR,2062600.0,662208216.7297363,1.2100582569114897,-37.51211827435773,-0.245386684811566,3.136535697111489,1.0517994517842046,음봉,303.6716674804687,274.61435623168944,270.2621681213379,True,True,1,9.749285016741078,0.30019620159972815,False,77.36973366417672,11.893673038355644,5.907652237975842,88.00286533775599
2025-05-05,318.2799987792969,323.8800048828125,315.0,322.6199951171875,322.53466796875,1035600.0,0.0046085043125536,0.0045979176698194,8.8800048828125,76.5611523780567,PWR,1035600.0,334016902.1484375,0.60781498771659,-49.791525259381366,0.4608504312553663,2.75319392446609,-0.8643642744008199,양봉,310.0699768066406,278.77075653076173,270.45640996297203,True,True,1,9.809999738420766,0.2781836587137981,False,76.5611523780567,13.536543020673378,6.04041777623486,89.86257310782703
2025-05-06,319.1099853515625,322.32000732421875,316.3800048828125,317.6499938964844,317.56597900390625,988100.0,-0.0154051314735728,-0.0155250234058987,5.94000244140625,73.56857280693043,PWR,988100.0,313786943.85375977,0.5805203488887168,-4.586713016608734,-1.5405131473572808,1.8704782105557927,-1.0618029493559165,음봉,315.1226379394531,282.3922981262207,270.5485191345215,True,True,1,9.810714721679693,0.2746160908378545,False,73.56857280693043,14.273066616226288,5.421553097430214,83.61736425366486
2025-05-07,319.69000244140625,325.0,315.45001220703125,323.5899963378906,323.5044250488281,1204000.0,0.0186998810878566,0.0185271878845715,9.54998779296875,77.90147213502527,PWR,1204000.0,389499327.75878906,0.7098750989681112,21.850015180649727,1.8699881087856696,2.952042399892157,0.6688447686248763,양봉,321.3010009765625,286.31825942993163,270.76575190226237,True,True,1,9.889999389648443,0.24379000162141598,False,77.90147213502527,15.161181179103664,5.047734128246072,91.08147321321546
2025-05-08,328.3299865722656,330.75,324.3399963378906,326.25,326.1637268066406,1169200.0,0.0082202948457694,0.0081866922453527,6.410003662109375,80.28735479162198,PWR,1169200.0,381350629.3823242,0.6914388219755958,-2.8903654485049834,0.8220294845769471,1.9652717746597899,1.491652400955305,음봉,322.16477661132814,289.1500099182129,271.1585553487142,True,True,1,9.855712890625005,0.25059944043914206,False,80.28735479162198,15.896358470538416,4.626329135744658,94.2463018353234
2025-05-09,326.0400085449219,327.5599975585937,321.3399963378906,325.8900146484375,325.8038330078125,999700.0,-0.0011034145407636,-0.00110402375077,6.220001220703068,92.74541260045184,PWR,999700.0,325706091.85791016,0.5906309080815053,-14.497092028737601,-0.11034145407636808,1.909124629774972,-0.03793133679518379,음봉,323.1145263671875,292.3086753845215,271.6196464538574,True,True,1,9.41999925885882,0.2478914818150947,False,92.74541260045184,16.262487515823977,3.9939665448241737,93.4721305090579
2025-05-12,335.8999938964844,337.4200134277344,332.2900085449219,332.7900085449219,332.7019958496094,1585000.0,0.0211727491911719,0.0209517209441129,5.1300048828125,92.642496896238,PWR,1585000.0,527332663.42163086,0.9283914575527394,58.547564269280784,2.117274919117196,1.5419218840909525,3.0988465652673205,음봉,325.1479919433594,295.46883926391604,272.3201271057129,True,True,1,9.158571515764509,0.2673686332821121,False,92.64249689623801,16.91429405987111,3.7166184710970427,92.78811279466227
2025-05-13,335.17999267578125,346.4800109863281,334.44000244140625,343.5799865722656,343.4891357421875,1654800.0,0.0324228289194099,0.0319083010930576,12.040008544921877,92.49175439693715,PWR,1654800.0,568405821.8261719,0.9639531432470742,4.403785488958989,3.242282891940995,3.5052079649933203,0.7448097267477767,양봉,330.33262329101564,298.9319236755371,273.29050165812174,True,True,1,9.247859409877233,0.30035681207965614,False,92.49175439693717,18.092725798804622,3.916040168024441,95.98432491546001
2025-05-14,345.9100036621094,348.4200134277344,341.95001220703125,343.1499938964844,343.0592346191406,1651300.0,-0.0012515712385429,-0.0012523551079393,6.470001220703125,91.1641921095284,PWR,1651300.0,566493714.1265869,0.9588440992025601,-0.2115059221658222,-0.12515712385429145,1.8859720327558085,0.7047873332852381,음봉,334.24358520507815,302.4369956970215,274.2180676778158,True,True,1,8.837145124162946,0.2968758481980505,False,91.16419210952839,18.77551951266838,3.6790671055105584,92.02858169725836
2025-05-15,340.0799865722656,342.260009765625,336.6300048828125,340.3699951171875,340.27996826171875,1393200.0,-0.0081014182886153,-0.0081344131017781,5.6300048828125,86.9856483778047,PWR,1393200.0,474078051.78222656,0.8125713428707121,-15.630109610609821,-0.8101418288615325,1.6545213964761825,-0.868435461351891,양봉,337.06683349609375,305.98205642700196,275.024693552653,True,True,1,8.722146170479911,0.29343629058667914,False,86.9856483778047,18.874797960685555,3.022676442822183,87.89584361930763
2025-05-16,342.9100036621094,345.3599853515625,338.1400146484375,344.7900085449219,344.6988220214844,1070400.0,0.0129859356174824,0.0129023412782416,7.219970703125,87.189368035536,PWR,1070400.0,368965619.0917969,0.6302608422581468,-23.169681309216195,1.2985935617482403,2.094573651509315,0.7729033871214517,양봉,340.8458312988281,309.8595314025879,276.0866839090983,True,True,1,8.685714721679688,0.29366831315927144,False,87.189368035536,19.089983962495978,2.5902899557060834,94.46662987918215
2025-05-19,338.0,345.3099975585937,337.07000732421875,344.7099914550781,344.61883544921875,730300.0,-0.0002320477099299,-0.0002320746371654,8.239990234374943,86.77443103861036,PWR,730300.0,251675135.52856445,0.43585213450447513,-31.773168908819137,-0.023204770992990564,2.391044651878625,-1.9433840772066378,양봉,343.22919921875,314.40532836914065,277.3438814798991,True,True,1,8.798570905412939,0.2637298188705663,False,86.77443103861036,19.034646613847656,2.027962085646209,94.34769073826673
2025-05-20,343.5299987792969,346.5,343.3399963378906,344.9599914550781,344.8687744140625,690600.0,0.0007252620551572,0.0007249991797275,3.160003662109375,86.76326614738542,PWR,690600.0,238166375.61035156,0.4162517651651123,-5.436122141585653,0.07252620551572164,0.9162916148260367,-0.31595390556716113,양봉,343.505126953125,318.5597290039062,278.7718045552572,True,True,1,8.090000697544635,0.22172079741380551,False,86.76326614738542,18.794310242571157,1.4301005714957675,90.16822676268038
2025-05-21,341.6199951171875,348.8999938964844,340.7300109863281,341.2300109863281,341.1397705078125,1005000.0,-0.0108128197822073,-0.0108717031663343,8.16998291015625,71.17160135818426,PWR,1005000.0,342845469.36035156,0.6236020293289445,45.525629887054734,-1.0812819782207383,2.3949077816387723,-0.9420334741510673,음봉,343.12123413085936,321.9048446655273,280.0537976582845,True,True,0,7.366426740373876,0.19516138329843025,False,71.17160135818426,18.0943619450033,0.5841218191423287,77.10848145764221
2025-05-22,336.5,337.20001220703125,320.5599975585937,330.8299865722656,330.74249267578125,1877300.0,-0.0304780583528977,-0.0309521726348455,16.640014648437557,58.77873150776914,PWR,1877300.0,620902881.5002441,1.1834007566486928,86.79601990049753,-3.047805835289774,5.031108798212196,-1.3600790376641951,음봉,341.2137390136719,324.33970031738284,281.0888837178548,True,True,0,7.835712977818076,0.1776062775828366,True,58.77873150776914,16.51035337261567,-0.7999094025962421,46.438039852903444
2025-05-23,329.20001220703125,336.7900085449219,326.8900146484375,335.3599853515625,335.27130126953125,932400.0,0.013692853788187,0.0135999537495116,9.899993896484377,60.93748853455044,PWR,932400.0,312606961.30371094,0.5995419323758278,-50.332924945400315,1.3692853788187076,2.952830695319661,-0.4663690039556108,양봉,339.32823486328124,326.7400650024414,282.3585141499837,True,True,0,7.908569335937496,0.16626566159177925,False,60.93748853455044,15.442441320558487,-1.4942571637227395,59.25650198113475
2025-05-27,339.8299865722656,343.44000244140625,337.3500061035156,342.3500061035156,342.25946044921875,1198000.0,0.0208432966174745,0.0206290471069194,6.089996337890625,70.49450883449505,PWR,1198000.0,410026833.61816406,0.7866152220269772,28.485628485628478,2.0843296617474527,1.779350767951731,1.3597004233504488,양봉,338.8563598632812,329.3258819580078,283.738451385498,True,True,1,7.91928318568638,0.15961727867146952,False,70.49450883449505,14.987235843160477,-1.5595701128966013,80.14787120388947
2025-05-28,342.9200134277344,343.5199890136719,338.57000732421875,340.32000732421875,340.2300109863281,666500.0,-0.0059295642558044,-0.0059472139264252,4.949981689453125,64.84471746867534,PWR,666500.0,226763302.3223877,0.442208859026476,-44.36560934891486,-0.5929564255804487,1.4548927283349018,0.19299772682649677,음봉,337.92860717773436,331.72224884033204,285.2298042297363,True,True,1,7.590711321149549,0.15752987547101105,False,64.84471746867534,14.297905260203095,-1.7991205566831852,69.40725465597733
2025-05-29,343.5199890136719,344.0,336.57000732421875,339.739990234375,339.650146484375,572700.0,-0.0017043308445133,-0.0017057848686541,7.42999267578125,62.42857247317127,PWR,572700.0,194517638.89160156,0.3860510553245581,-14.073518379594896,-0.17043308445133798,2.1875429033925218,0.9669864271544096,음봉,337.63068237304685,334.0741256713867,286.7328125,True,True,1,7.6635676792689695,0.08172675856080142,False,62.428572473171265,13.548635353055602,-2.038712371064543,67.36115523154712
2025-05-30,339.0799865722656,342.739990234375,336.82000732421875,342.5599975585937,342.4693908691406,1655400.0,0.0083004362398981,0.0082661770658512,5.91998291015625,64.69235740317546,PWR,1655400.0,566923829.6447754,1.1326546903152725,189.05185961236248,0.8300436239898179,1.7286166495441069,-0.16786682355681073,양봉,339.97606201171874,335.1053527832031,288.2240125020345,True,True,1,7.642137799944196,0.08147525899957747,False,64.69235740317546,13.0320971105931,-2.0442004908216376,77.30909012593622
2025-06-02,342.489990234375,346.04998779296875,337.4800109863281,345.5299987792969,345.4386291503906,766100.0,0.0086700836933615,0.0086327143592312,8.569976806640625,62.06437431779919,PWR,766100.0,264640533.79211426,0.5312227932168915,-53.721155007853085,0.867008369336153,2.4808970634577143,0.006014950761613066,양봉,342.0095275878906,336.32453002929685,289.96923497517906,True,True,1,7.887850080217634,0.0828742707053108,False,62.06437431779919,12.715750292232542,-1.888437847345756,87.78629077849989
2025-06-03,347.57000732421875,357.94000244140625,347.0,356.489990234375,356.3957214355469,1133800.0,0.03171936014251,0.0312266922311652,10.94000244140625,62.18612142813922,PWR,1133800.0,404081468.96362305,0.797208463449532,47.99634512465736,3.171936014251009,3.069622271934237,0.6170063200720396,양봉,344.83677978515624,338.01758270263673,291.8114639282227,True,True,1,7.809278215680804,0.11487491899437731,False,62.186121428139224,13.197061425469826,-1.1257013712867767,95.8686976882407
2025-06-04,358.3999938964844,361.55999755859375,356.2799987792969,359.1099853515625,359.0150146484375,1105800.0,0.0073493957849444,0.0073225205731235,5.279998779296875,64.46698878310931,PWR,1105800.0,396998803.1982422,0.7795715710070196,-2.4695713529723107,0.7349395784944424,1.4706902396456234,0.5623727616213728,양봉,348.5937805175781,340.0900344848633,293.8524149576823,True,True,1,7.724278041294643,0.10441526066295212,False,64.46698878310931,13.632709647405079,-0.5520425194812209,93.79272460937501
2025-06-05,360.9100036621094,362.0299987792969,356.4700012207031,359.5799865722656,359.4848937988281,877100.0,0.0013088008334436,0.0013079451002077,5.55999755859375,68.17406010282251,PWR,877100.0,315304200.35095215,0.6279281449646248,-20.681859287393745,0.13088008334436463,1.5466568010240755,0.527830017228535,음봉,352.56072998046875,341.8890579223633,295.74596354166664,True,True,1,7.719277518136161,0.09851459124106854,False,68.17406010282251,13.856154201973595,-0.2628783719301637,93.86278055087651
2025-06-06,363.5799865722656,363.739990234375,358.6400146484375,361.3500061035156,361.2544555664063,700600.0,0.0049224927058226,0.0049104168512603,5.0999755859375,66.49401254225398,PWR,700600.0,253094871.56982425,0.5094249466773774,-20.123133052103526,0.49224927058226786,1.4117405356125816,1.1391557320150318,음봉,356.3177429199219,343.6435943603516,297.6178708394369,True,True,1,7.567849295479911,0.10316101664743843,False,66.49401254225398,14.01447433072184,-0.08364659454553447,94.24378163601965
2025-06-09,362.1000061035156,363.6000061035156,355.3299865722656,355.6600036621094,355.5659484863281,902600.0,-0.0157465381877691,-0.0158718319562145,8.27001953125,59.81006409776069,PWR,902600.0,320933825.10375977,0.6694363736537999,28.832429346274612,-1.5746538187769166,2.3258750075636083,0.23405954558639008,음봉,358.34320678710935,345.13170013427737,299.3751495361328,True,True,0,7.569994245256701,0.08840672380646007,False,59.81006409776069,13.525021167874797,-0.45847980591405957,81.06983989223437
2025-06-10,356.4800109863281,357.1099853515625,341.92999267578125,348.760009765625,348.66778564453125,1489900.0,-0.0194005159131882,-0.0195911758850571,15.17999267578125,53.04195684578353,PWR,1489900.0,519480133.8317871,1.1176219143372879,65.06758253933083,-1.9400515913188254,4.353712416454022,0.25707256386367566,음봉,356.79761962890626,345.92998962402345,300.8422378540039,True,True,0,8.428564889090406,0.08820271096989078,True,53.04195684578353,12.437134375781454,-1.237093278405922,65.09447163871936
2025-06-11,350.489990234375,356.19000244140625,345.3699951171875,355.7799987792969,355.6859130859375,857200.0,0.0201284079870838,0.019928509556091,10.82000732421875,61.064622401491576,PWR,857200.0,304893964.6972656,0.6499269482668566,-42.46593731122894,2.012840798708382,3.042011765477066,0.5226191420223426,양봉,356.1317993164063,346.5398284912109,302.3165323893229,True,True,0,8.617852347237728,0.08804749232857347,False,61.064622401491576,12.002918316039484,-1.3370474705183124,81.34766439422106
2025-06-12,355.5899963378906,360.7999877929688,354.25,358.6499938964844,358.5551452636719,860100.0,0.0080667579799291,0.0080343956108811,6.549987792968807,73.89213469242868,PWR,860100.0,308393280.4412842,0.6597264243405633,0.3383107792813922,0.8066757979929173,1.826772779442928,-0.026966698572541022,양봉,355.945849609375,347.3146240234375,303.90593770345055,True,True,1,7.897136143275674,0.08785107444415023,False,73.89213469242868,11.754819772687313,-1.2681168110963874,85.92985507246377
2025-06-13,352.6700134277344,358.3399963378906,349.0599975585937,358.260009765625,358.1652526855469,796200.0,-0.0010873992000262,-0.0010879908474798,9.279998779296932,71.17234177661747,PWR,796200.0,285171174.1882324,0.6204109802524657,-7.429368678060689,-0.10873992000262067,2.5909824333083358,-1.641346362945017,양봉,355.3280090332031,348.2088882446289,305.37158660888673,True,True,1,7.852850777762285,0.08762545678957322,False,71.17234177661747,11.395379970122917,-1.3020452909286284,79.48199832417168
2025-06-16,361.5400085449219,367.0,360.9299926757813,361.7999877929688,361.7043151855469,840600.0,0.0098810883341247,0.0098325895992898,6.070007324218693,69.20797899439586,PWR,840600.0,304048647.3449707,0.6623442407050958,5.576488319517714,0.988108833412471,1.6781683461821306,0.9422342994109162,양봉,356.55568237304686,349.05916290283204,306.88456064860026,True,True,1,7.851422991071432,0.0887007871453141,False,69.20797899439586,11.266224085263389,-1.1449609406305274,82.5971538314964
2025-06-17,356.79998779296875,361.6400146484375,353.69000244140625,358.6199951171875,358.525146484375,876400.0,-0.0087894132519293,-0.008828267985673,7.95001220703125,67.67088432975939,PWR,876400.0,314211438.37890625,0.6935373252439989,4.258862717106826,-0.878941325192939,2.217421088865721,-1.3558940788589446,양봉,358.52715454101565,349.75447845458984,308.3925175984701,True,True,0,8.065710885184156,0.08852444905515494,False,67.67088432975939,10.783034659878126,-1.302520292812634,72.14966955161313
2025-06-18,360.3699951171875,365.9100036621094,358.2699890136719,360.4299926757813,360.3346862792969,855000.0,0.0050471767815056,0.0050344824804444,7.6400146484375,69.51518882304396,PWR,855000.0,308086156.7687988,0.6804151840020009,-2.4418073938840767,0.504717678150568,2.12025512373674,0.5145660355773402,음봉,359.4569091796875,350.52777404785155,309.76107635498045,True,True,1,8.080712454659603,0.08832915620985554,False,69.51518882304396,10.425934613260836,-1.3276962715439407,77.91479344508959
2025-06-20,363.6700134277344,365.8599853515625,358.9200134277344,360.7799987792969,360.6845703125,1563400.0,0.0009709973714047,0.0009705262583987,6.939971923828125,68.02532166988689,PWR,1563400.0,563894257.2265625,1.2380891325826424,82.85380116959064,0.09709973714047138,1.9241111195345224,0.925619229965631,음봉,359.88279418945314,351.50501403808596,311.17127634684243,True,True,1,8.153568812779023,0.08808358707056986,False,68.02532166988689,10.055252281799028,-1.3587028824046001,78.60626003425992
2025-06-23,361.0,366.739990234375,358.3800048828125,365.760009765625,365.6632690429688,923200.0,0.0138034702348237,0.0137090700477123,8.3599853515625,69.24832544584586,PWR,923200.0,337580329.9804688,0.7374316125801155,-40.94921325316617,1.3803470234823756,2.2862524238331754,0.08745305828489121,양봉,361.38239746093757,353.2510528564453,312.9244542439779,True,True,1,8.138569423130585,0.08603503804923772,False,69.24832544584586,10.04740303443134,-1.0932417038178315,94.66800731350465
2025-06-24,369.0700073242188,373.2999877929688,366.6199951171875,372.260009765625,372.16156005859375,938600.0,0.0177712435614125,0.0176151812476291,6.679992675781307,66.39634327093421,PWR,938600.0,349310840.2709961,0.753631352556954,1.6681109185441967,1.7771243561412575,1.7949174210065106,0.9316599641430424,양봉,363.4738464355469,355.09556579589844,314.8818756103516,True,True,1,7.834283011300231,0.09155679965011344,False,66.39634327093421,10.44513520900017,-0.5564076233992026,96.37096617285951
2025-06-25,374.0,375.5299987792969,371.4700012207031,374.0700073242188,373.9710693359375,1102400.0,0.0048621606085776,0.004850378481315,4.05999755859375,65.82064767551915,PWR,1102400.0,412265706.8359375,0.8869613191932815,17.451523545706383,0.48621606085776925,1.0856448242916519,0.4939897449690406,음봉,366.5630310058594,356.6811462402344,316.87928237915037,True,True,1,7.747140066964294,0.09622298014161486,False,65.82064767551915,10.782064174629909,-0.17558292621557214,95.36032988042743
2025-06-26,378.0899963378906,381.1199951171875,376.8800048828125,379.4700012207031,379.3696594238281,1210200.0,0.0144358495363743,0.0143326447076428,4.239990234375,69.04808678376438,PWR,1210200.0,459113161.8347168,0.977574508023941,9.778664731494914,1.4435849536374334,1.117640836332176,1.1014025788858819,양봉,370.3700256347656,358.63812866210935,318.96849772135414,True,True,1,7.652853829520097,0.11075094856095136,False,69.04808678376438,11.353824092893717,0.3169415936385871,95.53371884582978
2025-06-27,380.0,382.7900085449219,373.7999877929688,381.260009765625,381.1591796875,3687800.0,0.0047170885156966,0.0047059979168796,8.990020751953068,69.05991747612528,PWR,3687800.0,1405638822.8515625,2.9005784142734616,204.72649148901007,0.47170885156966325,2.3586000891605687,0.16615471493666933,양봉,374.46494750976564,360.7135803222656,321.0255783081055,True,True,1,7.930714198521209,0.10725903023610445,False,69.05991747612528,11.815149587291955,0.6226136704294589,96.00874149769102
2025-06-30,375.1400146484375,381.5499877929688,368.7000122070313,378.0799865722656,377.9800109863281,1354400.0,-0.0083407900703804,-0.0083757690974904,12.8499755859375,72.546252012225,PWR,1354400.0,511936126.8798828,1.0625708258512176,-63.27349639351375,-0.8340790070380466,3.399644217271134,-1.579173573622815,양봉,376.9282958984375,362.489111328125,322.9182444254557,True,True,1,8.257853916713174,0.09854240974641346,False,72.546252012225,11.788332461871846,0.47663723600747865,88.22810648434798
2025-07-01,374.5899963378906,377.7799987792969,364.4400024414063,372.2900085449219,372.2900085449219,1428800.0,-0.0150537125668586,-0.0151681698216208,13.339996337890568,74.3534660411967,PWR,1428800.0,531927964.2089844,1.1237107481967328,5.493207324276428,-1.5053712566858612,3.583227062694839,-0.8968766997999055,음봉,376.9539855957031,363.83168029785156,324.9235221862793,True,True,0,8.126425606863839,0.08930336692057603,True,74.3534660411967,11.179078593788006,-0.10609330566109065,71.94014903207444
2025-07-02,366.1099853515625,373.9599914550781,365.5700073242188,373.4100036621094,373.4100036621094,1164200.0,0.0030083942396545,0.0030038780770353,8.389984130859318,70.8026519859449,PWR,1164200.0,434723926.26342773,0.9135074543212645,-18.51903695408734,0.30083942396545993,2.2468557479920204,-1.6600024313071702,양봉,376.8417724609375,364.68239440917966,327.1569112141927,True,True,0,7.95285252162388,0.08909504418387927,False,70.8026519859449,10.66369037493638,-0.49718521961017537,72.19092253893868
2025-07-03,376.0199890136719,387.3699951171875,374.9599914550781,386.510009765625,386.510009765625,869600.0,0.0350820973595811,0.0344807446919469,12.410003662109377,76.45671124327552,PWR,869600.0,336109104.4921875,0.6823254823374388,-25.304930424325722,3.508209735958112,3.2107845459512556,0.698959675950251,양봉,378.26984252929685,366.05714416503906,329.51315892537434,True,True,1,8.371425083705349,0.10337791441664189,False,76.45671124327552,11.183387381245382,0.01800942935905958,97.75519340546242
2025-07-07,386.0299987792969,388.0,380.3999938964844,385.7999877929688,385.7999877929688,839700.0,-0.0018370079809492,-0.0018386973493494,7.600006103515625,75.99621512034169,PWR,839700.0,323956249.7497559,0.6660333815536511,-3.4383624655013767,-0.18370079809492124,1.9699342519404128,-0.12419108799257175,음봉,379.1980041503906,367.3728988647461,331.860072072347,True,True,1,8.251425606863828,0.10300766397857218,False,75.99621512034169,11.406471460948069,0.19287480724939599,93.58783922011634
2025-07-08,382.3699951171875,383.0,369.6300048828125,377.55999755859375,377.55999755859375,1154600.0,-0.0213581920557158,-0.0215895788403308,13.3699951171875,63.70356811469283,PWR,1154600.0,435930773.18115234,0.9266830414244001,37.501488626890556,-2.1358192055715874,3.541157750726122,-0.889059819675769,음봉,379.11400146484374,368.1881759643555,333.6605934143066,True,True,0,8.772853306361599,0.10277957466172753,True,63.70356811469283,10.793942998019133,-0.3357229245436333,69.57154420201553
2025-07-09,382.0,383.2799987792969,377.9599914550781,382.1199951171875,382.1199951171875,631900.0,0.0120775441998091,0.0120051926331198,5.32000732421875,69.91690684065671,PWR,631900.0,241461624.91455078,0.5188249783332572,-45.27108955482419,1.207754419980911,1.3922347409711509,1.1759726851669987,양봉,381.0799987792969,369.51587829589846,335.6520846048991,True,True,1,8.584995814732135,0.10241027881024022,False,69.91690684065671,10.554794372216008,-0.4598972402774084,80.22198886668247
2025-07-10,380.4400024414063,382.8900146484375,371.4800109863281,380.0899963378906,380.0899963378906,972100.0,-0.0053124641610924,-0.0053266254754071,11.410003662109377,66.61403629442484,PWR,972100.0,369485485.4400635,0.8058154957079173,53.83763253679379,-0.5312464161092434,3.0019215901610217,-0.439650554079479,음봉,382.41599731445314,371.0869888305664,337.4952725728353,True,True,0,8.854280744280127,0.083064342344165,False,66.61403629442484,10.085207433740038,-0.7435873430027033,73.29505413213433
2025-07-11,379.2999877929688,385.4599914550781,378.010009765625,383.7799987792969,383.7799987792969,906700.0,0.0097082335156379,0.0096614114126766,7.449981689453125,68.38989768310778,PWR,906700.0,347973324.8931885,0.7620933850271232,-6.727702911223121,0.9708233515637987,1.9412115569205155,-0.20784776040764832,양봉,381.8699951171875,372.4916931152344,339.3211484273275,True,True,1,8.89071001325334,0.07609500454365667,False,68.38989768310778,9.896725469476564,-0.7456554458129432,85.75286321281533
2025-07-14,382.9700012207031,389.2099914550781,381.5199890136719,387.0,387.0,712800.0,0.0083902267730082,0.0083552244689222,7.69000244140625,67.47906747906745,PWR,712800.0,275853600.0,0.6057643278592992,-21.38524318958862,0.8390226773008269,1.9870807342135013,-0.21105778340980222,양봉,382.10999755859376,373.91393585205077,341.2218518575033,True,True,1,8.842854091099323,0.07711600063460158,False,67.47906747906745,9.893137412864974,-0.5993948019396278,91.07794737471092
2025-07-15,389.260009765625,390.1000061035156,383.8900146484375,386.5400085449219,386.5400085449219,606100.0,-0.0011886084110546,-0.0011893153662828,6.209991455078125,63.07207839590264,PWR,606100.0,234281899.17907715,0.5185294325335825,-14.969135802469136,-0.11886084110546147,1.6065585237747593,0.5839818515826873,음봉,383.9059997558594,375.33267364501955,343.17453943888347,True,True,1,8.809282575334809,0.07586564004431924,False,63.07207839590264,9.74088947565184,-0.60131419132221,86.12627805719842
2025-07-16,386.6700134277344,389.4299926757813,381.2999877929688,389.1199951171875,389.1199951171875,837500.0,0.0066745654142701,0.0066523891259021,8.1300048828125,63.582272343713576,PWR,837500.0,325887995.91064453,0.7190888883134512,38.17851839630424,0.6674565414270139,2.0893310507891187,0.03363296940512988,양봉,385.3059997558594,376.7034576416016,345.2073839823405,True,True,1,9.099997384207578,0.08121732894185607,False,63.582272343713576,9.716410510943035,-0.5006345248248127,96.18078391868957
2025-07-17,387.7699890136719,398.6099853515625,386.8500061035156,397.8999938964844,397.8999938964844,1000100.0,0.0225637306986825,0.0223129353041612,11.759979248046877,65.66419906469149,PWR,1000100.0,397939783.895874,0.8564315657265891,19.414925373134317,2.256373069868256,2.9555112913890347,-0.34693825052836386,양봉,388.8679992675781,378.67220001220704,347.6106689453125,True,True,1,9.637139456612712,0.09920270781952445,False,65.66419906469149,10.28690227299893,0.055885789784865025,97.92217790408347
2025-07-18,398.9299926757813,405.4299926757813,398.30999755859375,403.30999755859375,403.30999755859375,1060100.0,0.013596390412403,0.0135047888625742,7.119995117187557,67.64466506548945,PWR,1060100.0,427548928.41186523,0.9076827731863347,5.999400059993998,1.3596390412403014,1.7653901862805046,0.2588587069857787,양봉,392.7739990234375,380.8209655761719,349.9694895426432,True,True,1,9.503566196986602,0.11193035861773688,False,67.64466506548945,11.048206341410435,0.6537518865570959,94.8280175109442
2025-07-21,403.7300109863281,405.0400085449219,397.0,398.6600036621094,398.6600036621094,1003400.0,-0.0115295775572952,-0.0115965584754703,8.040008544921875,66.09588715715225,PWR,1003400.0,400015447.67456055,0.8587602396380977,-5.348552023394015,-1.1529577557295223,2.016758257930563,0.10414158594552432,음봉,395.1059997558594,382.71973724365233,352.04319864908854,True,True,1,9.159997122628344,0.09836631051943308,False,66.09588715715225,11.147824473450214,0.6026960148775,83.4837993984334
2025-07-22,398.4800109863281,398.5700073242188,380.6000061035156,394.9299926757813,394.9299926757813,1120800.0,-0.0093563712237596,-0.0094004170194975,17.970001220703182,68.17596706375133,PWR,1120800.0,442637535.7910157,0.9582672303234694,11.700219254534572,-0.9356371223759652,4.550173841938538,-0.045149419085894975,음봉,396.78399658203125,384.18307342529295,353.9246088663737,True,True,0,9.49071175711496,0.0810770688627359,True,68.17596706375133,10.801281398806111,0.20492235218671695,73.65779262739142
2025-07-23,398.0,406.0,397.9500122070313,405.1099853515625,405.1099853515625,1575200.0,0.0257767018574821,0.025450083546537,8.049987792968693,72.21753806890543,PWR,1575200.0,638129248.9257812,1.3359683581623396,40.54246966452535,2.5776701857482154,1.9871116694353395,0.7773548176015648,양봉,399.98199462890625,385.8304946899414,355.8887084960937,True,True,1,9.466426304408486,0.0850632007016843,False,72.21753806890543,11.218760953790593,0.4979215257369578,97.55288763286939
2025-07-24,408.1400146484375,410.7900085449219,406.7300109863281,407.2200012207031,407.2200012207031,1076500.0,0.005208501259996,0.0051949839336664,4.05999755859375,67.15823476434721,PWR,1076500.0,438372331.3140869,0.9189372660127557,-31.659471813103103,0.5208501259996057,0.9970034739018951,0.7479522614693095,음봉,401.84599609375,387.49294128417966,357.8333231608073,True,True,1,8.869997297014512,0.09014355864140576,False,67.15823476434721,11.586317301772056,0.692382298974735,91.32651358944074
2025-07-25,412.6000061035156,424.9400024414063,412.6000061035156,421.6799926757813,421.6799926757813,1370800.0,0.035509040350995,0.0348931322364397,12.339996337890682,74.21053758729019,PWR,1370800.0,578038933.959961,1.1739045330230484,27.338597306084523,3.5509040350995003,2.9263888617496208,1.321154380110291,양봉,405.5199951171875,389.6084579467773,359.98961181640624,True,True,1,9.208568028041302,0.12676825444484158,False,74.21053758729019,12.895754587327644,1.6014556676242577,94.10593037511629
2025-07-28,418.989990234375,418.989990234375,409.1300048828125,411.989990234375,411.989990234375,2101400.0,-0.022979516718159,-0.0232476616710605,9.8599853515625,72.78623311636429,PWR,2101400.0,865755765.4785156,1.77791296850638,53.29734461628246,-2.297951671815901,2.3932584735743943,-0.6379250825577061,음봉,408.1859924316406,391.1499984741211,361.97923482259114,True,True,1,8.957853044782373,0.12626865479619098,False,72.78623311636429,13.001715176555876,1.36593300548199,75.77625462601681
2025-07-29,416.4100036621094,416.4100036621094,408.3299865722656,410.989990234375,410.989990234375,1094800.0,-0.0024272434372279,-0.0024301939679843,8.08001708984375,70.05139535593531,PWR,1094800.0,449951841.30859375,0.9258164539121331,-47.90139906728847,-0.24272434372279994,1.9659887787622183,1.0728448584927743,음봉,411.3979919433594,392.8004974365234,363.46498718261716,True,True,0,9.154996599469873,0.12573808957266114,False,70.05139535593531,12.856792958127187,0.9768086296426386,73.90569690091824
2025-07-30,412.7900085449219,414.5,409.4599914550781,411.1099853515625,411.1099853515625,1837000.0,0.0002919660333311,0.0002919234195431,5.040008544921875,72.13184571723943,PWR,1837000.0,755209043.0908203,1.5371751976740016,67.79320423821702,0.0291966033331148,1.225951381504852,0.43797132614358314,음봉,412.5979919433594,394.74149627685546,364.96590220133464,True,True,0,8.699996948242196,0.12228253038747501,False,72.13184571723943,12.60630601049428,0.5810573456077837,70.53053644097216
2025-07-31,406.0899963378906,423.5,399.0700073242188,406.1300048828125,406.1300048828125,2435900.0,-0.0121134991758746,-0.0121874655415937,24.4299926757812,65.6578514707838,PWR,2435900.0,989292078.894043,2.0169956219614296,32.602068590092536,-1.2113499175874676,6.015313417394607,-1.2210817524607216,양봉,412.37999267578124,396.37749633789065,366.359157816569,True,True,0,9.912854875837057,0.11130802208705011,True,65.6578514707838,11.869130546773363,-0.12489449449050838,57.57780985083269
2025-08-01,392.6000061035156,399.3200073242188,384.5700073242188,395.1700134277344,395.1700134277344,2094000.0,-0.0269864115512484,-0.0273572313759186,14.75,55.16370755417538,PWR,2094000.0,827486008.1176758,1.7618376681913792,-14.035879962231624,-2.698641155124848,3.732570665485823,-3.331445255614865,양봉,407.0779968261719,396.8104965209961,367.6525583902995,True,True,0,10.417140415736611,0.11118656261365574,False,55.16370755417538,10.282009363147893,-1.369612542492785,32.85973957505263
2025-08-04,400.3399963378906,402.05999755859375,391.2200012207031,393.6199951171875,393.6199951171875,1444000.0,-0.0039224087301106,-0.0039301215503956,10.839996337890623,54.41395772363168,PWR,1444000.0,568387272.9492188,1.2250652783706735,-31.041069723018143,-0.3922408730110627,2.753924209227067,1.3082933255262539,음봉,403.40399780273435,397.20149688720704,368.8211512247721,True,True,0,10.747855050223219,0.11107711190150996,False,54.41395772363168,8.79771627014253,-2.2831245083985188,29.363983060471437
2025-08-05,398.0,400.0899963378906,385.0,389.1199951171875,389.1199951171875,1149400.0,-0.0114323460591991,-0.0114981977010007,15.089996337890623,50.0,PWR,1149400.0,447254522.3876953,0.973639520953253,-20.401662049861493,-1.1432346059199183,3.8779801930625837,1.1127495902509974,음봉,399.0299987792969,397.77949676513674,369.87042236328125,True,True,0,11.244997297014512,0.10455540488163195,False,50.0,7.1755753423447,-3.12421234895708,19.21513242523913
2025-08-06,388.2000122070313,391.8999938964844,384.5899963378906,387.5,387.5,930300.0,-0.0041632276354742,-0.0041719179959994,7.30999755859375,43.06297019609664,PWR,930300.0,360491250.0,0.7886561106857441,-19.062119366626064,-0.4163227635474276,1.8864509828629032,-0.236426532098185,음봉,394.30800170898436,398.04849700927736,370.89869181315106,False,True,0,10.927141462053575,0.10448474658333239,False,43.062970196096636,5.693663889937227,-3.6848990410916436,15.561557208763219
2025-08-07,389.8200073242188,392.3900146484375,383.760009765625,387.3500061035156,387.3500061035156,874500.0,-0.0003870810231855,-0.0003871559583827,8.6300048828125,38.55093569020754,PWR,874500.0,338737580.3375244,0.7446536749142398,-5.9980651402773315,-0.03870810231855204,2.2279604354791758,0.5987115675403373,음봉,390.552001953125,398.41149749755857,371.8094919840495,False,True,0,11.034999302455358,0.0951277614590344,False,38.55093569020754,4.455771770070044,-3.9382329287670608,15.22327595284846
2025-08-08,390.0,391.0,384.3900146484375,386.1499938964844,386.1499938964844,655300.0,-0.0030980048744611,-0.0031028136258205,6.6099853515625,40.55848319575472,PWR,655300.0,253044091.0003662,0.5619035952716359,-25.06575185820469,-0.3098004874461102,1.7117662711486268,0.6841342080103618,음봉,388.747998046875,398.52999725341795,372.52050628662107,False,True,0,10.932854788643974,0.08915263348847503,False,40.55848319575472,3.3394077762220036,-4.043677538092081,12.516888252933878
2025-08-11,386.0700073242188,387.9400024414063,380.4400024414063,384.1199951171875,384.1199951171875,926900.0,-0.0052570213942333,-0.0052708881511116,7.5,41.62664631845887,PWR,926900.0,356040823.4741211,0.7955822105841112,41.44666564932091,-0.5257021394233341,1.9525148639325314,-0.020713860813114562,음봉,386.847998046875,398.38599700927733,373.20485229492186,False,True,0,10.184997558593746,0.09428041608028491,False,41.62664631845887,2.264770467864764,-4.094651877159456,8.269646462429648
2025-08-12,384.4100036621094,391.7900085449219,382.510009765625,391.5700073242188,391.5700073242188,858700.0,0.0193950127609432,0.0192093265839412,9.279998779296877,39.04887057329803,PWR,858700.0,336241165.2893067,0.7444105327469576,-7.35785953177257,1.9395012760943242,2.369946269049423,0.07549946595032082,양봉,387.3380004882813,398.6374969482422,374.0596862792969,False,True,0,10.272855486188616,0.09422093467406674,False,39.04887057329803,1.99131177876842,-3.4944884530046405,25.01124692766854
2025-08-13,393.7300109863281,398.8500061035156,369.05999755859375,379.9599914550781,379.9599914550781,1728000.0,-0.0296499110043625,-0.0300983561090503,29.790008544921875,30.88894632210168,PWR,1728000.0,656570865.234375,1.496502881273919,101.23442412949805,-2.964991100436254,7.840301404060823,0.5516264324915063,음봉,385.8299987792969,398.1794967651367,374.6473724365234,False,True,0,12.110713413783483,0.10477686962699494,True,30.888946322101674,0.8282153942883497,-3.7260678699877685,19.506071839727003
2025-08-14,379.9599914550781,382.5,375.2000122070313,377.510009765625,377.510009765625,919700.0,-0.0064479991171459,-0.006468877260009,7.299987792968693,12.76345917354017,PWR,919700.0,347195955.9814453,0.804581053684006,-46.77662037037037,-0.6447999117145997,1.9337203263830938,0.0,음봉,383.86199951171875,397.1599975585938,375.1955586751302,False,True,0,11.750712803431911,0.111214581482718,False,12.76345917354017,-0.2879209436428596,-3.873763366335182,15.521696965620077
2025-08-15,377.8399963378906,384.4200134277344,371.6400146484375,380.80999755859375,380.80999755859375,1436400.0,0.0087414577298692,0.0087034723925546,12.779998779296877,20.540435804073923,PWR,1436400.0,546995480.4931641,1.2558522951210984,56.18136348809395,0.8741457729869229,3.3560040075708537,0.08741134373377155,양봉,382.79400024414065,396.0349975585938,375.7945790608724,False,True,0,11.959285191127224,0.11153050407779003,False,20.540435804073923,-0.8958586956468935,-3.5853608946713726,21.583393594896545
2025-08-18,379.75,383.6000061035156,377.3599853515625,383.3200073242188,383.3200073242188,695800.0,0.0065912391526403,0.0065696119173603,6.240020751953125,24.5820442462893,PWR,695800.0,266714061.09619144,0.6115207874714366,-51.55945419103314,0.6591239152640371,1.6278880916005007,-0.2783533954963071,양봉,382.6340026855469,395.2679977416992,376.4975830078125,False,True,0,11.827856881277894,0.11174692401741217,False,24.5820442462893,-1.1617252870457264,-3.0809819888561645,26.1939917820046
2025-08-19,383.0400085449219,384.0799865722656,377.3999938964844,379.2699890136719,379.2699890136719,750800.0,-0.0105656324563339,-0.0106218450492637,6.67999267578125,22.72105236461499,PWR,750800.0,284755907.75146484,0.6596702234631417,7.904570278815748,-1.0565632456333907,1.761276364932858,-0.07304569914090185,음봉,380.1739990234375,394.48499755859376,377.306374613444,False,True,0,11.944998604910706,0.11196872677926273,False,22.72105236461499,-1.6798646721791215,-2.8792970991916476,18.754575674509077
2025-08-20,375.989990234375,378.9700012207031,367.8999938964844,375.8699951171875,375.8699951171875,1142300.0,-0.0089645740368922,-0.0090049975987437,11.07000732421875,23.353298562589583,PWR,1142300.0,429356295.4223633,0.9973681584593125,52.14437932871603,-0.8964574036892214,2.945169198932035,-0.8648189612436321,음봉,379.3559997558594,393.022998046875,377.98301951090497,False,False,0,10.99071393694196,0.11655805839924449,False,23.353298562589586,-2.3378951602832103,-2.829862069836589,23.331382805276252
2025-08-21,376.510009765625,380.4200134277344,375.6900024414063,378.2099914550781,378.2099914550781,699800.0,0.0062255470462895,0.0062062483833498,4.730010986328068,32.3920162625119,PWR,699800.0,264671352.02026367,0.6136067563354564,-38.73763459686598,0.6225547046289526,1.250630891090532,0.17027553589053002,양봉,379.49599609375,391.57249755859374,378.5821950276693,False,False,0,10.275000435965394,0.11698982396417903,False,32.3920162625119,-2.640137058079631,-2.5056831741064074,30.181488446471405
2025-08-22,381.4400024414063,386.2900085449219,377.7099914550781,379.8399963378906,379.8399963378906,1037700.0,0.0043097880004212,0.0043005274618881,8.58001708984375,35.7172545072559,PWR,1037700.0,394159964.1998291,0.9206463878326997,48.285224349814236,0.4309788000421255,2.258850350822799,0.8540258214494648,음봉,379.3019958496094,389.4804977416992,379.2423614501953,False,True,0,10.113573346819189,0.09273890561047304,False,35.7172545072559,-2.7168203542134393,-2.0658931761921724,37.092269449621824
2025-08-25,379.8399963378906,381.8599853515625,377.4200134277344,378.30999755859375,378.30999755859375,612400.0,-0.0040280086195447,-0.004036142896905,4.439971923828125,38.06053358212986,PWR,612400.0,231677042.5048828,0.5457801669260149,-40.984870386431524,-0.4028008619544776,1.1736332511647276,0.0,음봉,378.29999389648435,387.79649810791017,379.8866923014323,False,False,0,9.352857317243295,0.0908723786994305,False,38.06053358212986,-2.8679901286869836,-1.773650360532573,33.63489355827918
2025-08-26,379.0799865722656,384.4200134277344,378.760009765625,383.9200134277344,383.9200134277344,1021500.0,0.0148291504463127,0.0147202736421254,5.660003662109375,46.3662366578633,PWR,1021500.0,392174293.71643066,0.912655023506137,66.8027433050294,1.4829150446312722,1.474266374283393,0.20353387926329305,양봉,379.22999877929686,386.4429992675781,380.57753601074216,False,True,0,9.235000610351554,0.09119065502846482,False,46.366236657863304,-2.5062217045546618,-1.1295055491202008,51.76094737568652
2025-08-27,382.7900085449219,385.6000061035156,379.9599914550781,381.55999755859375,381.55999755859375,637200.0,-0.0061471551015791,-0.0061661266468128,5.6400146484375,44.37536279231651,PWR,637200.0,243130030.44433594,0.5695404076374564,-37.62114537444934,-0.6147155101579149,1.4781462114805153,-0.2943334140680847,음봉,380.3679992675781,384.9654998779297,381.17955881754557,False,True,0,9.021429879324769,0.07860447176492509,False,44.37536279231651,-2.3824873480911606,-0.8046169541253596,44.13569717108572
2025-08-28,383.55999755859375,387.80999755859375,382.3699951171875,385.9599914550781,385.9599914550781,641900.0,0.0115315911642668,0.0114656091342637,5.44000244140625,49.82622801474578,PWR,641900.0,247747718.51501465,0.5731786136458342,0.7376020087884516,1.153159116426683,1.4094731479543552,0.5241639618400702,양봉,381.9179992675781,383.95699920654295,381.6722966512044,False,True,0,8.937859671456465,0.05026609320947622,False,49.82622801474578,-1.9073969591414084,-0.26362125214048593,58.35215003401797
2025-08-29,385.760009765625,385.760009765625,373.4700012207031,377.9599914550781,377.9599914550781,774400.0,-0.0207275369911783,-0.0209453677063662,12.290008544921877,44.92084509069464,PWR,774400.0,292692217.3828125,0.700237109673271,20.641844524069164,-2.0727536991178352,3.251669177366511,-0.0518140983212248,음봉,381.5419982910156,383.0964981079102,381.98804626464846,False,False,0,9.280003138950885,0.04633297377466552,False,44.920845090694634,-2.151615065130727,-0.4062714865038435,32.50401806403266
2025-09-02,370.0,375.239990234375,366.3500061035156,374.6799926757813,374.6799926757813,686000.0,-0.0086781639682798,-0.0087160385134201,8.889984130859375,35.04515215546829,PWR,686000.0,257030474.97558597,0.6210169803268465,-11.415289256198346,-0.8678163968279806,2.3726871742927758,-2.1060407543225903,양봉,380.8159973144531,382.14949798583984,382.24129791259764,False,False,0,9.252144949776778,0.04419740111516081,False,35.04515215546829,-2.580086531532004,-0.6677943623240961,25.630727914663638
2025-09-03,376.489990234375,378.3999938964844,371.3900146484375,374.4100036621094,374.4100036621094,761100.0,-0.0007205856169255,-0.0007208453635284,7.009979248046875,43.85111102094915,PWR,761100.0,284963453.78723145,0.6927127576582356,10.94752186588921,-0.0720585616925562,1.872273491488521,0.483078251835006,음봉,378.91399536132815,381.41399841308595,382.46055704752604,False,False,0,7.624999999999992,0.04499049257107887,False,43.85111102094915,-2.907918438987963,-0.796501015824044,37.558251481439875
2025-09-04,375.2999877929688,378.7999877929688,370.9299926757813,376.0899963378906,376.0899963378906,942100.0,0.0044870400345855,0.004477003282788,7.8699951171875,48.39944440966463,PWR,942100.0,354314385.54992676,0.8594819559226655,23.781369071081325,0.44870400345855543,2.092582943928362,0.2377030854289375,양봉,377.8199951171875,380.84349822998047,382.80262451171876,False,False,0,7.665714808872764,0.04505788792998377,False,48.39944440966463,-2.997611618112046,-0.7089553559585018,45.38673864229431
2025-09-05,378.4700012207031,379.0899963378906,363.010009765625,372.5,372.5,1128900.0,-0.009545577847982,-0.0095914288926443,16.079986572265625,40.69429673595374,PWR,1128900.0,420515250.0,1.026158709638323,19.828043732087885,-0.9545577847982045,4.316774918729028,0.632828553268466,음봉,375.12799682617185,380.1009979248047,383.1998280843099,False,False,0,7.901428222656246,0.05017089517873727,True,40.69429673595374,-3.3201047099856282,-0.8251587582656672,38.266108490043635
2025-09-08,377.010009765625,380.0,373.4100036621094,375.5299987792969,375.5299987792969,780000.0,0.008134224910864,0.0081013204180134,6.589996337890625,41.3770132508541,PWR,780000.0,292913399.04785156,0.7082008038958251,-30.90619186819027,0.8134224910864019,1.7548521714143106,1.2107408766778522,음봉,374.6419982910156,379.5699981689453,383.53056284586586,False,False,0,7.926426478794639,0.05024108179311583,False,41.3770132508541,-3.2932249823645066,-0.6386232245156362,50.48385151714277
2025-09-09,374.6199951171875,375.989990234375,370.2699890136719,373.4700012207031,373.4700012207031,502500.0,-0.0054855738963331,-0.0055006749072794,5.720001220703125,43.28394074019628,PWR,502500.0,187668675.61340332,0.45889080551408234,-35.57692307692307,-0.5485573896333196,1.5315825105114331,-0.24232515779496863,음봉,374.4,379.0374984741211,383.77914377848305,False,False,0,7.8578556605747725,0.05031166415193303,False,43.28394074019628,-3.3989660268526904,-0.5954914152030559,42.17740566002909
2025-09-10,381.2000122070313,393.1799926757813,380.9599914550781,390.1700134277344,390.1700134277344,1305800.0,0.0447158062292727,0.0437448926686387,12.220001220703182,62.65936218922516,PWR,1305800.0,509484003.53393555,1.1956676244751312,159.86069651741292,4.471580622927274,3.131968321539533,2.069780962610732,양봉,377.552001953125,378.9674987792969,384.3125564575195,False,True,0,7.939998081752232,0.04662672520638779,False,62.65936218922516,-2.110882212977913,0.5540739189373776,90.02326498821562
2025-09-11,391.1300048828125,400.8699951171875,388.9599914550781,389.6400146484375,389.6400146484375,1189400.0,-0.0013583790682444,-0.0013593025014338,11.910003662109377,60.4536495207452,PWR,1189400.0,463437833.42285156,1.083851762708089,-8.914075662429166,-0.13583790682444308,3.0566685182104503,0.24604439655533153,음봉,380.2620056152344,379.45149993896484,384.7781514485677,True,True,0,8.452854701450898,0.046567251494793446,False,60.453649520745195,-1.1199232048663248,1.2360263416391724,70.33812780308818
2025-09-12,388.1499938964844,391.9299926757813,382.2699890136719,382.5299987792969,382.5299987792969,833400.0,-0.0182476532230803,-0.0184161951251233,9.660003662109432,52.23607759731628,PWR,833400.0,318800500.982666,0.7597368771379456,-29.93105767613923,-1.8247653223080307,2.525293099347963,-0.3824095821620204,음봉,382.26800537109375,379.70249938964844,385.17823232014973,True,False,0,8.529996599469873,0.04653646856720191,False,52.23607759731628,-0.8979489150822246,1.166400505138618,51.55836388316584
2025-09-15,382.8999938964844,387.8599853515625,381.5499877929688,385.6799926757813,385.6799926757813,774900.0,0.0082346323335071,0.0082009127345337,6.309997558593693,55.96567329354575,PWR,774900.0,298863426.32446295,0.7066254047427087,-7.0194384449244085,0.8234632333507186,1.6360707525469542,0.09672316376969198,양봉,384.2980041503906,379.9459991455078,385.60065409342445,True,True,0,8.663569859095986,0.04650664427964484,False,55.96567329354575,-0.46252283402094463,1.2814612689599183,59.87847776391363
2025-09-16,386.0299987792969,387.2000122070313,375.5,378.239990234375,378.239990234375,821900.0,-0.0192906103056808,-0.0194791021478791,11.700012207031309,45.53457338973008,PWR,821900.0,310875447.9736328,0.749687266535782,6.065298748225567,-1.92906103056808,3.0932774188634675,0.090750391558371,음봉,385.252001953125,379.69199829101564,385.89324442545575,True,False,0,9.094999040876123,0.04653775562104725,False,45.53457338973008,-0.7096105967885364,0.8274988049538612,40.22711664393566
2025-09-17,378.5,382.55999755859375,373.3999938964844,376.010009765625,376.010009765625,887900.0,-0.0058956760954023,-0.0059131242064537,9.160003662109377,45.62786327810966,PWR,887900.0,333859287.67089844,0.8097536331118025,8.030173987103062,-0.5895676095402314,2.436106333397613,0.06874200833811515,음봉,382.4200012207031,379.5289993286133,386.06569010416666,True,False,0,9.346426827566972,0.04655774251504529,False,45.62786327810966,-1.0730013247058423,0.3712864616292444,34.33704445282751
2025-09-18,378.0299987792969,393.4200134277344,376.0700073242188,390.6499938964844,390.6499938964844,1173100.0,0.0389350914886144,0.0381962380661225,17.350006103515568,53.181389856781344,PWR,1173100.0,458271507.8399658,1.0649485575953197,32.12073431692759,3.8935091488614404,4.441317387582765,0.5372168190232427,양봉,382.6219970703125,380.26799926757815,386.3738306681315,True,True,0,10.197141374860495,0.04772948008100206,True,53.181389856781344,-0.17761924269541396,1.0133348349117384,73.00579721359733
2025-09-19,392.05999755859375,393.2200012207031,386.9400024414063,388.5799865722656,388.5799865722656,1493200.0,-0.0052988797044939,-0.005312968559694,6.279998779296818,57.83416943792339,PWR,1493200.0,580227635.949707,1.3569102149498469,27.286676327678805,-0.5298879704493942,1.6161405621256575,0.3609378431176943,음봉,383.8319946289063,380.7864990234375,386.6173126220703,True,True,0,9.767854963030134,0.047664489006390004,False,57.83416943792339,0.3607862970353608,1.2413922997140103,67.53826386672213
2025-09-22,384.5,397.6000061035156,382.239990234375,396.0199890136719,396.0199890136719,812600.0,0.0191466434157761,0.0189656530287371,15.360015869140623,64.83180752453299,PWR,812600.0,321805843.07250977,0.7396109637488948,-45.57996249665148,1.91466434157761,3.8785961050593203,-1.0499734194382797,양봉,385.8999938964844,381.5954986572266,386.8948181152344,True,True,0,10.23000008719308,0.06163591839116276,False,64.83180752453299,1.372006942611506,1.8020903562321244,87.18962498669994
2025-09-23,396.9100036621094,397.5199890136719,387.4200134277344,389.5299987792969,389.5299987792969,846500.0,-0.0163880370042405,-0.0165238062539564,10.0999755859375,59.672466934723744,PWR,846500.0,329737143.9666748,0.7714925548028141,4.171794240708837,-1.6388037004240519,2.592862069054668,0.2247398295864237,음봉,388.1579956054687,382.15649871826173,387.0343317667643,True,True,0,10.450714111328125,0.06154543777891261,False,59.672466934723744,1.6309184047210579,1.648801454673341,70.04754166545757
2025-09-24,400.2300109863281,407.0799865722656,396.3699951171875,402.8699951171875,402.8699951171875,1664700.0,0.0342463902130651,0.0336730361072839,10.709991455078123,64.90759613362366,PWR,1664700.0,670657680.871582,1.5049506797498542,96.65682220909628,3.424639021306519,2.658423706129513,2.746903252782272,양봉,393.5299926757813,383.1039978027344,387.44916483561195,True,True,0,10.653570992606026,0.07927350090673142,False,64.90759613362366,2.8793425526475858,2.317780482079895,90.447030472583
2025-09-25,397.0700073242188,402.8699951171875,389.7000122070313,400.4100036621094,400.4100036621094,1009200.0,-0.0061061669642649,-0.0061248858410551,13.169982910156191,65.73458817084754,PWR,1009200.0,404093775.6958008,0.9149934375647608,-39.37646422778879,-0.6106166964264914,3.2891243449726186,-1.4396673525616082,양봉,395.48199462890625,384.04649810791017,387.91783142089844,True,True,0,10.445713588169639,0.07907895337364612,False,65.73458817084754,3.6284009849183008,2.4534711314804873,81.87996915908771
