Date,Open,High,Low,Raw_Close,Adj_Close,Volume,Return,LogReturn,Volatility,RSI_14,Ticker,news_sentiment_score,positive_keywords_count,title,volume_today,value_today,volume_ratio_3m,volume_change_pct,price_change_pct,intraday_range_pct,gap_open_pct,candle_type,ma5,ma20,ma60,ma5_cross_ma20,price_above_ma60,ma_alignment_score,atr_14,bollinger_band_width,volatility_spike,rsi_14,macd,macd_signal_diff,stochastic_k
2015-01-22,52.4900016784668,53.81999969482422,52.47999954223633,53.77000045776367,39.68447494506836,21488700.0,0.0320534328047261,0.0315504416926134,1.3400001525878906,45.33593512254728,WFC,,,,21488700.0,852767776.7520905,,,,3.3766357106720752,,음봉,,,,False,False,0,,,False,,0.0,0.0,
2015-01-23,53.72999954223633,53.97999954223633,53.2400016784668,53.2599983215332,39.308082580566406,17779700.0,-0.0094846250334157,-0.009529890534337,0.7399978637695312,43.12975254463655,WFC,,,,17779700.0,698885915.8576965,,-17.260234448803324,-0.9484625033415739,1.8825590443207731,35.39299591744611,음봉,,,,False,False,0,,,False,,-0.008444700485618739,-0.0037532002158305504,
2015-01-26,52.90999984741211,53.59999847412109,52.88999938964844,53.58000183105469,39.544246673583984,13429400.0,0.0060080288203712,0.0059900525804626,0.7099990844726491,52.04290784517073,WFC,,,,13429400.0,531055506.27822876,,-24.46779191999865,0.6008028820371214,1.7954548238920853,34.60335985345258,음봉,,,,False,False,0,,,False,,-0.0034367901873793016,0.0007404846387986871,
2015-01-27,52.93000030517578,53.34000015258789,52.56999969482422,52.970001220703125,39.09404754638672,14351600.0,-0.0113846934780023,-0.0114499952006161,0.7700004577636719,54.999941264918725,WFC,,,,14351600.0,561062132.7667236,,6.867023098574765,-1.1384693478002306,1.9696104805981889,33.85006608441383,음봉,,,,False,False,0,,,False,,-0.017329135423970854,-0.008696623267917232,
2015-01-28,53.310001373291016,53.36000061035156,52.150001525878906,52.15999984741211,38.49623489379883,18775100.0,-0.0152916541035706,-0.0154097771916066,1.2099990844726562,48.709634929641965,WFC,,,,18775100.0,722770659.7545624,,30.822347334095145,-1.5291654103570695,3.1431621503004936,36.363474030250956,음봉,39.22541732788086,,,False,False,0,,,False,,-0.048301547374720144,-0.027868394089839023,
2015-01-29,52.2400016784668,52.900001525878906,51.900001525878906,52.7599983215332,38.93906784057617,16700000.0,0.0115032794245724,0.0114376197603702,1.0,45.42332045893652,WFC,,,,16700000.0,650282432.9376221,,-11.052404514489933,1.150327942457241,2.5681148919491013,35.701586980086425,음봉,39.07633590698242,,,False,False,0,,,False,,-0.04707646271142352,-0.019421491232601465,
2015-01-30,52.20000076293945,52.77000045776367,51.900001525878906,51.91999816894531,38.3191032409668,21754800.0,-0.015921403207381,-0.0160495103304578,0.8699989318847656,45.63224693754972,WFC,,,,21754800.0,833624427.1865845,,30.268263473053892,-1.5921403207381002,2.2704052503886714,34.05559931905926,음봉,38.8785400390625,,,False,False,0,,,False,,-0.07356536938203107,-0.03429170097187261,
2015-02-02,52.18999862670898,52.90999984741211,51.9900016784668,52.810001373291016,38.9759521484375,17714500.0,0.0171415521741247,0.0169962933928706,0.9199981689453124,54.24103872250239,WFC,,,,17714500.0,690439504.3334961,,-18.571993307224155,1.714155217412472,2.3604251294273877,36.198382040717654,음봉,38.7648811340332,,,False,False,0,,,False,,-0.05890455281605256,-0.014913213724294674,
2015-02-03,53.0099983215332,53.52999877929688,52.970001220703125,53.45000076293945,39.44831466674805,20258900.0,0.0121193323645201,0.012046481269814,0.5599975585937571,58.51063069344332,WFC,,,,20258900.0,799179462.002182,,14.363374636597136,1.211933236452012,1.419572834288388,36.006936070856995,음봉,38.83573455810547,,,False,False,0,,,False,,-0.02442033117038278,0.015050007999266486,
2015-02-04,53.02999877929688,53.5,52.900001525878906,53.02999877929688,39.39630126953125,14435600.0,-0.0013185201359346,-0.0013193901484458,0.5999984741210938,62.003546212934765,WFC,,,,14435600.0,568709246.6064453,,-28.744403694178857,-0.13185201359346976,1.522981738859651,34.42906047389946,음봉,39.01574783325195,,,False,False,0,,,False,,-0.0022820374125060994,0.028855963385588733,
2015-02-05,53.2400016784668,53.84000015258789,53.220001220703125,53.66999816894531,39.87175750732422,13281900.0,0.0120685501550035,0.0119963058785217,0.6199989318847656,68.38545816446576,WFC,,,,13281900.0,529572696.03652954,,-7.992047438277594,1.2068550155003521,1.5549827011535051,35.13959423303056,음봉,39.20228576660156,,,False,False,0,,,False,,0.03907765145908115,0.05485286875105438,
2015-02-06,54.119998931884766,55.08000183105469,53.83000183105469,54.45000076293945,40.45123291015625,19317000.0,0.0145334803143699,0.0144288815276229,1.25,67.90370773576042,WFC,,,,19317000.0,781396466.1254883,,45.43852912610396,1.4533480314369962,3.090140670807978,35.73517275214975,음봉,39.62871170043945,,,False,False,0,,,False,,0.10069999986599498,0.09146122529443393,
2015-02-09,54.27000045776367,54.45000076293945,54.08000183105469,54.209999084472656,40.27294158935547,9739200.0,-0.0044075620932685,-0.0044173040310742,0.3699989318847656,64.70157841646895,WFC,,,,9739200.0,392226232.7270508,,-49.582233266035104,-0.44075620932685355,0.9187283503089329,34.161548495442496,음봉,39.888109588623045,,,False,False,0,,,False,,0.13499362526610525,0.09914075518167853,
2015-02-10,54.619998931884766,54.709999084472656,54.220001220703125,54.56999969482422,40.54039001464844,12342500.0,0.0066408962131452,0.006618942602722,0.4899978637695312,65.73140833560338,WFC,,,,12342500.0,500369763.75579834,,26.730121570560208,0.6640896213145231,1.2086658850407719,35.624557770871554,음봉,40.10652465820313,,,False,False,0,0.8178561074393136,,False,,0.17440986200581676,0.1095707658318817,-357.2204534930868
2015-02-11,54.060001373291016,54.2599983215332,53.65999984741211,53.900001525878906,40.0426139831543,18296800.0,-0.012278521033327,-0.0123545248565228,0.5999984741210938,53.033514578214685,WFC,,,,18296800.0,732651699.5269775,,48.242252379987846,-1.227852103332705,1.4983998656369182,33.34849850669306,음봉,40.23578720092773,,,False,False,0,0.7649988446916852,,False,53.033514578214685,0.17237148800084157,0.08524162689398045,-372.8737863145949
2015-02-12,54.18999862670898,54.900001525878906,53.970001220703125,54.86000061035156,40.75580978393555,20159500.0,0.0178109201632363,0.0176541642988033,0.9300003051757812,61.60067296882079,WFC,,,,20159500.0,821616747.3392487,,10.180468715841018,1.7810920163236377,2.281884006491642,35.3308219326201,음봉,40.41259765625,,,False,False,0,0.7785704476492745,,False,61.60067296882079,0.21191335013879353,0.09910397722681737,-350.4462475618329
2015-02-13,54.97999954223633,55.560001373291016,54.810001373291016,55.33000183105469,41.10498428344727,18809000.0,0.0085674778973316,0.0085309853432026,0.75,62.283755723980775,WFC,,,,18809000.0,773143649.3873597,,-6.699074877849154,0.8567477897331699,1.8245962456237224,34.90101125142516,음봉,40.543347930908205,,,False,False,0,0.7814276559012282,,False,62.283755723980775,0.261048212042823,0.11790808340372483,-294.94583859243903
2015-02-17,55.310001373291016,55.459999084472656,54.95000076293945,55.369998931884766,41.13471221923828,11908600.0,0.0007232197337923,0.0007229583364248,0.5099983215332031,67.199373946235,WFC,,,,11908600.0,489856833.934021,,-36.686692540804934,0.07232197337923019,1.2398246979704945,34.557894468199606,음봉,40.715702056884766,,,False,False,0,0.762856074741909,,False,67.199373946235,0.2973472306650393,0.12279989976312256,-294.1335998757618
2015-02-18,55.09000015258789,55.20000076293945,54.400001525878906,54.52000045776367,40.50323486328125,13231600.0,-0.0153514470355695,-0.0154705004988465,0.7999992370605469,66.82018692258066,WFC,,,,13231600.0,535922602.4169922,,11.109618259073283,-1.5351447035569565,1.9751489967676554,33.925818804738995,음봉,40.70827102661133,,,False,False,0,0.7335703713553298,,False,66.82018692258066,0.2811181520672008,0.08494499594534047,-311.38708026602825
2015-02-19,54.40999984741211,54.81999969482422,54.130001068115234,54.560001373291016,40.532958984375,10784600.0,0.0007338702993497,0.0007336011482149,0.6899986267089844,64.35178601728828,WFC,,,,10784600.0,437131749.4628906,,-18.493606215423686,0.07338702993497925,1.7023149653963607,34.33494887772093,음봉,40.806340026855466,39.820823097229,,True,False,0,0.7114274161202572,0.07070695076786128,False,64.35178601728828,0.26715485763684654,0.05661977952489031,-310.5749457760564
2015-02-20,54.40999984741211,54.93999862670898,54.02999877929688,54.83000183105469,40.7335319519043,15049100.0,0.0049483919396711,0.0049361888887058,0.9099998474120952,73.51619346554429,WFC,,,,15049100.0,613002995.697403,,39.54249578102109,0.4948391939671115,2.234031285297254,34.23643674370418,음봉,40.801884460449216,39.873275947570804,,True,False,0,0.7142846243722093,0.07061393656176423,False,73.51619346554429,0.2664342339382273,0.044615248990238915,-315.3073022073956
2015-02-23,54.68000030517578,55.11000061035156,54.27000045776367,55.09999847412109,40.93412399291992,13715000.0,0.0049244941796962,0.00491240851917,0.8400001525878906,70.93276938773678,WFC,,,,13715000.0,561411510.5628967,,-8.864981959054031,0.4924494179696204,2.0520779991118885,34.238298730732794,음봉,40.76771240234375,39.95457801818848,,True,False,0,0.7085704803466791,0.07047024691362622,False,70.93276938773678,0.2761566255911774,0.04338932822768404,-449.84504584090416
2015-02-24,55.18999862670898,55.540000915527344,55.02000045776367,55.369998931884766,41.13471221923828,11957800.0,0.0049002691825785,0.0048883019427555,0.5200004577636719,69.13962415110154,WFC,,,,11957800.0,491880661.7752075,,-12.812249362012395,0.4900269182578576,1.2641402594290498,34.8263825952518,음봉,40.76771240234375,40.03410129547119,,True,False,0,0.7057135445731016,0.07033026562756879,False,69.13962415110154,0.29405047706766396,0.04895376373744323,-442.3041346444802
2015-02-25,55.38999938964844,55.58000183105469,55.2400016784668,55.33000183105469,41.10498428344727,10516900.0,-0.0007226970650132,-0.0007229583364247,0.3400001525878906,69.49114780464,WFC,,,,10516900.0,432297009.2105866,,-12.049875395139576,-0.07226970650132669,0.8271506692311439,34.65512799611396,음봉,40.88806228637695,40.134648132324216,,True,False,0,0.6871422358921586,0.0701540715889274,False,69.49114780464,0.302433790315618,0.04581525130490277,-513.3480425435616
2015-02-26,55.220001220703125,55.34999847412109,54.959999084472656,55.150001525878906,40.97126388549805,13579100.0,-0.0032531431474862,-0.0032584461216679,0.3899993896484304,63.60272706764717,WFC,,,,13579100.0,556352889.4275665,,29.11694510739857,-0.32531431474862593,0.9518851816198727,34.3389425475097,음봉,40.97572326660156,40.25839958190918,,True,False,0,0.6707136971609918,0.06993842297538146,False,63.60272706764717,0.2961025450656436,0.031557258438131675,-660.8709819060354
2015-02-27,54.81999969482422,55.27999877929688,54.790000915527344,54.790000915527344,40.70382308959961,12937000.0,-0.0065275212560161,-0.0065489186885148,0.4899978637695383,53.38641954472693,WFC,,,,12937000.0,526585359.31015015,,-4.728590260031962,-0.6527521256016189,1.2038128769647183,33.80109495286522,음봉,40.969781494140626,40.34663734436035,,True,False,0,0.6164278302873873,0.06978546822229907,False,53.38641954472693,0.2689251414691043,0.0035012283877593475,-674.8001756348385
2015-03-02,54.790000915527344,55.560001373291016,54.720001220703125,55.54999923706055,41.2684211730957,12988500.0,0.0138708858441445,0.0137755655469955,0.8400001525878906,62.0934950872305,WFC,,,,12988500.0,536014888.40675354,,0.3980830177011674,1.3870885844144532,2.0354550251985786,34.60652281954062,음봉,41.03664093017578,40.494103240966794,,True,False,0,0.6499993460518964,0.056612416158878506,False,62.0934950872305,0.2846275597479746,0.015353608512241046,-645.3940558335999
2015-03-03,55.45000076293945,55.58000183105469,55.13999938964844,55.45000076293945,41.194129943847656,11759600.0,-0.0018001955765751,-0.0018018178758952,0.44000244140625,58.33297675359432,WFC,,,,11759600.0,484426490.4876709,,-9.46144666435693,-0.1800195576575181,1.068119273318854,34.364240711707204,음봉,41.04852447509766,40.60501213073731,,True,False,0,0.6464282444545191,0.04610563586428017,False,58.33297675359432,0.2882415836866059,0.015166753992529092,-649.2633866926807
2015-03-04,55.16999816894531,55.20000076293945,54.66999816894531,54.81999969482422,40.726104736328125,16653300.0,-0.0113614538808685,-0.0114264882572827,0.5300025939941406,58.77878154492601,WFC,,,,16653300.0,678224040.0054932,,41.61451069764277,-1.136145388086851,1.3013829764116198,33.926844053141494,음봉,40.972748565673825,40.66890163421631,,True,False,0,0.6414285387311652,0.04603320543059286,False,58.77878154492601,0.25397097953936054,-0.015277158605414398,-822.6019542615601
2015-03-05,54.93999862670898,55.0099983215332,54.650001525878906,54.84000015258789,40.7409553527832,9576100.0,0.0003646461293371,0.0003645796620948,0.3599967956542969,49.76750073439676,WFC,,,,9576100.0,390139462.55378723,,-42.4972828208223,0.03646461293371761,0.8836238437145628,34.9011867999787,음봉,40.92668685913086,40.7361343383789,,True,False,0,0.6007140023367735,0.03428562106973513,False,49.767500734396755,0.22534813873992476,-0.03510911693849439,-857.3559523926763
2015-03-06,54.97999954223633,55.4900016784668,54.5099983215332,54.59000015258789,40.55523300170898,17298400.0,-0.0045586155127198,-0.0045690376862659,0.9800033569335938,40.931366996654575,WFC,,,,17298400.0,701540642.5567626,,80.64138845667861,-0.45586155127198547,2.4164658526121574,34.950197083388694,음봉,40.896968841552734,40.770308113098146,,True,False,0,0.617142813546316,0.030066174298731756,True,40.931366996654575,0.18679872876759873,-0.05891221749116654,-869.3380159675579
2015-03-09,54.77999877929688,55.0099983215332,54.630001068115234,54.66999816894531,40.61465835571289,11937900.0,0.0014652943555129,0.0014642218592926,0.3799972534179687,41.50448863912542,WFC,,,,11937900.0,484853729.9846649,,-30.988415113536515,0.14652943555129028,0.9356160283064846,35.075043896279624,음봉,40.76621627807617,40.778479385375974,,False,False,0,0.6078570229666563,0.030060149579314785,False,41.50448863912542,0.15889176208806788,-0.06944157937959294,-865.5041297093005
2015-03-10,54.15999984741211,54.16999816894531,53.290000915527344,53.290000915527344,39.58946228027344,18723200.0,-0.0252420214017446,-0.0255660658764429,0.8799972534179688,36.774075996333856,WFC,,,,18723200.0,741241420.1660156,,56.838304894495685,-2.5242021401744696,2.222806784259993,33.35086897214764,음봉,40.445282745361325,40.74430541992187,,False,False,0,0.6135711669921865,0.04120720369431898,False,36.774075996333856,0.059326671834895706,-0.1351838979778172,-598.2765571121587
2015-03-11,53.869998931884766,53.9900016784668,53.59999847412109,53.70000076293945,39.89404678344727,16612900.0,0.0076935751493043,0.0076641305265305,0.3900032043457102,41.43396789969154,WFC,,,,16612900.0,662755809.8087312,,-11.271043411382664,0.7693575149304355,0.9775975008570184,36.07156002906108,음봉,40.27887115478516,40.711988258361814,,False,False,0,0.5921429225376669,0.041239913957713065,False,41.43396789969154,0.003477418746236083,-0.1528071379617989,-584.9759291032963
2015-03-12,54.52000045776367,55.63999938964844,54.20000076293945,55.59000015258789,41.29814147949219,26266900.0,0.0351955945624322,0.0345903891163714,1.4399986267089844,55.7229458387047,WFC,,,,26266900.0,1084774152.4276733,,58.11146759445973,3.5195594562432264,3.4868363929259587,36.66199559475365,음봉,40.39030838012695,40.77476463317871,,False,False,0,0.6299999782017304,0.04190531115484075,True,55.7229458387047,0.0648492053980192,-0.07314085992065564,-510.2922222330441
2015-03-13,55.4900016784668,55.650001525878906,55.02000045776367,55.34000015258789,41.112422943115234,17591400.0,-0.0044970192295258,-0.004507161237794,0.6300010681152344,51.812723972634615,WFC,,,,17591400.0,723225076.9615173,,-33.028259901244525,-0.4497019229525834,1.5323861329869286,34.36440403988155,음봉,40.501746368408206,40.792595291137694,,False,False,0,0.6150000435965407,0.04188699412292518,False,51.812723972634615,0.09814271570564159,-0.031875292610018285,-515.9989331781593
2015-03-16,55.5,55.81999969482422,55.33000183105469,55.72999954223633,41.40216064453125,15505200.0,0.0070474489381691,0.0070227317307931,0.4899978637695312,52.67067401092496,WFC,,,,15505200.0,641948781.2255859,,-11.859203929192674,0.704744893816911,1.1835079525837604,34.995692364791985,음봉,40.659246826171874,40.807454109191895,,False,False,0,0.6128570011683878,0.04442076585830189,False,52.670674010924955,0.1449458130491621,0.011941468489586882,-469.87533623632436
2015-03-17,55.5,55.97999954223633,55.2599983215332,55.90999984741211,41.535865783691406,13107700.0,0.0032294241913632,0.0032242208006869,0.720001220703125,54.21514546063833,WFC,,,,13107700.0,544439667.9328918,,-15.462554497845883,0.3229424191363295,1.733444595696439,34.05097496362406,음봉,41.048527526855466,40.82751178741455,,True,False,0,0.6399999346051902,0.04767382135734182,False,54.21514546063833,0.19004318387585073,0.0456287016601441,-436.95691942476043
2015-03-18,55.68000030517578,56.27999877929688,55.4900016784668,56.16999816894531,41.72903060913086,20000500.0,0.0046505549311384,0.0046397745109245,0.7899971008300852,57.32771150114722,WFC,,,,20000500.0,834601476.6979218,,52.585884632696825,0.46505549311384176,1.8931594846519715,34.05282219261675,음봉,41.415524291992185,40.88880157470703,,True,False,0,0.6685711996895941,0.05232651108515038,False,57.32771150114722,0.2378587054991641,0.07475227289379674,-386.6548015462922
2015-03-19,55.95000076293945,55.97999954223633,55.2400016784668,55.5099983215332,41.238712310791016,14841100.0,-0.0117500524498778,-0.0118196298788349,0.7399978637695312,54.958708666229086,WFC,,,,14841100.0,612027853.2756805,,-25.796355091122724,-1.1750052449877812,1.794425243428114,34.0793206700969,음봉,41.403638458251955,40.92408924102783,,True,False,0,0.6864283425467365,0.05228139143808801,False,54.958708666229086,0.2350981647531043,0.05759147159524228,-403.053418558068
2015-03-20,55.52999877929688,56.209999084472656,55.52000045776367,56.0099983215332,41.610164642333984,26487200.0,0.0090073697923338,0.0089670454006287,0.6899986267089844,53.28581363004172,WFC,,,,26487200.0,1102136752.9144287,,78.47194614954418,0.9007369792333852,1.6582453653811862,34.65502598820535,음봉,41.503186798095705,40.96792087554932,,True,False,0,0.6757139478411004,0.052225455505953436,False,53.285813630041716,0.2587074089127199,0.0649588454719916,-390.6302547811323
2015-03-23,56.02999877929688,56.290000915527344,55.72999954223633,55.77999877929688,41.43929672241211,16477400.0,-0.0041063985540694,-0.0041148529613265,0.5600013732910156,52.31426367676576,WFC,,,,16477400.0,682811867.8138733,,-37.79108399528829,-0.4106398554069468,1.3513775994855226,34.65459524351948,음봉,41.510614013671876,40.99317951202393,,True,False,0,0.6842853001185836,0.052193275913859125,False,52.314263676765755,0.2610899434281606,0.053871958138258846,-395.0234731038412
2015-03-24,55.70000076293945,55.869998931884766,55.34999847412109,55.34999847412109,41.11983871459961,13927400.0,-0.0077090595902831,-0.0077389279940584,0.520000457763679,53.82392495526435,WFC,,,,13927400.0,572692441.7137146,,-15.475742532195614,-0.7709059590283118,1.264597513071112,34.41347988131893,음봉,41.427408599853514,40.99243583679199,,True,False,0,0.6835708618164078,0.05219422279212529,False,53.82392495526435,0.23533944271893859,0.022496783147733956,-405.6720733642578
2015-03-25,55.2599983215332,55.36000061035156,54.540000915527344,54.540000915527344,40.51808166503906,15413700.0,-0.0146342268931831,-0.0147423634852391,0.8199996948242188,48.05696767898346,WFC,,,,15413700.0,624533555.3604126,,10.67176931803495,-1.4634226893183166,2.023787062781291,34.387682561393724,음봉,41.185218811035156,40.96309070587158,,True,False,0,0.7164282117571165,0.05223161367925638,False,48.05696767898346,0.16597920620477424,-0.03749025236754086,-425.7306416829427
2015-03-26,54.34999847412109,54.75,53.970001220703125,54.5,40.48837661743164,15038600.0,-0.0007331306514704,-0.0007333995231665,0.779998779296875,49.40084099688906,WFC,,,,15038600.0,608888500.5989075,,-2.4335493749067405,-0.07331306514704039,1.9264758048142108,34.137639889839264,음봉,41.035151672363284,40.93894634246826,,True,False,0,0.7021421704973508,0.05226241806418764,False,49.40084099688906,0.1074657882604555,-0.0768020999031418,-426.72080993652344
2015-03-27,54.540000915527344,54.59999847412109,53.959999084472656,54.119998931884766,40.2060661315918,13600300.0,-0.0069726304047048,-0.0069970527837777,0.6399993896484304,46.478910280096095,WFC,,,,13600300.0,546814561.2094879,,-9.564055164709483,-0.697263040470486,1.5917980822937383,34.705328966056875,음봉,40.75433197021484,40.91405849456787,,False,False,0,0.7207137516566695,0.05229420907098451,False,46.478910280096095,0.0384989563300735,-0.11661412957023062,-436.13115946451825
2015-03-30,54.38999938964844,55.02000045776367,54.38999938964844,54.77000045776367,40.68896865844727,11706700.0,0.0120106882696497,0.0119391323407757,0.6300010681152344,60.452024522435565,WFC,,,,11706700.0,476333549.39384466,,-13.923222281861424,1.2010688269649794,1.5483338331910321,35.27809264311899,음봉,40.60426635742188,40.885085868835446,,False,False,0,0.7028568812779028,0.05233126660712978,False,60.452024522435565,0.02161264728721335,-0.10679960657990792,-479.96349806003496
2015-03-31,54.470001220703125,54.68999862670898,54.18999862670898,54.400001525878906,40.41407775878906,13306200.0,-0.0067559072820377,-0.0067788317322859,0.5,54.97153610228761,WFC,,,,13306200.0,537757801.473999,,13.663115993405484,-0.6755907282037787,1.2371926509971205,33.86921078766352,음봉,40.463114166259764,40.84608325958252,,False,False,0,0.7107137952532092,0.052381236048023715,False,54.97153610228761,-0.01328247677574268,-0.11335515252058043,-581.369557102535
2015-04-01,54.41999816894531,54.41999816894531,53.77999877929688,53.93999862670898,40.07234954833984,15436900.0,-0.0084556726121235,-0.0084916246208493,0.6399993896484304,35.294203792623065,WFC,,,,15436900.0,618592852.7427672,,16.012836121507256,-0.8455672612123544,1.5971097199488895,34.65604360379177,음봉,40.37396774291992,40.813395500183105,,False,False,0,0.6535709926060268,0.05242318857904932,False,35.294203792623065,-0.06713846543714652,-0.1337683163056544,-546.1210185081072
2015-04-02,53.95000076293945,54.47999954223633,53.81999969482422,54.369998931884766,40.39179229736328,13498900.0,0.0079716500934914,0.0079400443464136,0.6599998474121094,41.62338140310772,WFC,,,,13498900.0,545244765.0428772,,-12.55433409557618,0.7971650093491434,1.633994952621088,34.63148872231415,음봉,40.35465087890625,40.79593734741211,,False,False,0,0.6557137625558036,0.052445622480424406,False,41.62338140310772,-0.08357309382125777,-0.12016192699208056,-533.394226589787
2015-04-06,53.81999969482422,54.369998931884766,53.560001373291016,54.08000183105469,40.176361083984375,10786100.0,-0.0053335393436594,-0.0053478134415558,0.80999755859375,35.50082211461245,WFC,,,,10786100.0,433346248.28796387,,-20.09645230352103,-0.5333539343659432,2.0161048356284357,33.24489118631537,음봉,40.34870986938476,40.77699375152588,,False,False,0,0.6785708836146763,0.05246998692191131,False,35.50082211461245,-0.1123607653874501,-0.11915933870198116,-490.2433162440457
2015-04-07,54.27999877929688,54.38999938964844,53.97999954223633,54.02000045776367,40.131778717041016,10853700.0,-0.0011096666233699,-0.0011102827592232,0.4099998474121094,33.03427962996264,WFC,,,,10853700.0,435578286.6611481,,0.6267325539351498,-0.11096666233699759,1.0216338784854622,35.10431834737438,음봉,40.23727188110352,40.75284976959229,,False,False,0,0.6564279283796038,0.05250107270912523,False,33.03427962996264,-0.13712118421715047,-0.11513554309924195,-491.87637025206345
2015-04-08,53.97999954223633,54.36000061035156,53.83000183105469,54.0,40.116920471191406,9828700.0,-0.0003702364142484,-0.0003703049686711,0.529998779296875,29.64355937738752,WFC,,,,9828700.0,394297176.235199,,-9.44378414734146,-0.03702364142484926,1.3211352543310884,34.50687028560483,음봉,40.17784042358399,40.779222679138186,,False,False,0,0.6378566196986603,0.0449980089155139,False,29.64355937738752,-0.15611562139839918,-0.10730378819177425,-492.4206284330534
2015-04-09,54.060001373291016,54.290000915527344,53.72999954223633,54.18999862670898,40.2580680847168,10279400.0,0.0035184059959625,0.0035122308857107,0.5600013732910156,36.41968134561755,WFC,,,,10279400.0,413828785.07003784,,4.5855504797175595,0.3518405995962537,1.391028928940605,34.75610973706807,음봉,40.21498413085938,40.79742374420166,,False,False,0,0.6249997275216234,0.04060749206073285,False,36.41968134561755,-0.15811487874022134,-0.087442308628866,-487.2503853124349
2015-04-10,54.33000183105469,54.47999954223633,54.060001373291016,54.31999969482422,40.35464859008789,9531500.0,0.0023990347765285,0.0023961616867764,0.4199981689453125,31.180411333632364,WFC,,,,9531500.0,384640333.0364227,,-7.2757164815067,0.23990347765285858,1.0407677519671787,34.95431950864038,음봉,40.2075553894043,40.75024909973145,,False,False,0,0.605713980538504,0.040654501442101386,False,31.180411333632364,-0.15027453406724334,-0.06368149670778575,-483.71263726973825
2015-04-13,54.33000183105469,54.72999954223633,54.27999877929688,54.59000015258789,40.55523300170898,14931600.0,0.0049705404118016,0.0049582280583211,0.450000762939446,36.865318392136125,WFC,,,,14931600.0,605554517.0883178,,56.655300844568,0.49705404118016716,1.1095997473876755,34.63133425575038,음봉,40.283329772949216,40.72238960266113,,False,False,0,0.5978567940848204,0.04068231449469659,False,36.865318392136125,-0.1266156479167293,-0.03201805849723256,-562.9775807857958
2015-04-14,53.93000030517578,54.470001220703125,53.56999969482422,54.18999862670898,40.2580680847168,29289600.0,-0.007327412395329,-0.0073543897450976,0.9000015258789062,37.11115168250858,WFC,,,,29289600.0,1179142710.974121,,96.15848268102548,-0.732741239532908,2.2355805151528734,32.97914057824104,음봉,40.308587646484376,40.66518497467041,,False,False,0,0.6249997275216224,0.040739543219167416,False,37.111151682508584,-0.13006858714195602,-0.028376776943862522,-738.9966070372718
2015-04-15,54.369998931884766,54.90999984741211,54.18999862670898,54.810001373291016,40.71867752075195,16899900.0,0.01144141927193,0.0113764612396242,0.7200012207031321,53.132412562293815,WFC,,,,16899900.0,688141578.2329559,,-42.30068010488365,1.1441419271930098,1.7682333134129642,35.053671272728785,음봉,40.42893905639649,40.624325561523435,,False,False,0,0.6178569793701162,0.04078051851672135,False,53.132412562293815,-0.09493808833590833,0.005402974255350176,-879.5432811642673
2015-04-16,54.52999877929688,55.06999969482422,54.34000015258789,54.810001373291016,40.71867752075195,15643200.0,0.0,0.0,0.7299995422363281,53.62994870018831,WFC,,,,15643200.0,636970416.192627,,-7.43613867537678,0.0,1.7927879456897629,33.918884648220946,음봉,40.521060943603516,40.573807907104495,,False,False,0,0.6142856052943628,0.037901670395715445,False,53.62994870018831,-0.06633451675585889,0.027205223639574783,-850.4197434802709
2015-04-17,54.40999984741211,54.560001373291016,53.97999954223633,54.04999923706055,40.1540641784668,17569700.0,-0.013866200394092,-0.0139632341883594,0.5800018310546875,49.24733818764866,WFC,,,,17569700.0,705494861.3964081,,12.315255190753804,-1.3866200394092032,1.4444411616140265,33.62418221879255,음봉,40.480944061279295,40.51957550048828,40.42149594624837,False,False,0,0.6100000653948098,0.037952398933093864,False,49.24733818764866,-0.08779727862290798,0.004593967657958428,-887.8113971154793
2015-04-20,54.34000015258789,54.66999816894531,54.16999816894531,54.36000061035156,40.384376525878906,13327200.0,0.0057357169722216,0.0057193303770187,0.5,45.243640773865096,WFC,,,,13327200.0,538210662.8356934,,-24.146684348622916,0.5735716972221638,1.238102560973283,35.32876749678681,음봉,40.446772766113284,40.458286094665525,40.43316097259522,False,False,0,0.6007142748151502,0.03378658134143024,False,45.243640773865096,-0.08539251197923647,0.005598985725217193,-872.558906822758
2015-04-21,54.54999923706055,54.84999847412109,54.18999862670898,54.27999877929688,40.32494354248047,10954200.0,-0.0014716825790377,-0.0014727665674996,0.6599998474121094,48.50770861806895,WFC,,,,10954200.0,441727496.55303955,,-17.805690617684135,-0.14716825790377364,1.6367037109843192,35.07698751299058,음봉,40.460147857666016,40.40256843566895,40.45010865529378,True,False,0,0.6121428353445866,0.0259263013916464,False,48.507708618068946,-0.08723807082670021,0.0030027407659319605,-876.4948703633062
2015-04-22,54.310001373291016,54.90999984741211,54.15999984741211,54.66999816894531,40.61465835571289,13563800.0,0.0071845063571438,0.0071588207436061,0.75,59.24030393042634,WFC,,,,13563800.0,550889103.0052185,0.8868646853725655,23.822825948038194,0.7184506357143849,1.846623929299911,34.68091112409849,음봉,40.439344024658205,40.37730941772461,40.46794884999593,True,True,0,0.6200000217982701,0.016007207556241847,False,59.24030393042634,-0.06474576716561842,0.020396031540733175,-857.3084375639468
2015-04-23,54.40999984741211,55.119998931884766,54.40999984741211,54.86000061035156,40.75580978393555,14657800.0,0.0034753814001442,0.003469356218041,0.7099990844726562,56.60365084835377,WFC,,,,14657800.0,597390508.6509705,0.9652385455968532,8.065586340111185,0.34753814001442507,1.7420806707968097,33.96641028191428,음봉,40.44677047729492,40.38919582366943,40.495644887288414,True,True,0,0.6235713958740234,0.01692185797854335,False,56.60365084835377,-0.03520261986384554,0.03995133680453479,-820.7827966665363
2015-04-24,54.7599983215332,54.91999816894531,54.61000061035156,54.70000076293945,40.636966705322266,15268100.0,-0.0029159788320566,-0.0029202385812388,0.30999755859375,58.6593172374523,WFC,,,,15268100.0,620449271.3535309,1.0080742119460986,4.163653481422869,-0.29159788320566316,0.762846205627718,34.36120791573033,음봉,40.54335098266601,40.39662532806396,40.531323750813804,True,True,0,0.5878571101597377,0.01691874581218801,False,58.6593172374523,-0.021077848718071834,0.043260880929184384,-834.3896358315922
2015-04-27,54.790000915527344,55.5,54.709999084472656,54.970001220703125,40.83754348754883,19852400.0,0.0049358207191259,0.0049236794909344,0.7900009155273438,62.53315991274783,WFC,,,,19852400.0,810723248.3322144,1.3019878014884307,30.025346965241262,0.4935820719125905,1.934496661798992,34.82797895038618,음봉,40.633984375,40.428199195861815,40.56296501159668,True,True,0,0.6150000435965401,0.018927232833247636,False,62.53315991274783,0.006135998997145009,0.05637977725309259,-659.7126525384533
2015-04-28,54.90999984741211,55.43000030517578,54.869998931884766,55.40999984741211,41.16443634033203,13028300.0,0.0080047139192609,0.0079728461454453,0.5600013732910156,66.74618972347449,WFC,,,,13028300.0,536302625.9727478,0.8556188213792825,-34.37418145916866,0.8004713919260942,1.3604009263266368,34.45960544652718,음봉,40.801882934570315,40.451972579956056,40.61038722991943,True,True,0,0.617143086024693,0.026997120840859153,False,66.74618972347449,0.05332311425780745,0.0828535073539787,-642.7752017045567
2015-04-29,55.16999816894531,55.7599983215332,55.08000183105469,55.459999084472656,41.20157241821289,18144500.0,0.0009021398367714,0.0009017331532008,0.6799964904785156,65.60226690654568,WFC,,,,18144500.0,747581930.7422638,1.1924032949910766,39.26989707022406,0.09021398367714539,1.650413929779844,34.02345100226948,음봉,40.91926574707031,40.491347312927246,40.64748090108235,True,True,0,0.6257141658238002,0.027888004346858047,False,65.60226690654568,0.0926301574516728,0.09772843415653168,-564.7687229465506
2015-04-30,55.650001525878906,55.650001525878906,54.77999877929688,55.09999847412109,40.93412399291992,16577800.0,-0.0064912188927708,-0.00651237847147,0.8700027465820241,59.06994628702175,WFC,,,,16577800.0,678597720.7298279,1.0895832579142561,-8.634572459974098,-0.6491218892770823,2.1253728227639663,35.06766431389687,음봉,40.95492858886719,40.53443603515625,40.67224438985189,True,True,0,0.6578573499407082,0.026758777304333188,False,59.06994628702175,0.10113099955279381,0.08498341663610229,-576.980987467231
2015-05-01,55.2599983215332,55.58000183105469,54.959999084472656,55.18999862670898,41.00099563598633,12069400.0,0.0016336405068293,0.0016323075676747,0.6200027465820312,57.281875263285286,WFC,,,,12069400.0,494857416.7289734,0.8013639705010552,-27.195405904281632,0.1633640506829348,1.5121650998100606,34.99738831858506,음봉,41.027734375,40.564896202087404,40.69898929595947,True,True,0,0.6700003487723214,0.026738684147444458,False,57.281875263285286,0.11194935467661793,0.07664141425509557,-573.9274858690635
2015-05-04,55.27000045776367,55.77000045776367,55.2599983215332,55.72999954223633,41.40216064453125,9981800.0,0.0097842748041176,0.0097367187368706,0.5100021362304688,68.07545577821305,WFC,,,,9981800.0,413268087.12158203,0.6682005213391607,-17.296634464016435,0.9784274804117699,1.2318249296437,34.80160566943288,음봉,41.14065780639648,40.62618618011474,40.72449601491292,True,True,0,0.6421432495117188,0.031635757480206916,False,68.07545577821305,0.1510240430303682,0.09257287904049427,-702.6722047234026
2015-05-05,55.72999954223633,56.20000076293945,55.59999847412109,55.720001220703125,41.39472961425781,17068100.0,-0.0001794841176826,-0.0001795002268844,0.6000022888183665,62.46597273316854,WFC,,,,17068100.0,706529384.5291138,1.14645781534538,70.99220581458255,-0.017948411768264894,1.4494654136156127,34.60650042088473,음봉,41.18671646118164,40.68933372497558,40.74022095998128,True,True,0,0.6335718972342355,0.0315866605736763,False,62.46597273316854,0.17932390744115878,0.0966981922151505,-566.9037390885971
2015-05-06,55.43000030517578,55.59999847412109,54.45000076293945,54.91999816894531,41.07683944702149,15670700.0,-0.0076794840840518,-0.0077091231613399,1.1499977111816335,55.91127732446876,WFC,,,,15670700.0,643702827.9224397,1.0512107054065705,-8.187203027870705,-0.7679484084051835,2.7996255959878154,33.905936387814265,음봉,41.16176986694336,40.73732967376709,40.75361925760905,True,True,0,0.6635717664446145,0.03063766025067097,True,55.911277324468756,0.17417728889640927,0.0732412573936797,-581.223108117396
2015-05-07,54.959999084472656,55.18999862670898,54.61000061035156,54.810001373291016,40.994571685791016,14723100.0,-0.0020027772909982,-0.0020047855312569,0.5799980163574148,66.49908044737583,WFC,,,,14723100.0,603567178.3870697,0.9861311972790142,-6.046953869323001,-0.20027772909982922,1.4148166269497722,33.79802298411214,음봉,41.173859405517575,40.774154853820804,40.761188952128094,True,True,0,0.6635714939662378,0.03060998984623953,False,66.49908044737583,0.161617113418707,0.04854486471480253,-645.363835938172
2015-05-08,55.16999816894531,56.04999923706055,55.09000015258789,56.04999923706055,41.922019958496094,17477500.0,0.0226236849067149,0.0223715648533087,0.9599990844726562,73.6978315417665,WFC,,,,17477500.0,732692103.8246155,1.172910607260124,18.708016654101378,2.262368490671496,2.2899638076196727,34.57878909384384,음봉,41.35806427001953,40.85252342224121,40.79251238505046,True,True,1,0.6964285714285704,0.04327653794494306,False,73.6978315417665,0.22370469262842363,0.08850595394655739,-599.9007057186774
2015-05-11,55.91999816894531,55.959999084472656,55.43999862670898,55.5099983215332,41.51812362670898,12922100.0,-0.009634467332132,-0.0096811790832089,0.520000457763679,66.62397091728528,WFC,,,,12922100.0,536501345.31669605,0.8642685332467323,-26.064368473751966,-0.9634467332132024,1.2524661818511424,33.39051463719446,음봉,41.381256866455075,40.90066795349121,40.80521761576335,True,True,1,0.6864286150251111,0.043225596756504496,False,66.62397091728528,0.2376632859891359,0.08197163696183529,-619.6995366266875
2015-05-12,55.310001373291016,55.63999938964844,55.0,55.470001220703125,41.48821640014648,11705900.0,-0.0007203414786129,-0.0007206010491963,0.6399993896484375,63.12071854036734,WFC,,,,11705900.0,485656912.3584747,0.7834549426005605,-9.411782914541755,-0.07203414786129958,1.5426052146367466,33.218933183458226,음봉,41.39995422363281,40.962175369262695,40.811604817708336,True,True,1,0.678571428571428,0.04316069066380542,False,63.12071854036734,0.24350980293557,0.0702545225205169,-721.8869742007258
2015-05-13,55.470001220703125,55.83000183105469,55.369998931884766,55.59999847412109,41.5854377746582,11448100.0,0.0023433490987909,0.0023406077380997,0.4600028991699219,62.62753413490453,WFC,,,,11448100.0,476074250.1880646,0.7718163804830691,-2.2023082377262693,0.234334909879097,1.1061634162962777,33.70061678647454,음봉,41.50167388916016,41.00551338195801,40.81911691029867,True,True,1,0.6607145581926613,0.04311507488178842,False,62.62753413490453,0.25305193954213934,0.06383732686107993,-735.1178850446429
2015-05-14,55.95000076293945,56.130001068115234,55.720001220703125,56.040000915527344,41.914546966552734,11025400.0,0.0079140489918105,0.0078828971562504,0.4099998474121094,68.27588615483337,WFC,,,,11025400.0,462124646.1250305,0.7506559592134346,-3.6923157554528685,0.7914048991810585,0.9781803146751984,34.54229114075814,음봉,41.6856689453125,41.06530685424805,40.84263877868652,True,True,1,0.6678575788225442,0.04305229682817793,False,68.27588615483337,0.28384089242528887,0.07570102337740814,-716.3116455078125
2015-05-15,56.040000915527344,56.040000915527344,55.29999923706055,55.52000045776367,41.52561569213867,13323200.0,-0.0092791477556568,-0.009322467234002,0.7400016784667969,59.33962830791659,WFC,,,,13323200.0,553254082.989502,0.9125097503529151,20.840967221143902,-0.9279147755656858,1.7820366203670488,33.70060031961347,음봉,41.606388092041016,41.13388442993164,40.85918305714925,True,True,0,0.6642862047467908,0.03882629705774858,False,59.33962830791659,0.27376220314329913,0.05249786704444548,-738.5362897600446
2015-05-18,55.58000183105469,55.97999954223633,55.54999923706055,55.75,41.6976318359375,10637300.0,0.0041424104358649,0.0041338542743717,0.4300003051757812,57.55504098210016,WFC,,,,10637300.0,443550219.12841797,0.72956001477083,-20.159571274168364,0.41424104358649405,1.0312343561083999,33.845099957366045,음봉,41.64228973388672,41.19954719543457,40.875251388549806,True,True,1,0.6550004141671312,0.03876441671651676,False,57.55504098210016,0.27644233959333064,0.044142402639595846,-728.7067958286831
2015-05-19,55.900001525878906,56.70000076293945,55.88999938964844,56.400001525878906,42.18379592895508,17194100.0,0.0116592734793772,0.0115918278885209,0.8100013732910156,62.3464154330672,WFC,,,,17194100.0,725312405.5820465,1.1741934162119658,61.63970180402922,1.165927347937723,1.920171846685396,34.06037480934579,음봉,41.78140563964844,41.2924898147583,40.89607925415039,True,True,1,0.6642864772251669,0.03800055604012922,False,62.3464154330672,0.31410778140100604,0.06544627537280334,-545.1646592881945
2015-05-20,56.31999969482422,56.369998931884766,55.93000030517578,56.08000183105469,41.944454193115234,13292000.0,-0.0056737837496402,-0.0056899408040645,0.4399986267089844,62.79008673144156,WFC,,,,13292000.0,557525685.1348877,0.905256664840794,-22.694412618281856,-0.5673783749640227,1.0490031046373844,33.5109808270384,음봉,41.85320892333984,41.35897960662842,40.90957495371501,True,True,1,0.6335718972342355,0.03740008187689691,False,62.790086731441555,0.3209737023580743,0.057849756933066376,-555.8020697699652
2015-05-21,55.90999984741211,56.18000030517578,55.83000183105469,56.0099983215332,41.8921012878418,13466700.0,-0.0012481484449028,-0.0012489280309333,0.3499984741210937,61.32240634215282,WFC,,,,13466700.0,564148360.4129791,0.9187262786144247,1.3143244056575298,-0.12481484449028413,0.8354760524334753,33.29533289430472,음봉,41.84871978759766,41.41579418182373,40.92269357045492,True,True,1,0.6142858777727399,0.03734877609353376,False,61.322406342152824,0.31852394796568007,0.044320001952351695,-558.1288655598958
2015-05-22,56.040000915527344,56.22999954223633,55.9900016784668,56.0,41.884613037109375,8568800.0,-0.0001787508981936,-0.0001787668760395,0.2399978637695312,56.81147899445694,WFC,,,,8568800.0,358900872.1923828,0.5878573485925481,-36.3704545285779,-0.017875089819363588,0.5729976866609593,33.772236752878385,음봉,41.920519256591795,41.478176498413085,40.9379160563151,True,True,0,0.5949998583112445,0.03245688588691348,False,56.81147899445694,0.31237741474479463,0.03053877494097118,-558.461676703559
2015-05-26,55.970001220703125,56.0,55.459999084472656,55.65999984741211,41.63031005859375,15859100.0,-0.0060715131423159,-0.006090019724898,0.5400009155273438,53.109285160458754,WFC,,,,15859100.0,660219250.2502441,1.0834013041284098,85.07959107459622,-0.607151314231591,1.2971340227043813,33.629027851144826,음봉,41.90705490112305,41.517814826965335,40.95335750579834,True,True,0,0.5907140459333142,0.030099655804223805,False,53.109285160458754,0.28374014643453194,0.0015212053028053618,-569.7640313042535
2015-05-27,55.91999816894531,56.310001373291016,55.709999084472656,56.06999969482422,41.93698120117188,12526100.0,0.0073665351554312,0.0073395347538564,0.6000022888183594,61.386215609973775,WFC,,,,12526100.0,525306820.2239991,0.8538498992121998,-21.016325012138136,0.7366535155431286,1.430723603924054,34.32520221501867,음봉,41.85769195556641,41.55644207000732,40.964500172932944,True,True,1,0.5514286586216518,0.030071677790170743,False,61.386215609973775,0.28250546800903464,0.0002292215016341248,-606.36452076272
2015-05-28,56.11000061035156,56.29999923706055,55.88999938964844,56.209999084472656,42.04168701171875,10348700.0,0.0024967417193095,0.0024936300380032,0.4099998474121094,63.77944059974032,WFC,,,,10348700.0,435076806.3781738,0.7079002932283852,-17.382904495413577,0.2496741719309581,0.9752221581827236,33.795993424494824,음봉,41.87713851928711,41.59844779968262,40.97862612406413,True,True,1,0.5392859322684157,0.03004131168674738,False,63.77944059974032,0.28666186802801263,0.0035084972138896275,-762.2533631029182
2015-05-29,56.25,56.2599983215332,55.68000030517578,55.959999084472656,41.85469818115234,17291500.0,-0.0044477004577454,-0.0044576209038032,0.5799980163574219,48.89964635052688,WFC,,,,17291500.0,723730513.5993956,1.1772546853161816,67.08861982664489,-0.44477004577454515,1.3857417244943886,33.79577271559252,음봉,41.86965789794922,41.64447650909424,40.9974360148112,True,True,0,0.5121429988316132,0.028556590041523562,False,48.89964635052688,0.2717491399759382,-0.009123384665139012,-773.2527011410432
2015-06-01,56.2400016784668,56.4900016784668,55.79999923706055,56.040000915527344,41.914546966552734,15746200.0,0.0014299179781769,0.0014288966189887,0.69000244140625,57.3004802355937,WFC,,,,15746200.0,659994839.4447327,1.0688608392536674,-8.936760836249025,0.1429917978176931,1.646212332813386,34.36962664275604,음봉,41.87564468383789,41.69015407562256,41.01699587504069,True,True,1,0.5242859976632255,0.028525302185425032,False,57.3004802355937,0.2617381131143688,-0.015307529214106608,-769.7321859327492
2015-06-02,56.0099983215332,56.45000076293945,55.7400016784668,56.18000030517578,42.01925277709961,13148700.0,0.002498078068944,0.0024949630585391,0.7099990844726562,59.51729833648285,WFC,,,,13148700.0,552498548.9902496,0.8912072094597262,-16.49604348985787,0.24980780689440873,1.689699453341074,33.62901993484137,음봉,41.953433227539065,41.721008682250975,41.04139620463054,True,True,1,0.5292859758649554,0.028504206411241066,False,59.51729833648285,0.2592571730452775,-0.014230775421158748,-948.6237132222711
2015-06-03,56.34999847412109,57.20000076293945,56.34999847412109,56.90999984741211,42.565242767333984,16197700.0,0.0129938053189735,0.0129101100642093,0.8500022888183665,65.12690462953358,WFC,,,,16197700.0,689459032.7724457,1.0984041170492844,23.188604196612594,1.299380531897354,1.9969398353125032,34.10518928797253,음봉,42.07908554077149,41.779534339904785,41.07390594482422,True,True,1,0.5571430751255585,0.03759426969110035,True,65.12690462953358,0.2978792796372005,0.01951306493068833,-670.2498022382216
2015-06-04,56.52999877929688,56.88999938964844,55.93000030517578,56.13999938964844,41.98933029174805,17627100.0,-0.0135301113806383,-0.013622477432492,0.9599990844726562,51.07280213465955,WFC,,,,17627100.0,740150123.985672,1.1850653296983742,8.824709681004084,-1.353011138063831,2.2862929172778927,32.80788526990366,음봉,42.06861419677735,41.82515888214111,41.11390374501546,True,True,0,0.5964287349155976,0.03755326037060503,True,51.07280213465955,0.27883495434340944,0.00037499170942673077,-700.5609608210829
2015-06-05,57.040000915527344,57.220001220703125,56.400001525878906,56.61000061035156,42.34086990356445,16890300.0,0.0083721176159241,0.0083372658263137,0.8199996948242188,61.82203389830504,WFC,,,,16890300.0,715149994.9321747,1.1360251963002836,-4.179927498000236,0.8372117615924157,1.9366623706405885,35.84403589960836,음봉,42.16584854125976,41.89247379302979,41.15468413035075,True,True,1,0.6021428789411277,0.025709304552139062,False,61.82203389830504,0.28876062082211007,0.008240526548901062,-745.4041623498506
2015-06-08,56.93999862670898,56.93999862670898,56.119998931884766,56.119998931884766,41.97437286376953,14248400.0,-0.0086558693911971,-0.0086935490195177,0.8199996948242116,53.79876882732791,WFC,,,,14248400.0,598067654.3121338,0.955975461659402,-15.64152205703866,-0.8655869391197113,1.953572236768307,34.47999239598878,음봉,42.17781372070313,41.895091438293456,41.16595465342204,True,True,0,0.6299999782017299,0.025707698210274594,False,53.79876882732791,0.26402793322645124,-0.013193728835355745,-766.2278325176538
2015-06-09,56.22999954223633,56.93000030517578,56.0,56.70000076293945,42.4081916809082,14669900.0,0.0103353257604743,0.0102822814549101,0.9300003051757812,53.12514609941135,WFC,,,,14669900.0,622123931.1397552,0.9885225102424299,2.9582268886331198,1.0335325760474356,2.1929732636877777,33.962691294362706,음봉,42.255601501464845,41.93959484100342,41.18755079905192,True,True,1,0.6385713304792132,0.025680418975686483,False,53.125146099411346,0.27622822038659933,-0.000794753340067289,-741.5790660071872
2015-06-10,56.97999954223633,57.56999969482422,56.90999984741211,57.209999084472656,42.78962326049805,18622400.0,0.0089942901234707,0.0089540824094448,0.6599998474121094,61.322501911307135,WFC,,,,18622400.0,796845480.2062988,1.2521680326858418,26.942923946311836,0.899429012347075,1.5424296759850167,34.360832857412845,음봉,42.30047760009766,42.00466518402099,41.2106751759847,True,True,1,0.6542857033865792,0.03009207579257688,False,61.322501911307135,0.3130500178795046,0.028821635319403627,-600.4915715101858
2015-06-11,57.2599983215332,57.56999969482422,57.06999969482422,57.2599983215332,42.82701873779297,13943300.0,0.0008739379888265,0.0008735563273717,0.5,62.57523343530356,WFC,,,,13943300.0,597149970.3666687,0.9500417630891297,-25.126192112724468,0.0873937988826512,1.1674872889500756,33.81748648017129,음봉,42.46801528930664,42.06674423217773,41.232194391886395,True,True,1,0.6650000980922154,0.03093662391535465,False,62.57523343530356,0.3413126576171379,0.0456674200419957,-598.7192745207224
2015-06-12,57.130001068115234,57.290000915527344,56.7400016784668,57.09000015258789,42.69986724853516,13439000.0,-0.0029689549495911,-0.0029733710392844,0.5499992370605469,60.623700086296445,WFC,,,,13439000.0,573843515.9530641,0.9198115436725169,-3.616790860126373,-0.29689549495911516,1.2880584238336592,33.39710012945755,음봉,42.53981475830078,42.10601024627685,41.248375002543135,True,True,1,0.687143053327288,0.030907773926867627,False,60.623700086296445,0.349427214642823,0.04302558165140574,-604.745409709215
2015-06-15,56.650001525878906,57.06999969482422,56.47999954223633,56.97999954223633,42.61761474609375,12920600.0,-0.0019262941021025,-0.0019281517926086,0.5900001525878906,63.469701290887954,WFC,,,,12920600.0,550645153.0883789,0.8868205794788946,-3.8574298682937713,-0.19262941021025437,1.3844044442725854,32.6702052635124,음봉,42.668463134765624,42.16061019897461,41.27135670979818,True,True,0,0.6907144274030413,0.028384519900243852,False,63.469701290887954,0.34524370564175655,0.031073658118689007,-691.1317342547815
2015-06-16,56.84999847412109,57.2400016784668,56.72999954223633,57.220001220703125,42.79710388183594,10476100.0,0.0042116185246767,0.0042027744825036,0.5100021362304688,62.15642973752244,WFC,,,,10476100.0,448346739.97650146,0.7211068824018574,-18.919400027862487,0.42116185246767746,1.1916744124522995,33.39554269477705,음봉,42.746245574951175,42.21558380126953,41.29113903045654,True,True,1,0.6842858450753349,0.028347557263041584,False,62.15642973752244,0.3523440171901342,0.030539175732409163,-681.6349515190169
2015-06-17,57.310001373291016,57.54999923706055,57.09999847412109,57.16999816894531,42.75971221923828,17497700.0,-0.0008736960963736,-0.0008740779912643,0.4500007629394602,60.34495266821138,WFC,,,,17497700.0,748196616.4985657,1.207730954263544,67.02494248813966,-0.08736960963736662,1.0523942739188914,33.9109336265501,음봉,42.74026336669922,42.24437961578369,41.31314595540365,True,True,1,0.6871430533272884,0.02832823419549271,False,60.34495266821138,0.3509096291294753,0.023283830136641315,-683.6133470043516
2015-06-18,57.290000915527344,57.84000015258789,57.18999862670898,57.70000076293945,43.15612411499024,18299900.0,0.0092706867090093,0.0092279776515852,0.6500015258789134,67.68320432241029,WFC,,,,18299900.0,789752755.6919099,1.2583322537018626,4.584602547763428,0.9270686709009324,1.5061628892969465,33.98125932604301,음봉,42.80608444213867,42.30496311187744,41.347084045410156,True,True,1,0.692143304007395,0.036067022499497406,False,67.68320432241029,0.37739864050674754,0.039818273210092625,-599.2327003353299
2015-06-19,57.41999816894531,57.56999969482422,57.04999923706055,57.04999923706055,42.66996383666992,36241100.0,-0.0112651515466248,-0.0113290839586468,0.5200004577636719,59.19860795502049,WFC,,,,36241100.0,1546406426.4011383,2.4657494436054366,98.03987999934425,-1.1265151546624885,1.2186568982202683,33.05179588405282,음봉,42.800103759765626,42.343856239318846,41.38294874827067,True,True,0,0.6800003051757822,0.036033894687647276,False,59.19860795502049,0.3550810173989234,0.01400052008152275,-622.383206600521
2015-06-22,57.58000183105469,58.040000915527344,57.52999877929688,57.90999984741211,43.31319046020508,15111200.0,0.0150744590737705,0.0149619684965033,0.5100021362304616,63.92927892559943,WFC,,,,15111200.0,654514283.682251,1.0296456158012466,-58.30369387242661,1.5074459073770585,1.177475339063367,34.94270126746933,음봉,42.93921890258789,42.41528511047363,41.430028978983565,True,True,1,0.6657148088727683,0.03967627229731325,False,63.92927892559943,0.3848458511714483,0.03501228308265386,-597.952900253831
2015-06-23,58.0,58.2599983215332,57.7599983215332,57.88999938964844,43.298221588134766,13354200.0,-0.0003455961546878,-0.0003456558868014,0.5,58.90911080447488,WFC,,,,13354200.0,578213110.7322693,0.9104917609122377,-11.627137487426541,-0.03455961546878772,1.1547818401322458,33.90839922837996,음봉,43.039442443847655,42.498680686950685,41.481564903259276,True,True,1,0.6407146453857422,0.034318530727956806,False,58.90911080447488,0.4025861186547388,0.04220204045219211,-542.136887171637
2015-06-24,57.66999816894531,58.150001525878906,57.540000915527344,57.540000915527344,43.03644561767578,16166600.0,-0.0060458827373806,-0.0060642330865084,0.6100006103515625,63.77960661393001,WFC,,,,16166600.0,695753001.7227173,1.1013443160396512,21.060041035779008,-0.6045882737380603,1.4174047173194644,33.192533211915844,음봉,43.09478912353516,42.55365390777588,41.52068951924642,True,True,0,0.6157147543770927,0.03427419610578328,False,63.77960661393001,0.3910198144660342,0.02450858901052816,-573.6090269982868
2015-06-25,57.75,57.790000915527344,57.130001068115234,57.16999816894531,42.75971221923828,14053600.0,-0.006430210359283,-0.0064509732161318,0.6599998474121094,55.62249016549416,WFC,,,,14053600.0,600927891.6442871,0.9584177184838851,-13.0701569903381,-0.643021035928304,1.5435086280004588,34.18859102128341,음봉,43.015506744384766,42.589555168151854,41.559783426920575,True,True,0,0.6042861938476562,0.03424530435442047,False,55.622490165494156,0.3554311268865433,-0.008864078855094437,-585.8538767311734
2015-06-26,57.34000015258789,57.58000183105469,57.290000915527344,57.43999862670898,42.9616584777832,16975900.0,0.0047228161291053,0.0047116986232261,0.2900009155273437,63.86577132307475,WFC,,,,16975900.0,729312818.1529999,1.1534957559366141,20.793960266408607,0.47228161291053006,0.6750226266923847,34.09819004064696,음봉,43.07384567260742,42.6449031829834,41.607938575744626,True,True,0,0.5664291381835943,0.03279743625283794,False,63.86577132307475,0.3396039631772112,-0.019752994051406236,-576.9181949379267
2015-06-29,56.79999923706055,57.18999862670898,56.0099983215332,56.060001373291016,41.929500579833984,19289700.0,-0.02402509434041,-0.0243184043139431,1.180000305175774,44.244416231548,WFC,,,,19289700.0,808807487.3348236,1.3000832202280679,13.629910638022146,-2.4025094340410003,2.814248414261571,32.210909098012536,음봉,42.7971076965332,42.64565086364746,41.63356704711914,True,True,0,0.5842862810407367,0.03244621320929577,True,44.244416231547994,0.24101226000974663,-0.09467575777457893,-625.7998996310764
2015-06-30,56.540000915527344,56.880001068115234,55.9900016784668,56.2400016784668,42.06412506103516,17346700.0,0.0032107341928591,0.0032055907922845,0.8899993896484375,40.7265280249654,WFC,,,,17346700.0,729673758.1962587,1.1640974352921827,-10.072733116637378,0.32107341928591104,2.115815765470091,34.845395565527646,음봉,42.550288391113284,42.64789447784424,41.665029780069986,False,True,0,0.6007148197719029,0.03244450628365549,True,40.7265280249654,0.17175890152032736,-0.13114329301062483,-613.4756480793724
2015-07-01,57.09000015258789,57.20000076293945,56.61000061035156,56.90999984741211,42.565242767333984,12165300.0,0.0119131850614198,0.0118427816730552,0.5900001525878906,47.00855371508135,WFC,,,,12165300.0,517818947.8374481,0.8192404931772529,-29.869658205883542,1.1913185061419806,1.3861078058755412,35.72135416997296,음봉,42.45604782104492,42.64789447784424,41.705587514241536,False,True,0,0.6071434020996094,0.03244450628365549,False,47.00855371508135,0.15551177095140645,-0.11791233886322394,-591.3999455522581
2015-07-02,56.84000015258789,57.13999938964844,56.52000045776367,56.7400016784668,42.43809509277344,10106800.0,-0.0029871243835152,-0.0029915947441248,0.6199989318847656,47.00859469949932,WFC,,,,10106800.0,428913339.4836426,0.6830929955247443,-16.921078806112465,-0.2987124383515227,1.4609490141567216,33.53618223977062,음봉,42.39172439575195,42.670332717895505,41.74427375793457,False,True,0,0.6121433803013393,0.03242744530536056,False,47.00859469949932,0.13086904465998117,-0.11404405212340007,-597.0011729791318
2015-07-06,56.09999847412109,56.52999877929688,56.0099983215332,56.43999862670898,42.21372604370117,11682100.0,-0.0052869726735325,-0.0053009981703451,0.520000457763679,45.52975281213876,WFC,,,,11682100.0,493144969.01512146,0.7888052954835445,15.586535797680767,-0.5286972673532508,1.2318279064618833,32.192546228763376,음봉,42.24213790893555,42.66397552490234,41.77686805725098,False,True,0,0.6071434020996099,0.032432277192814676,False,45.52975281213876,0.09217486835413524,-0.12219058274312311,-606.8852866740832
2015-07-07,56.31999969482422,56.470001220703125,55.08000183105469,56.25,42.07160568237305,15831800.0,-0.003366686020111,-0.0033723660596797,1.3899993896484375,41.903196829140605,WFC,,,,15831800.0,666069246.8421936,1.0633303041920275,35.52186678764948,-0.33666860201110316,3.30388956424074,33.41631969781517,음봉,42.27055892944336,42.66883716583252,41.805484008789065,False,True,0,0.670000348772322,0.032428581894401766,True,41.903196829140605,0.04947279423287654,-0.1319141254912691,-409.06951273786404
2015-07-08,55.84000015258789,56.16999816894531,55.209999084472656,55.25,41.32366943359375,12906600.0,-0.017777696777869,-0.0179376182207002,0.9599990844726562,36.16714803301222,WFC,,,,12906600.0,533348071.9116211,0.8640263952756282,-18.47673669450094,-1.7777696777869,2.3231215853552265,32.72609696468861,음봉,42.122467803955075,42.614611053466795,41.81829128265381,False,False,0,0.7064288003104073,0.04668635891373403,False,36.16714803301222,-0.044204074896782686,-0.18047279569648397,-432.5895465183652
2015-07-09,56.060001373291016,56.150001525878906,55.43999862670898,55.5,41.51065444946289,13623200.0,0.0045248889663493,0.0045146824336402,0.710002899169929,33.483431739686424,WFC,,,,13623200.0,565507947.6959229,0.9087698466775368,5.5521981001968035,0.4524888966349394,1.7104112392020254,35.66075361090146,음봉,41.91155014038086,42.55066261291504,41.83916772206624,False,False,0,0.710714612688337,0.046756522799893264,False,33.483431739686424,-0.10217928285049993,-0.19075840291994223,-426.70950808344844
2015-07-10,56.33000183105469,56.459999084472656,55.86000061035156,56.08000183105469,41.944454193115234,13269600.0,0.0104503229208412,0.0103960957632868,0.5999984741210938,42.64026177864597,WFC,,,,13269600.0,556586129.3609619,0.8816922555426862,-2.595572259087442,1.0450322920841248,1.4304596058364674,35.70010537808697,음봉,41.81282196044922,42.50653438568115,41.8595973332723,False,True,0,0.7164287567138672,0.04680506315945444,False,42.64026177864597,-0.11183548343822736,-0.16033168280598864,-413.0679916556404
2015-07-13,56.560001373291016,56.7599983215332,56.41999816894531,56.7400016784668,42.43809509277344,15521800.0,0.0117689193757402,0.0117002042537978,0.3400001525878906,40.844987233322506,WFC,,,,15521800.0,658715624.4110107,1.0306970353399885,16.972629167420262,1.1768919375740206,0.8011673281861972,34.84500504616121,음봉,41.857695770263675,42.493445777893065,41.88825429280599,False,True,0,0.704285757882255,0.04681947980896299,False,40.844987233322506,-0.07875146503235442,-0.10179813152001786,-397.5446757923603
2015-07-14,56.459999084472656,57.369998931884766,56.38999938964844,57.25,42.81954574584961,20066300.0,0.0089884018649348,0.0089482466224886,0.979999542236328,45.348873413386194,WFC,,,,20066300.0,859229850.799942,1.3455471124118612,29.27817650014819,0.8988401864934881,2.288673373727504,33.04084210435481,음봉,42.007283782958986,42.50354232788086,41.9326789855957,False,True,0,0.7385714394705641,0.04680835802493269,False,45.348873413386194,-0.02150714664160347,-0.0356430505033926,-399.3634300965976
2015-07-15,57.40999984741211,58.15999984741211,57.2599983215332,57.77999877929688,43.21595764160156,17159400.0,0.0092577323940989,0.0092151422465566,0.9000015258789062,51.69978240704619,WFC,,,,17159400.0,741559903.5552979,1.1503070167691405,-14.48647732765881,0.9257732394098994,2.082567586128244,34.07428511307062,음봉,42.38574142456055,42.52448501586914,41.97987200419108,False,True,0,0.7592857905796601,0.04678530559203446,False,51.69978240704619,0.05520738998252028,0.03285718889656949,-385.19648799917763
2015-07-16,58.2400016784668,58.34999847412109,57.97999954223633,58.16999816894531,43.50765228271485,13194500.0,0.0067496974967526,0.0067270202743405,0.3699989318847585,57.06216439339044,WFC,,,,13194500.0,574061718.0442811,0.8868244946241859,-23.106285767567634,0.6749697496752693,0.8504226554916993,34.76503786277881,음봉,42.78514099121094,42.56188201904297,42.03291714986165,True,True,1,0.7385714394705636,0.051313117407353996,False,57.06216439339044,0.13794944013177002,0.09247939123662063,-353.8948449038164
2015-07-17,57.970001220703125,58.04999923706055,57.4900016784668,57.93999862670898,43.33561706542969,12963900.0,-0.0039541369910578,-0.0039619752599453,0.55999755859375,53.55103211798448,WFC,,,,12963900.0,561798606.0745239,0.8756280613720158,-1.747697904429879,-0.3954136991057844,1.2922339556126439,33.24093160442495,음봉,43.06337356567383,42.57085666656494,42.07826646169027,True,True,1,0.757856913975307,0.051302299745271424,False,53.551032117984484,0.18748105970284,0.11360880864611836,-359.1558661238211
2015-07-20,57.9900016784668,58.290000915527344,57.880001068115234,58.04999923706055,43.41790771484375,10084900.0,0.0018989149107953,0.0018971142510488,0.4099998474121094,67.2444014266583,WFC,,,,10084900.0,437865257.51342773,0.6835462280887671,-22.207823263061265,0.18989149107953018,0.9443104677103966,33.81602848970949,음봉,43.25933609008789,42.60825386047363,42.12263476053874,True,True,1,0.7028568812779022,0.051257271801675844,False,67.2444014266583,0.23071535022017997,0.12547447933073647,-356.63932991915715
2015-07-21,58.02000045776367,58.369998931884766,57.75,57.95000076293945,43.34310150146485,12504300.0,-0.0017229345520333,-0.0017244205108203,0.6199989318847656,65.02625412993868,WFC,,,,12504300.0,541975144.104767,0.8461201038710404,23.990322164820665,-0.17229345520333172,1.4304443161821536,33.631497949699096,음봉,43.36404724121094,42.60974941253662,42.16773700714111,True,True,0,0.6835711342947829,0.051255472731753036,False,65.02625412993868,0.2559920020567148,0.12060090493379383,-356.74500523506765
2015-07-22,58.06999969482422,58.59000015258789,57.9900016784668,58.52000045776367,43.76942443847656,14871100.0,0.0098360043984693,0.0097879457867231,0.5999984741210938,64.40060326980996,WFC,,,,14871100.0,650899487.7670288,1.004861819598381,18.92788880625065,0.9836004398469322,1.370816458791838,33.97749049606348,음봉,43.47474060058594,42.633309555053714,42.21660168965658,True,True,1,0.6842853001185831,0.057367233048715896,False,64.40060326980996,0.3068850433311212,0.13719515696653908,-322.2388262464339
2015-07-23,58.72999954223633,58.77000045776367,58.06999969482422,58.209999084472656,43.53757095336914,13582200.0,-0.0052971563615903,-0.0053112360378584,0.7000007629394531,62.82721021829591,WFC,,,,13582200.0,591335996.2028503,0.9188289807862546,-8.667146344251597,-0.5297156361590338,1.607808491863701,34.180424567356916,음봉,43.4807243347168,42.65836582183838,42.256153933207194,True,True,1,0.6899997166224894,0.05733353722684662,False,62.82721021829591,0.3247667283560389,0.1240614735931502,-312.8031212298837
2015-07-24,58.18000030517578,58.34000015258789,57.70000076293945,57.77999877929688,43.21595764160156,13157300.0,-0.007387029288153,-0.0074144485034884,0.6399993896484375,61.43327005910526,WFC,,,,13157300.0,568605319.4778442,0.8921067415730337,-3.128359175980322,-0.7387029288153046,1.4809330269991432,33.631709420558614,음봉,43.45679244995117,42.68117809295654,42.28972702026367,True,True,0,0.6985710688999721,0.05730289355078563,False,61.43327005910526,0.30942100435315467,0.08697259967220422,-321.51893238058904
2015-07-27,57.47999954223633,57.84000015258789,57.34000015258789,57.59000015258789,43.073848724365234,15495300.0,-0.0032883435886083,-0.0032937620722046,0.5,61.433430464313936,WFC,,,,15495300.0,667442208.1386566,1.0555804917999283,17.76960318606402,-0.32883435886083,1.1607971305270641,33.006423272924486,음봉,43.38798065185547,42.686787605285645,42.3253890991211,True,True,0,0.6349996839250837,0.05729536332174055,False,61.433430464313936,0.2825360067184519,0.0480700816299974,-340.9029684976849
2015-07-28,57.72999954223633,57.84000015258789,57.15999984741211,57.400001525878906,42.93174743652344,16730600.0,-0.0032990153434191,-0.0033044690925085,0.6800003051757812,71.28712071326711,WFC,,,,16730600.0,718273893.661499,1.1351878266271422,7.972094764218829,-0.32990153434191427,1.583910149898261,34.025635627913296,음봉,43.30570983886719,42.73689994812012,42.35756829579671,True,True,0,0.6149997711181641,0.057228180047027365,False,71.28712071326711,0.24691722835937924,0.009961042616739135,-375.6229523220372
2015-07-29,57.59999847412109,58.130001068115234,57.41999816894531,57.959999084472656,43.35059356689453,13718400.0,0.0097560932265889,0.0097088098344523,0.7100028991699219,72.94774432906505,WFC,,,,13718400.0,594700782.7880859,0.9352653901597818,-18.004136133790784,0.9756093226588991,1.637815865368285,34.1664430484348,음봉,43.22194366455078,42.80122337341309,42.3900421778361,True,True,1,0.6149997711181635,0.057142175202451025,False,72.94774432906505,0.24960783193829172,0.010121316956520798,-429.87655324386924
2015-07-30,57.84999847412109,58.18999862670898,57.720001220703125,58.150001525878906,43.4926986694336,9864800.0,0.003278042832788,0.0032726817630639,0.4699974060058522,70.82495692499361,WFC,,,,9864800.0,429046773.8342286,0.6774638827399443,-28.09073944483321,0.3278042832788097,1.0806351879382539,33.44684285545582,음봉,43.21296920776367,42.847596168518066,42.425008328755695,True,True,1,0.6057139805385034,0.05708033177085933,False,70.82495692499361,0.26020691518647254,0.01657632016376062,-541.903148406082
2015-07-31,58.22999954223633,58.25,57.790000915527344,57.869998931884766,43.28326797485352,12369800.0,-0.0048153069592635,-0.0048269379025489,0.4599990844726562,62.30928297844687,WFC,,,,12369800.0,535405368.1953431,0.8492163547432537,25.393317654691437,-0.48153069592635767,1.0627642181267458,33.88453998868553,음봉,43.22643127441407,42.88985481262207,42.461782137552895,True,True,1,0.6142853328159867,0.057024091491283166,False,62.30928297844687,0.24883953384755841,0.004167151059877028,-550.7027534728953
2015-08-03,58.06999969482422,58.06999969482422,57.5,57.90999984741211,43.31319046020508,13085900.0,0.0006913176095886,0.0006910787596444,0.5699996948242188,58.00970032482966,WFC,,,,13085900.0,566792079.0431976,0.8953497212009158,5.789099257869967,0.06913176095886264,1.3159956326651072,34.16269706936503,음봉,43.27429962158204,42.944828033447266,42.50042578379313,True,True,1,0.5849996294294074,0.056951095553996724,False,58.00970032482966,0.2394845822962992,-0.004150240393105631,-860.0499464520959
2015-08-04,57.77000045776367,58.15999984741211,57.709999084472656,57.81999969482422,43.24586868286133,12324700.0,-0.0015543019719501,-0.0015555111523769,0.4500007629394531,50.5433524729779,WFC,,,,12324700.0,532992357.755661,0.8476343278889535,-5.816948012746548,-0.15543019719501672,1.0405635882573725,33.37738421934329,음봉,43.33712387084962,43.00354118347168,42.52248992919922,True,True,0,0.5528567177908751,0.05687333967331121,False,50.5433524729779,0.2240557804332184,-0.015663233804948856,-864.2314217205463
2015-08-05,57.810001373291016,58.02000045776367,57.47999954223633,57.650001525878906,43.40021133422852,12032500.0,0.003568957129733,0.0035626035149344,0.5400009155273438,47.94575899336721,WFC,,,,12032500.0,522213042.8791047,0.8308380526288677,-2.3708487833375202,0.35689571297330414,1.2442356821001475,33.67751217401621,음봉,43.347047424316415,43.107368278503415,42.55385805765788,True,True,1,0.5649997166224884,0.05239869839467943,False,47.94575899336721,0.2217262475549191,-0.014394213346598295,-854.6449252698715
2015-08-06,57.650001525878906,57.95000076293945,57.40999984741211,57.52999877929688,43.30986022949219,12556600.0,-0.0020818125524904,-0.0020839825364318,0.5400009155273438,49.49165813407215,WFC,,,,12556600.0,543824590.9576416,0.869090579501166,4.3557033035528825,-0.2081812552490403,1.246831351258035,32.833458072154535,음봉,43.310479736328126,43.19732856750488,42.58421878814697,True,True,0,0.5635713849748879,0.04224729412397411,False,49.49165813407215,0.21016699150010254,-0.020762775521131593,-860.2567930018103
2015-08-07,57.56999969482422,57.86000061035156,57.040000915527344,57.470001220703125,43.264686584472656,13596200.0,-0.0010430337290437,-0.0010435780672654,0.8199996948242188,46.93103500970369,WFC,,,,13596200.0,588235331.7398071,0.9450752100864442,8.279311278530809,-0.10430337290437963,1.8953094534111568,32.925849655874615,음봉,43.30676345825195,43.26334018707276,42.612206268310544,True,True,0,0.5928570883614671,0.030772689763351443,False,46.93103500970369,0.1951120087622229,-0.028654206607208688,-796.2611546849125
2015-08-10,57.79999923706055,57.97999954223633,57.68000030517578,57.93999862670898,43.61851119995117,12397500.0,0.0081781388797925,0.0081448791142989,0.2999992370605469,54.96176805725637,WFC,,,,12397500.0,540760492.6013947,0.8622523588108233,-8.816434003618657,0.8178138879792574,0.687779634855769,33.59625089207163,음봉,43.367827606201175,43.32236099243164,42.64060567220052,True,True,1,0.5699999673025944,0.02192582931463259,False,54.961768057256364,0.2093180244401296,-0.011558552743441475,-775.8088593611152
2015-08-11,57.22999954223633,57.54999923706055,56.97999954223633,57.209999084472656,43.068946838378906,15425500.0,-0.0125993379061705,-0.0126793826149322,0.5699996948242188,37.91679827332076,WFC,,,,15425500.0,664360039.4554138,1.0684637950639018,24.424279088525914,-1.2599337906170516,1.3234586324184037,31.20576096668882,음봉,43.33244323730469,43.3348310470581,42.66632785797119,False,True,0,0.5678571973528176,0.019330339630111305,False,37.91679827332076,0.1742236524955132,-0.03732233975044602,-777.1533848494794
2015-08-12,56.900001525878906,56.95000076293945,56.20000076293945,56.720001220703125,42.7000846862793,21663200.0,-0.0085644572058798,-0.0086013429246013,0.75,36.2054448851156,WFC,,,,21663200.0,925020474.5758057,1.483859386771185,40.437587112249204,-0.8564457205879838,1.756436797515288,32.113751792916126,음봉,43.19241790771484,43.309037399291995,42.683035405476886,False,True,0,0.571428571428571,0.024690914793103827,False,36.205444885115604,0.1153182362210714,-0.07698220481990983,-630.8373797656991
2015-08-13,56.75,57.130001068115234,56.630001068115234,56.88999938964844,42.82804870605469,11868600.0,0.0029968095078862,0.0029923280254733,0.5,43.17522872728838,WFC,,,,11868600.0,508308978.87268066,0.8122162363559634,-45.21308024668562,0.2996809507886278,1.167459212143172,32.90371767865679,음봉,43.096055603027345,43.27505722045898,42.69377295176188,False,True,0,0.5614286150251111,0.024710302443961135,False,43.17522872728838,0.07806089351993961,-0.0913916380168329,-652.2905869983904
2015-08-14,56.88999938964844,57.369998931884766,56.81999969482422,57.33000183105469,43.15931701660156,9742500.0,0.0077348448167811,0.0077050842682498,0.5499992370605469,51.40986610519532,WFC,,,,9742500.0,420479646.0342407,0.6693219883931955,-17.91365451696072,0.7734844816781106,1.2743464796928679,32.83350773252899,음봉,43.074981689453125,43.26624221801758,42.71402066548665,False,True,0,0.5649999891008645,0.024715336885715374,False,51.40986610519532,0.07440664303741329,-0.0760367107994871,-636.1311512016301
2015-08-17,57.02000045776367,57.5,56.93000030517578,57.34999847412109,43.174354553222656,11462500.0,0.0003484192443385,0.0003483585604488,0.5699996948242188,54.17709879543393,WFC,,,,11462500.0,494886039.0663147,0.7867801433584757,17.654606107261994,0.03484192443385936,1.3202274839373884,32.11515936600779,음봉,42.98615036010742,43.25406455993652,42.735391553243,False,True,0,0.5571428026471814,0.024722295189519062,False,54.17709879543393,0.07189524432251915,-0.06283848761150482,-635.3976125568715
2015-08-18,57.40999984741211,57.720001220703125,57.27000045776367,57.540000915527344,43.31739044189453,10581500.0,0.0033129826757583,0.0033075068395539,0.4500007629394531,49.36833060461444,WFC,,,,10581500.0,458362966.960907,0.7315794406307806,-7.685932388222461,0.33129826757583025,1.0388455037315307,32.972456546259735,음봉,43.03583908081055,43.25277900695801,42.759271176656085,False,True,0,0.5385712214878622,0.02472302998207913,False,49.368330604614435,0.08051842322358738,-0.04337224696834917,-628.4202495371189
2015-08-19,57.27999877929688,57.54999923706055,56.95000076293945,57.060001373291016,42.95604705810547,13744600.0,-0.0083417625139207,-0.0083767497206796,0.5999984741210938,40.57660361181063,WFC,,,,13744600.0,590413684.3948364,0.9497968034801723,29.89273732457591,-0.8341762513920714,1.396773016170441,32.23326288810412,음봉,43.087031555175784,43.212110137939455,42.78136679331462,False,True,0,0.5478570120675224,0.021253914949770365,False,40.576603611810626,0.05753212300968613,-0.05308683774580024,-646.0467626233961
2015-08-20,56.459999084472656,56.58000183105469,56.11000061035156,56.119998931884766,42.24837112426758,20857700.0,-0.0164744193729147,-0.0166116317026748,0.470001220703125,34.53387028363191,WFC,,,,20857700.0,881203850.3986359,1.4297443067448616,51.751960770047866,-1.6474419372914717,1.1124718141693162,31.436672951076623,음봉,42.97109603881836,43.147650146484374,42.78655662536621,False,False,0,0.5485714503696987,0.031754685852694836,False,34.53387028363191,-0.017584862836748982,-0.10256305887378815,-676.1772997515794
2015-08-21,55.33000183105469,55.77999877929688,53.959999084472656,53.970001220703125,40.62979888916016,31954400.0,-0.0383108790241075,-0.0390640396122933,1.8199996948242256,22.80899910089404,WFC,,,,31954400.0,1298300845.6237795,2.1360446051782174,53.20193501680435,-3.831087902410757,4.479470104662007,30.963633292060784,음봉,42.46519241333008,43.01834220886231,42.7630251566569,False,False,0,0.6378571646554134,0.06947530186728806,True,22.80899910089404,-0.20535231447317415,-0.2322644084081704,-317.385661282192
2015-08-24,49.20000076293945,53.2400016784668,47.75,51.25,38.5821418762207,40198100.0,-0.050397911604868,-0.0517122364524375,5.490001678466797,16.276591049519013,WFC,,,,40198100.0,1550928797.3545074,2.619460534843699,25.798325113286435,-5.039791160486806,14.229385439719314,21.093389847090233,음봉,41.546749877929685,42.793756866455084,42.708482551574704,False,False,0,0.9978572300502238,0.11768934752438966,True,16.276591049519013,-0.5134676168894075,-0.4323037686595226,-89.26833218248589
2015-08-25,53.54999923706055,53.650001525878906,50.0,50.02000045776367,37.65616989135742,31041800.0,-0.0240000150285587,-0.0242927079671581,3.650001525878906,12.634558825718956,WFC,,,,31041800.0,1168915294.5335388,1.984789360265492,-22.777942241051196,-2.400001502855875,9.692970730718498,38.794780779303935,음봉,40.41450576782226,42.52997798919678,42.63750960032145,False,False,0,1.220000130789621,0.14019149763275845,True,12.634558825718955,-0.8228830213296519,-0.5933753384798132,-98.66892043316766
2015-08-26,51.560001373291016,52.40999984741211,50.58000183105469,52.29999923706055,39.37260437011719,30235800.0,0.0455817594755889,0.0445734381447112,1.8299980163574217,28.860111437637272,WFC,,,,30235800.0,1190462191.2139893,1.8950062942860775,-2.5964989143670847,4.558175947558896,4.64789679431606,36.92311650932057,음봉,39.69781723022461,42.33107852935792,42.59339879353841,False,False,0,1.3121427808489123,0.1408502101938811,False,28.860111437637272,-0.9190024672547281,-0.5515958275239112,-81.89047902979155
2015-08-27,53.43999862670898,54.09999847412109,52.880001068115234,54.02999877929688,40.67499542236328,26452500.0,0.0330786107010634,0.0325432866622844,1.2199974060058525,37.74934512505242,WFC,,,,26452500.0,1075955316.4100647,1.6429178286491246,-12.512650566546945,3.307861070106344,2.99937933203821,35.728889367726424,음봉,39.38314208984375,42.1901933670044,42.56189467112223,False,False,0,1.3407140459333147,0.1413205494634378,False,37.74934512505242,-0.8799431008727296,-0.4100291689135301,-69.15938313023705
2015-08-28,53.75,53.93000030517578,53.040000915527344,53.540000915527344,40.306114196777344,18342200.0,-0.0090689924302517,-0.0091103660769273,0.8899993896484375,34.352841112839016,WFC,,,,18342200.0,739302807.8201294,1.1362934267259182,-30.659862016822604,-0.9068992430251721,2.2081002036152544,32.145067115233225,음봉,39.31840515136719,42.041335678100594,42.533841069539385,False,False,0,1.3828569139753069,0.1418209296261618,False,34.352841112839016,-0.868739395069781,-0.31906037048846503,-74.66283743040188
2015-08-31,53.400001525878906,53.560001373291016,53.060001373291016,53.33000183105469,40.14801406860352,13842200.0,-0.0039224849957494,-0.0039301981163603,0.5,35.67214366309457,WFC,,,,13842200.0,555736840.3404237,0.8569354881978334,-24.533589209582274,-0.3922484995749431,1.2453916130088465,32.48610686005667,음봉,39.63157958984375,41.88307685852051,42.49729347229004,False,False,0,1.377856935773577,0.14235681224505828,False,35.67214366309457,-0.8626732815220421,-0.2503954055525809,-76.24859579365582
2015-09-01,52.11000061035156,52.31999969482422,50.52999877929688,50.9900016784668,38.38640594482422,28031700.0,-0.0438778396552599,-0.0448695913068757,1.7900009155273366,31.38399537729839,WFC,,,,28031700.0,1076036215.523529,1.7154231657691117,102.50899423502045,-4.387783965525993,4.663111514269517,29.794715428035406,음봉,39.77762680053711,41.64010372161866,42.43749402364095,False,False,0,1.4521427154541011,0.14318747495093845,False,31.38399537729839,-0.9886158674609433,-0.30107039319318574,-93.91768213359781
2015-09-02,52.4900016784668,52.4900016784668,51.27000045776367,51.9900016784668,39.13922882080078,20919600.0,0.0196117051713216,0.0194218736141088,1.220001220703125,34.89525733929649,WFC,,,,20919600.0,818777011.239624,1.2761110267644125,-25.371632829974633,1.9611705171321603,3.117080375520194,36.74112068192781,음봉,39.73095169067383,41.42705459594727,42.38301130930583,False,False,0,1.5035713740757528,0.14392385282387501,False,34.89525733929649,-1.0159686323313295,-0.2627385264508575,-86.36680165413212
2015-09-03,52.38999938964844,53.0,52.220001220703125,52.43000030517578,39.4704704284668,15719000.0,0.0084631613254979,0.0084275495600288,0.779998779296875,34.89511496631815,WFC,,,,15719000.0,620436324.6650696,0.9599593099322792,-24.8599399606111,0.8463161325497959,1.976157798044196,33.85547178130769,음봉,39.490046691894534,41.235085105896,42.32769209543864,False,False,0,1.519999912806919,0.14459388875473,False,34.89511496631815,-0.9993971665386852,-0.19693364852657036,-83.0444188345776
2015-09-04,51.79999923706055,51.81999969482422,50.7599983215332,51.290000915527344,38.61225128173828,22303800.0,-0.0217433219673397,-0.0219831914056795,1.0600013732910156,32.52597299369728,WFC,,,,22303800.0,861199930.1376343,1.3515393756699916,41.890705515618045,-2.1743321967339746,2.745246231711811,31.237349529286274,음봉,39.15127410888672,41.00246334075928,42.25744597117106,False,False,0,1.5550000326974047,0.14541422204423438,False,32.52597299369728,-1.0434862680227894,-0.19281820000853966,-91.65243329445939
2015-09-08,52.650001525878906,52.97999954223633,51.97999954223633,52.93000030517578,39.84688186645508,19685400.0,0.031975099708851,0.0314745385791837,1.0,37.73286075534272,WFC,,,,19685400.0,784401808.2939148,1.1871456550081654,-11.739703548274283,3.197509970885104,2.5096066571819904,36.35568965329872,음봉,39.09104766845703,40.81388187408447,42.20989621480306,False,False,0,1.5942856924874438,0.1387082112895467,False,37.73286075534272,-0.9676488131287186,-0.09358459609157499,-80.64406886541164
2015-09-09,53.61000061035156,53.70000076293945,52.02000045776367,52.18999862670898,39.289794921875,16221500.0,-0.0139806910474733,-0.0140793414550955,1.6800003051757812,37.21784691728972,WFC,,,,16221500.0,637339408.3251953,0.980505493233971,-17.59628963597387,-1.3980691047473348,4.275920270177902,34.54001442326885,음봉,39.271725463867185,40.62492427825928,42.15443255106608,False,False,0,1.6714286804199214,0.13935338098751246,False,37.21784691728972,-0.941644461491471,-0.05406419556346176,-95.81204217162073
2015-09-10,52.06999969482422,52.86000061035156,51.79999923706055,52.560001373291016,39.56834411621094,17996200.0,0.0070896067258638,0.0070645936165892,1.0600013732910156,40.368045876724125,WFC,,,,17996200.0,712079834.3841553,1.0835634400750818,10.940418580279253,0.7089606725863895,2.678912643343947,32.52805161839546,음봉,39.357548522949216,40.46833724975586,42.100619888305665,False,False,0,1.7135715484619136,0.13989259098040313,False,40.368045876724125,-0.8883193221966437,-0.0005912450149075932,-101.88863172536446
2015-09-11,52.34000015258789,52.65999984741211,52.02999877929688,52.619998931884766,39.61350631713867,12549400.0,0.0011413720219146,0.0011407211520777,0.6300010681152273,45.88170587946132,WFC,,,,12549400.0,497125736.17630005,0.7562508824066199,-30.26638957113168,0.11413720219146661,1.5903693630943725,32.27745896787344,음봉,39.386155700683595,40.30761013031006,42.04818312327067,False,False,0,1.628571646554128,0.14045041450572254,False,45.88170587946132,-0.8328143960187475,0.04393094493039085,-128.13378957524102
2015-09-14,52.630001068115234,52.880001068115234,52.40999984741211,52.77000045776367,39.72643280029297,16225600.0,0.0028507065809884,0.002846651022626,0.470001220703125,55.49926980482541,WFC,,,,16225600.0,644585208.0444336,0.9747043456089366,29.293830780754448,0.28507065809884047,1.1830944476335135,32.85872915860774,음봉,39.60899200439453,40.13596591949463,41.99102160135905,False,False,0,1.2700001852852942,0.14105106033557227,False,55.49926980482541,-0.770828514292063,0.08473346132566029,-250.57490300430825
2015-09-15,53.040000915527344,53.790000915527344,52.81999969482422,53.470001220703125,40.25339889526367,14305500.0,0.0132648732298665,0.0131776651551558,0.970001220703125,62.97962906194858,WFC,,,,14305500.0,575844997.8961945,0.8562336139288682,-11.833768859086879,1.326487322986658,2.409737431681224,33.5131225654275,음봉,39.69029541015625,39.98991813659668,41.950745519002275,False,False,0,1.0785715920584527,0.14156619503945062,False,62.97962906194858,-0.671442651506645,0.14729545928886256,-287.8599653364748
2015-09-16,53.52000045776367,53.88999938964844,52.900001525878906,53.720001220703125,40.44160461425781,15218500.0,0.0046755236615878,0.0046646273516025,0.9899978637695312,56.30545330177216,WFC,,,,15218500.0,615460559.8220825,0.9128564867128328,6.382160707420215,0.4675523661587855,2.447968801466657,32.95771767501846,음봉,39.920657348632815,39.84612884521484,41.90288575490316,True,False,0,1.0185715811593177,0.13300858377825864,False,56.305453301772154,-0.5709109469959515,0.19826173103964495,-282.5880960064297
2015-09-17,53.70000076293945,53.90999984741211,52.02999877929688,52.209999084472656,39.30485153198242,25025800.0,-0.0281085059091503,-0.0285111123467441,1.8800010681152275,41.75719769277268,WFC,,,,25025800.0,983635353.4690857,1.4915792784887667,64.44327627558563,-2.810850590915037,4.783127259965522,32.784050670450775,음봉,39.86795883178711,39.66356906890869,41.83632958730062,True,False,0,1.065714699881416,0.11577882023001987,True,41.75719769277268,-0.5763216026284468,0.15428086032571975,-330.1512414590098
2015-09-18,51.27000045776367,51.47999954223633,50.70000076293945,51.040000915527344,38.42405319213867,39561600.0,-0.0224094050864698,-0.0226643111987171,0.779998779296875,39.33443295581549,WFC,,,,39561600.0,1520117022.7661133,2.3505531255128083,58.08325807766386,-2.2409405086469825,2.0299752745929935,30.4419135537128,음봉,39.63006820678711,39.47235317230225,41.759456380208334,True,False,0,1.0578575134277328,0.07647949231271495,False,39.334432955815494,-0.6442558945137478,0.06907725475233506,-358.16395744243914
2015-09-21,51.52000045776367,51.75,51.18000030517578,51.54999923706055,38.80799102783203,16673300.0,0.0099921222202532,0.0099425310408221,0.5699996948242188,42.59566454774361,WFC,,,,16673300.0,647057276.8043518,0.9891871184492779,-57.854839035832725,0.9992122220253252,1.468768879109023,34.08268045054745,음봉,39.446379852294925,39.38126277923584,41.69359436035156,True,False,0,1.0628574916294629,0.07665639235412139,False,42.59566454774361,-0.659511364622837,0.04305742771459675,-346.8048534671421
2015-09-22,50.869998931884766,51.150001525878906,50.33000183105469,50.68999862670898,38.16055679321289,21761300.0,-0.0166830134070794,-0.0168237422583678,0.8199996948242188,48.5768323058706,WFC,,,,21761300.0,830423324.5441437,1.280905052306478,30.515854689833443,-1.668301340707945,2.1488148070472106,31.08124791979619,음봉,39.027811431884764,39.360183525085446,41.61357599894206,False,False,0,0.9935716901506686,0.07669744550560517,False,48.576832305870596,-0.7155949218138389,-0.01042090358112402,-339.9288206931458
2015-09-23,50.880001068115234,50.93999862670898,50.5,50.77999877929688,38.228309631347656,12521200.0,0.001775467755932,0.001773893476169,0.4399986267089772,43.71750779812845,WFC,,,,12521200.0,478664310.5560303,0.7395367491364179,-42.46115811095844,0.17754677559320697,1.15097588920901,33.33139069177466,음봉,38.58515243530273,39.38879051208496,41.551889483133955,False,False,0,0.9378572191510867,0.06383640107910728,False,43.71750779812845,-0.74597532479347,-0.032641045248604006,-338.03628226644287
2015-09-24,50.09000015258789,50.68000030517578,49.79999923706055,50.54999923706055,38.055152893066406,17064300.0,-0.0045295421103124,-0.0045398315689576,0.8800010681152344,40.02114022748606,WFC,,,,17064300.0,649384545.5131531,1.0050280810247996,36.283263584959904,-0.45295421103124234,2.312436033532713,31.028550923720445,음봉,38.33521270751953,39.32291793823242,41.485073280334475,False,False,0,0.9450002397809695,0.06662380786217509,False,40.02114022748606,-0.7750895369261528,-0.049404205905029364,-285.76264233180996
2015-09-25,51.36000061035156,51.869998931884766,51.06999969482422,51.47999954223633,38.75528717041016,18394800.0,0.0183978837060807,0.0182306902012422,0.7999992370605469,51.03148482537717,WFC,,,,18394800.0,712895756.4422609,1.0819547239385918,7.796979659288694,1.8397883706080753,2.0642325098582934,34.96201356665494,음봉,38.40145950317383,39.226932525634766,41.42157402038574,False,False,0,0.9264286586216502,0.06083707207113027,False,51.03148482537717,-0.7332158100524069,-0.0060243832250266305,-268.72774760258824
2015-09-28,51.06999969482422,51.29999923706055,50.20000076293945,50.369998931884766,37.91964721679688,17647900.0,-0.0215619600479001,-0.0217978156101688,1.0999984741210938,35.25339743990162,WFC,,,,17647900.0,669202142.1173097,1.039616733691798,-4.060386631004409,-2.156196004790012,2.900866845706936,31.775567731611066,음봉,38.2237907409668,39.10760917663574,41.34626655578613,False,False,0,0.933571406773157,0.0644876393765241,False,35.25339743990162,-0.7587136567811683,-0.025217783963030316,-289.0596169339118
2015-09-29,50.470001220703125,50.959999084472656,50.0,50.88999938964844,38.31112289428711,20816400.0,0.010323821718384,0.0102708950297382,0.9599990844726562,42.31678033885433,WFC,,,,20816400.0,797499658.6166382,1.2223036718605025,17.953977527071217,1.0323821718384085,2.505797303622781,33.09723303107878,음봉,38.25390396118164,39.01576461791992,41.281223169962566,False,False,0,0.8821427481515052,0.06463944567429025,False,42.31678033885433,-0.7388155057241192,-0.004255706324784891,-279.5346626917094
2015-09-30,51.630001068115234,51.720001220703125,50.70000076293945,51.34999847412109,38.65741729736328,20514800.0,0.0090390042607655,0.0089983969779176,1.020000457763672,42.92389259692556,WFC,,,,20514800.0,793049184.3719482,1.1952924194242913,-1.4488576314828694,0.9039004260765537,2.6385633833671642,34.765042545422794,음봉,38.339725494384766,39.02931518554688,41.224320030212404,False,False,0,0.879285539899552,0.06461700353878737,False,42.923892596925555,-0.6871816463322986,0.037902522453628684,-271.1090093668903
2015-10-01,51.5099983215332,51.86000061035156,50.91999816894531,51.43999862670898,38.72518157958984,15556600.0,0.0017529438582328,0.0017514092452796,0.94000244140625,43.12361250635605,WFC,,,,15556600.0,602432159.7610472,0.9018579418811825,-24.168892701854272,0.17529438582328805,2.4273674210521445,33.24738671832213,음봉,38.473731231689456,39.00861282348633,41.18101189931234,False,False,0,0.9014284951346251,0.06465129659628677,False,43.123612506356054,-0.6334909459573197,0.07327457826288619,-269.4602436208249
2015-10-02,50.27999877929688,51.290000915527344,49.5099983215332,51.2599983215332,38.589656829833984,21630300.0,-0.003499654339317,-0.0035057924546032,1.7800025939941406,41.231068018302985,WFC,,,,21630300.0,834705854.126358,1.242591551052699,39.04259285447977,-0.3499654339317093,4.6126416771294165,29.837993595870003,음봉,38.44060516357422,38.96457214355469,41.13232860565186,False,False,0,0.9950000217982691,0.06472437033748102,True,41.231068018302985,-0.5950173906358174,0.08939850686751083,-248.18949328700214
2015-10-05,51.709999084472656,52.56999969482422,51.5,52.40999984741211,39.455413818359375,15240700.0,0.0224349491456494,0.022186987493561,1.0699996948242188,44.15020914581592,WFC,,,,15240700.0,601328125.3814697,0.8760016301793754,-29.540043365094338,2.2434949145649474,2.711921106062071,33.99963444218873,음봉,38.74775848388672,39.006730270385745,41.090844599405926,False,False,0,1.0021427699497758,0.06465441681420867,False,44.15020914581592,-0.4890303025274818,0.1563084759806772,-228.5132049167963
2015-10-06,52.18000030517578,52.540000915527344,51.91999816894531,52.02999877929688,39.1693229675293,14490700.0,-0.0072509910084115,-0.0072774072169672,0.6200027465820312,40.80523938781911,WFC,,,,14490700.0,567590908.3255768,0.8316912945158418,-4.921033810782971,-0.7250991008411534,1.5828783844336625,32.25054626317316,음봉,38.91939849853516,38.972852325439455,41.03636506398519,False,False,0,0.9757145472935258,0.0647106189816835,False,40.80523938781911,-0.42324103103052124,0.17767819798211026,-235.0152674535344
2015-10-07,52.4900016784668,52.72999954223633,51.90999984741211,52.18999862670898,39.289794921875,13863500.0,0.0030756710920321,0.0030709508917447,0.8199996948242188,49.87244988641028,WFC,,,,13863500.0,544694071.8994141,0.795519100508325,-4.328293319163324,0.3075671092032106,2.0870551664999284,34.00793708377374,음봉,39.0458740234375,38.972852325439455,40.97753588358561,True,False,0,0.9000001634870252,0.0647106189816835,False,49.87244988641028,-0.35726318052844164,0.1949248387873519,-317.39750078189417
2015-10-08,52.22999954223633,52.59000015258789,51.77000045776367,52.540000915527344,39.55327987670898,15384100.0,0.006706193182171,0.0066838066983294,0.8199996948242188,60.68347998065553,WFC,,,,15384100.0,608491612.9512786,0.8810776693327526,10.9683701806903,0.6706193182171027,2.073152207301719,32.93528165797765,음봉,39.21149368286133,38.97209911346435,40.91649125417074,True,False,0,0.9028573717389783,0.06471186964085357,False,60.68347998065553,-0.2804810317174429,0.2173655900786805,-309.2147413114974
2015-10-09,53.02000045776367,53.06999969482422,51.97999954223633,52.13999938964844,39.25214767456055,16983100.0,-0.0076133307550495,-0.0076424600993816,1.0900001525878906,54.26900138813219,WFC,,,,16983100.0,666623149.1718292,0.9713651474353638,10.39384819391449,-0.7613330755049552,2.776918505517403,34.04703888787892,음봉,39.34399185180664,38.95403118133545,40.84556617736816,True,False,0,0.9400002615792405,0.0647418847543899,False,54.26900138813219,-0.24114963632034403,0.20535758838062357,-288.14176095358823
2015-10-12,52.119998931884766,52.43000030517578,51.75,52.18000030517578,39.28226089477539,10639000.0,0.0007671738235703,0.0007668796961542,0.6800003051757812,62.23287593728479,WFC,,,,10639000.0,417923973.6595154,0.6137611457951597,-37.355370927569176,0.07671738235703884,1.7310620358570616,32.78254062430301,음봉,39.30936126708984,38.93182258605957,40.77801024119059,True,False,0,0.9300003051757807,0.06477881665791765,False,62.23287593728479,-0.20518410396042697,0.19305849659243252,-287.2958843075631
2015-10-13,52.02000045776367,52.310001373291016,51.709999084472656,51.86000061035156,39.04135513305664,16002200.0,-0.0061326857525858,-0.0061515679083234,0.6000022888183594,58.54408077821354,WFC,,,,16002200.0,624747573.110199,0.9241420365033587,50.410752890309226,-0.6132685752585854,1.5368377628632375,32.42618747711241,음봉,39.28376770019531,38.871220397949216,40.70506769816081,True,False,0,0.9414291381835938,0.06487981009194105,False,58.54408077821354,-0.19388524092791215,0.16348588769995792,-294.0628974757644
2015-10-14,51.70000076293945,51.900001525878906,50.7400016784668,51.5,38.77034378051758,26269100.0,-0.0069416481988248,-0.0069658535202728,1.1599998474121094,57.36429419311053,WFC,,,,26269100.0,1018462037.8047943,1.4990980700492589,64.15930309582431,-0.6941648198824812,2.9919772029336995,32.42368403130718,음봉,39.17987747192383,38.78765735626221,40.628855069478355,True,False,0,0.9614290509905133,0.04211733245210664,False,57.364294193110524,-0.20444246287075174,0.12234293260569468,-301.6755729812383
2015-10-15,51.97999954223633,52.70000076293945,51.7599983215332,52.68999862670898,39.66619491577149,18262400.0,0.0231066079869037,0.0228436926707799,0.94000244140625,59.016179274670144,WFC,,,,18262400.0,724399918.0297853,1.0372018576272837,-30.47953679418024,2.310660798690378,2.3697822375004263,34.0715466349739,음봉,39.20246047973633,38.80572452545166,40.560467910766604,True,False,0,0.9714292798723493,0.04500747558080238,False,59.016179274670144,-0.13892009374617942,0.1502922413842136,-276.51122495668267
2015-10-16,53.150001525878906,53.18999862670898,52.5099983215332,52.880001068115234,39.80923461914063,15676300.0,0.0036060858288242,0.0035995994901741,0.6800003051757741,71.67496306875876,WFC,,,,15676300.0,624061504.6600343,0.8858605852110574,-14.160789381461358,0.3606085828824268,1.7081471464634088,33.993194050347846,음봉,39.31387786865234,38.874983596801755,40.49832897186279,True,False,0,0.9414294106619694,0.04860677040900942,False,71.67496306875876,-0.07459120083166937,0.17169690743897892,-263.60768744363503
2015-10-19,52.7599983215332,53.0099983215332,52.45000076293945,52.560001373291016,39.56834411621094,15515700.0,-0.0060511211841755,-0.0060695034108706,0.55999755859375,64.93728635800397,WFC,,,,15515700.0,613930556.803894,0.8744231985317041,-1.0244764389556238,-0.6051121184175501,1.4152666003638044,32.53205902171686,음봉,39.37109451293945,38.913001251220706,40.43753541310628,True,False,0,0.9128578730991903,0.048559282028765985,False,64.93728635800397,-0.042557356261596624,0.16298460160724132,-270.15362448040355
2015-10-20,52.619998931884766,53.290000915527344,52.58000183105469,53.08000183105469,39.959808349609375,13583300.0,0.0098933691096276,0.0098447501407383,0.7099990844726562,65.30963292467472,WFC,,,,13583300.0,542786064.755249,0.7664012280361586,-12.454481589615686,0.9893369109627681,1.7767830072177933,32.98509226805535,음봉,39.55478515625,39.002963829040525,40.38563474019369,True,False,0,0.8907149178641178,0.05230784875105941,False,65.30963292467472,0.014253271298755976,0.17583618333407514,-252.65035497852972
2015-10-21,53.040000915527344,53.86000061035156,53.02999877929688,53.119998931884766,39.98991012573242,17666700.0,0.000753301313652,0.0007530177246271,0.8300018310546804,64.99972402111203,WFC,,,,17666700.0,706489745.218277,0.9931630711792295,30.061914262366287,0.07533013136520328,2.075528123081719,32.73337162050186,음봉,39.79869842529297,39.091043853759764,40.33660411834717,True,False,0,0.8828577314104342,0.05296003137394917,False,64.99972402111203,0.061001871834008625,0.1780678270954622,-218.85248704976732
2015-10-22,53.400001525878906,54.45000076293945,53.400001525878906,54.060001373291016,40.69757461547852,18263200.0,0.0176960760232052,0.0175413234779481,1.0499992370605469,72.01260417164623,WFC,,,,18263200.0,743267944.7174073,1.0220397614112795,3.3764087237571294,1.769607602320522,2.5800044523075836,33.53368726757267,음봉,40.004974365234375,39.22316493988037,40.29238713582357,True,True,0,0.8307146344866061,0.07082364217521793,False,72.01260417164623,0.1533849364843647,0.2163607133966546,-270.6854323770195
2015-10-23,54.34000015258789,54.79999923706055,54.11000061035156,54.75,41.21700668334961,16924800.0,0.0127632192527151,0.012682455844619,0.6899986267089844,69.83036931239924,WFC,,,,16924800.0,697589594.7143555,0.9459394673205115,-7.328398090148491,1.2763219252715174,1.6740629226423724,33.52147066749462,음봉,40.286528778076175,39.34625091552734,40.2544589360555,True,True,0,0.8035717010498037,0.08380365066119881,False,69.83036931239924,0.26545301515728426,0.2627430336556593,-234.55666801966356
2015-10-26,54.7599983215332,54.810001373291016,54.15999984741211,54.290000915527344,40.8707160949707,12661400.0,-0.0084016433080473,-0.0084371360512438,0.6500015258789062,68.89658293041299,WFC,,,,12661400.0,517480484.76486206,0.7102188152362032,-25.19025335602193,-0.840164330804738,1.5903844805863128,32.85777577743059,음봉,40.547003173828124,39.493804359436034,40.214249738057454,True,True,0,0.8057144709995805,0.07357821906990364,False,68.89658293041299,0.32260622341784995,0.25591699353298,-242.48860745731196
2015-10-27,53.97999954223633,54.33000183105469,53.81999969482422,54.119998931884766,40.74274444580078,12443900.0,-0.0031311330311061,-0.0031360452847618,0.5100021362304688,66.11039675154386,WFC,,,,12443900.0,506998637.60910034,0.6988115316435082,-1.717819514429686,-0.3131133031106126,1.2517618613270245,32.07500308241179,음봉,40.703590393066406,39.61538543701172,40.17140897115072,True,True,0,0.783571788242884,0.06632145123750215,False,66.11039675154386,0.3534993919814866,0.2294481296772933,-245.63287425744616
2015-10-28,54.2400016784668,55.5,54.16999816894531,55.45000076293945,41.74398422241211,16681600.0,0.0245746767978101,0.0242775770094677,1.3300018310546875,70.87534841926346,WFC,,,,16681600.0,696356447.2045898,0.9311299779165347,34.05443631016001,2.4574676797810113,3.1860922138347707,33.12800209279258,음봉,41.054405212402344,39.76971378326416,40.14637756347656,True,True,0,0.8200005122593461,0.07931481251709499,True,70.87534841926346,0.4535459148627865,0.26359572204687454,-188.99203000468822
2015-10-29,55.38999938964844,55.56999969482422,54.90999984741211,55.09000015258789,41.47298431396485,11334900.0,-0.0064919511995636,-0.0065131155631563,0.6599998474121094,71.28471138104084,WFC,,,,11334900.0,470092129.90036017,0.6332696781306335,-32.05148187224247,-0.6491951199563695,1.59139704636561,32.68977655446185,음봉,41.20948715209961,39.90710391998291,40.114257113138834,True,True,0,0.7892862047467902,0.0790417515363384,False,71.28471138104084,0.505143107188843,0.25215433149834476,-191.8637923476982
2015-10-30,55.06999969482422,55.06999969482422,54.02999877929688,54.13999938964844,40.757789611816406,18450500.0,-0.0172448333289491,-0.0173952573334673,1.0400009155273366,62.500121187521344,WFC,,,,18450500.0,752001597.2328186,1.025930488043183,62.77602801965612,-1.7244833328949105,2.5516617202072753,32.785235028965495,음봉,41.11764373779297,40.01551055908203,40.07172260284424,True,True,0,0.8150005340576156,0.07431219545491032,False,62.500121187521344,0.48275908587022087,0.18381624814377806,-206.67114215874042
2015-11-02,54.209999084472656,55.02000045776367,54.130001068115234,54.84999847412109,41.292293548583984,10992300.0,0.0131141541741659,0.0130289081319728,0.8899993896484375,68.16545721649544,WFC,,,,10992300.0,453897278.37409973,0.6119407798988716,-40.422752770927616,1.3114154174165948,2.1553643868226295,33.0052478330577,음봉,41.201959228515626,40.10735454559326,40.038849385579425,True,True,1,0.8357146126883356,0.07414202396505994,False,68.16545721649544,0.5023587001752432,0.16273268995904028,-195.60480351931636
2015-11-03,54.68000030517578,55.150001525878906,54.45000076293945,54.93000030517578,41.35253143310547,10709100.0,0.0014588166300477,0.001457753590795,0.7000007629394531,71.57258488585316,WFC,,,,10709100.0,442848394.3702698,0.5968730470588485,-2.576348898774594,0.14588166300477656,1.6927639945617832,32.421804666384034,음봉,41.323916625976565,40.21651496887207,40.001083056131996,True,True,1,0.8028575352260029,0.07394077891125461,False,71.57258488585316,0.516794937975078,0.14173514220710004,-273.16176212918106
2015-11-04,54.560001373291016,54.75,54.380001068115234,54.58000183105469,41.37147521972656,12823600.0,0.0004581046423177,0.000457999744421,0.3699989318847656,66.6923321073168,WFC,,,,12823600.0,530531249.62768555,0.7145561869335708,19.744889860025584,0.045810464231776926,0.8943334263998989,31.938721723846108,음봉,41.24941482543945,40.32059898376465,39.972791862487796,True,True,1,0.7621429988316112,0.07374990741312863,False,66.6923321073168,0.523727164448097,0.11893389494409512,-355.0810684579448
2015-11-05,54.34999847412109,55.08000183105469,54.34999847412109,54.86000061035156,41.58371353149414,12263900.0,0.005130063906118,0.0051169499594126,0.7300033569336009,67.13752565089717,WFC,,,,12263900.0,509978504.378891,0.6841748259135835,-4.364609002152287,0.5130063906118032,1.7555030441923383,31.370704538488788,음봉,41.27156066894531,40.42212066650391,39.95418567657471,True,True,1,0.7657146453857416,0.07356468173523267,False,67.13752565089717,0.5401206836240604,0.10826193129604678,-348.2785561365906
2015-11-06,56.040000915527344,56.34000015258789,55.560001373291016,55.84999847412109,42.33412551879883,22376800.0,0.0180458146609814,0.0178849216942225,0.779998779296875,74.31800329099846,WFC,,,,22376800.0,947302259.9090576,1.2374154319767454,82.46071804238456,1.804581466098143,1.8424823230386793,34.764301108135726,음봉,41.5868278503418,40.57621955871582,39.945953623453775,True,True,1,0.7814290182931077,0.08782931916868893,False,74.31800329099846,0.606671302310609,0.1398500399860762,-272.4968320751252
2015-11-09,56.08000183105469,56.220001220703125,55.13999938964844,55.470001220703125,42.04609680175781,17609700.0,-0.0068037006436595,-0.0068269513353927,1.0800018310546875,68.68342695976682,WFC,,,,17609700.0,740419150.8499146,0.9719360010989583,-21.30376103821815,-0.6803700643659538,2.568613767282047,32.469966354098624,음봉,41.737588500976564,40.71441135406494,39.92739995320638,True,True,1,0.80785778590611,0.08753121117948917,False,68.68342695976682,0.6289218207843774,0.1296804467678757,-331.839801220934
2015-11-10,55.29999923706055,55.959999084472656,55.22999954223633,55.90999984741211,42.37960815429688,13475900.0,0.0079320407340433,0.0079007474696497,0.7299995422363281,70.29753978051463,WFC,,,,13475900.0,571103361.5264894,0.7491517592694968,-23.47456231508771,0.79320407340433,1.7225254645548516,31.522313468936865,음봉,41.94300384521485,40.881324005126956,39.91415417989095,True,True,1,0.8007147652762276,0.08828638654967887,False,70.29753978051463,0.665792253211599,0.13324070335607774,-374.8434870501345
2015-11-11,56.130001068115234,56.16999816894531,55.5099983215332,55.79999923706055,42.29622650146485,10808500.0,-0.0019674946622548,-0.001969432722377,0.6599998474121094,65.1894196678079,WFC,,,,10808500.0,457158764.1410828,0.6014283554137035,-19.79385421381874,-0.1967494662254876,1.5604225293933762,32.445776430389664,음봉,42.1279541015625,41.057618141174316,39.89713478088379,True,True,1,0.772857666015625,0.06847119159274098,False,65.1894196678079,0.6804404408362785,0.11831111278460582,-457.2925039698576
2015-11-12,55.52000045776367,55.75,55.16999816894531,55.16999816894531,41.81869125366211,17552200.0,-0.0112902565382801,-0.0113544753064088,0.5800018310546875,55.76272177242567,WFC,,,,17552200.0,734010032.6225281,0.9699841290434295,62.39256141000138,-1.1290256538280197,1.3869440043843937,31.26466602367197,음봉,42.174949645996094,41.165242958068845,39.87817885080973,True,True,0,0.765000752040318,0.06829217650797093,False,55.76272177242567,0.646068658647799,0.06715146447690101,-476.242311948326
2015-11-13,55.02000045776367,55.36000061035156,54.33000183105469,54.56999969482422,41.36390686035156,16550200.0,-0.0108751464877734,-0.0109347131511335,1.029998779296875,54.62743770226941,WFC,,,,16550200.0,684580931.3201904,0.9105471285953144,-5.708686090632509,-1.0875146487773435,2.4900906550588844,31.567963531009614,음봉,41.98090591430664,41.24297657012939,39.863437779744466,True,True,0,0.7921434129987445,0.06816346131821215,False,54.62743770226941,0.5754975009364358,-0.0027357545875698053,-494.28930840459395
2015-11-16,54.47999954223633,55.27000045776367,54.400001525878906,55.27000045776367,41.89448928833008,11955400.0,0.0128271836064666,0.0127456121013651,0.8699989318847656,60.04733434808448,WFC,,,,11955400.0,500865377.2377014,0.6569654552218399,-27.762806491764447,1.282718360646662,2.0766428870803972,31.70902769452104,음봉,41.950584411621094,41.35928382873535,39.88451595306397,True,True,0,0.8178574698311942,0.058506811063452055,False,60.047334348084476,0.5559739911248371,-0.017807411519334848,-525.3464188931459
2015-11-17,55.33000183105469,55.4900016784668,54.84000015258789,54.959999084472656,41.65952301025391,11331900.0,-0.005608524702594,-0.0056243115321503,0.6500015258789062,49.14948883283954,WFC,,,,11331900.0,472081548.7998963,0.6240165033908311,-5.215216554862234,-0.5608524702594098,1.5602711670964582,32.069880241903654,음봉,41.8065673828125,41.44426956176758,39.93580563863119,True,True,0,0.7692860194614956,0.057660517457133846,False,49.14948883283954,0.515598161081094,-0.0465465932504624,-535.5181131957087
2015-11-18,55.060001373291016,55.77000045776367,54.970001220703125,55.66999816894531,42.19768524169922,16612600.0,0.0129181083353462,0.0128353812636604,0.7999992370605469,56.925019538312505,WFC,,,,16612600.0,701013265.8462524,0.9182172092260584,46.60030533273325,1.2918108335346234,1.8958367798572937,32.16666297340649,음봉,41.786859130859376,41.55465831756592,40.011497561136885,True,True,1,0.7792859758649554,0.04047761687664588,False,56.925019538312505,0.5210192300774921,-0.0329004194032515,-512.2210607494326
2015-11-19,55.77000045776367,56.06999969482422,55.459999084472656,55.970001220703125,42.42509078979492,12167600.0,0.005389052664694,0.0053745836798521,0.6100006103515625,67.57016641836705,WFC,,,,12167600.0,516211534.6939087,0.6844128951176845,-26.756799056138114,0.5389052664694027,1.437829828989533,32.163648641685356,음봉,41.908139038085935,41.64103412628174,40.06237233479818,True,True,1,0.7485716683524001,0.040401166284492626,False,67.57016641836705,0.5374695772192837,-0.013160057809167958,-529.6341686545678
2015-11-20,56.2599983215332,56.2599983215332,55.720001220703125,55.81999969482422,42.31139755249024,16264100.0,-0.0026798584325488,-0.0026834556813403,0.5399971008300781,61.784592582136526,WFC,,,,16264100.0,688156800.9334565,0.9348122813648772,33.66728031822217,-0.26798584325488095,1.27624501213928,32.61020135534083,음봉,42.09763717651367,41.69575366973877,40.08964570363363,True,True,1,0.7235715048653744,0.04034814569655147,False,61.784592582136526,0.5351634710140445,-0.012372931211525717,-597.9410106868545
2015-11-23,55.900001525878906,56.040000915527344,55.560001373291016,55.59999847412109,42.144630432128906,9638100.0,-0.0039414231154726,-0.0039492109938449,0.4799995422363281,58.93933732045469,WFC,,,,9638100.0,406194162.5679016,0.5650024165193523,-40.74003480057304,-0.3941423115472631,1.1389340405044839,32.11570583678087,음봉,42.147665405273436,41.75944938659668,40.12028764088949,True,True,0,0.7078571319580084,0.04028660264218222,False,58.93933732045469,0.5139546044750531,-0.02686543820041365,-606.2378892749981
2015-11-24,55.13999938964844,55.47999954223633,54.88999938964844,55.27999877929688,41.90206527709961,14156500.0,-0.0057555411577266,-0.005772168113515,0.5900001525878906,55.70032466494594,WFC,,,,14156500.0,593186587.0952606,0.8424841175699875,46.88060924871085,-0.5755541157726696,1.4080455192034138,30.83517122886556,음봉,42.19617385864258,41.817415428161624,40.149521827697754,True,True,0,0.7235715048653744,0.039870976264489176,False,55.70032466494594,0.4721310129361669,-0.05495122379143991,-618.305817513081
2015-11-25,55.459999084472656,55.52000045776367,55.09999847412109,55.220001220703125,41.85659790039063,10034400.0,-0.0010850867709812,-0.0010856759038436,0.4200019836425852,53.04065513398274,WFC,,,,10034400.0,420005845.97167975,0.6065764667591899,-29.118072970013774,-0.10850867709812917,1.0034307724724696,32.35624238975818,음봉,42.12795639038087,41.823046112060545,40.20735836029053,True,True,0,0.7014285496303019,0.03986560838995691,False,53.04065513398274,0.43035580437398124,-0.07738114588290046,-620.5678779447682
2015-11-27,55.34000015258789,55.470001220703125,54.97999954223633,55.38999938964844,41.98545837402344,4914000.0,0.0030786179502564,0.003073888709878,0.4900016784667969,45.49025876947579,WFC,,,,4914000.0,206316542.44995117,0.3009271544808384,-51.028462090408986,0.3078617950256435,1.1670747383574185,32.21332580417727,음봉,42.04002990722657,41.848669815063474,40.25479551951091,True,True,0,0.6807144709995819,0.039841198904209105,False,45.49025876947579,0.40300106785031176,-0.08378870592525595,-639.6148137021013
2015-11-30,55.459999084472656,55.68999862670898,55.09999847412109,55.09999847412109,41.765625,15998900.0,-0.0052359407884766,-0.0052496963630387,0.5900001525878906,46.307167482340446,WFC,,,,15998900.0,668204057.8125,0.9777027701446082,225.57794057794055,-0.5235940788476667,1.4126453335437712,32.093351441855326,음봉,41.93087539672852,41.899061584472655,40.29304809570313,True,True,0,0.6457143511090965,0.02703633920122784,False,46.307167482340446,0.35944012489483157,-0.10187971910458893,-651.0051646746532
2015-12-01,55.5099983215332,55.77000045776367,55.27000045776367,55.709999084472656,42.22801208496094,15543400.0,0.0110709964225588,0.0110101615317572,0.5,48.06952432768528,WFC,,,,15543400.0,656366883.0413818,0.9615144501973137,-2.847070736113111,1.107099642255882,1.1840481597713421,32.908338667344744,음봉,41.94755172729492,41.945847511291504,40.35331077575684,True,True,1,0.6292858123779302,0.025570096215143306,False,48.06952432768528,0.35810057486943947,-0.08257541530398488,-627.0472410596576
2015-12-02,55.79999923706055,55.79999923706055,55.0,55.08000183105469,41.75046920776367,12779900.0,-0.0113086752991466,-0.0113731045679821,0.7999992370605469,43.684172886093656,WFC,,,,12779900.0,533566821.42829895,0.7969338089594733,-17.779250357064736,-1.1308675299146698,1.9161443026651872,32.139772823767686,음봉,41.917232513427734,41.96574440002441,40.38503723144531,False,True,0,0.63928576878139,0.025286908277569884,False,43.684172886093656,0.3148755648021577,-0.1006403402970133,-651.7904403117384
2015-12-03,55.130001068115234,55.220001220703125,54.02999877929688,54.20000076293945,41.08343505859375,15410100.0,-0.0159766862942437,-0.0161056894201506,1.190002441406243,41.84869443272037,WFC,,,,15410100.0,633099842.5964355,0.9612427132249299,20.580755717963363,-1.5976686294243758,2.896550494643511,32.0464227450253,음봉,41.76259994506836,41.95134239196777,40.414931233723955,False,True,0,0.6828572409493583,0.031981234799724846,True,41.84869443272037,0.22421079147568435,-0.1530440908987894,-580.5635147225129
2015-12-04,54.47999954223633,55.880001068115234,54.310001373291016,55.66999816894531,42.19768524169922,19647700.0,0.0271216411557677,0.0267603671222276,1.5699996948242188,58.06437330554818,WFC,,,,19647700.0,829087460.3233337,1.2288049638036131,27.498848158026235,2.712164115576776,3.720582505489578,32.60818980821885,음봉,41.80504531860352,41.98204097747803,40.45875358581543,False,True,0,0.7214287349155971,0.03195784911745776,True,58.06437330554818,0.2395080795490614,-0.1101974422603299,-530.5971285416413
2015-12-07,55.45000076293945,55.560001373291016,55.02000045776367,55.41999816894531,42.0081901550293,17991600.0,-0.0044906512190072,-0.0045007644813058,0.5400009155273438,51.17741028201597,WFC,,,,17991600.0,755794553.9932251,1.1271245253599609,-8.428976419631818,-0.4490651219007269,1.2854657949663986,31.40531392974244,음봉,41.85355834960937,41.965744209289554,40.498664983113606,False,True,0,0.6978574480329242,0.03197025946948851,False,51.17741028201597,0.233647280845517,-0.09284659277109947,-539.0946678048058
2015-12-08,54.97999954223633,55.209999084472656,54.27999877929688,54.400001525878906,41.23502349853516,19949500.0,-0.0184051408461254,-0.0185766228099538,0.930000305175774,46.04500899184689,WFC,,,,19949500.0,822618101.2840272,1.24516561756799,10.882300629182517,-1.8405140846125434,2.255365042313633,30.879238880168757,음봉,41.65496063232422,41.92519054412842,40.52380816141764,False,True,0,0.7178573608398432,0.032001183865557156,False,46.04500899184689,0.16471572971887127,-0.1294225151181962,-573.7658254373664
2015-12-09,54.119998931884766,54.93999862670898,53.709999084472656,54.119998931884766,41.022796630859375,18499600.0,-0.0051467623798814,-0.005160052581999,1.229999542236321,38.34596651399888,WFC,,,,18499600.0,758905328.5522461,1.1540932477995258,-7.267851324594599,-0.5146762379881431,2.9983317649071606,31.247649061743175,음봉,41.50942611694336,41.857349967956544,40.536631457010905,False,True,0,0.7485716683523985,0.03350174246599602,True,38.34596651399888,0.0919026482671157,-0.1617884772559614,-497.5374999813005
2015-12-10,54.25,54.9900016784668,53.880001068115234,54.34000015258789,41.18955993652344,14075300.0,0.0040651374201683,0.0040568970735911,1.1100006103515625,37.59520364368651,WFC,,,,14075300.0,579755412.9745483,0.8767595377361681,-23.915652230318496,0.4065137420168341,2.694859114936325,32.243543725613456,음봉,41.5306510925293,41.80201663970947,40.54909737904867,False,True,0,0.7842859540666842,0.03354608872155344,False,37.59520364368651,0.04711109396824753,-0.16526402524386363,-490.99776054764106
2015-12-11,53.45000076293945,53.93999862670898,52.9900016784668,53.310001373291016,40.40883255004883,17815700.0,-0.0189544969083859,-0.0191364360973753,0.9499969482421804,33.154456716317,WFC,,,,17815700.0,719911638.0619049,1.1080094639774472,26.57421156209814,-1.895449690838591,2.350963609417695,29.765894186076235,음봉,41.17288055419922,41.73152370452881,40.5674970626831,False,False,0,0.813571657453263,0.048314992139318516,False,33.154456716317,-0.05079912842156631,-0.21053939810694197,-412.4974516565171
2015-12-14,53.31999969482422,53.56999969482422,52.75,53.20000076293945,40.3254508972168,22055100.0,-0.0020634511707002,-0.0020655830192155,0.8199996948242188,33.65135609338688,WFC,,,,22055100.0,889381852.0832062,1.361255868975804,23.795865444523656,-0.20634511707002812,2.0334544972956867,31.95134907395336,음봉,40.83633270263672,41.67960090637207,40.59918702443441,False,False,0,0.8378573826381123,0.050375719702659805,False,33.65135609338688,-0.13358203684745718,-0.23465784522626626,-396.95031510851163
2015-12-15,53.83000183105469,55.119998931884766,53.810001373291016,54.90999984741211,41.621620178222656,19056700.0,0.0321427101784823,0.0316369425555428,1.30999755859375,47.880972186913255,WFC,,,,19056700.0,793170729.2503357,1.1717863481082764,-13.5950415096735,3.214271017848236,3.1473968408350657,33.488902500455254,음봉,40.91365203857422,41.6659574508667,40.646080843607585,False,True,0,0.889285768781388,0.05039221515679943,False,47.880972186913255,-0.093520021463668,-0.15567666387398166,-355.53917010253366
2015-12-16,55.209999084472656,56.040000915527344,54.81999969482422,55.84999847412109,42.33412551879883,21086800.0,0.0171186353997092,0.0169737625735031,1.220001220703125,53.27776692587295,WFC,,,,21086800.0,892691237.9898071,1.301620269193428,10.652946207895386,1.7118635399709259,2.881838719359806,32.647404997847104,음봉,41.17591781616211,41.69968757629395,40.71564032236735,False,True,0,0.9464285714285694,0.05035145380254022,False,53.277766925872946,-0.0042286156518756,-0.053108206449751415,-316.5918414199482
2015-12-17,56.11000061035156,56.2400016784668,55.470001220703125,55.470001220703125,42.04609680175781,18800500.0,-0.0068037006436595,-0.0068269513353927,0.7700004577636719,50.40732404298324,WFC,,,,18800500.0,790487642.9214478,1.1845907089912884,-10.842327901815352,-0.6803700643659538,1.831324466083331,32.54082828623787,음봉,41.347225189208984,41.692108154296875,40.77927010854085,False,True,0,0.966428484235489,0.05036060745135844,False,50.40732404298324,0.0428005784547878,-0.00486320987447042,-306.7019498668136
2015-12-18,55.0,55.150001525878906,53.790000915527344,53.790000915527344,40.77266311645508,31468600.0,-0.0302866087976445,-0.0307547241327146,1.3600006103515625,44.157062708448656,WFC,,,,31468600.0,1283058626.5464783,1.9538762161821748,67.3817185713146,-3.0286608797644554,3.3355697332477945,30.80881266891015,음봉,41.41999130249023,41.609486770629886,40.82456194559733,False,False,0,1.0214285169328943,0.04827443877533854,False,44.157062708448656,-0.02242539447066605,-0.05607134623993942,-343.1900035305061
2015-12-21,54.29999923706055,54.540000915527344,53.54999923706055,54.02000045776367,40.94699478149414,12993400.0,0.0042756997388455,0.0042665849070035,0.9900016784667968,42.19753665852679,WFC,,,,12993400.0,532040681.99386597,0.8137885441095624,-58.70995214277088,0.4275699738845562,2.4177639500768073,33.17746520988493,음봉,41.5443000793457,41.54126663208008,40.861090405782065,True,True,0,1.0564286368233797,0.04835371630269069,False,42.197536658526786,-0.05936600538596082,-0.07440956572418735,-338.1948292841817
2015-12-22,54.36000061035156,54.5,53.70000076293945,54.34000015258789,41.18955993652344,10318100.0,0.0059238817481892,0.005906404548649,0.7999992370605469,46.48292133831685,WFC,,,,10318100.0,424997998.3810425,0.6476505342935104,-20.589683993412045,0.5923881748189253,1.9422378833214355,32.75699694308064,음봉,41.45788803100586,41.493513107299805,40.91558895111084,False,True,0,1.0564286368233797,0.04840936501056722,False,46.48292133831685,-0.06828161717959347,-0.06666014201425599,-331.24454165177406
2015-12-23,54.59999847412109,55.060001373291016,54.459999084472656,55.040000915527344,41.72014999389648,13033600.0,0.0128816636592068,0.0127994007322702,0.6000022888183594,54.061907271965296,WFC,,,,13033600.0,543763746.9604491,0.8213967320062677,26.317829833011896,1.2881663659206843,1.4381594718766297,32.557858249188044,음봉,41.33509292602539,41.48441734313965,40.97240606943766,False,True,0,1.014285768781388,0.04841997912052655,False,54.061907271965296,-0.03216237323446336,-0.024432718455300702,-316.0413954571242
2015-12-24,54.970001220703125,55.09000015258789,54.709999084472656,54.81999969482422,41.55340194702149,4999400.0,-0.0039968228038341,-0.0040048314466369,0.3800010681152344,45.32459457858378,WFC,,,,4999400.0,207742077.69393924,0.3193488395295458,-61.64221703903756,-0.3996822803834177,0.9144884661903656,31.758877254144718,음봉,41.23655395507812,41.469257545471194,41.0206724802653,False,True,0,0.9292858668736034,0.048437679873566876,False,45.32459457858378,-0.01679913584261783,-0.007255584850764135,-320.8192741585534
2015-12-28,54.54999923706055,54.77999877929688,54.16999816894531,54.68000030517578,41.4472770690918,8288800.0,-0.002553939580326,-0.0025572064474555,0.6100006103515696,45.87973673355929,WFC,,,,8288800.0,343548190.1702881,0.5345397560273791,65.7958955074609,-0.25539395803260145,1.471750748148571,31.276855037306134,음봉,41.37147674560547,41.44234848022461,41.066040738423666,False,True,0,0.9342858450753339,0.04846913110005161,False,45.87973673355929,-0.01303677037459039,-0.002794575506189355,-323.8601001439528
2015-12-29,55.11000061035156,55.34999847412109,54.9900016784668,55.290000915527344,41.90966033935547,7894900.0,0.0111559384104507,0.0110941698954861,0.3599967956542897,55.19272621356025,WFC,,,,7894900.0,330872577.4131775,0.5159620001676378,-4.752195734002507,1.1155938410450705,0.8589828520185668,32.96410405557951,음봉,41.56400985717774,41.449550247192384,41.12137413024902,True,True,1,0.893571308680942,0.04846070969655673,False,55.19272621356025,0.026944793752100793,0.02974959089640146,-310.61130221022796
2015-12-30,55.27000045776367,55.310001373291016,54.790000915527344,54.88999938964844,41.606441497802734,8016900.0,-0.007235058435155,-0.007261358401745,0.5200004577636719,54.43029764266087,WFC,,,,8016900.0,333554680.84373474,0.530817134011424,1.5453013971044705,-0.723505843515504,1.249807575567676,31.878903360765516,음봉,41.647386169433595,41.41847171783447,41.157224591573076,True,True,0,0.8428570883614671,0.048497072399634474,False,54.43029764266087,0.03377392048192718,0.029262974100982275,-319.2995169874181
2015-12-31,54.5099983215332,54.95000076293945,54.220001220703125,54.36000061035156,41.204715728759766,10929800.0,-0.0096553743742825,-0.0097022897359349,0.7299995422363281,50.11108135024372,WFC,,,,10929800.0,450359301.9721985,0.7272231278485645,36.33449338272898,-0.9655374374282544,1.771640768114336,31.01336321783711,음봉,41.54429931640625,41.39118404388428,41.191147804260254,True,True,0,0.8157141549246647,0.048529044722479285,False,50.111081350243715,0.006692988124186172,0.0017456333945930144,-330.81027847276647
2016-01-04,53.09000015258789,53.27000045776367,52.29999923706055,52.90999984741211,40.10563278198242,25985400.0,-0.02667371749419,-0.0270359164150373,0.970001220703125,47.876838353143306,WFC,,,,25985400.0,1042160910.092926,1.7210437277179385,137.74817471499935,-2.667371749419001,2.418615923544039,28.844476205262403,음봉,41.25474548339844,41.342293930053714,41.20474510192871,False,False,0,0.8171430315290179,0.05390346120093755,False,47.876838353143306,-0.10227667167064425,-0.08577922112018992,-309.5014948956671
2016-01-05,52.93000030517578,53.27000045776367,52.54999923706055,52.88999938964844,40.090450286865234,14759600.0,-0.0003785626622504,-0.0003786343351841,0.720001220703125,48.33853496347711,WFC,,,,14759600.0,591719010.0540161,0.9780404056871939,-43.20041253934902,-0.03785626622504479,1.795941965109376,31.9764747084473,음봉,40.98338012695312,41.23693218231201,41.21369794209798,False,False,0,0.8100002833775112,0.054409363480632196,False,48.33853496347711,-0.1876973543286411,-0.1369599230225494,-309.8868371725559
2016-01-06,52.119998931884766,52.619998931884766,51.83000183105469,51.880001068115234,39.32487869262695,20026400.0,-0.0190961086433369,-0.0192807942909125,0.7899971008300781,32.444820513956884,WFC,,,,20026400.0,787535750.6500244,1.3193612419611989,35.68389387246267,-1.9096108643336995,2.0088990153151958,30.006020283989553,음봉,40.46642379760742,41.102766609191896,41.21491012573242,False,False,0,0.7728573935372489,0.0732127560848644,False,32.444820513956884,-0.3135546272252938,-0.21025375673536167,-283.5628927689426
2016-01-07,51.0099983215332,51.18999862670898,50.150001525878906,50.400001525878906,38.20303726196289,30425600.0,-0.0285275242533525,-0.0289423422729948,1.039997100830071,20.28348328703184,WFC,,,,30425600.0,1162350330.5175781,1.9703465239518136,51.92745575839892,-2.8527524253352587,2.7222890517805793,29.71431830785813,음봉,39.785742950439456,40.951167297363284,41.196923065185544,False,False,0,0.7599999564034593,0.10087840053101307,False,20.283483287031842,-0.4980791040669317,-0.3158225868615996,-196.17346411459877
2016-01-08,50.79999923706055,50.86000061035156,49.459999084472656,49.560001373291016,37.56632614135742,22981400.0,-0.0166665052372527,-0.016806954150889,1.4000015258789062,19.31458362402745,WFC,,,,22981400.0,863326767.5849915,1.4767313772072512,-24.466896297854433,-1.666650523725277,3.7267459176361144,32.97371852588251,음봉,39.058065032958986,40.778343772888185,41.172339248657224,False,False,0,0.8050000326974046,0.11691988777168819,True,19.31458362402745,-0.6877652179415179,-0.4044069605889486,-201.92995204750196
2016-01-11,50.18000030517578,50.33000183105469,49.63999938964844,50.09000015258789,37.968074798583984,19046400.0,0.0106943824028686,0.0106376019578416,0.69000244140625,28.18400537442963,WFC,,,,19046400.0,723155139.84375,1.2213071897154466,-17.12254257791084,1.0694382402868685,1.8173226982580206,33.577076758463605,음봉,38.6305534362793,40.61726951599121,41.15896809895833,False,False,0,0.7571430206298823,0.11738355222436361,False,28.18400537442963,-0.7964935886031626,-0.41050826500047455,-195.10909128590956
2016-01-12,50.880001068115234,51.52000045776367,50.45000076293945,51.36000061035156,38.93071365356445,28961500.0,0.0253539021951245,0.0250378234325195,1.0699996948242188,36.029351904617386,WFC,,,,28961500.0,1127491863.477707,1.8230915972947606,52.05760668682795,2.5353902195124567,2.7484718218779705,34.007324148057144,음봉,38.39860610961914,40.54336357116699,41.14671007792155,False,False,0,0.7628571646554124,0.1175975291017072,False,36.029351904617386,-0.7958110808625847,-0.32786060580791726,-178.76547575562122
2016-01-13,51.72999954223633,51.79999923706055,49.5,49.72999954223633,37.6951904296875,22013500.0,-0.0317364648095483,-0.0322509816605023,2.299999237060547,28.716465517081105,WFC,,,,22013500.0,829803074.5239258,1.3774498182255561,-23.990470106866013,-3.1736464809548393,6.101572139158481,32.87709031632403,음봉,38.07266845703125,40.41185054779053,41.111476008097334,False,False,0,0.8700000217982696,0.1179802288886293,True,28.716465517081105,-0.8847675370890258,-0.3334536496274866,-199.7421031224825
2016-01-14,50.08000183105469,51.0,49.59999847412109,50.63999938964844,38.38497543334961,24569800.0,0.0182990189411236,0.0181336067668772,1.4000015258789134,30.072535118813207,WFC,,,,24569800.0,943111169.4023132,1.540004262154752,11.612419651577444,1.8299018941123624,3.6472643529753697,32.85515011382809,음봉,38.109056091308595,40.25001831054688,41.09175319671631,False,False,0,0.927142824445452,0.1184545890303876,True,30.072535118813207,-0.889354361303468,-0.270432379073543,-188.03098130344807
2016-01-15,48.59000015258789,49.63999938964844,48.130001068115234,48.81999969482422,37.00541687011719,41090400.0,-0.035940066332147,-0.0366018144495618,1.5099983215332031,26.265842818221003,WFC,,,,41090400.0,1520567381.3598633,2.5183001486254146,67.23945656863305,-3.594006633214708,4.08047915480332,26.585987366223396,음봉,37.996874237060545,39.98358287811279,41.042513338724774,False,False,0,1.0078569139753069,0.12606874043796404,True,26.265842818221003,-0.9928631898246678,-0.2991529660757942,-154.08016890344337
2016-01-19,49.25,49.540000915527344,47.9900016784668,48.209999084472656,36.54302978515625,29918500.0,-0.0124951189330967,-0.0125738393665157,1.5499992370605469,25.32419149342097,WFC,,,,29918500.0,1093312636.6271973,1.808552540425233,-27.18858906216537,-1.2495118933096738,4.2415728695001516,33.088623681390345,음봉,37.711865234375,39.70842952728272,40.9850653330485,False,False,0,1.0749996730259481,0.1351509142539101,True,25.32419149342097,-1.0995307493853517,-0.3246564205091824,-155.52957713336792
2016-01-20,47.27999877929688,48.25,46.880001068115234,47.869998931884766,36.28531265258789,40241100.0,-0.0070524292617095,-0.0070774151845583,1.3699989318847656,21.10590126783015,WFC,,,,40241100.0,1460160894.9840546,2.3761733999049603,34.502398181727024,-0.705242926170957,3.775629398599261,29.38171535656844,음봉,37.18278503417969,39.48406200408935,40.91152763366699,False,False,0,1.1471426827566964,0.1424460250869089,False,21.10590126783015,-1.1911305658014584,-0.33300498954023117,-125.6783870935628
2016-01-21,48.02999877929688,49.04999923706055,47.90999984741211,48.0099983215332,36.39143371582031,24272900.0,0.0029246286024451,0.0029203601965235,1.1399993896484375,22.6550476677392,WFC,,,,24272900.0,883325631.4407349,1.4190587026519597,-39.681320838645064,0.2924628602445134,3.1326036741246877,32.36760349609762,음봉,36.92203369140625,39.25628395080567,40.831101417541504,False,False,0,1.1914283207484655,0.1432725444368544,False,22.655047667739197,-1.2408571683292706,-0.3061852736544346,-129.96986058155466
2016-01-22,49.02999877929688,49.27000045776367,48.560001373291016,49.02000045776367,37.157012939453125,18298700.0,0.0210373471298548,0.0208191174849885,0.7099990844726562,29.5559175224203,WFC,,,,18298700.0,679925032.6751709,1.0691639339792363,-24.61263384268052,2.1037347129854833,1.9108077541905497,34.729505746244484,음봉,36.67644119262695,39.05465660095215,40.76920636494955,False,False,0,1.189999716622489,0.14401221714059206,False,29.5559175224203,-1.2046040880629647,-0.2159457547105028,-152.1594531669751
2016-01-25,48.90999984741211,48.97999954223633,47.619998931884766,47.65999984741211,36.12614440917969,23440800.0,-0.0277435791718032,-0.0281357018763447,1.3600006103515625,29.760992457315083,WFC,,,,23440800.0,846825725.8666992,1.3630633802101897,28.100903342860416,-2.7743579171803257,3.7645883129614712,31.630602080717107,음봉,36.500586700439456,38.77495632171631,40.69226303100586,False,False,0,1.2178568158830916,0.14915596247716892,False,29.760992457315083,-1.2447075220612476,-0.20483935096702832,-168.29198256820487
2016-01-26,47.75,48.560001373291016,47.65999984741211,48.2599983215332,36.580936431884766,18895100.0,0.0125889997436181,0.0125104171168435,0.9000015258789062,32.91516245487364,WFC,,,,18895100.0,691200451.9741058,1.0967401133509092,-19.3922562369885,1.2588999743618157,2.4603020416241854,32.17574358105782,음봉,36.50816802978515,38.526333045959475,40.60621223449707,False,False,0,1.2307139805385046,0.15011851564685413,False,32.91516245487364,-1.2256631849055069,-0.14863601104903013,-179.42627995103362
2016-01-27,48.29999923706055,49.29999923706055,48.130001068115234,48.56999969482422,36.81591796875,20441500.0,0.0064236063858775,0.0064030629547217,1.1699981689453125,37.120659964619016,WFC,,,,20441500.0,752572587.1582031,1.1780544592033484,8.184132394112753,0.6423606385877578,3.1779682091274424,32.035983624960416,음봉,36.614289093017575,38.294765090942384,40.528594462076825,False,False,0,1.2578569139753069,0.15102628039213953,False,37.120659964619016,-1.1780297704479636,-0.08080207727318944,-204.5546106681305
2016-01-28,49.09999847412109,49.400001525878906,48.59999847412109,48.91999816894531,37.08122253417969,21306600.0,0.0072062461040598,0.0071804051823653,0.8000030517578196,43.68611820700073,WFC,,,,21306600.0,790074776.0467529,1.218035607453967,4.2320769023799665,0.7206246104059844,2.1574344023323806,33.36622087162958,음봉,36.75224685668945,38.05334320068359,40.46731834411621,False,False,0,1.2407144818987175,0.14401617907055794,False,43.68611820700073,-1.1061214061364524,-0.007114970369342499,-199.16223944522494
2016-01-29,49.290000915527344,50.25,49.16999816894531,50.22999954223633,38.074180603027344,25358300.0,0.0267779215729038,0.0264256676147054,1.0800018310546875,52.74814105022664,WFC,,,,25358300.0,965496493.9857483,1.438334848880446,19.01617339228221,2.677792157290382,2.8365727481179586,32.92442251625925,음봉,36.9356803894043,37.87673015594483,40.413683128356936,False,False,0,1.2178573608398449,0.1340815666682618,False,52.748141050226636,-0.9579672418130514,0.11283135516324694,-178.98015736407422
2016-02-01,50.119998931884766,50.18000030517578,49.560001373291016,49.93999862670898,37.8543586730957,17385400.0,-0.0057735170251874,-0.0057902482041849,0.6199989318847656,49.37229154646643,WFC,,,,17385400.0,658113167.275238,0.9807655267176804,-31.440987763375304,-0.5773517025187469,1.6378534827098223,31.637761175875806,음봉,37.2813232421875,37.70921230316162,40.35538024902344,False,False,0,1.2128571101597387,0.10553093341780267,False,49.37229154646643,-0.8485106887335903,0.17783032659416653,-183.44808443199756
2016-02-02,49.2599983215332,49.31999969482422,48.77999877929688,48.83000183105469,37.01298904418945,25593200.0,-0.0222264927579988,-0.0224772234550044,0.5400009155273366,39.27059144925556,WFC,,,,25593200.0,947280831.2057495,1.4346178567691596,47.21087809311262,-2.2226492757998817,1.4589497618866574,30.13032065061467,음봉,37.367733764648435,37.55458011627197,40.282738812764485,False,False,0,1.1750000544956758,0.10556118229552135,False,39.27059144925556,-0.8202022976015115,0.1649109741809962,-200.54909951401362
2016-02-03,48.45000076293945,48.5099983215332,46.5099983215332,47.59999847412109,36.3598861694336,47149700.0,-0.0176452345952422,-0.0178027676363756,2.0,42.00832678094761,WFC,,,,47149700.0,1714357724.9229434,2.5605826971453043,84.22745104168294,-1.7645234595242254,5.500567275376471,30.899994877731874,음봉,37.276527404785156,37.36805191040039,40.19567502339681,False,False,0,1.1535715375627795,0.0856007771322161,True,42.00832678094761,-0.8407756984806767,0.11547005864146487,-226.0603197717638
2016-02-04,47.400001525878906,48.61000061035156,47.369998931884766,48.25,36.856407165527344,30851700.0,0.0136557357132529,0.0135633363911249,1.2400016784667969,40.63501604904974,WFC,,,,30851700.0,1137082816.9487,1.6468834349881445,-34.566497771990065,1.3655735713252959,3.36441279503391,30.363448623022144,음봉,37.231564331054685,37.24462833404541,40.104379717508955,False,False,0,1.1421429770333427,0.07530130839891082,False,40.63501604904974,-0.8077044579644337,0.1188330393261664,-258.11729474846976
2016-02-05,48.34999847412109,48.65999984741211,47.59999847412109,47.86000061035156,36.55849075317383,23733700.0,-0.0080831647809709,-0.0081160106763416,1.0600013732910227,46.84349292204632,WFC,,,,23733700.0,867668251.9886017,1.2553155942427978,-23.071662177448893,-0.8083164780970931,2.8994669950892287,31.184784932981657,음봉,36.928426361083986,37.162401008605954,40.01291961669922,False,False,0,1.1100003378731869,0.07546792371502832,False,46.84349292204632,-0.7963547444570551,0.10414620226683602,-266.08297064826365
2016-02-08,47.11000061035156,47.34000015258789,46.060001373291016,46.5,35.519630432128906,31172100.0,-0.0284163897262288,-0.0288279507965526,1.279998779296875,43.31628260167656,WFC,,,,31172100.0,1107221471.7933655,1.6229813271912936,31.34108883149278,-2.841638972622884,3.6036376609905987,28.861995229553354,음봉,36.461480712890626,37.06006622314453,39.898586654663085,False,False,0,1.0907145908900675,0.09204201635520223,False,43.316282601676555,-0.861259299316643,0.03139331792579858,-251.5602481101765
2016-02-09,45.61000061035156,46.7599983215332,45.36000061035156,46.45000076293945,35.48145294189453,29896200.0,-0.0010748279126193,-0.0010754059543743,1.3999977111816406,44.59508331020656,WFC,,,,29896200.0,1060760613.4414673,1.546938258911877,-4.0930832378954225,-0.10748279126193694,3.9457169735250637,28.407869269651854,음봉,36.15517349243164,36.93573513031006,39.785007095336915,False,False,0,1.0928573608398442,0.0933854626014849,False,44.59508331020656,-0.9053410232860983,-0.010150724834925406,-202.01531495829576
2016-02-10,46.880001068115234,47.220001220703125,46.11000061035156,46.16999816894531,35.2675666809082,19885500.0,-0.0060281145007391,-0.0060463569315437,1.1100006103515625,42.55139051329075,WFC,,,,19885500.0,701313197.2332001,1.02702848714893,-33.48485760732133,-0.6028114500739146,3.147369424135666,32.12537024593469,음봉,35.936709594726565,36.752577781677246,39.675821685791014,False,False,0,1.0907145908900675,0.08482149935059984,False,42.55139051329075,-0.9466228617420143,-0.04114605063267307,-206.3892676716458
2016-02-11,44.93000030517578,45.52999877929688,44.5,45.15999984741211,34.496055603027344,32570900.0,-0.0218759373126389,-0.0221187635289805,1.029998779296882,32.37793337328198,WFC,,,,32570900.0,1123567577.4406433,1.6562654949501245,63.79221040456615,-2.1875937312638927,2.985845080811182,27.397505792477183,음봉,35.464639282226564,36.59262104034424,39.561357498168945,False,False,0,1.1135717119489408,0.10627606658825117,False,32.37793337328198,-1.0297235007287355,-0.09939735169551545,-173.98164168648097
2016-02-12,45.959999084472656,47.38999938964844,45.93000030517578,47.310001373291016,36.13837814331055,28533900.0,0.0476089950451921,0.0465104199501741,1.4599990844726562,50.07494759277305,WFC,,,,28533900.0,1031168868.1034088,1.4305129937672538,-12.394499384419833,4.7608995045192115,4.040023818121765,33.23262118246136,음봉,35.38061676025391,36.48029117584228,39.46542231241862,False,False,0,1.1207144601004475,0.0980837840014139,False,50.07494759277305,-0.9520846136535042,-0.017406771696227175,-145.41951055112094
2016-02-16,48.04999923706055,48.40999984741211,47.56999969482422,48.2400016784668,36.84876251220703,20410600.0,0.0196573395208656,0.0194666292089338,0.8400001525878906,51.59096069471203,WFC,,,,20410600.0,752105352.1316528,1.0209387806466954,-28.468943957888683,1.965733952086568,2.2795884999112808,32.9611391150793,음봉,35.64644317626953,36.47245845794678,39.3852429707845,False,False,0,1.1164286477225178,0.09810484818635477,False,51.59096069471203,-0.8237376201752369,0.08875217742563202,-133.0649997877038
2016-02-17,48.650001525878906,48.959999084472656,47.9900016784668,48.130001068115234,36.76472473144531,18060500.0,-0.00228061337837,-0.0022832179378097,0.9699974060058594,49.690345041459615,WFC,,,,18060500.0,663989311.0122681,0.9023047316673722,-11.514115214643372,-0.22806133783700444,2.6383915916449356,32.02614744460532,음봉,35.903097534179686,36.48354320526123,39.29469362894694,False,False,0,1.1021428789411283,0.09807504111837484,False,49.690345041459615,-0.7204974041409642,0.15359391476792383,-134.52652640964672
2016-02-18,48.09000015258789,48.13999938964844,47.47999954223633,47.72999954223633,36.45919418334961,17162800.0,-0.0083104266474863,-0.0083451507582932,0.6599998474121094,46.25572854405083,WFC,,,,17162800.0,625741857.9299927,0.8539291803307689,-4.970515766451644,-0.831042664748638,1.8102425525178552,30.804733352065423,음봉,36.141423034667966,36.49223728179932,39.19526201883952,False,False,0,1.092142650059292,0.0980516752746373,False,46.25572854405083,-0.6557732056043761,0.1746544906436095,-139.84010115913722
2016-02-19,47.400001525878906,48.16999816894531,47.34000015258789,48.09000015258789,36.73418426513672,18234900.0,0.0075424070099907,0.0075141052779388,0.8299980163574219,41.17079600374408,WFC,,,,18234900.0,669844176.6563416,0.9023518041793829,6.2466497308131474,0.7542407009990759,2.2594703896695685,30.008363014028998,음봉,36.58904876708984,36.50937480926514,39.102308464050296,True,False,0,1.0742852347237728,0.09800564974593769,False,41.17079600374408,-0.5756536337970459,0.20381924996075185,-136.7221006623335
2016-02-22,48.09000015258789,49.34000015258789,48.09000015258789,49.18999862670898,37.57442855834961,17572800.0,0.022873634191745,0.0226159546004283,1.25,48.294950234722585,WFC,,,,17572800.0,660287918.170166,0.8689325067162377,-3.6309494431008615,2.287363419174504,3.326730566398011,30.913483216309302,음봉,36.876258850097656,36.53024559020996,39.02613843282064,True,False,0,1.119285311017718,0.09794965629683397,False,48.294950234722585,-0.43929369939296947,0.27214334749186275,-143.09031453123757
2016-02-23,48.869998931884766,48.91999816894531,47.97999954223633,48.09999847412109,36.74181365966797,15224700.0,-0.0221590834678607,-0.0224082842108004,0.9399986267089844,48.34651171121046,WFC,,,,15224700.0,559383090.4243469,0.7510225829954347,-13.362127833925152,-2.2159083467860774,2.5583892929619716,30.06185538123136,음봉,36.85486907958985,36.561029052734376,38.94013423919678,True,False,0,1.1478565761021216,0.09786718516152909,False,48.34651171121046,-0.39387221902112657,0.25405186229096455,-160.29310115173902
2016-02-24,47.34000015258789,47.68000030517578,46.560001373291016,47.61000061035156,36.36751937866211,18595700.0,-0.0101871476588736,-0.0102393917627099,1.1199989318847656,50.04818159621941,WFC,,,,18595700.0,676279480.109787,0.9156397466409987,22.141651395429783,-1.018714765887363,3.0796682067402754,28.845028149913315,음봉,36.775428009033206,36.55035820007324,38.84864959716797,True,False,0,1.0849993569510334,0.09789575742086243,False,50.04818159621941,-0.3836552500282622,0.2114150650270632,-168.02645382127827
2016-02-25,47.709999084472656,48.15999984741211,47.709999084472656,47.75,36.47446441650391,16646200.0,0.0029406745268567,0.0029363592014287,0.4500007629394531,47.46443718933512,WFC,,,,16646200.0,607161229.5700074,0.8151826248692938,-10.4836064251413,0.2940674526856757,1.2337419346336924,31.1884887932871,음봉,36.778482055664064,36.533285522460936,38.75679969787598,True,False,0,1.0285707201276517,0.0979415059124683,False,47.464437189335115,-0.3627471345548088,0.18585854440041327,-165.81684567106734
2016-02-26,48.130001068115234,48.540000915527344,47.83000183105469,48.06999969482422,36.71891021728516,20325600.0,0.0067018338635465,0.0066794764100163,0.7099990844726562,51.072574305860606,WFC,,,,20325600.0,746333881.5124513,0.9906165069795411,22.103543150989413,0.6701833863546502,1.9336060908976251,31.955333239485324,음봉,36.775427246093756,36.51516990661621,38.67268778483073,True,False,0,1.0035705566406254,0.09799009587387068,False,51.072574305860606,-0.3227323120138621,0.18069869355308799,-160.7663127562998
2016-02-29,48.02999877929688,48.02999877929688,46.90999984741211,46.91999816894531,35.84046173095703,24018100.0,-0.0239235990700673,-0.0242144159914113,1.1199989318847727,52.192119587598775,WFC,,,,24018100.0,860819793.9002991,1.1580515771154103,18.166745385130078,-2.392359907006736,3.1249567605804,30.804532310676,음봉,36.42863388061524,36.4034839630127,38.566228612264,True,False,0,0.9921419961111896,0.09225224358966634,False,52.192119587598775,-0.3577794691610876,0.11652122912468998,-178.91607429832035
2016-03-01,47.13999938964844,48.720001220703125,47.13999938964844,48.720001220703125,37.21541976928711,24758500.0,0.0383632903128161,0.0376457141787029,1.5800018310546875,60.01758673810084,WFC,,,,24758500.0,921397970.3578949,1.1758915859794845,3.0826751491583426,3.8363290312816156,4.245556924655787,31.527321672118646,음봉,36.52335510253907,36.37153701782226,38.490644454956055,True,False,0,1.0049994332449788,0.08463686738929524,True,60.01758673810084,-0.27147754688857617,0.16225852111776112,-150.5078512614904
2016-03-02,48.84000015258789,49.56999969482422,48.61000061035156,49.56999969482422,37.86469650268555,18667700.0,0.0174464439047996,0.0172960019663457,0.9599990844726562,64.28563634913905,WFC,,,,18667700.0,706846794.903183,0.8848320864487267,-24.600844154532787,1.7446443904799658,2.5353407610293894,31.23592439737637,음봉,36.822790527343756,36.41412239074707,38.43699881235759,True,False,0,0.9942850385393426,0.09250918815262137,False,64.28563634913905,-0.1489741641529463,0.2278095230827128,-130.8738441165627
2016-03-03,49.630001068115234,49.790000915527344,49.06999969482422,49.77000045776367,38.01748275756836,14268100.0,0.0040350582203128,0.0040269392060275,0.720001220703125,70.78450665219668,WFC,,,,14268100.0,542437245.7332611,0.67694455155046,-23.56798105819142,0.4035058220312804,1.8938687374292034,31.07196320613645,음봉,37.13139419555664,36.49700222015381,38.3673287709554,True,False,0,0.9721423557826456,0.09648538072522755,False,70.78450665219668,-0.039109941805683945,0.27013899634398014,-204.98746882029022
2016-03-04,50.0099983215332,50.4900016784668,49.68000030517578,50.11000061035156,38.27718353271485,18685600.0,0.0068310881286528,0.0068078619594872,0.8100013732910156,65.08611063425838,WFC,,,,18685600.0,715232140.6188966,0.8826057452047381,30.960674511672902,0.6831088128652851,2.116146744701635,31.544738615229395,음봉,37.44304885864258,36.568041038513186,38.305145327250166,True,False,0,0.9257139478410998,0.10339979452837661,False,65.08611063425838,0.06812858416057566,0.3019020178481918,-210.7587073127642
2016-03-07,49.77000045776367,50.15999984741211,49.43999862670898,50.06999969482422,38.24663162231445,14386100.0,-0.000798175507722,-0.0007984942193958,0.7200012207031321,60.905814462198656,WFC,,,,14386100.0,550219867.181778,0.6800429369233756,-23.009697307017163,-0.07981755077220987,1.8825219115062086,30.025241839505007,음봉,37.92428283691406,36.65244808197021,38.25533879597982,True,False,0,0.9171425955636171,0.10316167480085703,False,60.905814462198656,0.14893378875603247,0.30616577795491884,-211.53610955266123
2016-03-08,49.61000061035156,49.65999984741211,48.91999816894531,49.04999923706055,37.46749114990234,18098200.0,-0.0203714795097809,-0.0205818399034625,0.7400016784667969,54.946323054022685,WFC,,,,18098200.0,678094148.3291625,0.8565128115600089,25.803379651191083,-2.037147950978091,1.9750499853490346,29.71077061177673,음봉,37.97469711303711,36.749841117858885,38.19608370463053,True,False,0,0.900714329310827,0.10288827964075298,False,54.946323054022685,0.14839180268079843,0.24449903350374785,-231.3615653264431
2016-03-09,49.380001068115234,49.5,48.5099983215332,48.790000915527344,37.26889419555664,17920100.0,-0.0053005138121241,-0.0053146113737405,0.9900016784667968,55.78605619827499,WFC,,,,17920100.0,667862310.8737946,0.8481296305297317,-0.9840757644406617,-0.5300513812124152,2.6563752422384166,31.79425564031647,음봉,37.85553665161133,36.83921318054199,38.130739275614424,True,False,0,0.924285888671876,0.10263867230705816,False,55.78605619827499,0.13043360296119744,0.1812326670273175,-236.41492255097427
2016-03-10,48.93999862670898,49.130001068115234,47.959999084472656,48.5099983215332,37.05500411987305,18542700.0,-0.0057391044274421,-0.0057556363699636,1.170001983642578,52.31275055645601,WFC,,,,18542700.0,687099824.89357,0.8785247607782072,3.474310969246819,-0.5739104427442188,3.1574736298979165,31.315939694673894,음봉,37.66304092407226,36.928585052490234,38.07484213511149,True,False,0,0.9485718863351015,0.10239027366775677,False,52.31275055645601,0.09781490936477155,0.11889117874471328,-241.8574176928169
2016-03-11,49.119998931884766,50.130001068115234,48.880001068115234,50.06999969482422,38.24663162231445,18318400.0,0.0321583421927706,0.0316520876471666,1.25,54.6121688767722,WFC,,,,18318400.0,700617096.7102051,0.8680160540134019,-1.2096404514984282,3.2158342192770695,3.2682616663965387,32.55969092050678,음봉,37.65693054199219,37.11611385345459,38.04019514719645,True,True,0,0.9485718863351015,0.06565131822201857,False,54.612168876772195,0.1662028571823697,0.14982330124984913,-211.53610955266123
2016-03-14,49.970001220703125,50.06999969482422,49.43999862670898,49.880001068115234,38.10149765014648,12803900.0,-0.0037946863818276,-0.0038019044702364,0.6300010681152415,60.30095422395381,WFC,,,,12803900.0,487847765.76271045,0.6072926093906089,-30.103611669141404,-0.3794686381827672,1.653481114837016,30.652031567529832,음봉,37.62790374755859,37.21426982879639,37.981526438395186,True,True,0,0.9264292035784055,0.0654781569803174,False,60.30095422395381,0.20631146972147718,0.15194553103116526,-215.2290856569337
2016-03-15,49.29999923706055,49.9900016784668,49.20000076293945,49.97999954223633,38.17788696289063,12945600.0,0.0020048900294045,0.0020028829196313,0.7900009155273438,64.36368456958002,WFC,,,,12945600.0,494235653.466797,0.616273052826548,1.1066940541553771,0.20048900294045158,2.069263069208713,29.391237293978172,음봉,37.76998291015625,37.28072605133057,37.91225579579671,True,True,0,0.9028579166957326,0.06536143631974281,False,64.36368456958002,0.24147820284316168,0.1496898113222798,-243.91364297009176
2016-03-16,49.75,50.290000915527344,49.27999877929688,49.540000915527344,37.84177780151367,16629700.0,-0.0088037654284969,-0.0088427475328713,1.0100021362304616,60.46778269902567,WFC,,,,16629700.0,629297412.3058319,0.7949128272893657,28.45831788406872,-0.8803765428496924,2.6690134420430467,30.311035936477055,음봉,37.884559631347656,37.33457870483399,37.84218381245931,True,False,0,0.9428580147879474,0.06526715678305803,False,60.46778269902567,0.23946647144786937,0.11814246394158996,-253.3021622289755
2016-03-17,49.43000030517578,49.93000030517578,48.84000015258789,49.72999954223633,37.986915588378906,16002800.0,0.0038353849976739,0.0038280486611007,1.0900001525878906,59.85739399446264,WFC,,,,16002800.0,607897012.77771,0.7667231037361402,-3.7697613306313382,0.3835384997673996,2.8694094682468703,30.62282793489311,음봉,38.07094192504883,37.410964775085446,37.79575468699137,True,True,0,0.9700009482247499,0.06513389367014137,False,59.85739399446264,0.24673930908888053,0.1003322412660809,-249.24803617780316
2016-03-18,50.43999862670898,50.70000076293945,49.93000030517578,50.540000915527344,38.60564804077149,35812100.0,0.016288041363955,0.0161568142557456,0.7700004577636719,72.40094167906383,WFC,,,,35812100.0,1382549328.2009127,1.6968203903428984,123.78646236908541,1.6288041363955008,1.9945279948428092,32.78255906130943,음봉,38.14274520874024,37.504537963867186,37.75673224131266,True,True,0,0.9450010572160998,0.07372937942812441,False,72.40094167906383,0.2989831318213234,0.12206085119881901,-239.72887799724165
2016-03-21,50.5,50.75,50.16999816894531,50.66999816894531,38.70495223999024,13543200.0,0.0025722712675066,0.0025689686400599,0.5800018310546875,65.21055567501526,WFC,,,,13543200.0,524188909.17663586,0.6442403898144639,-62.18261425607545,0.25722712675066983,1.498520983719043,30.809875142276756,음봉,38.26343612670898,37.561064147949224,37.71532211303711,True,True,0,0.8735724857875284,0.07626222989184418,False,65.21055567501526,0.3444293890913741,0.13400568677509572,-331.72200026798555
2016-03-22,50.209999084472656,50.58000183105469,50.0,50.369998931884766,38.47579193115234,13907000.0,-0.0059206973675356,-0.0059382941875366,0.5800018310546875,56.82595819928822,WFC,,,,13907000.0,535082838.3865355,0.6704362176862149,2.6862189142890847,-0.5920697367535643,1.5074461159695658,29.724999460392866,음봉,38.32301712036133,37.647763061523435,37.66124947865804,True,True,0,0.8464298248291021,0.0760866058456674,False,56.82595819928822,0.3578297154340362,0.11792481049420625,-339.9356287138598
2016-03-23,50.18000030517578,50.33000183105469,49.70000076293945,49.7599983215332,38.00983047485352,13648100.0,-0.0121105098273894,-0.0121844395421901,0.6300010681152344,49.920112909212335,WFC,,,,13648100.0,518761967.3038484,0.6576255643502715,-1.8616524052635364,-1.2110509827389482,1.657468765960504,30.419668541109367,음봉,38.3566276550293,37.72987861633301,37.602189954121904,True,True,0,0.8400012425013956,0.07592101045862341,False,49.920112909212335,0.32708000064134524,0.06974007656121223,-356.6367506993607
2016-03-24,49.02000045776367,49.08000183105469,48.52000045776367,48.900001525878906,37.35291290283203,20871100.0,-0.0172828335147691,-0.017433925072701,0.5600013732910156,41.08991284521753,WFC,,,,20871100.0,779596380.4862976,0.9976095384778798,52.92311750353529,-1.7282833514769114,1.4992174097580415,28.96663796013044,음봉,38.229827117919925,37.77380104064942,37.53395055135091,True,False,0,0.8221440996442527,0.07583273142013572,False,41.08991284521753,0.24685725538497394,-0.008386134956127278,-380.18217566196597
2016-03-28,49.040000915527344,49.040000915527344,48.54999923706055,48.70000076293945,37.20014190673828,18478100.0,-0.0040899352746909,-0.0040983219350426,0.4900016784667969,40.14395457605838,WFC,,,,18478100.0,687387942.1669006,0.879594053379948,-11.465615132887097,-0.40899352746909257,1.3172037883490977,31.288290803711906,음봉,37.948725891113284,37.79786262512208,37.455458577473955,True,False,0,0.8057155609130859,0.0757844573764165,False,40.14395457605838,0.16900462901122637,-0.06899100906389988,-385.657836807578
2016-03-29,48.619998931884766,48.650001525878906,47.84000015258789,48.04999923706055,36.7036361694336,24459500.0,-0.0133468775078716,-0.0134367476302836,0.8100013732910156,42.401324227875456,WFC,,,,24459500.0,897752588.8862611,1.1474486546105818,32.37021122301535,-1.3346877507871668,2.2068695579692355,30.69842328498736,음봉,37.54846267700195,37.8410213470459,37.373745155334475,False,False,0,0.8107155391148159,0.05288747500238588,False,42.401324227875456,0.06647570760973309,-0.13721594437231452,-382.6929404500816
2016-03-30,48.400001525878906,49.15999984741211,48.150001525878906,48.650001525878906,37.16194915771485,16794200.0,0.0124868551487802,0.0124095373451769,1.0099983215332031,48.98840353587882,WFC,,,,16794200.0,624105206.5444947,0.7828942461374534,-31.33874363744148,1.248685514878023,2.7178292431507907,31.867048001598043,음봉,37.28569412231446,37.83834781646729,37.306365712483725,False,False,0,0.8121438707624163,0.052891211853749745,False,48.988403535878824,0.021949802922684114,-0.14539347924749083,-366.9433523980811
2016-03-31,48.59999847412109,48.84000015258789,48.27000045776367,48.36000061035156,36.94043350219727,16397600.0,-0.0059608190780701,-0.0059786556759205,0.5699996948242188,48.91783408278573,WFC,,,,16397600.0,605734452.39563,0.7596267107430336,-2.3615295756868493,-0.5960819078070112,1.5430238380670718,30.77892730508644,음봉,37.071814727783206,37.79213466644288,37.25361239115397,False,False,0,0.7692865644182477,0.05295588852602412,False,48.91783408278573,-0.030856069882347015,-0.15855948164201755,-374.5555746363254
2016-04-01,48.22999954223633,48.58000183105469,47.77999877929688,48.45000076293945,37.0091667175293,14321400.0,0.0018606499387165,0.0018589210738287,0.8000030517578054,35.1647276186296,WFC,,,,14321400.0,530023080.2284241,0.6603842994152156,-12.661609015953557,0.18606499387165965,2.1616348670149494,30.561541838342354,음봉,37.00306549072266,37.74171886444093,37.20225766499837,False,False,0,0.737143925258091,0.05302662758272566,False,35.1647276186296,-0.06639356479031022,-0.15527758123998459,-362.6541291191018
2016-04-04,48.41999816894531,48.66999816894531,48.20000076293945,48.5,37.047359466552734,12110200.0,0.0010319807877583,0.0010314486616496,0.4699974060058594,37.029961906943456,WFC,,,,12110200.0,448650932.6118469,0.5579400328031993,-15.439831301409079,0.10319807877583465,1.2686394193091806,30.83244629231629,음봉,36.972509002685555,37.68022766113281,37.16429901123047,False,False,0,0.725715092250278,0.05311316291809457,False,37.029961906943456,-0.09043299461350074,-0.1434536088505401,-361.36817850207154
2016-04-05,48.08000183105469,48.09000015258789,47.459999084472656,47.5099983215332,36.2911491394043,18297700.0,-0.020411989897179,-0.0206231935637358,0.6300010681152344,30.112658092460165,WFC,,,,18297700.0,664044559.608078,0.8477761813123231,51.093293256923914,-2.0411989897179073,1.7359634044522172,29.779834577583035,음봉,36.890011596679685,37.5824535369873,37.13243420918783,False,False,0,0.7142865317208417,0.06422686316129857,False,30.112658092460165,-0.16856120082889703,-0.1772654520527491,-339.47862726591796
2016-04-06,47.38999938964844,48.130001068115234,47.220001220703125,48.08000183105469,36.72654724121094,17214400.0,0.0119973633277401,0.0119259654545083,0.9099998474121094,38.48581162245721,WFC,,,,17214400.0,632225474.8291016,0.7961469825128522,-5.920416227176095,1.1997363327740151,2.4777713010576625,30.58280190470244,음봉,36.802931213378905,37.54540634155274,37.118437894185384,False,False,0,0.7071435110909593,0.06429023776244257,False,38.48581162245721,-0.1931192209317132,-0.1614587777244522,-297.2650880514563
2016-04-07,47.709999084472656,47.77999877929688,46.619998931884766,46.93000030517578,35.84810256958008,17593100.0,-0.0239185204604573,-0.0242092129187902,1.1599998474121165,30.821812380580354,WFC,,,,17593100.0,630679253.3168793,0.8151174904656067,2.1999024072869133,-2.3918520460457393,3.235875162878125,29.906028930857854,음봉,36.58446502685547,37.474366760253915,37.08310502370198,False,False,0,0.7121434892926898,0.0762347683868056,True,30.821812380580354,-0.2802344045463485,-0.19885916907127,-260.8206677103971
2016-04-08,47.34999847412109,47.650001525878906,46.970001220703125,47.06999969482422,35.95502853393555,12236500.0,0.0029827510158433,0.0029783114399409,0.6800003051757812,23.830625418992213,WFC,,,,12236500.0,439963706.6555023,0.5746238946644918,-30.44716394495569,0.29827510158433324,1.8912523029538817,32.08508980974984,음봉,36.37363739013672,37.419367980957034,37.033510271708174,False,False,0,0.7057149069649833,0.07634681782610635,False,23.830625418992213,-0.3367637802558221,-0.20431083582459483,-258.23166197911615
2016-04-11,47.11000061035156,47.709999084472656,47.0,47.02999877929688,35.92448043823242,15113500.0,-0.0008496195650156,-0.0008499806962821,0.7099990844726562,22.170780243225508,WFC,,,,15113500.0,542944635.1032257,0.7139141926801771,23.51162505618436,-0.08496195650156135,1.9763656309335063,31.02478994249047,음봉,36.149061584472655,37.30326042175294,37.00399843851725,False,False,0,0.7150004250662667,0.07658444967304323,False,22.170780243225508,-0.37965229842877335,-0.19775948319803685,-270.088653114226
2016-04-12,47.13999938964844,47.83000183105469,46.95000076293945,47.77000045776367,36.48974990844727,18772600.0,0.0157349379397917,0.015612427264598,0.8800010681152344,31.375176632622114,WFC,,,,18772600.0,685007479.1313173,0.8869406476797518,24.21080490951799,1.5734937939791749,2.411639077612633,31.219710945297248,음봉,36.18878173828125,37.22267303466798,36.97241134643555,False,False,0,0.736428941999163,0.0767502556237535,False,31.375176632622114,-0.363835170618394,-0.14555388431012597,-273.05232094842944
2016-04-13,48.290000915527344,49.25,48.27000045776367,49.02999877929688,37.45221710205078,26311900.0,0.0263763713376588,0.0260345131439953,0.979999542236328,45.21625755728212,WFC,,,,26311900.0,985438991.16745,1.245621706351383,40.161192376122656,2.63763713376588,2.6166662965933356,32.33853626480555,음봉,36.33391571044922,37.186389541625985,36.979858016967775,False,True,0,0.7614288330078125,0.07682514236054676,False,45.21625755728212,-0.27051855452135953,-0.041789814570473205,-348.584718880133
2016-04-14,48.29999923706055,49.29999923706055,48.16999816894531,48.790000915527344,37.26889419555664,30067900.0,-0.0048948479069909,-0.0049068669118479,1.1300010681152344,49.215455648398745,WFC,,,,30067900.0,1120597383.7825775,1.414869744256837,14.27490983167312,-0.4894847906990907,3.0320219918141764,28.96432567784023,음봉,36.61807403564453,37.15774536132813,36.99195575714111,False,True,0,0.8021430969238281,0.07688436536258267,False,49.215455648398745,-0.208948462603594,0.01582422187783389,-348.9217787874388
2016-04-15,48.619998931884766,48.93999862670898,48.060001373291016,48.25,36.856407165527344,24885200.0,-0.0110678634001025,-0.0111295679140672,0.8799972534179616,46.93877551020407,WFC,,,,24885200.0,917179063.595581,1.1707177414224,-17.236654372270767,-1.1067863400102573,2.3876371059874866,30.45731562832753,음봉,36.79834976196289,37.10121994018555,37.00147399902344,False,False,0,0.8299999237060541,0.07700150224213559,False,46.93877551020407,-0.1912335558018583,0.02683130294365571,-364.3130841254523
2016-04-18,48.25,48.880001068115234,47.90999984741211,48.84000015258789,37.30708312988281,18225800.0,0.0122278865200131,0.0121537298234064,0.970001220703125,55.41839356054113,WFC,,,,18225800.0,679951435.7086182,0.8723219919801636,-26.760484143185504,1.2227886520013165,2.600045726775563,30.913465827806863,음봉,37.07487030029297,37.036291694641115,37.01673482259115,True,True,1,0.8414284842354905,0.07713649341474241,False,55.41839356054113,-0.13922369655627165,0.06307292975139392,-347.49681871365004
2016-04-19,49.0099983215332,49.91999816894531,48.97999954223633,49.880001068115234,38.10149765014648,18673400.0,0.0212939327767316,0.0210703848976273,0.9399986267089844,57.95606441680325,WFC,,,,18673400.0,711484506.2202452,0.9014460923874351,2.455859276410366,2.129393277673164,2.467091019203994,31.369150868501983,음봉,37.397219848632815,37.00611896514893,37.03247623443603,True,True,0,0.8364285060337606,0.07100688845666103,False,57.95606441680325,-0.03351653802229748,0.1350240706282945,-258.1364621564606
2016-04-20,49.97999954223633,50.52000045776367,49.7599983215332,50.45000076293945,38.536888122558594,22647700.0,0.0114271222724611,0.0113623258678236,0.7600021362304688,63.0461686751795,WFC,,,,22647700.0,872771881.1332703,1.1082431542656064,21.283215697194933,1.142712227246112,1.972141948289751,31.175944843848374,음봉,37.61415405273438,37.00917377471924,37.072655296325685,True,True,0,0.8500001089913499,0.07265186651681509,False,63.0461686751795,0.08441641917457332,0.20236562226013222,-207.2591704308259
2016-04-21,50.54999923706055,50.77999877929688,49.93000030517578,50.04999923706055,38.23134613037109,20255400.0,-0.007928559026764,-0.0079601571802549,0.8499984741211009,59.61545041089404,WFC,,,,20255400.0,774391208.4091185,0.9942809511572971,-10.56310353810762,-0.7928559026764037,2.223302499531555,31.173018112663225,음봉,37.806644439697266,37.02024955749512,37.10016212463379,True,True,0,0.8535712105887282,0.07263013040478394,False,59.61545041089404,0.15147830456320577,0.21554200611901173,-201.65031512518334
2016-04-22,50.04999923706055,50.7400016784668,50.04999923706055,50.619998931884766,38.666751861572266,16365700.0,0.0113887104502263,0.011324347301888,0.69000244140625,61.99105375430475,WFC,,,,16365700.0,632808460.9409332,0.8045582151876727,-19.20327418861143,1.138871045022638,1.784485140816773,30.913515486447103,음봉,38.16871337890625,37.08594150543213,37.131009356180826,True,True,0,0.8692858559744704,0.07600317472267297,False,61.99105375430475,0.2370266399960741,0.240872273241504,-191.18383081816975
2016-04-25,50.310001373291016,50.59999847412109,50.119998931884766,50.5099983215332,38.582740783691406,11689100.0,-0.0021726955028863,-0.0021750592301541,0.479999542236321,68.84438630667252,WFC,,,,11689100.0,450997515.2946472,0.5799692143031812,-28.57561851922008,-0.2172695502886346,1.244078394864091,30.111785839684213,음봉,38.42384490966797,37.15507144927979,37.15603466033936,True,True,0,0.8585714612688337,0.07586176481560296,False,68.84438630667252,0.29464879242751607,0.23879554053835678,-193.20332795668818
2016-04-26,50.5099983215332,50.9900016784668,50.45000076293945,50.91999816894531,38.89591979980469,13333500.0,0.0081170754008657,0.0080843091357431,0.5400009155273438,68.2052864632019,WFC,,,,13333500.0,518618746.6506958,0.6644685951149987,14.067806760144075,0.8117075400865703,1.3883227811726806,30.91345325805197,음봉,38.58272933959961,37.26468563079834,37.16973031361898,True,True,1,0.8321429661342076,0.08178835212568288,False,68.2052864632019,0.3614194739087395,0.24445297761566415,-176.752271794827
2016-04-27,50.869998931884766,51.40999984741211,50.720001220703125,50.93000030517578,38.90356063842773,15342700.0,0.0001964431915317,0.0001964238990945,0.6899986267089844,80.03036892621463,WFC,,,,15342700.0,596885659.8072051,0.7676924300033414,15.068811639854495,0.019644319153178103,1.773613045658924,30.784923441096268,음봉,38.656063842773435,37.351766204833986,37.18721701304118,True,True,1,0.7985714503696981,0.08180223800105652,False,80.03036892621463,0.4102234710401689,0.2346055797976748,-180.4134927409548
2016-04-28,50.5099983215332,50.93000030517578,50.20000076293945,50.40999984741211,38.50634002685547,15506300.0,-0.0102103921865674,-0.0102628757986846,0.7299995422363281,73.72176613589141,WFC,,,,15506300.0,597090860.358429,0.7794691996583698,1.066305148376756,-1.0210392186567496,1.8957905158662307,29.833869940534434,음봉,38.711062622070315,37.4300615310669,37.212106196085614,True,True,0,0.8021428244454515,0.08163112599512089,False,73.72176613589141,0.4120981952656919,0.1891842432185582,-189.3197863084842
2016-04-29,50.459999084472656,50.459999084472656,49.68000030517578,49.97999954223633,38.17788696289063,17887000.0,-0.0085298437539315,-0.0085664310758245,0.779998779296875,69.85212324563977,WFC,,,,17887000.0,682887864.1052247,0.9045342661642374,15.35311454054158,-0.852984375393151,2.04306430069072,31.043352988833394,음봉,38.61328964233398,37.48849754333496,37.2424062093099,True,True,0,0.8071428026471814,0.08150388169906468,False,69.85212324563977,0.3826693365480196,0.1278043076007087,-196.6842062947648
2016-05-02,50.27999877929688,50.70000076293945,50.150001525878906,50.59000015258789,38.64384841918945,14780300.0,0.0122050090606571,0.0121311284722755,0.5499992370605469,69.31520906304729,WFC,,,,14780300.0,571167672.7901459,0.7489966284011594,-17.368479901604516,1.2205009060657135,1.4232517193795653,31.699270910853837,음봉,38.625511169433594,37.568321990966794,37.27219689687093,True,True,1,0.7835712432861323,0.08133070381962565,False,69.31520906304729,0.3924223487491645,0.11004585584148285,-264.7471836635045
2016-05-03,49.86000061035156,50.130001068115234,49.540000915527344,50.0,38.19314956665039,16246400.0,-0.011662887392842,-0.011731432339906,0.5900001525878906,57.315100975216254,WFC,,,,16246400.0,620501185.1196289,0.829528368497731,9.919284452954269,-1.1662887392842047,1.544780043757032,29.024418245032972,음봉,38.48495712280273,37.6634220123291,37.299441210428874,True,True,0,0.7557141440255296,0.0811253440499232,False,57.315100975216254,0.3596383632489051,0.061809496272978715,-277.6242937360491
2016-05-04,49.060001373291016,49.27000045776367,48.68000030517578,48.93999862670898,37.66975021362305,22402500.0,-0.0137040112943281,-0.0137987780428575,0.5900001525878906,53.708553084802425,WFC,,,,22402500.0,843896579.1606903,1.1672654795939905,37.89208686232026,-1.3704011294328189,1.5662438674056312,28.452358420132427,음봉,38.2381950378418,37.710582160949706,37.33527654012044,True,True,0,0.7171426500592908,0.0810238902122189,False,53.708553084802425,0.28810180669582053,-0.00778164822408467,-292.5785609654018
2016-05-05,48.970001220703125,49.18999862670898,48.77000045776367,48.959999084472656,37.68514633178711,15953600.0,0.0004087130410144,0.0004086295405905,0.4199981689453054,58.275162513893605,WFC,,,,15953600.0,601213750.5187988,0.8416203999225266,-28.786519361678387,0.04087130410144191,1.114492604719012,29.99821061460983,음봉,38.07395629882812,37.80243434906006,37.37200476328532,True,True,0,0.6842855725969582,0.07880657030409945,False,58.275162513893605,0.22999961589727036,-0.05270707121810786,-292.138671875
2016-05-06,48.709999084472656,49.119998931884766,48.650001525878906,49.02000045776367,37.7313346862793,14189600.0,0.0012256381887318,0.0012248877073968,0.4699974060058594,54.60852312611314,WFC,,,,14189600.0,535392546.6644287,0.7545925362306974,-11.05706548992077,0.12256381887318923,1.245642143098559,29.25516768761005,음봉,37.98464584350586,37.891249656677246,37.41306756337484,True,True,0,0.6485710144042963,0.07862185140864912,False,54.60852312611314,0.18554141929492118,-0.07773221425636562,-395.60411158272717
2016-05-09,49.02000045776367,49.220001220703125,48.810001373291016,48.880001068115234,37.62356948852539,13877000.0,-0.0028561194203685,-0.002860205912301,0.4099998474121094,43.89814362053422,WFC,,,,13877000.0,522102273.79226685,0.7489019614998443,-2.2030219315555044,-0.28561194203685636,1.0897420233801924,29.918543474131088,음봉,37.78059005737305,37.9762041091919,37.465192794799805,False,True,0,0.6107139587402338,0.063561137470193,False,43.89814362053422,0.13999841279947134,-0.09862017660145236,-399.5086501077376
2016-05-10,49.0,49.5099983215332,49.0,49.400001525878906,38.02383041381836,14234400.0,0.0106385686083039,0.0105823772166123,0.5099983215332031,43.39034394095611,WFC,,,,14234400.0,541246411.642456,0.7786361785764242,2.5754846148303034,1.0638568608303922,1.3412597205037582,30.23750980072278,음봉,37.74672622680664,38.05290813446045,37.496616999308266,False,True,0,0.5928565434047149,0.05379755643554863,False,43.39034394095611,0.1346507930577161,-0.08317423707456609,-385.0064338502067
2016-05-11,49.36000061035156,49.720001220703125,49.08000183105469,49.08000183105469,37.77751159667969,17344300.0,-0.0064780116694702,-0.0064990850454156,0.6399993896484375,44.0627096042672,WFC,,,,17344300.0,655224494.3862915,0.9508488748571691,21.847777215759013,-0.6478011669470263,1.6941279681975872,29.813330411902662,음봉,37.76827850341797,38.069172859191895,37.51209615071615,False,True,0,0.5778566087995246,0.0537745718950154,False,44.0627096042672,0.10927721618867281,-0.0868382511548875,-393.9310341014793
2016-05-12,49.34000015258789,49.58000183105469,49.04999923706055,49.20000076293945,37.8698844909668,13589600.0,0.0024451820774564,0.00244219748402,0.5300025939941406,38.54702597909557,WFC,,,,13589600.0,514636582.2784424,0.7575210176529172,-21.648034224500268,0.2445182077456476,1.3995358082503884,30.606803008497902,음봉,37.8052261352539,38.099222373962405,37.5305154800415,False,True,0,0.5664280482700883,0.053732158961318846,False,38.54702597909557,0.09552108666240144,-0.0804755045449271,-390.5841880702181
2016-05-13,49.09999847412109,49.43000030517578,48.209999084472656,48.2400016784668,37.13095474243164,25251700.0,-0.0195123317239431,-0.0197052103997816,1.220001220703125,32.43999199001139,WFC,,,,25251700.0,937619729.869461,1.4116976981137634,85.81635956908225,-1.9512331723943177,3.285671562086069,29.654471182327054,음봉,37.685150146484375,38.112949752807616,37.541711489359535,False,False,0,0.6192853110177171,0.046509281162776084,True,32.43999199001139,0.02470897006639916,-0.12103009691274352,-346.2200531434886
2016-05-16,48.119998931884766,48.630001068115234,47.93999862670898,48.27000045776367,37.15404891967773,19655300.0,0.0006219656188828,0.0006217722784305,0.6900024414062571,27.34122466884249,WFC,,,,19655300.0,730273977.7309417,1.0995676173614777,-22.16246826946304,0.0621965618882836,1.857139292942079,29.595372016909987,음봉,37.59124603271484,38.10529804229736,37.54870923360189,False,False,0,0.6299997057233538,0.04651862042985392,False,27.341224668842486,-0.02920992161814695,-0.1399591908778317,-310.83417615760015
2016-05-17,48.13999938964844,48.16999816894531,47.54999923706055,47.619998931884766,36.65373992919922,21495600.0,-0.0134657999605941,-0.0135572860621988,0.6199989318847656,24.05870052685136,WFC,,,,21495600.0,787894132.0220947,1.1988618175225285,9.36286904804302,-1.346579996059416,1.6915025126559051,29.56864941885855,음봉,37.31722793579102,38.03291015625,37.53336442311605,False,False,0,0.6249997275216239,0.05915457691734884,False,24.058700526851354,-0.1110318796240719,-0.1774249191070053,-322.3744338618606
2016-05-18,47.68000030517578,48.720001220703125,47.619998931884766,48.650001525878906,37.446537017822266,30028200.0,0.0216293641564113,0.0213987686242191,1.1000022888183594,38.801613284200606,WFC,,,,30028200.0,1124452102.8785706,1.655886030776858,39.694635181153345,2.162936415641137,2.937527409530087,30.082224616846776,음봉,37.251033020019534,37.978392601013184,37.54510981241862,False,False,0,0.6514284951346261,0.059239492646892274,True,38.801613284200606,-0.11062900911645812,-0.14161763887951323,-320.7446769861242
2016-05-19,48.43999862670898,48.959999084472656,48.15999984741211,48.380001068115234,37.23871994018555,13604100.0,-0.0055497008318234,-0.0055651576351003,0.7999992370605469,39.8166983364864,WFC,,,,13604100.0,506599269.9382782,0.7532426339727111,-54.695586149019924,-0.554970083182349,2.1482995074630398,29.357752370144386,음봉,37.12480010986328,37.9287612915039,37.55962982177734,False,False,0,0.6528570992606026,0.0593170099054216,False,39.816698336486404,-0.12563064087638054,-0.1252954165115485,-327.3420413343442
2016-05-20,48.619998931884766,49.209999084472656,48.560001373291016,48.75,37.52350234985352,13222800.0,0.0076474811735045,0.0076183874244752,0.6499977111816406,37.355381579083385,WFC,,,,13222800.0,496165766.8716432,0.7349402501157943,-2.8028314993274073,0.7647481173504556,1.7322415832118558,30.563024212379812,음봉,37.20330963134766,37.87159881591797,37.57711378733317,False,False,0,0.6599998474121094,0.05940654156599475,False,37.355381579083385,-0.1132346827561932,-0.09031956671308891,-388.6236345463468
2016-05-23,48.7599983215332,48.880001068115234,48.34999847412109,48.70000076293945,37.48503112792969,10644000.0,-0.0010252566928626,-0.0010257826280155,0.5300025939941477,41.18795863165061,WFC,,,,10644000.0,398990671.3256836,0.5940077826595458,-19.502677193937746,-0.1025256692862686,1.4139046388552912,29.94522170909119,음봉,37.26950607299805,37.81671333312988,37.58988246917725,False,False,0,0.6557143075125563,0.05949276155782476,False,41.18795863165061,-0.105301255405152,-0.06590891148963818,-463.8229911769825
2016-05-24,49.04999923706055,49.369998931884766,48.68999862670898,49.20000076293945,37.8698844909668,16597700.0,0.0102668545671917,0.0102145083979716,0.6800003051757884,52.57947785043513,WFC,,,,16597700.0,628552981.8157196,0.9279071197589343,55.93479894776401,1.0266854567191785,1.7956228658104054,30.85223024001687,음봉,37.512734985351564,37.76541156768799,37.62370618184408,False,True,0,0.6621428898402633,0.05957357846335377,False,52.57947785043513,-0.0671850397124345,-0.022234156637536535,-446.08782936892305
2016-05-25,49.58000183105469,50.83000183105469,49.5099983215332,50.5,38.87051010131836,22478600.0,0.0264227267603693,0.0260796762802822,1.3200035095214844,62.1836041097158,WFC,,,,22478600.0,873754648.3634949,1.2502126943547913,35.432017689197906,2.6422726760369386,3.3958996320882195,30.921977971390792,음봉,37.79752960205078,37.76375904083252,37.65129102071126,True,True,1,0.7264289855957047,0.058700993450419785,True,62.1836041097158,0.04326571972936222,0.07057328224340814,-264.6183619377251
2016-05-26,50.52000045776367,50.65999984741211,50.400001525878906,50.54999923706055,38.90899658203125,14983300.0,0.0009901202894577,0.0009896304436748,0.2599983215332031,62.12363621512045,WFC,,,,14983300.0,582985168.4875488,0.8372887059840353,-33.344158444031216,0.09901202894577743,0.6682216052142403,29.969996087214202,음봉,38.13158493041992,37.78389186859131,37.66869602203369,True,True,1,0.7114290509905149,0.05968831005221997,False,62.12363621512045,0.13237830499299008,0.1277486940056288,-263.44499455126754
2016-05-27,50.59999847412109,50.86000061035156,50.4900016784668,50.84999847412109,39.1399040222168,13430500.0,0.0059345514012094,0.005917011311873,0.3699989318847656,65.22416207322343,WFC,,,,13430500.0,525668480.9703827,0.7576310970248178,-10.363538072387257,0.5934551401209465,0.9453240653700759,30.047040322517375,음봉,38.454865264892575,37.83199272155762,37.68740304311117,True,True,1,0.7085718427385618,0.06571591698369353,False,65.22416207322343,0.21910723961605072,0.17158210290295153,-254.08132101413284
2016-05-31,51.02000045776367,51.18999862670898,50.4900016784668,50.720001220703125,39.03984069824219,19725000.0,-0.002556555169829,-0.0025598287375584,0.6999969482421804,60.855208189835416,WFC,,,,19725000.0,770060857.7728271,1.1177494026841817,46.86720524180037,-0.2556555169829,1.793032286306687,30.352901296854057,음봉,38.76582717895508,37.851792335510254,37.700113995869955,True,True,1,0.7221431732177744,0.0656815421309709,False,60.855208189835416,0.2765780515579124,0.18324233187585054,-233.79560345586526
2016-06-01,50.2599983215332,51.040000915527344,50.16999816894531,51.0,39.2553596496582,16774300.0,0.0055204874702707,0.0055053054285342,0.8700027465820312,65.89415901174598,WFC,,,,16774300.0,658481179.3712616,0.9521647498238309,-14.959188846641315,0.5520487470270785,2.2162648727372094,28.740275120528903,음봉,39.04292221069336,37.90490283966064,37.716926129659015,True,True,1,0.7385719844273169,0.06863544094714995,False,65.89415901174598,0.33564554932831214,0.1938478637170002,-227.87475214943598
2016-06-02,50.959999084472656,51.11000061035156,50.709999084472656,51.11000061035156,39.34004592895508,14206700.0,0.002157317626247,0.0021549939579037,0.4000015258789062,65.83767568011837,WFC,,,,14206700.0,558892230.4988861,0.8064638963138301,-15.30674901486202,0.21573176262470461,1.0167795091070215,29.816665900592167,음봉,39.1368293762207,37.988417625427246,37.74813537597656,True,True,1,0.7292861938476572,0.07071381667547537,False,65.83767568011837,0.3848540835444112,0.19444511834647937,-225.54820562479344
2016-06-03,50.16999816894531,50.310001373291016,49.61000061035156,50.18999862670898,38.63190460205078,25452600.0,-0.0180005211021649,-0.0181645012817477,0.7000007629394531,66.27732745118644,WFC,,,,25452600.0,983282415.0741577,1.4360971808942953,79.15912914329155,-1.800052110216499,1.8119758012197344,27.52907879047281,음봉,39.08141098022461,38.03575553894043,37.7708522160848,True,True,0,0.692143304007395,0.07062580883941322,False,66.27732745118644,0.3625320705016293,0.13769848424295794,-245.00264094470415
2016-06-06,50.2400016784668,50.869998931884766,50.18999862670898,50.4900016784668,38.86281204223633,14528500.0,0.0059771176845702,0.0059593255784694,0.6800003051757884,67.73176598005239,WFC,,,,14528500.0,564618364.7556305,0.8196285389021902,-42.91938741032351,0.597711768457021,1.7497455007547063,30.04795439415068,음봉,39.02599258422852,38.09232940673828,37.80098234812419,True,True,0,0.6914288657052187,0.07052091698232216,False,67.73176598005239,0.3593318609757219,0.10759861977364044,-238.65902888690513
2016-06-07,50.72999954223633,50.72999954223633,50.27000045776367,50.27000045776367,38.69346618652344,15310100.0,-0.0043575296488799,-0.0043670513520039,0.4599990844726562,72.72724181490813,WFC,,,,15310100.0,592400836.6622925,0.8658845182442947,5.379770795333316,-0.4357529648879921,1.1888288380658685,30.53610090567474,음봉,38.95671768188477,38.14582424163818,37.808429590861,True,True,0,0.6800003051757822,0.07042202005491376,False,72.72724181490813,0.3392205532165278,0.06998984961155702,-250.0429554182602
2016-06-08,50.25,50.43999862670898,49.7400016784668,50.0,38.48564147949219,18168500.0,-0.0053710542764358,-0.005385530245868,0.6999969482421804,63.31355162615012,WFC,,,,18168500.0,699226377.2201538,1.0273163174143645,18.670028281983786,-0.5371054276435805,1.8188522299029033,29.86688697716513,음봉,38.802774047851564,38.168914794921875,37.81483198801676,True,True,0,0.6514284951346266,0.07037941775890508,False,63.31355162615012,0.30301946021508286,0.02703100528808966,-319.28588334827396
2016-06-09,49.650001525878906,49.68000030517578,48.84999847412109,49.13999938964844,37.82369995117188,19464400.0,-0.017199701054042,-0.0173493341573428,0.8300018310546946,56.7137897368318,WFC,,,,19464400.0,736215625.32959,1.0996817420901175,7.132674684206175,-1.7199701054042005,2.1943961910817213,29.009156706757405,음봉,38.49950485229492,38.171224212646486,37.808928871154784,True,True,0,0.6535715375627801,0.07037515969597488,False,56.7137897368318,0.21839911488975616,-0.04607147202978962,-370.6442942743273
2016-06-10,48.4900016784668,48.709999084472656,48.16999816894531,48.34000015258789,37.20792770385742,16815300.0,-0.0162800637724332,-0.0164140400960872,0.5400009155273438,46.6339033147462,WFC,,,,16815300.0,625662466.7186737,0.9512976307086538,-13.609975134090957,-1.6280063772433295,1.451306076020355,28.20004849093153,음봉,38.21470947265625,38.138126373291016,37.79836470286052,True,False,0,0.6457146235874731,0.07043623416270232,False,46.6339033147462,0.1004908119017287,-0.13118382001425366,-362.9824107114671
2016-06-13,48.130001068115234,48.5099983215332,47.959999084472656,47.970001220703125,36.92314147949219,16150100.0,-0.0076539125379914,-0.0076833540512855,0.5499992370605469,44.30578127730245,WFC,,,,16150100.0,596312427.2079468,0.9109278433584466,-3.955921095668824,-0.7653912537991414,1.4895786626553076,29.354156595841534,음봉,37.82677536010742,38.127735710144044,37.78063513437907,False,False,0,0.647142955235073,0.07045542961632406,False,44.305781277302444,-0.0157506720057512,-0.19794024313738684,-341.6984262895281
2016-06-14,47.86000061035156,48.119998931884766,46.5099983215332,46.880001068115234,36.08414840698242,25311700.0,-0.0227226893187232,-0.0229848282362507,1.6100006103515625,33.4285827565504,WFC,,,,25311700.0,913351139.233017,1.4120441214117174,56.72782211874849,-2.2722689318723233,4.461794670038607,29.620608357319522,음봉,37.30491180419922,38.07424068450928,37.738610140482585,False,False,0,0.7135715484619141,0.08551444397674716,True,33.4285827565504,-0.17357178715325006,-0.28460908662790857,-222.77455629694026
2016-06-15,47.27000045776367,47.560001373291016,46.7400016784668,46.77999877929688,36.007171630859375,20142000.0,-0.0021332573864526,-0.0021355360211773,0.8199996948242188,17.931082805051332,WFC,,,,20142000.0,725256450.9887695,1.120162242411306,-20.4241516768925,-0.21332573864526472,2.2773232600181545,30.999351639449372,음봉,36.809217834472655,38.04191226959229,37.693647130330405,False,False,0,0.6778569902692523,0.08761058788203296,False,17.931082805051332,-0.3013833804535011,-0.32993654394252764,-224.41935909829724
2016-06-16,46.470001220703125,46.86000061035156,45.959999084472656,46.84999847412109,36.06105422973633,15619300.0,0.001496440748786,0.0014953221970872,0.9000015258789062,18.21313947676097,WFC,,,,15619300.0,563248424.3305206,0.8689343249032465,-22.45407605997418,0.14964407487860765,2.4957715327600027,29.057626900294352,음봉,36.456688690185544,37.97263813018799,37.65340150197347,False,False,0,0.7235715048653739,0.08777041739025476,False,18.213139476760972,-0.3937877732375554,-0.33787274938126555,-189.27238472574683
2016-06-17,46.84999847412109,47.0,46.52000045776367,46.59999847412109,35.86863327026367,25661300.0,-0.0053359770972525,-0.0053502642697246,0.4799995422363281,13.17182735666738,WFC,,,,25661300.0,920435758.9382172,1.4405039664022399,64.29225381419141,-0.5335977097252531,1.3382153109086101,29.918549179541404,음봉,36.188829803466795,37.904133796691895,37.61771488189697,False,False,0,0.731428691319057,0.09158401237477629,False,13.171827356667379,-0.47704658744806494,-0.33690525087342005,-192.95156209313868
2016-06-20,47.4900016784668,47.900001525878906,46.91999816894531,46.93000030517578,36.12263488769531,19490100.0,0.0070814412001087,0.0070564855407993,0.9800033569335938,18.258116360231256,WFC,,,,19490100.0,704033766.2246704,1.0883151220134795,-24.048664720805256,0.7081441200108785,2.7129896807926897,32.39980826879634,음봉,36.02872848510742,37.83409042358399,37.59721024831136,False,False,0,0.7514291490827293,0.09175356457168828,False,18.258116360231256,-0.5165791865079541,-0.3011502799466473,-191.01672392414457
2016-06-21,47.290000915527344,47.34000015258789,46.77000045776367,47.22999954223633,36.353553771972656,11731600.0,0.0063926367773354,0.0063722905395549,0.5699996948242188,18.531143656387627,WFC,,,,11731600.0,426485351.4312744,0.6563508216165276,-39.80738939256341,0.6392636777335481,1.567933903792561,30.915147974535056,음봉,36.08260955810547,37.777516555786136,37.58310044606527,False,False,0,0.7300003596714569,0.09189097048148107,False,18.531143656387627,-0.5232441985754193,-0.2462522336112899,-186.53286342202685
2016-06-22,47.150001525878906,47.58000183105469,46.93000030517578,46.970001220703125,36.15342330932617,17072100.0,-0.0055051141327695,-0.0055203231173902,0.6500015258789062,16.28657264808251,WFC,,,,17072100.0,617214858.0791473,0.9522416684565685,45.52234989259778,-0.5505114132769551,1.7978975886115638,29.69846585460908,음봉,36.11185989379883,37.691693496704104,37.573930231730145,False,False,0,0.7478575025285998,0.09210020396125101,False,16.28657264808251,-0.5384680005080256,-0.20918082843511693,-199.726600405399
2016-06-23,47.63999938964844,47.90999984741211,47.38999938964844,47.90999984741211,36.876953125,16270000.0,0.0200127608797473,0.0198151378843409,0.5200004577636719,31.493445368956458,WFC,,,,16270000.0,599988027.34375,0.9112143613094157,-4.698308936803319,2.001276087974735,1.41009604562788,31.771752240566325,음봉,36.27503967285156,37.59201564788818,37.56918029785156,False,False,0,0.7350003378731869,0.09234441406938552,False,31.493445368956458,-0.48654161501112014,-0.12580355435056917,-184.99075848770167
2016-06-24,45.7599983215332,46.970001220703125,45.27999877929688,45.709999084472656,35.183589935302734,46744100.0,-0.0459192814535777,-0.0470070004774656,1.690002441406243,20.34744870602934,WFC,,,,46744100.0,1644625246.2947845,2.5537697410439844,187.30239704978487,-4.591928145357771,4.803382612501737,24.088338226921245,음봉,36.138031005859375,37.405745315551755,37.539899571736655,False,False,0,0.8071433476039337,0.11111811724612962,True,20.34744870602934,-0.5753970191130833,-0.17172716676202582,-185.25518221301445
2016-06-27,45.20000076293945,45.33000183105469,44.5,45.0099983215332,34.6447868347168,35030100.0,-0.015314045598437,-0.0154325166652244,0.8300018310546875,19.203812988092253,WFC,,,,35030100.0,1213610347.2988129,1.896415040008332,-25.05984712509173,-1.5314045598437076,2.3957481251492663,28.468984677389013,음봉,35.84246139526367,37.18098945617676,37.50049324035645,False,False,0,0.8335721152169359,0.12628117656127283,False,19.203812988092253,-0.6814372893922283,-0.22221394963293656,-165.91271790820983
2016-06-28,45.88999938964844,46.11000061035156,45.34000015258789,46.09999847412109,35.483768463134766,27525700.0,0.0242166774591681,0.0239281033146068,0.7700004577636719,29.16668652246591,WFC,,,,27525700.0,976715565.5857086,1.476535176077073,-21.422719318528927,2.421667745916811,2.170007558705751,32.45859935170118,음봉,35.668504333496095,37.00318584442139,37.47443339029948,False,False,0,0.8385723658970424,0.1268879688894717,False,29.16668652246591,-0.6898242967241686,-0.1844807655719014,-174.05851362318157
2016-06-29,46.630001068115234,46.9900016784668,46.150001525878906,46.970001220703125,36.15342330932617,20856400.0,0.0188721456371561,0.0186962759437423,0.8400001525878906,38.420502274627744,WFC,,,,20856400.0,754030257.9086304,1.1145488240666974,-24.229356564955662,1.8872145637156112,2.32343185153148,31.412200811085356,음봉,35.668504333496095,36.84808902740478,37.472137959798175,False,False,0,0.8392865317208421,0.1274220514053336,False,38.420502274627744,-0.6351143085077524,-0.10381662188438823,-198.2560215145348
2016-06-30,47.2400016784668,47.36000061035156,46.52999877929688,47.33000183105469,36.43051910400391,22538800.0,0.0076644414086857,0.0076352187993026,0.8300018310546804,44.34491749345265,WFC,,,,22538800.0,821100183.9813234,1.1961175536450244,8.066588673021236,0.7664441408685718,2.2783145875169772,30.665362652616967,음봉,35.579217529296876,36.702612686157224,37.4672041575114,False,False,0,0.8600008828299376,0.11492438545418332,False,44.34491749345265,-0.5629080798908959,-0.025288314614025365,-201.23402178659168
2016-07-01,47.08000183105469,47.27999877929688,46.86000061035156,47.02999877929688,36.19960403442383,19013600.0,-0.0063385061552611,-0.0063586797776688,0.4199981689453196,44.69521489482503,WFC,,,,19013600.0,688284791.2689209,1.003203936379552,-15.640584236960265,-0.6338506155261103,1.1602286272135034,29.232311229625978,음봉,35.7824203491211,36.58099765777588,37.47306251525879,False,False,0,0.8507150922502785,0.11530645629132867,False,44.69521489482503,-0.518341916811238,0.015422278772506015,-229.29277388638732
2016-07-05,46.70000076293945,46.7599983215332,45.810001373291016,46.209999084472656,35.56843185424805,22213000.0,-0.0174358863034957,-0.0175896816970372,0.9499969482421876,46.10005677176368,WFC,,,,22213000.0,790081576.7784119,1.1681815506785986,16.8269028484874,-1.7435886303495796,2.670899161748472,29.006938082887114,음봉,35.967149353027345,36.41627864837646,37.466619237264,False,False,0,0.8035719735281803,0.11117773430117198,False,46.100056771763676,-0.5278682943917516,0.004716720953593878,-261.9228312438263
2016-07-06,45.88999938964844,46.65999984741211,45.70000076293945,46.650001525878906,35.9071159362793,19024100.0,0.0095220414388552,0.0094769925481025,0.9599990844726562,49.27216916288215,WFC,,,,19024100.0,683100564.283371,0.9989682070407305,-14.356007743213429,0.9522041438855267,2.6735622158467667,29.018899617773435,음봉,36.05181884765625,36.276961135864255,37.46632982889811,False,False,0,0.8135719299316401,0.10587586513629532,False,49.27216916288215,-0.5022988538225377,0.024228929218246265,-251.99074628234803
2016-07-07,46.58000183105469,47.220001220703125,46.43999862670898,46.79999923706055,36.02256393432617,17946200.0,0.0032151843732519,0.0032100267202216,0.7800025939941477,49.722497249724974,WFC,,,,17946200.0,646468136.8782043,0.9420896913306147,-5.665971057763574,0.3215184373251967,2.1653167037643244,29.723595494874814,음봉,36.02564697265625,36.15380725860596,37.458543395996095,False,False,0,0.8050005776541573,0.08792747866681136,False,49.722497249724974,-0.467332085967449,0.047356557658667975,-248.60517434062226
2016-07-08,47.45000076293945,47.91999816894531,47.45000076293945,47.790000915527344,36.78459167480469,19775700.0,0.0211541783052364,0.0209335349370776,0.4699974060058594,56.102543613923295,WFC,,,,19775700.0,727441049.583435,1.0316487785974147,10.194358694319682,2.115417830523647,1.277701843643898,31.72299686787145,음봉,36.09646148681641,36.101851844787596,37.44741630554199,False,False,0,0.804286139351981,0.0709974901055025,False,56.102543613923295,-0.3738222106471909,0.11269314638314087,-225.59685543851194
2016-07-11,48.09999847412109,48.45000076293945,47.93999862670898,48.08000183105469,37.00780487060547,16008700.0,0.006068116720558,0.006049779843109,0.5100021362304759,55.92171077882942,WFC,,,,16008700.0,592446845.8320618,0.8345152103312442,-19.048630389821852,0.606811672055807,1.3780934535664935,30.761267922587265,음봉,36.25810165405274,36.091845703125,37.443064816792806,True,False,0,0.7707146235874726,0.06547235226831502,False,55.92171077882942,-0.2784932247837233,0.16641770579728676,-189.67578942488862
2016-07-12,48.41999816894531,48.630001068115234,48.220001220703125,48.34999847412109,37.21562194824219,15067900.0,0.0056154932280725,0.005599785124372,0.4099998474121094,55.78504314987977,WFC,,,,15067900.0,560761269.9539185,0.787887593280098,-5.876804487559895,0.5615493228072532,1.1016874794738583,30.83726078388484,음봉,36.58753967285156,36.1064697265625,37.449051729838054,True,False,0,0.7592860630580363,0.0712015085660424,False,55.78504314987977,-0.1840535604378104,0.20868589611455973,-176.37714692122606
2016-07-13,48.310001373291016,48.470001220703125,47.97999954223633,48.27000045776367,37.15404891967773,14389600.0,-0.0016544941436177,-0.0016558643305727,0.4900016784667969,56.84209153463712,WFC,,,,14389600.0,534631902.3345946,0.7599397342664413,-4.501622654782689,-0.16544941436177352,1.3188378998103745,29.811081594923746,음봉,36.83692626953125,36.15996475219727,37.44650115966797,True,False,0,0.7478575025285998,0.0710961731058981,False,56.84209153463712,-0.11287670249743798,0.22389020324394576,-177.86801889798707
2016-07-14,49.04999923706055,49.150001525878906,48.66999816894531,48.93999862670898,37.66975021362305,17578400.0,0.013880083300213,0.0137846371304478,0.4800033569335937,55.57958085018756,WFC,,,,17578400.0,662173937.1551514,0.9381681479383057,22.16044921332072,1.3880083300213064,1.2742408808434393,32.01791100372488,음봉,37.16636352539062,36.24309368133545,37.43930536905925,True,True,0,0.7450005667550228,0.0834631669554206,False,55.57958085018756,-0.014686449010092417,0.25766436538503307,-146.8870439797534
2016-07-15,48.84999847412109,48.880001068115234,47.40999984741211,47.709999084472656,36.72300720214844,35121000.0,-0.0251327127497709,-0.0254539328896551,1.470001220703125,62.10646757870643,WFC,,,,35121000.0,1289748735.9466553,1.8583117137258822,99.79634096391025,-2.5132712749770914,4.002943475220418,29.679645331056026,음봉,37.154046630859376,36.276191329956056,37.409074020385745,True,False,0,0.7292861938476572,0.08338701688366892,True,62.10646757870643,-0.01311305532411211,0.20739020725681068,-167.24710206157658
2016-07-18,47.810001373291016,48.33000183105469,47.77999877929688,48.27999877929688,37.161746978759766,24139200.0,0.0119472725693787,0.0118764673037356,0.5500030517578054,70.110690084831,WFC,,,,24139200.0,897054842.6696777,1.2709339746296182,-31.268471854446055,1.1947272569378775,1.4800247471470223,30.19086675040585,음봉,37.184835052490236,36.34084701538086,37.39124736785889,True,False,0,0.7092862810407371,0.08323865917671011,False,70.110690084831,0.02326828151364424,0.19501723527565362,-214.6522369036284
2016-07-19,48.08000183105469,48.54999923706055,48.04999923706055,48.369998931884766,37.23102951049805,15982900.0,0.0018643507738718,0.0018626150289911,0.5,65.91872737484213,WFC,,,,15982900.0,595059821.5633392,0.8433994404322893,-33.78860939882018,0.18643507738718146,1.3429658179584179,29.380359482387576,음봉,37.1879165649414,36.39626674652099,37.36731866200765,True,False,0,0.6900005340576177,0.08311191364689613,False,65.91872737484213,0.05703382394384704,0.18302622216468514,-245.4773733216718
2016-07-20,48.59000015258789,48.68999862670898,48.400001525878906,48.61000061035156,37.4157600402832,16569900.0,0.0049617357406963,0.0049494668963557,0.289997100830071,62.61543646267293,WFC,,,,16569900.0,619975402.2914886,0.8788487803711728,3.6726751715896455,0.496173574069636,0.7750667112410635,30.509418599039684,음봉,37.2402587890625,36.44937705993652,37.34786898295085,True,True,0,0.650714601789202,0.0829908114460247,False,62.61543646267293,0.09757468920456347,0.17885366994032126,-240.1228663960628
2016-07-21,48.650001525878906,48.810001373291016,48.290000915527344,48.29999923706055,37.17714309692383,15532000.0,-0.0063774447746743,-0.0063978675519948,0.5200004577636719,57.51938020234235,WFC,,,,15532000.0,577435386.5814209,0.827088711399953,-6.263767433720179,-0.637744477467439,1.398710106389801,30.02542638048913,음봉,37.141737365722655,36.500563049316405,37.3192227045695,True,False,0,0.62857164655413,0.08287443058944546,False,57.51938020234235,0.1091905432667275,0.15237561920198822,-247.0392980074016
2016-07-22,48.31999969482422,48.36000061035156,48.09999847412109,48.31999969482422,37.19253158569336,13588500.0,0.0004139233810789,0.0004138377384284,0.2600021362304758,60.45376631179523,WFC,,,,13588500.0,505390715.4521942,0.7252987039394395,-12.51287664177183,0.04139233810789289,0.6990708218702956,29.972331571713458,음봉,37.23564224243164,36.51634197235107,37.29070555369059,True,False,0,0.6171433585030697,0.08283862006760286,False,60.45376631179523,0.11827451870711059,0.12916767571389703,-246.59325495330035
2016-07-25,48.2400016784668,48.2599983215332,47.84999847412109,48.119998931884766,37.0385856628418,12122200.0,-0.0041391622534987,-0.0041477522974972,0.4099998474121165,67.20721235587428,WFC,,,,12122200.0,448989143.12210083,0.6467962565190016,-10.790742171689294,-0.41391622534987516,1.1069533030885692,29.70346363037843,음봉,37.21100997924805,36.60909175872803,37.26624298095703,True,False,0,0.5785721370152075,0.0826287469474045,False,67.20721235587428,0.11176314928099629,0.09812504503022618,-251.05545462888531
2016-07-26,48.02999877929688,48.16999816894531,47.79999923706055,47.970001220703125,36.92314147949219,16130100.0,-0.0031168626253843,-0.0031217301586168,0.3699989318847656,62.547640471670064,WFC,,,,16130100.0,595573964.3783569,0.858609513921489,33.06248040784676,-0.31168626253843534,1.0020786884839419,29.67557459269293,음봉,37.14943237304688,36.723009490966795,37.245330556233725,True,False,0,0.5364292689732153,0.05952621478438454,False,62.547640471670064,0.09617877229213434,0.06603253443309137,-351.1751647989673
2016-07-27,47.95000076293945,48.220001220703125,47.77999877929688,48.0,36.94622421264648,17886800.0,0.0006251562632368,0.0006249609344632,0.4400024414062429,61.67326505464148,WFC,,,,17886800.0,660849723.246765,0.9500768623533647,10.890819027780353,0.06251562632368923,1.190926680014118,29.864358344405208,음봉,37.05552520751953,36.796132278442386,37.21703681945801,True,False,0,0.5121435437883649,0.05710704438917597,False,61.67326505464148,0.08471409356624093,0.043654284565758365,-601.3658356919398
2016-07-28,47.93999862670898,48.220001220703125,47.68000030517578,48.130001068115234,37.04627990722656,12562600.0,0.0027081439771547,0.0027044835623851,0.5400009155273438,53.971792169895416,WFC,,,,12562600.0,465397595.9625244,0.6689363942114595,-29.766084486884182,0.27081439771547977,1.4576387072592587,29.756151402067754,음봉,37.02935256958008,36.840775108337404,37.19792232513428,True,False,0,0.517143794468471,0.05703784334601181,False,53.971792169895416,0.08274804349318288,0.03335058759416024,-595.6155139641902
2016-07-29,47.95000076293945,48.16999816894531,47.95000076293945,47.970001220703125,36.92314147949219,13111700.0,-0.003323908042663,-0.0033294444968484,0.2199974060058593,48.674757211986304,WFC,,,,13111700.0,484125154.1366577,0.7010043515479067,4.370910480314594,-0.33239080426630263,0.5958252661899045,29.43270115924897,음봉,36.97547454833985,36.86540622711182,37.185478846232094,True,False,0,0.49642917088099836,0.056999734288283345,False,48.674757211986304,0.0704416847449636,0.016835383076752766,-602.6924282717027
2016-08-01,47.97999954223633,48.04999923706055,47.630001068115234,47.810001373291016,36.79998016357422,16026600.0,-0.0033356131407825,-0.0033411887003541,0.4199981689453125,43.31680496194633,WFC,,,,16026600.0,589778562.0895386,0.8559413690269806,22.231289611568283,-0.33356131407825673,1.1412999873327103,29.945604896282536,음봉,36.92775344848633,36.89542503356934,37.17072607676188,True,False,0,0.4971433367047986,0.056953358240570844,False,43.31680496194633,0.050172362122623326,-0.002747151636470012,-609.7706579907965
2016-08-02,47.65999984741211,47.83000183105469,47.38999938964844,47.70000076293945,36.71530532836914,17033100.0,-0.0023009478491211,-0.0023035990973266,0.44000244140625,42.99736976693225,WFC,,,,17033100.0,625375467.1886444,0.9090897769586173,6.280184193777849,-0.230094784912116,1.1984169475672843,29.5109389612864,음봉,36.88618621826172,36.95276870727539,37.153792254130046,False,False,0,0.49357196262904524,0.047699653882679605,False,42.99736976693225,0.026965386181373674,-0.020763302062175734,-606.5159718579721
2016-08-03,47.33000183105469,47.63999938964844,47.33000183105469,47.56999969482422,36.90928649902344,14913500.0,0.0052833871029913,0.0052694789798423,0.30999755859375,36.47336144272564,WFC,,,,14913500.0,550446644.203186,0.8010448063924629,-12.444006082275095,0.5283387102991366,0.8398904124086821,28.910821816001064,음봉,36.87879867553711,37.0028772354126,37.14188753763835,False,False,0,0.4814286913190564,0.04451508645712772,False,36.47336144272564,0.023950266095198458,-0.019022737718680766,-672.3045458908307
2016-08-04,47.59999847412109,48.0,47.56999969482422,47.84000015258789,37.118778228759766,14662600.0,0.0056758542255177,0.0056598072564612,0.4300003051757812,59.542471997748414,WFC,,,,14662600.0,544257797.6570129,0.7884361018501551,-1.6823683240017484,0.5675854225517751,1.1584441236878196,28.964829692333687,음봉,36.89329833984375,37.05768795013428,37.12680333455403,False,False,0,0.40714291163853183,0.025755651203556745,False,59.542471997748414,0.038026645994165165,-0.00395708625577125,-689.9477540962902
2016-08-05,48.38999938964844,48.70000076293945,48.130001068115234,48.68000030517578,37.77052688598633,19064700.0,0.0175584620056699,0.0174060932006794,0.5699996948242188,63.31106870229007,WFC,,,,19064700.0,720083763.9232635,1.0208974930862165,30.022642641823417,1.7558462005669906,1.5091123736367598,30.365280590393162,음봉,37.062775421142575,37.10698471069336,37.12668692270915,False,True,0,0.4085712432861328,0.028437275780942056,False,63.31106870229007,0.10061314254852505,0.046903528238870895,-645.9106690414023
2016-08-08,48.77999877929688,49.04999923706055,48.7400016784668,48.90999984741211,37.948974609375,14871600.0,0.0047245230104238,0.004713397479708,0.30999755859375,64.98273289888277,WFC,,,,14871600.0,564361970.8007812,0.7956880979375532,-21.994051834017846,0.4724523010423809,0.8168799336073957,29.148314310106443,음봉,37.29257431030273,37.154043197631836,37.12800509134929,True,True,1,0.3949996403285435,0.03320417308134293,False,64.98273289888277,0.16273670447769462,0.08722167213443237,-545.4093819515754
2016-08-09,49.02000045776367,49.150001525878906,48.810001373291016,48.93000030517578,37.964500427246094,10449800.0,0.0004091235146905,0.000409039846485,0.3400001525878906,62.32181005521511,WFC,,,,10449800.0,396721436.56463623,0.5609075365399893,-29.733182710670004,0.04091235146905792,0.8955738881365123,29.17345188466215,음봉,37.542413330078126,37.19148712158203,37.14189751942953,True,True,1,0.3985712868826735,0.03358819976176891,False,62.32181005521511,0.21079298827542203,0.1082223647457278,-514.5880755058666
2016-08-10,48.81999969482422,48.93000030517578,48.08000183105469,48.18000030517578,37.38257598876953,16782700.0,-0.0153281205317515,-0.0154468105970561,0.8499984741210938,53.99673154592534,WFC,,,,16782700.0,627380558.0467224,0.9012659883041972,60.60307374303815,-1.5328120531751588,2.2737825086651333,28.593815657817608,음봉,37.637071228027345,37.202913475036624,37.14570630391439,True,True,0,0.4221425737653465,0.03357788361696915,True,53.99673154592534,0.1996204008507192,0.07763982185681995,-546.5619511131791
2016-08-11,48.22999954223633,48.5,47.91999816894531,48.2400016784668,37.42912673950195,14614100.0,0.0012452526210715,0.0012444779370779,0.5800018310546875,54.54785432083557,WFC,,,,14614100.0,546993001.0837555,0.784122872857634,-12.921639545484343,0.12452526210715575,1.5496002220179108,29.0173249610342,음봉,37.69914093017578,37.19088230133057,37.158629417419434,True,True,0,0.44499969482421875,0.033588745993053816,False,54.54785432083557,0.19230552300260229,0.05625995520696242,-544.0042171275744
2016-08-12,48.04999923706055,48.08000183105469,47.83000183105469,47.900001525878906,37.16533660888672,13227500.0,-0.0070477233532898,-0.0070726758635639,0.25,52.33770053062081,WFC,,,,13227500.0,491604489.9940491,0.7170677761379856,-9.488097111693506,-0.7047723353289848,0.6726698122793855,28.375955900540788,음봉,37.57810287475586,37.21299877166748,37.15394274393717,True,True,0,0.43357113429478183,0.0335687834926123,False,52.33770053062081,0.1633398900753349,0.02183545782375601,-558.4981827785253
2016-08-15,48.04999923706055,48.34000015258789,48.02999877929688,48.27000045776367,37.4524040222168,11758900.0,0.0077240633214508,0.0076943854687983,0.3100013732910085,59.18016798404588,WFC,,,,11758900.0,440399073.6568451,0.6418153651740661,-11.102627102627105,0.7724063321450814,0.8277208937165035,29.287135867272525,음봉,37.47878875732422,37.227531623840335,37.157504145304365,True,True,0,0.4292855943952278,0.033555678939427035,False,59.18016798404588,0.16168455947119043,0.01614410177568923,-542.725245335379
2016-08-16,48.15999984741211,48.59999847412109,48.060001373291016,48.43999862670898,37.58431625366211,13957600.0,0.0035221298842942,0.0035159417109433,0.539997100830071,60.66519084514595,WFC,,,,13957600.0,524586852.54211426,0.7668310769110828,18.698177550621242,0.3522129884294234,1.4367618056041003,28.589875883117028,음봉,37.40275192260742,37.24519596099854,37.15851771036784,True,True,1,0.4364280700683584,0.03353976443525906,False,60.66519084514595,0.1690680019966635,0.018822035440929835,-535.4773193153666
2016-08-17,48.369998931884766,48.65999984741211,48.310001373291016,48.61000061035156,37.716217041015625,13062900.0,0.0035094635342918,0.0035033197372343,0.3499984741210937,61.07951104292002,WFC,,,,13062900.0,492683171.585083,0.7284535707969466,-6.410127815670319,0.35094635342918234,0.9279787358856204,28.697296514398424,음봉,37.46948013305664,37.26021881103516,37.16237080891927,True,True,1,0.4228564671107691,0.03352624162547821,False,61.07951104292002,0.18344804966736916,0.026561666489308383,-528.230022091712
2016-08-18,48.5,48.65999984741211,48.33000183105469,48.52999877929688,37.65413665771485,12189200.0,-0.0016459864793243,-0.0016473426033816,0.3299980163574219,62.33848182574467,WFC,,,,12189200.0,458973802.54821783,0.680583998663505,-6.688407627709003,-0.16459864793243462,0.8763924648098643,28.591899731771157,음봉,37.51448211669922,37.284068489074706,37.1587750116984,True,True,1,0.4307136535644521,0.03350479573448383,False,62.33848182574467,0.1876716114290602,0.02462818260079952,-531.641032735138
2016-08-19,48.43999862670898,48.72999954223633,48.20000076293945,48.650001525878906,37.747257232666016,12557700.0,0.0024730503263865,0.0024699973698023,0.529998779296875,66.15291746838349,WFC,,,,12557700.0,474018732.15065,0.7015727443942736,3.0231680504052783,0.2473050326386561,1.4040722906834686,28.64456053538075,음봉,37.63086624145508,37.31180477142334,37.1400541305542,True,True,1,0.4385708400181351,0.033479889448652364,False,66.15291746838349,0.19627038390023444,0.026581564057579,-526.5245167699989
2016-08-22,48.63999938964844,48.7400016784668,48.5,48.630001068115234,37.73174285888672,9212600.0,-0.000411006650991,-0.000411091137375,0.2400016784667968,67.75091834736122,WFC,,,,9212600.0,347607454.2617798,0.5153430744041171,-26.637839731798017,-0.04110066509910304,0.6360736618087887,28.857042751058415,음봉,37.68673400878906,37.346462631225585,37.120433235168456,True,True,1,0.42428507123674564,0.03344881980422141,False,67.75091834736122,0.19953300050465828,0.023875344529602244,-527.3769550326764
2016-08-23,48.63999938964844,48.75,48.38999938964844,48.40999984741211,37.561031341552734,15430200.0,-0.0045243475227855,-0.0045346133588816,0.3600006103515625,61.47524357464009,WFC,,,,15430200.0,579574225.806427,0.8640447335943267,67.49017649740571,-0.4524347522785521,0.9584417612977089,28.910025628971354,음봉,37.68207702636719,37.378357124328616,37.094118690490724,True,True,0,0.4278567177908751,0.03342027833705628,False,61.47524357464009,0.1861972884785743,0.008431706002814593,-633.4782755656852
2016-08-24,48.5,48.77000045776367,48.34999847412109,48.630001068115234,37.73174285888672,16315800.0,0.0045449102763355,0.0045346133588816,0.4200019836425852,60.94186447164321,WFC,,,,16315800.0,615623570.1370239,0.9186678996658945,5.739394175059309,0.4544910276335523,1.1131263806534313,29.12318503444762,음봉,37.68518218994141,37.417633056640625,37.072317059834795,True,True,1,0.4271425519670754,0.033385198283012577,False,60.94186447164321,0.18724518740809515,0.007583683945868336,-765.0197959714476
2016-08-25,48.619998931884766,48.68999862670898,48.29999923706055,48.380001068115234,37.53776550292969,13643200.0,-0.0051409593424425,-0.0051542195402047,0.3899993896484304,45.03333251935236,WFC,,,,13643200.0,512135242.3095703,0.7691072030649696,-16.380441044876747,-0.5140959342442519,1.0389520644695602,28.857018647983296,음봉,37.66190795898437,37.44220733642578,37.04369049072265,True,True,0,0.4142853873116619,0.033363286722192506,False,45.03333251935236,0.17045836543998405,-0.007362510417794232,-779.7150536080687
2016-08-26,48.58000183105469,48.84000015258789,48.27999877929688,48.5099983215332,37.63861846923828,15527300.0,0.0026867067060962,0.0026831039612038,0.5600013732910085,43.15080717398182,WFC,,,,15527300.0,584426120.5574036,0.8736802177529066,13.809810015245683,0.26867067060962757,1.4878372163119984,29.416338932756116,음봉,37.64018020629883,37.47798118591309,37.015333366394046,True,True,0,0.4321428026471804,0.03333144047114497,False,43.15080717398182,0.16340900234497013,-0.011529498810246536,-772.0746756061613
2016-08-29,48.75,49.75,48.68999862670898,49.560001373291016,38.45332336425781,21201400.0,0.0216454516173429,0.0214145153664662,1.0600013732910227,57.97474309953403,WFC,,,,21201400.0,815264289.9749756,1.1913758858466825,36.54273440971707,2.1645451617342992,2.756592358090664,29.521225758705665,음봉,37.78449630737305,37.560648345947264,37.012357012430826,True,True,1,0.4835714612688327,0.046272311912214405,True,57.97474309953403,0.2210144900943618,0.036860791151316075,-488.3691358907724
2016-08-30,49.72999954223633,50.63999938964844,49.68000030517578,50.619998931884766,39.275760650634766,25055800.0,0.0213879377495211,0.0211624256350641,0.9599990844726562,78.63834187562695,WFC,,,,25055800.0,984085603.7101746,1.3976431813253671,18.179931513956625,2.138793774952119,2.4442533220731932,29.325621796476852,음봉,38.12744216918945,37.68867111206055,37.01923948923747,True,True,1,0.4914286477225157,0.0627900661335349,True,78.63834187562695,0.32923584390991323,0.11606571597349397,-304.42165881100806
2016-08-31,50.70000076293945,50.91999816894531,50.2400016784668,50.79999923706055,39.41542053222656,24533600.0,0.0035558797405377,0.0035495725474976,0.6799964904785156,79.22360000942899,WFC,,,,24533600.0,967002161.1694336,1.356114451446436,-2.0841481812594265,0.3555879740537726,1.7252042000225307,29.087253621706882,음봉,38.46417770385742,37.813977813720705,37.03127206166585,True,True,1,0.4985711233956463,0.060735273997898895,False,79.22360000942899,0.4214136376654949,0.16659480778326047,-272.31686962361607
2016-09-01,50.91999816894531,51.0,50.11000061035156,50.43000030517578,39.12834167480469,17017100.0,-0.0072834148042935,-0.0073100683680642,0.8899993896484375,78.68439418229505,WFC,,,,17017100.0,665850903.1143188,0.9476476564162215,-30.63757459158053,-0.7283414804293509,2.2745645523268396,29.188011903393136,음봉,38.78229293823242,37.91445598602295,37.04198373158773,True,True,1,0.5442853655133918,0.05934633281219518,True,78.68439418229505,0.4659293947148129,0.16888845186606272,-299.7189712395073
2016-09-02,50.45000076293945,50.65999984741211,50.18000030517578,50.54999923706055,39.221458435058594,12684000.0,0.0023797778354064,0.0023769506486293,0.4799995422363281,77.40358308229236,WFC,,,,12684000.0,497484978.7902832,0.7074996600142794,-25.463210535285096,0.2379777835406438,1.2238186987133413,28.934676512050977,음봉,39.09886093139649,37.987002563476565,37.065279706319174,True,True,1,0.556428091866629,0.0592329947481362,False,77.40358308229236,0.5029247932812311,0.1647070803459847,-300.63085261118744
2016-09-06,50.560001373291016,50.56999969482422,49.630001068115234,49.9900016784668,38.78694915771485,21832200.0,-0.0110783559480122,-0.0111401779480469,0.9399986267089844,67.03264405970195,WFC,,,,21832200.0,846804431.4010621,1.2107845437244433,72.12393566698204,-1.1078355948012208,2.4234920433849476,28.909029369742463,음봉,39.16558609008789,38.02890129089356,37.09159673055013,True,True,0,0.5849996294294085,0.05916773419585097,True,67.03264405970195,0.4915167467484949,0.12263922705059876,-336.1805060742256
2016-09-07,49.790000915527344,50.02999877929688,49.650001525878906,49.77000045776367,38.61625671386719,12437300.0,-0.0044007700413248,-0.0044104819334798,0.3799972534179758,62.60853579810957,WFC,,,,12437300.0,480281969.6273804,0.6932535551202341,-43.03231007411071,-0.4400770041324886,0.9840344087041403,28.367922707898646,음봉,39.033685302734376,38.06148910522461,37.119815317789715,True,True,0,0.5871423993791858,0.059117075454385735,False,62.60853579810957,0.4633609968589525,0.07558678172884503,-342.2766664441426
2016-09-08,49.810001373291016,49.9900016784668,49.560001373291016,49.900001525878906,38.71711730957031,14169200.0,0.0026118687901437,0.0026084637885116,0.4300003051757812,64.73109593762746,WFC,,,,14169200.0,548590578.5827637,0.793507010814389,13.92504804097352,0.26118687901437454,1.1106206635623963,28.987130322769296,음봉,38.89402465820312,38.12821617126465,37.16369813283284,True,True,0,0.5942854200090686,0.0590136164050502,False,64.73109593762746,0.4440670409405101,0.045034260648322055,-338.674501330376
2016-09-09,49.4900016784668,49.86000061035156,48.720001220703125,48.720001220703125,37.80156707763672,32147200.0,-0.023647169406057,-0.0239312511407789,1.1399993896484375,50.61292564041408,WFC,,,,32147200.0,1215214537.1582031,1.7761089578516562,126.88084013211753,-2.3647169406057045,3.015746377146511,27.824603476441112,음봉,38.62866973876953,38.14683818817139,37.19360472361247,True,True,0,0.6378568921770373,0.058984807921447925,True,50.61292564041408,0.3508547545146641,-0.03854242062201918,-385.23628673047057
2016-09-12,48.369998931884766,48.63999938964844,47.97999954223633,48.540000915527344,37.66191101074219,35588400.0,-0.0036944517831154,-0.0037012931253081,0.6599998474121094,49.23337856173677,WFC,,,,35588400.0,1340327153.8146973,1.9332764290434,10.704509257415884,-0.3694451783115449,1.7524332401079163,27.95765538646226,음봉,38.31676025390625,38.17166690826416,37.220285669962564,True,True,0,0.6678567613874168,0.0514260096297962,False,49.23337856173677,0.26268618568784063,-0.10136879155907413,-341.6585088578015
2016-09-13,47.79999923706055,47.86000061035156,46.52000045776367,46.959999084472656,36.435997009277344,59000500.0,-0.0325504991266953,-0.0330920509202201,1.3400001525878906,39.97245937758193,WFC,,,,59000500.0,2149742041.545868,3.114620585531977,65.78576165267333,-3.2550499126695387,3.677682134639267,26.918677130926007,음봉,37.84656982421875,38.120846557617185,37.22974173227946,False,False,0,0.7378567286900116,0.07815732839106848,True,39.97245937758193,0.09282096286407437,-0.21698721150627232,-225.08938568892333
2016-09-14,47.08000183105469,47.58000183105469,46.5,46.52000045776367,36.09458923339844,44841700.0,-0.0093700681716484,-0.0094142434270783,1.0800018310546875,35.83879649073255,WFC,,,,44841700.0,1618542742.0272827,2.319181971205313,-23.997762730824313,-0.9370068171648427,2.9921432934755727,29.212882027263216,음봉,37.342236328125,38.04636020660401,37.22927430470784,False,False,0,0.7849995749337333,0.08728381061407557,False,35.83879649073255,-0.06855692275587444,-0.3026920777009769,-231.23135036892361
2016-09-15,46.119998931884766,46.34999847412109,45.18999862670898,46.150001525878906,35.80752182006836,60827800.0,-0.0079531979564531,-0.0079849933307989,1.1599998474121094,35.27078239013318,WFC,,,,60827800.0,2178092775.766754,3.033392196653569,35.65007571077814,-0.7953197956453106,3.2395423878845095,27.775381051323293,음봉,36.76031723022461,37.95092544555664,37.2201737721761,False,False,0,0.8399996076311389,0.09506747647917034,False,35.27078239013318,-0.2171112772507513,-0.36099714575668296,-161.4883750247033
2016-09-16,45.70000076293945,45.869998931884766,45.25,45.43000030517578,35.248878479003906,51871400.0,-0.0156012846650381,-0.015724265489491,0.6199989318847656,31.127569120425704,WFC,,,,51871400.0,1828408675.1358032,2.5341734002454537,-14.724188611128463,-1.5601284665038184,1.7589181802027252,27.626818165692896,음봉,36.249779510498044,37.83066253662109,37.20509802500407,False,False,0,0.844285147530693,0.11013663980083173,False,31.127569120425704,-0.37558995510514137,-0.4155806588888584,-171.10357655688492
2016-09-19,45.619998931884766,46.290000915527344,45.47999954223633,46.0099983215332,35.698883056640625,33562400.0,0.0127664934901337,0.0126856888136522,0.8100013732910156,26.91783431834629,WFC,,,,33562400.0,1198140192.7001953,1.6219882640785606,-35.296907351642716,1.2766493490133701,2.268982399269607,29.42255441987593,음봉,35.857173919677734,37.728243827819824,37.18546352386475,False,False,0,0.8264280046735496,0.11043562144682591,False,26.917834318346294,-0.45957613292767974,-0.3996534693691174,-163.35823281728753
2016-09-20,47.150001525878906,47.20000076293945,46.119998931884766,46.560001373291016,36.125633239746094,51510400.0,0.0119541606505833,0.0118832740395692,1.0800018310546875,21.727001378407408,WFC,,,,51510400.0,1860845818.4326172,2.415658434938115,53.47650942721618,1.19541606505833,2.989572041235389,32.07696568844938,음봉,35.795101165771484,37.647938346862794,37.20116424560547,False,False,0,0.834999629429409,0.11067118775097161,False,21.727001378407408,-0.4860971849007143,-0.34093961707372156,-156.0131367374954
2016-09-21,46.5099983215332,46.540000915527344,45.33000183105469,45.83000183105469,35.55922317504883,64530200.0,-0.0156788965037183,-0.0158031104708622,1.2099990844726562,17.85249301797232,WFC,,,,64530200.0,2294643783.330536,2.9229807223167215,25.276060756662734,-1.5678896503718343,3.402771423088026,28.74514340792797,음봉,35.688027954101564,37.5478479385376,37.216404851277666,False,False,0,0.8728569575718476,0.11096620131313266,False,17.85249301797232,-0.5465199266799274,-0.32108988708234765,-165.7620167859768
2016-09-22,45.83000183105469,46.119998931884766,45.369998931884766,45.720001220703125,35.47389221191406,36964400.0,-0.0023996858062591,-0.00240256966674,0.75,18.47391408510404,WFC,,,,36964400.0,1311271141.2780762,1.6498038519462275,-42.71767327545862,-0.23996858062591553,2.114230926563252,28.883585576224434,음봉,35.6213020324707,37.43495540618896,37.21624024709066,False,False,0,0.8628570011683878,0.1113008419006643,False,18.47391408510404,-0.5944385627207751,-0.29520681849855623,-177.6253061520519
2016-09-23,45.5,45.90999984741211,45.43000030517578,45.7400016784668,35.4893913269043,28710500.0,0.0004369161099562,0.0004368206899053,0.4799995422363281,17.367314713575624,WFC,,,,28710500.0,1018918169.6910858,1.2979968743501087,-22.32932226682971,0.04369161099562202,1.3525155667362583,28.263342878170626,음봉,35.66940460205078,37.332536697387695,37.205173047383624,False,False,0,0.8628570011683878,0.11160618650149765,False,17.367314713575624,-0.6239710283635773,-0.2597914273130867,-180.30865007250014
2016-09-26,45.369998931884766,45.5,44.650001525878906,44.880001068115234,34.82212829589844,30938000.0,-0.018801760358736,-0.0189807606869947,0.8499984741210938,16.68805511681809,WFC,,,,30938000.0,1077327005.2185059,1.4028212404674474,7.758485571480822,-1.8801760358736042,2.4409722085287124,27.841017373239758,음봉,35.49405364990234,37.1917121887207,37.1783665339152,False,False,0,0.8564284188406813,0.12350311308660733,False,16.68805511681809,-0.6932271788093871,-0.2632380622071171,-182.6743168639483
2016-09-27,44.790000915527344,45.09999847412109,44.65999984741211,45.09000015258789,34.98507308959961,24359000.0,0.004679346199536,0.0046684320931198,0.4399986267089772,19.45146376671132,WFC,,,,24359000.0,852201395.3895569,1.1070328630599793,-21.265110866895075,0.46793461995360275,1.257675310787847,28.625110260141636,음봉,35.26594161987305,37.018299674987794,37.15812435150146,False,False,0,0.86071423121861,0.1240816643837286,False,19.451463766711313,-0.7265892256291266,-0.2372800872214853,-180.99116404697935
2016-09-28,45.36000061035156,45.47999954223633,44.959999084472656,45.310001373291016,35.15576171875,28220300.0,0.0048788987438512,0.0048670354881429,0.5200004577636719,20.38684113363776,WFC,,,,28220300.0,992106142.4316406,1.2757387967184155,15.85163594564638,0.4878898743851279,1.479132956707732,29.655297544129528,음봉,35.18524932861328,36.812299728393555,37.15124651590983,False,False,0,0.8671428135463165,0.1247760197058618,False,20.38684113363776,-0.7308311753633134,-0.1932176295645377,-182.23112237053093
2016-09-29,45.18999862670898,45.2599983215332,44.209999084472656,44.369998931884766,34.42642593383789,45266700.0,-0.0207458393519354,-0.0209640576343319,1.0499992370605469,21.03835636347449,WFC,,,,45266700.0,1558370694.8192596,2.0135078899401777,60.40474410264951,-2.0745839351935413,3.04998038157803,28.542225846886744,음봉,34.975756072998045,36.56284999847412,37.12656834920247,False,False,0,0.86071423121861,0.13114493266856425,False,21.03835636347449,-0.7840067122664109,-0.1971145331741081,-220.84813717064867
2016-09-30,44.33000183105469,44.72999954223633,44.09999847412109,44.27999877929688,34.35659408569336,54117700.0,-0.0020284373486442,-0.0020304974139632,0.6300010681152415,21.293517635654155,WFC,,,,54117700.0,1859299851.7513275,2.3489891034368435,19.553004747419187,-0.20284373486442187,1.8337122316137389,28.767365849274896,음봉,34.74919662475586,36.324262619018555,37.098802185058595,False,False,0,0.8585714612688337,0.13392878474615208,False,21.293517635654155,-0.8223045400365905,-0.1883298887554301,-259.1329482114552
2016-10-03,44.119998931884766,44.15999984741211,43.560001373291016,43.83000183105469,34.00743103027344,38197700.0,-0.0101629123815075,-0.010214907355767,0.5999984741210938,25.118888312208057,WFC,,,,38197700.0,1299005648.2650757,1.6399180468630743,-29.417362526493186,-1.0162912381507572,1.764315786120318,28.41784846844596,음봉,34.58625717163086,36.063561248779294,37.05251617431641,False,False,0,0.8057141985212054,0.132530398051113,False,25.118888312208057,-0.8707924318554277,-0.18945422445941373,-237.62610087690578
2016-10-04,43.619998931884766,44.09000015258789,43.54999923706055,43.75,33.94535827636719,44008300.0,-0.0018252703019817,-0.0018269381376289,0.5400009155273438,26.643899559415843,WFC,,,,44008300.0,1493877510.63385,1.8577510496122978,15.21191066477825,-0.1825270301981763,1.5907945679374174,28.26608070763773,음봉,34.37831420898438,35.821481704711914,37.00147539774577,False,False,0,0.7671427045549665,0.1332094264703588,False,26.643899559415843,-0.9038096330865812,-0.17797714055245373,-263.1407382324477
2016-10-05,43.83000183105469,45.08000183105469,43.83000183105469,44.9900016784668,34.90748596191406,40459000.0,0.0283434240909665,0.0279491813713723,1.25,41.47057781531051,WFC,,,,40459000.0,1412321974.533081,1.6825412018184447,-8.06506954369971,2.8343424090966574,3.580893798435719,29.11927891351556,음봉,34.32865905761719,35.63604316711426,36.9630064646403,False,False,0,0.773571286882673,0.1339026055958595,True,41.47057781531051,-0.8426270593284784,-0.09343565343548055,-236.7810866343515
2016-10-06,45.18000030517578,45.38999938964844,44.83000183105469,45.18000030517578,35.054893493652344,29878200.0,0.0042228057299547,0.0042139147070914,0.55999755859375,48.00625114680159,WFC,,,,29878200.0,1047377118.7820435,1.2342935043296053,-26.151906868681873,0.4222805729954704,1.5974875481939574,29.427826324902295,음봉,34.45435256958008,35.45293197631836,36.92802054087321,False,False,0,0.7692854745047433,0.10876981356141091,False,48.00625114680159,-0.7733304014667581,-0.01931119645900814,-232.7425258092903
2016-10-07,45.20000076293945,45.45000076293945,44.93000030517578,45.33000183105469,35.1712760925293,24893600.0,0.0033200100550305,0.003314510989588,0.5200004577636719,44.17807613722178,WFC,,,,24893600.0,875539678.5369873,1.0224188093630624,-16.68306658366301,0.33200100550305756,1.4784804975390835,28.94063070288364,음봉,34.617288970947264,35.32141742706299,36.88637930552165,False,False,0,0.7485711233956474,0.10522093973293968,False,44.17807613722178,-0.7009411841266058,0.04246241670491546,-229.5539627894727
2016-10-10,45.70000076293945,45.91999816894531,45.43999862670898,45.650001525878906,35.41956329345703,21804900.0,0.0070593742539946,0.0070345735215942,0.4799995422363352,41.88937168177269,WFC,,,,21804900.0,772320035.6575012,0.8916449560684113,-12.40760677443198,0.705937425399461,1.3551819887203533,29.935577664884764,음봉,34.899715423583984,35.20930004119873,36.86465524037679,False,False,0,0.7057138170514793,0.07073809277650611,False,41.889371681772694,-0.6164316652347921,0.10157754847738343,-271.9207819231932
2016-10-11,45.79999923706055,45.81999969482422,45.150001525878906,45.45000076293945,35.26438903808594,25442600.0,-0.0043810324279113,-0.0043906572719347,0.6699981689453125,46.25988271877961,WFC,,,,25442600.0,897217744.5404053,1.0329866938059613,16.68294741090306,-0.43810324279113244,1.8999284752153425,29.30706925322557,음봉,35.16352157592773,35.15071964263916,36.83303260803223,True,False,0,0.6671423230852405,0.06202646732541287,False,46.25988271877961,-0.5555742145060236,0.12994799936492163,-322.3973222900061
2016-10-12,45.5099983215332,45.83000183105469,45.31999969482422,45.31999969482422,35.16352081298828,21780500.0,-0.0028603423410715,-0.0028644409376843,0.5100021362304688,46.07824423801426,WFC,,,,21780500.0,765879065.0672913,0.8819146854185085,-14.393576128225893,-0.28603423410715756,1.450372785315884,29.053698540989586,음봉,35.21472854614258,35.104166221618655,36.798574129740395,True,False,0,0.649999618530274,0.06210872377980592,False,46.07824423801426,-0.5096090136350853,0.14073056018868801,-353.8600085951445
2016-10-13,45.2400016784668,45.2400016784668,44.27999877929688,44.75,34.72126007080078,44174600.0,-0.0125772599547011,-0.0126570231964178,0.9600028991699148,41.238995500305,WFC,,,,44174600.0,1533797775.1235962,1.7783267892649377,102.81719887054935,-1.2577259954701159,2.764884964463717,28.65606353547107,음봉,35.14800186157227,35.04985313415527,36.75366579691569,True,False,0,0.6842855725969587,0.06220496716587605,False,41.238995500305,-0.5030689409490492,0.11781650629977936,-372.5208078148213
2016-10-14,45.16999816894531,45.52000045776367,44.31999969482422,44.709999084472656,34.69022750854492,45418600.0,-0.0008937625590943,-0.0008941622029926,1.2000007629394531,48.24018607397152,WFC,,,,45418600.0,1575581567.1195984,1.8038780545234987,2.816097938634421,-0.08937625590943465,3.4591896598079908,30.093199604041764,음봉,35.05179214477539,35.02192058563232,36.71221720377604,True,False,0,0.7092857360839844,0.062254580186369333,True,48.24018607397152,-0.4946875050251478,0.10095835377894469,-373.8301992174234
2016-10-17,44.540000915527344,44.7599983215332,44.31999969482422,44.5,34.527286529541016,18861300.0,-0.004697028261454,-0.0047080939629037,0.4399986267089844,43.89222763750962,WFC,,,,18861300.0,651229509.419632,0.7477521878729874,-58.47229989475677,-0.4697028261454017,1.2743504368132965,28.393510548629923,음봉,34.87333679199219,34.963340759277344,36.66779645284017,False,False,0,0.7092857360839849,0.06235888550782669,False,43.89222763750962,-0.4954815292785213,0.08013146362045698,-380.7053491093402
2016-10-18,44.75,45.0,44.40999984741211,44.95000076293945,34.87644577026367,23877600.0,0.0101125595382052,0.0100617697309575,0.5900001525878906,46.44278164651973,WFC,,,,23877600.0,832765821.5240479,0.9422891074501968,26.59572776001655,1.0112559538205224,1.6916865797458527,29.60763644635841,음봉,34.79574813842773,34.900881385803224,36.63176078796387,False,False,0,0.7142857142857147,0.04624137943227185,False,46.442781646519734,-0.4626039560942701,0.09040722944376656,-365.97288505523267
2016-10-19,44.86000061035156,45.52999877929688,44.86000061035156,45.2599983215332,35.116966247558594,26977000.0,0.0068963586163357,0.0068726875025976,0.6699981689453196,60.045014200115645,WFC,,,,26977000.0,947350398.4603882,1.0570237070957342,12.980366536000275,0.6896358616335752,1.9079044705118835,28.625493852931715,음봉,34.7864372253418,34.87876853942871,36.60165786743164,False,False,0,0.6871427808489129,0.044268565525518964,False,60.045014200115645,-0.41238651502787604,0.11249973640812849,-355.8243371356922
2016-10-20,44.970001220703125,45.290000915527344,44.65999984741211,44.93000030517578,34.86093521118164,27210600.0,-0.0072908073713444,-0.0073175152010142,0.6300010681152344,56.95944665529657,WFC,,,,27210600.0,948586963.6573792,1.0572197724471006,0.8659228231456373,-0.7290807371344465,1.8071834972263212,28.057762460700985,음봉,34.81437225341797,34.84812068939209,36.56690305074056,False,False,0,0.6871427808489123,0.04430749836696701,False,56.95944665529657,-0.3887669328774024,0.10889545484688173,-366.6273393198891
2016-10-21,44.7400016784668,45.29999923706055,44.65999984741211,45.09000015258789,34.98507308959961,21490800.0,0.0035609451572644,0.0035546200032948,0.6399993896484375,64.38384457457926,WFC,,,,21490800.0,751857208.7539673,0.8301903915080633,-21.020484664064742,0.3560945157264461,1.8293498716133796,28.338500982373095,음봉,34.8733413696289,34.82290477752686,36.53254960378011,True,False,0,0.6899999891008655,0.04233434937458835,False,64.38384457457926,-0.35592843310933375,0.11338716369196034,-361.3894517939547
2016-10-24,45.45000076293945,45.68000030517578,45.290000915527344,45.52000045776367,35.318702697753906,19303800.0,0.0095363416077434,0.0094911577342194,0.3899993896484375,68.71061827873163,WFC,,,,19303800.0,681785173.1369019,0.744258149641163,-10.176447596180694,0.9536341607743415,1.1042290907056433,29.91255055131174,음봉,35.03162460327148,34.84773349761963,36.505808957417806,True,False,0,0.6792855943952293,0.04230418650299146,False,68.71061827873163,-0.29952977157949334,0.13582866017744055,-407.2399065488793
2016-10-25,45.470001220703125,45.79999923706055,45.40999984741211,45.720001220703125,35.47389221191406,20402000.0,0.0043939754947461,0.0043843501697499,0.3899993896484375,59.89175562673546,WFC,,,,20402000.0,723738348.9074707,0.7853903365396425,5.689035319470781,0.4393975494746183,1.0993983612473586,28.741991487685052,음봉,35.15111389160156,34.872174453735354,36.48370749155681,True,False,0,0.6178569793701177,0.04383248132618656,False,59.89175562673546,-0.23954955105666897,0.15664710456021197,-536.9579173606035
2016-10-26,45.459999084472656,46.16999816894531,45.43999862670898,46.150001525878906,35.80752182006836,25181900.0,0.0094049338076933,0.0093609827738719,0.7299995422363352,62.341228587048576,WFC,,,,25181900.0,901701433.7207794,0.961978421181405,23.42858543280071,0.9404933807693361,2.038676526972627,28.150581314572285,음봉,35.289225006103514,34.90476245880127,36.468577766418456,True,False,0,0.6299999782017309,0.053349841469315755,False,62.341228587048576,-0.1632122636597373,0.18638751356571498,-448.2793489581251
2016-10-27,46.41999816894531,46.810001373291016,46.2599983215332,46.40999984741211,36.00924301147461,25661000.0,0.0056334865177181,0.0056176777769747,0.5500030517578125,63.36648363416866,WFC,,,,25661000.0,924033184.91745,0.9728775032604913,1.9025569953021737,0.5633486517718111,1.527394095961834,29.637561633570463,음봉,35.51888656616211,34.983903312683104,36.45357704162598,True,False,0,0.6321430206298838,0.058995267528057074,False,63.36648363416866,-0.08545215981880006,0.2113180939253218,-326.9070074258371
2016-10-28,46.56999969482422,46.63999938964844,45.880001068115234,46.22999954223633,35.86957931518555,20882000.0,-0.0038785512998581,-0.0038860923852574,0.7599983215332031,57.43592394202489,WFC,,,,20882000.0,749028555.2597046,0.7893862369388783,-18.623592221659322,-0.3878551299858146,2.118782366682105,29.327905282497458,음봉,35.695787811279295,35.05955257415771,36.43275705973307,True,False,0,0.652142933436803,0.058867971310869065,False,57.43592394202489,-0.034696451273390494,0.20965904197658508,-332.4273059670561
2016-10-31,46.400001525878906,46.560001373291016,46.0,46.0099983215332,35.698883056640625,20115900.0,-0.004758802913327,-0.0047701620675561,0.5600013732910156,57.14280339041724,WFC,,,,20115900.0,718115161.6790771,0.7590219153583594,-3.668709893688349,-0.4758802913327087,1.5686803769252535,29.35752917022715,음봉,35.77182388305664,35.14412517547608,36.398229662577315,True,False,0,0.644286019461496,0.058726308445646594,False,57.142803390417235,-0.008151977154234658,0.18896281287659275,-339.1741867390415
2016-11-01,46.119998931884766,46.27999877929688,45.59999847412109,45.9900016784668,35.68338394165039,20020200.0,-0.0004341624628882,-0.0004342567386987,0.6800003051757955,58.79302179431095,WFC,,,,20020200.0,714388483.1886292,0.7531075092235731,-0.475743068915635,-0.043416246288829896,1.9056497172121754,29.19171409007327,음봉,35.81372222900391,35.23102645874023,36.360469818115234,True,False,0,0.6564287458147336,0.04206395983577552,False,58.793021794310945,0.011501478890380668,0.16689301513696647,-339.7867993516541
2016-11-02,45.380001068115234,45.5099983215332,45.06999969482422,45.2400016784668,35.39391326904297,19566600.0,-0.008112197909278,-0.0081452808249875,0.4399986267089844,61.99743085209165,WFC,,,,19566600.0,692538543.3700562,0.7338952837943498,-2.2657116312524317,-0.8112197909278085,1.2431477225035357,27.17404028250457,음봉,35.73100051879883,35.25534782409668,36.31762669881185,True,False,0,0.6192855834960957,0.04203494145987949,False,61.99743085209165,0.003676737191518953,0.1272546187504838,-358.47712485388496
2016-11-03,45.33000183105469,45.790000915527344,45.25,45.34000015258789,35.47213363647461,14982700.0,0.0022099948891509,0.0022075564424216,0.5400009155273438,63.715198783797526,WFC,,,,14982700.0,531468336.63520813,0.5633334540875614,-23.427166702441916,0.2209994889150968,1.5223243153664765,28.07287367882615,음봉,35.62357864379883,35.27620983123779,36.28578599294027,True,False,0,0.5721427372523736,0.0420100824046378,False,63.715198783797526,0.003744142810127471,0.10185761949527386,-355.33574675329646
2016-11-04,45.36000061035156,45.41999816894531,44.4900016784668,44.59999847412109,34.89319610595703,27391600.0,-0.0163209108437243,-0.0164555640277044,0.9299964904785156,55.60093192182601,WFC,,,,27391600.0,955780470.4559326,1.022256446109196,82.82152082067986,-1.6320910843724334,2.665265995280223,27.875027409430047,음봉,35.42830200195313,35.26230583190918,36.243520482381186,True,False,0,0.607142584664483,0.042026647066073536,True,55.60093192182601,-0.04242876568164888,0.04454776880279801,-396.5332371182524
2016-11-07,45.220001220703125,45.68999862670898,45.209999084472656,45.400001525878906,35.519081115722656,25769400.0,0.0179371648233386,0.0177781920812142,0.479999542236321,59.06849102695091,WFC,,,,25769400.0,915305408.9035034,0.9530666935615911,-5.922253537580868,1.7937164823338625,1.3513850222432904,29.59546922382121,음봉,35.39234161376953,35.267281723022464,36.21608289082845,True,False,0,0.5992853982107995,0.04202071749028997,False,59.06849102695091,-0.02819245371320278,0.0470272646169953,-386.677661327186
2016-11-08,45.18000030517578,45.81999969482422,44.869998931884766,45.540000915527344,35.62860870361328,19462600.0,0.0030836267282303,0.0030788821025981,0.9500007629394532,57.49716600819677,WFC,,,,19462600.0,693425359.7549438,0.7186825947752628,-24.473988529030557,0.3083626728230371,2.6663987102115176,27.19923738448482,음봉,35.38138656616211,35.285492706298825,36.18568630218506,True,False,0,0.6192855834960947,0.041999030430686014,True,57.49716600819677,-0.007980123037668818,0.05379167623402341,-381.9566439867538
2016-11-09,46.33000183105469,48.61000061035156,46.0,47.9900016784668,37.545387268066406,67615000.0,0.0537988609209636,0.0524015978672066,2.6100006103515625,76.45830027830144,WFC,,,,67615000.0,2538631360.13031,2.421547812998248,247.4099041238067,5.379886092096364,6.95158793200531,30.03595570195847,음봉,35.8116813659668,35.40458602905274,36.185037485758464,True,True,0,0.7607141222272611,0.08524603948338105,True,76.45830027830144,0.1608521026962606,0.17809912157436225,-168.55864589322732
2016-11-10,48.93000030517578,51.93000030517578,48.790000915527344,51.630001068115234,40.39316940307617,100988800.0,0.0758490547634302,0.0731101682218079,3.139999389648437,84.68226475653671,WFC,,,,100988800.0,4079257706.213379,3.44492250474237,49.35857428085484,7.584905476343029,7.773590030321584,30.322268234511903,음봉,36.79588851928711,35.688181495666505,36.22965335845947,True,True,0,0.9392855507986896,0.1643648577119972,True,84.68226475653671,0.5184684942812154,0.42857241052745365,-55.064960102053426
2016-11-11,51.09000015258789,51.9900016784668,50.72999954223633,51.72999954223633,40.47139739990234,46594900.0,0.0019366639949824,0.0019347910790171,1.2600021362304688,84.16349332890886,WFC,,,,46594900.0,1885760714.7087095,1.5600163448171849,-53.86131927500871,0.19366639949824904,3.113315124210436,26.481781220903883,음봉,37.911528778076175,35.977239990234374,36.2766077041626,True,True,0,1.0014286041259777,0.16521864578758083,False,84.16349332890886,0.7989842139959507,0.567270504193751,-53.581390380859474
2016-11-14,51.90999984741211,54.060001373291016,51.90999984741211,53.220001220703125,41.63712310791016,59154400.0,0.0288036930499129,0.0283966641622642,2.1500015258789062,86.0348453069283,WFC,,,,59154400.0,2463019035.174561,1.9340590676955693,26.95466671245137,2.8803693049912926,5.163664935031143,28.263423509901774,음봉,39.13513717651367,36.33273181915283,36.34143880208333,True,True,0,1.1271430424281539,0.18650367196326395,True,86.0348453069283,1.1026486182403517,0.6967479267505216,-29.810644321123302
2016-11-15,52.380001068115234,52.59000015258789,51.540000915527344,52.59000015258789,41.144229888916016,39437900.0,-0.0118378308154654,-0.011908455852833,1.0499992370605469,80.63190374260355,WFC,,,,39437900.0,1622642023.936081,1.2720149890245545,-33.330572197503486,-1.183783081546541,2.551996330701549,25.80120132787021,음봉,40.23826141357422,36.64612102508545,36.39831358591716,True,True,1,1.1500001634870263,0.18490873541813618,False,80.63190374260355,1.2886774118654643,0.7062213763005072,-34.96104384789363
2016-11-16,51.790000915527344,52.16999816894531,51.36000061035156,51.68000030517578,40.43228912353516,26996200.0,-0.0173035384865143,-0.0174549944002471,0.80999755859375,73.98290237641663,WFC,,,,26996200.0,1091518163.63678,0.8641741615492328,-31.547572259172018,-1.7303538486514336,2.003343308411049,25.874274607529422,음봉,40.81564178466797,36.91188716888428,36.446167882283525,True,True,0,1.168571199689593,0.1835773897369481,False,73.98290237641663,1.3629476886995917,0.6243933225077076,-42.400341529019926
2016-11-17,51.38999938964844,52.900001525878906,50.959999084472656,52.4900016784668,41.06599044799805,29205900.0,0.0156731498067472,0.0155515944526818,1.94000244140625,76.74347927834258,WFC,,,,29205900.0,1199369210.4251862,0.9270665992719191,8.185226068854146,1.5673149806747277,4.7241097079172585,27.101384818043655,음봉,40.95020599365235,37.2221399307251,36.501738675435384,True,True,1,1.2528572082519536,0.1811805289675552,False,76.74347927834258,1.4561561572453101,0.5740814328427407,-35.778592890870954
2016-11-18,52.45000076293945,52.97999954223633,51.9900016784668,52.81999969482422,41.324180603027344,29673400.0,0.006287201458254,0.0062675194605438,0.9899978637695312,78.69235798174134,WFC,,,,29673400.0,1226228940.7058716,0.9322950319002953,1.6007039673490597,0.628720145825401,2.395686615736564,27.721260806693564,음봉,41.12076263427734,37.53909530639648,36.56484559377034,True,True,1,1.2835712432861333,0.17965076001189617,False,78.69235798174134,1.5331847286467664,0.5208880033953576,-33.080681049045765
2016-11-21,52.84999847412109,52.97999954223633,52.02000045776367,52.119998931884766,40.77653503417969,23587200.0,-0.0132524241462523,-0.0133410211396924,0.9599990844726562,74.64048022341329,WFC,,,,23587200.0,961804287.1582031,0.7380730409366079,-20.510625678216854,-1.3252424146252384,2.354292937514103,27.89121938512044,음봉,40.94864501953125,37.81198692321777,36.61714420318604,True,True,0,1.3035711560930519,0.17835420856480155,False,74.64048022341329,1.5323757323307419,0.41606320566346633,-38.803205461913215
2016-11-22,52.43000030517578,52.58000183105469,51.810001373291016,52.220001220703125,40.85477066040039,22816900.0,0.0019186433117752,0.0019168050666119,0.7700004577636719,76.97068238211062,WFC,,,,22816900.0,932179216.6812897,0.7116713954988488,-3.265754307420976,0.191864331177527,1.8847259336350064,28.578851197699684,음봉,40.890753173828124,38.08103084564209,36.65716832478841,True,True,0,1.3271427154541011,0.1770941293393294,False,76.97068238211062,1.5205199506155154,0.3233659391585917,-37.98569627993262
2016-11-23,52.45000076293945,52.630001068115234,51.95000076293945,52.15999984741211,40.80782318115234,19986800.0,-0.0011491308968124,-0.0011497916539676,0.6800003051757812,76.43414685219261,WFC,,,,19986800.0,815617800.3570555,0.6214473107095896,-12.403525457007747,-0.11491308968124558,1.6663479013745799,28.381581673589125,음봉,40.965859985351564,38.331045913696286,36.682702700297035,True,True,0,1.337142671857561,0.17593902908721362,False,76.43414685219261,1.4901582720027093,0.23440340843662844,-38.476265566715824
2016-11-25,52.400001525878906,52.619998931884766,52.040000915527344,52.619998931884766,41.16769790649414,9635500.0,0.0088187680029945,0.0087801097807992,0.5799980163574219,81.77491972347238,WFC,,,,9635500.0,396671353.1780243,0.30046922353076044,-51.790681850021016,0.8818768002994526,1.4088667714060543,28.406754982413712,음봉,40.986201477050784,38.588968658447264,36.711907323201494,True,True,1,1.3121427808489112,0.1747630796159374,False,81.77491972347238,1.4780967267122236,0.17787349051691415,-40.286181086412206
2016-11-28,52.119998931884766,52.47999954223633,51.38999938964844,51.58000183105469,40.35405731201172,26518500.0,-0.0197640537571587,-0.0199619748236245,1.0900001525878906,74.02804213144461,WFC,,,,26518500.0,1070129068.8285828,0.8247706545211368,175.21664677494678,-1.9764053757158728,2.7010918484854383,26.60411337614027,음봉,40.79217681884766,38.81319255828858,36.73233591715495,True,True,0,1.3557142530168806,0.1737534729158208,False,74.02804213144461,1.3868965885149507,0.0693386818557129,-49.139721655852135
2016-11-29,51.560001373291016,52.130001068115234,51.560001373291016,51.86000061035156,40.573123931884766,16267300.0,0.0054286144805528,0.0054139326636117,0.5699996948242188,74.30776299380196,WFC,,,,16267300.0,660015178.937149,0.5081455062234741,-38.65678677149914,0.5428614480552874,1.4048701198881046,27.7690641479655,음봉,40.751494598388675,39.05690460205078,36.75486367543538,True,True,0,1.3285713195800781,0.17266926477320033,False,74.30776299380196,1.31711379933585,-0.00035528585871036356,-67.33095711495348
2016-11-30,52.47999954223633,53.15999984741211,52.29999923706055,52.91999816894531,41.40240859985352,26567200.0,0.0204392609590768,0.0202331825930388,0.8600006103515625,71.23172321977913,WFC,,,,26567200.0,1099946069.7540286,0.8290499779256315,63.316592181861765,2.043926095907689,2.077175312826136,29.34670653002007,음봉,40.8610221862793,39.342855834960936,36.798454666137694,True,True,1,1.2035713195800781,0.17141427226948605,False,71.23172321977913,1.313584592730514,-0.003107593971237055,-140.1820051987007
2016-12-01,53.130001068115234,54.470001220703125,53.060001373291016,54.34000015258789,42.51335525512695,35623100.0,0.0268328991680295,0.0264792099846459,1.4099998474121094,64.43025578021323,WFC,,,,35623100.0,1514457505.588913,1.1014948342873219,34.08676864705351,2.6832899168029556,3.3166044856976296,28.325870075837088,음봉,41.20212860107422,39.69882793426514,36.863406308492024,True,True,1,1.0799999237060547,0.1919492223243386,False,64.43025578021323,1.3844724450389734,0.054224206669777564,-219.69627271605304
2016-12-02,54.2400016784668,54.27000045776367,53.310001373291016,53.58000183105469,41.91878128051758,21894700.0,-0.0139855810260394,-0.0140843007805846,0.9599990844726562,59.204153407489336,WFC,,,,21894700.0,917799140.5025482,0.6739549630278198,-38.53791500458972,-1.3985581026039418,2.2901407320227394,27.583441374991573,음봉,41.3523452758789,40.02116031646729,36.91676737467448,True,True,1,1.0585711342947823,0.1904032539015241,False,59.204153407489336,1.3768034943711953,0.03724420480159951,-257.5843960501062
2016-12-05,53.900001525878906,54.52999877929688,53.869998931884766,54.34999847412109,42.52117919921875,24793900.0,0.0143705971476117,0.0142683188189986,0.6599998474121165,56.05572679696338,WFC,,,,24793900.0,1054265864.9475098,0.7620943077835735,13.241560743010862,1.4370597147611797,1.5521673195371843,28.581986115445083,음봉,41.785769653320315,40.402559471130374,36.99542757670085,True,True,1,0.9521424429757259,0.1733082798504248,False,56.055726796963384,1.4031595237515546,0.050880187345566874,-236.38152959756496
2016-12-06,54.45000076293945,55.56999969482422,54.220001220703125,55.54999923706055,43.46001434326172,30706700.0,0.0220792358472556,0.0218390189594281,1.3499984741210938,64.94964733185282,WFC,,,,30706700.0,1334513622.4342346,0.9354984907189406,23.847801273700387,2.2079235847255685,3.1063001117725237,28.053835261322842,음봉,42.3631477355957,40.79960613250732,37.092062632242836,True,True,1,0.9735709599086222,0.19194806965081754,False,64.94964733185282,1.482711244599983,0.10434552655519602,-162.68945223933457
2016-12-07,55.54999923706055,57.290000915527344,55.22999954223633,57.27999877929688,44.81349563598633,46617000.0,0.0311431395773218,0.0306680310695481,2.060001373291016,76.11958763824414,WFC,,,,46617000.0,2089070726.0627747,1.3982750232115755,51.813773541279275,3.1143139577321843,4.5968325926281555,27.8186399072676,음봉,43.04536514282226,41.258850479125975,37.23168760935466,True,True,1,1.0628569466727125,0.17615877038544892,True,76.11958763824414,1.636111114831344,0.2061963174292456,-97.10113223556863
2016-12-08,57.290000915527344,58.02000045776367,56.709999084472656,57.290000915527344,44.821327209472656,39828600.0,0.0001747592633687,0.0001747439947475,1.3100013732910156,74.19378939260851,WFC,,,,39828600.0,1785170712.8952026,1.190304066684304,-14.562069631250408,0.017475926336874004,2.9227188368803065,27.840955280270702,음봉,43.50695953369141,41.62264747619629,37.377133242289226,True,True,1,1.0178568703787672,0.10732786519684359,False,74.19378939260851,1.7382757983410713,0.24668880075117805,-99.07497921479388
2016-12-09,56.90999984741211,57.2400016784668,56.4900016784668,57.13999938964844,44.7039680480957,20331200.0,-0.0026183776492935,-0.0026218115956059,0.75,72.17673081630718,WFC,,,,20331200.0,908885315.1794434,0.612041100793773,-48.95326473940836,-0.2618377649293513,1.6777034181688226,26.970804727497228,음봉,44.06399688720703,41.83818740844727,37.52540734608968,True,True,1,1.0007141658238008,0.10677493873835894,False,72.17673081630718,1.7891479586067618,0.23804876881349468,-100.84510202731276
2016-12-12,56.5,57.09999847412109,55.54999923706055,55.77999877929688,43.639949798583984,27886200.0,-0.0238014273893308,-0.0240892577195984,1.5499992370605398,67.59612233483186,WFC,,,,27886200.0,1216952368.0732727,0.8521425521186102,37.15963642087039,-2.3801427389330887,3.5517896886096643,26.386990835384655,음봉,44.287751007080075,41.99661502838135,37.66525853474935,True,True,0,1.0428570338657923,0.10637214200339605,False,67.59612233483186,1.7237369650235976,0.1381102201842641,-116.89364015845662
2016-12-13,55.84999847412109,56.209999084472656,55.290000915527344,55.84000015258789,43.68691253662109,24355600.0,0.0010761409729813,0.0010755623483683,0.9199981689453124,67.47109639555045,WFC,,,,24355600.0,1064020966.9769286,0.7517246302096237,-12.660742589524565,0.10761409729813654,2.105889648699969,27.979062148080864,음봉,44.33313064575195,42.099104499816896,37.79839235941569,True,True,0,1.0535711560930525,0.1061131810411874,False,67.47109639555045,1.6565916247659729,0.056771903941311264,-116.18530334893553
2016-12-14,54.7400016784668,55.619998931884766,54.02999877929688,54.70000076293945,42.79500579833984,54590600.0,-0.0204158794131674,-0.0206271641347004,1.5900001525878835,61.101355532862,WFC,,,,54590600.0,2336205043.5348506,1.6900786485298456,124.13982821199232,-2.041587941316747,3.715387164755484,25.300687322731548,음봉,43.92943267822265,42.18164329528808,37.90954856872558,True,True,0,1.1185711451939169,0.10590554441391228,False,61.101355532861994,1.5139570841910839,-0.06869010930686237,-129.63789150266263
2016-12-15,55.16999816894531,56.25,54.900001525878906,55.18999862670898,43.178367614746094,31345900.0,0.0089580970782607,0.008918211349807,1.3499984741210938,61.20316630767053,WFC,,,,31345900.0,1353464793.4150696,0.9803306073130945,-42.58004125252333,0.8958097078260785,3.126562092773623,28.916907802091114,음봉,43.60084075927735,42.31894721984863,38.03653430938721,True,True,0,1.173571177891322,0.10556193362404057,False,61.20316630767053,1.4155348729788741,-0.13368985641525777,-123.85566292580906
2016-12-16,55.4900016784668,55.650001525878906,54.91999816894531,55.34000015258789,43.29572677612305,33171800.0,0.0027180082958224,0.0027143211908179,0.7300033569335938,67.76931489349347,WFC,,,,33171800.0,1436197189.4721985,1.0376361069091848,5.825004227028097,0.27180082958224716,1.686086390715538,28.51343101612782,음봉,43.319192504882814,42.43043403625488,38.16689821879069,True,True,0,1.1478571210588722,0.10528456752631515,False,67.76931489349347,1.331653986777404,-0.17405659409338248,-127.92996545513597
2016-12-19,55.18000030517578,55.470001220703125,54.650001525878906,55.220001220703125,43.20183181762695,16801400.0,-0.0021686888172962,-0.0021710438283628,0.8199996948242188,66.12266231924883,WFC,,,,16801400.0,725851257.1006775,0.5347751726557438,-49.350351804846284,-0.21686888172962604,1.8980669576368459,27.44906810435328,음봉,43.23156890869141,42.52431659698486,38.29543889363607,True,True,0,1.1657142639160152,0.10505212675840356,False,66.12266231924883,1.2432696036138537,-0.20995278180554644,-159.05883702443006
2016-12-20,55.470001220703125,56.31999969482422,55.150001525878906,56.09999847412109,43.89030456542969,19245300.0,0.0159361934167296,0.01581054542899,1.1699981689453125,65.52721936289038,WFC,,,,19245300.0,844682078.453064,0.6269055875311106,14.545811658552266,1.5936193416729694,2.6657326271252733,28.397336147377406,음봉,43.272247314453125,42.68000507354736,38.44657516479492,True,True,1,1.1878569466727116,0.10466891673894636,False,65.52721936289038,1.2147751681552847,-0.19075777381129244,-184.87295363757602
2016-12-21,56.09000015258789,56.09000015258789,55.63999938964844,55.709999084472656,43.5851936340332,14058400.0,-0.0069516704068808,-0.0069759458362093,0.4500007629394531,57.43757199972895,WFC,,,,14058400.0,612738086.1846924,0.46343378646120986,-26.951515434937356,-0.6951670406880828,1.032462461261324,27.795878173894756,음봉,43.430284881591795,42.816526222229,38.58991050720215,True,True,1,1.1192855834960933,0.10433517829715179,False,57.437571999728945,1.1542675427911036,-0.201012319340379,-206.47154202890098
2016-12-22,55.7599983215332,56.02999877929688,55.5,55.75,43.616477966308594,14515500.0,0.0007177743097361,0.0007175168329557,0.5299987792968821,62.77947867976314,WFC,,,,14515500.0,633114985.9199524,0.4820827458704954,3.2514368633699497,0.07177743097361855,1.2151342887114314,27.933350003505286,음봉,43.517906951904294,42.95695896148682,38.73092244466146,True,True,1,1.088571275983538,0.10399409095662662,False,62.77947867976314,1.096202853780845,-0.2072616066805102,-247.07270350713026
2016-12-23,55.77999877929688,55.97999954223633,55.619998931884766,55.959999084472656,43.78078079223633,8313000.0,0.0037669897614074,0.0037599124234144,0.3600006103515625,60.151230732623006,WFC,,,,8313000.0,363949630.7258606,0.27942059543718506,-42.73018497468224,0.37669897614074355,0.8222800138260705,27.887443874730007,음봉,43.61491775512695,43.087613105773926,38.886828358968096,True,True,1,1.0671427590506413,0.103678750700217,False,60.151230732623006,1.051325013988901,-0.20171155717796352,-256.87252319650526
2016-12-27,55.900001525878906,56.09999847412109,55.84000015258789,55.95000076293945,43.77295684814453,8893900.0,-0.0001787072763486,-0.0001787232463965,0.259998321533196,52.967308819167634,WFC,,,,8893900.0,389312300.91171265,0.30143324992640563,6.9878503548658655,-0.017870727634861083,0.5939702050176145,27.681600269202338,음봉,43.72914276123047,43.258558082580564,39.04376773834228,True,True,1,0.9892856052943628,0.09820492096565199,False,52.967308819167634,1.0035592691646542,-0.19958184160176828,-257.0686119383728
2016-12-28,55.97999954223633,56.08000183105469,55.27000045776367,55.31999969482422,43.28007507324219,10609100.0,-0.0112599607244315,-0.0113238340085964,0.8100013732910156,32.624409001589825,WFC,,,,10609100.0,459162644.4595337,0.36300425064326663,19.285128009084886,-1.1259960724431584,1.871534122619388,27.887178689892945,음봉,43.60709686279297,43.39390563964844,39.1983118057251,True,True,0,0.8999998910086485,0.07878799013876531,False,32.624409001589825,0.9153811876814899,-0.23020793846794607,-269.4215334311712
2016-12-29,55.18999862670898,55.459999084472656,54.47999954223633,54.84000015258789,42.90455627441406,15933500.0,-0.0086764821501035,-0.0087143419738217,0.979999542236328,29.95117770421892,WFC,,,,15933500.0,683619747.3983765,0.5540117137095216,50.18710352433289,-0.8676482150103526,2.2841386261364187,27.518259922867077,음봉,43.47096939086914,43.46901302337646,39.347631772359215,True,True,0,0.8764283316475995,0.06677275896266996,False,29.95117770421892,0.8059081861835296,-0.2717447519727252,-346.58668089551526
2016-12-30,54.88999938964844,55.36000061035156,54.790000915527344,55.11000061035156,43.11578369140625,15095500.0,0.0049231931369058,0.0049111138511226,0.5699996948242188,33.70801026513571,WFC,,,,15095500.0,650854312.713623,0.5364271122142051,-5.259359211723725,0.49231931369058124,1.3220209538666694,27.935128937300863,음봉,43.37083053588867,43.49913444519043,39.484436734517416,False,True,0,0.8635711669921865,0.06672652148084303,False,33.70801026513571,0.727804652049933,-0.27987862888505743,-355.51192745364773
2017-01-03,55.66999816894531,56.34999847412109,55.459999084472656,56.0,43.81207656860352,22063800.0,0.0161493730968886,0.0160203591144509,0.8899993896484304,51.90980305182489,WFC,,,,22063800.0,966660894.9943544,0.7912503054667404,46.16143883938921,1.6149373096888686,2.0314019771576386,29.117444709792768,음봉,43.37708969116211,43.59379920959473,39.6303897857666,False,True,0,0.8164283207484644,0.052763192287853124,False,51.90980305182489,0.7138630852880681,-0.23505615651753786,-440.42773942983695
2017-01-04,56.15999984741211,56.310001373291016,55.61000061035156,56.04999923706055,43.85118865966797,15036100.0,0.0008927239731082,0.0008923257320574,0.7000007629394531,51.82587842627808,WFC,,,,15036100.0,659350857.8056335,0.5482654853027815,-31.851720918427475,0.08927239731082448,1.5963096653370246,28.183834791472357,음봉,43.3927360534668,43.660299682617186,39.775054995218916,False,True,0,0.8007142203194745,0.046411074267993964,False,51.825878426278074,0.6979250663397494,-0.20079534037268532,-438.7418732139188
2017-01-05,55.4900016784668,55.81999969482422,54.47999954223633,55.18000030517578,43.1705436706543,18831600.0,-0.0155216998630574,-0.0156434226522811,1.3400001525878906,54.37966628317623,WFC,,,,18831600.0,812970410.1882935,0.69536613766891,25.24258285060621,-1.5521699863057403,3.1039686755179137,26.54161352187837,음봉,43.37082977294922,43.645826148986814,39.90423800150553,False,True,0,0.7828570774623321,0.04642646479450036,True,54.37966628317623,0.6231879860875296,-0.22042593649992415,-604.7840818916036
2017-01-06,55.2599983215332,55.56999969482422,54.70000076293945,55.040000915527344,43.06101989746094,18715900.0,-0.0025370024067546,-0.0025402260507766,0.8699989318847656,48.538069502766845,WFC,,,,18715900.0,805925742.2988892,0.6956450710806525,-0.6143928290745393,-0.2537002406754696,2.020386265714214,28.003943483104337,음봉,43.402122497558594,43.55820236206055,40.03418184916178,False,True,0,0.7485713958740229,0.04651985851688309,False,48.538069502766845,0.5487944970187968,-0.23585554045492552,-610.6409715039935
2017-01-09,54.68000030517578,54.810001373291016,54.18000030517578,54.2400016784668,42.43512344360352,21794100.0,-0.0145351051913733,-0.0146417747299421,0.6300010681152344,40.4842367042008,WFC,,,,21794100.0,924835323.8422395,0.81154168167712,16.446978237755072,-1.4535105191373354,1.4846217401782953,26.982594549275756,음봉,43.26599044799805,43.43889217376709,40.155375226338705,False,True,0,0.7414283752441401,0.05223071977563793,False,40.4842367042008,0.4343258696969059,-0.2802593342214532,-541.239021749068
2017-01-10,54.34999847412109,55.18000030517578,54.2599983215332,54.619998931884766,42.732418060302734,17978200.0,0.0070058619505211,0.0069814349215884,0.920001983642578,45.0330660707885,WFC,,,,17978200.0,768251958.3717346,0.6709675271428603,-17.50886707870478,0.7005861950521108,2.1529368694846576,28.077861129242354,음봉,43.05005874633789,43.34031467437744,40.28889452616374,False,True,0,0.7485713958740229,0.03357569350290066,False,45.0330660707885,0.3634086995409831,-0.2809412035019009,-527.5387974376481
2017-01-11,54.59999847412109,54.79999923706055,53.720001220703125,54.79999923706055,42.87324523925781,21100600.0,0.0032955583921403,0.0032901399408671,1.079998016357422,37.82764319694655,WFC,,,,21100600.0,904651198.4954834,0.78952998851701,17.367700882179538,0.3295558392140352,2.5190489087784247,27.771843842469128,음봉,42.85447006225586,43.30197944641113,40.425278155008954,False,True,0,0.7421428135463165,0.03360541805316408,False,37.82764319694655,0.3149394813634814,-0.2635283373435221,-412.4246125104807
2017-01-12,54.650001525878906,54.77999877929688,53.900001525878906,54.5,42.63854217529297,20566600.0,-0.0054743479915052,-0.0054893871459602,0.8799972534179759,38.4760841561307,WFC,,,,20566600.0,876929841.5023804,0.7701043076590055,-2.5307337232116645,-0.5474347991505257,2.063853988722656,27.46877737129508,음봉,42.748069763183594,43.24956092834473,40.560465749104814,False,True,0,0.7728568485804966,0.03364614785886702,False,38.4760841561307,0.2546532172173741,-0.2590516811917035,-421.3486927033334
2017-01-13,55.11000061035156,56.20000076293945,54.650001525878906,55.310001373291016,43.272247314453125,37231600.0,0.0148622609224045,0.0147528997604696,1.5499992370605469,46.34555665889647,WFC,,,,37231600.0,1611095003.112793,1.3998922981092368,81.02943607596784,1.4862260922404502,3.581970739344615,29.249260877134812,음봉,42.79031524658203,43.27342300415039,40.70039577484131,False,True,0,0.8457140241350442,0.0336275945096046,True,46.34555665889647,0.25507033513030564,-0.20690765062301758,-397.2534151004162
2017-01-17,54.79999923706055,54.959999084472656,53.58000183105469,53.77999877929688,42.07524490356445,26974400.0,-0.0276621272334258,-0.0280519291956438,1.3799972534179688,35.14976583518779,WFC,,,,26974400.0,1134954486.126709,1.0255146515308882,-27.549715832787204,-2.766212723342587,3.279831778949576,26.6400583238419,음봉,42.71833953857422,43.21826686859131,40.816367085774736,False,True,0,0.918570927211216,0.041997511547237014,True,35.14976583518779,0.1570029806592288,-0.24398000407527554,-415.3346884476515
2017-01-18,53.77999877929688,54.290000915527344,53.34000015258789,54.27000045776367,42.45859146118164,21186700.0,0.009110976263972,0.0090697217099063,0.9500007629394532,39.25817017304621,WFC,,,,21186700.0,899557439.7106171,0.8043487287006199,-21.456269648259084,0.9110976263972059,2.237475927123029,27.818623284450204,음봉,42.66357421875,43.17641010284424,40.94299468994141,False,True,0,0.9678568158830915,0.04203822544629915,False,39.25817017304621,0.10896072769939735,-0.2336178056280856,-361.5087959870892
2017-01-19,54.2400016784668,54.77000045776367,53.86000061035156,54.58000183105469,42.70112991333008,20906900.0,0.0057123527606934,0.0056960991418893,0.9099998474121094,45.06662159131172,WFC,,,,20906900.0,892748252.9850006,0.795149648521843,-1.3206398353684201,0.5712352760693484,2.131090791412602,27.748000609149916,음봉,42.62915115356445,43.1513750076294,41.07159563700358,False,True,0,0.9749995640345982,0.04206261472651386,False,45.066621591311716,0.08942686497975672,-0.202521334678181,-353.4510356085088
2017-01-20,54.75,55.11000061035156,54.619998931884766,55.06999969482422,43.08448028564453,24160800.0,0.0089775229154951,0.0089374645281963,0.4900016784667969,51.53114688959615,WFC,,,,24160800.0,1040955511.2854004,0.9204697597767647,15.563761246287111,0.897752291549514,1.1373043732178016,28.216747685893452,음봉,42.71833877563476,43.111083793640134,41.20102526346842,False,True,0,0.9399997166224888,0.04119459776526212,False,51.53114688959615,0.10368410348968382,-0.15061127693460313,-340.71513573866474
2017-01-23,54.709999084472656,55.0,54.150001525878906,54.25,42.44295501708984,17227400.0,-0.0148899386577594,-0.0150019066489169,0.8499984741210938,44.66497037539815,WFC,,,,17227400.0,731181763.2614135,0.6603098447247671,-28.6968974537267,-1.488993865775945,2.0026844826870285,26.983077715577487,음봉,42.55248031616211,43.05397186279297,41.317176310221356,False,True,0,0.9599996294294085,0.04124924320021395,False,44.66497037539815,0.062496914477534915,-0.15343877275740161,-362.02827946918757
2017-01-24,54.36000061035156,55.06999969482422,54.130001068115234,54.70000076293945,42.79500579833984,18523300.0,0.0082946812046484,0.0082604693903739,0.9399986267089844,41.46970425083027,WFC,,,,18523300.0,792704730.9043883,0.7112645894772001,7.522319096323304,0.8294681204648491,2.196514778239498,28.077794273427187,음봉,42.696432495117186,43.01289825439453,41.43363437652588,False,True,0,0.9635710035051623,0.04128863267013335,False,41.46970425083027,0.057599356753172515,-0.1266690643854112,-355.05016902826753
2017-01-25,55.380001068115234,56.83000183105469,55.27999877929688,56.619998931884766,44.29713821411133,32252100.0,0.0351006475580326,0.0344986660068623,1.5500030517578054,53.0032127643286,WFC,,,,32252100.0,1428675731.39534,1.2287310778361566,74.1163831498707,3.510064755803266,3.49910426327278,29.407626041877094,음봉,43.064141845703126,43.03871612548828,41.571765963236494,True,True,1,1.0242854527064733,0.05162545518478027,False,53.0032127643286,0.1729340628511551,-0.009067486629942917,-259.1076673192091
2017-01-26,56.61000061035156,57.33000183105469,56.59000015258789,57.18000030517578,44.73526382446289,23769800.0,0.0098906075655242,0.0098420156462227,0.7400016784667969,60.89331203086592,WFC,,,,23769800.0,1063348274.054718,0.9037343514881558,-26.29999286868142,0.989060756552429,1.6541797570938581,27.796067404457837,음봉,43.470968627929686,43.0868314743042,41.719527371724446,True,True,1,0.9814284188406808,0.06173623888971273,False,60.893312030865914,0.2962754446613616,0.09141911614421086,-215.65746136306055
2017-01-27,57.02999877929688,57.11000061035156,56.40999984741211,56.59000015258789,44.27367401123047,17186200.0,-0.0103182539627721,-0.0103718561848889,0.7000007629394531,58.047782904037234,WFC,,,,17186200.0,760896216.2918091,0.6565923691775011,-27.69733022574864,-1.0318253962772195,1.5810767427204953,27.48331831254514,음봉,43.708807373046874,43.136511421203615,41.862440554300946,True,True,1,0.9692856924874442,0.061665137797650316,False,58.047782904037234,0.3527120926632321,0.1182846113168651,-227.22612349479664
2017-01-30,56.119998931884766,56.31999969482422,55.75,56.08000183105469,43.87466812133789,15961400.0,-0.0090122606448104,-0.0090531167214279,0.5699996948242188,59.85018308172424,WFC,,,,15961400.0,700301127.7519226,0.6134074390692261,-7.126648124658153,-0.9012260644810421,1.2991544306337592,26.75704057822117,음봉,43.99514999389648,43.1850170135498,41.998961957295734,True,True,0,0.9649998801095145,0.061595875256083045,False,59.85018308172424,0.36107979896770104,0.10132185409706718,-237.22626690440794
2017-01-31,55.97999954223633,56.380001068115234,55.79999923706055,56.33000183105469,44.070255279541016,22409100.0,0.0044578606876801,0.004447953857991,0.5800018310546875,59.28345746359208,WFC,,,,22409100.0,987574757.5847626,0.8603954285920452,40.39557933514604,0.4457860687680171,1.3160845730883366,27.590707666256197,음봉,44.25019989013672,43.232740592956546,42.143567657470705,True,True,0,0.9407141549246651,0.06152788105530849,False,59.28345746359208,0.3791232191031568,0.09549221938601837,-232.32433517694355
2017-02-01,56.540000915527344,57.06999969482422,55.77000045776367,55.90999984741211,44.03874969482422,21157700.0,-0.0007148945363931,-0.0007151501953456,1.2999992370605469,58.2122095367317,WFC,,,,21157700.0,931758654.4181824,0.8118325884371139,-5.584338505339348,-0.07148945363931736,2.9519440176416567,28.295151813598025,음봉,44.1985221862793,43.24407424926758,42.28634459177653,True,True,0,0.9564285278320312,0.06151175547349103,False,58.2122095367317,0.3864260432876776,0.08223603485643127,-233.11394849682827
2017-02-02,55.56999969482422,55.959999084472656,55.400001525878906,55.75,43.912715911865234,13044400.0,-0.002861883769007,-0.0028659867884737,0.55999755859375,59.11752326078445,WFC,,,,13044400.0,572815031.4407349,0.5026564179375431,-38.34679572921442,-0.286188376900709,1.2752514777671458,26.184326484989295,음봉,44.03401260375976,43.247150611877444,42.436669921875,True,True,0,0.933571406773158,0.06150737986811753,False,59.11752326078445,0.377689936606032,0.05879994253982851,-236.2726885955897
2017-02-03,56.880001068115234,57.290000915527344,56.43000030517578,57.27000045776367,45.109981536865234,19879800.0,0.0272646681066814,0.0268996076832652,0.8600006103515625,62.16871730492833,WFC,,,,19879800.0,896777410.9565735,0.7659068348901458,52.40103032719021,2.726466810668149,1.9064530311295829,29.529681521580027,음봉,44.20127410888672,43.34412250518799,42.59651826222738,True,True,1,0.8842857905796591,0.07001495146054795,False,62.16871730492833,0.46204961870324013,0.11452769970962928,-206.26604395026553
2017-02-06,57.08000183105469,57.40999984741211,56.4900016784668,56.54999923706055,44.542850494384766,13940200.0,-0.0125721852051079,-0.0126518838205994,0.9199981689453124,67.82645887117573,WFC,,,,13940200.0,620936244.4618225,0.5374151462345834,-29.877564160605242,-1.2572185205107944,2.0654227529989146,26.535192182260577,음봉,44.3349105834961,43.41821403503418,42.74508895874023,True,True,1,0.8514287131173265,0.0698954736105002,False,67.82645887117573,0.4776366412458799,0.10409177780181522,-216.14619945525746
2017-02-07,56.86000061035156,57.18999862670898,56.27000045776367,56.34000015258789,44.37744140625,14937400.0,-0.0037134823276659,-0.003720394420427,0.9199981689453054,64.31283102769888,WFC,,,,14937400.0,662883593.2617188,0.5802810328681517,7.15341243310712,-0.37134823276659956,2.0731212521317985,27.65236166805163,음봉,44.39634780883789,43.515329933166505,42.858956527709964,True,True,0,0.849285670689173,0.06973948348689335,False,64.31283102769888,0.47121051636403166,0.07813252233597351,-267.11440118373844
2017-02-08,56.209999084472656,56.209999084472656,55.16999816894531,55.630001068115234,43.81819915771485,18592200.0,-0.012601948891456,-0.012682026920165,1.0400009155273438,57.95638501303368,WFC,,,,18592200.0,814676722.380066,0.7254716599577703,24.4674441335172,-1.260194889145605,2.3734451335712548,26.663451752214335,음봉,44.352237701416016,43.56961898803711,42.916040356953935,True,True,0,0.8585714612688327,0.06965258599424584,False,57.956385013033675,0.4161939654610407,0.018492777146385975,-314.3843215884031
2017-02-09,55.630001068115234,56.77000045776367,55.630001068115234,56.72999954223633,44.68463897705078,15907800.0,0.0197735150232294,0.0195805585458667,1.1399993896484375,60.663396509595415,WFC,,,,15907800.0,710834299.9191284,0.6220954791296721,-14.43831284086875,1.9773515023229438,2.551210921126431,26.956383734270233,음봉,44.506622314453125,43.66018867492676,42.98626104990641,True,True,1,0.9049998692103784,0.06950809708808187,False,60.663396509595415,0.43746458535061095,0.03181071762876492,-287.9684636068441
2017-02-10,57.02000045776367,57.040000915527344,56.65999984741211,56.86000061035156,44.78703689575195,12268100.0,0.0022915686698008,0.0022889470306634,0.3800010681152344,66.83019738171922,WFC,,,,12268100.0,549451847.3407745,0.4968291629329552,-22.87997083191893,0.22915686698008475,0.848462176677907,27.60537348650866,음봉,44.44203338623047,43.76761341094971,43.03875961303711,True,True,1,0.8714286259242456,0.06933749402341312,False,66.83019738171922,0.4573127444727305,0.0413271014007075,-284.8465746797049
2017-02-13,57.06999969482422,57.5099983215332,56.88999938964844,57.08000183105469,44.96033477783203,15325300.0,0.003869375919721,0.0038619091397048,0.6199989318847656,65.95634989795869,WFC,,,,15325300.0,689030618.5707092,0.6568063905522684,24.91991424915023,0.386937591972103,1.3789909148773953,27.425263313718578,음봉,44.52553024291992,43.85201778411865,43.10236136118571,True,True,1,0.8485715048653729,0.06920403636249173,False,65.95634989795869,0.481476087717553,0.05239235571642392,-436.3103728784823
2017-02-14,57.130001068115234,58.0,56.9900016784668,57.97999954223633,45.66923904418945,16382900.0,0.0157673262412394,0.015644313324507,1.0099983215332031,61.44956231099796,WFC,,,,16382900.0,748194576.3370514,0.7168661255387577,6.901006831840162,1.5767326241239443,2.2115505812477654,27.067561552685614,음봉,44.78388977050781,44.031717491149905,43.18964385986328,True,True,1,0.8099997384207585,0.07327181883713892,False,61.44956231099796,0.551471342701781,0.09791008856052147,-335.7156529193873
2017-02-15,58.09999847412109,59.0099983215332,57.88999938964844,58.54999923706055,46.11820602416992,25350400.0,0.0098308399565416,0.0097828316344142,1.1199989318847656,61.51918667608888,WFC,,,,25350400.0,1169114969.9951172,1.13592692286765,54.73695133340251,0.9830839956541659,2.4285396775793697,27.219107850480405,음봉,45.24389114379883,44.214698219299315,43.27384745279948,True,True,1,0.8371423993791848,0.0831228336977741,False,61.51918667608888,0.635841385976164,0.14582410546792357,-235.72374440337245
2017-02-16,58.36000061035156,58.36000061035156,57.5099983215332,58.119998931884766,45.77951431274414,14694500.0,-0.0073439914650687,-0.007371091332706,0.8500022888183594,62.80502797826619,WFC,,,,14694500.0,672707073.0686188,0.6702418313160271,-42.034445215854575,-0.73439914650687,1.8567306830988703,26.5443859194477,음봉,45.4628662109375,44.36861743927002,43.348103014628094,True,True,1,0.847856794084821,0.08283447218319619,False,62.80502797826619,0.6676790738298166,0.1421294346572608,-244.54384070460634
2017-02-17,57.58000183105469,58.09999847412109,57.45000076293945,58.09000015258789,45.7558708190918,15783200.0,-0.000516464493066,-0.0005165979067899,0.6499977111816335,67.08781019226936,WFC,,,,15783200.0,722174060.3118896,0.725791437595971,7.4088944843308635,-0.05164644930660822,1.4205777303454132,25.776786179283505,음봉,45.65663299560547,44.502186965942386,43.431091944376625,True,True,1,0.8535709381103506,0.08258585156484022,False,67.08781019226936,0.6831281622690426,0.12606281847718936,-245.15955666066978
2017-02-21,58.25,58.630001068115234,57.900001525878906,58.25,45.88190078735352,16916800.0,0.002754399949244,0.0027506135409655,0.7299995422363281,66.6665964785204,WFC,,,,16916800.0,776174939.2395021,0.7849612696570208,7.182320441988943,0.27543999492440907,1.591040322456603,27.306067958595126,음봉,45.840946197509766,44.674134254455566,43.51487744649251,True,True,1,0.8642850603376105,0.07438756858502851,False,66.6665964785204,0.697500885297643,0.11234843320463173,-241.87752636760348
2017-02-22,58.0,58.59000015258789,58.0,58.36000061035156,45.96854782104492,12344200.0,0.0018884796009863,0.0018866986652061,0.5900001525878906,67.5752520329045,WFC,,,,12344200.0,567444948.0125427,0.5801920005777416,-27.02993473943063,0.18884796009863702,1.2834866023715934,26.411502149419675,음봉,45.90080795288086,44.83281135559082,43.60088952382406,True,True,1,0.8135708400181352,0.051301865685214304,False,67.5752520329045,0.7077248517792185,0.09805791974896572,-239.62109328821924
2017-02-23,58.43000030517578,58.59000015258789,58.060001373291016,58.4900016784668,46.070945739746094,13841400.0,0.0022275647927754,0.0022250874486033,0.529998779296875,69.74063521239697,WFC,,,,13841400.0,637686388.3621216,0.6553269614908849,12.128773027008632,0.2227564792775416,1.150397003549326,27.10864944579751,음봉,45.89135589599609,44.92150173187256,43.68261032104492,True,True,1,0.8114280700683584,0.05120057829284851,False,69.74063521239697,0.715838336391613,0.0849371234890881,-236.95448092800456
2017-02-24,57.70000076293945,57.90999984741211,57.31999969482422,57.810001373291016,45.53532791137695,16379100.0,-0.0116259351695282,-0.0116940447602334,0.5900001525878906,54.42624929141586,WFC,,,,16379100.0,745827689.3932343,0.7792455144138211,18.334128050630728,-1.1625935169528256,1.2956976037071202,25.241624274191533,음봉,45.84251861572265,44.96150493621826,43.768964831034346,True,True,0,0.7921423230852389,0.051155024052638526,False,54.42624929141586,0.6713100051337832,0.032327033785006676,-250.90286132085873
2017-02-27,57.810001373291016,58.25,57.709999084472656,58.060001373291016,45.73225402832031,10101000.0,0.004324688675277,0.0043153640835124,0.5400009155273438,63.41045688327042,WFC,,,,10101000.0,461941497.9400635,0.4841757243123909,-38.329944868765686,0.4324688675277022,1.1807878859260708,26.956374368937503,음봉,45.83779525756836,45.034433937072755,43.8549503326416,True,True,0,0.7649996621268126,0.05107218333573156,False,63.41045688327042,0.6444820853559463,0.004399291205735789,-245.77457722923847
2017-02-28,57.9900016784668,58.31999969482422,57.72999954223633,57.880001068115234,45.59046936035156,15558900.0,-0.0031003210093459,-0.0031051369611,0.5900001525878906,63.75007134740223,WFC,,,,15558900.0,709337553.7307739,0.7424456112642055,54.033264033264025,-0.31003210093459854,1.294130463813547,26.803287768312728,음봉,45.77950897216797,45.12022399902344,43.92475134531657,True,True,0,0.7414283752441401,0.05097507642038416,False,63.750071347402226,0.6048080768560737,-0.028219773835309492,-249.4668861442055
2017-03-01,59.11000061035156,59.9900016784668,59.09000015258789,59.72999954223633,47.04765319824219,25912700.0,0.0319624662420756,0.0314622964775,0.9000015258789062,80.4153038289751,WFC,,,,25912700.0,1219131723.0300903,1.2370798854232972,66.5458355025098,3.196246624207566,1.9129573202867691,29.654292749522476,음봉,45.995330047607425,45.269093894958495,44.00032297770182,True,True,1,0.7314284188406803,0.07133904751928319,False,80.4153038289751,0.6830746375855625,0.04003742951534339,-196.84281349632704
2017-03-02,59.77999877929688,59.790000915527344,58.56999969482422,58.709999084472656,46.244232177734375,17578600.0,-0.0170767501860822,-0.0172242393868216,1.220001220703125,64.86484717681415,WFC,,,,17578600.0,812908859.7595215,0.8383744351513943,-32.16222161334018,-1.7076750186082235,2.63816948244311,27.062658210400187,음봉,46.02998733520508,45.37936801910401,44.07241382598877,True,True,1,0.7371428353445866,0.07116569008117933,True,64.86484717681415,0.6725197004802865,0.023585993928053828,-312.78564391596217
2017-03-03,58.84999847412109,59.2400016784668,58.66999816894531,58.88999938964844,46.38600540161133,14740000.0,0.0030657493313341,0.0030610595046301,0.5700035095214844,65.12660356577308,WFC,,,,14740000.0,683729719.619751,0.7093445151609385,-16.148043643976195,0.3065749331334189,1.2288264630385353,27.259110385783686,음봉,46.20012283325195,45.503032493591306,44.136827596028645,True,True,1,0.7507144383021759,0.07097228170412986,False,65.12660356577308,0.6678956656161361,0.015169567251122729,-338.8382655691832
2017-03-06,58.540000915527344,58.880001068115234,58.18000030517578,58.61000061035156,46.165470123291016,13225500.0,-0.0047543494295512,-0.0047656872992037,0.7000007629394531,61.29986000319053,WFC,,,,13225500.0,610561425.1155853,0.6475397063789391,-10.274762550881956,-0.4754349429551219,1.5162864389120445,26.201858531870514,음봉,46.286766052246094,45.555806922912595,44.1819185256958,True,True,0,0.7564288548060821,0.07089006338954917,False,61.299860003190524,0.6390689418466877,-0.01092572521466062,-360.8177185058594
2017-03-07,58.43000030517578,58.52000045776367,58.02000045776367,58.29999923706055,45.92128753662109,13099900.0,-0.0052892905892175,-0.005303328408637,0.5,52.58893551660762,WFC,,,,13099900.0,601564274.6009825,0.6458042319476072,-0.9496805413783949,-0.5289290589217566,1.0888196451400942,26.56645789402926,음봉,46.3529296875,45.624728775024415,44.200381724039715,True,True,0,0.7200004032679962,0.07078297509343623,False,52.58893551660762,0.589722112129472,-0.04821804394550111,-426.91774118655593
2017-03-08,58.95000076293945,59.130001068115234,58.16999816894531,58.209999084472656,45.85039138793945,14711300.0,-0.0015438623889867,-0.0015450553725512,0.960002899169922,47.01747558957175,WFC,,,,14711300.0,674518862.8253937,0.731011206302075,12.300857258452357,-0.15438623889867387,2.0937725286734246,28.37183782342403,음봉,46.113477325439455,45.69837627410889,44.217532793680824,True,True,0,0.7085721152169359,0.07066890125715546,False,47.017475589571745,0.5386840529162598,-0.07940488252697075,-429.57302568132303
2017-03-09,58.45000076293945,58.869998931884766,58.20000076293945,58.70000076293945,46.23636245727539,15721500.0,0.0084180539718896,0.008382819753163,0.6699981689453125,55.03468280993821,WFC,,,,15721500.0,726904972.372055,0.7905523497005541,6.866830259732315,0.8418053971889661,1.4490719713611182,27.479829492391676,음봉,46.11190338134766,45.819284439086914,44.24307270050049,True,True,1,0.6957146780831468,0.05157248198262121,False,55.034682809938204,0.5233478348140039,-0.07579288050338129,-415.1171911276208
2017-03-10,58.97999954223633,59.18000030517578,58.52000045776367,58.84999847412109,46.35449981689453,15120200.0,0.0025550746931768,0.0025518160393885,0.6599998474121094,56.46257662951221,WFC,,,,15120200.0,700889308.1314087,0.7799232515760413,-3.824698661069237,0.255507469317684,1.4238096625336973,27.561936985714798,음봉,46.1056022644043,45.9027774810791,44.28831520080566,True,True,1,0.6964291163853237,0.049247919767426915,False,56.46257662951221,0.5147922643067631,-0.0674787608084978,-410.692574204379
2017-03-13,58.83000183105469,59.02999877929688,58.52000045776367,58.70000076293945,46.23636245727539,14063500.0,-0.0025485629245444,-0.0025518160393886,0.5099983215332102,53.83316887394263,WFC,,,,14063500.0,650245083.4178925,0.7410496971400182,-6.98866417110885,-0.25485629245444175,1.1030243177206533,26.913249120235978,음봉,46.119780731201175,45.975243759155276,44.33080603281657,True,True,1,0.6807147434779581,0.045400921229362665,False,53.833168873942626,0.4927985406143023,-0.07157798760076683,-415.1171911276208
2017-03-14,58.4900016784668,58.810001373291016,58.25,58.7599983215332,46.28361511230469,10885000.0,0.0010219803747095,0.0010214585082943,0.5600013732910156,53.43643512450851,WFC,,,,10885000.0,503797150.4974365,0.5781323161763404,-22.601059480214737,0.10219803747095746,1.2099343837602197,26.50216965600258,음봉,46.19224624633789,46.04140777587891,44.38894952138265,True,True,1,0.6785719735281813,0.032847068756606125,False,53.43643512450851,0.4737204954944616,-0.07252482617648603,-413.3474300817944
2017-03-15,58.900001525878906,59.310001373291016,58.36000061035156,58.709999084472656,46.244232177734375,17777300.0,-0.000850904461001,-0.0008512666856955,0.9500007629394532,51.91637571865144,WFC,,,,17777300.0,822097588.6932373,0.9523173778188607,63.31924666972899,-0.08509044610010008,2.0543118962127744,27.2588612254277,음봉,46.27101440429688,46.07015743255615,44.44004726409912,True,True,0,0.7085721152169369,0.03282657084641364,False,51.91637571865144,0.45023312638362256,-0.07680975622986008,-414.82244526199236
2017-03-16,58.86000061035156,59.40999984741211,58.7599983215332,59.31999969482422,46.7247200012207,18468200.0,0.0103902216743405,0.010336614329505,0.6500015258789062,63.31586311043994,WFC,,,,18468200.0,862921473.9265442,0.9943059899099226,3.886416947455462,1.039022167434056,1.39112984703156,27.280739323619724,음봉,46.36868591308594,46.100483131408694,44.49719715118408,True,True,1,0.7128579275948665,0.0328049769577116,False,63.31586311043994,0.4650299926132604,-0.04961031200017785,-481.80993794431555
2017-03-17,59.369998931884766,59.40999984741211,58.52000045776367,58.66999816894531,46.21271896362305,20985700.0,-0.0109578192781953,-0.011018298398526,0.8899993896484375,55.02457815021993,WFC,,,,20985700.0,969806256.3549042,1.1632517258739703,13.631539619453982,-1.095781927819539,1.9258754074803783,27.063359460118114,음봉,46.34032974243164,46.12214336395264,44.547378603617354,True,True,0,0.7378578186035162,0.032789570834368724,False,55.02457815021993,0.4304801042655768,-0.06732816027828914,-509.6137031898266
2017-03-20,58.470001220703125,58.470001220703125,57.619998931884766,57.630001068115234,45.3935432434082,17663200.0,-0.0177261961335724,-0.0178851868169193,0.8500022888183594,48.19616429395572,WFC,,,,17663200.0,801795233.0169678,0.9910138458358428,-15.83220955221889,-1.7726196133572403,1.8725180457064055,26.523611966499004,음봉,46.171765899658205,46.10402698516846,44.57243258158366,True,True,0,0.7564293997628353,0.035877776042559296,False,48.19616429395572,0.3331579963490796,-0.13172021455582905,-515.8836084097077
2017-03-21,57.93000030517578,57.959999084472656,55.630001068115234,55.84999847412109,43.991493225097656,31766400.0,-0.0308865516576334,-0.0313735961917357,2.329998016357422,21.72005054819374,WFC,,,,31766400.0,1397451370.3857422,1.784523389686629,79.84510168032972,-3.088655165763343,5.2964740351849,27.617269254671044,음봉,45.713341522216794,46.00950660705566,44.57920424143473,False,False,0,0.8585720062255865,0.06642453263508508,True,21.72005054819374,0.14126736337150447,-0.2588886780267234,-279.7718334114307
2017-03-22,55.52999877929688,55.56999969482422,54.84999847412109,55.33000183105469,43.5818977355957,27740900.0,-0.0093107885064531,-0.0093544048438669,0.7200012207031321,23.427561487659062,WFC,,,,27740900.0,1209001066.8933868,1.543330483943038,-12.672194519995973,-0.9310788506453171,1.652064866636287,26.228947253866743,음봉,45.18087463378906,45.890174102783206,44.57862790425619,False,False,0,0.8228577205113012,0.07552282226874987,False,23.427561487659062,-0.04335846918796449,-0.3548116084689539,-247.10739791714192
2017-03-23,55.22999954223633,55.9900016784668,54.97999954223633,55.25,43.518890380859375,19000000.0,-0.0014457230641626,-0.0014467691300877,1.0100021362304688,20.926547850312133,WFC,,,,19000000.0,826858917.2363281,1.0572704033976803,-31.50907144324806,-0.1445723064162685,2.320836141251182,26.726926572375913,음봉,44.5397087097168,45.76257133483887,44.57426306406657,False,False,0,0.8542861938476572,0.07711023909830825,False,20.926547850312133,-0.19254045212163362,-0.4031948731220984,-248.4891377364625
2017-03-24,55.5,56.04999923706055,55.220001220703125,55.83000183105469,43.97573471069336,21127500.0,0.010497609792802,0.0104428924879366,0.8299980163574219,28.810879050297885,WFC,,,,21127500.0,929097335.100174,1.1683617300039026,11.197368421052634,1.049760979280201,1.8873999986988175,27.53082515267944,음봉,44.09231185913086,45.684591674804686,44.57764269510905,False,False,0,0.8635717119489408,0.07724185962964282,False,28.810879050297885,-0.27078330757155555,-0.38515018285761626,-238.47062474850978
2017-03-27,54.630001068115234,55.58000183105469,54.2400016784668,55.38999938964844,43.62916564941406,16854800.0,-0.0078809157722843,-0.007912134317648,1.3400001525878906,28.25108406871444,WFC,,,,16854800.0,735360861.1877441,0.9301691855534633,-20.223405514140335,-0.7880915772284336,3.0713403124771577,24.227602853059622,음봉,43.739436340332034,45.579437255859375,44.583460871378584,False,False,0,0.9235717228480758,0.07742006110286452,False,28.251084068714434,-0.3566453751905385,-0.3768098003812793,-205.23868060126142
2017-03-28,55.34999847412109,56.25,55.2400016784668,55.959999084472656,44.07812881469727,14878900.0,0.0102904366517317,0.010237850556735,1.0099983215332031,34.30952705815292,WFC,,,,14878900.0,655834070.8209993,0.816428991364256,-11.723069985998059,1.0290436651731794,2.291382027080134,26.864673321719675,음봉,43.75676345825195,45.50382022857666,44.603020413716635,False,False,0,0.927142824445453,0.07754871568270502,False,34.30952705815292,-0.3840371656934707,-0.3233612727073692,-196.55467046021337
2017-03-29,55.93999862670898,56.09000015258789,55.54999923706055,55.66999816894531,43.84970474243164,10329100.0,-0.0051822542927336,-0.0051957287446947,0.5400009155273438,28.2637033084164,WFC,,,,10329100.0,452927985.25505066,0.5660666047188766,-30.578873438224598,-0.5182254292733668,1.231481303464299,26.91101036044098,음봉,43.81032485961914,45.343922805786136,44.61525243123372,False,False,0,0.9178573063441695,0.07070031488215762,False,28.263703308416396,-0.4193433416164609,-0.2869339589042875,-200.9729326104344
2017-03-30,55.68000030517578,56.43000030517578,55.61000061035156,56.2400016784668,44.29866409301758,12106500.0,0.0102385946090874,0.0101865352409403,0.8199996948242188,32.34076129447459,WFC,,,,12106500.0,536301776.8421173,0.662610519138928,17.207694765274816,1.0238594609087492,1.8510709332055644,26.979190925535303,음봉,43.96627960205078,45.24664440155029,44.62336222330729,False,False,0,0.9292858668736059,0.07085231761963516,False,32.34076129447459,-0.4064116128299915,-0.21920178409425445,-192.28899625465954
2017-03-31,56.02000045776367,56.18000030517578,55.619998931884766,55.65999984741211,43.84182357788086,11864600.0,-0.010312737968293,-0.0103662826971191,0.5600013732910156,30.562398974416183,WFC,,,,11864600.0,520165700.02212524,0.6516744962309025,-1.998100194110597,-1.0312737968293018,1.2773222635144865,26.459796485360894,음봉,43.93949737548828,45.11943531036377,44.62320613861084,False,False,0,0.9328575134277349,0.0710520776314982,False,30.562398974416183,-0.4280915631326323,-0.19270538751751617,-201.12537298455527
2017-04-03,55.70000076293945,55.81999969482422,54.790000915527344,55.4900016784668,43.70793533325195,14550700.0,-0.0030538931481959,-0.0030585657954782,1.029998779296875,29.381990117265147,WFC,,,,14550700.0,635981054.6535492,0.7995908950198521,22.63961701195152,-0.30538931481959297,2.356548694061228,27.04763674803276,음봉,43.95525131225586,44.996558570861815,44.6321626663208,False,False,0,0.9664287567138677,0.07124610686198811,False,29.381990117265147,-0.45087928658080045,-0.17239448877254743,-203.71508849805647
2017-04-04,55.29999923706055,55.33000183105469,54.97999954223633,55.20000076293945,43.4795036315918,11937400.0,-0.0052263210311462,-0.005240026018872,0.3500022888183594,28.51883181511826,WFC,,,,11937400.0,519032226.6517639,0.6618305022099703,-17.95996068917647,-0.5226321031146286,0.8049822550505176,26.521646047621992,음봉,43.83552627563476,44.87446937561035,44.63913739522298,False,False,0,0.9235717228480753,0.07231765444323467,False,28.51883181511826,-0.4818171625021961,-0.16266589175515445,-208.13349821882352
2017-04-05,55.790000915527344,56.20000076293945,54.93000030517578,54.97999954223633,43.30620956420898,17411700.0,-0.0039856496258826,-0.0039936134951912,1.270000457763672,22.10765486202328,WFC,,,,17411700.0,754034729.0691375,0.9633214311965955,45.85839462529528,-0.3985649625882659,2.932605902349121,28.31333445810282,음봉,43.726827239990236,44.74726028442383,44.653655497233075,False,False,0,0.9678573608398443,0.0763959718490672,False,22.10765486202328,-0.5143894733714021,-0.15619056209948828,-211.4854156029291
2017-04-06,54.95000076293945,55.650001525878906,54.709999084472656,55.369998931884766,43.613399505615234,10387500.0,0.0070934386661292,0.0070683985739133,0.94000244140625,28.058271185130906,WFC,,,,10387500.0,453034187.36457825,0.5789933988581378,-40.34183910818587,0.7093438666129215,2.15530651602892,26.88711691903336,음봉,43.58977432250977,44.61611213684082,44.668338521321616,False,False,0,0.9714290073939738,0.07662053624320535,False,28.058271185130906,-0.5095419213376999,-0.12107440805262887,-251.2199367102877
2017-04-07,54.93999862670898,55.310001373291016,54.61000061035156,54.84000015258789,43.19594955444336,15848800.0,-0.0095715985431983,-0.009617700709339,0.7000007629394531,30.09969394029428,WFC,,,,15848800.0,684603965.2984619,0.8856497904588458,52.57569193742479,-0.9571598543198334,1.6205240772799434,25.970456899686162,음봉,43.46059951782227,44.45818462371826,44.673716926574706,False,False,0,0.9607146126883376,0.07937279663224843,False,30.099693940294273,-0.5332380869735829,-0.11581645895080933,-296.8833286333222
2017-04-10,54.9900016784668,55.25,54.31999969482422,54.540000915527344,42.95963668823242,14607700.0,-0.0054707181726169,-0.0054857373534617,0.9300003051757812,38.15529159540013,WFC,,,,14607700.0,627541484.8506927,0.8215323884769357,-7.830876785624152,-0.5470718172616906,2.164823487509913,27.303606578108525,음봉,43.31093978881836,44.294348335266115,44.67906850179036,False,False,0,0.8607147761753632,0.0850014382081023,False,38.15529159540013,-0.564577840409136,-0.11772496990908987,-515.0854823679008
2017-04-11,54.22999954223633,54.2599983215332,53.27000045776367,54.15999984741211,42.66032028198242,28086800.0,-0.0069673868152611,-0.0069917723899435,0.9899978637695312,39.14639734754215,WFC,,,,28086800.0,1198191883.695984,1.5654660947784338,92.27393771777899,-0.6967386815261101,2.320652674958131,26.234772271924506,음봉,43.14710311889648,44.11318359375,44.668869717915854,False,False,0,0.880000250680106,0.09213571517912685,False,39.14639734754215,-0.6065749350192249,-0.12777765161534305,-335.7493888637392
2017-04-12,53.95000076293945,54.02000045776367,53.04999923706055,53.119998931884766,41.84115219116211,25601300.0,-0.0192021083153069,-0.0193888633898852,0.970001220703125,33.22815872747125,WFC,,,,25601300.0,1071187889.5915985,1.421273233306439,-8.849352720851078,-1.9202108315306998,2.3182947168171273,26.464124990935023,음봉,42.85409164428711,43.893029594421385,44.664968172709145,False,False,0,0.8771430424281529,0.11126066838364865,False,33.22815872747125,-0.6979128490382109,-0.17529245250746328,-331.6225888694392
2017-04-13,51.79999923706055,52.75,51.34999847412109,51.34999847412109,40.44695663452149,47982000.0,-0.0333211559344942,-0.0338889544458829,1.4000015258789134,20.29149436627516,WFC,,,,47982000.0,1940725873.23761,2.600918475530923,87.42017006948866,-3.332115593449425,3.461327235394545,23.801560244801273,음봉,42.22080307006836,43.57914142608642,44.63144092559814,False,False,0,0.9178575788225452,0.13230555124360888,True,20.29149436627516,-0.8727383491664327,-0.280094362108548,-214.62673050525137
2017-04-17,51.63999938964844,52.7599983215332,51.2599983215332,52.720001220703125,41.52607727050781,31959100.0,0.0266798969756179,0.0263301948989039,1.5,34.238393328865826,WFC,,,,31959100.0,1327136056.0958862,1.7402739097548683,-33.393564253261644,2.66798969756179,3.612188048075789,27.673386792156524,음봉,41.88682861328125,43.34480934143066,44.61185671488444,False,False,0,0.9292861393519816,0.11412177568765013,True,34.238393328865826,-0.9136804612204941,-0.2568291793300874,-188.27693068247638
2017-04-18,52.36000061035156,52.66999816894531,52.09000015258789,52.45000076293945,41.31340026855469,22257500.0,-0.005121528830371,-0.0051346888111949,0.5799980163574219,28.518933683942805,WFC,,,,22257500.0,919533006.477356,1.2169526543410023,-30.3562991448445,-0.5121528830371092,1.4038980393460423,26.089445601301954,음봉,41.5575813293457,43.140802192687985,44.58233871459961,False,False,0,0.8985718318394257,0.08928224007732799,False,28.518933683942805,-0.9523109883563308,-0.23636776517273927,-192.39060419026256
2017-04-19,52.880001068115234,53.13999938964844,52.04999923706055,52.150001525878906,41.07709884643555,17414600.0,-0.005719728237886,-0.0057361485264379,1.0900001525878906,28.48406661330277,WFC,,,,17414600.0,715341245.5711365,0.9552892473255911,-21.758508367965856,-0.5719728237886024,2.653547069287429,27.99721331183761,음봉,41.240937042236325,42.995082473754884,44.55957444508871,False,False,0,0.9378574916294647,0.08958483707636218,False,28.484066613302772,-0.9905747798898474,-0.2197052453650047,-196.96122955688287
2017-04-20,52.720001220703125,53.59000015258789,52.43000030517578,53.5,42.14045715332031,31552900.0,0.0258868892094856,0.0255574962360142,1.1599998474121094,34.70993079807339,WFC,,,,31552900.0,1329653630.5130005,1.7149577172992456,81.1864757157787,2.5886889209485675,2.752698773987342,28.344023071818974,음봉,41.30079803466797,42.923010444641115,44.548665301005045,False,False,0,0.9621432168143141,0.08973525898104771,False,34.70993079807339,-0.9244386287769828,-0.12285527540171204,-184.60600528806356
2017-04-21,53.38999938964844,53.84000015258789,52.95000076293945,53.0,41.74662780761719,26177300.0,-0.0093456353420716,-0.0093895797989242,0.8899993896484375,35.02261974557899,WFC,,,,26177300.0,1092814000.1083374,1.4203131394626207,-17.036785842188827,-0.9345635342071668,2.1319072614675862,26.6953493062468,음봉,41.56073226928711,42.834397315979004,44.506156794230144,False,False,0,0.9857145036969871,0.08992089768610426,False,35.02261974557899,-0.8935042288013193,-0.0735367003408387,-192.57825530968532
2017-04-24,54.150001525878906,54.34000015258789,53.59000015258789,53.650001525878906,42.25861358642578,23856700.0,0.0122641230129532,0.0121895279325353,0.75,40.17093265296936,WFC,,,,23856700.0,1008151066.7472839,1.2870550939169463,-8.864932594270613,1.226412301295321,1.774786100036451,29.7110793605192,음봉,41.7072395324707,42.748541259765624,44.46487929026286,False,False,0,0.9657145908900675,0.09010149457710886,False,40.170932652969356,-0.8182433207809297,0.00137936614364087,-182.2141758404685
2017-04-25,54.33000183105469,55.09000015258789,54.290000915527344,54.560001373291016,42.97539520263672,27061300.0,0.0169617873228378,0.016819542439992,0.7999992370605469,46.79360356071624,WFC,,,,27061300.0,1162970062.197113,1.449344617883981,13.432704439423727,1.6961787322837818,1.8615285171629175,28.5655094196144,음봉,42.03963851928711,42.71585273742676,44.44324131011963,False,False,0,0.9978572300502238,0.09017044520151413,False,46.793603560716235,-0.6927743514286959,0.10147866839669983,-167.70443369534328
2017-04-26,54.59999847412109,55.06999969482422,54.36000061035156,54.540000915527344,42.95963668823242,15915500.0,-0.0003666868990963,-0.0003667541451766,0.7099990844726562,47.75053332356156,WFC,,,,15915500.0,683724097.7115631,0.8644046843262697,-41.18723047303714,-0.03666868990963579,1.652712032052963,27.049438909572025,음봉,42.41614608764648,42.65992813110351,44.42799078623454,False,False,0,0.9578571319580084,0.09028865324524052,False,47.750533323561555,-0.5878346774279635,0.1651346739179459,-189.0741588772459
2017-04-27,54.540000915527344,54.650001525878906,53.90999984741211,54.43999862670898,42.8808708190918,13978000.0,-0.0018334854578088,-0.0018351683496238,0.7400016784667969,45.10015656799684,WFC,,,,13978000.0,599388812.3092651,0.7656380564926875,-12.173667179793279,-0.18334854578088144,1.7257151366835741,26.956383061002555,음봉,42.56422882080078,42.61148643493652,44.40816771189372,False,False,0,0.9435713631766188,0.09039129541695896,False,45.10015656799684,-0.5052013306359981,0.19821441656792904,-206.89188120005576
2017-04-28,54.33000183105469,54.58000183105469,53.72999954223633,53.84000015258789,42.40827178955078,16501900.0,-0.0110212087701027,-0.0110823922507428,0.8500022888183594,44.76985434062701,WFC,,,,16501900.0,699817060.243988,0.904421524824404,18.056231220489337,-1.1021208770102708,2.0043313555347386,26.69985658702017,음봉,42.6965576171875,42.516966819763184,44.38099308013916,True,False,0,0.954285757882255,0.07984734559618985,False,44.76985434062701,-0.47240303188048216,0.18481017225875607,-221.84768943214573
2017-05-01,54.09999847412109,54.75,53.970001220703125,54.459999084472656,42.896629333496094,13915800.0,0.011515620027356,0.0114498199457339,0.779998779296875,49.59518367342937,WFC,,,,13915800.0,596940914.479065,0.7640445227559571,-15.671528733054984,1.1515620027356066,1.8183218388392306,27.569448579725186,음봉,42.824160766601565,42.46970710754395,44.364058303833005,True,False,0,0.9435713631766188,0.07678363993593942,False,49.59518367342937,-0.4023655517786153,0.2038781218884984,-218.36462113998638
2017-05-02,54.459999084472656,54.61000061035156,54.060001373291016,54.540000915527344,42.95963668823242,15634900.0,0.0014688183131239,0.0014677406546327,0.5499992370605469,51.98330328787926,WFC,,,,15634900.0,671669623.6568451,0.8635294643655549,12.353583696230185,0.1468818313123954,1.2802697589181513,26.95635981344398,음봉,42.8210090637207,42.43229217529297,44.32821922302246,True,False,0,0.9121428898402628,0.07462342260495336,False,51.98330328787926,-0.3378812920414447,0.21468990530053522,-216.71952128062216
2017-05-03,54.0099983215332,54.88999938964844,53.95000076293945,54.84999847412109,43.506935119628906,15737100.0,0.0127398291416742,0.0126593602377667,0.9399986267089844,61.45019652882119,WFC,,,,15737100.0,684672988.6711121,0.8733242169490403,0.6536658373254678,1.2739829141674264,2.1605719274968824,25.722660816467556,음봉,42.93046875,42.43366374969482,44.31095396677653,True,False,0,0.9099998474121099,0.07462101056773622,False,61.45019652882119,-0.23984980293891311,0.2501771155224534,-202.42975183563544
2017-05-04,55.27000045776367,55.59999847412109,54.869998931884766,55.18000030517578,43.768699645996094,17054100.0,0.0060166161014887,0.0059985885406351,0.729999542236321,77.04295381633987,WFC,,,,17054100.0,746435780.632782,0.9430796491496943,8.368759174180763,0.6016616101488736,1.667857505798897,27.037219022186775,음봉,43.10803451538086,42.45678825378418,44.3008082707723,True,False,0,0.8621425628662104,0.07823820755397189,False,77.04295381633987,-0.1394296734425282,0.28047779601507067,-172.6105624920347
2017-05-05,55.25,55.38999938964844,54.880001068115234,55.11000061035156,43.71317672729492,13078800.0,-0.0012685530790323,-0.0012693583736008,0.5099983215332031,71.36670753658727,WFC,,,,13078800.0,571715895.7809448,0.7275918732600289,-23.309937199852236,-0.12685530790323973,1.1666924248375554,26.231760246169895,음봉,43.369015502929685,42.46177711486816,44.29905789693196,True,False,0,0.7914281572614392,0.07822901529741864,False,71.36670753658727,-0.06359317036091738,0.28505143927734516,-234.84012116770643
2017-05-08,55.119998931884766,55.290000915527344,54.75,55.040000915527344,43.65765380859375,14242800.0,-0.0012701643499293,-0.001270971692378,0.5400009155273438,73.62752199609676,WFC,,,,14242800.0,621807231.6650391,0.7921351513524485,8.89989907330948,-0.12701643499293258,1.236898615520763,26.09469971892323,음봉,43.52122039794922,42.484862327575684,44.281941477457686,True,False,0,0.7885712214878622,0.07818650760505244,False,73.62752199609676,-0.007881576898661535,0.2726104261916808,-236.40414738274148
2017-05-09,55.13999938964844,55.369998931884766,54.45000076293945,54.68000030517578,43.37209701538086,14402900.0,-0.0065408185805138,-0.0065623034714587,0.9199981689453124,72.90367527810137,WFC,,,,14402900.0,624683976.102829,0.8014175132761043,1.124076726486356,-0.6540818580513807,2.121175207689537,26.300876431418434,음봉,43.603712463378905,42.5054853439331,44.25835914611817,True,False,0,0.7764282226562494,0.07814857269824639,False,72.90367527810137,0.013077466690383233,0.23485557582458044,-285.73843917419646
2017-05-10,54.43000030517578,54.90999984741211,54.36000061035156,54.720001220703125,43.40383529663086,15897200.0,0.0007317672751387,0.000731499664011,0.5499992370605469,65.87761293347538,WFC,,,,15897200.0,689999450.4776001,0.8866750619197129,10.374993924834586,0.07317672751387949,1.2671673673576018,25.495431511816243,음봉,43.583092498779294,42.542661094665526,44.23241748809814,True,False,0,0.7328567504882807,0.0780802828502686,False,65.87761293347538,0.031881167531480514,0.20292742133254218,-360.23297024101805
2017-05-11,54.27999877929688,54.41999816894531,53.060001373291016,53.7400016784668,42.62648010253906,32200100.0,-0.0179098272947353,-0.0180721492779376,1.3599967956542969,60.085388761985385,WFC,,,,32200100.0,1372576921.949768,1.7704414176927517,102.55202173967741,-1.7909827294735337,3.190497532010127,25.0580701183111,음봉,43.35464859008789,42.58192749023438,44.18170483907064,True,False,0,0.7664279937744135,0.07800828208719301,True,60.085388761985385,-0.0157611469226282,0.12422808550274678,-410.7690228206276
2017-05-12,53.29999923706055,53.31999969482422,52.540000915527344,53.02000045776367,42.05539321899414,29642300.0,-0.0133974675406263,-0.0134880233305597,0.779998779296875,47.70170729329257,WFC,,,,29642300.0,1246618582.41539,1.605463389287614,-7.943453591759031,-1.3397467540626318,1.8546938206836023,25.03964462664069,음봉,43.023091888427736,42.66234931945801,44.113991292317706,True,False,0,0.7685707637241903,0.06309077775829204,False,47.70170729329257,-0.0984649207871584,0.033219449310573246,-342.634511818092
2017-05-15,53.060001373291016,53.41999816894531,53.02000045776367,53.31999969482422,42.29335021972656,15245000.0,0.0056581803787523,0.0056422330032921,0.3999977111816406,41.34963733056719,WFC,,,,15245000.0,644762124.0997314,0.8257449359623921,-48.57011770341708,0.565818037875232,0.9457697465524326,26.16693677548755,음봉,42.750231170654295,42.70071296691894,44.05588855743408,True,False,0,0.7399992261614113,0.06303409504299802,False,41.34963733056719,-0.14315689260792652,-0.009178018008155903,-334.8581330407907
2017-05-16,53.400001525878906,53.43999862670898,52.95000076293945,53.2599983215332,42.24575424194336,12650100.0,-0.0011253773355841,-0.0011260110481463,0.4899978637695241,41.01837791348386,WFC,,,,12650100.0,534413015.7360077,0.6873983401136778,-17.02131846507051,-0.11253773355841545,1.1598748147879763,26.260987243739216,음봉,42.5249626159668,42.74733066558838,43.997386614481606,False,False,0,0.7242848532540448,0.06296535380458941,False,41.01837791348386,-0.1803373828022501,-0.03708680656198357,-336.4135583923415
2017-05-17,53.2599983215332,53.2599983215332,51.650001525878906,52.2400016784668,41.43669891357422,33173100.0,-0.0191511630668408,-0.0193369220818664,1.6099967956542969,34.65089784185496,WFC,,,,33173100.0,1374583756.729889,1.7905238102051289,162.23587165318852,-1.9151163066840837,3.8854369142974345,26.07183674958379,음봉,42.131535339355466,42.76531066894531,43.923299916585286,False,False,0,0.7864273616245805,0.054530195056323845,True,34.650897841854956,-0.27195229581241165,-0.1029613756577161,-258.564822862706
2017-05-18,52.310001373291016,52.959999084472656,51.95000076293945,52.380001068115234,41.54774475097656,19790100.0,0.0026798910220613,0.0026763065167438,1.0099983215332031,40.09263423443682,WFC,,,,19790100.0,822234023.3963013,1.0635310670341838,-40.34292845709325,0.26798910220613426,2.430934164024543,26.240754560095564,음봉,41.91578826904297,42.73567504882813,43.84961986541748,False,False,0,0.7978556496756407,0.054568009742619515,False,40.09263423443682,-0.33177283269924374,-0.1302255300356385,-255.7535336678685
2017-05-19,52.56999969482422,53.34000015258789,52.38999938964844,53.060001373291016,42.08712005615234,16895000.0,0.0129820597582037,0.0128985150980773,0.9500007629394532,40.78822395666018,WFC,,,,16895000.0,711061893.3486937,0.9070864958023648,-14.629031687560957,1.2982059758203768,2.257224446985132,26.529129342426177,음봉,41.92213363647461,42.75269966125488,43.78322277069092,False,False,0,0.8099986485072534,0.05454628013901253,False,40.78822395666018,-0.3318327978507014,-0.10422839614967688,-242.0984521008864
2017-05-22,53.27000045776367,53.31999969482422,52.5,53.0099983215332,42.04745864868164,13947000.0,-0.0009423644910314,-0.0009428087956016,0.8199996948242188,39.564462211205246,WFC,,,,13947000.0,586435905.7731628,0.7507094121540011,-17.44894939331163,-0.09423644910314666,1.9501765889718736,26.570790271919808,음봉,41.872955322265625,42.74214191436768,43.72509161631266,False,False,0,0.8292843954903729,0.05455975362895835,False,39.564462211205246,-0.33126208170946114,-0.08292614400674925,-243.10253914172188
2017-05-23,53.0099983215332,53.560001373291016,52.84999847412109,53.38999938964844,42.348880767822266,11751700.0,0.0071686168160385,0.0071430444222423,0.710002899169929,35.96182214186288,WFC,,,,11751700.0,497671342.1192169,0.632865848258629,-15.740302574030263,0.7168616816038531,1.6765564668934696,26.071824612390177,음봉,41.89358062744141,42.71081619262695,43.668702061971025,False,False,0,0.8128561292375832,0.05459976980782778,False,35.96182214186288,-0.30299480364217857,-0.04372709275157333,-235.47159352099771
2017-05-24,53.4900016784668,53.61000061035156,52.79999923706055,53.09000015258789,42.11091995239258,11304400.0,-0.0056190579565563,-0.0056349042514283,0.8100013732910156,29.787398315372272,WFC,,,,11304400.0,476038683.50982666,0.6101004410648264,-3.806257818017822,-0.5619057956556373,1.923494842208961,26.307946535176985,음봉,42.02842483520508,42.66838035583496,43.61070957183838,False,False,0,0.8185705457414899,0.054654072007750125,False,29.787398315372272,-0.2963777727275385,-0.029688049469546618,-255.05580272904007
2017-05-25,53.25,53.25,52.56999969482422,52.77999877929688,41.865028381347656,16643800.0,-0.0058391403304156,-0.0058562547652252,0.6800003051757812,28.465960660278583,WFC,,,,16643800.0,696793159.3734741,0.8980651453896668,47.2329358479884,-0.583914033041566,1.624268109844983,26.451761348838787,음봉,42.091881561279294,42.61758823394776,43.524332491556805,False,False,0,0.8307135445731026,0.054719209346630285,False,28.465960660278583,-0.30743124679256084,-0.032593218827655146,-263.03709590586305
2017-05-26,52.630001068115234,52.810001373291016,52.369998931884766,52.40999984741211,41.5715446472168,14247700.0,-0.0070102361201698,-0.0070349232682117,0.44000244140625,26.970375617262302,WFC,,,,14247700.0,592298896.6701508,0.7660558452903706,-14.396351794662277,-0.7010236120169822,1.0584221614572795,25.713520575478103,음봉,41.988766479492185,42.575751876831056,43.44645436604818,False,False,0,0.823570796421596,0.05477297827101691,False,26.970375617262306,-0.33599969390473206,-0.048929332751861065,-270.9264490988797
2017-05-30,52.15999984741211,52.5,51.900001525878906,52.15999984741211,41.37323760986328,19379700.0,-0.0047702590566788,-0.004781673055366,0.5999984741210938,27.500135259659828,WFC,,,,19379700.0,801800932.9078674,1.038601290500837,36.0198488177039,-0.4770259056678827,1.450209141906882,25.470439672258383,음봉,41.853922271728514,42.499582290649414,43.36290823618571,False,False,0,0.8007136753627232,0.05636436658954769,False,27.500135259659828,-0.3703726888509635,-0.06664186215847401,-315.23831923883876
2017-05-31,52.22999954223633,52.25,50.83000183105469,51.13999938964844,40.56418228149414,30519700.0,-0.0195550402895291,-0.0197487698418381,1.4199981689453125,22.7963683565804,WFC,,,,30519700.0,1238006673.9765167,1.6292336757698553,57.482829971568194,-1.9555040289529146,3.500620717783167,26.241025744102803,음봉,41.49698257446289,42.3798095703125,43.26955343882243,False,False,0,0.8628564562116351,0.07561424642990257,True,22.796368356580402,-0.4576223528086416,-0.12311322089292165,-285.9562680109149
2017-06-01,51.52999877929688,52.209999084472656,51.060001373291016,52.08000183105469,41.30978775024414,21001800.0,0.0183808825129492,0.0182139960040972,1.1499977111816406,37.30899870796755,WFC,,,,21001800.0,867579900.3730774,1.1178968307679673,-31.186086363889554,1.8380882512949226,2.7838383439160714,27.03324923871441,음봉,41.3367561340332,42.26995220184326,43.19269510904948,False,False,0,0.8478565216064453,0.07581076385419272,False,37.30899870796755,-0.4612867831565879,-0.10142212099269432,-342.4538942861847
2017-06-02,51.66999816894531,52.2400016784668,51.52999877929688,51.810001373291016,41.09561920166016,19477300.0,-0.0051844504716127,-0.0051979363664553,0.7100028991699148,40.0656553811116,WFC,,,,19477300.0,800431703.8764955,1.0326167112299127,-7.258901617956559,-0.5184450471612756,1.7276851230440453,25.079311666615723,음봉,41.182874298095705,42.136298179626465,43.11344890594482,False,False,0,0.842856815883091,0.07473353336300832,False,40.0656553811116,-0.47598561669906303,-0.09289676362813554,-350.1578022943079
2017-06-05,51.709999084472656,52.18000030517578,51.66999816894531,51.720001220703125,41.02423477172852,13663800.0,-0.001737032591755,-0.0017385429821858,0.5100021362304688,36.3945976053517,WFC,,,,13663800.0,560546939.0739442,0.724138662025823,-29.84756614109758,-0.1737032591755061,1.2431728198424121,25.82849483475771,음봉,41.07341232299805,42.001851081848145,43.02658011118571,False,False,0,0.8507142748151502,0.07365083793739054,False,36.3945976053517,-0.48777194375168875,-0.08374647254460899,-352.7255886711672
2017-06-06,51.31999969482422,52.02999877929688,51.2400016784668,51.810001373291016,41.09561920166016,14887500.0,0.0017400551242172,0.0017385429821858,0.7899971008300852,37.73268157401992,WFC,,,,14887500.0,611811030.8647157,0.7878062588562976,8.955780968690984,0.17400551242172657,1.9223389650208051,25.096787253642884,음봉,41.01788864135743,41.873749351501466,42.9389321009318,False,False,0,0.8721427917480474,0.06781463468436455,False,37.73268157401992,-0.48575310650490167,-0.06538210823825746,-350.1578022943079
2017-06-07,51.84000015258789,52.310001373291016,51.70000076293945,52.09000015258789,41.317718505859375,17022400.0,0.0054044520684637,0.0053899004229526,0.6100006103515625,48.54931851923512,WFC,,,,17022400.0,703326731.4941406,0.8990341687260935,14.340218303946273,0.5404452068463739,1.47636566686289,26.144832854820887,음봉,41.16859588623048,41.77103042602539,42.856954701741536,False,False,0,0.8007144927978521,0.06798139730274588,False,48.54931851923512,-0.46091842506199043,-0.032437941436276985,-342.16861518195293
2017-06-08,52.09000015258789,53.02999877929688,51.880001068115234,52.560001373291016,41.690521240234375,22644200.0,0.0090228296202301,0.0089823671018611,1.1499977111816475,51.63636840586554,WFC,,,,22644200.0,944048501.0681152,1.1890476080931458,33.0258952909108,0.9022829620230155,2.758415287146414,26.071821088574552,음봉,41.24474258422852,41.685364723205566,42.78040313720703,False,False,0,0.8107144492013124,0.049472946554234516,False,51.63636840586554,-0.40646917247068615,0.01760904892402182,-328.75843899226084
2017-06-09,52.86000061035156,53.95000076293945,52.79999923706055,53.79999923706055,42.6740837097168,25750000.0,0.0235919926214118,0.02331800251148,1.1500015258789062,56.1055686544648,WFC,,,,25750000.0,1098857655.5252075,1.3402587540026005,13.715653456514243,2.3591992621411872,2.694847612198533,26.79141214319439,음봉,41.56043548583985,41.68774490356445,42.72090066274007,False,False,0,0.825000217982702,0.050612030780351765,False,56.105568654464804,-0.2807165505390614,0.11468933668451725,-261.40772158569195
2017-06-12,53.97999954223633,54.59000015258789,53.93999862670898,54.09000015258789,42.90411758422852,22791400.0,0.0053904818689602,0.0053760052223353,0.6500015258789134,58.571454744209134,WFC,,,,22791400.0,977844905.5091859,1.1777742871239576,-11.48970873786408,0.5390481868960295,1.515009659860369,26.49363465991702,음봉,41.93641204833985,41.73018112182617,42.65722395579021,True,True,0,0.8128574916294659,0.056072972602328915,False,58.571454744209134,-0.16064308695023044,0.1878102402186786,-210.79488789756294
2017-06-13,54.34999847412109,54.68999862670898,54.27999877929688,54.45000076293945,43.18966293334961,17966000.0,0.0066554299493635,0.0066333803544128,0.4099998474120951,58.43941020696671,WFC,,,,17966000.0,775945484.2605591,0.923054339409375,-21.172021025474518,0.6655429949363523,0.9493008733242672,26.67781447182135,음봉,42.355220794677734,41.774996757507324,42.60683968861898,True,True,0,0.791428702218192,0.06284813538336535,False,58.439410206966706,-0.04195919917210489,0.2451953023974433,-197.93640518838828
2017-06-14,54.09000015258789,54.63999938964844,53.56999969482422,54.52999877929688,43.253116607666016,16575000.0,0.0014691866063953,0.001468108407674,1.0699996948242188,61.88110482926322,WFC,,,,16575000.0,716920407.7720642,0.852423561265599,-7.742402315484808,0.14691866063953896,2.4738094702627187,25.238301201979063,음봉,42.74230041503906,41.825364875793454,42.571165911356616,True,True,0,0.8100000108991351,0.06428956051326891,False,61.88110482926322,0.05656675187214688,0.274977002753356,-196.29252625077245
2017-06-15,54.040000915527344,54.45000076293945,53.810001373291016,53.900001525878906,42.75340270996094,17232300.0,-0.0115532460293626,-0.011620503304673,0.6399993896484375,58.77736117581259,WFC,,,,17232300.0,736739461.5188599,0.8871223732735031,3.965610859728508,-1.1553246029362696,1.4969554446699669,24.938975856249634,음봉,42.95487670898437,41.89120006561279,42.55053106943767,True,True,0,0.807142802647182,0.06418852460565194,False,58.77736117581259,0.093251596299325,0.24932947774442732,-209.2384928968503
2017-06-16,53.93000030517578,54.2400016784668,53.650001525878906,53.88999938964844,42.74547958374024,23492700.0,-0.0001853215350938,-0.0001853387092514,0.5900001525878906,62.292410293445776,WFC,,,,23492700.0,1004206728.2169343,1.2069365493950273,36.32945108894343,-0.018532153509387417,1.3802632660420966,26.142007154464114,음봉,42.969155883789064,41.951086807250974,42.53659076690675,True,True,0,0.817856924874442,0.06409689309186407,False,62.292410293445776,0.12029854301754739,0.22110113957011976,-209.44375540457094
2017-06-19,54.310001373291016,54.63999938964844,54.119998931884766,54.2400016784668,43.023094177246094,15367300.0,0.0064945953632826,0.0064735963498421,0.5200004577636719,66.99359861945194,WFC,,,,15367300.0,661148795.1499939,0.790975344089915,-34.58691423293193,0.6494595363282674,1.20865425350715,27.054373707272077,음봉,42.992951202392575,41.99788551330566,42.52832749684652,True,True,0,0.8121427808489118,0.06402546921844372,False,66.99359861945194,0.16226414072011863,0.21045338981815281,-202.2516615194568
2017-06-20,54.060001373291016,54.09999847412109,53.43000030517578,53.459999084472656,42.40439987182617,13622200.0,-0.0143805162611277,-0.0144849179943858,0.6699981689453054,69.7279484654469,WFC,,,,13622200.0,577641215.9339905,0.7117029465478868,-11.355931100453564,-1.4380516261127796,1.5800204011151626,25.653448240089816,음봉,42.83589859008789,42.01573257446289,42.502138582865406,True,False,0,0.7585713522774827,0.06399827306132004,False,69.7279484654469,0.14393947477588398,0.1537029790991345,-238.4465027711752
2017-06-21,53.470001220703125,53.47999954223633,52.79999923706055,52.97999954223633,42.02367401123047,12653700.0,-0.0089784518056263,-0.0090190009991659,0.6800003051757812,58.302728075351546,WFC,,,,12653700.0,531754963.835907,0.6694792614072967,-7.109717960388185,-0.8978451805626397,1.6181362557544516,26.095408453661502,음봉,42.59001007080078,41.9994722366333,42.47538038889568,True,False,0,0.7250001089913499,0.06402305036172572,False,58.302728075351546,0.09757091315066901,0.08586753397913563,-267.14016868716857
2017-06-22,52.79999923706055,52.88999938964844,52.220001220703125,52.4900016784668,41.63499069213867,15362200.0,-0.0092491512995251,-0.0092921902877104,0.6699981689453125,56.028354280130216,WFC,,,,15362200.0,639605054.0107727,0.8152706919609688,21.404806499284803,-0.9249151299525193,1.6092189713682785,25.643462832284,음봉,42.36632766723633,41.97567577362061,42.434661420186366,True,False,0,0.7221426282610212,0.06405934571902049,False,56.028354280130216,0.029124272027864606,0.013936714285064971,-278.40636181495773
2017-06-23,52.70000076293945,52.83000183105469,52.31999969482422,52.45000076293945,41.60326385498047,21868500.0,-0.0007620233998081,-0.0007623138872205,0.5100021362304688,56.52947467042687,WFC,,,,21868500.0,909800975.6126404,1.1598355252690102,42.352657822447306,-0.07620233998081316,1.225870494219445,26.576228040060606,음봉,42.137884521484374,41.96258754730225,42.39722073872885,True,False,0,0.7221426282610212,0.06407932597437607,False,56.529474670426865,-0.027364830072741597,-0.034041910252432986,-279.32598109677673
2017-06-26,52.72999954223633,53.43000030517578,52.59000015258789,52.900001525878906,41.960205078125,12532800.0,0.008579644721836,0.0085430487414228,0.8400001525878906,59.15967908024122,WFC,,,,12532800.0,525878858.203125,0.6671270963307969,-42.69017079360724,0.8579644721836033,2.0018971571371216,26.744862436853833,음봉,41.925306701660155,41.98202056884766,42.35824642181397,False,False,0,0.7257142748151502,0.06404966435005684,False,59.15967908024122,-0.04283687995687302,-0.03961116810925152,-325.7459078092913
2017-06-27,53.02000045776367,53.65999984741211,52.90999984741211,53.15999984741211,42.16643905639648,13496300.0,0.0049149897596423,0.0049029506294928,0.75,59.02192557388879,WFC,,,,13496300.0,569090911.4368438,0.7192549064856089,7.687827141580494,0.491498975964233,1.7786657274921773,26.357820127539,음봉,41.87771453857422,42.021680641174314,42.3303233464559,False,False,0,0.73571423121861,0.0639892142613916,False,59.02192557388879,-0.0380189734232772,-0.027834609260524563,-345.6786637416115
2017-06-28,53.61000061035156,54.41999816894531,53.52000045776367,54.33000183105469,43.09449005126953,20961700.0,0.0220092333059429,0.0217705262866338,0.8999977111816406,63.34849375086142,WFC,,,,20961700.0,903333772.1076965,1.10714856408823,55.31441950756874,2.2009233305942955,2.088428729777085,27.13902764862271,음봉,42.09187774658203,42.14819602966308,42.32009925842286,False,True,0,0.7178570883614667,0.05288202214796688,False,63.34849375086142,0.04022156232280594,0.04032474118844686,-369.4542815002443
2017-06-29,55.650001525878906,56.59999847412109,55.209999084472656,55.77999877929688,44.24461364746094,32552100.0,0.0266884141063765,0.0263384906641719,1.3899993896484304,64.47369068653752,WFC,,,,32552100.0,1440255087.9135132,1.6903522157998687,55.29322526321816,2.668841410637657,3.141623974217251,29.134841738867497,음봉,42.61380233764648,42.29493732452393,42.332851092020675,True,True,0,0.7349997929164326,0.07614100125087875,True,64.47369068653752,0.1928105132465845,0.1543309536897803,-182.08658845661463
2017-06-30,56.02999877929688,56.04999923706055,55.15999984741211,55.40999984741211,43.95113754272461,16750700.0,-0.0066330357650929,-0.0066551321115962,0.8899993896484375,59.53759997331262,WFC,,,,16750700.0,736212319.6369171,0.866334502873664,-48.54187594655952,-0.6633035765092998,2.0249746409482006,26.636881103180954,음봉,43.083377075195315,42.43771324157715,42.343599891662606,True,True,1,0.7521424974713986,0.0758848352030745,False,59.53759997331262,0.2867517910768669,0.19861778521605017,-188.78696034628447
2017-07-03,55.810001373291016,56.45000076293945,55.709999084472656,55.77999877929688,44.24461364746094,11825000.0,0.0066773267119888,0.0066551321115962,0.7400016784667969,59.59597852269631,WFC,,,,11825000.0,523192556.3812256,0.6129523061026921,-29.40593527434674,0.667732671198884,1.6725237660861874,26.981926961591114,음봉,43.5402587890625,42.59873218536377,42.354120127360034,True,True,1,0.7757140568324488,0.0739222574065882,False,59.595978522696306,0.38049587988495404,0.23388949921930982,-182.08658845661463
2017-07-05,55.970001220703125,56.02000045776367,55.34000015258789,55.77999877929688,44.24461364746094,14086900.0,0.0,0.0,0.6800003051757812,59.12412090184223,WFC,,,,14086900.0,623269447.9904175,0.7289094210388721,19.128118393234672,0.0,1.5369109347275414,26.501276893656573,음봉,43.95589370727539,42.75618190765381,42.37159786224366,True,True,1,0.7478569575718461,0.06845548435365828,False,59.124120901842225,0.4496059679268001,0.2423996698089247,-182.08658845661463
2017-07-06,55.97999954223633,56.31999969482422,55.5,55.560001373291016,44.07011032104492,14481200.0,-0.0039440580904706,-0.0039518563989891,0.8199996948242188,62.8882431704824,WFC,,,,14481200.0,638188081.5811157,0.751119868217478,2.799054440650539,-0.39440580904706035,1.8606708466364832,26.523874721299208,음봉,44.15101776123047,42.89380149841308,42.390105756123866,True,True,0,0.760714122227259,0.061578822585314316,False,62.8882431704824,0.48470784029189673,0.22200123373921704,-186.0706851653475
2017-07-07,55.77999877929688,55.83000183105469,55.25,55.7400016784668,44.212890625,11503500.0,0.003239844486772,0.0032346074989249,0.5800018310546875,63.993920384392304,WFC,,,,11503500.0,508602987.3046875,0.5961229496977601,-20.562522442891474,0.3239844486772059,1.3118387485090781,26.571044122528793,음봉,44.14467315673828,43.01991996765137,42.41598192850749,True,True,1,0.7599999564034589,0.06139829628847798,False,63.993920384392304,0.5180754529698888,0.20429507713376727,-182.81085882998488
2017-07-10,55.52999877929688,55.810001373291016,55.34000015258789,55.59000015258789,44.09391021728516,10979000.0,-0.0026910795931438,-0.0026947070571566,0.470001220703125,60.53041466218111,WFC,,,,10979000.0,484107040.2755738,0.5712310012095602,-4.5594818968140105,-0.26910795931438525,1.0659095970102483,25.596851945929245,음봉,44.17322769165039,43.090911293029784,42.45352789560955,True,True,0,0.7564285823277055,0.061297143950346744,False,60.53041466218111,0.5288228611139161,0.17203398822223565,-185.52730819812066
2017-07-11,55.65999984741211,55.709999084472656,54.81999969482422,55.040000915527344,43.65765380859375,14842700.0,-0.0098938018094026,-0.0099430707070197,0.8899993896484375,62.78319620176823,WFC,,,,14842700.0,647997458.1848145,0.7721072219005649,35.19172966572548,-0.9893801809402691,2.038587308311209,26.230582801869424,음봉,44.05583572387695,43.128588104248045,42.50703951517742,True,True,0,0.772142955235072,0.061243595224957134,False,62.78319620176823,0.4964156427429671,0.11170141588102933,-195.4875064231533
2017-07-12,54.93000030517578,55.2400016784668,54.59999847412109,55.16999816894531,43.7607650756836,11951500.0,0.0023618142088421,0.0023590295094301,0.6400032043457102,68.78202738062639,WFC,,,,11951500.0,523006783.80203253,0.6301038090951018,-19.478935773141004,0.23618142088421834,1.4625046048414236,25.81986321574417,음봉,43.95906600952149,43.15714321136475,42.54428431193035,True,True,0,0.7692860194614956,0.06120307314004304,False,68.78202738062639,0.4735936138413379,0.07110350958352002,-193.1333664289013
2017-07-13,55.2599983215332,55.66999816894531,55.060001373291016,55.59999847412109,44.101844787597656,14201800.0,0.0077941898713187,0.0077639720873121,0.6099967956542969,76.94990268927666,WFC,,,,14201800.0,626325579.3045044,0.7559551168616276,18.828598920637575,0.7794189871318746,1.383154828538693,26.2774958937803,음봉,43.965412902832036,43.19957962036133,42.59075838724773,True,True,1,0.7650002070835659,0.061142951290098134,False,76.94990268927666,0.47752466663416016,0.06002764990107379,-192.0130198863437
2017-07-14,54.310001373291016,55.20000076293945,54.119998931884766,54.9900016784668,43.61800765991211,17949600.0,-0.0109709045056004,-0.0110315286876087,1.0800018310546875,70.03185203784012,WFC,,,,17949600.0,782925790.2923584,0.9803242454494985,26.38961258432029,-1.0970904505600454,2.476045764115178,23.14677908567694,음봉,43.84643630981446,43.24280986785889,42.633106867472335,True,True,0,0.8057144709995815,0.06108182610130769,False,70.03185203784012,0.4365659808116362,0.015255171262839817,-223.7405548151302
2017-07-17,54.900001525878906,54.97999954223633,54.43999862670898,54.709999084472656,43.39590072631836,14953600.0,-0.0050920925899575,-0.005105101473848,0.5400009155273509,64.66786755701956,WFC,,,,14953600.0,648924941.1010742,0.8289166616879996,-16.691179747738115,-0.5092092589957575,1.2443592746995475,25.865449779210593,음봉,43.706834411621095,43.27533092498779,42.654030927022305,True,True,0,0.7842859540666858,0.06103592360873931,False,64.66786755701956,0.3817827994296863,-0.03162240809528816,-257.83476048551137
2017-07-18,54.310001373291016,54.91999816894531,54.22999954223633,54.79999923706055,43.46728515625,13603300.0,0.001644957904707,0.0016436064433147,0.6899986267089844,63.666742279296,WFC,,,,13603300.0,591298520.1660156,0.7598520740356861,-9.029932591482993,0.16449579047070895,1.5873975663045798,25.150072850898493,음봉,43.66876068115234,43.297540473937985,42.682708549499516,True,True,0,0.7800001416887561,0.061004615125202596,False,63.666742279296,0.3402051867810485,-0.05856001659514082,-326.38707064501943
2017-07-19,54.79999923706055,55.209999084472656,54.68999862670898,54.93999862670898,43.57833099365234,12366200.0,0.0025546991721052,0.0025514414752859,0.520000457763679,56.136746744286334,WFC,,,,12366200.0,538898356.7337035,0.6938559943769804,-9.094116868700974,0.2554699172105268,1.1932546426328783,26.07182399377675,음봉,43.6322738647461,43.3562370300293,42.70470383961996,True,True,0,0.7528574807303302,0.06092202583566058,False,56.136746744286334,0.3126115093501909,-0.06892295522079878,-425.06733403372164
2017-07-20,54.959999084472656,55.310001373291016,54.68000030517578,54.880001068115234,43.53074264526367,15123500.0,-0.0010920186088723,-0.0010926152956282,0.6300010681152344,37.43019461546413,WFC,,,,15123500.0,658337186.3956451,0.8611664289703472,22.297067813879767,-0.10920186088723138,1.4472555022761164,26.117723720254876,음봉,43.518053436279295,43.431590461730956,42.713959630330415,True,True,1,0.6985718863351019,0.0608163266507095,False,37.430194615464124,0.28363378545910223,-0.07832054328950999,-454.47416158586503
2017-07-21,54.43000030517578,54.619998931884766,54.09999847412109,54.16999816894531,42.96757125854492,17384500.0,-0.0129373254967894,-0.0130217415614425,0.520000457763679,34.183587088542296,WFC,,,,17384500.0,746969742.5441742,0.9978430943623896,14.950242999305718,-1.2937325496789498,1.2102160828098167,25.038069643633783,음봉,43.38796615600586,43.49821949005127,42.714091873168954,False,True,0,0.6721433912004764,0.06072317036067619,False,34.183587088542296,0.21277279389212822,-0.11934522788518726,-473.7198456591205
2017-07-24,54.09999847412109,54.40999984741211,54.040000915527344,54.27000045776367,43.0468864440918,18489900.0,0.0018459313203815,0.0018442296829105,0.3699989318847656,29.31501326176057,WFC,,,,18489900.0,795932625.6626129,1.0665061318460194,6.358537777905604,0.18459313203815775,0.8595254208810452,25.90890499393137,음봉,43.318163299560545,43.570400619506835,42.71685880025229,False,True,0,0.6457146235874741,0.05243028608539323,False,29.31501326176057,0.16115729913094157,-0.13676857811709914,-482.154401627605
2017-07-25,55.0,55.40999984741211,54.90999984741211,55.060001373291016,43.67351150512695,20167800.0,0.0145568033555458,0.0144518701953669,0.5,41.891867008226654,WFC,,,,20167800.0,880798645.3330994,1.17067684261367,9.074684016679369,1.4556803355545878,1.144858709017029,27.76766113254812,음봉,43.35940856933594,43.656065940856934,42.73794612884522,False,True,0,0.6328574589320611,0.04760334093960431,False,41.891867008226654,0.1688684428720677,-0.10324594750077842,-454.6708316044492
2017-07-26,55.31999969482422,55.33000183105469,54.810001373291016,54.90999984741211,43.55454635620117,19686900.0,-0.0027239657363438,-0.0027276824820698,0.5200004577636719,42.56308217851417,WFC,,,,19686900.0,857453998.6598969,1.1388049053256721,-2.384494094546752,-0.2723965736343814,1.1939062652862087,26.667166866877768,음봉,43.354651641845706,43.725471305847165,42.74891141255697,False,True,0,0.611428941999165,0.029205914785537003,False,42.56308217851417,0.16349541320654026,-0.08689518173304467,-585.7792847126618
2017-07-27,54.86000061035156,54.959999084472656,54.38999938964844,54.709999084472656,43.39590072631836,17352600.0,-0.00364245855267,-0.0036491084577375,0.5699996948242188,38.26876201639977,WFC,,,,17352600.0,753031706.943512,1.000674797062015,-11.857123264709024,-0.36424585526700914,1.3134874153643974,25.95700150723933,음봉,43.32768325805664,43.74054183959961,42.7561824798584,False,True,0,0.6107145036969887,0.0291958520678377,False,38.26876201639977,0.14476708714510522,-0.08449880623558376,-601.3614370844514
2017-07-28,54.29999923706055,54.56999969482422,53.18000030517578,53.29999923706055,42.27748107910156,32590600.0,-0.0257724722496313,-0.0261104012337418,1.3899993896484375,29.73437452119988,WFC,,,,32590600.0,1377848474.8565674,1.8521306773719146,87.81392990099465,-2.5772472249631306,3.2878008674351618,25.12702427703999,음봉,43.18966522216797,43.64218521118164,42.73569157918295,False,False,0,0.6764286586216538,0.04507410797237927,True,29.734374521199882,0.03922546851961073,-0.1520323398888626,-430.9298215987359
2017-07-31,53.41999816894531,54.220001220703125,53.400001525878906,53.93999862670898,42.7851448059082,20378100.0,0.0120078990954262,0.0119363762650746,0.8199996948242188,40.4182212276011,WFC,,,,20378100.0,871879959.369278,1.151379840283774,-37.47246138457101,1.200789909542621,1.9165523420432244,26.355678733546107,음봉,43.13731689453125,43.58388557434082,42.719298998514816,False,True,0,0.6714286804199239,0.04513440099332233,False,40.4182212276011,-0.003413456396337722,-0.15573701184384886,-417.46443442851495
2017-08-01,54.22999954223633,54.38999938964844,53.84999847412109,54.08000183105469,42.89618682861328,19350300.0,0.0025953405839529,0.0025919785034857,0.5400009155273509,40.52182567894201,WFC,,,,19350300.0,830054083.9897156,1.0896773432325388,-5.043649800521144,0.2595340583952943,1.258855286333169,26.749599161687783,음봉,42.981851959228514,43.51646423339844,42.70568250020346,False,True,0,0.6642856597900411,0.045204329051385134,False,40.52182567894201,-0.02792306862016858,-0.14419729925414376,-413.0049116184441
2017-08-02,53.540000915527344,53.959999084472656,53.45000076293945,53.619998931884766,42.84025573730469,19422100.0,-0.0013038709368751,-0.0013047217162031,0.5099983215332031,35.247131666755834,WFC,,,,19422100.0,832047730.9555054,1.0901298791548324,0.3710536787543406,-0.13038709368751178,1.1904651658955991,24.81296095021262,음봉,42.838993835449216,43.44624633789063,42.692059199015304,False,True,0,0.6571429116385344,0.044547221199418445,False,35.247131666755834,-0.05126928412931164,-0.13403481181062948,-463.66577086836554
2017-08-03,53.5,53.65999984741211,53.34000015258789,53.400001525878906,42.66448211669922,19374700.0,-0.0041030011978291,-0.004111441602482,0.3199996948242187,37.98383429333436,WFC,,,,19374700.0,826611541.6664124,1.0852257117723907,-0.24405187904500414,-0.4103001197829137,0.7500376869662466,24.88254115022231,음봉,42.69271011352539,43.37596492767334,42.680265617370615,False,False,0,0.6028570447649295,0.044619400378195846,False,37.98383429333436,-0.08299804055509696,-0.13261085458913183,-471.5479976256498
2017-08-04,53.66999816894531,53.70000076293945,51.90999984741211,52.84000015258789,42.217063903808594,44664600.0,-0.0104869012980589,-0.0105422763293665,1.7900009155273438,35.94276392941195,WFC,,,,44664600.0,1885608272.4380493,2.4334394963948145,130.53053724702832,-1.048690129805896,4.239993855578999,25.795498987056604,음봉,42.680626678466794,43.27617359161377,42.66048609415691,False,False,0,0.6921427590506433,0.04355239216792269,True,35.94276392941195,-0.14260238760868305,-0.15377216131417432,-276.94102696010043
2017-08-07,52.72999954223633,52.95000076293945,52.43000030517578,52.540000915527344,41.97738265991211,22673700.0,-0.0056773546460406,-0.0056935320830172,0.5200004577636719,32.91900094901966,WFC,,,,22673700.0,951782581.2160492,1.226378481570493,-49.23563627570828,-0.5677354646040689,1.2387634121368551,24.90210039803198,음봉,42.519074249267575,43.17034721374512,42.64966780344646,False,False,0,0.6800000326974066,0.04921114294418123,False,32.91900094901966,-0.20679572298875115,-0.17437239735539392,-283.7890625
2017-08-08,52.31999969482422,53.29999923706055,52.220001220703125,52.709999084472656,42.11320495605469,24877800.0,0.0032356065942216,0.0032303832832255,1.079998016357422,33.29793525717969,WFC,,,,24877800.0,1047683890.2557373,1.3336009098395374,9.720954233318778,0.32356065942216183,2.5645115765575297,24.638546711463224,음봉,42.36247787475586,43.09312477111816,42.65063133239747,False,False,0,0.7199998583112455,0.04929932881333781,True,33.29793525717969,-0.24389817326104435,-0.16917987810214968,-279.9084254673549
2017-08-09,52.27999877929688,52.810001373291016,52.13999938964844,52.790000915527344,42.17711639404297,14631600.0,0.0015176104040282,0.0015164599971249,0.6700019836425781,34.62621928341619,WFC,,,,14631600.0,617118696.2310791,0.7851880270663437,-41.18611774353038,0.15176104040282024,1.5885438382819554,24.141581800414595,음봉,42.22985000610352,43.013942337036134,42.64869410196941,False,False,0,0.7228570665631986,0.049390081733018204,False,34.62621928341619,-0.2650892298654952,-0.1522967477652804,-278.08238438197543
2017-08-10,52.38999938964844,52.720001220703125,51.91999816894531,51.95000076293945,41.50598907470703,18373000.0,-0.0159121195737015,-0.0160400765414089,0.8000030517578125,33.79743377434433,WFC,,,,18373000.0,762589537.2695923,0.9977171006272909,25.57068263211133,-1.5912119573701533,1.927440038395132,24.21427510641273,음봉,41.99815139770508,42.8841495513916,42.63636468251547,False,False,0,0.7428572518484938,0.05054367296761713,False,33.79743377434433,-0.3322081717121321,-0.17553255168953386,-297.25745064871654
2017-08-11,51.83000183105469,52.209999084472656,51.7400016784668,51.93999862670898,41.49799728393555,14714500.0,-0.0001925454843901,-0.0001925640236517,0.4699974060058594,32.553696863865966,WFC,,,,14714500.0,610622281.0344696,0.8094634592820923,-19.912371414575738,-0.019254548439018304,1.1325785261155288,24.873549544296765,음봉,41.85433807373047,42.77814903259277,42.63738632202149,False,False,0,0.7500000000000006,0.05085573523842457,False,32.553696863865966,-0.3816459109217547,-0.1799762327193251,-279.07382846118986
2017-08-14,52.369998931884766,53.09000015258789,52.34000015258789,52.84000015258789,42.217063903808594,16313200.0,0.0173277427089573,0.0171793293677273,0.75,33.92959815471906,WFC,,,,16313200.0,688695406.8756104,0.8965737141602907,10.864793231166537,1.7327742708957317,1.7765328297317688,26.198858642650503,음봉,41.90227432250977,42.719207191467284,42.64854164123536,False,False,0,0.7678571428571433,0.05092590345698041,False,33.92959815471906,-0.3586685014702269,-0.12559905861423779,-265.262879384378
2017-08-15,53.20000076293945,53.36000061035156,52.83000183105469,52.84999847412109,42.22505569458008,11028100.0,0.0001893023823185,0.0001892844668834,0.529998779296875,34.9621678903421,WFC,,,,11028100.0,465662136.70539856,0.6069633942969734,-32.39769021405978,0.01893023823185125,1.2551760337048048,26.01539719615612,음봉,41.924644470214844,42.657095718383786,42.650840568542485,False,False,0,0.7685713086809436,0.05100005484559588,False,34.9621678903421,-0.33594134549684895,-0.08229752211268787,-295.49545493855607
2017-08-16,53.0099983215332,53.209999084472656,52.459999084472656,52.68999862670898,42.09722137451172,11224400.0,-0.0030274517810705,-0.0030320437836,0.75,35.20756878043184,WFC,,,,11224400.0,472516051.59606934,0.6298444523696617,1.7799983678058684,-0.3027451781070556,1.7815902701219533,25.541571111148254,음봉,41.90866546630859,42.58304023742676,42.651669947306324,False,False,0,0.7814284733363566,0.05108874822139449,False,35.20756878043184,-0.32450438734085907,-0.05668845116535837,-340.7345251911731
2017-08-17,52.470001220703125,52.630001068115234,51.790000915527344,51.79999923706055,41.38615417480469,16814300.0,-0.0168910720586787,-0.0170353532332211,0.8400001525878906,38.80895681944017,WFC,,,,16814300.0,695879212.1414185,0.9460228049083477,49.801325683332735,-1.689107205867879,2.029664677321651,24.6400581974556,음봉,41.884698486328126,42.475810813903806,42.635624504089364,False,False,0,0.7421428135463175,0.053850822067734005,False,38.80895681944017,-0.36856906127117384,-0.08060250007653852,-390.7115640128347
2017-08-18,51.630001068115234,52.13999938964844,51.380001068115234,51.68000030517578,41.2902717590332,17130600.0,-0.0023167752037674,-0.0023194630797119,0.7599983215332031,29.066577207594904,WFC,,,,17130600.0,707327129.3952942,0.9636160385436487,1.881136889433388,-0.2316775203767496,1.840623200468367,24.751869550485697,음봉,41.843153381347655,42.39194583892822,42.62194703420004,False,False,0,0.7378570011683878,0.056219163780522614,False,29.066577207594904,-0.4065411886995207,-0.09485970200390831,-335.2071407117139
2017-08-21,51.7400016784668,51.90999984741211,51.400001525878906,51.81999969482422,41.402130126953125,13503100.0,0.0027090731824852,0.0027054102576608,0.5099983215332031,29.082791254098964,WFC,,,,13503100.0,559057103.3172607,0.7598661441988629,-21.17555719005756,0.27090731824852554,1.2318166238533461,25.30797079858762,음봉,41.68016662597656,42.30970802307129,42.614232063293464,False,False,0,0.7357139587402344,0.0563284375489942,False,29.082791254098964,-0.42273530831844397,-0.0888430572982652,-386.739481112059
2017-08-22,51.95000076293945,52.27000045776367,51.91999816894531,52.220001220703125,41.72171401977539,12984100.0,0.0077190205393373,0.0076893813263804,0.3500022888183594,35.416706040335214,WFC,,,,12984100.0,541718907.0041656,0.7298567809233957,-3.843561848760657,0.7719020539337373,0.8388971954806654,25.47663756343681,음봉,41.579498291015625,42.21211814880371,42.61673488616944,False,False,0,0.7242856706891742,0.05364039277029594,False,35.416706040335214,-0.4051116406913877,-0.05697551173696713,-416.3055309829095
2017-08-23,51.83000183105469,52.47999954223633,51.79999923706055,52.02999877929688,41.56990051269531,10019500.0,-0.0036387169282671,-0.0036453531618503,0.6800003051757812,35.63937123890439,WFC,,,,10019500.0,416509618.1869507,0.5638583643164518,-22.832541339022338,-0.3638716928267116,1.6357996935020602,24.227882407918663,음봉,41.47403411865234,42.11288585662842,42.620012601216644,False,False,0,0.75,0.04999963608415921,False,35.63937123890439,-0.398797746212864,-0.040529293806754685,-422.8492174936778
2017-08-24,52.18999862670898,52.52999877929688,52.040000915527344,52.15999984741211,41.67377471923828,12345000.0,0.0024987841024841,0.0024956673324992,0.4899978637695383,42.16599595593332,WFC,,,,12345000.0,514462748.9089966,0.6974064677167435,23.209741005040165,0.2498784102484164,1.1757942904637715,25.547566828480434,음봉,41.531558227539065,42.02677955627441,42.63850580851238,False,False,0,0.6571426391601568,0.038211708975457816,False,42.16599595593332,-0.3810199976383686,-0.01820123618580738,-490.21356529780655
2017-08-25,52.27000045776367,52.56999969482422,51.7599983215332,51.77000045776367,41.362186431884766,15307800.0,-0.0074768433973818,-0.0075049351034291,0.8100013732910156,41.30934777266672,WFC,,,,15307800.0,633164077.4620056,0.8639627306590086,24.0,-0.747684339738186,1.9583137236348123,25.42660416512198,음봉,41.54594116210937,41.981014823913576,42.639379119873055,False,False,0,0.6778569902692527,0.038253364677247,False,41.30934777266672,-0.38760549962514546,-0.01982939053806737,-505.95035112562493
2017-08-28,51.95000076293945,52.02000045776367,51.41999816894531,51.630001068115234,41.25032424926758,12425900.0,-0.0027044552589453,-0.0027081189050045,0.6000022888183594,37.727319584832166,WFC,,,,12425900.0,512572404.088974,0.7057063895303664,-18.826349965377133,-0.27044552589453597,1.4545395696592924,25.59781105500962,음봉,41.51557998657226,41.90427379608154,42.64195753733318,False,False,0,0.6435715811593197,0.03927672359518631,False,37.727319584832166,-0.3972714032181486,-0.023596235304856328,-511.59995761446504
2017-08-29,51.209999084472656,51.5,51.130001068115234,51.41999816894531,41.08254623413086,10715500.0,-0.0040673138500165,-0.0040756078682165,0.3699989318847656,34.8787868248061,WFC,,,,10715500.0,440220024.1718292,0.6196296246323603,-13.764797720889433,-0.4067313850016574,0.9006231740752602,24.1444764773744,음봉,41.38774642944336,41.81359176635742,42.642929395039886,False,False,0,0.6221427917480474,0.042036797819125754,False,34.8787868248061,-0.4137010963777783,-0.032020742771588784,-450.55860522322826
2017-08-30,51.459999084472656,51.7400016784668,51.20000076293945,51.36000061035156,41.03460693359375,11427500.0,-0.0011669018824661,-0.0011675832425729,0.5400009155273438,42.13348815535168,WFC,,,,11427500.0,468922970.7336426,0.6666599685751473,6.644580280901491,-0.11669018824661537,1.3159646354142651,25.26000406888203,음봉,41.280687713623045,41.72330932617187,42.64191252390544,False,False,0,0.6035712105887282,0.0390638999980544,False,42.13348815535168,-0.42568303839608745,-0.03520214783191833,-452.70835008322206
2017-08-31,51.0,51.2400016784668,50.869998931884766,51.06999969482422,40.80290985107422,25231100.0,-0.0056463824033817,-0.0056623834810668,0.3700027465820312,39.206171117964224,WFC,,,,25231100.0,1029502298.7434387,1.464136398076973,120.79282432728067,-0.5646382403381778,0.9068048037076213,24.28533818426294,음봉,41.10651473999023,41.63023071289062,42.63333237965902,False,False,0,0.5964287349155976,0.03416137309720693,False,39.206171117964224,-0.4487024691994961,-0.04657726290826153,-404.300493765502
2017-09-01,51.060001373291016,51.4900016784668,50.93000030517578,50.970001220703125,40.72301483154297,16217700.0,-0.0019580716135897,-0.0019599911419369,0.5600013732910156,21.053028354515703,WFC,,,,16217700.0,660433637.6335144,0.9388888597893086,-35.7233731387058,-0.19580716135897402,1.3751471388047953,25.138137352590697,음봉,40.97868041992187,41.555528259277345,42.617207272847494,False,False,0,0.5828574044363845,0.03614539210440132,False,21.053028354515703,-0.4679976092023921,-0.052697922328926006,-407.5091269251569
2017-09-05,50.630001068115234,50.66999816894531,49.7599983215332,50.09999847412109,40.027923583984375,31251300.0,-0.0170687570759174,-0.0172161074419657,0.9099998474121094,16.381730628921645,WFC,,,,31251300.0,1250924648.300171,1.7824240338713022,92.69871806729684,-1.7068757075917484,2.27341257285754,24.327732800614204,음봉,40.73420028686523,41.458055305480954,42.57310460408529,False,False,0,0.6100003378731869,0.05299650681649874,True,16.381730628921645,-0.5332304524947773,-0.0943446124970489,-282.08906044579976
2017-09-06,50.25,50.27000045776367,49.560001373291016,49.880001068115234,39.85215377807617,26854000.0,-0.0043911797108189,-0.0044008492579742,0.7099990844726562,16.14489795683572,WFC,,,,26854000.0,1070189737.5564575,1.5181108399069752,-14.07077465577432,-0.43911797108189266,1.7815827180292758,25.537363672058156,음봉,40.488121795654294,41.34500274658203,42.52223854064941,False,False,0,0.6071431296212337,0.05739271396469003,False,16.14489795683572,-0.5922836281667401,-0.1227182305352093,-316.21656547984423
2017-09-07,49.93999862670898,49.93999862670898,49.27000045776367,49.68000030517578,39.69236755371094,23367300.0,-0.0040094752533333,-0.0040175347493502,0.6699981689453054,19.364516004393693,WFC,,,,23367300.0,927503460.3378296,1.3201440577909884,-12.983913011097048,-0.40094752533333944,1.6879773373021323,25.313173548432964,음봉,40.21967391967773,41.22076530456543,42.4639502843221,False,False,0,0.5950001307896206,0.06144204558445282,False,19.364516004393693,-0.6445471697033369,-0.13998541765744488,-290.2313672224952
2017-09-08,49.61000061035156,49.97999954223633,49.43000030517578,49.58000183105469,39.61246871948242,18975700.0,-0.0020129520901064,-0.0020149808010874,0.5499992370605469,19.477130714545453,WFC,,,,18975700.0,751674322.6802826,1.0785913260249476,-18.79378447659764,-0.20129520901064346,1.3884497857363867,24.98624714995969,음봉,39.98158569335938,41.1260892868042,42.403272819519046,False,False,0,0.5800001961844308,0.06352626812819609,False,19.477130714545453,-0.6845228181425114,-0.14396885287729544,-292.6525445770598
2017-09-11,50.0,50.79999923706055,49.93999862670898,50.65999984741211,40.47532653808594,17987100.0,0.0217824802769524,0.0215486318260447,0.8600006103515696,36.75781267032647,WFC,,,,17987100.0,728033745.9732056,1.0268496277311225,-5.209820981571167,2.17824802769524,2.1247527417532694,26.22288288588468,음봉,39.93204803466797,41.074955749511716,42.36530488332112,False,False,0,0.6050003596714569,0.06360535093525241,False,36.757812670326466,-0.6392099780493581,-0.07892481022731368,-266.5053319076381
2017-09-12,50.84999847412109,51.72999954223633,50.84000015258789,51.56999969482422,41.202396392822266,17129500.0,0.0179632857081999,0.0178038523583225,0.8899993896484375,43.35387667744607,WFC,,,,17129500.0,705776449.010849,0.9786326673653627,-4.767861411789564,1.7963285708199939,2.160067053292758,25.632089530575936,음봉,40.16694259643555,41.0242223739624,42.33958683013916,False,False,0,0.6435715811593197,0.06368400968779447,False,43.35387667744607,-0.5384241465096764,0.017488817049894467,-244.4729069733838
2017-09-13,51.38999938964844,51.5099983215332,51.18000030517578,51.459999084472656,41.11449432373047,12617300.0,-0.0021334212761253,-0.0021357002612298,0.3299980163574219,44.0748762683364,WFC,,,,12617300.0,518753909.23080444,0.7234407237957594,-26.34169123442015,-0.2133421276125369,0.80263182555295,24.725753569520343,음봉,40.419410705566406,40.96869430541992,42.307776832580565,False,False,0,0.6185714176722941,0.060650032839845186,False,44.0748762683364,-0.46033713133906673,0.07646066577640331,-247.1366066526024
2017-09-14,51.540000915527344,51.720001220703125,51.08000183105469,51.290000915527344,40.97867202758789,13739400.0,-0.0033035137212956,-0.0033089823699076,0.6399993896484375,41.030835885516495,WFC,,,,13739400.0,563022366.4558411,0.7902910889286578,8.89334485190969,-0.330351372129567,1.5617865537896727,25.35725359944286,음봉,40.6766716003418,40.91276683807373,42.28401470184326,False,False,0,0.6292858123779297,0.05155469706170274,False,41.030835885516495,-0.4047466657969636,0.10564090505480517,-251.2524347599919
2017-09-15,51.27999877929688,51.68000030517578,51.25,51.65999984741211,41.2743034362793,28494300.0,0.0072142749890085,0.0071883765913781,0.4300003051757812,48.861324576370045,WFC,,,,28494300.0,1176082384.4043732,1.631543281536733,107.39115245207213,0.7214274989008507,1.0418111739659779,25.138263984674452,음봉,41.00903854370117,40.907174301147464,42.27152519226074,True,False,0,0.6021428789411273,0.05156174525195214,False,48.861324576370045,-0.3329972523193945,0.14191225482589942,-290.7526189630682
2017-09-18,51.66999816894531,52.84000015258789,51.61000061035156,52.709999084472656,42.11320495605469,20943400.0,0.0203250315555418,0.0201212349231651,1.229999542236328,59.407687387238255,WFC,,,,20943400.0,881993696.6766357,1.1931426729790482,-26.499685902092697,2.0325031555541884,2.9206980174504364,25.186844760966714,음봉,41.33661422729492,40.94832096099854,42.27949542999268,True,False,0,0.6471426827566964,0.061070543990170104,True,59.407687387238255,-0.2060675649424084,0.21507355376230847,-200.4704793696453
2017-09-19,52.720001220703125,53.59000015258789,52.52999877929688,53.36000061035156,42.63253402709961,17047000.0,0.0123317394529065,0.0122563229322012,1.0600013732910083,65.69578787972435,WFC,,,,17047000.0,726756807.559967,0.9681668870212787,-18.604429080283047,1.2331739452906554,2.486367272039735,25.18639052932845,음봉,41.62264175415039,41.00984115600586,42.29664993286133,True,True,0,0.696428571428571,0.07364245318894391,False,65.69578787972435,-0.06284492027659638,0.2866369587424964,-153.64506711924992
2017-09-20,53.38999938964844,54.11000061035156,53.27999877929688,53.75,42.94411849975586,21560400.0,0.0073086078453181,0.0072820293934212,0.8300018310546804,68.35632242075934,WFC,,,,21560400.0,925892372.5021362,1.2147472234551293,26.47621282337067,0.7308607845318171,1.9327485580112653,25.232995429525218,음봉,41.98856658935547,41.07096138000488,42.31304848988851,True,True,0,0.7171429225376664,0.08111935217312513,False,68.35632242075934,0.07493847630053807,0.3395362842557047,-130.70003633420214
2017-09-21,53.54999923706055,54.2400016784668,53.52000045776367,54.060001373291016,43.19180679321289,16210900.0,0.0057676883845791,0.0057511189509531,0.720001220703125,72.89431256923297,WFC,,,,16210900.0,700178060.7440948,0.9126551793163353,-24.811691805346836,0.5767688384579195,1.6669856488065813,24.696934313286654,음봉,42.43119354248047,41.15205669403076,42.33013795216878,True,True,0,0.742142813546316,0.08697835202607658,False,72.89431256923297,0.20179304145811017,0.37311267953062144,-122.29762920844666
2017-09-22,53.91999816894531,54.36000061035156,53.75,54.25,43.34360122680664,18047800.0,0.003514426574477,0.0035082654084939,0.6100006103515625,74.77333425651256,WFC,,,,18047800.0,782256646.2211609,1.0195516116151677,11.33126476629922,0.3514426574477092,1.4073602402337915,24.838487139691125,음봉,42.845053100585936,41.23554801940918,42.3342898050944,True,True,0,0.7457141876220693,0.09048339810029954,False,74.77333425651256,0.31098984314792943,0.3858475849763525,-116.43220143999196
2017-09-25,54.06999969482422,54.33000183105469,53.54999923706055,54.02999877929688,43.1678352355957,11595900.0,-0.0040551773788061,-0.0040634219068236,0.7800025939941406,82.91448565430372,WFC,,,,11595900.0,500569900.6084442,0.6556233567722879,-35.74895555136914,-0.40551773788061185,1.8069069012544772,24.747363311804467,음봉,43.05597915649414,41.32583045959473,42.31634349822998,True,True,0,0.7364286695207858,0.0902857236219908,False,82.91448565430372,0.3789776304362604,0.36306829781174677,-119.88536422863301
2017-09-26,54.09999847412109,54.27999877929688,53.7599983215332,53.79999923706055,42.98406982421875,12052500.0,-0.004256998535461,-0.0042660853512701,0.520000457763679,82.77572893903331,WFC,,,,12052500.0,518065501.5563965,0.6823232837892264,3.937598633999939,-0.42569985354610207,1.2097515658479883,25.32478911407364,음봉,43.126286315917966,41.41251773834229,42.30022570292155,True,True,0,0.7228573390415731,0.09009673188427526,False,82.77572893903331,0.41326623289777586,0.3178855202186097,-123.49568654431158
2017-09-27,54.470001220703125,54.52999877929688,54.060001373291016,54.209999084472656,43.3116455078125,15840800.0,0.0076208624481897,0.0075919703714801,0.4699974060058665,86.59098341941416,WFC,,,,15840800.0,686091114.1601562,0.9009346074503363,31.43165318398673,0.7620862448189714,1.0851525045869914,26.72136780778444,음봉,43.199791717529294,41.52397270202637,42.28467623392741,True,True,0,0.7085715702601847,0.08985490222957736,False,86.59098341941416,0.46155232943894475,0.2929372934078229,-119.96777701816228
2017-09-28,54.290000915527344,54.33000183105469,53.7400016784668,54.25,43.34360122680664,14531700.0,0.0007378089338208,0.0007375368866137,0.5900001525878906,88.09109517341076,WFC,,,,14531700.0,629856209.947586,0.8401481602073553,-8.264102823089747,0.07378089338208049,1.3612162715796543,25.347352378321858,음봉,43.230150604248045,41.63942241668701,42.26965936024984,True,True,0,0.7114287785121378,0.08960576998371059,False,88.09109517341076,0.4966726353161519,0.262446079428024,-143.71235687613643
2017-09-29,54.25,55.22999954223633,54.09000015258789,55.150001525878906,44.06266021728516,20872300.0,0.016589738049588,0.016453631596073,1.1399993896484375,87.73086330196313,WFC,,,,20872300.0,919689062.8532411,1.2021819390607245,43.63288534720646,1.6589738049588076,2.587223249860052,25.16265022862959,음봉,43.37396240234375,41.802409934997556,42.26953519185384,True,True,0,0.731428691319057,0.10645777371981081,True,87.73086330196313,0.5758892886163451,0.2733301861825737,-154.38134117475298
2017-10-02,55.15999984741211,55.470001220703125,54.86000061035156,55.470001220703125,44.31833267211914,11764400.0,0.0058024743302647,0.005785704814607,0.6100006103515625,86.38031814918342,WFC,,,,11764400.0,521378592.8878784,0.677631732331346,-43.63630265950567,0.5802474330264706,1.3764069484845864,25.1853600654225,음봉,43.604061889648435,41.98217582702637,42.27129255930583,True,True,0,0.7114287785121373,0.11209194997481003,False,86.38031814918342,0.6517863006916684,0.27938175860631753,-154.02437583202124
2017-10-03,55.33000183105469,55.619998931884766,54.84999847412109,55.58000183105469,44.40622329711914,17405100.0,0.0019831663264555,0.0019812024481526,0.770000457763679,88.43289997015896,WFC,,,,17405100.0,772894757.1086884,0.9995048604708291,47.94719662711231,0.19831663264555655,1.7339922213417163,24.84675865494154,음봉,43.888492584228516,42.201090812683105,42.27649777730306,True,True,0,0.7428575243268699,0.11359314381030182,False,88.43289997015896,0.7108332255291216,0.27074294675501653,-146.9996210507565
2017-10-04,55.310001373291016,55.34999847412109,54.900001525878906,54.959999084472656,43.91087341308594,14697800.0,-0.0111549653911986,-0.0112176486062912,0.4499969482421804,81.58362938145049,WFC,,,,14697800.0,645393235.2508545,0.8438689046954331,-15.55463628476711,-1.1154965391198646,1.0247961683861113,24.554617048190313,음봉,44.008338165283206,42.40402679443359,42.280718104044595,True,True,0,0.7292859213692802,0.11304951298318675,False,81.58362938145049,0.7094793072250027,0.215511222760718,-167.94344120694606
2017-10-05,55.0,55.77000045776367,54.77999877929688,55.38999938964844,44.25440979003906,14560700.0,0.0078234922298481,0.0077930474013378,0.9900016784667898,81.77174458545933,WFC,,,,14560700.0,644375184.6298218,0.8336746071639967,-0.9327926628475036,0.7823492229848128,2.2370689907825247,25.253714456085895,음봉,44.19049987792969,42.63212890625,42.28894551595052,True,True,1,0.769286019461495,0.11244464446470416,False,81.77174458545933,0.7277379220174609,0.18701587004254083,-176.81709351235511
2017-10-06,55.47999954223633,55.68000030517578,55.220001220703125,55.58000183105469,44.40622329711914,11151200.0,0.0034304718512876,0.0034246012049532,0.4599990844726562,78.64281595913485,WFC,,,,11151200.0,495182677.23083496,0.6383633777233384,-23.415769846229917,0.3430471851287642,1.0358887793605693,25.36603652710777,음봉,44.259212493896484,42.871816635131836,42.29401849110921,True,True,1,0.7142859867640899,0.09168953096827676,False,78.64281595913485,0.7458602740918181,0.16411057769351844,-250.73368128691885
2017-10-09,55.619998931884766,55.70000076293945,54.91999816894531,55.13999938964844,44.05467987060547,11377000.0,-0.0079165351253025,-0.0079480372581397,0.7800025939941406,68.54168966926981,WFC,,,,11377000.0,501210092.8878784,0.6533470647689138,2.024894181792103,-0.7916535125302548,1.770532883873208,25.252711899715013,음봉,44.20648193359375,43.050784301757815,42.301296361287434,True,True,0,0.6942860739571708,0.07961646518461452,False,68.54168966926981,0.7235155156351283,0.11341265538946288,-370.49448554475964
2017-10-10,55.369998931884766,55.720001220703125,55.150001525878906,55.61000061035156,44.43019485473633,12800500.0,0.0085238386757955,0.0084877158876411,0.5699996948242188,69.05751017532874,WFC,,,,12800500.0,568728709.2380524,0.7345259623471779,12.512085787114358,0.8523838675795536,1.2829106347334778,25.6847152096302,음봉,44.21127624511719,43.21217422485351,42.31853459676107,True,True,1,0.6757144927978521,0.0798738524284504,False,69.05751017532874,0.7277193587050164,0.09409319876748068,-403.9913601345486
2017-10-11,55.43999862670898,55.709999084472656,55.2599983215332,55.65999984741211,44.47013092041016,12843100.0,0.0008988496630366,0.0008984459395846,0.4500007629394531,67.31595803720273,WFC,,,,12843100.0,571134338.4239198,0.7378836299905037,0.3327995000195205,0.08988496630366605,1.011916883592801,24.780003346753244,음봉,44.32312774658203,43.3799560546875,42.335248692830405,True,True,1,0.6564287458147327,0.08048553319004566,False,67.31595803720273,0.7259056528596304,0.07382359433767571,-409.00285242971995
2017-10-12,55.68999862670898,55.709999084472656,55.060001373291016,55.209999084472656,44.11061477661133,15067500.0,-0.0080844408675628,-0.0081172971626351,0.6499977111816406,59.83629333354202,WFC,,,,15067500.0,664636688.1465912,0.8679649760938798,17.319805965849365,-0.8084440867562881,1.4735630289294617,25.23012069917092,음봉,44.294368743896484,43.53655319213867,42.34412008921306,True,True,0,0.6592856815883097,0.07340561550719941,False,59.83629333354202,0.6875328786565333,0.028360656107662918,-425.1972644167984
2017-10-13,53.4900016784668,53.709999084472656,52.84000015258789,53.68999862670898,42.896183013916016,35310000.0,-0.027531508432733,-0.0279176034311001,0.8699989318847656,47.24912543110376,WFC,,,,35310000.0,1514664222.2213745,1.9968682490470908,134.34544549527126,-2.7531508432733,2.0281499908803724,21.263332985394438,음봉,43.99236068725586,43.61764717102051,42.33354409535726,True,True,0,0.66571399143764,0.05403606377744771,False,47.24912543110376,0.5527558593518407,-0.08513309055762386,-339.3793891798011
2017-10-16,53.650001525878906,53.970001220703125,53.41999816894531,53.79999923706055,42.98406982421875,22802400.0,0.0020488258891058,0.0020467299077229,0.5500030517578125,50.0,WFC,,,,22802400.0,980139953.7597656,1.2789710904075244,-35.42225998300764,0.2048825889105821,1.2795508987562674,25.069406544806625,음봉,43.778238677978514,43.66119041442871,42.33381907145182,True,True,0,0.6678570338657924,0.042087649829705136,False,50.0,0.4478730301275533,-0.152012735825529,-336.3798396525371
2017-10-17,53.97999954223633,54.0,53.119998931884766,53.18999862670898,42.4966926574707,18614700.0,-0.0113385532998888,-0.0114033247706455,0.8800010681152344,41.85288942414401,WFC,,,,18614700.0,791063184.8110199,1.038309647910456,-18.365172087148718,-1.1338553299888865,2.0707518940548297,25.58140670016798,음봉,43.39153823852539,43.654398345947264,42.32464917500814,False,True,0,0.6971430097307473,0.04520594344928517,False,41.85288942414401,0.32171681694768495,-0.22253515920431788,-353.01387091482417
2017-10-18,53.40999984741211,54.06999969482422,53.31999969482422,53.40999984741211,42.67247009277344,21604000.0,0.0041362615373277,0.0041277307232699,0.75,43.47821896470301,WFC,,,,21604000.0,921896043.8842773,1.1981750756533702,16.05881373323235,0.41362615373277123,1.75757343872862,25.680368300432676,음봉,43.032006072998044,43.64081592559815,42.30796515146891,False,True,0,0.7085715702601837,0.04522001298747285,False,43.478218964703004,0.23323232206512756,-0.2488157232695002,-347.0146416658638
2017-10-19,53.11000061035156,53.93000030517578,53.0,53.75,42.94411849975586,12669700.0,0.0063658936638033,0.0063457169460222,0.9300003051757812,38.09528836199016,WFC,,,,12669700.0,544089098.1563568,0.7056003207856419,-41.35484169598222,0.6365893663803357,2.1656057631758547,24.459635204819598,음봉,42.79870681762695,43.628431510925296,42.29779135386149,False,True,0,0.6935716356549939,0.04523284919021849,False,38.09528836199016,0.18291890330313976,-0.23930331362519047,-337.74336594269886
2017-10-20,54.209999084472656,55.06999969482422,54.040000915527344,54.91999816894531,43.87891006469727,28407700.0,0.0217676272700004,0.0215340953516052,1.029998779296875,45.91387901971698,WFC,,,,28407700.0,1246498913.4449008,1.5683301924697266,124.21762156957148,2.176762727000048,2.347366372086711,26.233814962998586,음봉,42.995252227783205,43.65519695281982,42.30584150950114,False,True,0,0.7235715048653734,0.04520511647381286,False,45.91387901971698,0.21598527950143875,-0.16498954994151316,-305.8392202915832
2017-10-23,54.75,55.040000915527344,54.70000076293945,54.90999984741211,43.87092590332031,18102100.0,-0.0001819589722075,-0.0001819755287497,0.3400001525878906,44.94726722142008,WFC,,,,18102100.0,794155887.7944946,1.0011917566783148,-36.27748814581962,-0.018195897220751878,0.7750010869092648,24.775205034204006,음봉,43.17262344360351,43.690351486206055,42.33239892323812,False,True,0,0.692857197352817,0.04516874311625795,False,44.947267221420084,0.23879370063526295,-0.1137449030461512,-306.111717238524
2017-10-24,55.0,55.560001373291016,55.0,55.41999816894531,44.27838897705078,18779400.0,0.0092877700969522,0.0092449039762955,0.5600013732910156,53.52754828400823,WFC,,,,18779400.0,831521577.9556274,1.0394800483197857,3.7415548472276683,0.9287770096952253,1.2647284289888256,25.36776661884266,음봉,43.52896270751953,43.75506744384766,42.357286326090495,False,True,0,0.7007146562848767,0.04510193626080087,False,53.527548284008226,0.2864464273409908,-0.05287374107233872,-292.2051291398575
2017-10-25,55.4900016784668,55.58000183105469,54.869998931884766,55.25,44.14257049560547,17096900.0,-0.0030673763111775,-0.003072090352188,0.7100028991699219,48.88194314148122,WFC,,,,17096900.0,754701113.5063171,0.9465627206893752,-8.95928517418022,-0.3067376311177594,1.608431251733754,25.320733117067395,음봉,43.82298278808594,43.796613693237305,42.37805938720703,True,True,1,0.6807147434779576,0.045059151759127475,False,48.88194314148122,0.30968231524482803,-0.02371028253480123,-301.99397331037454
2017-10-26,55.45000076293945,56.16999816894531,55.45000076293945,55.619998931884766,44.43818283081055,15979200.0,0.0066967630540344,0.0066744393453041,0.7199974060058594,50.31057005805117,WFC,,,,15979200.0,710086611.0900879,0.8977877645968493,-6.537442460329068,0.6696763054034438,1.6202224306675745,25.615704161269164,음봉,44.121795654296875,43.8513427734375,42.404691505432126,True,True,1,0.6992860521589007,0.04500291526157895,False,50.31057005805117,0.34793953831695745,0.01163755242986253,-252.30697677615504
2017-10-27,55.22999954223633,56.040000915527344,55.130001068115234,55.869998931884766,44.63792037963867,17258600.0,0.0044947280942739,0.0044846569706516,0.9099998474121094,55.840001833439615,WFC,,,,17258600.0,770388012.664032,0.9723757528635577,8.00665865625312,0.4494728094273981,2.0386250964935195,24.28500902593937,음봉,44.273597717285156,43.88010578155517,42.437582143147786,True,True,1,0.7085715702601841,0.04879723245945376,False,55.840001833439615,0.3898815028718161,0.042863613587776905,-246.30884861370612
2017-10-30,55.45000076293945,55.959999084472656,55.310001373291016,55.84999847412109,44.62193298339844,12249200.0,-0.0003581572820656,-0.0003582214357035,0.6499977111816406,52.06883295315067,WFC,,,,12249200.0,546582981.5002441,0.6945493374192092,-29.02552930133383,-0.03581572820656742,1.4566776195542042,24.221738583127742,음봉,44.42379913330078,43.89528579711914,42.47766329447428,True,True,1,0.7142857142857143,0.04878035723618635,False,52.06883295315067,0.41702357451390526,0.05600454818389278,-246.7889508888937
2017-10-31,55.95000076293945,56.52000045776367,55.900001525878906,56.13999938964844,44.8536376953125,14619200.0,0.0051926193336417,0.0051791841749099,0.6199989318847656,53.97355652557464,WFC,,,,14619200.0,655724300.1953125,0.8325309572189309,19.348202331580833,0.519261933364179,1.382271235382007,25.386770635318772,음봉,44.538848876953125,43.91765651702881,42.525600878397626,True,True,1,0.7264284406389508,0.053667368087545964,False,53.97355652557464,0.45201989171364687,0.07280069230690744,-217.02070095056442
2017-11-01,56.31999969482422,56.84000015258789,56.18999862670898,56.209999084472656,44.9095573425293,11678300.0,0.0012467137581271,0.0012459372558468,0.6500015258789134,58.83367694347807,WFC,,,,11678300.0,524467283.5132599,0.6697124461452658,-20.116695852030208,0.1246713758127127,1.4473567862655432,25.56395108330317,음봉,44.69224624633789,43.967590713500975,42.57220675150553,True,True,1,0.7264287131173275,0.05487825568567449,False,58.83367694347807,0.47874826147190674,0.0796232496521338,-198.26107025146484
2017-11-02,55.79999923706055,56.52000045776367,55.34999847412109,56.47999954223633,45.44057083129883,15630000.0,0.0118240641901554,0.011754706137207,1.1700019836425852,83.14107749394302,WFC,,,,15630000.0,710236122.0932007,0.9206619221600348,33.83797299264448,1.182406419015547,2.574795963691337,24.249719968221587,음봉,44.892723846435544,44.02689876556396,42.62659765879313,True,True,1,0.7478575025286004,0.0668654449068465,True,83.14107749394302,0.536593521651902,0.10997480786570313,-196.86012677907442
2017-11-03,56.25,56.43999862670898,55.900001525878906,56.34999847412109,45.33596420288086,10049200.0,-0.0023020535724854,-0.0023047073713845,0.539997100830071,80.50096914852449,WFC,,,,10049200.0,455590171.46759033,0.599003596483825,-35.70569417786308,-0.2302053572485474,1.1911009511423538,23.788057612286394,음봉,45.03233261108399,44.07338581085205,42.690430577596025,True,True,1,0.7471427917480474,0.06679491760542851,False,80.50096914852449,0.5674541679971625,0.11266836336877084,-199.58425761921177
2017-11-06,56.09999847412109,56.43000030517578,56.0,56.18000030517578,45.19919967651367,10414900.0,-0.0030166894820006,-0.003021248861513,0.4300003051757812,88.55404508201167,WFC,,,,10414900.0,470745144.71092224,0.629414816880445,3.639095649404922,-0.3016689482000623,0.9513449535683202,23.74281535751749,음봉,45.14778594970703,44.13061180114746,42.752117284139,True,True,1,0.714999880109515,0.06670830187202571,False,88.55404508201167,0.5742560321985266,0.09557618205610796,-203.14583368516628
2017-11-07,56.16999816894531,56.290000915527344,54.66999816894531,55.04999923706055,44.29005813598633,18679100.0,-0.0201141070424694,-0.0203191498543103,1.6200027465820312,69.08346136917791,WFC,,,,18679100.0,827298424.9279022,1.1244880821491863,79.3497777223017,-2.011410704246941,3.6577119443104884,24.27210784914023,음봉,45.0350700378418,44.123604965209964,42.78666718800863,True,True,0,0.777142933436803,0.06671889516165504,True,69.08346136917791,0.5005167883005655,0.017469550526517386,-226.821393695617
2017-11-08,54.79999923706055,54.9900016784668,54.04999923706055,54.2599983215332,43.654483795166016,24047100.0,-0.0143502710894818,-0.0144542320064403,0.94000244140625,57.71780593459312,WFC,,,,24047100.0,1049763737.2707367,1.4398367617552854,28.73800129556563,-1.4350271089481836,2.1532781049866387,23.729797483681185,음봉,44.78405532836914,44.08282260894775,42.81049098968506,True,True,0,0.7778573717389793,0.06678061883520564,False,57.71780593459312,0.386338894374326,-0.0773666747197777,-370.9114267925335
2017-11-09,53.900001525878906,54.18999862670898,53.209999084472656,54.0,43.44529724121094,24438800.0,-0.0047918686872261,-0.0048033864992764,0.979999542236321,44.40718162181835,WFC,,,,24438800.0,1061750930.2185059,1.449890112497907,1.628886643295857,-0.4791868687226142,2.255709143374722,23.469565643672567,음봉,44.38500061035156,44.049556732177734,42.83295892079671,True,True,0,0.7742859976632255,0.06683105103025141,False,44.40718162181835,0.27579331056249146,-0.15032980682528985,-268.999971626227
2017-11-10,54.02000045776367,54.130001068115234,53.790000915527344,53.810001373291016,43.29243469238281,13671700.0,-0.0035185062258734,-0.0035247107268965,0.3400001525878906,42.80732775302983,WFC,,,,13671700.0,591881179.3838501,0.8131288867247002,-44.05740052703079,-0.35185062258734634,0.785356968264279,24.340271302187986,음봉,43.976294708251956,44.069369316101074,42.864730262756346,False,True,0,0.7742859976632255,0.06680100531306123,False,42.80732775302983,0.1738464155263344,-0.20182136148915752,-273.2110598865259
2017-11-13,53.52000045776367,53.90999984741211,53.40999984741211,53.720001220703125,43.22003173828125,13447000.0,-0.0016724158531629,-0.0016738159017492,0.5,35.64484917472966,WFC,,,,13447000.0,581179766.784668,0.7979426223455319,-1.6435410373252801,-0.16724158531629119,1.1568709690630221,23.624371874794033,음봉,43.58046112060547,44.0811674118042,42.89689292907715,False,True,0,0.7700001852852958,0.06678312637064607,False,35.64484917472966,0.08621660210212667,-0.2315609399306922,-275.20563103796513
2017-11-14,53.52000045776367,54.09999847412109,53.31999969482422,54.040000915527344,43.47747421264648,20830100.0,0.0059565544959376,0.0059388843592408,0.7799987792968679,41.26701882225883,WFC,,,,20830100.0,905640135.5968474,1.2249713965618747,54.90518331226295,0.5956554495937683,1.794029651957073,23.831469587652887,음봉,43.4179443359375,44.13020648956299,42.931481997172035,False,True,0,0.7749998910086491,0.06272575994359011,False,41.26701882225883,0.03711496159546357,-0.22453006434988426,-268.1135539411698
2017-11-15,53.630001068115234,54.119998931884766,53.4900016784668,53.75,43.24415969848633,18238600.0,-0.0053663309192943,-0.0053807813935986,0.6299972534179688,34.06124032744606,WFC,,,,18238600.0,788712931.0768127,1.071146988622105,-12.441130863510018,-0.5366330919294393,1.4568377737260563,23.351234264008024,음봉,43.335879516601565,44.15879096984863,42.95685609181722,False,True,0,0.7685713086809426,0.05653352994305329,False,34.06124032744606,-0.020389931231306946,-0.2256279657413238,-274.5409491342321
2017-11-16,53.95000076293945,54.86000061035156,53.86000061035156,54.59999847412109,43.92803192138672,26361800.0,0.015814210003584,0.0156904682648985,1.0,41.60847391133776,WFC,,,,26361800.0,1158021991.9052124,1.535010353597251,44.53850624499687,1.5814210003584073,2.2764507223760733,24.756732791429084,음봉,43.43242645263672,44.20798664093017,42.996158281962074,False,True,0,0.7749998910086491,0.050229364912123854,False,41.608473911337754,-0.010657348784661735,-0.1727163066357429,-255.7014995013572
2017-11-17,54.209999084472656,54.459999084472656,53.970001220703125,54.150001525878906,43.56599044799805,15814800.0,-0.0082416957362574,-0.0082758462789246,0.4899978637695312,38.46178214652223,WFC,,,,15814800.0,688987425.7369995,0.9189100898359196,-40.00864887830118,-0.8241695736257437,1.1247256374313597,23.406391575854045,음봉,43.48713760375976,44.19234066009521,43.02769521077474,False,True,0,0.7635713304792127,0.0502471482580392,False,38.461782146522225,-0.031791456154792286,-0.15508033120469875,-265.6750908748895
2017-11-20,54.119998931884766,54.209999084472656,53.84999847412109,54.04999923706055,43.48552703857422,16943100.0,-0.0018469317143121,-0.0018486393956619,0.3600006103515696,34.53974707815604,WFC,,,,16943100.0,736779633.1672668,0.9808877577791489,7.134456332043393,-0.1846931714312161,0.827863049773383,24.22533810285885,음봉,43.54023666381836,44.17307071685791,43.06308422088623,False,True,0,0.7450000217982701,0.05026906794075665,False,34.53974707815604,-0.05440595520332181,-0.1421558642025826,-267.8917130717972
2017-11-21,54.08000183105469,54.58000183105469,53.9900016784668,54.52000045776367,43.86366271972656,13757000.0,0.0086956674301523,0.0086580778678344,0.5900001525878906,38.98321293589988,WFC,,,,13757000.0,603432408.0352783,0.7937086920566948,-18.80470516021271,0.8695667430152376,1.3450772598672047,24.36322039533417,음봉,43.61747436523437,44.1523344039917,43.10663986206055,False,True,0,0.7407142094203399,0.050292677000943004,False,38.98321293589988,-0.04133918695620764,-0.10327127676437475,-282.3665403937089
2017-11-22,54.459999084472656,54.619998931884766,54.02999877929688,54.060001373291016,43.49357604980469,11421700.0,-0.0084372039855996,-0.008472998671392,0.5900001525878835,28.77192398713981,WFC,,,,11421700.0,496770577.5680542,0.6595314674412025,-16.975357999563855,-0.8437203985599662,1.3565225170546373,24.157436264392626,음봉,43.66735763549805,44.11988468170166,43.146823692321775,False,True,0,0.6992855072021469,0.05032966674861975,False,28.771923987139814,-0.060153171976246256,-0.09766820942753068,-300.81809324160804
2017-11-24,54.18999862670898,54.310001373291016,54.0,54.09000015258789,43.517704010009766,5386500.0,0.0005547476753222,0.0005545938597138,0.3100013732910156,29.821398937233013,WFC,,,,5386500.0,234408112.6499176,0.31389093617427477,-52.83976991165938,0.055474767532226466,0.7123569139118883,24.593109025240345,음봉,43.58529205322266,44.07386074066162,43.18820864359538,False,True,0,0.6828572409493573,0.05038222328839359,False,29.821398937233013,-0.07228322983056756,-0.0878386138254816,-301.0028385127899
2017-11-27,54.02000045776367,54.459999084472656,53.86000061035156,53.95000076293945,43.40506362915039,11066800.0,-0.0025883806009955,-0.0025917362497782,0.5999984741210938,29.981936489992663,WFC,,,,11066800.0,480355158.17108154,0.6457144185495994,105.45437668244686,-0.25883806009955324,1.382323682894318,24.13338820756309,음봉,43.553106689453124,44.012217903137206,43.23157787322998,False,True,0,0.6949999673025938,0.050452787857784766,False,29.981936489992663,-0.08994865334815927,-0.08440322987445863,-318.3418709840427
2017-11-28,53.869998931884766,55.88999938964844,53.720001220703125,55.56999969482422,44.70842361450195,25685200.0,0.0300278326161982,0.0295858238339319,2.1699981689453125,54.29047810554221,WFC,,,,25685200.0,1148344802.2232056,1.4781606570465244,132.09238442910328,3.0027832616198236,4.853667370731085,24.10994116296199,음봉,43.79768600463867,44.01654243469238,43.29800135294597,False,True,0,0.7342853546142568,0.050447830978823605,True,54.29047810554221,0.0012077077227701238,0.005402504957176609,-317.2229291747444
2017-11-29,55.84000015258789,57.25,55.70000076293945,56.68000030517578,45.601470947265625,29631800.0,0.0199749233044752,0.0197780419983512,1.5499992370605469,68.9654506120405,WFC,,,,29631800.0,1351253666.8151855,1.677390306035117,15.3652687150577,1.9974923304475256,3.3990114898990744,24.898163786913788,음봉,44.14524765014649,44.05393409729004,43.39089380900065,True,True,1,0.7778565543038495,0.054057356233500796,True,68.9654506120405,0.1438529891501119,0.1184382291076147,-188.32986170781314
2017-11-30,57.02999877929688,57.33000183105469,56.380001068115234,56.470001220703125,45.4325065612793,30984400.0,-0.0037052398196041,-0.0037121212240927,0.9500007629394532,69.51013342701368,WFC,,,,30984400.0,1407698956.2973022,1.7449374465103615,4.564690636410873,-0.37052398196041336,2.091015519159379,25.06175260277769,음봉,44.533033752441405,44.08008155822754,43.483899688720705,True,True,1,0.7757137843540731,0.05402529044413439,False,69.51013342701368,0.24049412199427422,0.1720634895614216,-196.6954845804501
2017-12-01,56.56999969482422,57.18000030517578,55.43999862670898,56.20000076293945,45.21530151367188,31242400.0,-0.004780829059353,-0.0047922937777681,1.740001678466804,68.6428918029684,WFC,,,,31242400.0,1412634536.0107424,1.7361492593318175,0.8326770891158075,-0.47808290593530645,3.848258488203766,24.51437082504503,음봉,44.87255325317383,44.06881809234619,43.575948588053386,True,True,1,0.8757138933454242,0.05403909866595628,True,68.6428918029684,0.29614253712578176,0.1821695237543433,-202.11206642326167
2017-12-04,57.27000045776367,57.9900016784668,57.20000076293945,57.38999938964844,46.17270278930664,28720400.0,0.0211742760433715,0.0209532161378099,0.7900009155273438,74.43413445663597,WFC,,,,28720400.0,1326098493.1900024,1.5995719116623133,-8.072363198729926,2.117427604337152,1.710969615818773,26.66066252029034,음봉,45.42608108520508,44.11065502166748,43.685285822550455,True,True,1,0.8964282444545201,0.06693781920887405,False,74.43413445663597,0.4127407699760326,0.23901420528367529,-153.0469779360291
2017-12-05,58.65999984741211,59.40999984741211,57.43999862670898,58.54999923706055,47.10597229003906,39754900.0,0.0202125811216007,0.0200110184455502,1.970001220703132,77.00607302967254,WFC,,,,39754900.0,1872693217.793274,2.1891669499391337,38.420425899360744,2.0212581121600737,4.182062538850737,27.044760873295598,음봉,45.9055908203125,44.20599365234375,43.79579658508301,True,True,1,0.9814284188406818,0.08790528683324336,True,77.00607302967254,0.5738379123533051,0.32008907812875814,-107.83836761836521
2017-12-06,58.68000030517578,59.09999847412109,58.119998931884766,58.56999969482422,47.12206268310547,26758300.0,0.0003415786212273,0.0003415202965313,0.979999542236321,79.82678460038936,WFC,,,,26758300.0,1260906289.893341,1.4691339648090658,-32.69181912166802,0.03415786212273009,2.0797042540917405,24.570192382132703,음봉,46.20970916748047,44.34759387969971,43.89445768992106,True,True,1,1.006428582327707,0.08798743299149742,False,79.82678460038936,0.694797722923667,0.35283911095929604,-115.95676854167908
2017-12-07,58.45000076293945,60.0,58.290000915527344,59.36000061035156,47.75764846801758,32990600.0,0.0134880722260908,0.0133979179468214,1.7099990844726562,79.6758190986147,WFC,,,,32990600.0,1575553477.5489807,1.789455168737137,23.291090988590458,1.348807222609083,3.5805763879220547,24.03956328485458,음봉,46.674737548828126,44.55275211334229,44.00517692565918,True,True,1,1.0571428026471825,0.10184818029181728,True,79.6758190986147,0.8323508824470096,0.3923138163861108,-94.94194126822916
2017-12-08,59.310001373291016,59.91999816894531,59.150001525878906,59.310001373291016,47.71742248535156,22017100.0,-0.0008422940399369,-0.0008426489688788,0.7699966430664062,83.85826404189913,WFC,,,,22017100.0,1050599262.6022339,1.1901082037214419,-33.262505077203805,-0.08422940399369638,1.6136593364882232,24.189534610377304,음봉,47.17516174316406,44.766358375549316,44.117489433288576,True,True,1,1.077142715454102,0.1013622035473563,False,83.85826404189913,0.927426061434133,0.3899111962985873,-95.58248251799225
2017-12-11,58.959999084472656,59.29999923706055,58.619998931884766,58.869998931884766,47.363407135009766,15876600.0,-0.0074189956603476,-0.007446653288108,0.6800003051757812,80.27627886641207,WFC,,,,15876600.0,751969869.719696,0.8591143002251316,-27.889685744262415,-0.7418995660347649,1.4357081686235853,23.560737385956614,음봉,47.41330261230469,44.96990699768067,44.21897449493408,True,True,0,1.0999998365129744,0.10090340480291313,False,80.27627886641207,0.9631056630471022,0.3404726383292451,-101.2196707210994
2017-12-12,58.709999084472656,60.560001373291016,58.709999084472656,60.33000183105469,48.53804016113281,25040400.0,0.0248004334395697,0.0244978945506978,1.85000228881836,82.45801034960655,WFC,,,,25040400.0,1215411940.85083,1.3406800210151415,57.71890707078342,2.4800433439569725,3.811448263417447,23.956452113166904,음봉,47.69971618652344,45.23580741882324,44.32605508168538,True,True,1,1.189999989100865,0.1170285392196543,False,82.45801034960655,1.0737871232260758,0.36092327880657493,-75.75966292354154
2017-12-13,60.310001373291016,60.5,59.380001068115234,59.400001525878906,47.789833068847656,18227000.0,-0.0154148599696509,-0.0155349041644235,1.1199989318847656,78.34401252309075,WFC,,,,18227000.0,871065287.3458862,0.9721782683677019,-27.209629239149535,-1.5414859969650974,2.343592475561187,24.25306249094228,음봉,47.83327026367188,45.4514253616333,44.41201006571452,True,True,0,1.227857044764928,0.11647336514808583,False,78.34401252309075,1.0885804408110715,0.30057327711325643,-86.69836285912669
2017-12-14,59.54999923706055,59.9900016784668,59.209999084472656,59.220001220703125,47.64501953125,14731000.0,-0.0030302164351365,-0.0030348168367841,0.7800025939941406,76.80263301966397,WFC,,,,14731000.0,701858782.7148438,0.7949745061610005,-19.180336862895707,-0.3030216435136568,1.637112549576232,24.608092167367055,음봉,47.81074447631836,45.671468353271486,44.490358416239424,True,True,0,1.2614285605294369,0.11238912864107077,False,76.80263301966397,1.0762130947139,0.23056474481286782,-88.81551979431866
2017-12-15,59.45000076293945,60.650001525878906,59.34999847412109,59.869998931884766,48.16796112060547,36467500.0,0.0109757870707236,0.0109159902665988,1.3000030517578196,79.36521749356167,WFC,,,,36467500.0,1756565122.16568,1.942181313792148,147.55617405471452,1.0975787070723664,2.698895742136155,24.77694698801972,음봉,47.90085220336914,45.88346481323242,44.57329432169596,True,True,1,1.3114288875034887,0.11186985448627482,False,79.36521749356167,1.0959751800312105,0.20026146410414258,-80.11601523236624
2017-12-18,60.43999862670898,61.130001068115234,60.369998931884766,60.91999816894531,49.01272201538086,19970900.0,0.017537817153195,0.0173858043792738,0.7600021362304688,78.1283996757252,WFC,,,,19970900.0,978828170.0969696,1.0609850657888023,-45.236443408514425,1.7537817153195023,1.5506221751813127,25.47759386239359,음봉,48.23071517944336,46.155801391601564,44.6677796681722,True,True,1,1.2107148851667142,0.12149411812077927,False,78.1283996757252,1.1663568831532842,0.21651453378097296,-112.95736122284768
2017-12-19,61.20000076293945,61.27000045776367,60.27999877929688,60.36000061035156,48.56219100952149,17062700.0,-0.0091921237452999,-0.0092346320094492,0.9900016784667898,70.53589902751925,WFC,,,,17062700.0,828602096.5381624,0.9099336352478097,-14.562187983516017,-0.9192123745299985,2.038626466158996,24.865541529674807,음봉,48.2355453491211,46.409634590148926,44.75768559773763,True,True,1,1.1707150595528744,0.12082961729288794,False,70.53589902751925,1.172267631477773,0.17794022568436918,-117.97264934894942
2017-12-20,60.880001068115234,61.06999969482422,60.060001373291016,60.13999938964844,48.38518524169922,16544500.0,-0.0036449296076358,-0.0036515885493985,1.0099983215332031,70.45730255295062,WFC,,,,16544500.0,800508697.2312927,0.8820495604745635,-3.037033998136285,-0.36449296076358495,2.087412327736153,25.365021228508027,음봉,48.35461578369141,46.63571071624756,44.84770418802897,True,True,1,1.175000599452428,0.12024387106159828,False,70.45730255295062,1.149419266133897,0.12407348827239462,-121.00876791205889
2017-12-21,60.68000030517578,62.119998931884766,60.68000030517578,61.61000061035156,49.567867279052734,22130700.0,0.0244430610618859,0.0241491098579411,1.4399986267089844,76.59789128189824,WFC,,,,22130700.0,1096971600.3925323,1.175808306272778,33.7646952159328,2.4443061061885984,2.9051050726112733,25.410288298081518,음봉,48.73918533325195,46.93942527770996,44.95197455088297,True,True,1,1.1535718100411552,0.13129269507330044,False,76.59789128189824,1.2127643359680746,0.14993484648525768,-155.12472203872386
2017-12-22,62.0,62.2400016784668,61.18999862670898,61.54999923706055,49.51958465576172,11653200.0,-0.0009740710250695,-0.0009745457405465,1.0500030517578196,73.00880894373972,WFC,,,,11653200.0,577061623.9105225,0.6191068183991585,-47.34373517331129,-0.09740710250695228,2.1203793591100917,25.08103213510874,음봉,49.0095100402832,47.23951930999756,45.054907608032224,True,True,1,1.1721433912004748,0.1304586443706271,False,73.00880894373972,1.2447213827155892,0.14551351458621764,-165.00851948514295
2017-12-26,61.5,61.720001220703125,60.79999923706055,61.130001068115234,49.18169021606445,11662800.0,-0.0068234506013359,-0.0068468367840781,0.920001983642578,65.54223309650725,WFC,,,,11662800.0,573596216.6519165,0.6198205366287337,0.08238080527236402,-0.6823450601335934,1.8706188819473988,24.19328721660498,음봉,49.043303680419925,47.52835063934326,45.14022477467855,True,True,1,1.0971434456961495,0.10224305281337086,False,65.54223309650725,1.2286195536933135,0.10352934845115347,-216.9490960469763
2017-12-27,61.09999847412109,61.2400016784668,60.65999984741211,60.95000076293945,49.0368766784668,10010800.0,-0.0029444603664791,-0.00294880381808,0.5800018310546875,64.06629097298313,WFC,,,,10010800.0,490898365.0527954,0.5346542963016151,-14.164694584490856,-0.2944460366479107,1.1827870581108593,24.233222172107656,음봉,49.138240814208984,47.7447732925415,45.21886717478434,True,True,0,1.0685721806117472,0.09116318845440602,False,64.06629097298313,1.1904507210761324,0.052288412667177875,-234.25626455258438
2017-12-28,61.02999877929688,61.310001373291016,60.90999984741211,61.29999923706055,49.318458557128906,10550900.0,0.0057422474214341,0.0057258235619584,0.4000015258789062,62.094823687298806,WFC,,,,10550900.0,520354124.3904114,0.5654078989417783,5.395173212930038,0.5742247421434143,0.8110584506925687,24.457353145610387,음봉,49.32489547729492,47.93062267303467,45.30073776245117,True,True,0,0.9750009264264793,0.09080970625131407,False,62.094823687298806,1.1694423471402473,0.02502403098503425,-256.9484341838767
2017-12-29,61.459999084472656,61.58000183105469,60.66999816894531,60.66999816894531,48.81160354614258,10711400.0,-0.010277186794052,-0.010330361717743,0.910003662109375,57.90705482862025,WFC,,,,10711400.0,522840610.2241516,0.5790132740447054,1.5211972438370136,-1.0277186794052096,1.8643183095780298,24.618653710110145,음봉,49.17364273071289,48.09957752227783,45.382416598002116,True,True,0,0.9850014277866913,0.09049072756127463,False,57.90705482862025,1.0992229382270082,-0.03615630234256395,-270.9499432010976
2018-01-02,61.040000915527344,61.36000061035156,60.70000076293945,61.09000015258789,49.14950180053711,13819300.0,0.0069224985422802,0.0068986480559542,0.6599998474121094,62.93727625702245,WFC,,,,13819300.0,679211710.2321625,0.7456985005703984,29.014881341374622,0.692249854228022,1.3428413783126014,25.05223447089793,음봉,49.09962615966797,48.296287536621094,45.46400146484375,True,True,1,0.9835728236607147,0.07029866399506753,False,62.93727625702245,1.0586358211871243,-0.06139473550595831,-270.83541808727114
2018-01-03,61.220001220703125,61.77000045776367,61.09999847412109,61.560001373291016,49.52763748168945,14203700.0,0.0076935811615532,0.0076641364928768,0.6700019836425852,58.10294754294374,WFC,,,,14203700.0,703475704.4986725,0.7685483810708074,2.7816170138863727,0.7693581161553276,1.3527840569627156,24.558742160096745,음봉,49.16881561279297,48.46403427124024,45.54935836791992,True,True,1,0.8992870875767309,0.05079839155021854,False,58.10294754294374,1.0449372417043605,-0.06007465199097761,-319.54961431303406
2018-01-04,61.97999954223633,63.04999923706055,61.90999984741211,62.33000183105469,50.14714050292969,18740500.0,0.012508228793858,0.012430647169342,1.1399993896484375,69.71751441272532,WFC,,,,18740500.0,939782486.5951538,1.0105215128300506,31.940973126720507,1.2508228793858045,2.27330886310823,25.142249244475995,음봉,49.39086837768555,48.616092681884766,45.65089937845866,True,True,1,0.9007156917027075,0.06222379572168739,False,69.71751441272532,1.0717156641264296,-0.02663698365512679,-236.01193284940987
2018-01-05,62.7599983215332,62.810001373291016,62.09000015258789,62.75,50.485050201416016,14217900.0,0.0067383642436518,0.0067157629410428,0.720001220703125,73.01186854652805,WFC,,,,14217900.0,717791395.2587128,0.7668797802221512,-24.13276059870334,0.6738364243651818,1.4261671877726096,25.151698964503566,음봉,49.62418670654297,48.78424205780029,45.751813634236655,True,True,1,0.8964298793247778,0.06398875814669173,False,73.01186854652805,1.1074383851155574,0.007268589867200692,-239.59314715552452
2018-01-08,62.65999984741211,62.72999954223633,61.93999862670898,62.040000915527344,49.913818359375,15569400.0,-0.0113148712294435,-0.0113793713871161,0.7900009155273509,64.03628543528292,WFC,,,,15569400.0,777128203.5644531,0.8366118689836698,9.505623193298597,-1.1314871229443524,1.5827298762026487,24.115950360399182,음봉,49.84462966918945,48.89205055236816,45.842541758219404,True,True,1,0.8600011553083158,0.0638476609415812,False,64.03628543528292,1.0772375394015867,-0.01834580467741609,-339.33746698817316
2018-01-09,62.29999923706055,62.77000045776367,62.06999969482422,62.2599983215332,50.09082412719727,15766500.0,0.0035462277509576,0.0035399547113705,0.7000007629394531,59.71030367332584,WFC,,,,15766500.0,789756978.6014558,0.8440428832361012,1.2659447377548316,0.3546227750957698,1.3974630586271015,24.815133934467124,음봉,50.03289413452149,49.01072063446045,45.9422119140625,True,True,1,0.8557153429303861,0.06369306604749979,False,59.71030367332584,1.0554198150998175,-0.03213082318334837,-333.4175374134035
2018-01-10,62.47999954223633,63.400001525878906,62.36000061035156,63.119998931884766,50.78272247314453,18107500.0,0.013812876070681,0.0137183477751033,1.0400009155273438,69.16664306914416,WFC,,,,18107500.0,919548147.1824646,0.9650140149501261,14.847937081787332,1.3812876070681046,2.047942419938845,24.7334229989485,음봉,50.2839111328125,49.18168640136719,46.07365423838298,True,True,1,0.8592867170061399,0.06379819748936684,False,69.16664306914416,1.081492750265447,-0.004846310414175159,-277.762828632157
2018-01-11,63.650001525878906,63.66999816894531,62.68999862670898,63.0099983215332,50.6942138671875,22075000.0,-0.0017428881644507,-0.0017444087611044,0.9799995422363352,70.23972094304771,WFC,,,,22075000.0,1119074771.118164,1.1673400134165723,21.91081043766394,-0.17428881644507843,1.9331585746724693,25.337907118979274,음봉,50.39332580566406,49.28949508666992,46.20215663909912,True,True,1,0.8571439470563637,0.06365865457491988,False,70.23972094304771,1.0825350442901964,-0.0030432131115405436,-331.0894198488568
2018-01-12,63.20000076293945,63.400001525878906,62.04999923706055,62.54999923706055,50.32413482666016,25886100.0,-0.007300222496731,-0.0073269995193871,1.3500022888183594,57.73027123854512,WFC,,,,25886100.0,1302695586.5364077,1.3565547118112828,17.264326160815415,-0.7300222496731013,2.6826140051257674,24.66906169709141,음봉,50.36114273071289,49.41621017456055,46.332614008585615,True,True,0,0.8507156372070332,0.06349541842263372,True,57.730271238545114,1.0414930999736214,-0.03526812594249251,-343.3844114400424
2018-01-16,62.790000915527344,63.150001525878906,62.18000030517578,62.5,50.28390502929688,17907800.0,-0.0007994135915471,-0.000799733292986,0.970001220703125,57.82546680497934,WFC,,,,17907800.0,900474114.4836427,0.9522380042586853,-30.820787990465924,-0.07994135915471157,1.9290491065440796,24.77114834026546,음봉,50.435160064697264,49.5481544494629,46.45947125752767,True,True,0,0.8450012207031266,0.05277212403957473,False,57.82546680497934,0.9942596486541788,-0.06600126180954802,-344.72095030371827
2018-01-17,62.84999847412109,64.04000091552734,62.4900016784668,63.880001068115234,51.394168853759766,23892900.0,0.0220799045701802,0.0218396732362027,1.5499992370605469,69.55898301975368,WFC,,,,23892900.0,1227955737.0059967,1.2693242838818746,33.42174918192073,2.2079904570180275,3.015904861641042,24.99028951212685,음봉,50.69582901000977,49.70946483612061,46.6003054300944,True,True,1,0.8900010245186957,0.060531402258712626,True,69.55898301975368,1.0344908434618674,-0.02061605360148766,-274.13692501639304
2018-01-18,63.869998931884766,64.30999755859375,63.86000061035156,63.95000076293945,51.45050048828125,16305900.0,0.0010960705422005,0.0010954702954522,0.4499969482421875,71.67627404213455,WFC,,,,16305900.0,838946715.9118652,0.8679503075677162,-31.754203131474203,0.10960705422005113,0.8746211289911207,24.274796842467712,음봉,50.82938461303711,49.83135375976563,46.7264986038208,True,True,1,0.88071496146066,0.06151378630730678,False,71.67627404213455,1.0587156325355593,0.0028869883777633554,-253.28294578517801
2018-01-19,64.1500015258789,64.26000213623047,63.83000183105469,64.22000122070312,51.6677131652832,16524000.0,0.0042217796705674,0.0042128929618118,0.4300003051757812,71.34497208156141,WFC,,,,16524000.0,853757292.3431396,0.8833510609636731,1.3375526649862968,0.42217796705674715,0.8322417982778246,24.682949470025445,음봉,51.02408447265625,49.98662986755372,46.85644505818685,True,True,1,0.8828577314104368,0.0656681183004632,False,71.34497208156141,1.0829575397184001,0.02170311644848333,-247.3155635482559
2018-01-22,64.0,64.75,63.970001220703125,64.7300033569336,52.07804870605469,12245200.0,0.0079418173484635,0.0079104470988017,0.779998779296875,80.20825616157006,WFC,,,,12245200.0,637706122.0153809,0.654847986852917,-25.894456548051316,0.7941817348463553,1.4977496251816955,23.86845880959787,음봉,51.37486724853515,50.17127304077149,46.98643938700358,True,True,1,0.8735716683524011,0.06510588553847628,False,80.20825616157006,1.12234240996915,0.04887038935938648,-212.88774521208308
2018-01-23,64.30999755859375,64.8499984741211,64.22000122070312,64.48999786376953,51.88494110107422,12937100.0,-0.0037080422515526,-0.0037149340822968,0.6299972534179688,75.99361142345931,WFC,,,,12937100.0,671240671.5187073,0.7010558536172913,5.650377290693487,-0.37080422515526346,1.214219848858854,23.487724975219653,음봉,51.695074462890624,50.28712673187256,47.115478897094725,True,True,1,0.8714286259242482,0.0649558917400186,False,75.99361142345931,1.1250046798826148,0.04122612741828102,-245.73486328124937
2018-01-24,64.94999694824219,65.62999725341797,64.80000305175781,65.4800033569336,52.68144226074219,20180300.0,0.0153512973661538,0.0152346583924235,0.8299942016601562,77.7617865305046,WFC,,,,20180300.0,1063127309.2544556,1.0916104014927572,55.987817980845776,1.5351297366153815,1.575496353255047,25.180824281397268,음봉,51.95252914428711,50.44521961212159,47.25286655426025,True,True,1,0.8828566414969318,0.07671368554553219,False,77.7617865305046,1.1778084917839635,0.07522395145570382,-248.07967800651167
2018-01-25,65.69999694824219,65.8499984741211,65.4000015258789,65.6500015258789,52.81821441650391,17568700.0,0.0025962113012165,0.0025928469664142,0.4499969482421875,75.69631197594956,WFC,,,,17568700.0,927947363.6192323,0.9513303890514174,-12.941333875115834,0.25962113012165666,0.851973042279859,24.711841834294898,음봉,52.22607192993164,50.62704582214356,47.389204788208005,True,True,1,0.8335707528250568,0.07913973263296552,False,75.69631197594956,1.2166672800092044,0.0912661917447557,-233.2937229202818
2018-01-26,65.88999938964844,66.04000091552734,65.25,65.93000030517578,53.04348373413086,16251900.0,0.0042649930543006,0.0042559237492949,0.7900009155273438,75.15792206077418,WFC,,,,16251900.0,862057393.2987213,0.8806663880401984,-7.495147620484155,0.4264993054300614,1.4893458346119473,24.748630974280022,음봉,52.50122604370117,50.82737617492676,47.529563967386885,True,True,1,0.8385707310267867,0.08325985928181505,False,75.15792206077418,1.251217247346709,0.1006529272658081,-216.98804697843528
2018-01-29,65.77999877929688,66.30999755859375,65.66000366210938,65.81999969482422,52.95499801635742,16105200.0,-0.0016681731957304,-0.0016695661459729,0.649993896484375,83.04192601544953,WFC,,,,16105200.0,852850834.0530396,0.872622360111802,-0.9026636885533401,-0.1668173195730427,1.2274457951704512,24.01146031245813,음봉,52.67661590576172,51.009203147888186,47.6645866394043,True,True,1,0.8285702296665741,0.08296307189349779,False,83.04192601544953,1.2569687343289502,0.08512353139843953,-213.4977653566251
2018-01-30,65.43000030517578,65.93000030517578,65.27999877929688,65.27999877929688,52.52053451538086,16158900.0,-0.0082043908460228,-0.0082382320855451,0.6500015258789062,74.99980374886766,WFC,,,,16158900.0,848674065.1805878,0.8763608199551975,0.33343268012815397,-0.8204390846022869,1.237614072051286,23.557742906467336,음봉,52.803734588623044,51.194649696350105,47.791436258951826,True,True,0,0.8249988555908209,0.07606228300594016,False,74.99980374886766,1.2124923980197195,0.03251775607136698,-223.69644310681247
2018-01-31,65.2699966430664,66.0999984741211,65.16000366210938,65.77999877929688,52.92281723022461,18147900.0,0.0076595320012582,0.0076303467216691,0.9399948120117188,73.41540639605603,WFC,,,,18147900.0,960437994.8123932,0.9792595138004249,12.309006182351512,0.765953200125824,1.7761617034152914,24.275194922001056,음봉,52.85200958251953,51.38331546783447,47.91614036560058,True,True,1,0.8178555624825619,0.06842388857998657,False,73.41540639605603,1.19591961721774,0.012755980215509943,-214.25318316911918
2018-02-01,65.37000274658203,66.08999633789062,65.05999755859375,65.51000213623047,53.01993560791016,15717600.0,0.0018350946296579,0.0018334129006149,1.029998779296875,75.39855392455024,WFC,,,,15717600.0,833346139.9108888,0.8473235313823958,-13.391632089663263,0.18350946296579185,1.9426632029768198,23.519506647217455,음봉,52.89235382080078,51.557930374145506,48.044206555684404,True,True,1,0.8214269365583148,0.0607019201904442,False,75.39855392455024,1.1770538661800742,-0.004887816657724642,-211.97340814679947
2018-02-02,65.33000183105469,65.52999877929688,63.83000183105469,64.06999969482422,51.85446548461914,18905300.0,-0.0219817340388686,-0.0222269322698573,1.6999969482421875,64.2386959518598,WFC,,,,18905300.0,980324226.3263702,1.0129059768511224,20.281086170916684,-2.1981734038868606,3.2784002927316522,23.217806815495184,음봉,52.65455017089844,51.64329662322998,48.155127652486165,True,True,0,0.8464265550885882,0.060601580057693026,True,64.2386959518598,1.0558873121851278,-0.10084349652213698,-250.01311591699658
2018-02-05,58.70000076293945,59.88999938964844,57.5,58.15999984741211,47.07127380371094,103394400.0,-0.0922426185711425,-0.0967781371549501,2.389999389648437,34.12230492522791,WFC,,,,103394400.0,4866906112.17041,5.154898847575309,446.90695201874604,-9.224261857114257,5.07740538234599,13.201438322319238,음봉,51.47780532836914,51.47260780334473,48.20148124694824,True,False,0,0.9478549957275391,0.11602695463259281,True,34.12230492522791,0.5673581991857617,-0.47149808761720235,-118.37376942421871
2018-02-06,56.90999984741211,58.5,55.869998931884766,57.27999877929688,46.35906600952149,83076900.0,-0.0151304125985496,-0.0152460451527212,2.6300010681152344,24.095933920317577,WFC,,,,83076900.0,3851367490.966416,3.9156421903588257,-19.650483972052648,-1.5130412598549636,5.673110557436748,20.90176289838479,음봉,50.245511627197274,51.29487018585205,48.2465576171875,False,False,0,1.0249979836600167,0.13031357132575488,True,24.095933920317577,0.12132755215192503,-0.7340229877208312,-91.10090204448062
2018-02-07,56.93999862670898,58.119998931884766,56.75,57.540000915527344,46.56948471069336,45551000.0,0.0045388900011198,0.0045286203035249,1.3699989318847656,25.28058173837616,WFC,,,,45551000.0,2121286598.0567932,2.0919530845361143,-45.17007736205853,0.4538890001119844,2.9418382883033796,22.82386926219418,음봉,48.97484512329102,51.11880321502686,48.29862740834554,False,False,0,1.090712411063058,0.13076240647677018,False,25.280581738376156,-0.21272377123865738,-0.8544594488891308,-89.08539697886168
2018-02-08,57.33000183105469,57.43999862670898,55.34999847412109,55.400001525878906,44.837501525878906,43569700.0,-0.0371913753303083,-0.0379006152096323,2.09000015258789,20.010330990324576,WFC,,,,43569700.0,1953556490.2320862,1.965301142261157,-4.34963008495971,-3.7191375330308363,4.6612770146918265,23.106369304297843,음봉,47.338358306884764,50.82154216766358,48.32437852223714,False,False,0,1.2092838287353516,0.16146661156365313,True,20.010330990324576,-0.6101845918149067,-1.0015362155723042,-95.91695097069423
2018-02-09,56.13999938964844,56.540000915527344,54.720001220703125,56.130001068115234,45.42830657958984,48904600.0,0.0131765828515206,0.0130905268091287,1.8199996948242188,21.25822175879847,WFC,,,,48904600.0,2221653161.952209,2.167368842095015,12.244518553031124,1.317658285152068,4.0063119932406055,25.207688829954222,음봉,46.05312652587891,50.558246803283694,48.361183102925615,False,False,0,1.283569608415876,0.16230749140057177,True,21.25822175879847,-0.8675021011804418,-1.0070829799502714,-80.16995320987628
2018-02-12,56.36000061035156,57.119998931884766,55.880001068115234,56.5,45.72776412963867,24401300.0,0.0065918712933794,0.0065702399185946,1.2399978637695312,23.629639577555864,WFC,,,,24401300.0,1115816890.8565521,1.0814527162946725,-50.104284668517884,0.6591871293379459,2.711695809692608,24.063617717313612,음봉,45.78442459106445,50.32842826843262,48.39868793487549,False,False,0,1.3271410805838448,0.16304864845936332,False,23.629639577555864,-1.035329723030678,-0.9399284814404059,-77.58619441204273
2018-02-13,56.060001373291016,58.09000015258789,55.95000076293945,58.0,46.941776275634766,24234200.0,0.0265486880695577,0.0262023874962656,2.139999389648437,26.266558858537792,WFC,,,,24234200.0,1137596394.618988,1.0661250411644878,-0.684799580350226,2.654868806955779,4.558837690935886,22.595107021546795,음봉,45.90096664428711,50.161321830749515,48.46031487782796,False,False,0,1.420712879725865,0.16359182550930274,True,26.266558858537792,-1.058175697471711,-0.7702195647051511,-67.11153928184928
2018-02-14,57.84999847412109,59.59999847412109,57.79999923706055,59.54999923706055,48.19625473022461,23681800.0,0.0267241368802011,0.0263732842314081,1.7999992370605398,32.50535905757977,WFC,,,,23681800.0,1141374065.2702332,1.0344305573120163,-2.2794232943526116,2.6724136880201144,3.7347284496189967,23.237770412510482,음봉,46.22632064819336,50.00142612457275,48.53145192464193,False,False,0,1.5171416146414616,0.16411496319740362,False,32.50535905757977,-0.9639436275369064,-0.5407899958162772,-56.287735563390484
2018-02-15,59.81999969482422,60.09999847412109,59.150001525878906,60.02000045776367,48.5766487121582,22397300.0,0.0078926046030511,0.0078616209205341,0.9499969482421804,33.288768298161784,WFC,,,,22397300.0,1087985774.200821,0.9772611862522003,-5.423996486753547,0.789260460305119,1.9556658876807336,24.11752745034394,음봉,46.97415008544922,49.8577335357666,48.614962895711265,False,False,0,1.5285699026925212,0.16458795108215662,False,33.288768298161784,-0.8487851510800297,-0.34050521548752033,-53.005646675320776
2018-02-16,59.66999816894531,60.43000030517578,59.66999816894531,59.95000076293945,48.52000045776367,18661900.0,-0.0011661622589529,-0.0011668427552575,0.7600021362304688,33.36825793929184,WFC,,,,18661900.0,905475396.5427399,0.8140358595454401,-16.67790314011064,-0.11661622589529408,1.566368773825642,22.836794531712034,음봉,47.592488861083986,49.700347900390625,48.69887078603109,False,False,0,1.5364276341029566,0.16510915023569597,False,33.36825793929184,-0.7534074573281444,-0.19610201738850797,-54.481566426365255
2018-02-20,59.86000061035156,61.27000045776367,59.77999877929688,59.95000076293945,48.52000045776367,18517600.0,0.0,0.0,1.4900016784667898,34.49221236132372,WFC,,,,18517600.0,898473960.4766846,0.8121524264802576,-0.7732331648974688,0.0,3.070902028873281,23.371805535037623,음봉,48.150936126708984,49.52244548797607,48.77647641499837,False,False,0,1.5964276450020911,0.16570228160974695,False,34.49221236132372,-0.6700955040202103,-0.0902320512644591,-54.481566426365255
2018-02-21,59.86000061035156,60.4900016784668,59.72999954223633,59.72999954223633,48.341941833496094,19987800.0,-0.0036697984869678,-0.0036765487171519,0.7600021362304688,31.928407630812785,WFC,,,,19987800.0,966249064.9795532,0.8740937282492871,7.939473797900365,-0.36697984869678013,1.5721382042288252,23.371805535037623,음봉,48.43096923828125,49.34529552459717,48.85728251139323,False,False,0,1.5835710253034303,0.16629715398424383,False,31.928407630812785,-0.6113902969083398,-0.025221475322070863,-56.095533212372374
2018-02-22,59.880001068115234,60.16999816894531,58.68000030517578,58.810001373291016,47.59735107421875,17948600.0,-0.01540258274775,-0.0155224348056475,1.4899978637695312,29.64757540215241,WFC,,,,17948600.0,854305815.4907227,0.7843692703315828,-10.202223356247309,-1.5402582747750082,3.130421820000385,23.86759570883524,음봉,48.311188507080075,49.09109096527099,48.925276629130046,False,False,0,1.616428102765763,0.1671582775387329,False,29.647575402152412,-0.6178263314279064,-0.025326007873309964,-65.88947044508811
2018-02-23,59.06999969482422,59.2400016784668,58.34999847412109,59.16999816894531,47.888710021972656,21099200.0,0.006121326947367,0.0061026677329534,0.8900032043457102,34.07020699863469,WFC,,,,21099200.0,1010413470.4956055,0.9173809599068684,17.553458208439654,0.6121326947367001,1.8584823102091335,24.103544339507714,음봉,48.17360076904297,48.84461574554443,49.000004069010416,False,False,0,1.5585714067731575,0.16800177630633722,False,34.07020699863469,-0.5925857434793613,-6.83359398118144e-05,-104.29453426617738
2018-02-26,59.75,60.0,58.95000076293945,59.970001220703125,48.53618240356445,16478300.0,0.0135203554511014,0.0134297710211081,1.0499992370605469,58.8121313812267,WFC,,,,16478300.0,799793774.5006561,0.7139752740337465,-21.900830363236523,1.3520355451101418,2.1633329715347283,24.768447453658823,음봉,48.17683715820313,48.61925067901611,49.06380004882813,False,False,0,1.4628571101597367,0.16829617831939903,False,58.8121313812267,-0.5144070217006131,0.06248830867114907,-94.40945858665158
2018-02-27,60.02999877929688,60.47999954223633,59.209999084472656,59.209999084472656,47.921085357666016,17024400.0,-0.0126729589233879,-0.0127539458239593,1.270000457763672,59.50737745036575,WFC,,,,17024400.0,815827725.5630493,0.7317796762527957,3.314055454749587,-1.2672958923387934,2.650191347472283,23.680923810951256,음봉,48.057054138183595,48.36755504608154,49.10246028900146,False,False,0,1.3657142094203394,0.16917195988582745,False,59.50737745036575,-0.49636126873537734,0.06442724930910793,-103.80025427435422
2018-02-28,59.470001220703125,59.81999969482422,58.31999969482422,58.40999984741211,47.27360916137695,17869100.0,-0.0135113007448919,-0.0136034089777738,1.5,54.0692214286785,WFC,,,,17869100.0,844736849.4655609,0.764540073191891,4.961702027677917,-1.351130074489193,3.1730177293624457,24.099862882570562,음봉,47.843387603759766,48.105208778381346,49.133145332336426,False,False,0,1.374999999999999,0.1700945550351394,False,54.0692214286785,-0.5282168423983649,0.026057340516896343,-113.68538819353971
2018-03-01,58.25,58.93999862670898,57.060001373291016,57.310001373291016,46.383338928222656,28491000.0,-0.0188322882248148,-0.0190118740132928,1.8799972534179616,59.8963746766593,WFC,,,,28491000.0,1321507709.4039917,1.2166859626480413,59.44283707629372,-1.8832288224814864,4.053173611169352,23.2188551569083,음봉,47.60058517456055,47.77823486328125,49.152612622578935,False,False,0,1.3599997929164327,0.17125860981355884,False,59.8963746766593,-0.6181740558344018,-0.051119898335312386,-127.27730173327052
2018-03-02,56.91999816894531,57.619998931884766,56.41999816894531,57.40999984741211,46.46426773071289,22428500.0,0.0017447817332743,0.0017432613698372,1.2000007629394531,57.09538776672601,WFC,,,,22428500.0,1042123828.7982941,0.9624911967195906,-21.278649398055528,0.17447817332743032,2.5826313886923744,22.71647424310686,음봉,47.315696716308594,47.45045146942139,49.15747203826904,False,False,0,1.3157141549246636,0.14787981444733342,False,57.09538776672601,-0.6751527766373897,-0.08647889531064024,-174.68894997437997
2018-03-05,56.810001373291016,57.970001220703125,56.59000015258789,57.59000015258789,46.60994338989258,20560900.0,0.0031352190897306,0.003130314538914,1.3800010681152344,56.17214030944773,WFC,,,,20560900.0,958342385.0452423,0.8886550782320868,-8.326905499699045,0.313521908973069,2.960743926615644,22.26599954730287,음봉,46.93044891357422,47.18822536468506,49.149204889933266,False,False,0,1.3257143838064995,0.07923898721306051,False,56.172140309447734,-0.7004793255184154,-0.08944435535333273,-175.5649982862543
2018-03-06,57.709999084472656,57.869998931884766,56.63999938964844,57.06999969482422,46.189090728759766,23975900.0,-0.0090292463479815,-0.0090702570432171,1.229999542236328,44.07642241275789,WFC,,,,23975900.0,1107425020.4036713,1.0414452663722453,16.609195122781585,-0.9029246347981523,2.6629654813067485,23.814780468038794,음봉,46.584049987792966,47.1441162109375,49.13365535736084,False,False,0,1.2607143947056347,0.07931312508965456,False,44.07642241275789,-0.7459116849256162,-0.10790137180842674,-210.9464456083417
2018-03-07,56.400001525878906,56.7400016784668,56.0099983215332,56.59999847412109,45.808692932128906,24788700.0,-0.0082356632405843,-0.0082697636705909,0.7300033569335938,28.21258123918696,WFC,,,,24788700.0,1135537946.4866638,1.0796778156562428,3.3900708628247456,-0.8235663240584334,1.5935913255922443,22.106758622033855,음봉,46.29106674194336,47.11659755706787,49.10117276509603,False,False,0,1.1842861175537098,0.07935944826555912,False,28.21258123918696,-0.8033515436234495,-0.132272984405008,-193.94108833413836
2018-03-08,56.75,57.02000045776367,56.22999954223633,56.720001220703125,45.90582656860352,16828400.0,0.0021204192972397,0.0021181743811238,0.7900009155273438,24.299055128515832,WFC,,,,16828400.0,772521611.8270875,0.7447698562534576,-32.11261582898659,0.21204192972397173,1.7209164382362978,23.884783362149093,음봉,46.19556427001953,47.08341464996338,49.07097949981689,False,False,0,1.1728578295026502,0.07941537830417754,False,24.299055128515832,-0.831450726375941,-0.1282977337259995,-192.09444200284565
2018-03-09,57.15999984741211,58.27000045776367,57.0,58.22999954223633,47.12792205810547,19051500.0,0.0266217946794966,0.0262736008812075,1.270000457763672,39.0584101151052,WFC,,,,19051500.0,897857607.0899963,0.8477466222942879,13.210406218059955,2.6621794679496658,2.6947940887311965,24.51578398657063,음봉,46.328295135498045,47.19793567657471,49.067054748535156,False,False,0,1.209286281040736,0.06670508121673958,False,39.0584101151052,-0.7465014347673247,-0.034678753693906494,-168.86069688543876
2018-03-12,58.27000045776367,58.560001373291016,57.959999084472656,58.02000045776367,46.95797729492188,12414800.0,-0.0036060313241491,-0.0036125487277963,0.6000022888183594,38.042116513983885,WFC,,,,12414800.0,582973896.5209962,0.5605760025641652,-34.835577251135085,-0.36060313241491615,1.277743044701469,23.642201720501895,음봉,46.397901916503905,47.27441921234131,49.04072036743164,False,False,0,1.1457148960658483,0.06026270930422791,False,38.042116513983885,-0.6849954303163344,0.02146180060566716,-202.05388937045606
2018-03-13,58.38999938964844,58.41999816894531,57.41999816894531,57.560001373291016,46.58565902709961,13810600.0,-0.0079287543729558,-0.0079603540876579,1.0,36.94332471772394,WFC,,,,13810600.0,643375902.5596619,0.6272913636496688,11.243032509585337,-0.7928754372955815,2.1465833496490507,24.34521832771284,음봉,46.47721557617187,47.31731395721435,49.02065080006917,False,False,0,1.1628576006208147,0.05849773684389947,False,36.94332471772394,-0.6587013521218452,0.03820470304012513,-210.83527339509672
2018-03-14,57.86000061035156,57.900001525878906,56.45000076293945,56.630001068115234,45.83298110961914,12212900.0,-0.016156858853121,-0.0162888040404913,1.4500007629394531,36.89895586843184,WFC,,,,12212900.0,559753614.9936676,0.5561913506660632,-11.568650167262827,-1.6156858853121014,3.163662340600262,24.201313920864557,음봉,46.48207321166992,47.261874198913574,48.99045015970866,False,False,0,1.1600006648472376,0.058566356644674175,False,36.898955868431834,-0.6906366933682264,0.005015489434995191,-227.67370095512484
2018-03-15,56.77000045776367,57.119998931884766,56.2400016784668,56.83000183105469,45.99485778808594,13277700.0,0.0035318819450045,0.0035256594969649,0.8799972534179688,35.6617969843859,WFC,,,,13277700.0,610705923.2528687,0.6098694441588892,8.718649952099833,0.35318819450045336,1.913251384475233,23.86277105123572,음봉,46.49987945556641,47.15180435180664,48.95423177083333,False,False,0,1.1592859540666847,0.05870307230190315,False,35.6617969843859,-0.694873516935786,0.0006229326939485302,-224.05229974124924
2018-03-16,56.9900016784668,57.16999816894531,55.869998931884766,55.900001525878906,45.2421760559082,37095000.0,-0.0163644756908608,-0.0164998526705534,1.2999992370605469,25.45240147461162,WFC,,,,37095000.0,1678258520.7939148,1.6807219167688507,179.3782055627104,-1.6364475690860858,2.8734233195460526,23.905159009381556,음봉,46.12273025512695,46.98508071899414,48.89138933817546,False,False,0,1.1771430969238277,0.07010749576779206,False,25.45240147461162,-0.7503171662643169,-0.04385657330766579,-230.53842665686926
2018-03-19,55.880001068115234,55.9900016784668,54.970001220703125,55.47999954223633,44.90223693847656,17982200.0,-0.0075137658500677,-0.0075421363911028,1.020000457763672,26.54085924924631,WFC,,,,17982200.0,807441005.0750732,0.812847407528161,-51.523925057285346,-0.75137658500678,2.271602769281272,23.513071075673494,음봉,45.71158218383789,46.804192543029785,48.83039010365804,False,False,0,1.1592859540666847,0.0776414519222182,False,26.54085924924631,-0.8123229502767799,-0.08468988585610293,-207.58283401421113
2018-03-20,55.77000045776367,55.88999938964844,54.65999984741211,54.900001525878906,44.43282318115234,26874600.0,-0.0104541285541609,-0.0105091568070124,1.229999542236328,27.29625792746092,WFC,,,,26874600.0,1194114349.8641965,1.223229028801119,49.45112388917929,-1.0454128554160946,2.768222800567112,24.20316728134888,음봉,45.28101501464844,46.59983367919922,48.76451740264893,False,False,0,1.1400002070835653,0.08805523321521497,False,27.296257927460914,-0.8890918505827514,-0.12916702892965948,-238.95279399915918
2018-03-21,55.02000045776367,55.58000183105469,54.540000915527344,54.790000915527344,44.34380340576172,18997300.0,-0.002003468810156,-0.0020054784383929,1.0400009155273438,31.305664958489047,WFC,,,,18997300.0,842412536.4402771,0.8652931060173747,-29.311319982436945,-0.2003468810156006,2.3453128411448203,23.827379217943186,음봉,44.98317947387695,46.3999267578125,48.67744967142741,False,False,0,1.0800004686628069,0.09035313826431526,False,31.305664958489047,-0.9462076166589597,-0.1490262360046941,-253.63672509225967
2018-03-22,54.209999084472656,54.27999877929688,52.18000030517578,52.52999877929688,42.514678955078125,32656300.0,-0.0412487046712355,-0.0421235752415947,2.099998474121101,22.58430102162676,WFC,,,,32656300.0,1388372110.3607178,1.4708538014087358,71.89969100872229,-4.124870467123554,4.939466851766661,22.249322162178345,음봉,44.28714370727539,46.14579315185547,48.56070124308268,False,False,0,1.144286019461496,0.13048867593782404,True,22.584301021626757,-1.1260865050448956,-0.26312409951250393,-151.49403968599904
2018-03-23,52.720001220703125,52.75,50.93999862670898,50.97999954223633,41.26020431518555,30975800.0,-0.0295068590596222,-0.0299509439504659,1.8100013732910227,17.81899172437089,WFC,,,,30975800.0,1278067836.8263245,1.38091598872496,-5.146020829059017,-2.950685905962225,4.386796922924745,24.00423222390589,음봉,43.49074935913086,45.814367866516115,48.428676478068034,False,False,0,1.1750003269740523,0.158814328936679,True,17.81899172437089,-1.3542564144549871,-0.3930352071380764,-127.0313756233922
2018-03-26,51.95000076293945,52.54999923706055,51.52000045776367,52.290000915527344,42.320438385009766,26718000.0,0.0256962874377721,0.0253716867846291,1.029998779296875,28.390633350067205,WFC,,,,26718000.0,1130717472.770691,1.1872473085925077,-13.745569121701461,2.569628743777219,2.433809333274082,25.90824894150996,음봉,42.9743896484375,45.50358066558838,48.31673583984375,False,False,0,1.1607145581926628,0.14638147031619628,False,28.390633350067205,-1.433011814668319,-0.37743248588112666,-113.11754770122
2018-03-27,52.400001525878906,52.79999923706055,50.68999862670898,51.09999847412109,41.35732269287109,23669300.0,-0.022757696491155,-0.0230206500025623,2.1100006103515696,26.655407487074328,WFC,,,,23669300.0,978898878.0143737,1.0429352668735985,-11.41065948050004,-2.2757696491155,5.101879118290407,23.817246525592235,음봉,42.35928955078125,45.17539253234863,48.18405024210612,False,False,0,1.259285790579661,0.13311239834574548,True,26.655407487074328,-1.555213886405852,-0.3997076460949276,-118.58542156025416
2018-03-28,51.15999984741211,51.93000030517578,50.95000076293945,51.47999954223633,41.66487121582031,23342500.0,0.0074363740910685,0.0074088605775831,0.979999542236328,28.23915726772032,WFC,,,,23342500.0,972562256.3552856,1.0202016333882014,-1.3806914441914175,0.7436374091068565,2.3521002552966452,23.702397825260448,음봉,41.82350311279297,44.8949556350708,48.06493803660075,False,False,0,1.2728571210588744,0.13069882038899286,False,28.239157267720316,-1.6086992298235714,-0.3625543916101175,-114.67756367440023
2018-03-29,52.060001373291016,52.75,51.720001220703125,52.40999984741211,42.41756439208984,17706800.0,0.0180654146840066,0.0179041741031709,1.029998779296875,24.60740757801463,WFC,,,,17706800.0,751079329.1778563,0.7697792166559007,-24.143515047659847,1.8065414684006686,2.4282364960326492,24.949387467501957,음봉,41.804080200195315,44.69666690826416,47.9527390797933,False,False,0,1.2557141440255317,0.13127864220754712,False,24.60740757801463,-1.5722270463051515,-0.260865766473358,-105.11348599226193
2018-04-02,52.369998931884766,52.400001525878906,50.41999816894531,51.34999847412109,41.55965042114258,23359800.0,-0.0202254415887029,-0.0204327762187916,1.9800033569335933,22.908212083167243,WFC,,,,23359800.0,970825121.9078064,1.0066381999101754,31.925587909729593,-2.0225441588702986,4.764244494044901,23.463003315793614,음봉,41.86396942138672,44.451436042785645,47.819939295450844,False,False,0,1.3542856488909056,0.1320028837149849,True,22.908212083167243,-1.5941724381391538,-0.22624892664588803,-110.75434684753418
2018-04-03,51.720001220703125,52.18999862670898,51.060001373291016,52.08000183105469,42.15048599243164,16646400.0,0.014216567398952,0.014116459681124,1.1299972534179616,28.21955675315995,WFC,,,,16646400.0,701653850.0244141,0.7144389363399737,-28.73911591708833,1.4216567398952051,2.6808641153529265,24.447632972369004,음봉,41.829978942871094,44.2284631729126,47.68666172027588,False,False,0,1.3635711669921886,0.13266836154762807,False,28.21955675315995,-1.5460667316026786,-0.14251457608753015,-110.55492600612595
2018-04-04,51.130001068115234,53.040000915527344,51.0099983215332,52.90999984741211,42.82225036621094,15952700.0,0.0159372865570259,0.0158116214214738,2.0300025939941406,35.096330152227054,WFC,,,,15952700.0,683130513.4170532,0.683672725269059,-4.167267397154939,1.5937286557025976,4.740532262162294,21.303467479107873,음봉,42.122964477539064,44.06012115478516,47.55894838968913,False,False,0,1.4049998692103804,0.1331752521130473,False,35.096330152227054,-1.43717004017887,-0.02689430773097712,-112.55922670717592
2018-04-05,53.34000015258789,53.959999084472656,53.04999923706055,53.2599983215332,43.10550308227539,16488800.0,0.0066146153843413,0.0065928348099914,0.9099998474121094,35.86699551693343,WFC,,,,16488800.0,710758019.2230225,0.7055512060215874,3.3605596544785454,0.6614615384341382,2.1110990067212403,24.561413042122663,음봉,42.41109085083008,43.92496166229248,47.44547646840413,False,False,0,1.4071429116385334,0.1335850395962231,False,35.86699551693343,-1.3128784551302388,0.07791782185412344,-108.36289017288775
2018-04-06,52.650001525878906,52.91999816894531,51.959999084472656,52.22999954223633,42.271881103515625,22943800.0,-0.0193391079827703,-0.0195285549998487,0.9599990844726562,35.58522350498379,WFC,,,,22943800.0,969877585.6628418,0.9789640420572869,39.14778516326234,-1.9339107982770387,2.2710110347864694,22.142180837991727,음봉,42.381954193115234,43.74326438903809,47.31516075134277,False,False,0,1.382857186453684,0.13413991445024281,False,35.58522350498379,-1.2670371893079633,0.09900727014111932,-146.28567201979533
2018-04-09,52.5,53.33000183105469,52.15999984741211,52.25,42.28807067871094,17032000.0,0.0003829868643807,0.0003829135436316,1.170001983642578,36.90192768468357,WFC,,,,17032000.0,720250419.7998047,0.7253374577132202,-25.766437991962967,0.038298686438076324,2.7667424048068283,24.19603440745326,음봉,42.5276382446289,43.50127182006836,47.17358322143555,False,False,0,1.3935715811593201,0.13097945741227254,False,36.90192768468357,-1.2153910213198458,0.12052275050338968,-148.66408913139293
2018-04-10,52.9900016784668,53.060001373291016,52.119998931884766,52.619998931884766,42.58751678466797,14594700.0,0.0070811011510103,0.0070561478827491,0.94000244140625,40.59403476350923,WFC,,,,14594700.0,621552031.2171936,0.6219505711333406,-14.310122123062474,0.7081101151010349,2.207225291296304,25.30721035032588,음봉,42.61504440307617,43.282748794555665,47.03847160339355,False,False,0,1.3728575025286003,0.12303873622240755,False,40.59403476350923,-1.1371894508104248,0.15897945681024872,-151.79216716050695
2018-04-11,52.31999969482422,52.470001220703125,51.720001220703125,51.93000030517578,42.029075622558594,14673200.0,-0.0131127899504678,-0.0131995216109904,0.75,38.74012428335179,WFC,,,,14673200.0,616701032.4249268,0.6257586060190263,0.5378664857790927,-1.311278995046783,1.784478932478464,22.852900673607866,음봉,42.4564094543457,43.05491962432861,46.90022061665853,False,False,0,1.3521431514195044,0.10996776940271019,False,38.74012428335179,-1.1075090030774533,0.1509279236345762,-217.381378746012
2018-04-12,52.15999984741211,53.27000045776367,52.02999877929688,52.70000076293945,42.65227127075195,19967800.0,0.0148277267335108,0.0147188707322859,1.2400016784667898,50.75827429057238,WFC,,,,19967800.0,851672022.2801208,0.8504830353172124,36.08347190796828,1.4827726733510849,2.907234811940951,24.10456112771575,음봉,42.365763092041014,42.895884132385255,46.77302672068278,False,False,0,1.2907148088727678,0.1103754723480767,False,50.75827429057238,-1.0219202928544036,0.18921330708610085,-219.4272567592323
2018-04-13,52.0099983215332,52.29999923706055,50.810001373291016,50.88999938964844,41.18735885620117,32054900.0,-0.0343454726068789,-0.0349491408334474,1.4899978637695312,49.607647504074336,WFC,,,,32054900.0,1320256669.399643,1.3561553756727946,60.5329580624806,-3.4345472606878924,3.617609638364071,21.939575014374785,음봉,42.148858642578126,42.65550918579102,46.60291322072347,False,False,0,1.2678574153355184,0.09505963654180764,False,49.607647504074336,-1.0600769057451913,0.12084535535625052,-260.8089526826798
2018-04-16,50.59000015258789,51.34000015258789,50.310001373291016,50.79999923706055,41.114524841308594,31879100.0,-0.0017683584700555,-0.0017699238616159,1.029998779296875,42.73175195488083,WFC,,,,31879100.0,1310694048.8685608,1.3433115151528123,-0.5484340927596087,-0.176835847005552,2.505194413099515,22.828949360930086,음봉,41.91414947509766,42.449126625061034,46.430646959940596,False,False,0,1.2678574153355184,0.08922944706550892,False,42.73175195488083,-1.0837011602721915,0.07777688066340027,-251.93102186920285
2018-04-17,50.95000076293945,51.15999984741211,50.4900016784668,50.56999969482422,40.92836380004883,25507100.0,-0.0045278655652302,-0.0045381473967583,0.6699981689453125,47.14742840095773,WFC,,,,25507100.0,1043963868.2842255,1.0693747512806966,-19.988017227587985,-0.4527865565230216,1.637002085444992,23.922144204738462,음봉,41.58231887817383,42.25043296813965,46.251657803853355,False,False,0,1.1650000980922144,0.08294493416780281,False,47.14742840095773,-1.1047107742582583,0.04541381334186689,-257.03132756773704
2018-04-18,50.77999877929688,50.970001220703125,50.2599983215332,50.38999938964844,40.782691955566406,21055700.0,-0.0035591905211281,-0.0035655395090261,0.7100028991699219,44.00443643392845,WFC,,,,21055700.0,858708127.0088196,0.8844214743128161,-17.451611512088792,-0.3559190521128186,1.7409417209228975,24.070434448289138,음봉,41.33304214477539,42.06792640686035,46.06340185801188,False,False,0,1.1457146235874711,0.08465146144247732,False,44.00443643392845,-1.1202025474623838,0.023937632110193174,-256.1433624796764
2018-04-19,50.5099983215332,51.61000061035156,50.4900016784668,51.540000915527344,41.71343612670898,23678400.0,0.0228220386274804,0.0225655115507009,1.1199989318847656,45.32760646621618,WFC,,,,23678400.0,987707425.9826659,0.9897201713895254,12.456009536610036,2.2822038627480445,2.684983630892095,23.851555401406312,음봉,41.14527511596679,41.936408042907715,45.893876775105795,False,False,0,1.1521432059151775,0.05538889082566093,False,45.32760646621618,-1.0453267373464072,0.07905075378093573,-230.9881197979656
2018-04-20,51.93000030517578,52.81999969482422,51.81999969482422,52.560001373291016,42.53896713256836,31149300.0,0.0197905299230622,0.019597243385821,1.0,56.52651413846719,WFC,,,,31149300.0,1325059048.9025116,1.2894797847842105,31.551540644638145,1.9790529923062294,2.35078580277608,24.492262271161046,음봉,41.41559677124023,41.937622451782225,45.72483552296956,False,False,0,1.0821429661342066,0.0553872869016272,False,56.52651413846719,-0.908896472687303,0.17238481475203193,-208.676475591613
2018-04-23,52.54999923706055,52.84000015258789,52.18000030517578,52.61000061035156,42.57942962646485,17723900.0,0.0009511865619677,0.0009507344706893,0.6599998474121094,53.08493622718435,WFC,,,,17723900.0,754673552.7565004,0.7310799651131417,-43.10016597483731,0.09511865619677984,1.550043890211936,23.533792142375777,음봉,41.708577728271486,42.00358371734619,45.554189109802245,False,False,0,1.0485717228480742,0.05530030823893093,False,53.08493622718435,-0.7884210923422827,0.23428815607764175,-207.5828949009878
2018-04-24,52.95000076293945,53.75,52.18000030517578,52.5099983215332,42.49848175048828,23052100.0,-0.0019011028726007,-0.0019029122622543,1.5699996948242188,47.45521424125364,WFC,,,,23052100.0,979679251.1604309,0.9446031593955794,30.06223235292458,-0.19011028726007018,3.694248900564973,24.355824461370588,음봉,42.02260131835938,42.012485885620116,45.378439076741536,True,False,0,1.0157143729073657,0.05528859046886411,True,47.455214241253636,-0.6915040740035039,0.26496413953313647,-209.7706748816671
2018-04-25,52.43999862670898,53.4900016784668,51.93000030517578,53.11000061035156,42.98410415649414,20978500.0,0.011426817759208,0.0113620247949216,1.5600013732910156,49.075236421457866,WFC,,,,20978500.0,901742029.0470123,0.8591874340362639,-8.995275918462964,1.1426817759208063,3.629251798784614,23.392640082034163,음봉,42.46288375854492,42.09382495880127,45.21225751241048,True,False,0,1.0621430533272875,0.055181754781904534,False,49.075236421457866,-0.5689524395096655,0.31001261922157997,-208.47824257309404
2018-04-26,52.9900016784668,53.11000061035156,52.2599983215332,52.43999862670898,42.44184494018555,17025800.0,-0.0126153429727037,-0.0126955920391958,0.8500022888183594,51.35485079460455,WFC,,,,17025800.0,722606363.5826111,0.6975483505446679,-18.841671234835665,-1.2615342972703725,2.0027458514498857,23.27813436693653,음봉,42.60856552124024,42.13267364501953,45.04427935282389,True,False,0,1.0542861393519805,0.055130874111606776,False,51.35485079460455,-0.5097095586344338,0.2954044000774494,-224.01574846182518
2018-04-27,52.27999877929688,52.93999862670898,52.209999084472656,52.36000061035156,42.37709426879883,12304300.0,-0.0015256328153965,-0.0015267977781612,0.729999542236321,50.704191352239306,WFC,,,,12304300.0,521420481.0115814,0.5054056045274359,-27.731442869057542,-0.1525632815396527,1.72262764786542,23.180316154909182,음봉,42.57619094848633,42.13065013885498,44.868517303466795,True,False,0,1.0228573935372478,0.05513352200959207,False,50.704191352239306,-0.46265083590965617,0.27397049824178166,-225.87106766657595
2018-04-30,52.560001373291016,53.04999923706055,51.959999084472656,51.959999084472656,42.05335235595703,17050500.0,-0.0076395495828075,-0.0076688804201366,1.0900001525878906,45.79084945316033,WFC,,,,17050500.0,717030684.3452454,0.6999268849856712,38.57350682281804,-0.7639549582807548,2.59194592469508,24.029271662426375,음봉,42.47097549438477,42.1553352355957,44.68574091593425,True,False,0,1.033571515764508,0.05510123721534581,False,45.79084945316033,-0.4463346577518763,0.23222934111964932,-235.14733577954777
2018-05-01,51.7599983215332,52.59999847412109,51.59999847412109,52.560001373291016,42.53896713256836,13903800.0,0.01154758775236,0.0114814232341371,1.0,54.06453260839817,WFC,,,,13903800.0,591453291.217804,0.5715940394017371,-18.45517726752881,1.154758775236009,2.35078580277608,23.081741221044854,음봉,42.47907257080078,42.17475929260254,44.530482610066734,True,False,0,1.0514286586216508,0.05507585972438273,False,54.06453260839817,-0.38972639174185986,0.23107008570373266,-221.23287895829304
2018-05-02,52.380001068115234,52.869998931884766,52.060001373291016,52.18999862670898,42.239505767822266,16397200.0,-0.0070396952472506,-0.0070645908087489,0.80999755859375,46.53063318413257,WFC,,,,16397200.0,692609623.9761353,0.6748702798949108,17.93322688761345,-0.7039695247250677,1.9176302938913643,23.134162860321208,음봉,42.330152893066405,42.1456220626831,44.449953142801924,True,False,0,1.0207140786307194,0.05511393622934956,False,46.53063318413257,-0.36482251565401924,0.2047791694332587,-229.8134296953818
2018-05-03,51.619998931884766,51.790000915527344,50.810001373291016,51.540000915527344,42.02750015258789,19216100.0,-0.0050191310570655,-0.0050317692014198,0.979999542236328,58.945651343890766,WFC,,,,19216100.0,807604645.6821442,0.7890860892792195,17.191349742638984,-0.5019131057065529,2.331805457565345,22.207866767249175,음봉,42.247283935546875,42.09172191619873,44.377760378519696,True,False,0,0.9842856270926335,0.05230035980258947,False,58.945651343890766,-0.358065539129214,0.16922891676645113,-235.88808623616356
2018-05-04,51.16999816894531,52.900001525878906,51.06999969482422,52.40999984741211,42.73692321777344,16660500.0,0.0168799729370023,0.0167390893905186,1.8300018310546875,65.21265423620169,WFC,,,,16660500.0,712018509.2697144,0.6851459300453826,-13.299264679097211,1.6879972937002385,4.282015861856958,21.753608906463743,음봉,42.3192497253418,42.11497402191162,44.3138843536377,True,False,0,1.0414287022181914,0.052271484241742175,True,65.21265423620169,-0.2920989393399367,0.18815641324458277,-215.56078755425557
2018-05-07,52.970001220703125,52.9900016784668,52.380001068115234,52.65999984741211,42.94078063964844,16259100.0,0.0047700537737873,0.0047587131166819,0.6100006103515625,68.80730412586136,WFC,,,,16259100.0,698178446.4981079,0.7089636001879546,-2.409291437831995,0.4770053773787364,1.4205624612896106,23.944348896585876,음봉,42.496735382080075,42.14760951995849,44.28227233886719,True,False,0,1.0371431623186378,0.05223100968241822,False,68.80730412586136,-0.22082481252537178,0.2075444320473181,-209.71960349028237
2018-05-08,52.720001220703125,53.709999084472656,52.630001068115234,53.18999862670898,43.372955322265625,20786200.0,0.0100644346977276,0.0100141255486666,1.079998016357422,72.97719274499183,WFC,,,,20786200.0,901558923.9196777,0.9472006048054606,27.843484571716772,1.0064434697727664,2.490026350136676,22.773737308411334,음봉,42.66353302001953,42.18688144683838,44.24801648457845,True,False,0,1.0635713849748878,0.06139973560177299,False,72.97719274499183,-0.12799126484051726,0.2403023837857381,-218.31441780785852
2018-05-09,53.45000076293945,53.97999954223633,53.34999847412109,53.7599983215332,43.8377571105957,16286700.0,0.0107163965396535,0.0106593829209343,0.6300010681152415,70.54209063223001,WFC,,,,16286700.0,713972398.733139,0.7582134262307789,-21.64657320722403,1.0716396539653505,1.4371197562088973,23.233476634922198,음봉,42.98318328857422,42.27731552124023,44.2165163675944,True,False,0,1.028571537562779,0.07226251518960385,False,70.54209063223001,-0.01672163308569452,0.2812576124324487,-219.9447410095837
2018-05-10,54.130001068115234,54.72999954223633,53.630001068115234,54.650001525878906,44.56350326538086,20699000.0,0.0165552756942881,0.0164197310576753,1.0999984741210938,69.96241625278901,WFC,,,,20699000.0,922419954.0901184,0.9801899018950954,27.091430430965136,1.6555275694288163,2.468384201238566,23.478034999723715,음봉,43.49038391113281,42.37287712097168,44.17687848409017,True,True,0,1.0357142857142858,0.08922715582943529,False,69.96241625278901,0.12854026890548198,0.3412156115389001,-159.34951596140147
2018-05-11,54.68999862670898,54.93000030517578,54.27000045776367,54.45000076293945,44.40040969848633,14424000.0,-0.0036598012935223,-0.0036665147512292,0.6599998474121094,67.53133619059153,WFC,,,,14424000.0,640431509.4909668,0.7012144964208978,-30.315474177496494,-0.3659801293522391,1.4864724264799063,22.723741670450945,음봉,43.82308120727539,42.533529663085936,44.11361440022787,True,True,0,1.0357142857142858,0.08889013772811216,False,67.53133619059153,0.22787429197928333,0.35243970769016114,-155.57265379854135
2018-05-14,54.77999877929688,54.81999969482422,54.33000183105469,54.47999954223633,44.42486953735352,12809100.0,0.0005508921884571,0.0005507405030611,0.4899978637695312,68.75007890025304,WFC,,,,12809100.0,569042596.390915,0.6283275795724957,-11.195923460898506,0.05508921884571638,1.102980985363455,23.377237172575928,음봉,44.11989898681641,42.69904689788818,44.04441808064779,True,True,0,0.958571297781808,0.08854556680986352,False,68.75007890025304,0.3050544477219077,0.3436958907462284,-154.97896823522967
2018-05-15,54.43000030517578,55.27999877929688,54.380001068115234,54.75,44.6450424194336,14991100.0,0.0049560726767008,0.0049438317763803,0.8999977111816477,67.0472831547057,WFC,,,,14991100.0,669278295.4139711,0.7406923805265614,17.034764347221888,0.495607267670084,2.0158961945344385,22.5214634775904,음봉,44.37431640625,42.88488082885742,43.979835446675615,True,True,0,0.9114281790597103,0.09006322016565341,False,67.0472831547057,0.37961047546144755,0.3346015347886146,-137.91862486484234
2018-05-16,54.70000076293945,55.31999969482422,54.560001373291016,55.040000915527344,44.88151550292969,16450200.0,0.0052967377939627,0.0052827594164748,0.7599983215332031,76.71692743950786,WFC,,,,16450200.0,738309906.326294,0.8174207771661623,9.733108310931149,0.529673779396278,1.693343714036558,22.522004232947072,음봉,44.5830680847168,43.08982200622559,43.919194030761716,True,True,0,0.9049993242536277,0.07352268421445297,False,76.71692743950786,0.45256122208370897,0.3260418251287008,-131.45206378582202
2018-05-17,54.400001525878906,54.66999816894531,54.02999877929688,54.220001220703125,44.21286392211914,21622400.0,-0.0148981506822536,-0.0150102428329079,0.6399993896484304,67.7551652892562,WFC,,,,21622400.0,955988228.8696289,1.075087733919631,31.4415630205104,-1.4898150682253641,1.447541129151434,21.208031672477482,음봉,44.51294021606445,43.2147933959961,43.8503760655721,True,True,0,0.8985707419259212,0.06604255455277093,False,67.7551652892562,0.45121924536033475,0.2597598787242612,-146.27804670510687
2018-05-18,54.150001525878906,54.41999816894531,53.68999862670898,53.70000076293945,43.78883361816406,21492700.0,-0.0095906545366978,-0.0096369410469484,0.7299995422363352,66.46577246306524,WFC,,,,21492700.0,941140264.3051147,1.0662567605685043,-0.599840905727389,-0.9590654536697829,1.6670906300037271,22.47567047740678,음봉,44.390625,43.27728672027588,43.78690077463786,True,True,0,0.8728564126150958,0.06594718769660436,False,66.46577246306524,0.411199960200463,0.1757924748515116,-155.68005250920055
2018-05-21,54.08000183105469,54.630001068115234,54.06999969482422,54.540000915527344,44.47378921508789,11491400.0,0.0156422434745944,0.0155211645822073,0.5600013732910156,67.68800052450015,WFC,,,,11491400.0,511066101.386261,0.5732622341540854,-46.533474156341455,1.564224347459442,1.2591717125399182,23.50180939421447,음봉,44.40040893554688,43.372004699707034,43.72998542785645,True,True,0,0.8414279392787398,0.06580316888974871,False,67.68800052450015,0.42980011249134265,0.15551410171391294,-140.49256133756361
2018-05-22,54.630001068115234,55.650001525878906,54.43999862670898,55.2599983215332,45.06089782714844,17398200.0,0.013201227563973,0.0131148507158818,1.210002899169929,74.50420799509128,WFC,,,,17398200.0,783978512.576294,0.8697134171577726,51.401917956036684,1.3201227563973017,2.6852614073768466,22.83639876941678,음봉,44.48358001708984,43.50012550354004,43.672064018249515,True,True,0,0.8699997493198955,0.06973307868534055,False,74.50420799509128,0.4863097494364226,0.1696189909271943,-118.78312737384111
2018-05-23,55.02999877929688,56.18000030517578,54.630001068115234,56.18000030517578,45.81110763549805,23566100.0,0.0166487985043568,0.0165117265551479,1.5499992370605469,80.05172587226812,WFC,,,,23566100.0,1079589143.6489105,1.1728111245235908,35.45136853237692,1.6648798504356854,3.383457237911195,22.12361810985095,음봉,44.669498443603516,43.641475677490234,43.63689772288004,True,True,1,0.9107140132359112,0.0866975147877893,True,80.05172587226812,0.5848874867467941,0.21455738259005264,-102.91372663778147
2018-05-24,55.869998931884766,55.900001525878906,54.43999862670898,54.66999816894531,44.57979583740234,24673400.0,-0.0268780184904674,-0.0272458382514454,1.460002899169929,63.51664868542976,WFC,,,,24673400.0,1099935134.6145627,1.2244607915152428,4.698698554279246,-2.687801849046745,3.2750327177249883,21.95731955756577,음봉,44.74288482666016,43.74837322235108,43.592000834147136,True,True,0,0.8842855181012855,0.08648567259129783,True,63.51664868542976,0.557231069272973,0.1495207720929851,-205.2685999154745
2018-05-25,54.59999847412109,54.9900016784668,54.52999877929688,54.900001525878906,44.767356872558594,17741900.0,0.0042073103214819,0.0041984843385172,0.4600028991699147,63.429224983957575,WFC,,,,17741900.0,794257968.8972473,0.8795974094151905,-28.09300704402312,0.42073103214819163,1.0275408943159796,22.47700432111855,음봉,44.93858947753906,43.86788635253906,43.565067799886066,True,True,0,0.873571395874025,0.08625005208830086,False,63.429224983957575,0.5441748581675014,0.10917164879001079,-221.48298268556897
2018-05-29,54.040000915527344,54.2599983215332,52.63999938964844,52.95000076293945,43.17724609375,31604000.0,-0.035519425087687,-0.0361655868989772,1.6199989318847656,48.77046783765881,WFC,,,,31604000.0,1364573685.546875,1.549071410015734,78.13199262762163,-3.5519425087687018,3.7519737325703693,20.712958483042982,음봉,44.679280853271486,43.924081039428714,43.510284105936684,True,False,0,0.9121428898402638,0.08613970727159388,True,48.77046783765881,0.4008977661637587,-0.027284354570985547,-267.3093460058837
2018-05-30,53.65999984741211,54.43999862670898,53.380001068115234,54.22999954223633,44.22101211547852,16416200.0,0.0241739832008325,0.0238864176545794,1.059997558593743,52.24449911397827,WFC,,,,16416200.0,725940979.0901185,0.8055513235485176,-48.056575117073784,2.4173983200832527,2.3970449971286745,24.278421395614462,음봉,44.5113037109375,44.008183288574216,43.470468584696455,True,True,0,0.9428569248744425,0.08597508918057267,False,52.24449911397827,0.3673383850888712,-0.048674988516698436,-237.82443776333776
2018-05-31,54.209999084472656,54.380001068115234,53.79999923706055,53.9900016784668,44.02531051635742,17515900.0,-0.0044255341467546,-0.004435355811116,0.5800018310546875,46.639490535674994,WFC,,,,17515900.0,771142936.473465,0.8669250494759294,6.6988706277945065,-0.4425534146754617,1.31742814361114,22.588779612074333,음봉,44.154144287109375,44.097473526000975,43.43440558115641,True,True,0,0.9057143075125563,0.08580100355815728,False,46.639490535674994,0.3212477067089736,-0.07581253351727685,-243.35273009407427
2018-06-01,54.560001373291016,55.02000045776367,54.27999877929688,54.68999862670898,44.59611511230469,14100200.0,0.0129653735374606,0.0128820425870247,0.7400016784667898,51.162792806065205,WFC,,,,14100200.0,628814142.3065186,0.7024658471058074,-19.500568055309753,1.2965373537460634,1.659341125573992,23.92871449031455,음봉,44.15740814208984,44.225904273986814,43.414195950826006,False,True,0,0.911428724016462,0.06951094541062466,False,51.162792806065205,0.32701010358993443,-0.0560401093090529,-227.22831064989924
2018-06-04,54.790000915527344,55.16999816894531,54.59999847412109,54.83000183105469,44.71028518676758,10593700.0,0.0025600901373445,0.002556818688868,0.5699996948242259,51.67792308913664,WFC,,,,10593700.0,473647348.1830597,0.5319664606030211,-24.8684415823889,0.2560090137344595,1.2748737621403554,22.858237264729866,음봉,44.14599380493164,44.32457237243652,43.394270261128746,False,True,0,0.9171431405203688,0.06475701495170065,False,51.67792308913664,0.3369057754214566,-0.03691554998202462,-224.00316813758766
2018-06-05,54.61000061035156,54.93000030517578,54.290000915527344,54.5,44.44118118286133,11883900.0,-0.0060188389043399,-0.0060370251252265,0.6399993896484375,48.80838077943457,WFC,,,,11883900.0,528134553.05900574,0.602561906832991,12.178936537753572,-0.6018838904339963,1.440104364047039,22.1419196550191,음봉,44.398780822753906,44.39959239959717,43.34949124654134,False,True,0,0.8985718318394252,0.059321750480122504,False,48.80838077943457,0.31935242654000007,-0.043575119090784986,-231.60497419153225
2018-06-06,54.720001220703125,55.630001068115234,54.65999984741211,55.58000183105469,45.32185363769531,15848200.0,0.0198165852345439,0.0196227927294074,0.970001220703125,52.39362121263647,WFC,,,,15848200.0,718269800.8209229,0.8093920078873916,33.358577571336,1.9816585234543993,2.140250547687994,23.129043297809122,음봉,44.61894912719727,44.49703731536865,43.322222518920896,True,True,1,0.9135720389229911,0.05919184064055312,False,52.39362121263647,0.37221353220038367,0.007428789255678858,-206.7272276640912
2018-06-07,55.77000045776367,55.9900016784668,55.25,55.630001068115234,45.36261749267578,17299600.0,0.0008994304448872,0.0008990261997001,0.7400016784667969,56.70780207820993,WFC,,,,17299600.0,784755137.576294,0.8831798841345573,9.158137832687618,0.08994304448872725,1.6313028642720564,23.05322042560584,음봉,44.886410522460935,44.573280334472656,43.30183849334717,True,True,1,0.9207150595528744,0.05909059243528543,False,56.70780207820993,0.41263899620965816,0.038283402611962614,-205.57570663476977
2018-06-08,55.560001373291016,55.77000045776367,54.97999954223633,55.68000030517578,45.40338897705078,12965900.0,0.0008987903835484,0.0008983867133301,0.7900009155273438,59.860468106995846,WFC,,,,12965900.0,588695801.1375427,0.6652161453245667,-25.050868228167122,0.08987903835484534,1.7399602393703497,22.47970783930556,음봉,45.047865295410155,44.615274620056155,43.294678624471025,True,True,1,0.9250008719308036,0.059034973205432925,False,59.860468106995846,0.44286135569743834,0.05480460967979417,-204.42397008588452
2018-06-11,55.790000915527344,56.11000061035156,55.5,55.5099983215332,45.264766693115234,13518400.0,-0.0030531263647657,-0.003057796663496,0.6100006103515625,55.17609455615143,WFC,,,,13518400.0,611907222.064209,0.692939417009634,4.261177396092819,-0.3053126364765735,1.3476278680220029,22.87629221626274,음봉,45.15876159667969,44.658492469787596,43.28251043955485,True,True,1,0.928572246006557,0.05897784264728392,False,55.17609455615143,0.4504348015269457,0.04990244440744118,-208.33985280013795
2018-06-12,55.63999938964844,55.95000076293945,55.09000015258789,55.380001068115234,45.15877914428711,13608300.0,-0.0023415021565602,-0.0023442477594622,0.8600006103515625,50.68357101183642,WFC,,,,13608300.0,614534214.2292023,0.6976624334967978,0.6650195289383376,-0.234150215656026,1.9043929589056625,22.921211031252867,음봉,45.30228118896484,44.695187950134276,43.281120491027835,True,True,0,0.9035720825195307,0.05892942087382215,False,50.68357101183642,0.4427804056005016,0.0337984387847976,-211.33385058028642
2018-06-13,55.38999938964844,55.93000030517578,55.13999938964844,55.15999984741211,44.97936630249024,14901100.0,-0.0039729338391462,-0.0039808469064736,0.7900009155273438,43.68818043496896,WFC,,,,14901100.0,670242035.2100374,0.7622734257337243,9.500084507249262,-0.3972933839146209,1.7563629292029532,22.65610461405852,음봉,45.23378372192383,44.71190414428711,43.28240598042806,True,True,0,0.849286488124302,0.05890738925473784,False,43.68818043496896,0.4174253056788899,0.0067546710905486695,-220.76744646233655
2018-06-14,55.33000183105469,55.34999847412109,54.47999954223633,54.7400016784668,44.63689804077149,18189100.0,-0.0076138969903581,-0.0076430306788621,0.8699989318847585,50.50090382874048,WFC,,,,18189100.0,811905002.1533967,0.9267767517041933,22.06548509841555,-0.7613896990358193,1.9490577752291356,23.01196388351828,음봉,45.08863983154297,44.6996732711792,43.28580722808838,True,True,0,0.8071433476039326,0.058923507690296015,False,50.500903828740476,0.36548380986896234,-0.03614945977550316,-230.63684534541116
2018-06-15,54.54999923706055,55.369998931884766,54.380001068115234,54.97999954223633,44.83259201049805,35715800.0,0.0043841301326048,0.0043745478305928,0.9899978637695312,50.57143105369066,WFC,,,,35715800.0,1601231889.7285461,1.8218348580769852,96.35825851746375,0.43841301326048576,2.2082101867715176,22.208311131374757,음봉,44.97448043823242,44.73065967559815,43.29395370483398,True,True,0,0.8450001307896196,0.058882689431582286,False,50.57143105369066,0.33623476304598654,-0.05231880527878319,-224.99725165999735
2018-06-18,54.5099983215332,55.22999954223633,54.43000030517578,55.08000183105469,44.91413879394531,17856700.0,0.0018189174390847,0.0018172652119661,0.7999992370605469,70.67982595583493,WFC,,,,17856700.0,802018302.2018433,0.910948782760049,-50.00335985754204,0.18189174390847995,1.7811746112526852,21.58564980755314,음봉,44.904354858398435,44.78692493438721,43.333944702148436,True,True,1,0.786428724016461,0.05880871583853214,False,70.67982595583493,0.31599226449335305,-0.058049043065133366,-310.10489720576874
2018-06-19,54.68000030517578,55.22999954223633,54.59999847412109,55.08000183105469,44.91413879394531,16654800.0,0.0,0.0,0.6300010681152415,60.98206957242818,WFC,,,,16654800.0,748035998.7854004,0.8567244077592231,-6.730806924011712,0.0,1.4026787221848487,21.743401462140387,음봉,44.85542678833008,44.80894241333008,43.394843610127765,True,True,1,0.7557146889822823,0.05877981938186756,False,60.98206957242818,0.2965317056331074,-0.06200768154030328,-384.6690545666523
2018-06-20,55.459999084472656,55.59000015258789,54.43999862670898,54.47999954223633,44.42486953735352,16545600.0,-0.0108934351126364,-0.0109532030251627,1.1500015258789134,55.791906747326536,WFC,,,,16545600.0,735036121.4172364,0.8528143444105004,-0.6556668347863726,-1.0893435112636407,2.58864356351562,23.480045646447945,음봉,44.74452743530274,44.77714099884033,43.42991746266683,False,True,0,0.7964289528982985,0.058821565713993676,False,55.791906747326536,0.23887552416965718,-0.09573109040300282,-538.5311137237265
2018-06-21,54.25,54.7599983215332,53.880001068115234,54.369998931884766,44.33517074584961,21191600.0,-0.0020191120973015,-0.002021153252142,0.8799972534179688,45.604305923086095,WFC,,,,21191600.0,939533204.3777466,1.102626813322296,28.079972923314966,-0.20191120973015453,1.984873946832265,22.116284335703597,음봉,44.68418197631836,44.70334415435791,43.4795482635498,False,True,0,0.8064286368233827,0.04979812865037672,False,45.604305923086095,0.1838256148783728,-0.12062479975542978,-428.01938482434434
2018-06-22,54.959999084472656,55.04999923706055,53.77999877929688,53.93999862670898,43.98453903198242,24015000.0,-0.0079086582496135,-0.0079400975588121,1.2700004577636648,38.6766466923309,WFC,,,,24015000.0,1056288704.8530579,1.2567569756493444,13.323203533475535,-0.7908658249613509,2.8873792603355715,23.964784977438434,음봉,44.51457138061524,44.67358131408692,43.51820939381917,False,True,0,0.856428691319057,0.04983130561325317,True,38.6766466923309,0.11062984421485567,-0.15505645633515752,-420.40566735866145
2018-06-25,53.77999877929688,54.13999938964844,53.09999847412109,53.959999084472656,44.0008430480957,21069600.0,0.0003706760710036,0.0003706073876011,1.0400009155273509,42.54130223517975,WFC,,,,21069600.0,927080162.6861572,1.107815631128724,-12.26483447845097,0.03706760710036061,2.36359315750056,22.270233956963605,음봉,44.331912231445315,44.63525562286377,43.54459737141927,False,True,0,0.8850002288818365,0.04987409284960993,False,42.54130223517975,0.05332259675571294,-0.16989096303544018,-302.29730791555363
2018-06-26,53.900001525878906,53.93999862670898,53.02000045776367,53.43000030517578,43.56865692138672,14409100.0,-0.0098222237750439,-0.009870780030213,0.9199981689453054,14.98308545654008,WFC,,,,14409100.0,627785134.4459534,0.7635148757308928,-31.611895811975543,-0.9822223775043937,2.111605530106902,22.497656390271427,음봉,44.0628158569336,44.654826164245605,43.578080813090004,False,False,0,0.8814285823277065,0.041086982377127754,False,14.983085456540081,-0.02666029494267974,-0.19989908378706628,-305.8687077559334
2018-06-27,53.2400016784668,53.93999862670898,53.060001373291016,53.27999877929688,43.44635009765625,19520900.0,-0.0028072204280051,-0.0028111680609189,0.8799972534179616,12.93343132393548,WFC,,,,19520900.0,848111855.6213379,1.0377164035016588,35.47619212858542,-0.2807220428005186,2.0254802795630784,22.197940998113868,음봉,43.86711196899414,44.61609306335449,43.59967854817708,False,False,0,0.8914282662527897,0.043863968021932175,False,12.93343132393548,-0.09877780235503764,-0.21761327295953933,-309.82685719576557
2018-06-28,53.54999923706055,53.86000061035156,53.02000045776367,53.630001068115234,43.731746673583984,13837300.0,0.0065689425069364,0.006547461026529,0.8400001525878906,20.4607256152062,WFC,,,,13837300.0,605129298.2463837,0.7379900830375447,-29.115460865021593,0.6568942506936404,1.9208017435427291,23.255461314227514,음봉,43.74642715454102,44.60141487121582,43.614836819966634,False,True,0,0.8949996403285431,0.043878403522519975,False,20.4607256152062,-0.13138777159436188,-0.20017859375909086,-300.5907225085645
2018-06-29,55.619998931884766,57.119998931884766,55.40999984741211,55.43999862670898,45.20768737792969,43888500.0,0.0337498686106045,0.033192840255978,1.7099990844726562,49.31507727180762,WFC,,,,43888500.0,1984097587.486267,2.300738281420646,217.17531599372708,3.3749868610604583,3.782540500639444,27.184489901661852,음봉,43.99105682373047,44.63199348449707,43.64987322489421,False,True,0,0.9735709599086212,0.043848341214566385,True,49.31507727180762,-0.037700736644957544,-0.08519324704774921,-190.5442923733939
2018-07-02,55.20000076293945,56.380001068115234,55.06999969482422,56.31999969482422,45.92526245117188,21204900.0,0.0158728551461473,0.0157481987526154,1.3100013732910156,58.020240500639936,WFC,,,,21204900.0,973840597.7508546,1.107410124542416,-51.68460986363171,1.5872855146147336,2.8524635535481586,22.103128836198763,음봉,44.3759407043457,44.692742347717285,43.71076291402181,False,True,0,1.0057138715471534,0.055465657807016275,False,58.020240500639936,0.09337288047312597,0.03670429605626744,-173.04245480512455
2018-07-03,56.43000030517578,56.630001068115234,55.43000030517578,55.560001373291016,45.30554962158203,12830400.0,-0.013493942037865,-0.0135858126745258,1.2000007629394531,53.125121065684965,WFC,,,,12830400.0,581288323.8647461,0.6717968719937281,-39.49323033827087,-1.3493942037865025,2.6486838212151684,22.87354996647569,음봉,44.72331924438477,44.73596076965332,43.76105422973633,False,True,0,1.0349995749337328,0.05541207366216229,False,53.125121065684965,0.14556602564994137,0.07111795298646625,-188.15740749355686
2018-07-05,55.91999816894531,56.08000183105469,55.04999923706055,55.2400016784668,45.04460144042969,16788600.0,-0.0057597398846704,-0.0057763911552148,1.0300025939941406,53.96813963728811,WFC,,,,16788600.0,756235795.7427979,0.8788283637865301,30.85016835016836,-0.575973988467049,2.286628277433628,23.428583553276034,음봉,45.04296951293945,44.722098159790036,43.80200564066569,True,True,1,1.0464284079415458,0.0554292498678973,False,53.96813963728811,0.1639828397489751,0.07162781366839997,-194.52199964644257
2018-07-06,55.29999923706055,56.130001068115234,55.02999877929688,55.88999938964844,45.57463073730469,12389100.0,0.0117667662700036,0.0116980761907724,1.1000022888183525,56.78088700462164,WFC,,,,12389100.0,564628657.6675415,0.654266769313408,-26.205282155748545,1.1766766270003615,2.4136285275877305,22.767207320489575,음봉,45.411546325683595,44.73269882202148,43.861098225911455,True,True,1,1.0542858668736044,0.05541611435917403,False,56.78088700462164,0.2188247566456596,0.10117578445206754,-181.59445100903434
2018-07-09,56.18999862670898,56.970001220703125,56.0099983215332,56.77000045776367,46.29222106933594,16684000.0,0.0157453899334365,0.0156227172915321,0.960002899169922,61.28171945226559,WFC,,,,16684000.0,772339416.3208008,0.8813369793397812,34.66676352600268,1.5745389933436549,2.0737888072642723,23.292274051746027,음봉,45.62845306396484,44.77714042663574,43.921764055887856,True,True,1,1.0657146998814169,0.06355633576785573,False,61.28171945226559,0.31654201424361617,0.1591144336400193,-164.09224127503978
2018-07-10,57.060001373291016,57.08000183105469,56.34000015258789,56.619998931884766,46.16990280151367,15581400.0,-0.0026423071737918,-0.0026458042289465,0.7400016784667969,60.07851167051303,WFC,,,,15581400.0,719391723.5115051,0.8224114075305955,-6.608726923999042,-0.264230717379188,1.6027793726317658,23.26045295564286,음봉,45.677381134033205,44.822397232055664,44.004806454976396,True,True,1,1.0735718863350994,0.06349216345895048,False,60.07851167051303,0.37973622017934616,0.17784691166059938,-167.07561477125762
2018-07-11,56.400001525878906,56.75,55.97999954223633,56.06999969482422,45.72142028808594,15641400.0,-0.0097137417714691,-0.009761227923438,0.7700004577636719,60.47443327677237,WFC,,,,15641400.0,715147023.2940674,0.8249091699184063,0.38507451191804876,-0.9713741771469109,1.6841131638343225,22.15750543886751,음봉,45.760555267333984,44.85052928924561,44.08158804575602,True,True,0,1.0464289528982964,0.06345233861848937,False,60.47443327677237,0.3891434890557903,0.14980334442963478,-178.0142167307102
2018-07-12,56.459999084472656,56.47999954223633,55.59999847412109,56.02999877929688,45.68878555297852,18236100.0,-0.0007137734327102,-0.0007140282902478,0.8800010681152415,61.0371997944612,WFC,,,,18236100.0,833185262.2226716,0.9631468418908248,16.588668533507224,-0.07137734327102851,1.9260767329760484,23.486975532964735,음봉,45.88939208984375,44.88600025177002,44.16092840830485,True,True,0,1.0464292253766732,0.06340219568945585,False,61.037199794461195,0.3894758320808336,0.12010854996374237,-178.81018617590397
2018-07-13,54.7400016784668,55.790000915527344,53.630001068115234,55.36000061035156,45.1424560546875,34323400.0,-0.0119576279316403,-0.0120296954450117,2.1599998474121094,59.14950900750729,WFC,,,,34323400.0,1549442576.147461,1.809362962591075,88.21677880687209,-1.1957627931640347,4.784852301335561,19.810585936877047,음봉,45.802957153320314,44.91127815246582,44.233591143290205,True,True,0,1.110000610351562,0.06336651034554083,True,59.14950900750729,0.341715903452382,0.057878897068232626,-192.13530084946825
2018-07-16,55.7400016784668,57.22999954223633,55.630001068115234,56.9900016784668,46.47159576416016,25538700.0,0.0294432298469202,0.0290181025431257,1.5999984741210938,66.16859758304687,WFC,,,,25538700.0,1186824142.7421572,1.353456759767156,-25.593909694261065,2.944322984692027,3.4429600443267865,23.47578432804138,음봉,45.83883209228516,44.993228340148924,44.312893803914385,True,True,1,1.1500004359654008,0.06723779951136309,False,66.16859758304687,0.406431196553811,0.09807535213572927,-155.54408830527717
2018-07-17,56.95000076293945,57.02999877929688,56.43000030517578,56.560001373291016,46.120975494384766,21649000.0,-0.0075448295676087,-0.0075734357709956,0.5999984741211009,66.88259158347007,WFC,,,,21649000.0,998472998.4779358,1.1510527435133986,-15.230610798513633,-0.7544829567608713,1.3009232083440012,22.547977590346594,음봉,45.829046630859374,45.0535701751709,44.372593943278,True,True,1,1.127143314906529,0.06714774555582571,False,66.88259158347007,0.4245326588414571,0.09294145153870026,-163.87236255760556
2018-07-18,56.2599983215332,56.81999969482422,56.13999938964844,56.56999969482422,46.1291389465332,19913900.0,0.0001770008561381,0.0001769851933347,0.6800003051757812,68.01767342289595,WFC,,,,19913900.0,918611060.0673676,1.0598207139913742,-8.014688900180145,0.01770008561381431,1.4741231263040648,21.983539416643225,음봉,45.91059036254883,45.11432018280029,44.431755765279135,True,True,1,1.112857818603516,0.06705732579468814,False,68.01767342289595,0.43452795272720834,0.08234939633956118,-163.678456288634
2018-07-19,56.2599983215332,56.880001068115234,56.02000045776367,56.33000183105469,45.93342971801758,22219400.0,-0.0042426377986908,-0.004251663323504,0.8600006103515625,64.96685890919646,WFC,,,,22219400.0,1020613248.2765198,1.183979033466204,11.577340450640005,-0.4242637798690829,1.8722760647986705,21.961952046714664,음봉,45.95951919555664,45.189748191833495,44.489004898071286,True,True,0,1.1142864227294926,0.06694539774068985,False,64.96685890919646,0.4217950057449613,0.055693159485851296,-213.79373923142296
2018-07-20,56.06999969482422,56.65999984741211,55.84999847412109,56.40999984741211,45.998661041259766,17250400.0,0.0014201274244627,0.0014191199971824,0.8100013732910227,56.65300443878016,WFC,,,,17250400.0,793495302.4261475,0.930136255061711,-22.363340144198318,0.1420127424462736,1.7609238072483668,22.067957997115396,음봉,46.130760192871094,45.27292270660401,44.53924751281738,True,True,0,1.0500008719308045,0.06682240698506124,False,56.65300443878016,0.41221590776115846,0.03689124920163872,-211.98175726223297
2018-07-23,56.38999938964844,58.09000015258789,56.29999923706055,58.0,47.295196533203125,24584100.0,0.028186374616,0.0277964488650205,1.7900009155273438,60.50008128265186,WFC,,,,24584100.0,1162709841.091919,1.3178295609201163,42.51321708482123,2.8186374616000043,3.7847414679219935,22.590523535169588,음봉,46.29548034667969,45.43845558166504,44.620136706034344,True,True,1,1.0842865535191137,0.0847046050812504,True,60.50008128265186,0.5034406319714861,0.10249277872957313,-142.03600527557344
2018-07-24,58.0,58.68999862670898,57.84999847412109,58.34999847412109,47.58061218261719,27245000.0,0.0060347703431931,0.0060166340456626,0.8400001525878906,68.37944883287473,WFC,,,,27245000.0,1296333778.9154053,1.4552751120981562,10.823662448493131,0.6034770343193108,1.7654252731426,22.63401836015561,음봉,46.58740768432617,45.61744403839111,44.70686200459798,True,True,1,1.0585722242082878,0.09062897258078709,False,68.37944883287473,0.5919439790186161,0.15279690062136242,-119.55319771299004
2018-07-25,58.09999847412109,58.5,57.84999847412109,58.22999954223633,47.48274993896485,15531100.0,-0.002056767224363,-0.0020588852747934,0.6500015258789134,70.23003160101695,WFC,,,,15531100.0,737459337.577057,0.8334335312305687,-42.994677922554594,-0.20567672243630986,1.3689214013814208,22.108556004134364,음봉,46.858129882812506,45.81314868927002,44.79735196431478,True,True,1,1.031429290771486,0.09024182365202132,False,70.23003160101695,0.6467317331486058,0.16606772380108165,-121.48723508196329
2018-07-26,58.470001220703125,58.72999954223633,58.20000076293945,58.310001373291016,47.54798126220703,14165300.0,0.0013737899200452,0.0013728471340341,0.529998779296875,67.74192442031153,WFC,,,,14165300.0,673531418.9735413,0.7619982760527156,-8.793968231483928,0.13737899200452208,1.1146609492717592,23.139458636792263,음봉,47.18104019165039,46.018230247497556,44.88083553314209,True,True,1,0.9907147543770947,0.08363784283604653,False,67.74192442031153,0.6874900878606596,0.1654608628105083,-119.25532599215818
2018-07-27,58.380001068115234,58.900001525878906,58.15999984741211,58.630001068115234,47.80893325805664,17662900.0,0.0054881824406081,0.0054731772431625,0.7400016784667969,64.85625271364057,WFC,,,,17662900.0,844444407.2437286,0.9458181375886829,24.691323162940428,0.5488182440608114,1.5478313947573672,22.781240167009802,음봉,47.543094635009766,46.22208957672119,44.97365932464599,True,True,1,0.9750003814697286,0.059805427295505746,False,64.85625271364057,0.7324053103055661,0.16830086820433188,-110.45668509351074
2018-07-30,58.83000183105469,59.27000045776367,58.29999923706055,58.4900016784668,47.69475936889648,22699900.0,-0.00238812877384,-0.0023909849014667,0.970001220703125,64.95989556980018,WFC,,,,22699900.0,1082666268.198013,1.209731951960716,28.51740087981023,-0.23881287738400925,2.0337689791044395,23.05232060608841,음봉,47.623007202148436,46.34644317626953,45.06811364491781,True,True,1,0.9914289202008949,0.05964496147230466,False,64.95989556980018,0.7501409115438591,0.1488291755540998,-105.23479328937877
2018-07-31,58.61000061035156,58.709999084472656,57.20000076293945,57.290000915527344,46.71624755859375,21633800.0,-0.0205161284646474,-0.0207295077511247,1.5099983215332031,58.84053490409205,WFC,,,,21633800.0,1010649956.4331055,1.1454271097057493,-4.69649646033683,-2.0516128464647454,3.232276564249496,22.885619690479704,음봉,47.45013427734375,46.385992431640624,45.134435717264815,True,True,0,1.0442859104701472,0.059594107460366814,False,58.84053490409205,0.6774297890534982,0.06089444245099107,-122.58429534958593
2018-08-01,57.959999084472656,58.27999877929688,57.209999084472656,57.650001525878906,47.009803771972656,19192700.0,0.0062838140629919,0.006264153223789,1.069999694824226,61.218967768271,WFC,,,,19192700.0,902245060.8543396,1.0137983856565407,-11.28373193798593,0.6283814062991944,2.276120317401031,24.068182085422112,음봉,47.35554504394531,46.471205139160155,45.20225276947021,True,True,0,1.0578572409493603,0.0594848317221177,False,61.218967768271,0.6361599774681466,0.015699704692511585,-117.37939738598517
2018-08-02,57.08000183105469,58.45000076293945,57.08000183105469,58.290000915527344,47.531681060791016,13489100.0,0.0111014564398055,0.0110402875649805,1.3699989318847656,70.37551766653979,WFC,,,,13489100.0,641159598.9971161,0.7159602377847198,-29.717548859722708,1.1101456439805535,2.882285880300751,21.421484990511498,음봉,47.35228500366211,46.59555912017822,45.2715648651123,True,True,1,1.0014286041259786,0.05722599435907234,False,70.37551766653979,0.6382076298643611,0.014197885670980792,-222.48135618798494
2018-08-03,58.060001373291016,58.93000030517578,58.02999877929688,58.83000183105469,47.97201156616211,13720400.0,0.0092639371371681,0.0092212900557803,0.9000015258788991,65.08206992758147,WFC,,,,13720400.0,658195187.4923706,0.7300452637502587,1.7147178091940996,0.926393713716811,1.876097116831621,22.15011141523634,음봉,47.384900665283205,46.71542816162109,45.34046910603841,True,True,1,0.951428822108679,0.06057004340590036,False,65.08206992758147,0.667664974707364,0.03492418441118694,-230.35036077868787
2018-08-06,58.58000183105469,59.02999877929688,58.18999862670898,58.88999938964844,48.02092742919922,13360500.0,0.0010196750446798,0.0010191555292094,0.8400001525879048,70.33136058925972,WFC,,,,13360500.0,641583600.9178162,0.7126400570036524,-2.623101367307079,0.10196750446798131,1.7492376710682624,22.11287356641744,음봉,47.45013427734375,46.801863479614255,45.39809284210205,True,True,1,0.9685717991420221,0.06150334966396179,False,70.33136058925972,0.68703749350518,0.04343736256720232,-228.92007321537454
2018-08-07,58.93999862670898,59.15999984741211,58.70000076293945,58.81999969482422,47.9638557434082,13810900.0,-0.0011884752928847,-0.0011891820897082,0.4599990844726562,69.42990110529384,WFC,,,,13810900.0,662424015.2866364,0.7410404363356391,3.3711313199356274,-0.11884752928847941,0.9590535984711261,22.73815143118289,음봉,47.69965591430664,46.891561126708986,45.45748360951742,True,True,1,0.9528574262346561,0.06138570150679349,False,69.42990110529384,0.6898331786710798,0.03698643818648173,-230.58883498989928
2018-08-08,58.7599983215332,59.5,58.7599983215332,59.18999862670898,48.26557540893555,13778600.0,0.0062905631928644,0.0062708601857267,0.7400016784667969,74.15537310248374,WFC,,,,13778600.0,665032057.3295593,0.7408899657136926,-0.23387324504557938,0.6290563192864473,1.5331873124831703,22.508913036268442,음봉,47.950810241699216,47.018768882751466,45.52149537404378,True,True,1,0.9442860739571728,0.06642282281010006,False,74.15537310248374,0.708230988758551,0.04430739861916222,-207.7923258774317
2018-08-09,58.650001525878906,58.900001525878906,58.400001525878906,58.43999862670898,48.00272750854492,15859500.0,-0.0054458669178522,-0.0054607497088212,0.5,69.94095381826413,WFC,,,,15859500.0,761299256.9217682,0.8563192452757743,15.102405179045775,-0.5445866917852205,1.0416074793062444,21.515181428917266,음봉,48.04501953125,47.13446598052978,45.57745679219564,True,True,0,0.9221431187220998,0.06625978016889253,False,69.94095381826413,0.6936062953342912,0.0237461641559219,-259.28967969663626
2018-08-10,57.380001068115234,58.41999816894531,57.380001068115234,58.04999923706055,47.682373046875,16170100.0,-0.0066736720660903,-0.0066960405911922,1.039997100830078,54.781349458343634,WFC,,,,16170100.0,771028740.4052734,0.8717851884466136,1.9584476181468524,-0.6673672066090375,2.1810934195906957,19.534876550298257,음봉,47.987091827392575,47.26146183013916,45.624137751261394,True,True,0,0.8685714176722951,0.04934561058013515,False,54.781349458343634,0.648688515277982,-0.01693729272030986,-388.33206176661605
2018-08-13,57.65999984741211,58.11000061035156,57.560001373291016,57.61000061035156,47.32096099853516,19541100.0,-0.0075795734407879,-0.0076084443863824,0.5499992370605469,46.85257320844623,WFC,,,,19541100.0,924703630.9684755,1.0474926453226805,20.847119065435592,-0.7579573440787968,1.162274022874498,20.925189253329375,음봉,47.84709854125977,47.30393009185791,45.67593936920166,True,True,0,0.847857066563199,0.049301309349757065,False,46.85257320844623,0.5772734698930435,-0.07068187048419872,-403.2664552292916
2018-08-14,57.66999816894531,58.2599983215332,57.66999816894531,58.06999969482422,47.69880294799805,14860400.0,0.0079846634871718,0.0079529547389583,0.5900001525878906,52.4524742983187,WFC,,,,14860400.0,708823291.3284302,0.7966742396534614,-23.95310397060555,0.7984663487171861,1.2369286357796394,21.869879546044103,음봉,47.794087982177736,47.38282146453857,45.741105524698895,True,True,0,0.8435712541852689,0.04921922373625118,False,52.4524742983187,0.5448841343503901,-0.08245696482148179,-387.6531397189102
2018-08-15,57.68000030517578,58.25,57.650001525878906,57.9900016784668,47.63309097290039,17378400.0,-0.0013776441134024,-0.0013785939375006,0.5999984741210938,50.96599720994755,WFC,,,,17378400.0,827786908.1634521,0.930930301767752,16.944362197518224,-0.13776441134024653,1.259625319008685,20.925467182183557,음봉,47.6675910949707,47.45801906585693,45.79376055399577,True,True,0,0.8485712323869988,0.04914123549239756,False,50.96599720994755,0.5080563875858175,-0.09542776926884355,-390.36851264525814
2018-08-16,58.13999938964844,58.810001373291016,58.04999923706055,58.65999984741211,48.18342971801758,19992500.0,0.0115537063389459,0.0114874719540936,0.7600021362304688,53.98853315001976,WFC,,,,19992500.0,963307218.6374664,1.072449331387782,15.042236339363813,1.1553706338945924,1.5773101679938644,22.058002540136812,음봉,47.703731536865234,47.570519065856935,45.84580275217692,True,True,1,0.8499998365129754,0.047653765655519764,False,53.98853315001976,0.5173145897301978,-0.06893565369957055,-367.6272249790349
2018-08-17,58.5099983215332,59.040000915527344,58.5099983215332,58.86000061035156,48.34769058227539,13737600.0,0.0034090737255341,0.0034032760065321,0.5300025939941406,56.88056355964918,WFC,,,,13737600.0,664181234.1430664,0.7418187428483267,-31.286232337126417,0.34090737255341175,1.0962314592714866,21.431784046817523,음봉,47.836795043945315,47.68797054290771,45.88807913462321,True,True,1,0.8185713631766193,0.034210787439858316,False,56.88056355964918,0.5317762747159733,-0.04357917497103603,-360.83958082435356
2018-08-20,58.810001373291016,59.209999084472656,58.66999816894531,59.02999877929688,48.487335205078125,11403400.0,0.0028883411207634,0.0028841778781983,0.5400009155273438,72.6720473794419,WFC,,,,11403400.0,552920478.2775879,0.6158203732737184,-16.991323084090382,0.2888341120763416,1.1136947684243719,21.6397322499023,음봉,48.07006988525391,47.74757747650146,45.95320479075114,True,True,1,0.7492858341762008,0.037092722606838005,False,72.6720473794419,0.5481862681937457,-0.021735345194610955,-355.0691374994483
2018-08-21,59.0,59.52999877929688,58.93999862670898,58.959999084472656,48.42984771728516,17943500.0,-0.0011856186270047,-0.0011863220288015,0.5900001525879048,69.34762271054677,WFC,,,,17943500.0,869000972.5151063,0.9685541343159271,57.352193205535194,-0.11856186270047253,1.2182572946173587,21.681259137996253,음봉,48.216278839111325,47.790039253234866,46.01424630482992,True,True,1,0.7150001525878922,0.03705976546910854,False,69.34762271054677,0.5502100672689778,-0.015769236895503136,-353.06795463462805
2018-08-22,59.040000915527344,59.5,58.83000183105469,59.16999816894531,48.60234832763672,20829600.0,0.0035618656362197,0.0035555372156849,0.6699981689453125,66.1223781727027,WFC,,,,20829600.0,1012367474.7253418,1.1269823630215514,16.084375957867756,0.3561865636219741,1.3785304455429614,21.9082935386875,음봉,48.41013031005859,47.846019172668456,46.104664675394694,True,True,1,0.6650000980922169,0.03942022349312572,False,66.1223781727027,0.5592861970879568,-0.0053544856612193215,-408.2633527853516
2018-08-23,59.0,59.04999923706055,58.56999969482422,58.619998931884766,48.15056610107422,19655600.0,-0.0092954814347027,-0.0093389540311198,0.4799995422363281,52.67947815235252,WFC,,,,19655600.0,946428267.0562744,1.0680659106356112,-5.6362100088335865,-0.9295481434702713,0.9968720642427079,21.39331129078566,음봉,48.40355758666992,47.87614841461182,46.170157241821286,True,True,0,0.6349999564034619,0.039395415702808086,False,52.679478152352516,0.5239838853162055,-0.03252543794637652,-429.2765019721105
2018-08-24,58.900001525878906,58.91999816894531,58.66999816894531,58.68999862670898,48.20806503295898,14366600.0,0.0011941486163227,0.0011934361879709,0.25,52.801064309654656,WFC,,,,14366600.0,692585987.1025084,0.7829462427186137,-26.908361993528562,0.1194148616322721,0.5185854272082473,22.324629376610535,음봉,48.37563247680664,47.896105003356936,46.23986981709798,True,True,0,0.5928570883614687,0.039379001046343454,False,52.801064309654656,0.4949408619950617,-0.049254769014016264,-426.6021302001909
2018-08-27,58.869998931884766,59.47999954223633,58.7599983215332,59.09999847412109,48.54484558105469,19915200.0,0.0069859793763855,0.006961690478013,0.720001220703125,58.02431799909175,WFC,,,,19915200.0,966780308.7158203,1.0964182431215497,38.62152492586972,0.6985979376385565,1.4831671871341077,22.116494183362096,음봉,48.38713455200195,47.93860931396485,46.305681991577146,True,True,1,0.6114286695207879,0.0393440860307463,False,58.02431799909175,0.49341168958874704,-0.04062715313626475,-410.9379019852402
2018-08-28,59.18999862670898,59.33000183105469,58.9900016784668,59.06999969482422,48.52019882202149,19330200.0,-0.0005077111429274,-0.0005078400718707,0.3400001525878906,53.80818278912263,WFC,,,,19330200.0,937905147.2694398,1.0615083410337125,-2.937454808387563,-0.050771114292746944,0.7007394051187964,21.928492959937877,음봉,48.40520477294922,48.02880687713623,46.369180552164714,True,True,1,0.5828571319580088,0.03315811195847511,False,53.808182789122625,0.48462457157444305,-0.03953141692045503,-412.08426409088406
2018-08-29,59.04999923706055,59.18000030517578,58.81999969482422,58.959999084472656,48.42984771728516,14436600.0,-0.0018621338520838,-0.0018638697786786,0.3600006103515625,56.73561072095904,WFC,,,,14436600.0,699162339.555359,0.7949123486901204,-25.315827047831885,-0.18621338520838915,0.7433445020374784,21.701890492377736,음봉,48.370704650878906,48.099809074401854,46.435658327738444,True,True,1,0.572857175554549,0.026640174956193214,False,56.73561072095904,0.46500979472872217,-0.04731695501294075,-416.28664552907964
2018-08-30,58.66999816894531,59.08000183105469,58.43000030517578,58.459999084472656,48.01913833618164,14800900.0,-0.0084805011880501,-0.008516665242941,0.6500015258789062,55.16357974505264,WFC,,,,14800900.0,710726464.5999908,0.8144727478739091,2.5234473490988174,-0.8480501188050105,1.353630132486448,21.144296202288746,음봉,48.34441909790039,48.12418193817139,46.48061307271322,True,True,0,0.5450003487723224,0.026626682833753853,False,55.163579745052644,0.4115796936392968,-0.08059764488189292,-484.3084060934527
2018-08-31,58.27000045776367,58.540000915527344,58.06999969482422,58.47999954223633,48.03557205200195,16720200.0,0.0003422326261928,0.0003421740779652,0.470001220703125,62.25332250143572,WFC,,,,16720200.0,803164371.823883,0.9151916557093928,12.967454681809887,0.03422326261928177,0.9784441001229567,21.34745119709525,음봉,48.30992050170899,48.12735996246338,46.525162315368654,True,True,0,0.5392862047467923,0.026624924577225203,False,62.25332250143572,0.3663390881373587,-0.10067060030706487,-511.40657021690856
2018-09-04,58.45000076293945,58.95000076293945,58.06999969482422,58.79999923706055,48.29842758178711,19003700.0,0.0054721015813155,0.0054571840289547,0.8800010681152344,60.703750411976095,WFC,,,,19003700.0,917848828.2360077,1.0337857791206606,13.657133287879342,0.5472101581315503,1.8220076970933825,21.680659282381676,음봉,48.26063690185547,48.141234970092775,46.57341295878093,True,True,1,0.5600005558558883,0.026617250884768608,True,60.703750411976095,0.3476878971641497,-0.09545743302421916,-497.4248726741454
2018-09-05,58.880001068115234,59.20000076293945,58.810001373291016,58.95000076293945,48.42163848876953,22332300.0,0.002551033504637,0.002547785141948,0.3899993896484375,63.79302291753139,WFC,,,,22332300.0,1081366557.2227478,1.208094919609885,17.51553644816535,0.25510335046370347,0.8054237770968663,21.90873288454289,음봉,48.24092483520508,48.16412410736084,46.626027488708495,True,True,1,0.5450006212506986,0.026604601513052807,False,63.79302291753139,0.33894167576590917,-0.08336292353796781,-650.5651166447119
2018-09-06,58.90999984741211,59.15999984741211,57.93000030517578,57.93000030517578,47.58381271362305,20756900.0,-0.0173027142677297,-0.0174541556687861,1.229999542236328,40.470133454265856,WFC,,,,20756900.0,987692442.1154022,1.1195480147631045,-7.054356246333782,-1.730271426772978,2.5849117002013258,21.66048420909002,음봉,48.07171783447266,48.130035972595216,46.66644471486409,False,True,0,0.5785718645368314,0.026623444242409564,True,40.470133454265856,0.2613915353337646,-0.12873045117608994,-646.6373411534673
2018-09-07,57.91999816894531,58.06999969482422,57.34999847412109,57.400001525878906,47.14846420288086,21482400.0,-0.0091490884381685,-0.009191198389693,0.7200012207031321,32.45244851892116,WFC,,,,21482400.0,1012862167.3919678,1.1502916757149104,3.495223275151882,-0.9149088438168529,1.527093687728515,21.72206232722301,음봉,47.8975830078125,48.08732280731201,46.70259634653727,False,True,0,0.5921431950160451,0.03023424969157955,False,32.45244851892116,0.1629254012569632,-0.18175726820231308,-467.96022216233473
2018-09-10,57.619998931884766,57.84000015258789,57.310001373291016,57.459999084472656,47.197750091552734,15623000.0,0.0010453339150093,0.0010447879339676,0.529998779296875,30.61775366681222,WFC,,,,15623000.0,737370449.6803284,0.8350518691394125,-27.275350984992365,0.10453339150093832,1.1229322971302653,22.20970482504937,음봉,47.730018615722656,48.0630916595459,46.74527721405029,False,True,0,0.5914287567138687,0.03024949237669568,False,30.61775366681222,0.08785450782865922,-0.20546252930449366,-455.5073467374835
2018-09-11,57.400001525878906,57.560001373291016,57.31999969482422,57.380001068115234,47.13202667236328,22160300.0,-0.0013925116994341,-0.0013934821448596,0.2400016784667968,30.54214069852817,WFC,,,,22160300.0,1044459850.667572,1.175939406686258,41.844076041733345,-0.1392511699434107,0.5092114543156835,21.61596985986866,음봉,47.49673843383789,48.0536449432373,46.78360112508138,False,True,0,0.5664288657052181,0.030597505288313395,False,30.542140698528172,0.02279419597281418,-0.21641827292827095,-464.74799466987173
2018-09-12,57.33000183105469,57.38999938964844,55.79999923706055,55.93999862670898,45.94922637939453,23868800.0,-0.0250954685481901,-0.0254157292381015,1.5900001525878906,19.47103018044355,WFC,,,,23868800.0,1096752894.6044922,1.2571056150213202,7.709733171482336,-2.5095468548190114,3.4603415070790184,21.637039352418032,음봉,47.00225601196289,47.96616611480713,46.800852584838864,False,False,0,0.6321432931082595,0.055312362090643934,True,19.47103018044355,-0.12279318507383152,-0.28960452317993335,-267.6840228467176
2018-09-13,56.0099983215332,56.25,54.9900016784668,55.0,45.17709732055664,26954800.0,-0.0168039621050974,-0.0169467505442672,1.2599983215332031,18.134121084919045,WFC,,,,26954800.0,1217739622.8561401,1.409309487876503,12.929011931894351,-1.6803962105097492,2.789020092620856,21.895410945700544,음봉,46.52091293334961,47.84336643218994,46.80523522694906,False,False,0,0.6878574916294647,0.07159301827004179,True,18.134121084919045,-0.29705236084304687,-0.3710909591593189,-218.55031239751713
2018-09-14,55.18999862670898,55.560001373291016,54.70000076293945,54.72999954223633,44.955322265625,20997600.0,-0.0049090151445105,-0.0049211039382966,0.8600006103515625,16.326849761042297,WFC,,,,20997600.0,943953874.8046875,1.1114178851862317,-22.10070191579978,-0.4909015144510587,1.9130117792730412,22.16366676925972,음봉,46.08228454589844,47.68196105957031,46.81407610575358,False,False,0,0.7314289637974335,0.07648649470300507,False,16.326849761042297,-0.4478864503907545,-0.4175400389656212,-203.86361895154855
2018-09-17,54.75,54.7599983215332,53.93999862670898,54.310001373291016,44.610328674316406,21959500.0,-0.0076741434366802,-0.0077037411976353,0.8199996948242259,9.338109370515554,WFC,,,,21959500.0,979620512.5236511,1.1583390833801583,4.58099973330286,-0.767414343668027,1.8381386535184303,21.787582072044184,음봉,45.56480026245117,47.495092964172365,46.818662071228026,False,False,0,0.7385717119489408,0.08405120201220931,False,9.338109370515554,-0.5884780440679549,-0.4465053061142572,-173.09210400599557
2018-09-18,54.25,54.70000076293945,54.040000915527344,54.5,44.766387939453125,22055200.0,0.0034982765152,0.0034921717791387,0.6599998474121094,12.231514709551108,WFC,,,,22055200.0,987331639.2822266,1.1581503802703672,0.4358022723650379,0.34982765152000717,1.4743200820775715,21.60860861631235,음봉,45.09167251586914,47.30904560089111,46.83169288635254,False,False,0,0.7614288330078135,0.08438174143265996,False,12.231514709551107,-0.6794726784301517,-0.4299999523811632,-174.40317417494478
2018-09-19,54.4900016784668,55.45000076293945,54.27999877929688,55.220001220703125,45.35780334472656,17046200.0,0.0132111486428909,0.013124642482883,1.170001983642571,21.922059918721143,WFC,,,,17046200.0,773178187.3748779,0.8947472216160929,-22.711197359352898,1.3211148642890969,2.579494370021336,21.720791394125726,음봉,44.97338790893555,47.155443382263186,46.854308891296384,False,False,0,0.8192860739571712,0.08465660307674788,False,21.922059918721146,-0.6958430556045911,-0.35709626364448205,-163.15953985776807
2018-09-20,55.630001068115234,55.810001373291016,54.9900016784668,55.54999923706055,45.62887573242188,20308000.0,0.0059763120721505,0.0059585247523591,0.8199996948242188,27.58118057548252,WFC,,,,20308000.0,926631208.3740236,1.0667429298485729,19.135056493529355,0.5976312072150547,1.7971069452442434,22.647035274875034,음봉,45.063743591308594,47.00676975250244,46.88864587148031,False,False,0,0.8314288003104079,0.08370106960027442,False,27.58118057548252,-0.6791150061603801,-0.27229457136021673,-158.0060745040528
2018-09-21,55.75,55.810001373291016,54.91999816894531,54.9900016784668,45.16888427734375,36158500.0,-0.0100811481259285,-0.0101323070170136,0.8900032043457031,25.17798548898864,WFC,,,,36158500.0,1633239102.142334,1.8803032441628098,78.05052196178846,-1.008114812592853,1.9703900563072345,22.18140180996502,음봉,45.10645599365235,46.85768566131592,46.9173547744751,False,False,0,0.8614289419991634,0.08396737592156588,False,25.17798548898864,-0.6949642572156165,-0.23051505793236243,-166.75115564973805
2018-09-24,54.79999923706055,55.15999984741211,54.2400016784668,54.2599983215332,44.56925582885742,19604700.0,-0.0132752548148968,-0.0133641587012402,0.9199981689453124,19.48933540570408,WFC,,,,19604700.0,873766889.7480011,1.0207118129976667,-45.78121326935576,-1.3275254814896886,2.0641990803661523,21.32245485759688,음봉,45.09824142456055,46.67574520111084,46.93131326039632,False,False,0,0.8642858777727405,0.08517463909933783,False,19.489335405704082,-0.7472955494348383,-0.22627708012126735,-178.1509314094499
2018-09-25,54.29999923706055,54.68999862670898,54.20000076293945,54.22999954223633,44.544620513916016,15207400.0,-0.0005527423440948,-0.0005528951624597,0.4899978637695241,17.759672222049588,WFC,,,,15207400.0,677407862.0033264,0.7912459230526042,-22.42982550102781,-0.05527423440948587,1.1000158001490794,21.832860403970948,음봉,45.053887939453126,46.47573394775391,46.92026214599609,False,False,0,0.8714286259242466,0.08554094729466039,False,17.759672222049588,-0.7817448713177555,-0.20858112160334763,-179.98804436155683
2018-09-26,54.380001068115234,54.45000076293945,53.02000045776367,53.15999984741211,43.66571807861328,22025100.0,-0.0197308322567965,-0.0199280840674837,1.4300003051757812,17.639167286826364,WFC,,,,22025100.0,961741807.2532654,1.1436078825941622,44.83146362954877,-1.9730832256796504,3.274881000700114,22.079839138211057,음봉,44.71547088623047,46.2330099105835,46.882603073120116,False,False,0,0.8857143947056362,0.10304606271332757,True,17.639167286826364,-0.8699381824887311,-0.2374195462194586,-185.2333424231414
2018-09-27,53.27999877929688,53.59999847412109,52.7599983215332,52.81999969482422,43.38643646240234,19991000.0,-0.0063959011439624,-0.0064164425537448,0.8400001525878835,18.105941288901747,WFC,,,,19991000.0,867338251.3198851,1.0327536020581713,-9.235372370613526,-0.639590114396249,1.9360892967455574,22.01791502288957,음봉,44.26698303222656,45.98083934783936,46.85061785380046,False,False,0,0.8942857469831184,0.10950652701827635,False,18.105941288901747,-0.9514005559815217,-0.25510553576979933,-184.51886772617107
2018-09-28,52.68999862670898,52.97999954223633,52.40999984741211,52.560001373291016,43.172882080078125,18588600.0,-0.0049221461760122,-0.0049342998352945,0.5699996948242188,16.802266933567168,WFC,,,,18588600.0,802523435.8337402,0.9806491494153695,-7.015156820569257,-0.49221461760122764,1.3202725121917256,21.443480780840087,음봉,43.86778259277344,45.73852653503418,46.81942253112793,False,False,0,0.8971429552350715,0.11475569517245017,False,16.802266933567168,-1.021417858521886,-0.26009827064813085,-179.36145690282228
2018-10-01,52.7400016784668,52.79999923706055,52.15999984741211,52.25,42.91824722290039,17209000.0,-0.0058980277644061,-0.0059154898251608,0.6399993896484375,16.29447544258042,WFC,,,,17209000.0,738580116.4588928,0.9109158209015418,-7.421753117502128,-0.5898027764406177,1.4912057948791198,22.160020682991103,음봉,43.53758087158203,45.4826602935791,46.775149472554524,False,False,0,0.9257142203194745,0.120999766292168,False,16.29447544258042,-1.0849473820702826,-0.2589022353572219,-176.70656660440127
2018-10-02,52.2400016784668,52.34999847412109,51.880001068115234,52.130001068115234,42.81967926025391,17509600.0,-0.0022966446447487,-0.0022992859779717,0.4699974060058522,19.713911063464195,WFC,,,,17509600.0,749755455.9753419,0.9231978241717096,1.746760416061366,-0.22966446447487687,1.097620099275506,21.719792998891364,음봉,43.19259262084961,45.20872287750244,46.717273775736494,False,False,0,0.8457140241350432,0.12391323779914526,False,19.713911063464195,-1.1302201239552616,-0.2433399817937606,-207.33006916213674
2018-10-03,52.5,52.91999816894531,52.33000183105469,52.650001525878906,43.24679946899414,18444900.0,0.0099748577317506,0.0099254372084235,0.589996337890625,29.98294252517084,WFC,,,,18444900.0,797682891.52565,0.9711655370111907,5.341641156851096,0.9974857731750664,1.3642543382051284,22.607177136731977,음봉,43.10880889892578,44.949980926513675,46.668555386861165,False,False,0,0.7978567395891447,0.10598744104380736,False,29.98294252517084,-1.118737952097213,-0.1854862479485695,-219.67432388621523
2018-10-04,52.72999954223633,53.86000061035156,52.72999954223633,53.5099983215332,43.95320129394531,21417500.0,0.0163341989147109,0.0162022310084006,1.1300010681152344,40.55718028129323,WFC,,,,21417500.0,941367688.7130737,1.1192344559998089,16.116107975646376,1.6334198914710996,2.570918692720786,21.92809685267272,음봉,43.222161865234376,44.76845035552979,46.639085070292154,False,False,0,0.8171424865722641,0.09779366488074213,False,40.55718028129323,-1.0406416553223252,-0.08591196093894526,-201.6997241381988
2018-10-05,53.70000076293945,53.86000061035156,52.97999954223633,53.18999862670898,43.69035339355469,14793000.0,-0.0059801764752647,-0.0059981293405873,0.8800010681152344,41.19491482106216,WFC,,,,14793000.0,646311397.7508545,0.7742662134074579,-30.930313995564372,-0.598017647526472,2.014177043129741,22.1754028877455,음봉,43.32565612792969,44.59554481506348,46.60577786763509,False,False,0,0.8214282989501933,0.09817282980742949,False,41.19491482106216,-0.9885638575347357,-0.027067330521084565,-208.38796535905715
2018-10-08,52.97999954223633,53.959999084472656,52.97999954223633,53.66999816894531,44.08462905883789,12858200.0,0.0090243185201923,0.0089838426867735,0.979999542236328,43.75944974464302,WFC,,,,12858200.0,566848977.3643494,0.6745247614335453,-13.079159061718382,0.9024318520192365,2.2229960037281113,21.262465114443486,음봉,43.55893249511719,44.43988876342773,46.58814741770426,False,False,0,0.844285420009066,0.09703776341713662,False,43.75944974464302,-0.9050442893020971,0.045161790169243266,-198.35550646168898
2018-10-09,53.380001068115234,53.970001220703125,52.97999954223633,53.52999877929688,43.96964645385742,15918300.0,-0.0026082243955598,-0.0026116317388421,0.9900016784667968,36.07916616616539,WFC,,,,15918300.0,699922023.1464386,0.8348612091479246,23.798820985830062,-0.2608224395559855,2.251557058812659,21.085290287622026,음봉,43.78892593383789,44.28176975250244,46.54644826253255,False,False,0,0.8314282553536536,0.07067348790782603,False,36.07916616616539,-0.8384672366475883,0.08939107425900172,-201.28127226453225
2018-10-10,53.70000076293945,54.06999969482422,52.40999984741211,52.43000030517578,43.06610107421875,21875900.0,-0.0205492982661771,-0.0207633728959697,1.6599998474121094,27.192899074022435,WFC,,,,21875900.0,942109720.489502,1.1438512943693335,37.42610705917089,-2.054929826617713,3.854539431260142,22.129707864022173,음봉,43.752786254882814,44.137613487243655,46.49553368886312,False,False,0,0.8914282662527887,0.06364631547149378,True,27.192899074022435,-0.8488282400758109,0.06322405666462327,-224.27224706035375
2018-10-11,52.380001068115234,52.84000015258789,51.0099983215332,51.43999862670898,42.25290298461914,33147900.0,-0.0188825565657353,-0.0190631085046693,1.8300018310546875,25.58449431555755,WFC,,,,33147900.0,1400595002.8438568,1.7349364709416597,51.52702288820117,-1.8882556565735342,4.331067694261961,21.62698679837584,음봉,43.41272659301758,43.99140377044678,46.43092975616455,False,False,0,0.9585710253034304,0.07674164628660257,True,25.58449431555755,-0.9121430819312053,-7.262815261677158e-05,-211.01426788173154
2018-10-12,52.09999847412109,53.33000183105469,50.869998931884766,52.11000061035156,42.803253173828125,32067300.0,0.0130251450275338,0.012941047295628,2.460002899169922,35.090225733416176,WFC,,,,32067300.0,1372584760.5010986,1.6693245161599517,-3.2599350185079645,1.3025145027533824,5.74723348522042,23.305133597770727,음봉,43.23530654907226,43.88380031585693,46.378760147094724,False,False,0,1.0685713631766167,0.07692981746120266,True,35.090225733416176,-0.9074513551068719,0.003695278937373314,-211.1713717932078
2018-10-15,52.5099983215332,53.9900016784668,52.5099983215332,53.2400016784668,43.73143768310547,34118900.0,0.0216849057128414,0.0214531328081949,1.4800033569335938,44.04335640496155,WFC,,,,34118900.0,1492068549.1661072,1.7580101447316023,6.397794638151644,2.168490571284143,3.3843007121290123,22.677587398053724,음봉,43.164668273925784,43.83985576629639,46.34097309112549,False,False,0,1.1392860412597645,0.07700693099447087,False,44.04335640496155,-0.8193909660559129,0.07340453439066597,-199.40105021332457
2018-10-16,53.310001373291016,53.790000915527344,52.52999877929688,53.72999954223633,44.13392639160156,28227200.0,0.0092036468458385,0.0091615513789485,1.2600021362304616,53.687008325793386,WFC,,,,28227200.0,1245777167.0410156,1.4446122217012352,-17.2681417044512,0.920364684583852,2.854951370178188,21.90315296651219,음봉,43.19752426147461,43.80823268890381,46.28828525543213,False,False,0,1.1271433149065275,0.07706251863152293,False,53.687008325793386,-0.7089526336025571,0.1470742934752174,-210.50221669621067
2018-10-17,53.560001373291016,55.0099983215332,53.18999862670898,54.459999084472656,44.73353958129883,23524200.0,0.0135862190093145,0.0134947538484208,1.8199996948242256,60.09857936136185,WFC,,,,23524200.0,1052320731.8183899,1.2026472406926225,-16.66123455390546,1.358621900931456,4.068534955783131,21.357888935717224,음봉,43.531011962890624,43.77701950073242,46.24083404541015,False,False,0,1.1971432822091235,0.07711746451231699,False,60.09857936136185,-0.566515251065212,0.23160934081005002,-148.22367766356209
2018-10-18,54.16999816894531,54.400001525878906,52.7599983215332,53.09999847412109,43.61642837524414,22533300.0,-0.0249725645793006,-0.0252896694871561,1.6400032043457031,52.92834688543451,WFC,,,,22533300.0,982822065.5078888,1.1470711221508925,-4.212258015150361,-2.497256457930064,3.7600584583320398,21.094817615531284,음봉,43.803717041015624,43.67639713287353,46.176395352681475,True,False,0,1.2735721043178008,0.06676332033188385,False,52.92834688543451,-0.5375772811720623,0.20843784856255998,-175.20704410675256
2018-10-19,53.08000183105469,53.630001068115234,52.86000061035156,52.88999938964844,43.44395065307617,19521000.0,-0.0039544210425506,-0.0039622604391161,0.7700004577636719,53.50882285244053,WFC,,,,19521000.0,848069360.6987,0.9978103429894708,-13.36821504173823,-0.39544210425506154,1.7723997154691313,21.69726822745049,음봉,43.93185653686523,43.59015045166016,46.107994842529294,True,False,0,1.2828578948974605,0.05690819074897712,False,53.50882285244053,-0.5225377523270396,0.17878190192606624,-179.37317327573817
2018-10-22,53.06999969482422,53.16999816894531,51.560001373291016,51.650001525878906,42.4254035949707,17621500.0,-0.0234450836720427,-0.0237242923276409,1.6099967956542969,47.65623051242869,WFC,,,,17621500.0,747599249.4487762,0.9078060702185946,-9.730546590850874,-2.344508367204279,3.7948885790803724,22.15739797381076,음봉,43.670649719238284,43.48295783996582,46.01826934814453,True,False,0,1.3642864227294922,0.05704847875826189,False,47.65623051242869,-0.5860514166725181,0.09221459006447019,-203.97576284742317
2018-10-23,50.84000015258789,51.95000076293945,50.470001220703125,51.560001373291016,42.35147476196289,25529800.0,-0.0017425605119423,-0.0017440805365911,1.479999542236328,44.44446548478847,WFC,,,,25529800.0,1081224680.3779602,1.3045513128833959,44.87869931617625,-0.1742560511942326,3.4945643582772217,19.833863309705063,음봉,43.31415939331055,43.373300552368164,45.92921460469564,False,False,0,1.4278580801827567,0.05719270991804302,False,44.444465484788466,-0.6350316427481246,0.03458749119109106,-178.82228288771088
2018-10-24,51.310001373291016,51.4900016784668,50.02000045776367,50.18999862670898,41.22615432739258,31161500.0,-0.0265709858014435,-0.0269303749604788,1.470001220703125,33.91477935217115,WFC,,,,31161500.0,1284668808.0730438,1.5706737983693326,22.059318913583347,-2.657098580144357,3.5657005720914103,21.15280910919787,음봉,42.6126823425293,43.25132236480713,45.83771305084228,False,False,0,1.4521438053676061,0.08109313339192029,False,33.91477935217115,-0.755938787385638,-0.06905572275713778,-176.2294568143977
2018-10-25,50.52999877929688,52.61000061035156,50.41999816894531,51.86000061035156,42.59789276123047,29366100.0,0.0332734997046872,0.0327319176349248,2.19000244140625,44.301649521459694,WFC,,,,29366100.0,1250933978.61557,1.4664470348837393,-5.761596842257277,3.3273499704687293,5.14110510978006,22.56782036475907,음봉,42.408975219726564,43.21189517974854,45.76418120066325,False,False,0,1.54571533203125,0.08116712399020173,False,44.301649521459694,-0.7326254924520512,-0.03659394225884072,-148.73969687286427
2018-10-26,51.31999969482422,51.93000030517578,50.790000915527344,51.25,42.09683990478516,30053800.0,-0.0117623859765506,-0.0118321101260297,1.1399993896484375,39.74577708719281,WFC,,,,30053800.0,1265170007.1304324,1.492091061407212,2.341815903371569,-1.176238597655066,2.7080403000008872,20.4754422536412,음봉,42.13955307006837,43.15809307098389,45.67360051472982,False,False,0,1.5571438925606864,0.08126830924011191,False,39.74577708719281,-0.7459811104119396,-0.03995964817498321,-158.7808405792225
2018-10-29,51.880001068115234,53.150001525878906,51.59000015258789,52.22999954223633,42.90182113647461,30541300.0,0.0191221296779082,0.0189415995396265,1.5600013732910156,44.85759005334861,WFC,,,,30541300.0,1310277389.875412,1.505724580622351,1.622091050050245,1.9122129677908273,3.636212477620726,23.239656908826582,음봉,42.23483657836914,43.157271766662596,45.589097340901695,False,False,0,1.597858156476702,0.08126985581640904,False,44.85759005334861,-0.6837286773920539,0.017834227875922037,-142.6489452625109
2018-10-30,52.45000076293945,52.90999984741211,51.869998931884766,52.68999862670898,43.2796516418457,24910900.0,0.0088068640295986,0.0087683097984763,1.0400009155273438,51.08326267160544,WFC,,,,24910900.0,1078135074.0848541,1.2226675319575935,-18.435364571907552,0.8806864029598627,2.402978942930771,22.255884187506197,음봉,42.4204719543457,43.18027038574219,45.51007607777913,False,False,0,1.553572518484933,0.0812265699722057,False,51.08326267160544,-0.5970232986444017,0.08363168529885945,-135.0771884063732
2018-10-31,53.040000915527344,54.02999877929688,53.02999877929688,53.22999954223633,43.72321701049805,23667400.0,0.0102488202151671,0.0101966571610322,1.0,57.74894351048047,WFC,,,,23667400.0,1034814866.2742615,1.152495647743934,-4.9917907422052155,1.0248820215167154,2.2871144174041396,22.551820320671602,음봉,42.919884490966794,43.204091262817386,45.439398765563965,False,False,0,1.4942866734095983,0.08118178513627947,False,57.748943510480466,-0.4869039178112118,0.15500085290563959,-126.18809905679849
2018-11-01,53.43000030517578,53.959999084472656,53.150001525878906,53.560001373291016,43.99428176879883,17654800.0,0.0061995611675988,0.006180422946581,0.80999755859375,56.46742455972893,WFC,,,,17654800.0,776710245.7717896,0.8571026317791008,-25.404564928974025,0.6199561167598899,1.841142816810816,22.2005240198751,음봉,43.199162292480466,43.20614528656006,45.368210538228354,False,False,0,1.3764291490827287,0.08117792574745789,False,56.46742455972893,-0.3734558875183609,0.21475910655879238,-120.75593724629195
2018-11-02,54.209999084472656,54.630001068115234,53.11000061035156,53.61000061035156,44.03535461425781,18285600.0,0.0009335950902626,0.000933159561417,1.520000457763672,51.82624976733483,WFC,,,,18285600.0,805212880.3344727,0.8843701794039032,3.572965992251409,0.09335950902626955,3.45177294716624,23.220557092760437,음봉,43.586865234375,43.223395347595215,45.3020876566569,True,False,0,1.3792860848563058,0.08114552838111057,False,51.82624976733483,-0.27703972924638265,0.24894021186461646,-119.93283377850894
2018-11-05,53.72999954223633,54.29999923706055,51.15999984741211,53.65999984741211,44.076416015625,18990000.0,0.0009324644192576,0.0009320299443783,3.139999389648437,49.63872513779056,WFC,,,,18990000.0,837011140.1367188,0.9148008067638232,3.852211576322362,0.09324644192576503,7.123989819261426,22.015594090025957,음봉,43.82178421020508,43.22298469543457,45.24198837280274,True,False,0,1.5135716029575899,0.08114629932709663,True,49.63872513779056,-0.1950673028074732,0.2647301106428207,-119.1099596513411
2018-11-06,53.36000061035156,53.709999084472656,52.959999084472656,53.54999923706055,43.9860725402832,20696800.0,-0.0020497010308135,-0.0020518045428434,0.75,44.98350740758566,WFC,,,,20696800.0,910370946.1517334,0.9917756075840539,8.987888362295937,-0.20497010308135888,1.705085170568791,21.062476112929758,음봉,43.96306838989258,43.22380599975586,45.18640689849853,True,False,0,1.437143053327288,0.08114475744977341,False,44.98350740758566,-0.1358277894959059,0.2591756991635104,-130.88778999142727
2018-11-07,53.81999969482422,54.18000030517578,52.790000915527344,53.58000183105469,44.01071166992188,20668500.0,0.0005601575275018,0.0005600006978374,1.3899993896484375,53.10086984800916,WFC,,,,20668500.0,909635394.1497804,0.9868099015695175,-0.136736113795366,0.05601575275018256,3.1583206381059292,22.35691114621551,음봉,44.02056732177734,43.271036529541014,45.1249387105306,True,False,0,1.4192856379917689,0.08105618758431563,False,53.10086984800916,-0.08590165573935593,0.24728146633604836,-130.35331870343322
2018-11-08,52.900001525878906,53.59999847412109,52.86000061035156,53.15999984741211,44.01897811889648,22429200.0,0.0001878281141325,0.0001878104766408,0.7399978637695241,54.64225045363104,WFC,,,,22429200.0,987310464.0243529,1.065818199591606,8.518760432542273,0.018782811413253775,1.6810882382838814,20.1980143439312,음봉,44.025506591796876,43.359340286254884,45.0647034962972,True,False,0,1.4171425955636157,0.08089111205914976,False,54.64225045363104,-0.04514737090374865,0.23042860093732453,-130.17400313119595
2018-11-09,53.09000015258789,53.38999938964844,52.72999954223633,53.040000915527344,43.919620513916016,18972200.0,-0.002257153828335,-0.0022597050397447,0.6599998474121094,64.16527919016706,WFC,,,,18972200.0,833251824.3141174,0.9019312632870421,-15.41294384106433,-0.22571538283350234,1.5027448773219412,20.607070907439816,음봉,44.002359771728514,43.415158653259276,44.99364000956218,True,False,0,1.3492856706891736,0.08078711129258864,False,64.16527919016706,-0.020628838499320068,0.2039577066734025,-132.3292654267661
2018-11-12,53.130001068115234,53.58000183105469,52.27999877929688,52.34999847412109,43.348262786865234,19003300.0,-0.0130091681204245,-0.0130945284676073,1.3000030517578054,58.63520519443442,WFC,,,,19003300.0,823760042.2176361,0.9005942890121301,0.16392405730489834,-1.300916812042452,2.998973818511854,20.970993024133467,음봉,43.856729125976564,43.395999908447266,44.910316212972006,True,False,0,1.3364287785121363,0.08082277770545203,False,58.63520519443442,-0.046762469816158614,0.14225926028525115,-144.72314072838367
2018-11-13,52.619998931884766,53.33000183105469,52.619998931884766,52.7400016784668,43.67121505737305,28102000.0,0.0074501779251385,0.007422562425021,0.7100028991699219,74.60174042810615,WFC,,,,28102000.0,1227248485.5422974,1.3211377138981886,47.87957880999616,0.7450177925138579,1.6257914927193022,21.388945136294872,음봉,43.793757629394534,43.37286434173584,44.830047543843584,True,False,0,1.2821431841169075,0.08086588947115592,False,74.60174042810615,-0.040942057162730805,0.11846373835094318,-160.30352646319815
2018-11-14,53.13999938964844,53.290000915527344,51.4900016784668,52.150001525878906,43.182655334472656,24788400.0,-0.0111872253212681,-0.011250272986425,1.7999992370605469,57.15550045371886,WFC,,,,24788400.0,1070428933.493042,1.161202246130805,-11.791331577823637,-1.1187225321268146,4.168338475525866,21.681980498678083,음봉,43.62814636230469,43.29532012939453,44.74259433746338,True,False,0,1.2542858123779286,0.06583302028288482,False,57.15550045371886,-0.07488875383756266,0.06761363334088907,-198.10794996786316
2018-11-15,51.540000915527344,52.90999984741211,51.27999877929688,52.81999969482422,43.73744583129883,23220100.0,0.0128475308553637,0.0127657014560404,1.6300010681152273,69.81483273208109,WFC,,,,23220100.0,1015587865.9473419,1.0801201191533802,-6.326749608687932,1.284753085536372,3.7267861374492672,19.35347772461558,음봉,43.57183990478516,43.301371002197264,44.66151262919108,True,False,0,1.2892859322684136,0.06582382086903875,False,69.81483273208109,-0.05637494374951757,0.06890195474314734,-213.90638054615013
2018-11-16,52.650001525878906,53.18000030517578,52.47999954223633,52.93999862670898,43.83681869506836,18872500.0,0.0022720317083175,0.0022694545471322,0.7000007629394531,63.61289577279559,WFC,,,,18872500.0,827310360.8226776,0.8730696757283594,-18.723433576944114,0.2272031708317579,1.5968329449468084,20.37740321864472,음봉,43.55527954101562,43.321014404296875,44.589616839090986,True,False,0,1.227857317243302,0.06579397383524134,False,63.61289577279559,-0.033300192368443504,0.07358136489937711,-211.04261026340092
2018-11-19,52.970001220703125,53.47999954223633,52.59999847412109,53.31999969482422,44.15146255493164,20215500.0,0.007177616196375,0.0071519797087279,0.8800010681152415,62.93085888876321,WFC,,,,20215500.0,892543891.2792206,0.9336411952733835,7.116174327725533,0.7177616196375025,1.993141375600811,20.83450121954732,음봉,43.715919494628906,43.407317352294925,44.522006797790525,True,False,0,1.216428756713866,0.06739205290659141,False,62.93085888876321,0.010257601008888173,0.09371132662136702,-201.97506705949607
2018-11-20,53.04999923706055,53.2400016784668,52.36000061035156,52.540000915527344,43.50560760498047,22999200.0,-0.0146281666014488,-0.0147362132075823,0.8800010681152344,46.95509587084417,WFC,,,,22999200.0,1000594170.4284668,1.06051801483152,13.770126882837431,-1.4628166601448833,2.0227302101039797,20.154568313694412,음봉,43.68279800415039,43.4650239944458,44.43801949818929,True,False,0,1.207857404436383,0.06730257937768248,False,46.95509587084417,-0.0072540110250187695,0.06095977166996806,-220.58759509256407
2018-11-21,52.619998931884766,53.20000076293945,52.27000045776367,52.43000030517578,43.41450881958008,16946300.0,-0.0020939550190298,-0.0020961504080733,0.9300003051757812,41.45727287443564,WFC,,,,16946300.0,735715290.8092499,0.7829648582244404,-26.31787192598003,-0.20939550190298695,2.1421417181998574,20.949923075803433,음봉,43.72916870117187,43.57444171905517,44.35292466481527,True,False,0,1.2164290291922424,0.04715201317766941,False,41.45727287443564,-0.028158407767008953,0.0320442999423823,-223.21291939668438
2018-11-23,51.970001220703125,52.290000915527344,51.61000061035156,51.83000183105469,42.91768646240234,11139400.0,-0.011443694071086,-0.0115096770134943,0.6800003051757812,35.48151481035127,WFC,,,,11139400.0,478077276.5792846,0.515891371604554,-34.2664770480872,-1.144369407108603,1.5844290809372719,19.706528148637016,음봉,43.565216827392575,43.59043140411377,44.26105531056722,False,False,0,1.1564290182931072,0.04713471704601152,False,35.48151481035127,-0.08384815555605485,-0.018916358277330875,-262.4941078709128
2018-11-26,52.33000183105469,53.18000030517578,52.33000183105469,52.880001068115234,43.7871322631836,20581700.0,0.0202584498943794,0.0200559774497107,0.8499984741210938,46.90771338628921,WFC,,,,20581700.0,901213620.1011659,0.9527193285446341,84.76488859364059,2.0258449894379416,1.9412060808462122,21.93108749442477,음봉,43.55527954101562,43.674946022033694,44.19052187601725,False,False,0,0.9928575243268684,0.02861231741022865,False,46.90771338628921,-0.057166690022974365,0.006212085804599685,-258.3745715044901
2018-11-27,52.68999862670898,53.31999969482422,52.45000076293945,53.18999862670898,44.0438346862793,18044600.0,0.0058625082262244,0.005845390593798,0.8699989318847656,50.59624032320305,WFC,,,,18044600.0,794753379.3800354,0.8360676535288436,-12.3269700753582,0.5862508226224472,1.9753024187873245,20.332152172045628,음봉,43.53375396728516,43.73204669952393,44.123992919921875,False,False,0,1.0014288766043518,0.02821217358076989,False,50.59624032320305,-0.015133249486304123,0.03859642107301594,-249.52276846904527
2018-11-28,53.150001525878906,54.36000061035156,52.58000183105469,54.34999847412109,45.004356384277344,23713300.0,0.0218083122153138,0.0215739127565106,1.779998779296875,58.59591875527178,WFC,,,,23713300.0,1067201804.2472839,1.0912725248669273,31.414938541170212,2.1808312215313874,3.9551699486557546,20.675236169743407,음봉,43.83350372314453,43.818281936645505,44.06909173329671,True,True,0,1.0292859758649544,0.047620988994776445,True,58.59591875527178,0.09459420546945552,0.11865910082302045,-203.7545020832205
2018-11-29,53.970001220703125,54.41999816894531,53.790000915527344,54.040000915527344,44.74767303466797,14978400.0,-0.0057035222861013,-0.005719849480611,0.6299972534179688,56.04408677883905,WFC,,,,14978400.0,670248545.7824707,0.689208053524613,-36.83544677459485,-0.5703522286101381,1.407888300537734,19.921726598801012,음봉,44.10013656616211,43.869504737854,44.007858975728354,True,True,0,1.021428789411272,0.04756538589491909,False,56.04408677883905,0.15900884792499426,0.14645899462284734,-208.03589217768302
2018-11-30,54.08000183105469,54.54999923706055,53.869998931884766,54.27999877929688,44.94640350341797,18939000.0,0.004441135265202,0.0044313025255823,0.6800003051757812,58.37843188401644,WFC,,,,18939000.0,851239935.9512329,0.8700390328509907,26.442076590290007,0.44411352652020675,1.5129137198353821,20.855450492714017,음봉,44.505879974365236,43.91711082458496,43.963902155558266,True,True,0,1.0228573935372485,0.04751382508311275,False,58.37843188401644,0.2235172365534126,0.16877390660101255,-193.6879018118066
2018-12-03,54.77999877929688,55.040000915527344,53.59999847412109,54.2400016784668,44.91328430175781,21261700.0,-0.0007368598837421,-0.0007371314984224,1.440002441406257,64.00016107005109,WFC,,,,21261700.0,954932776.8386841,0.9751360125820328,12.264111093510754,-0.07368598837421692,3.2061837912617275,21.878491957940778,음봉,44.731110382080075,43.961007308959964,43.92664915720622,True,True,1,1.0328573499407092,0.047466380995544434,False,64.00016107005109,0.2688688043030325,0.17130037948050594,-169.32741649774516
2018-12-04,53.95000076293945,53.9900016784668,51.5099983215332,51.77999877929688,42.87628173828125,33280500.0,-0.0453541217291214,-0.0464148153610486,2.4800033569335938,44.55774762356696,WFC,,,,33280500.0,1426944094.3908691,1.514291058830072,56.52793520743873,-4.535412172912146,5.784091475262817,20.120364390336874,음봉,44.49759979248047,43.901000595092775,43.85462468465169,True,False,0,1.1592859540666858,0.048474399607055164,True,44.557747623566954,0.1388406964300657,0.03301781728603129,-223.5029858105523
2018-12-06,50.650001525878906,51.13999938964844,50.02000045776367,51.09000015258789,42.30492782592773,40310200.0,-0.0133256404051333,-0.0134152234758471,1.1199989318847656,44.05828224185826,WFC,,,,40310200.0,1705320101.648712,1.8086070732976731,21.12257928817176,-1.3325640405133399,2.647443192654128,18.130582859420485,음봉,43.95771408081055,43.816943359375,43.7741730372111,True,False,0,1.1107145036969872,0.06160695729525485,False,44.05828224185826,-0.010193497292682707,-0.09281310114937369,-153.68669179908568
2018-12-07,50.88999938964844,51.45000076293945,50.04999923706055,50.2599983215332,41.61765670776367,28510500.0,-0.0162456515938751,-0.0163790590253506,1.4000015258789062,35.90307677164758,WFC,,,,28510500.0,1186540201.5666962,1.2728164249985596,-29.272243749720918,-1.6245651593875143,3.363960483670719,20.29331334412327,음봉,43.33171081542969,43.69729061126709,43.70198020935059,False,False,0,1.0942859649658214,0.07750365363935015,False,35.90307677164758,-0.18166706023620094,-0.21142933127431351,-167.37735027504573
2018-12-10,50.06999969482422,50.06999969482422,48.29999923706055,48.79999923706055,40.40870666503906,34524600.0,-0.0290489695566901,-0.029479244049772,1.770000457763672,30.134258483503004,WFC,,,,34524600.0,1395094434.1278076,1.520936735724937,21.094333666543896,-2.904896955669012,4.38024525861662,20.30951200931931,음봉,42.424171447753906,43.51677703857422,43.62250703175862,False,False,0,1.1707145145961226,0.1056063898106378,True,30.134258483503004,-0.4103826236687169,-0.3521159157654636,-117.08146300961428
2018-12-11,49.40999984741211,49.59000015258789,47.54999923706055,47.7599983215332,39.54753494262695,32388600.0,-0.0213115388609351,-0.0215419086075382,2.040000915527344,24.909733483015287,WFC,,,,32388600.0,1280889290.2427673,1.4167053160006577,-6.186892824247058,-2.1311538860935175,5.158351635536443,22.275628014991174,음봉,41.35102157592773,43.29817276000976,43.53237724304199,False,False,0,1.25357164655413,0.1260289082381397,True,24.909733483015287,-0.6535964632037761,-0.47626380424041814,-106.84195595629957
2018-12-12,48.290000915527344,48.29999923706055,46.84999847412109,47.7400016784668,39.53097534179688,42820000.0,-0.0004187264984807,-0.0004188141889007,1.4500007629394602,26.74411441458419,WFC,,,,42820000.0,1692716364.1357424,1.8486594501840667,32.20701110884694,-0.041872649848073706,3.6680116045766917,22.10622226033406,음봉,40.68196029663086,43.10730838775635,43.44772135416667,False,False,0,1.294285910470146,0.12697106934273472,False,26.74411441458419,-0.8380212177410087,-0.5285508470221205,-89.36533517159121
2018-12-13,47.970001220703125,48.119998931884766,46.93000030517578,47.02999877929688,38.94305419921875,35227100.0,-0.0148724168198428,-0.0149841201265999,1.1899986267089844,25.274671960910823,WFC,,,,35227100.0,1371850864.5812988,1.5122797625906432,-17.732134516581034,-1.487241681984286,3.0557403654612623,21.347881771041184,음봉,40.009585571289065,42.870900344848636,43.35066579182943,False,False,0,1.3128572191510892,0.1413849985958347,False,25.274671960910823,-1.0198631397323652,-0.5683142152107816,-96.54385736110576
2018-12-14,46.54999923706055,47.4900016784668,46.380001068115234,46.540000915527344,38.53731918334961,25913000.0,-0.0104186747601651,-0.010473329100679,1.1100006103515625,25.53186774316593,WFC,,,,25913000.0,998617551.9981384,1.1087170496693344,-26.440155448504132,-1.0418674760165114,2.8803264831954065,19.5335091051857,음봉,39.39351806640625,42.63863353729248,43.23699105580648,False,False,0,1.343571526663645,0.1516708361507775,False,25.531867743165932,-1.183075836122761,-0.5852215292809417,-90.56214807104499
2018-12-17,46.220001220703125,47.310001373291016,46.119998931884766,46.61000061035156,38.59527969360352,29443300.0,0.0015040099177152,0.0015028800275677,1.19000244140625,18.10777080368119,WFC,,,,29443300.0,1136372398.6026766,1.2533944491049707,13.62366379809361,0.15040099177152655,3.0832849272069702,19.93569402376304,음봉,39.03083267211914,42.38152523040772,43.119764455159505,False,False,0,1.3678575243268705,0.1525909500842549,False,18.10777080368119,-1.2928430551420078,-0.5559909986401508,-84.35782023456953
2018-12-18,46.93999862670898,47.52000045776367,46.31999969482422,46.52000045776367,38.52076721191406,26740000.0,-0.0019306112633719,-0.0019324772954054,1.2000007629394531,15.29643448326452,WFC,,,,26740000.0,1030045315.246582,1.1347235496393224,-9.181375728943431,-0.19306112633719064,3.11520473187332,21.62108682551779,음봉,38.825479125976564,42.11572265625,43.00896250406901,False,False,0,1.3914290836879195,0.15394700039418918,False,15.29643448326452,-1.370053774506772,-0.5065613744039319,-85.19316177178108
2018-12-19,46.38999938964844,47.43000030517578,45.29999923706055,45.66999816894531,37.81692123413086,34287600.0,-0.0182718577205677,-0.0184408498111501,2.1300010681152344,3.3332953555293017,WFC,,,,34287600.0,1296651468.5073853,1.4383055774489284,28.225878833208682,-1.827185772056772,5.632402106263603,20.42854477545428,음봉,38.48266830444336,41.79899559020996,42.8964235941569,False,False,0,1.4164292471749451,0.17195234116653998,True,3.3332953555293017,-1.4710806124133526,-0.48607056984841,-76.82830301223954
2018-12-20,45.400001525878906,46.77000045776367,45.33000183105469,46.040000915527344,38.12328720092773,43969900.0,0.0081012931988859,0.008068653885076,1.4399986267089844,7.264782475377089,WFC,,,,43969900.0,1676277125.8960721,1.8158522688388605,28.238488549796426,0.8101293198885973,3.7772152729629833,20.052082624071733,음봉,38.31871490478515,41.529879570007324,42.789401372273765,False,False,0,1.4742864881243034,0.17306660227681506,False,7.264782475377089,-1.5090287916280118,-0.41921499925045524,-73.68286241673962
2018-12-21,45.59000015258789,46.52999877929688,44.93000030517578,45.119998931884766,37.36148834228516,55577900.0,-0.0199825071386819,-0.0201848576183385,1.5999984741211009,4.38231180644523,WFC,,,,55577900.0,2076473062.9386907,2.2663845181435285,26.399878098426434,-1.9982507138681993,4.282480557152342,19.5857007616029,음봉,38.08354873657227,41.22722854614258,42.68433087666829,False,False,0,1.5400006430489692,0.18538398799807962,False,4.38231180644523,-1.582333641085313,-0.39401587896620516,-74.86163705214092
2018-12-24,44.470001220703125,45.09999847412109,43.59999847412109,43.59999847412109,36.10285568237305,18049900.0,-0.0336879689690416,-0.0342684834376399,1.5,3.8193035067801446,WFC,,,,18049900.0,651652934.7812653,0.7367897081735483,-67.52324215200647,-3.3687968969041693,4.154795989538202,19.026310764961295,음봉,37.58506393432617,40.88648700714111,42.562937863667806,False,False,0,1.5442861829485222,0.21771253422553977,False,3.8193035067801446,-1.7221376681905909,-0.42705592485718635,-72.1572712182831
2018-12-26,43.84000015258789,45.59000015258789,43.02000045776367,45.59000015258789,37.75066757202149,27770000.0,0.0456421482041649,0.0446311925806384,2.5699996948242188,21.99084545122159,WFC,,,,27770000.0,1048336038.4750369,1.124407978000163,53.85126787406025,4.56421482041649,6.807825821678838,21.430837876884205,음봉,37.431044006347655,40.58466377258301,42.472567621866865,False,False,0,1.5507144927978527,0.21933163600378794,True,21.99084545122159,-1.680595855857355,-0.30841129001916023,-62.50691215879268
2018-12-27,44.720001220703125,45.52999877929688,43.84999847412109,45.52999877929688,37.700984954833984,27005300.0,-0.0013160725460741,-0.0013169393301313,1.6800003051757957,23.32043525702136,WFC,,,,27005300.0,1018126409.0007782,1.0899565576432857,-2.7536910334893805,-0.13160725460741318,4.45611781015389,18.461484516493375,음봉,37.40785675048828,40.26752128601075,42.38561325073242,False,False,0,1.590714590890069,0.2210590673977429,False,23.32043525702136,-1.632860048068693,-0.20854038578439837,-63.09626702698887
2018-12-28,45.68000030517578,46.43000030517578,45.52999877929688,45.77999877929688,37.90800094604492,23635000.0,0.0054909968919629,0.0054759763286864,0.9000015258788991,27.23569014110888,WFC,,,,23635000.0,895955602.3597717,0.9517066426855295,-12.480142786786297,0.5490996891962974,2.3741730068010867,21.163944018705898,음봉,37.36479949951172,39.91270351409913,42.303751945495605,False,False,0,1.5550003051757828,0.2215722575124721,False,27.235690141108876,-1.560338010780761,-0.10881467879717288,-72.51063921887977
2018-12-31,45.97999954223633,46.47999954223633,45.56999969482422,46.08000183105469,38.15642166137695,16544500.0,0.0065532528524945,0.0065318736424365,0.9099998474121094,34.331789041489984,WFC,,,,16544500.0,631278918.176651,0.6670661711675936,-30.000000000000004,0.6553252852494529,2.3849192555004124,21.293654096084925,음봉,37.52378616333008,39.58314094543458,42.218912315368655,False,False,0,1.4935716901506713,0.22341703083228706,False,34.331789041489984,-1.4659200839243596,-0.011517401552616935,-74.02707796498375
2019-01-02,45.52999877929688,46.95000076293945,45.40999984741211,46.93999862670898,38.8685302734375,20295200.0,0.0186628772053163,0.0184908626082859,1.5400009155273438,45.1764082279939,WFC,,,,20295200.0,788844595.6054688,0.8166795062177556,22.670373840249034,1.8662877205316342,3.9620765300193774,19.32460329576366,음봉,38.07692108154297,39.279247283935554,42.13416779836019,False,False,0,1.4578574044363855,0.22430237921051147,False,45.1764082279939,-1.318433897716659,0.10877502772406711,-78.62634742652371
2019-01-03,46.650001525878906,47.34999847412109,46.369998931884766,46.56999969482422,38.56216049194336,22262000.0,-0.0078822064878412,-0.0079134352868733,0.979999542236321,43.38980103995804,WFC,,,,22262000.0,858470816.8716431,0.8931125555804968,9.69096140959438,-0.7882206487841215,2.5413501985737246,20.01997811005273,음봉,38.239219665527344,38.96169109344483,42.04869791666667,False,False,0,1.4242858886718754,0.17384835888316483,False,43.38980103995804,-1.2122969093515579,0.1719296128713348,-87.40865293275509
2019-01-04,47.41999816894531,48.11000061035156,47.20000076293945,47.95000076293945,39.70486831665039,23343600.0,0.029632878711393,0.0292023102702911,0.9099998474121094,54.83202538818557,WFC,,,,23343600.0,926854564.03656,0.9335921356792628,4.858503279130355,2.9632878711393085,2.2919099999394716,22.970283728922777,음봉,38.63999633789062,38.803120422363286,41.975701904296876,False,False,0,1.404285975864956,0.15983436579446478,False,54.83202538818557,-1.0241696200934314,0.2880455217035691,-65.13029551537008
2019-01-07,47.77999877929688,48.22999954223633,47.540000915527344,47.63999938964844,39.44816970825195,21858000.0,-0.0064651671012038,-0.0064861568109238,0.6899986267089844,55.88866353228069,WFC,,,,21858000.0,862258093.4829712,0.8739334162469211,-6.364056957795716,-0.6465167101203817,1.7491270997159782,20.33788501260475,음봉,38.94803009033203,38.6602825164795,41.90034395853679,True,False,0,1.3742858341762003,0.14264771663372772,False,55.88866353228069,-0.8855823779532415,0.34130621107500736,-68.55722412997795
2019-01-08,47.900001525878906,48.15999984741211,46.91999816894531,47.540000915527344,39.36537170410156,19702900.0,-0.0020989061029381,-0.0021011118933911,1.2400016784667969,54.96271968100924,WFC,,,,19702900.0,775611982.1487427,0.7853204586138006,-9.85954799158203,-0.20989061029381695,3.149980870973456,21.425155793372486,음봉,39.18982009887695,38.54766826629639,41.8386651357015,True,False,0,1.3778572082519536,0.11170198292981512,False,54.96271968100924,-0.7735154919585057,0.36269847765579466,-70.14643754072794
2019-01-09,47.5099983215332,47.97999954223633,47.08000183105469,47.79999923706055,39.58066177368164,18837700.0,0.0054690216365376,0.0054541208415323,0.8999977111816406,56.70857762073847,WFC,,,,18837700.0,745608632.2940826,0.7480054817069177,-4.391231747610758,0.5469021636537619,2.2738318937862627,20.689825257214668,음봉,39.33224639892578,38.50626602172852,41.794127782185875,True,False,0,1.3564284188406812,0.09354354515300914,False,56.70857762073847,-0.6597246726860533,0.38119143754259754,-66.01418979769653
2019-01-10,47.5,48.04999923706055,47.310001373291016,47.75,39.53926086425781,16208400.0,-0.0010459883076375,-0.0010465357351759,0.7399978637695312,61.89937290575454,WFC,,,,16208400.0,640868155.7922363,0.6434838458097739,-13.957648757544716,-0.10459883076375798,1.8715520917551216,20.008099590654552,음봉,39.52766647338867,38.50585231781007,41.7397279103597,True,False,0,1.257142475673131,0.09354455017767024,False,61.89937290575454,-0.5663567281652604,0.37964750565071237,-66.80883311245671
2019-01-11,47.5,48.09000015258789,47.18000030517578,47.869998931884766,39.638614654541016,20006900.0,0.0025127882542947,0.0025096364806118,0.9099998474121094,60.7774394214324,WFC,,,,20006900.0,793045799.5319366,0.7952233276921392,23.435379186101034,0.25127882542947955,2.295740795542307,20.13375809697655,음봉,39.5144157409668,38.51123428344727,41.67151419321696,True,False,0,1.2192854200090686,0.09353147727663313,False,60.7774394214324,-0.47882533846779296,0.37374311627854384,-64.9018502383271
2019-01-14,47.5099983215332,48.4900016784668,47.400001525878906,48.41999816894531,40.09404754638672,23827600.0,0.011489626865492,0.0114241223733669,1.0900001525878906,70.32027977106328,WFC,,,,23827600.0,955344927.3162842,0.9526885068347017,19.0969115655099,1.1489626865492042,2.718608420182117,19.857867727197267,음봉,39.64359130859375,38.56878395080567,41.60418287913004,True,False,0,1.1828569684709822,0.10348243981724758,False,70.32027977106328,-0.36845908635282143,0.3872874947148123,-53.490900519412406
2019-01-15,47.59999847412109,48.25,47.0099983215332,47.66999816894531,39.47301483154297,27447600.0,-0.0154893993709477,-0.0156106134352255,1.2400016784667969,77.68723506541446,WFC,,,,27447600.0,1083439521.8902588,1.1006523463795819,15.19246587990397,-1.5489399370947732,3.14139085590166,18.72086104315204,음봉,39.66511993408203,38.61556873321534,41.51650746663412,True,False,0,1.164285659790039,0.10335706542580665,False,77.68723506541446,-0.3273319078303061,0.34273173858986217,-64.84432970135181
2019-01-16,48.150001525878906,49.34000015258789,47.9900016784668,48.93999862670898,40.524635314941406,32026400.0,0.0266415040220866,0.0262927989476251,1.3499984741210938,75.26413105486343,WFC,,,,32026400.0,1297858180.4504395,1.2859756119713084,16.68196855098443,2.664150402208665,3.3313032026801492,21.982072388861816,음봉,39.85391464233398,38.712036514282225,41.46497758229574,True,False,0,1.0771427154541016,0.11422234608962022,False,75.26413105486343,-0.20748952817169908,0.3700592945987754,-60.57125942643348
2019-01-17,48.63999938964844,49.36000061035156,48.400001525878906,49.22999954223633,40.764766693115234,25738800.0,0.0059255654321777,0.0059080783160283,0.9599990844726562,76.96809703722707,WFC,,,,25738800.0,1049236176.9607544,1.0351475145361948,-19.632553143656484,0.5925565432177704,2.354972596064902,20.02575473323236,음봉,40.09901580810547,38.82423648834229,41.42032451629639,True,False,0,1.0257140568324488,0.12007733911630213,False,76.96809703722707,-0.09207559339201765,0.38837858350276544,-117.60081663478094
2019-01-18,49.09999847412109,50.15999984741211,48.86000061035156,50.0099983215332,41.4106330871582,36380300.0,0.0158437407211273,0.0157195388252602,1.2999992370605469,78.61986634416378,WFC,,,,36380300.0,1506531254.9007416,1.4512108963832036,41.34419631062831,1.5843740721127375,3.1392884873901816,20.447147027125244,음봉,40.4534194946289,39.003922080993654,41.40341167449951,True,True,0,1.0542853219168522,0.13608317116835797,False,78.61986634416378,0.05091982960280461,0.42509920519807015,-84.19719495271382
2019-01-22,49.77000045776367,50.09999847412109,49.630001068115234,49.86000061035156,41.28642272949219,33975200.0,-0.0029994798052129,-0.0030039872603676,0.4699974060058522,76.10500146669645,WFC,,,,33975200.0,1402714469.519043,1.345523462860427,-6.610995511306939,-0.2999479805212979,1.1383824873500565,20.186523961155718,음봉,40.69189453125,39.16207885742188,41.385660807291664,True,False,0,1.0228565761021196,0.13553359677634277,False,76.10500146669645,0.15246447914843486,0.42131508379496035,-86.81214985094572
2019-01-23,50.0,50.31999969482422,49.5,50.119998931884766,41.5017204284668,16806700.0,0.0052147336761345,0.0052011840372368,0.8199996948242188,73.94588166566412,WFC,,,,16806700.0,697506964.7251129,0.6667351565107331,-50.53244719677883,0.5214733676134564,1.9758209692477369,21.10518832692044,음봉,41.097635650634764,39.369090461730956,41.3902535756429,True,True,0,0.9714279174804678,0.13713460694098992,False,73.94588166566412,0.24745951128445398,0.41304809274478355,-123.2475332433902
2019-01-24,49.790000915527344,50.34000015258789,49.650001525878906,49.97999954223633,41.38579559326172,17862100.0,-0.0027932537255868,-0.0027971621385973,0.6899986267089844,76.59909199302285,WFC,,,,17862100.0,739237219.4664001,0.708496373442323,6.27963847751194,-0.27932537255868084,1.6672353806853657,19.97093229266578,음봉,41.269867706298825,39.63323745727539,41.37005195617676,True,True,0,0.9507135663713723,0.09589767875334441,False,76.59909199302285,0.30981820190133647,0.3803254266893328,-161.81869490582054
2019-01-25,50.400001525878906,50.540000915527344,49.959999084472656,50.130001068115234,41.51000595092773,20183400.0,0.0030012799291512,0.0029967850798329,0.5800018310546875,71.04248821155343,WFC,,,,20183400.0,837813054.1099547,0.8032741359532957,12.995672401341384,0.3001279929151224,1.3972578846178767,21.780917349538274,음봉,41.418915557861325,39.821204376220706,41.36027139027913,True,True,0,0.9271422794886993,0.095653083721604,False,71.04248821155343,0.365052552689626,0.34844782198209784,-149.4471854510509
2019-01-28,49.77000045776367,49.900001525878906,49.20000076293945,49.81999969482422,41.25331115722656,19913100.0,-0.0061839257263567,-0.0062031253888337,0.7000007629394531,71.04255139384837,WFC,,,,19913100.0,821481310.4049683,0.7981883874934642,-1.3392193584827128,-0.6183925726356732,1.6968353407356256,19.898803475481884,음봉,41.387451171875,39.99882068634033,41.33279622395833,True,False,0,0.9278567177908756,0.09005278013391271,False,71.04255139384837,0.3836901083374542,0.2936683021039408,-156.5381964715131
2019-01-29,49.77999877929688,50.11000061035156,49.720001220703125,49.84999847412109,41.27814483642578,11927600.0,0.000601980265404,0.0006017991479665,0.3899993896484375,72.60266315666112,WFC,,,,11927600.0,492349200.35095215,0.483465080523276,-40.10174206929107,0.060198026540403404,0.9448084239102811,20.66909875324433,음봉,41.38579559326172,40.167327880859375,41.299437777201334,True,False,0,0.8671422685895642,0.08349035065259673,False,72.60266315666112,0.39590067924166306,0.24470309840651971,-162.37533351560296
2019-01-30,49.84000015258789,50.34999847412109,49.59000015258789,50.09000015258789,41.47688674926758,16885100.0,0.0048147007000765,0.004803147098575,0.759998321533196,72.49509445438031,WFC,,,,16885100.0,700341380.450058,0.6902571953722145,41.56326503236192,0.4814700700076502,1.8323417717618755,20.74186073548229,음봉,41.380828857421875,40.333351135253906,41.26199893951416,True,True,0,0.8571423121861039,0.07308704523705604,False,72.49509445438031,0.41680973292048407,0.21248972166827254,-156.74525513605923
2019-01-31,49.27999877929688,49.41999816894531,48.65999984741211,48.90999984741211,40.86692810058594,24934700.0,-0.0147059892023455,-0.0148151942293181,0.7599983215332031,63.87812261746405,WFC,,,,24934700.0,1019004592.1096802,1.0230439947326673,47.672800279536396,-1.470598920234556,1.8596903580876356,18.81315749950084,음봉,41.27705535888672,40.43327102661133,41.20987637837728,True,False,0,0.8585709163120805,0.07290643037621741,False,63.87812261746405,0.379783831686602,0.14037105634751237,-174.02452427085845
2019-02-01,49.0,49.08000183105469,48.790000915527344,48.90999984741211,40.86692810058594,21123500.0,0.0,0.0,0.2900009155273437,63.1119229951681,WFC,,,,21123500.0,863252555.732727,0.868817532979055,-15.284723698299963,0.0,0.7096224967376146,19.90135367991472,음봉,41.14843978881836,40.548509407043454,41.157069269816084,True,False,0,0.8142852783203115,0.0528905816314331,False,63.1119229951681,0.34644691383456205,0.08562731079637792,-174.02452427085845
2019-02-04,48.84999847412109,49.150001525878906,48.709999084472656,49.060001373291016,40.99227523803711,17547800.0,0.0030672023388362,0.003062508070141,0.44000244140625,60.31527825601642,WFC,,,,17547800.0,719324247.4220276,0.7246427787191227,-16.92759249177457,0.30672023388362835,1.0733789204214936,19.534304985895652,음봉,41.09623260498047,40.61287975311279,41.105666923522946,True,False,0,0.7678568703787657,0.05280675145085687,False,60.31527825601642,0.3263793348715538,0.05244778546669571,-170.47361647083488
2019-02-05,49.27000045776367,49.31999969482422,48.75,49.27000045776367,41.1677360534668,14784900.0,0.0042803385372196,0.0042712039450445,0.5699996948242188,71.68106178693408,WFC,,,,14784900.0,608660860.7769012,0.6116985265429722,-15.744993674420726,0.42803385372196523,1.3845786760873342,20.19337831739963,음봉,41.07415084838867,40.69885807037353,41.05869464874267,True,True,0,0.7199995858328673,0.05269519461990353,False,71.68106178693408,0.3209343242667586,0.037602219889520394,-267.53990847715744
2019-02-06,49.09000015258789,49.52999877929688,49.06999969482422,49.220001220703125,41.125953674316406,12145700.0,-0.0010149302137024,-0.0010154456041248,0.4599990844726633,60.37306498695739,WFC,,,,12145700.0,499503495.5421448,0.5045407933560212,-17.850644914744095,-0.10149302137024696,1.1185128693074846,19.243866334626745,음봉,41.003964233398435,40.78688716888428,41.01061534881592,True,True,0,0.6564282008579794,0.04994230402899561,False,60.37306498695739,0.3096778518177743,0.021076597952428833,-339.9088750561509
2019-02-07,49.09000015258789,49.29999923706055,47.709999084472656,48.08000183105469,40.17341613769531,24189700.0,-0.0231614698631527,-0.0234339116965435,1.5900001525878906,41.81151466298738,WFC,,,,24189700.0,971782884.3460083,1.0014234600435317,99.16266662275537,-2.3161469863152706,3.957841541625757,19.365013493280074,음봉,40.86526184082031,40.81652488708496,40.94652264912923,True,False,0,0.7014282771519247,0.04990603989486859,True,41.81151466298738,0.22134368556097428,-0.05380605464349697,-266.3101791693401
2019-02-08,47.93999862670898,48.040000915527344,47.060001373291016,47.650001525878906,39.81413650512695,20641200.0,-0.0089432183545685,-0.0089834489722545,0.979999542236328,25.98733131368759,WFC,,,,20641200.0,821811554.4296265,0.8545512004007546,-14.669466756512072,-0.8943218354568572,2.4614361336459765,19.332641422361306,음봉,40.654703521728514,40.830268669128415,40.87809791564941,False,False,0,0.678571156093052,0.0498892411385213,False,25.98733131368759,0.12095308677243821,-0.12335732274562644,-208.21453509467136
2019-02-11,47.869998931884766,47.959999084472656,47.380001068115234,47.650001525878906,39.81413650512695,15995900.0,0.0,0.0,0.5799980163574219,26.996026840581195,WFC,,,,15995900.0,636862946.1223602,0.6642742489453427,-22.50499001996008,0.0,1.4567640222028533,20.233673599125883,음봉,40.41907577514648,40.83904476165772,40.81919581095378,False,False,0,0.6864283425467355,0.049878520207142917,False,26.996026840581195,0.04092110097774082,-0.1627114468322591,-208.21453509467136
2019-02-12,48.0099983215332,49.459999084472656,48.0099983215332,49.04999923706055,40.9838981628418,22033000.0,0.0293805607855945,0.0289572240341147,1.4500007629394531,43.76798526470818,WFC,,,,22033000.0,902998228.2218933,0.9152206443037186,37.74154627123201,2.938056078559459,3.5379766882548562,20.585305963751974,음봉,40.38230819702149,40.88353729248047,40.77440719604492,False,True,0,0.7314284188406808,0.04982423866144805,True,43.76798526470818,0.07106596114459052,-0.10605326933232753,-174.60068993413068
2019-02-13,49.2400016784668,49.709999084472656,48.88999938964844,49.02000045776367,40.95883941650391,13770900.0,-0.0006114290602206,-0.0006116160591967,0.8199996948242188,44.74666421344534,WFC,,,,13770900.0,564040081.7207338,0.5739928011288694,-37.49875187219172,-0.061142906022060295,2.00200910598509,20.144749244742236,음봉,40.34888534545898,40.957828521728516,40.73734359741211,False,True,0,0.7407142094203404,0.04140525772505491,False,44.74666421344534,0.0918748722666507,-0.06819548656821389,-175.32076894660608
2019-02-14,48.630001068115234,48.90999984741211,48.02999877929688,48.52000045776367,40.54106521606445,16456500.0,-0.0101998544487841,-0.0102522294132247,0.8800010681152273,38.88123324537618,WFC,,,,16456500.0,667164039.7281647,0.6870905825944568,19.50199333376903,-1.019985444878413,2.170641208920494,18.72895267760031,음봉,40.42241516113281,40.95865001678467,40.6840705871582,False,False,0,0.7621427263532361,0.04140442727252521,False,38.88123324537618,0.073804426275764,-0.06901274604728047,-198.14413075263275
2019-02-15,49.09000015258789,49.41999816894531,48.4900016784668,49.220001220703125,41.125953674316406,19346200.0,0.0144270619219,0.0143239821071046,0.9299964904785156,48.64091850558842,WFC,,,,19346200.0,795630924.97406,0.8124555796374859,17.559626895147808,1.442706192190002,2.261337202884874,21.08709993425607,음봉,40.6847785949707,40.97670936584473,40.63888950347901,False,True,0,0.7785709926060262,0.041386179418651185,False,48.64091850558842,0.10546336211182705,-0.02988304816897394,-180.366350398225
2019-02-19,49.02999877929688,49.619998931884766,48.81999969482422,49.380001068115234,41.25963973999024,15121700.0,0.0032506496197637,0.0032453776800182,0.7999992370605469,49.807008484306536,WFC,,,,15121700.0,623915894.2562104,0.6391637407271261,-21.83632961511821,0.32506496197637347,1.9389389779018367,19.219116880726915,음봉,40.97387924194336,40.96915969848633,40.59069245656331,True,True,1,0.8078566959926056,0.04139380593308656,False,49.807008484306536,0.13972992548885088,0.0035068121664399154,-176.30294056603682
2019-02-20,49.43000030517578,49.880001068115234,49.29999923706055,49.810001373291016,41.618927001953125,16742600.0,0.0087079592606003,0.0086702636597954,0.5800018310546875,51.43335358159394,WFC,,,,16742600.0,696809047.2229004,0.7107648157117825,10.719032912966142,0.8707959260600306,1.3936011157314765,19.802307089139582,음봉,41.100885009765626,40.985784912109374,40.55924777984619,True,True,1,0.7949998038155692,0.04403454760464868,False,51.43335358159394,0.19364567637685326,0.04593805044355384,-192.9459205731245
2019-02-21,49.7599983215332,49.88999938964844,49.369998931884766,49.560001373291016,41.41004180908203,16938800.0,-0.0050189951524048,-0.0050316326112042,0.5200004577636719,55.9633688464303,WFC,,,,16938800.0,701436416.1956787,0.7200322088159016,1.1718610012781738,-0.5018995152404893,1.255735167235754,19.560983201700584,음봉,41.19112548828125,40.981200981140134,40.52583999633789,True,True,1,0.7778570992606026,0.04403947306612001,False,55.9633688464303,0.2170173669418034,0.055447792806803176,-199.64535422117441
2019-02-22,49.59999847412109,49.75,48.95000076293945,49.02000045776367,40.95883941650391,15848200.0,-0.010895965636991,-0.0109557614224897,0.7999992370605469,50.91820386610557,WFC,,,,15848200.0,649123878.8406373,0.6756641384779193,-6.43847261907573,-1.0895965636991023,1.9531784798037906,19.777706824828268,음봉,41.27468032836914,40.959853172302246,40.49319254557292,True,True,0,0.8142855507986886,0.04406242593776196,False,50.91820386610557,0.1968620348774479,0.02823396859395813,-215.588912837476
2019-02-25,49.2599983215332,50.22999954223633,49.25,49.65999984741211,41.49360275268555,16564100.0,0.0130561154515076,0.0129716190447285,0.979999542236328,54.62960353515429,WFC,,,,16564100.0,687304185.3557587,0.7092741859567778,4.517232240885405,1.3056115451507644,2.361808754176933,20.267075491607873,음봉,41.34821014404297,40.95903301239014,40.45496705373128,True,True,1,0.8528567722865513,0.04406330823972874,False,54.62960353515429,0.22148656181727944,0.0422867964270317,-175.59627242489734
2019-02-26,49.4900016784668,50.13999938964844,49.34000015258789,49.59000015258789,41.43510437011719,16997800.0,-0.0014098169039942,-0.0014108116308773,0.7999992370605469,52.52357809521685,WFC,,,,16997800.0,704305617.0623779,0.7278197285472348,2.618313098810088,-0.1409816903994221,1.9307281813859816,19.271401843417195,음봉,41.38330307006836,40.96812267303467,40.41148821512858,True,True,1,0.8692853110177177,0.04405353184548263,False,52.52357809521685,0.23358868133086474,0.043511132752493575,-177.4416483352507
2019-02-27,49.59000015258789,50.02999877929688,49.36000061035156,49.900001525878906,41.69412612915039,17455000.0,0.0062512635836391,0.0062318054851411,0.6699981689453196,55.15148748193697,WFC,,,,17455000.0,727770971.5843201,0.7442018825381009,2.6897598512748644,0.6251263583639144,1.6069365907081363,19.681127648738293,음봉,41.39834289550781,40.9889217376709,40.35631771087647,True,True,1,0.8842852456229073,0.04586579847245973,False,55.15148748193697,0.26107112404836386,0.05679486037599413,-169.27061020751003
2019-02-28,49.97999954223633,50.130001068115234,49.72999954223633,49.88999938964844,41.68577575683594,17786600.0,-0.0002002769476109,-0.0002002970057169,0.4000015258789062,66.54494799343642,WFC,,,,17786600.0,741448219.0765381,0.7597769885892671,1.8997421942136938,-0.02002769476109334,0.9595635888179701,19.872999346286527,음봉,41.45348968505859,40.999366188049315,40.30528608957926,True,True,1,0.7992853437151227,0.04585411431485557,False,66.54494799343642,0.2789616563170654,0.059748314115756485,-169.5340290446645
2019-03-01,50.22999954223633,50.84000015258789,49.869998931884766,50.02999877929688,41.80274200439453,19051400.0,0.0028059031032765,0.0028019739054136,0.970001220703125,72.9729586804831,WFC,,,,19051400.0,796400759.022522,0.8132493494788208,7.110971180551662,0.28059031032765525,2.3204248673475854,20.496736909110407,음봉,41.62227020263672,41.046156883239746,40.25289173126221,True,True,1,0.7985711778913226,0.04844803144236822,False,72.9729586804831,0.2991300457195223,0.06393336281457068,-161.19250114110196
2019-03-04,50.290000915527344,50.900001525878906,49.68999862670898,50.11000061035156,41.86959838867188,16697000.0,0.0015993301173957,0.0015980525509691,1.210002899169929,73.38409180269826,WFC,,,,16697000.0,699096684.2956544,0.7161514251938335,-12.358146907838796,0.15993301173957697,2.889931945220912,20.30311530817903,음봉,41.697469329833986,41.09629039764404,40.20216363271077,True,True,1,0.8435715266636444,0.05001575236247513,False,73.38409180269826,0.31685587381800673,0.06532735273044404,-212.47035033137647
2019-03-05,50.02999877929688,50.04999923706055,49.33000183105469,49.88999938964844,41.68577575683594,14235400.0,-0.0043903605219599,-0.0044000264563826,0.7199974060058594,60.29429372303939,WFC,,,,14235400.0,593413692.2088623,0.6108798894459068,-14.742768161945264,-0.43903605219599573,1.7272016483651236,19.49003741300001,음봉,41.74760360717774,41.13096542358399,40.182321866353355,True,True,0,0.7914284297398163,0.049973587110755065,False,60.29429372303939,0.312468824075566,0.048752242390402656,-221.05285543773357
2019-03-06,49.970001220703125,50.220001220703125,49.68000030517578,49.81999969482422,41.62728118896485,14211000.0,-0.0014032260839357,-0.0014042115276317,0.5400009155273438,59.70867546513303,WFC,,,,14211000.0,591565292.9763795,0.6118031297394955,-0.17140368377425164,-0.1403226083935727,1.2972284043150406,19.87302698213234,음봉,41.73423461914062,41.15394268035889,40.171027755737306,True,True,0,0.7714285169328967,0.04994568562991943,False,59.70867546513303,0.30080454522695277,0.029670370833431547,-223.09099174059077
2019-03-07,49.709999084472656,49.84999847412109,49.290000915527344,49.68000030517578,41.51030349731445,19047300.0,-0.0028101208704787,-0.002814076672725,0.5599975585937429,65.4253756171243,WFC,,,,19047300.0,790659203.8043976,0.8212552494488258,34.03208781929492,-0.2810120870478716,1.3490567676287224,19.41687678043813,음봉,41.69914016723633,41.17316017150879,40.16923853556315,True,True,0,0.7485711233956478,0.04992237357984675,False,65.4253756171243,0.27890633944208076,0.006217732038847623,-289.6140507497226
2019-03-08,49.2599983215332,49.900001525878906,49.16999816894531,49.79999923706055,41.61057662963867,17400000.0,0.0024156203129352,0.0024127073922509,0.7300033569335938,59.11944629087532,WFC,,,,17400000.0,724024033.3557129,0.7584726732231677,-8.64846986187019,0.2415620312935296,1.7543697205426898,18.6693282662222,음봉,41.66070709228516,41.24501819610596,40.18926970163981,True,True,0,0.7342858995710105,0.04983539766601412,False,59.11944629087532,0.2665702019961316,-0.004894724325681277,-346.6065730110406
2019-03-11,50.0,50.09999847412109,49.630001068115234,49.7599983215332,41.57715606689453,19471500.0,-0.0008031747082384,-0.000803497425855,0.4699974060058522,56.20920395968687,WFC,,,,19471500.0,809569594.3565369,0.8611871998018581,11.905172413793096,-0.080317470823843,1.1304222088919733,20.16175705766512,음봉,41.60221862792969,41.33316917419434,40.223096720377605,True,True,0,0.7107143402099609,0.04972911404113241,False,56.20920395968687,0.2512012721885597,-0.01621092330660251,-378.0944518673425
2019-03-12,49.77999877929688,50.04999923706055,49.540000915527344,49.650001525878906,41.4852409362793,18299300.0,-0.0022107123071946,-0.0022131595390628,0.5099983215332031,47.08038622712088,WFC,,,,18299300.0,759150869.4652557,0.8151867845452945,-6.020080630665337,-0.22107123071946067,1.2293488238782386,19.72920586296136,음봉,41.56211166381836,41.416724395751956,40.25566781361898,True,True,0,0.7057140895298549,0.03207721498959716,False,47.080386227120876,0.2289651341741319,-0.030757649056824266,-382.8080464649508
2019-03-13,49.869998931884766,50.08000183105469,49.61000061035156,49.91999816894531,41.71082305908203,21647300.0,0.0054376476479724,0.0054229170178572,0.470001220703125,56.52130042246858,WFC,,,,21647300.0,902926700.0068665,0.9731930529347611,18.295781805861424,0.5437647647972499,1.1268087902206665,20.211424126677557,음봉,41.578820037841794,41.453070640563965,40.3017972946167,True,True,1,0.7021427154541016,0.03204908953855377,False,56.52130042246858,0.22692952433884273,-0.026234607113690744,-371.2397370011796
2019-03-14,50.06999969482422,50.790000915527344,49.93000030517578,50.34999847412109,42.070125579833984,20160700.0,0.0086141316425958,0.0085772417090665,0.8600006103515625,75.09402171759521,WFC,,,,20160700.0,848163180.777359,0.914338654360343,-6.867369140724245,0.8614131642595835,2.0442073763711264,20.04078563470609,음봉,41.6907844543457,41.50863494873047,40.36067740122477,True,True,1,0.7064285278320312,0.036837163295255444,False,75.09402171759521,0.25141089123057014,-0.0014025921775706607,-410.3964631430398
2019-03-15,50.220001220703125,50.79999923706055,50.0,50.65999984741211,42.32913589477539,46117300.0,0.0061566327975393,0.0061377581636814,0.7999992370605469,71.55111342007682,WFC,,,,46117300.0,1952105458.8001251,2.0865831604382916,128.74850575624853,0.6156632797539308,1.889949369742011,19.372121020660146,음봉,41.834496307373044,41.59803848266601,40.42290833791097,True,True,1,0.6935713631766183,0.03294137243616625,False,71.55111342007682,0.2883881594603679,0.028459740841781656,-395.42479768913586
2019-03-18,50.84000015258789,52.06999969482422,50.83000183105469,51.72999954223633,43.22319412231445,23843300.0,0.0211215799387347,0.0209016113671357,1.2399978637695312,82.22884732006678,WFC,,,,23843300.0,1030583584.4165802,1.087685630296721,-48.298577757154035,2.112157993873476,2.868825150359188,20.10639734997043,음봉,42.16370391845703,41.70290050506592,40.501282119750975,True,True,1,0.7249998365129743,0.05429729535324465,True,82.22884732006678,0.3853933631539448,0.10037195562828682,-205.0621006079835
2019-03-19,52.41999816894531,52.41999816894531,51.34000015258789,51.40999984741211,42.955814361572266,19911900.0,-0.0061860250305784,-0.0062052377580067,1.079998016357422,72.6725820957728,WFC,,,,19911900.0,855331879.9861908,0.9123070169658819,-16.48848942889617,-0.6186025030578413,2.514206824870662,21.27747435926515,음봉,42.457818603515626,41.78770923614502,40.58693033854167,True,True,1,0.754285539899553,0.05418709824495347,False,72.6725820957728,0.4356732043571867,0.12052143746522298,-191.20565561147836
2019-03-20,51.18999862670898,51.56999969482422,50.33000183105469,50.400001525878906,42.111907958984375,20632400.0,-0.0196459179072818,-0.0198414643157545,1.2399978637695312,55.88911335388661,WFC,,,,20632400.0,868869729.7729492,0.9514147545712464,3.618439224785175,-1.9645917907281873,2.9445302382814114,19.168963241686114,음봉,42.5380355834961,41.81235828399658,40.65340735117594,True,True,0,0.814285278320312,0.05415515409177978,True,55.889113353886614,0.4027811366677412,0.07010349582062192,-217.17200646033655
2019-03-21,49.97999954223633,50.13999938964844,49.16999816894531,49.86000061035156,41.66069793701172,24132800.0,-0.0107145471160347,-0.0107723612147608,0.970001220703125,48.20297901255542,WFC,,,,24132800.0,1005389291.1743164,1.1149551987695034,16.96554933017971,-1.07145471160347,2.3283364627489056,18.683768949426888,음봉,42.45615005493164,41.824891090393066,40.725060844421385,True,True,0,0.814285278320312,0.05413892652862517,False,48.20297901255542,0.336426937874279,0.002999437621727774,-231.0553917518029
2019-03-22,49.25,49.470001220703125,48.0,48.310001373291016,40.365604400634766,27975800.0,-0.0310866980273601,-0.03158014274266,1.470001220703125,35.48393510271912,WFC,,,,27975800.0,1129260075.591278,1.2985154427505836,15.924385069283309,-3.1086698027360193,3.641717354491064,18.216934518146612,음봉,42.06344375610352,41.79522933959961,40.79610665639242,True,False,0,0.8328565870012545,0.06837119371832744,True,35.483935102719116,0.17729379987355998,-0.12490696030319304,-172.7239538922011
2019-03-25,48.41999816894531,48.88999938964844,47.84999847412109,48.08000183105469,40.17341613769531,17227600.0,-0.0047611887841925,-0.0047725593494735,1.0400009155273509,35.4267263434631,WFC,,,,17227600.0,692091543.8537598,0.8157019836790279,-38.41963411233995,-0.4761188784192516,2.5887788879161375,19.953606264307265,음봉,41.453488159179685,41.7292200088501,40.83648579915364,False,False,0,0.855713980538504,0.07308495064063818,False,35.4267263434631,0.03526514029522332,-0.21354849590522376,-167.97774286768384
2019-03-26,48.52000045776367,49.040000915527344,48.40999984741211,49.0099983215332,40.95047378540039,16989600.0,0.019342583290445,0.0191578933140478,0.6300010681152344,44.27150498229667,WFC,,,,16989600.0,695732169.4244385,0.8284596767246166,-1.3815040980751814,1.9342583290445026,1.5384463472064676,20.776386781398546,음봉,41.05242004394531,41.70498847961426,40.89064394632975,False,True,0,0.8621425628662104,0.07312741462834589,False,44.27150498229667,-0.014425252324393512,-0.21059111081987247,-150.97429211067092
2019-03-27,48.93999862670898,49.18999862670898,48.45000076293945,48.77000045776367,40.74995040893555,16912000.0,-0.0048967290956309,-0.0049087573557012,0.7399978637695241,43.65412191400868,WFC,,,,16912000.0,689163161.315918,0.8254026589676517,-0.45675001177191143,-0.48967290956309917,1.8159478878954887,19.51021344265131,음봉,40.78002853393555,41.657779693603516,40.93800977071126,False,False,0,0.8749997275216234,0.07321028645910836,False,43.65412191400868,-0.06918824805689638,-0.2122832852419003,-155.3621124576164
2019-03-28,48.72999954223633,49.220001220703125,48.34999847412109,49.09000015258789,41.01732635498047,15881600.0,0.006561380894007,0.0065399487330213,0.8700027465820384,45.18311157419768,WFC,,,,15881600.0,651420770.2392578,0.7823182792921094,-6.092715231788082,0.6561380894007041,2.1210615705487093,19.58296649006703,음봉,40.651354217529295,41.62435722351074,40.98569151560466,False,True,0,0.8849996839250837,0.07326907099712594,False,45.183111574197675,-0.08997612368354879,-0.18645692869484215,-149.51143491057542
2019-03-29,49.79999923706055,49.79999923706055,47.79999923706055,48.31999969482422,40.37396240234375,53590800.0,-0.0156851752615172,-0.0158094892610781,2.0,41.111114868711326,WFC,,,,53590800.0,2163672944.3115234,2.5860939577821678,237.4395526899053,-1.5685175261517248,4.953687676401803,21.412104743423033,음봉,40.6530258178711,41.5529182434082,41.01078205108642,False,False,0,0.9942855834960943,0.07339503730530277,True,41.111114868711326,-0.15656003244827588,-0.20243266996765538,-160.7367651855124
2019-04-01,48.43000030517578,48.900001525878906,48.16999816894531,48.810001373291016,40.78337478637695,42015500.0,0.0101405054067578,0.0100894354417928,0.7300033569335938,45.04714086050914,WFC,,,,42015500.0,1713533883.3370209,1.9993637782162434,-21.599416317726174,1.0140505406757816,1.789953285517313,19.95354783994243,음봉,40.77501754760742,41.498607063293456,41.04780228932699,False,False,0,1.0100002288818364,0.07349109284481851,False,45.04714086050914,-0.17428307526189002,-0.1761245702250156,-151.87502322259425
2019-04-02,48.56999969482422,48.880001068115234,47.959999084472656,48.209999084472656,40.28204727172852,35393600.0,-0.0122924480201646,-0.0123686250713314,0.920001983642578,40.29523806069039,WFC,,,,35393600.0,1425726668.3166506,1.66060896281796,-15.760612155038023,-1.2292448020164604,2.2839007596524783,19.0926448564729,음봉,40.64133224487305,41.42842063903809,41.05742193857829,False,False,0,1.0421431405203687,0.07361559860540105,False,40.29523806069039,-0.22617445669452252,-0.18241276132611847,-162.72627063714526
2019-04-03,48.470001220703125,48.869998931884766,48.08000183105469,48.86000061035156,40.82515335083008,30366300.0,0.0134825838279259,0.013392502576699,0.7899971008300781,41.74970170081095,WFC,,,,30366300.0,1239708854.1973114,1.4141299835544698,-14.203980380633785,1.3482583827925998,1.9350744234596133,20.326558612429864,음봉,40.65637283325195,41.38831424713135,41.08037166595459,False,False,0,1.0371428898402628,0.07368693410436553,False,41.74970170081095,-0.22092790926532757,-0.1417329711175388,-150.97072508164032
2019-04-04,48.95000076293945,49.68000030517578,48.880001068115234,49.16999816894531,41.084171295166016,19260100.0,0.0063445675784747,0.0063245255369845,0.7999992370605469,41.749760602503066,WFC,,,,19260100.0,791285247.562027,0.8989193954161705,-36.57409694299273,0.6344567578474791,1.9472200894914367,19.901572303448987,음봉,40.669741821289065,41.367007637023924,41.109018325805664,False,False,0,1.0371428898402628,0.07372488750889383,False,41.749760602503066,-0.19363726931804592,-0.09155386493620571,-145.36427477386354
2019-04-05,49.2599983215332,49.40999984741211,48.59999847412109,48.77999877929688,40.7583122253418,23734900.0,-0.0079314991528759,-0.0079631208080212,0.8100013732910227,32.33520983830998,WFC,,,,23734900.0,967394464.837265,1.107449013826646,23.23352422884617,-0.7931499152875943,1.9873280542450875,19.900187270734023,음봉,40.746611785888675,41.324394416809085,41.12864583333333,False,False,0,1.0064288548060836,0.07380091172923794,False,32.33520983830998,-0.19604347698842162,-0.0751680580852651,-152.4175030240978
2019-04-08,48.63999938964844,49.09999847412109,48.58000183105469,48.880001068115234,40.84186935424805,18875200.0,0.0020500635169651,0.00204796500432,0.5199966430663991,34.440267663403574,WFC,,,,18875200.0,770898452.4353027,0.8826496793954913,-20.47491247066556,0.20500635169651282,1.273195011119914,19.337619086705313,음봉,40.75831069946289,41.28763008117676,41.15035597483317,False,False,0,0.9664287567138677,0.07386662733179132,False,34.440267663403574,-0.18902904277767618,-0.05452289909961572,-184.56575697446988
2019-04-09,48.68000030517578,48.70000076293945,48.02000045776367,48.13999938964844,40.22354888916016,22903500.0,-0.0151393771848391,-0.0152551475021121,0.6800003051757812,35.623266155826414,WFC,,,,22903500.0,921260051.9828798,1.0684842859732495,21.341760617106043,-1.5139377184839153,1.6905527332995582,19.191410860611047,음봉,40.746611022949224,41.2245454788208,41.16010487874349,False,False,0,0.9264289311000284,0.07397966306713971,False,35.623266155826414,-0.23070393577879145,-0.07695823368058477,-323.7799082842501
2019-04-10,48.08000183105469,48.18999862670898,47.400001525878906,47.790000915527344,39.93110656738281,30977800.0,-0.0072704256549616,-0.0072969840048649,0.789997100830071,36.505796469974754,WFC,,,,30977800.0,1236977833.0230713,1.4322871611870127,35.25356386578471,-0.727042565496161,1.9784002216341519,19.53197357981448,음봉,40.56780166625977,41.13555965423584,41.15738919576009,False,False,0,0.9135714939662388,0.08003021188001865,False,36.505796469974754,-0.28405483276442567,-0.10424730453297518,-311.2042533915075
2019-04-11,47.970001220703125,48.2599983215332,47.380001068115234,47.7400016784668,39.88932800292969,33662700.0,-0.0010462661329614,-0.0010468138514447,0.8799972534179688,45.38073860529405,WFC,,,,33662700.0,1342782481.7642212,1.5367406910800279,8.667174557263579,-0.10462661329614376,2.2060969624590743,20.131910543863505,음봉,40.3288330078125,41.026519775390625,41.164327748616536,False,False,0,0.8714283534458706,0.08126124608269976,False,45.38073860529405,-0.325949639444417,-0.11691368897037321,-309.5321790450008
2019-04-12,47.75,48.81999969482422,46.060001373291016,46.4900016784668,38.84488677978516,70271400.0,-0.0261834750153678,-0.026532365789685,2.759998321533203,38.94289749131984,WFC,,,,70271400.0,2729684576.856995,3.0952328249326344,108.75152616991505,-2.6183475015367885,7.105177927740809,19.706203114008293,음봉,39.94614791870117,40.85230731964111,41.136331939697264,False,False,0,0.9942853110177171,0.10717405282086165,True,38.94289749131984,-0.4383759286958906,-0.18347198257747743,-192.91761269172923
2019-04-15,45.869998931884766,47.060001373291016,45.65999984741211,46.77000045776367,39.07885360717773,34954000.0,0.0060231048868526,0.0060050384981545,1.4000015258789062,32.87471273675639,WFC,,,,34954000.0,1365962248.9852903,1.5277287617554913,-50.25856891993043,0.6023104886852648,3.5825040825193595,18.085037013817384,음봉,39.59354476928711,40.64509029388428,41.10823338826497,False,False,0,1.0492853437151222,0.10114204574434563,False,32.87471273675639,-0.5027994462525314,-0.19831640010729457,-158.9649084656808
2019-04-16,46.880001068115234,47.869998931884766,46.869998931884766,47.650001525878906,39.81413650512695,25217100.0,0.0188153650908065,0.0186405455669643,1.0,42.20057888886907,WFC,,,,25217100.0,1003997061.6634369,1.1038678241312692,-27.856325456314014,1.8815365090806502,2.5116706973444667,19.962580119045885,음봉,39.511662292480466,40.48800640106201,41.081625111897786,False,False,0,1.067856924874442,0.08069108532628361,False,42.20057888886907,-0.48888875793483777,-0.14752456943168074,-141.20444937508984
2019-04-17,47.959999084472656,47.959999084472656,46.91999816894531,47.54999923706055,39.73057556152344,25144000.0,-0.002098775734914,-0.0021009812511697,1.0400009155273438,38.93676671813765,WFC,,,,25144000.0,998985591.9189453,1.1059567305718625,-0.28988265898933774,-0.20987757349140157,2.617633650730495,20.459724345137417,음봉,39.47155609130859,40.36893978118896,41.055694325764975,False,False,0,1.0799996512276782,0.06975192245545822,False,38.93676671813765,-0.47908451890860704,-0.11017626432435995,-143.22282995293364
2019-04-18,47.43999862670898,47.869998931884766,47.119998931884766,47.58000183105469,39.75564193725586,22416800.0,0.0006309089505538,0.0006307100111725,0.75,44.05133885154052,WFC,,,,22416800.0,891194274.1790771,0.9882932471333543,-10.846325167037863,0.06309089505538434,1.8865246879516715,19.404257190403328,음봉,39.44481887817383,40.27368698120117,41.02659301757812,False,False,0,0.9907139369419637,0.05560167650967984,False,44.05133885154052,-0.46394388549449417,-0.07602850472819761,-146.87455815467362
2019-04-22,47.40999984741211,47.5,47.09999847412109,47.2599983215332,39.48826599121094,15972600.0,-0.0067254843090424,-0.0067482022955729,0.4000015258789133,37.19008576290493,WFC,,,,15972600.0,630730277.3712158,0.7143890706914306,-28.747189607794155,-0.6725484309042407,1.012963005182206,19.25351355723724,음봉,39.57349472045898,40.22982006072998,40.994967524210615,False,False,0,0.9671423775809151,0.05566230502648239,False,37.19008576290493,-0.46812359135886794,-0.064166568474057,-153.52570033373854
2019-04-23,47.20000076293945,47.43999862670898,46.95000076293945,47.34999847412109,39.5634651184082,16434300.0,0.0019043410823358,0.0019025301236144,0.4899978637695241,42.23821508449396,WFC,,,,16434300.0,650197854.7954559,0.7443078143194589,2.8905751098756705,0.19043410823358364,1.23851099064004,19.529180575933488,음봉,39.67041702270508,40.19932250976562,40.96252517700195,False,False,0,0.9364277975899827,0.05570453369797122,False,42.23821508449396,-0.4600647571302332,-0.04488618739633776,-151.65507549209113
2019-04-24,47.060001373291016,47.68999862670898,47.02999877929688,47.47999954223633,39.67208480834961,17831800.0,0.0027454544139731,0.0027416925378035,0.6599998474120952,36.25495652806572,WFC,,,,17831800.0,707424681.8855286,0.80700574262514,8.5035565859209,0.2745454413973114,1.6636379222328843,18.94812861423203,음봉,39.64200668334961,40.135403060913085,40.93617140452067,False,False,0,0.9271422794886982,0.055793248468996644,False,36.25495652806572,-0.43984313388305196,-0.01973165131932514,-148.95309346291916
2019-04-25,47.16999816894531,47.959999084472656,46.90999984741211,47.5099983215332,39.6971549987793,23042800.0,0.0006319352902879,0.000631735703262,1.0499992370605469,32.489559173672106,WFC,,,,23042800.0,914733603.2058716,1.0389709917606396,29.223073385749053,0.06319352902879327,2.6450238993016875,18.899721042685535,음봉,39.63532257080078,40.082763290405275,40.90982157389323,False,False,0,0.9449994223458411,0.055866520458106146,False,32.489559173672106,-0.41698762316927684,0.0024990875155599945,-159.00919596354166
2019-04-26,47.52000045776367,47.97999954223633,47.400001525878906,47.959999084472656,40.07315444946289,13035500.0,0.0094716976744342,0.0094271223940191,0.5799980163574219,41.45833650378168,WFC,,,,13035500.0,522373604.8259735,0.590776611551788,-43.429183953339,0.9471697674434232,1.4473480421634133,19.706312604076867,음봉,39.69882507324219,40.03555469512939,40.886426035563154,False,False,0,0.9285706111362982,0.055932396401973096,False,41.45833650378168,-0.3643346301262369,0.04412166444687998,-162.40836128746116
2019-04-29,47.970001220703125,48.790000915527344,47.959999084472656,48.27000045776367,40.33217239379883,16918700.0,0.00646362753056,0.00644282786953,0.8300018310546875,43.91209179749436,WFC,,,,16918700.0,682367925.0789642,0.7684207961331758,29.78942119596486,0.6463627530560068,2.0579150137281035,19.706077247298104,음봉,39.86760635375977,40.033465194702146,40.87751344045003,False,False,0,0.9507138388497474,0.05593531572873161,False,43.912091797494355,-0.2982679234346577,0.08815069691076738,-168.60214274935868
2019-04-30,48.34999847412109,48.560001373291016,48.11000061035156,48.40999984741211,40.44915390014648,18525100.0,0.00290045141148,0.0028962532180964,0.4500007629394531,53.061289985288894,WFC,,,,18525100.0,749324620.9156035,0.8373980303933501,9.494819341911608,0.29004514114800983,1.112509705519016,19.879479840652024,음봉,40.04474411010742,40.016754150390625,40.870550537109374,True,False,0,0.934285300118581,0.05595867438336433,False,53.061289985288894,-0.2337753359370467,0.12211462752670271,-164.90019616719502
2019-05-01,48.31999969482422,48.84999847412109,47.9900016784668,48.22999954223633,40.29875564575195,17542100.0,-0.0037182052006773,-0.0037251349083509,0.8599967956542898,55.18873968599561,WFC,,,,17542100.0,706924801.4133453,0.7925894279842044,-5.306314135956081,-0.3718205200677338,2.1340529797349843,19.45861664772483,음봉,40.17007827758789,40.0175895690918,40.858991877237955,True,False,0,0.939285278320311,0.055957506173995,False,55.18873968599561,-0.19258043057367047,0.13064762631206317,-168.06415390815343
2019-05-02,48.34999847412109,48.4900016784668,47.84999847412109,48.29999923706055,40.35724639892578,16883000.0,0.0014514282695969,0.0014503759656921,0.6400032043457102,56.572864041565,WFC,,,,16883000.0,681351390.953064,0.767240309112375,-3.7572468518592417,0.14514282695969882,1.5858445792345874,19.978886939199686,음봉,40.30209655761719,39.994194221496585,40.845483716328935,True,False,0,0.9221428462437211,0.055990239557751946,False,56.572864041565,-0.15344464200933317,0.13582673190112038,-166.2305871885912
2019-05-03,48.52000045776367,48.77000045776367,48.34999847412109,48.650001525878906,40.649688720703125,16571300.0,0.0072463398242434,0.0072202112522317,0.4200019836425852,82.14282802644713,WFC,,,,16571300.0,673618186.6973877,0.7555562583666382,-1.8462358585559446,0.7246339824243497,1.0332231238677991,20.226241349942956,음봉,40.41740341186524,39.972470092773435,40.83754596710205,True,False,0,0.7550002506801056,0.049958948492000124,False,82.14282802644713,-0.0977053102913743,0.15325285089526341,-157.06311233989362
2019-05-06,47.9900016784668,48.72999954223633,47.880001068115234,48.43000030517578,40.46586990356445,19279900.0,-0.0045220227490955,-0.0045322780220307,0.8499984741210938,75.15149083584224,WFC,,,,19279900.0,780177925.1537323,0.877952327340351,16.345126815639087,-0.4522022749095522,2.1005318213762685,18.05748872567678,음봉,40.44414291381836,39.95784797668457,40.842420196533205,True,False,0,0.7157143184116903,0.04997723039609451,False,75.15149083584224,-0.0675850522180994,0.14669848717483064,-323.44093479370883
2019-05-07,48.04999923706055,48.15999984741211,46.90999984741211,47.16999816894531,39.413063049316406,23919100.0,-0.0260171561060474,-0.0263615895666488,1.25,43.47815838412608,WFC,,,,23919100.0,942724996.382904,1.0820642975573362,24.062365468700552,-2.601715610604749,3.171537310956806,18.74203953002884,음봉,40.236924743652345,39.886407661437985,40.83573563893636,True,False,0,0.7335714612688332,0.045248545726087955,True,43.478158384126075,-0.12720095176203472,0.06966607010471626,-386.4403146930852
2019-05-08,47.060001373291016,47.310001373291016,46.810001373291016,47.0,39.271026611328125,19814400.0,-0.0036037909007619,-0.0036103001986614,0.5,42.66674945396901,WFC,,,,19814400.0,778131829.6875,0.8914648039827816,-17.16076273772843,-0.3603790900761905,1.2732032827880542,19.402040167256782,음봉,40.03137893676758,39.83878154754639,40.826683807373044,True,False,0,0.6949999673025944,0.04530263905696977,False,42.66674945396901,-0.18378952393072012,0.01046199834882472,-369.55811157257506
2019-05-09,46.0,46.83000183105469,45.77999877929688,46.7400016784668,39.43130874633789,23246900.0,0.0040814348093343,0.0040731283481322,1.0500030517578054,45.03856083134536,WFC,,,,23246900.0,916655691.2952423,1.0466002341524236,17.32325985142118,0.40814348093343167,2.662866349459736,17.134702016500974,음봉,39.84619140625,39.81379165649414,40.800807317097984,True,False,0,0.7164287567138662,0.04533107412851937,False,45.03856083134536,-0.21324479307713062,-0.015194616638068592,-206.79774150018386
2019-05-10,46.40999984741211,47.369998931884766,46.11000061035156,47.150001525878906,39.7772102355957,19983400.0,0.0087722548465991,0.0087340021644618,1.2599983215332031,54.31638236497523,WFC,,,,19983400.0,794883903.0220032,0.900097098200162,-14.038430930575686,0.8772254846599159,3.167638741053941,17.6983501764251,음봉,39.671695709228516,39.808185768127444,40.78111349741618,False,False,0,0.7778570992606012,0.045337457763849724,True,54.31638236497523,-0.20629886186269886,-0.006598948338909422,-195.53059089293862
2019-05-13,46.27999877929688,46.9900016784668,46.2599983215332,46.33000183105469,39.085426330566406,23304700.0,-0.0173914636278397,-0.0175444717500515,0.7300033569335938,43.96971455574193,WFC,,,,23304700.0,910874135.0059509,1.0442392470703505,16.620294844721116,-1.739146362783972,1.8677124070735827,16.34802567899039,음봉,39.395606994628906,39.8202127456665,40.756852849324545,False,False,0,0.7950003487723204,0.03944818485924203,False,43.96971455574193,-0.2536909496387807,-0.043192828891992996,-218.0642708211677
2019-05-14,46.380001068115234,46.93000030517578,45.97999954223633,46.4900016784668,39.220401763916016,21267600.0,0.0034533442774309,0.0034473951763436,0.9500007629394532,44.33981926581996,WFC,,,,21267600.0,834123816.5542603,0.9534797316169837,-8.741155217617047,0.34533442774309364,2.422210686820356,18.663157658444604,음봉,39.35707473754883,39.82729015350342,40.72509365081787,False,False,0,0.8157146998814174,0.03927614417420056,False,44.339819265819955,-0.277163166750114,-0.05333203680266099,-213.66767646393802
2019-05-15,46.02000045776367,46.34999847412109,45.4900016784668,45.84000015258789,38.67203903198242,20123300.0,-0.0139815684508898,-0.0140802312995427,0.8599967956542898,38.64338274447354,WFC,,,,20123300.0,778209043.0522919,0.8981179213774835,-5.380484869002611,-1.3981568450889825,2.223820665217725,17.336891995082766,음봉,39.23727722167969,39.77018527984619,40.68196697235108,False,False,0,0.8021430969238276,0.04972694179835492,False,38.64338274447354,-0.3361385614303245,-0.08984594518629718,-202.91574847043026
2019-05-16,45.9900016784668,46.52999877929688,45.7599983215332,45.900001525878906,38.7226676940918,20764100.0,0.0013091800529965,0.0013083238240147,0.770000457763679,33.87643008088605,WFC,,,,20764100.0,804041344.2668915,0.9238979285474407,3.184368369005086,0.1309180052996517,1.9885005440396442,18.923136275364993,음봉,39.09554901123047,39.71978988647461,40.63369598388672,False,False,0,0.8157146998814174,0.04979003399497168,False,33.87643008088605,-0.3744749624339576,-0.10254587695194423,-201.40894161350536
2019-05-17,45.43999862670898,46.22999954223633,45.40999984741211,45.70000076293945,38.553932189941406,22273500.0,-0.0043575382120725,-0.0043670599526742,0.8199996948242188,28.30167952462025,WFC,,,,22273500.0,858731008.6326599,0.9890138818388098,7.269277262197726,-0.43575382120725203,2.126889913029815,17.34728347148999,음봉,38.85089340209961,39.65970439910889,40.58609415690104,False,False,0,0.8150002615792411,0.05284347330659399,False,28.301679524620255,-0.4137034654039695,-0.11341950393756489,-199.30437193313227
2019-05-20,45.619998931884766,45.90999984741211,45.29999923706055,45.45000076293945,38.34302520751953,18854000.0,-0.005470440249332,-0.0054854579014123,0.6100006103515625,24.876614837162563,WFC,,,,18854000.0,722919397.2625732,0.8349807855624909,-15.35232451119043,-0.5470440249332076,1.5909037094755214,18.327745940754838,음봉,38.702413177490236,39.60244235992432,40.54249725341797,False,False,0,0.8264288221086774,0.05824548628136686,False,24.876614837162563,-0.45654796672292264,-0.1250112042052144,-195.97114154034324
2019-05-21,45.619998931884766,46.36000061035156,45.52000045776367,46.33000183105469,39.085426330566406,18416300.0,0.0193620904722271,0.019177030153271,0.8400001525878906,37.317751009780814,WFC,,,,18416300.0,719808936.9316101,0.8146380505648059,-2.321523284183724,1.9362090472227145,2.1491390307056113,18.978611324956518,음봉,38.675418090820315,39.57854042053223,40.50236097971598,False,False,0,0.8250004904610775,0.058280661405769325,False,37.317751009780814,-0.42568988851924416,-0.07532250080122871,-179.09425706873049
2019-05-22,46.06999969482422,46.310001373291016,45.959999084472656,46.09999847412109,38.89138412475586,13155000.0,-0.0049645666947426,-0.0049769310955461,0.3500022888183594,35.10037463581382,WFC,,,,13155000.0,511616158.16116333,0.5834565345949142,-28.568713585247853,-0.4964566694742656,0.8999481419730945,17.870019646672215,음봉,38.719287109375,39.53950538635254,40.45996564229329,False,False,0,0.804286139351981,0.05833819848388296,False,35.10037463581382,-0.4121413150223887,-0.04941914184349855,-184.6862495052988
2019-05-23,45.83000183105469,45.86000061035156,45.06999969482422,45.560001373291016,38.435821533203125,17643700.0,-0.011713715050392,-0.0117828611124522,0.7900009155273438,28.219593478848296,WFC,,,,17643700.0,678150104.385376,0.7815534769030866,34.12162675788672,-1.1713715050392093,2.05537668772058,17.841015079435373,음봉,38.66191787719727,39.47643871307373,40.40566056569417,False,False,0,0.8307146344866067,0.05843139828162051,False,28.219593478848296,-0.4331707440587138,-0.05635885670385887,-181.2617059618718
2019-05-24,45.7599983215332,46.34999847412109,45.59000015258789,46.16999816894531,38.950443267822266,13425500.0,0.0133891176015212,0.0133002754994695,0.759998321533196,36.00209443565107,WFC,,,,13425500.0,522929176.0921478,0.5960174389782685,-23.90768376247613,1.3389117601521283,1.9511929974903413,19.055600989308953,음봉,38.74122009277344,39.420303153991696,40.36007169087728,False,False,0,0.8242860521588996,0.05851460614528585,False,36.00209443565107,-0.40365792764681174,-0.02147683223356539,-198.04388753433534
2019-05-28,46.06999969482422,46.25,45.58000183105469,45.59000015258789,38.46114349365234,19984600.0,-0.0125621105466121,-0.0126416809410069,0.6699981689453125,40.18546690810344,WFC,,,,19984600.0,768630568.2632445,0.8853415590095014,48.85553610666269,-1.256211054661216,1.7420131282781273,18.278499112444145,음봉,38.76484375,39.326751708984375,40.30437838236491,False,False,0,0.7828573499407077,0.05865380213074211,False,40.185466908103436,-0.41496772095990053,-0.0262293004373233,-287.3416692789062
2019-05-29,45.38999938964844,45.68000030517578,45.130001068115234,45.47999954223633,38.36834335327149,16058800.0,-0.0024128284276353,-0.0024157439889229,0.5499992370605469,40.59764568636759,WFC,,,,16058800.0,616149552.2415162,0.7121231094100567,-19.64412597700229,-0.24128284276353495,1.4334714219910436,18.015210330757967,음봉,38.62142715454102,39.222711181640626,40.2460241317749,False,False,0,0.786428724016461,0.058809384759289596,False,40.59764568636759,-0.42650255346111976,-0.030211306350833966,-291.37645932950835
2019-05-30,45.68999862670898,45.84999847412109,44.880001068115234,45.04999923706055,38.00557327270508,13775900.0,-0.0094549320836256,-0.0094999137106626,0.9699974060058524,35.750603148266194,WFC,,,,13775900.0,523560976.8474579,0.6126179944501103,-14.215881634991412,-0.9454932083625689,2.5522504266564687,19.082542099939797,음봉,38.44426498413086,39.10805206298828,40.18468742370605,False,False,0,0.7807140350341787,0.06761051263150046,False,35.750603148266194,-0.4596183112384651,-0.050661651302543353,-276.0816744237351
2019-05-31,44.52999877929688,44.86000061035156,44.220001220703125,44.369998931884766,37.43191146850586,17540500.0,-0.0150941494838919,-0.015209225610794,0.6399993896484375,27.58077479035967,WFC,,,,17540500.0,656574443.113327,0.780863572249727,27.32743414223391,-1.5094149483891983,1.7097694575039661,17.167023004169575,음봉,38.243482971191405,38.961785316467285,40.11476459503174,False,False,0,0.7364283970424097,0.08258803404569003,False,27.58077479035967,-0.5260880852025593,-0.09370514021331006,-245.05735127847421
2019-06-03,44.2400016784668,45.11000061035156,44.20000076293945,44.52000045776367,37.55845260620117,20172500.0,0.0033805684169183,0.00337486714093,0.9099998474121094,33.63480931460208,WFC,,,,20172500.0,757647885.1985931,0.8958342115209665,15.00527350987715,0.33805684169183614,2.422889614099442,18.187930946804762,음봉,37.965084838867185,38.80722351074219,40.04890041351318,False,False,0,0.7492852892194465,0.07818024997894442,False,33.63480931460208,-0.5620757878915654,-0.10375427432185286,-243.28019305445517
2019-06-04,45.15999984741211,45.7599983215332,45.0099983215332,45.68000030517578,38.53707504272461,21082000.0,0.026055983902858,0.0257223104674149,0.75,43.79803897129087,WFC,,,,21082000.0,812438616.0507202,0.9317272400749779,4.508613211054646,2.6055983902858015,1.9461778019439804,20.239245000087855,음봉,37.98027114868164,38.71078376770019,39.99767538706462,False,False,0,0.734999520438057,0.060585153252482905,False,43.79803897129087,-0.5057991122940066,-0.03798207897943523,-243.04422924221635
2019-06-05,45.869998931884766,45.900001525878906,45.29999923706055,45.86000061035156,38.688926696777344,13705400.0,0.0039404042440787,0.0039326611851317,0.6000022888183594,50.16516228584305,WFC,,,,13705400.0,530247215.9500122,0.6059304311407636,-34.99003889574044,0.394040424407871,1.550837255116559,19.02823159523762,음봉,38.04438781738281,38.674576950073245,39.949538230895996,False,False,0,0.7164284842354905,0.06064187256960808,False,50.16516228584305,-0.4438300850803856,0.01918955858734872,-236.52698532240697
2019-06-06,45.7400016784668,46.18999862670898,45.45000076293945,45.91999816894531,38.73954391479492,16020500.0,0.0013083128000497,0.0013074577045986,0.7399978637695241,50.16505073146127,WFC,,,,16020500.0,620626863.286972,0.709791149597076,16.89188203189984,0.13083128000497268,1.9101873408657075,18.225046760671145,음봉,38.19118194580078,38.648002815246585,39.90377661387126,False,False,0,0.7142854418073367,0.06068356955730262,False,50.16505073146127,-0.3861831194719443,0.061469219356631966,-252.79894601319955
2019-06-07,45.900001525878906,46.15999984741211,45.54999923706055,45.630001068115234,38.49488067626953,14979900.0,-0.0063155941913903,-0.0063356219256102,0.6100006103515625,49.430923359934354,WFC,,,,14979900.0,576649463.04245,0.6648186677966138,-6.495427733216818,-0.6315594191390383,1.5846278768376652,18.483587795542817,음봉,38.40377578735352,38.60118141174316,39.85017757415771,False,False,0,0.6992855072021469,0.06075717585100549,False,49.430923359934354,-0.3561344660773642,0.07321429820096959,-264.1259485969507
2019-06-10,46.060001373291016,46.810001373291016,46.060001373291016,46.27000045776367,39.03479766845703,15242700.0,0.0140256829662115,0.0139282332172786,0.75,56.26903935849375,WFC,,,,15242700.0,594995710.42099,0.678503182384426,1.75435083011235,1.402568296621154,1.921362591322088,19.6522773005634,음봉,38.69904479980469,38.56406078338623,39.79958877563477,True,False,0,0.7092854636056067,0.046377125724805804,False,56.26903935849375,-0.285463260011646,0.11510840341335021,-197.90045542505362
2019-06-11,45.84000015258789,46.459999084472656,45.77000045776367,46.2599983215332,39.0263786315918,15078300.0,-0.0002156802998376,-0.0002157035621783,0.6899986267089844,49.38278398356536,WFC,,,,15078300.0,588451444.9207306,0.6727161814612244,-1.0785490759511074,-0.021568029983765058,1.7680313954378322,17.43368197250824,음봉,38.796905517578125,38.5611083984375,39.74454282124837,True,False,0,0.6985710688999706,0.0463806765337333,False,49.38278398356536,-0.22751254298630386,0.13844729635095393,-198.22302381189016
2019-06-12,46.0099983215332,46.27000045776367,44.77999877929688,44.90999984741211,37.88747024536133,22470400.0,-0.0291830404501975,-0.0296173356182926,1.4900016784667898,41.23717725029102,WFC,,,,22470400.0,851346611.4013672,1.001929636222805,49.02475743286709,-2.9183040450197595,3.9327029986891646,17.894613681342637,음봉,38.63661422729492,38.49446182250976,39.65561408996582,True,False,0,0.7799995967320014,0.0429546169442392,True,41.23717725029102,-0.2703699146687555,0.07647193973480187,-241.85935024466673
2019-06-13,45.09999847412109,45.630001068115234,44.91999816894531,45.290000915527344,38.208045959472656,15629400.0,0.0084612594093842,0.0084256636032779,0.7100028991699219,47.96384225796288,WFC,,,,15629400.0,597168833.5189819,0.699139399770303,-30.444495870122466,0.8461259409384247,1.8582549338509047,19.036711034152006,음봉,38.53031463623047,38.47126216888428,39.57648461659749,True,False,0,0.7742854527064712,0.04298052023356584,False,47.963842257962874,-0.27529349745758935,0.057238685556774416,-229.57675870656948
2019-06-14,45.310001373291016,45.790000915527344,44.84000015258789,45.59000015258789,38.46114349365234,16147500.0,0.0066241946643421,0.0066023510978287,0.9500007629394532,45.41144821615736,WFC,,,,16147500.0,621051314.5637511,0.7380200357267301,3.314906522323313,0.6624194664342165,2.470027348761074,18.58759126638252,음봉,38.52356719970703,38.4581859588623,39.515638542175296,True,False,0,0.787857055664061,0.042995134087428555,False,45.41144821615736,-0.2558236408196066,0.06136683375580576,-219.8795374424875
2019-06-17,45.58000183105469,46.02000045776367,45.13999938964844,45.27000045776367,38.19116973876953,13420400.0,-0.0070193897102243,-0.0070441415225962,0.8800010681152344,47.35962811243187,WFC,,,,13420400.0,512540774.3621826,0.6180516040821507,-16.888682458584924,-0.7019389710224311,2.304200353470469,18.509221751499027,음봉,38.35484161376953,38.44004783630371,39.45781307220459,False,False,0,0.8028572627476268,0.043015421549473916,False,47.35962811243187,-0.2591904784207344,0.046399996923742415,-230.2233570497343
2019-06-18,45.25,46.38999938964844,45.060001373291016,46.09999847412109,38.89138412475586,18611100.0,0.0183344576973119,0.0181684080765859,1.329998016357422,54.57216790492318,WFC,,,,18611100.0,723811439.0842438,0.8579154361944679,38.677684718786324,1.8334457697311901,3.4197754754396286,18.48288572859485,음봉,38.327842712402344,38.467465782165526,39.43324273427327,False,False,0,0.8585714612688322,0.04298476201744378,True,54.57216790492318,-0.20301701864583777,0.08205876535891127,-203.39522592941205
2019-06-19,46.47999954223633,46.75,45.630001068115234,45.650001525878906,38.51176071166992,17787600.0,-0.0097611186032408,-0.0098090706201378,1.1199989318847656,54.41184489286746,WFC,,,,17787600.0,685031794.8348999,0.8216649000849954,-4.424778761061942,-0.9761118603240804,2.9081997581725236,19.512330528370224,음봉,38.452700805664065,38.4387825012207,39.40554847717285,True,False,0,0.8692858559744688,0.041699713041126345,False,54.41184489286746,-0.1869762381721145,0.07847963666610763,-217.9401808838403
2019-06-20,45.84999847412109,45.9900016784668,45.2400016784668,45.86000061035156,38.688926696777344,19205200.0,0.0046003086286765,0.0045897595492454,0.75,61.76938479133141,WFC,,,,19205200.0,743028574.9969482,0.890365201091815,7.9695967977692295,0.46003086286765527,1.9385391739556126,19.05453717733429,음봉,38.548876953125,38.42865962982178,39.3678560256958,True,False,0,0.8771430424281519,0.04171069757289387,False,61.76938479133141,-0.15814499268502402,0.08584870572255848,-211.15221369315225
2019-06-21,45.84000015258789,46.88999938964844,45.790000915527344,46.88999938964844,39.55785751342773,39186200.0,0.0224594190337867,0.0222109201607141,1.0999984741210938,66.43549876074937,WFC,,,,39186200.0,1550122116.0926816,1.801832683512855,104.03953096036491,2.2459419033786787,2.780733192508478,18.48351470656385,음봉,38.768219757080075,38.48476142883301,39.34798781077067,True,True,0,0.8907143729073651,0.055241242663105004,False,66.43549876074937,-0.06443776947732971,0.14364474314420225,-247.49477513179835
2019-06-24,46.54999923706055,46.68999862670898,46.22999954223633,46.27000045776367,39.03479766845703,21854400.0,-0.0132226535472287,-0.0133108511644472,0.4599990844726491,54.42261449987088,WFC,,,,21854400.0,853082082.1655273,1.0015118398357576,-44.22934604529145,-1.3222653547228735,1.1784333772642095,17.67573413514463,음봉,38.93694534301758,38.48897914886474,39.31494566599528,True,False,0,0.8700000217982685,0.0552351891875151,False,54.422614499870875,-0.032011667480617234,0.1408566761127318,-272.2843340733736
2019-06-25,46.130001068115234,46.52999877929688,45.43000030517578,46.13999938964844,38.92512893676758,20814000.0,-0.002809511980078,-0.0028134660666334,1.0999984741211009,52.11467516739742,WFC,,,,20814000.0,810187633.6898804,0.9511877932923691,-4.760597408302214,-0.2809511980078061,2.825934053829359,18.176611186566095,음봉,38.943694305419925,38.51217842102051,39.29079844156901,True,False,0,0.9057140350341787,0.055201916175209025,False,52.11467516739742,-0.014990299299107335,0.12630243543539338,-277.4819027921419
2019-06-26,46.209999084472656,46.27999877929688,45.77999877929688,45.79999923706055,38.63829803466797,17106800.0,-0.0073687848938293,-0.0073960685032299,0.5,49.13034674069253,WFC,,,,17106800.0,660977636.819458,0.7816604388845694,-17.8110886903046,-0.7368784893829305,1.2940528579995376,18.715082895522524,음봉,38.96900177001953,38.52567615509033,39.25504716237386,True,False,0,0.8885713304792127,0.05518257580642021,False,49.13034674069253,-0.02436473750901058,0.0935423977803921,-291.0757804759886
2019-06-27,46.220001220703125,46.52999877929688,46.11000061035156,46.290000915527344,39.05168533325195,13391600.0,0.0106989003038662,0.0106420720439314,0.4199981689453196,54.64796141596237,WFC,,,,13391600.0,522964549.30877686,0.613008999635248,-21.717679519255505,1.0698900303866221,1.0754930686376734,19.622249352785985,음봉,39.04155349731445,38.57798175811767,39.23454113006592,True,False,0,0.8749997275216239,0.055107757016721624,False,54.647961415962364,0.001545042555562759,0.09556174227597235,-271.48397104446866
2019-06-28,46.810001373291016,47.70000076293945,46.79999923706055,47.31999969482422,39.92061614990234,31030900.0,0.0222507891589125,0.0220068522446228,0.9000015258789062,57.00940334405515,WFC,,,,31030900.0,1238772647.6860044,1.4441313150795576,131.71913736969444,2.2250789158912543,2.254478043373356,19.866789291761926,음봉,39.114105224609375,38.7024169921875,39.219465510050455,True,True,0,0.8857141222272601,0.06103400581359022,False,57.00940334405515,0.09114353889102489,0.14812819088914758,-166.41710028335953
2019-07-01,47.880001068115234,48.119998931884766,47.400001525878906,47.68999862670898,40.23276138305664,15089100.0,0.0078191486820291,0.0077887375621522,0.7199974060058594,59.10819491582053,WFC,,,,15089100.0,607076159.78508,0.7164751633583478,-51.37395305969211,0.7819148682029153,1.7895798877704534,19.93803123760746,음봉,39.3536979675293,38.83613243103027,39.20527534484863,True,True,0,0.8878568921770368,0.06038941034770529,False,59.10819491582053,0.18520359263749242,0.19375059570849207,-136.144826002986
2019-07-02,47.52000045776367,47.79999923706055,46.91999816894531,47.22999954223633,39.84469223022461,12107200.0,-0.0096456007366041,-0.0096924208587803,0.8800010681152344,66.66664501073276,WFC,,,,12107200.0,482407657.7697754,0.5851557335440063,-19.761947365979417,-0.9645600736604143,2.2085779030003407,18.112699263481154,음봉,39.537610626220705,38.901513290405276,39.19004834493001,True,True,0,0.8442854200090686,0.06028791528461589,False,66.66664501073276,0.22582970127119495,0.18750136347375568,-152.29602992212432
2019-07-03,47.29999923706055,47.790000915527344,46.97999954223633,47.65999984741211,40.20745468139648,10438400.0,0.0091044109231865,0.0090632156245527,0.8100013732910156,66.90442970735026,WFC,,,,10438400.0,419701494.946289,0.5123331090123587,-13.783533765032374,0.910441092318659,2.014555210493824,18.710916284053102,음봉,39.85144195556641,38.97743968963623,39.17947476704915,True,True,0,0.8514281681605753,0.06017047698284055,False,66.90442970735026,0.2840240309065081,0.196556554487255,-141.23619497762374
2019-07-05,48.09999847412109,48.18999862670898,47.66999816894531,47.77000045776367,40.30025100708008,10801600.0,0.0023079383268331,0.0023052791278984,0.5200004577636648,65.98234655673002,WFC,,,,10801600.0,435307191.2780762,0.5336763497113877,3.479460453709371,0.2307938326833181,1.290315679851,19.629553413079883,음봉,40.10115509033203,39.055475044250485,39.18075313568115,True,True,0,0.820713860648019,0.061778297639064186,False,65.98234655673002,0.3337836937134213,0.19705297383533457,-152.06883523662148
2019-07-08,47.400001525878906,47.9900016784668,47.310001373291016,47.52999877929688,40.0977783203125,13189300.0,-0.0050241048556249,-0.0050367681025509,0.6800003051757812,66.76564472824421,WFC,,,,13189300.0,528861627.60009766,0.6570800601277917,22.105058509850384,-0.5024104855624989,1.6958553158325749,17.617137217213664,음봉,40.13658752441406,39.135619926452634,39.18353099822998,True,True,0,0.8064280918666294,0.06165178336904018,False,66.76564472824421,0.35281371441870846,0.17286639563249734,-158.53761684805826
2019-07-09,47.29999923706055,47.88999938964844,47.209999084472656,47.83000183105469,40.350868225097656,12595000.0,0.0063118186440007,0.0062919825408714,0.6800003051757812,63.92920985469893,WFC,,,,12595000.0,508219185.295105,0.6306042685921109,-4.505925257595167,0.6311818644000766,1.6852185221452827,17.961645802953598,음봉,40.16020889282227,39.201423454284665,39.191223335266116,True,True,1,0.7599996839250837,0.06283950333102208,False,63.92920985469893,0.3838921137641833,0.1631558359823777,-165.73350885269343
2019-07-10,47.66999816894531,47.810001373291016,47.040000915527344,47.150001525878906,39.7772102355957,12784900.0,-0.0142167446385985,-0.0143187706926115,0.7700004577636719,61.64602378845968,WFC,,,,12784900.0,508547655.1410675,0.6453013581033742,1.5077411671298169,-1.4216744638598566,1.9357829601499212,18.13871737038675,음봉,40.14671249389649,39.23896503448486,39.20676205952962,True,True,0,0.7349997929164341,0.06277938211600101,False,61.64602378845968,0.3581045572368069,0.10989462356400104,-185.1795625119618
2019-07-11,47.209999084472656,47.58000183105469,47.060001373291016,47.13999938964844,39.76876831054688,19751400.0,-0.0002122301940941,-0.0002122527181086,0.5200004577636719,60.25637866941075,WFC,,,,19751400.0,785488850.4089357,1.0059744624693632,54.49006249560029,-0.02122301940941096,1.3075598763911556,18.686048631498856,음봉,40.05897521972656,39.33302993774414,39.21826063791911,True,True,0,0.7185712541852679,0.054908012165512554,False,60.25637866941075,0.3331462376489469,0.06794904318091283,-205.1172259946901
2019-07-12,47.119998931884766,47.41999816894531,46.91999816894531,47.36000061035156,39.954368591308594,12792600.0,0.0046669858948709,0.0046561292815359,0.5,54.32786030666392,WFC,,,,12792600.0,511120255.6411743,0.6627319958094794,-35.23193292627358,0.4666985894870912,1.2514276101181252,18.484934116977165,음봉,39.98979873657227,39.420346069335935,39.22059783935547,True,True,0,0.6757142203194755,0.05478639082796126,False,54.327860306663915,0.32460118073747424,0.047523189015552136,-198.39257405147407
2019-07-15,47.400001525878906,47.45000076293945,46.43999862670898,46.709999084472656,39.40599060058594,21338400.0,-0.0137251071674286,-0.0138201672596393,1.010002136230476,54.02924730185443,WFC,,,,21338400.0,840860789.831543,1.1518013614418088,66.80268280099433,-1.3725107167428696,2.563067495162672,18.63534125825226,음봉,39.85144119262695,39.46758842468262,39.215188090006514,True,True,0,0.7150001525878916,0.05472081200120837,False,54.02924730185443,0.2704619240028805,-0.005292854175233286,-218.26135391428318
2019-07-16,46.720001220703125,46.970001220703125,45.220001220703125,45.29999923706055,38.21648788452149,37548300.0,-0.0301858346392327,-0.0306508079412055,1.75,43.76861706409909,WFC,,,,37548300.0,1434964152.0343783,2.022282144406023,75.96586435721515,-3.0185834639232745,4.579175368725571,18.560656663224282,음봉,39.424565124511716,39.46885433197021,39.189535522460936,False,False,0,0.761428833007813,0.05407758539490448,True,43.76861706409909,0.13007383469282985,-0.11654475478822715,-235.80873579280941
2019-07-17,45.20000076293945,45.75,45.13999938964844,45.209999084472656,38.14055633544922,24502100.0,-0.0019868793098338,-0.0019888557729595,0.6100006103515625,45.45455178842902,WFC,,,,24502100.0,934523725.3868103,1.3204450070028486,-34.745114958599984,-0.19868793098338777,1.5993490105035666,18.273560091445336,음봉,39.09723434448242,39.43131294250488,39.16707369486491,False,False,0,0.769286019461496,0.056054737332011016,False,45.45455178842902,0.012543625937674108,-0.18725997083470633,-229.48999360881763
2019-07-18,45.220001220703125,46.02000045776367,45.18999862670898,45.81999969482422,38.65517807006836,19409100.0,0.0134927694838271,0.0134025526800558,0.8300018310546946,46.44477432241999,WFC,,,,19409100.0,750262216.6797638,1.051134223349753,-20.785973447173912,1.349276948382716,2.1471944316235994,18.56146203791478,음봉,38.874516296386716,39.438483810424806,39.15193557739258,False,False,0,0.7985719953264514,0.0560445452282875,False,46.44477432241999,-0.03862894768649028,-0.19074603556709657,-212.6171456301699
2019-07-19,45.959999084472656,46.40999984741211,45.86000061035156,46.02999877929688,38.83232498168945,21847900.0,0.0045827472660968,0.0045722784516136,0.5499992370605469,38.86001501007837,WFC,,,,21847900.0,848404752.967453,1.1837906874438011,12.565240016281031,0.4582747266096865,1.4163438252020377,18.89739325780159,음봉,38.65010757446289,39.44565372467041,39.137939580281575,False,False,0,0.7735718318394257,0.056034358184968984,False,38.860015010078364,-0.06414982640588818,-0.17301353142919557,-206.8090487143221
2019-07-22,45.88999938964844,46.54999923706055,45.77000045776367,46.47999954223633,39.21197128295898,17972100.0,0.0097765534628313,0.009729072182057,0.779998779296875,39.69339869724092,WFC,,,,17972100.0,704721469.094467,0.9721154440552235,-17.739920083852457,0.977655346283135,1.9891853272774696,18.174740789501733,음봉,38.6113037109375,39.42835941314697,39.1298531850179,False,True,0,0.7778576442173554,0.05605893632265694,False,39.693398697240916,-0.05312858967273826,-0.12959383575683653,-194.36162588691803
2019-07-23,46.68000030517578,47.59000015258789,46.65999984741211,47.20000076293945,39.81938552856445,21150200.0,0.0154905307163031,0.0153717772447557,0.9300003051757812,49.75532357479855,WFC,,,,21150200.0,842187967.8062439,1.1394062727166148,17.683520567991494,1.549053071630313,2.3355466008099124,19.04527820936744,음봉,38.93188323974609,39.46758880615234,39.12562370300293,False,True,0,0.7814290182931087,0.05600321571465968,False,49.755323574798545,0.004566434080132353,-0.05751904960317272,-174.44639973784933
2019-07-24,47.29999923706055,48.470001220703125,47.27999877929688,48.45000076293945,40.87392425537109,29357200.0,0.0264830487163132,0.0261384436691042,1.190002441406243,55.68345876059605,WFC,,,,29357200.0,1199943969.14978,1.5661000915101961,38.80341557053835,2.648304871631324,2.911397579472368,18.786361490008108,음봉,39.47855682373047,39.56502857208252,39.1346529006958,False,True,0,0.8085719517299107,0.06908545295100733,False,55.68345876059605,0.1338397963203235,0.05740345010961473,-128.11029394918341
2019-07-25,48.52000045776367,48.7400016784668,48.0099983215332,48.09000015258789,40.570220947265625,20562000.0,-0.0074302458997572,-0.0074579876810874,0.7300033569335938,52.22228711782509,WFC,,,,20562000.0,834204883.1176758,1.0992171699065025,-29.959260419931056,-0.7430245899757271,1.799357607350657,18.70648914114931,음봉,39.86156539916992,39.6616247177124,39.136670684814455,True,True,1,0.8235721588134771,0.06891719487984513,False,52.22228711782509,0.20937006071866904,0.1063469716063682,-126.9382093610492
2019-07-26,48.150001525878906,49.310001373291016,48.06999969482422,49.29999923706055,41.59101104736328,21641500.0,0.0251610682974714,0.0248497400476171,1.2400016784667969,60.83235832275308,WFC,,,,21641500.0,900091865.5815125,1.148538459497265,5.249975683299279,2.5161068297471445,2.9814174920025382,18.683113874252015,음봉,40.41330261230469,39.78859100341797,39.15820827484131,True,True,1,0.8635722569056925,0.08671970092174557,False,60.83235832275308,0.34759075949189366,0.19565413630367423,-85.10759362241468
2019-07-29,49.380001068115234,49.56999969482422,48.18000030517578,48.27999877929688,40.730506896972656,19148600.0,-0.0206896665582544,-0.0209066964457003,1.3899993896484375,52.53096567326943,WFC,,,,19148600.0,779932184.3673706,1.014332098674499,-11.5190721530393,-2.068966655825444,3.4126739280815355,18.727580370388104,음봉,40.717009735107425,39.82908554077149,39.16442928314209,True,True,1,0.9142864772251679,0.08663153233538255,False,52.53096567326943,0.3832779757703406,0.18507308206569692,-99.53706972715014
2019-07-30,48.0099983215332,48.59000015258789,47.88999938964844,48.54999923706055,40.958282470703125,14207000.0,0.0055922597355988,0.0055766811039738,0.7000007629394531,58.25463360167053,WFC,,,,14207000.0,581894319.0612793,0.7553099443265024,-25.80658638229427,0.5592259735598848,1.7090579016348004,17.87233201632854,음봉,40.94478912353516,39.86536159515381,39.169572512308754,True,True,1,0.909286499023438,0.08655270073691025,False,58.25463360167053,0.42504033656219775,0.1814683542860432,-94.39540927479425
2019-07-31,48.2599983215332,48.97999954223633,48.11000061035156,48.40999984741211,40.84017562866211,23422800.0,-0.0028835887375281,-0.0028877542892843,0.8699989318847656,57.375119805685,WFC,,,,23422800.0,956591265.7150269,1.2391153089440659,64.86802280565918,-0.2883588737528142,2.130252670299954,17.827202241824693,음봉,40.93803939819336,39.91513576507568,39.175810941060384,True,True,0,0.9342863900320876,0.08644476952858286,False,57.375119805684996,0.4434947419592561,0.15993820774648115,-97.06147776023036
2019-08-01,48.40999984741211,48.63999938964844,46.95000076293945,47.060001373291016,39.7012825012207,22668600.0,-0.0278865874083587,-0.0282828017072053,1.6899986267089844,48.459976091271,WFC,,,,22668600.0,899972492.5071716,1.1934186070182071,-3.219939546083306,-2.78865874083587,4.25678597827922,18.535239141913507,음봉,40.764251708984375,39.88982715606689,39.18061459859212,True,True,0,1.0192862919398722,0.08649961551385861,True,48.459976091270995,0.3620473771387225,0.06279267434075803,-122.77012446417714
2019-08-02,47.11000061035156,47.61000061035156,46.369998931884766,47.43999862670898,40.0218505859375,20159000.0,0.0080745019939076,0.0080420776261568,1.2400016784667969,53.8543555717264,WFC,,,,20159000.0,806800485.9619141,1.058125029212608,-11.070820430022144,0.807450199390769,3.0983116980165253,18.661155616076286,음봉,40.45041961669922,39.87590713500977,39.19312833150228,True,True,0,1.035714830671038,0.08652981110201939,False,53.8543555717264,0.3196818259645582,0.01634169853327494,-115.53382508193417
2019-08-05,46.5,46.79999923706055,45.84999847412109,46.13999938964844,38.92512893676758,27113500.0,-0.0274030718998106,-0.0277855394585361,0.9500007629394602,54.48713613245316,WFC,,,,27113500.0,1055396483.4270477,1.4139313272342637,34.498238999950395,-2.7403071899810616,2.44058475562843,16.186531405268727,음봉,40.0893440246582,39.81727466583252,39.184692001342775,True,False,0,0.9785720280238566,0.08665722957867134,False,54.48713613245316,0.19535857794885203,-0.08638523958594496,-140.29051974600836
2019-08-06,46.61000061035156,47.02999877929688,45.81999969482422,46.93000030517578,39.59159469604492,19446100.0,0.0171217354311141,0.0169768104251231,1.2099990844726634,58.548698325998565,WFC,,,,19446100.0,769902109.6187592,1.017855740828301,-28.27890165415752,1.7121735431114171,3.0562019382198278,19.742700624236267,음봉,39.81600646972656,39.77931098937988,39.18159840901693,True,True,0,1.0214290618896495,0.08673993153967023,False,58.548698325998565,0.14889337493931265,-0.10628035407638747,-127.81741016956201
2019-08-07,46.06999969482422,46.150001525878906,45.22999954223633,45.810001373291016,38.64674377441406,27830000.0,-0.0238649372141922,-0.024154318141375,0.920001983642578,49.95270731883652,WFC,,,,27830000.0,1075538879.2419434,1.4470524587363205,43.113529190943176,-2.386493721419225,2.380542042591599,16.36308173114954,음봉,39.37732009887695,39.7227876663208,39.17428703308106,False,False,0,1.0278576442173555,0.08686335764998565,False,49.95270731883652,0.0354194999163866,-0.1758033832794508,-151.6879155844441
2019-08-08,45.68999862670898,46.63999938964844,45.54999923706055,46.400001525878906,39.58518600463867,20671300.0,0.02428256920434,0.0239924350396997,1.0900001525878906,53.88937937993174,WFC,,,,20671300.0,818277255.4576874,1.0771173866751405,-25.72296083363277,2.428256920434002,2.753555717687324,18.22470450138642,음봉,39.35410079956055,39.71360855102539,39.18036677042643,False,True,0,1.0664291381835942,0.08688343461614176,False,53.88937937993174,0.020973314205050997,-0.15219965519262912,-130.06482348236142
2019-08-09,46.02000045776367,46.65999984741211,45.75,46.29999923706055,39.49985885620117,19786100.0,-0.0021555323354424,-0.0021578588391041,0.9099998474121094,51.53391116860018,WFC,,,,19786100.0,781548157.314682,1.0311606282834773,-4.282265750097958,-0.21555323354424116,2.3038053141530312,16.25561252224748,음봉,39.24970245361328,39.69088306427002,39.19416376749675,False,True,0,1.075714928763254,0.08693318075908932,False,51.53391116860018,0.0026093413170613644,-0.136450902464495,-132.03088674129057
2019-08-12,45.5099983215332,45.90999984741211,45.33000183105469,45.43000030517578,38.75764465332031,17364400.0,-0.0187903001269671,-0.0189690809220098,0.5799980163574219,44.42298652318757,WFC,,,,17364400.0,673003244.8181152,0.9094216359206672,-12.239400387140464,-1.879030012696714,1.4964738480508626,15.215597319504056,음봉,39.21620559692383,39.65846576690674,39.19474671681722,False,False,0,1.050714765276228,0.08700424096570364,False,44.42298652318757,-0.07101609341265913,-0.16806106975537238,-149.13259588381874
2019-08-13,45.61000061035156,46.41999816894531,45.2599983215332,45.959999084472656,39.20980072021485,16649100.0,0.0116662421294944,0.0115987162019074,1.1599998474121094,40.66831179098943,WFC,,,,16649100.0,652807893.1709291,0.8753201210251083,-4.119347630784819,1.1666242129494409,2.958443618954851,17.680011306993134,음봉,39.13984680175781,39.70813140869141,39.205677858988444,False,True,0,1.0485717228480758,0.08689541888538273,False,40.66831179098943,-0.09182110852370329,-0.15109286789313325,-138.71425369493832
2019-08-14,45.02000045776367,45.09999847412109,43.93999862670898,43.970001220703125,37.5120849609375,28786700.0,-0.0432982501337244,-0.0442635872349076,1.1599998474121094,35.16984332059121,WFC,,,,28786700.0,1079849136.1450195,1.502586497881206,72.90243917088613,-4.329825013372446,3.092336372718427,14.818233275420187,음봉,38.9129150390625,39.67670783996582,39.19182885487874,False,False,0,1.0792857578822554,0.1028040457105953,False,35.16984332059121,-0.24250525661830835,-0.24142161279019062,-114.17251236727301
2019-08-15,44.29999923706055,44.5,43.34000015258789,43.380001068115234,37.00873565673828,27900000.0,-0.013418323847458,-0.0135091630769062,1.1599998474121094,26.60454970395766,WFC,,,,27900000.0,1032543724.822998,1.4477437164982243,-3.0802419172742956,-1.3418323847458002,3.134394695812595,18.095273251784093,음봉,38.39762496948242,39.59438571929932,39.15721734364828,False,False,0,1.0735713413783492,0.11573043267069759,False,26.60454970395766,-0.39795226578389986,-0.3174948975646257,-101.62544078738296
2019-08-16,43.7400016784668,44.540000915527344,43.630001068115234,44.38999938964844,37.870391845703125,21196600.0,0.0232825081342102,0.0230156053792223,0.9099998474121094,35.398998715483,WFC,,,,21196600.0,802723547.7966309,1.100877710756763,-24.026523297491043,2.328250813421029,2.4029322197661926,18.188316629246792,음봉,38.07173156738281,39.5462890625,39.140200805664065,False,False,0,1.0392856597900402,0.11587118536920242,False,35.398998715483,-0.44647005828072395,-0.2928101520491598,-96.97888118434189
2019-08-19,45.130001068115234,45.470001220703125,44.93000030517578,45.25,38.60408782958984,15378100.0,0.0193738682946835,0.0191885841972421,0.5400009155273438,38.57205182276676,WFC,,,,15378100.0,593657523.0522155,0.8009802542827529,-27.450157100667084,1.9373868294683572,1.3988179643333933,19.169617393953118,음봉,38.041020202636716,39.51589488983154,39.143005243937175,False,False,0,1.0278570992606038,0.11596030922240705,False,38.57205182276676,-0.42086614134247924,-0.21376498808873204,-83.97008573600682
2019-08-20,45.040000915527344,45.040000915527344,44.630001068115234,44.68000030517578,38.117801666259766,13345800.0,-0.0125967531075125,-0.0126767648373937,0.4099998474121094,37.24087673717265,WFC,,,,13345800.0,508712557.4775696,0.6980526251817393,-13.215546784063047,-1.2596753107512515,1.0756125208947283,16.67158440408586,음봉,37.8226203918457,39.43081569671631,39.12912788391113,False,False,0,0.9950000217982711,0.11621051478797076,False,37.24087673717265,-0.43480195572953306,-0.18216064198062865,-98.5320610956244
2019-08-21,44.959999084472656,45.27999877929688,44.810001373291016,45.0,38.39080429077149,13513700.0,0.0071620768401599,0.0071365509741712,0.4699974060058665,43.31555921536522,WFC,,,,13513700.0,518801811.9441987,0.7066242042974474,1.2580737010894794,0.7162076840159903,1.2242447499826046,17.950136469358117,음봉,37.9983642578125,39.30665969848633,39.12795556386312,False,False,0,0.9078570774623341,0.11657758318246157,False,43.31555921536522,-0.4189873336417662,-0.13307681591428944,-115.90621384636673
2019-08-22,45.33000183105469,45.83000183105469,45.060001373291016,45.619998931884766,38.919734954833984,14703900.0,0.0137775353716578,0.0136834879742014,0.7700004577636719,44.49537491307122,WFC,,,,14703900.0,572271890.8023834,0.7707397430234354,8.807358458453262,1.3777535371657823,1.9784319154723193,18.075155414108536,음봉,38.38056411743164,39.224135398864746,39.13714542388916,False,False,0,0.8742855616978252,0.11682285266529097,False,44.495374913071224,-0.35962827665472474,-0.05897420714179835,-119.7904293448537
2019-08-23,45.20000076293945,45.650001525878906,44.09000015258789,44.41999816894531,37.8959846496582,21152500.0,-0.0263041438068331,-0.0266562867390826,1.5600013732910156,44.822094423882575,WFC,,,,21152500.0,801594815.3018951,1.1016756768062532,43.856391841620244,-2.6304143806833102,4.116534740323961,16.136455747691148,음봉,38.38568267822266,39.039384078979495,39.13531894683838,False,False,0,0.9178570338657934,0.10116826653757204,True,44.822094423882575,-0.39069025604750607,-0.07202894922766373,-147.53435037955705
2019-08-26,44.709999084472656,45.0,44.4900016784668,44.97999954223633,38.37373352050781,15973100.0,0.0126068467481796,0.0125280420834292,0.5099983215332031,43.75399845442006,WFC,,,,15973100.0,612947482.8964233,0.8346875333856665,-24.48599456329039,1.260684674817969,1.3290297157576503,17.980834903245906,음봉,38.33961181640625,38.92154541015625,39.15101598103841,False,False,0,0.8678569793701177,0.10147456305612786,False,43.75399845442006,-0.37246323304190554,-0.043041540977650505,-149.58635808980165
2019-08-27,45.22999954223633,45.33000183105469,44.43000030517578,44.75,38.17751693725586,15038200.0,-0.0051133044728913,-0.0051264221497643,0.9000015258789062,47.39332676393613,WFC,,,,15038200.0,574121135.2058411,0.7864993683310108,-5.852965297907109,-0.5113304472891378,2.3574124198754056,17.867080924154457,음봉,38.35155487060547,38.78250713348389,39.16133371988932,False,False,0,0.8664283752441412,0.09879299341676274,False,47.39332676393613,-0.36959081159560014,-0.032135295625076055,-155.4964966828217
2019-08-28,44.63999938964844,45.77999877929688,44.4900016784668,45.470001220703125,38.791770935058594,14740000.0,0.0160894172036449,0.0159613543424258,1.2899971008300852,45.42768970485496,WFC,,,,14740000.0,571790703.5827637,0.770286973413893,-1.9829500871114902,1.6089417203644985,3.3254400862225983,16.927456185832003,음봉,38.43174819946289,38.68008689880371,39.16557865142822,False,False,0,0.8807138715471551,0.07789834953272579,False,45.427689704854956,-0.31412815893864376,0.018661885625504304,-136.99486854230292
2019-08-29,46.0,46.4900016784668,45.77999877929688,46.18999862670898,39.4060173034668,16196600.0,0.0158344502868021,0.0157103932485971,0.7100028991699148,49.49028094222604,WFC,,,,16196600.0,638243499.8573303,0.8473509699496798,9.881953867028503,1.5834450286802193,1.801762643766213,18.581850973003323,음봉,38.529004669189455,38.665323638916014,39.177530161539714,False,True,0,0.8664283752441412,0.07792809281354542,False,49.49028094222604,-0.2180949953151412,0.09175603939920551,-124.88828391990836
2019-08-30,46.540000915527344,46.900001525878906,46.40999984741211,46.56999969482422,39.7302131652832,15250600.0,0.0082270649002604,0.0081934070791998,0.4900016784667969,55.53400393225477,WFC,,,,15250600.0,605909588.898468,0.8011339090486339,-5.8407320054826295,0.8227064900260483,1.233322550846435,18.103792517578082,음봉,38.895850372314456,38.650741767883304,39.19404131571452,True,True,0,0.8600000653948108,0.07041203827053906,False,55.53400393225477,-0.11450814600294024,0.1562743109691252,-101.39847176428609
2019-09-03,46.310001373291016,46.34000015258789,45.47999954223633,46.09000015258789,39.320709228515625,17224200.0,-0.0103071165277665,-0.0103606026961963,0.8600006103515625,50.63415770490484,WFC,,,,17224200.0,677267759.8937988,0.9077296306901526,12.941130185041905,-1.0307116527766502,2.1871441976125006,16.561170161949494,음봉,39.085245513916014,38.6705207824707,39.20780512491862,True,True,0,0.8385715484619146,0.07037602425511073,False,50.63415770490484,-0.06471240265429401,0.16485604345421714,-112.90138689909166
2019-09-04,46.540000915527344,46.70000076293945,46.27999877929688,46.5,39.67049407958984,17123100.0,0.0088956902847658,0.0088563567259431,0.420001983642571,64.5905063486988,WFC,,,,17123100.0,679281837.1742247,0.8998289853699161,-0.5869648517783155,0.8895690284765889,1.0587263743172255,18.360024090756337,음봉,39.38384094238281,38.67446575164795,39.21840006510417,True,True,0,0.7857145581926618,0.07036884558460792,False,64.5905063486988,0.0029418847006184023,0.18600826464730363,-103.07597352429691
2019-09-05,47.310001373291016,48.16999816894531,47.29999923706055,47.619998931884766,40.6259880065918,19243400.0,0.0240857581729376,0.0238002713263894,0.8699989318847656,73.04344529569042,WFC,,,,19243400.0,781782137.6060486,1.008540700328276,12.382687714257345,2.4085758172937677,2.1414837510994276,19.25740394958087,음봉,39.750684356689455,38.773427963256836,39.245060221354166,True,True,0,0.7650002070835659,0.09329204405866204,False,73.04344529569042,0.13213559250646512,0.25216157796252026,-66.16773083344466
2019-09-06,47.58000183105469,47.77000045776367,47.09999847412109,47.150001525878906,40.22503280639648,18846100.0,-0.0098694264402938,-0.0099184520659988,0.6700019836425852,65.93543676813111,WFC,,,,18846100.0,758084990.7726287,0.9845517237719248,-2.064603968113743,-0.9869426440293871,1.665634399522586,17.117156198969393,음봉,39.914487457275385,38.805420303344725,39.28401959737142,True,True,0,0.7478575025285998,0.093215131329005,False,65.93543676813111,0.19986488501675836,0.2559126963782508,-94.72963787472658
2019-09-09,47.31999969482422,48.63999938964844,46.88999938964844,48.40999984741211,41.29996871948242,27651400.0,0.0267230587047528,0.0263722341187482,1.75,67.43934801802992,WFC,,,,27651400.0,1142001955.0498962,1.4298426403213678,46.722133491809984,2.672305870475289,4.2372913449071765,17.638187947728706,음봉,40.22843856811523,38.89542579650879,39.33555164337158,True,True,0,0.834286008562361,0.11032744789052591,True,67.43934801802992,0.3364013564317716,0.3139593342346112,-61.31938243813691
2019-09-10,48.06999969482422,48.93000030517578,48.06999969482422,48.310001373291016,41.21466064453125,25822400.0,-0.0020655723865217,-0.0020677086233718,0.8600006103515625,71.12937170139455,WFC,,,,25822400.0,1064261453.0273438,1.323593526803276,-6.614493298711821,-0.2065572386521719,2.086637611234767,16.392339232325305,음봉,40.607228851318354,39.018276596069335,39.38144359588623,True,True,0,0.8664289202008933,0.10998007695645982,False,71.12937170139455,0.4327355390949279,0.328234813518214,-59.40783920263372
2019-09-11,48.290000915527344,48.97999954223633,47.790000915527344,48.84999847412109,41.67534637451172,19190000.0,0.011177714987242,0.0111157059825265,1.1899986267089844,71.85030328222878,WFC,,,,19190000.0,799749896.9268799,0.9862651219854229,-25.684676869694535,1.1177714987242071,2.855401886801779,17.16704726024456,음봉,41.008199310302736,39.14155387878418,39.439513206481934,True,True,0,0.9178575788225446,0.11922395141044391,False,71.85030328222878,0.5400294379993227,0.34842296993808697,-49.37942902789956
2019-09-12,48.52000045776367,49.08000183105469,48.220001220703125,48.650001525878906,41.50471878051758,24305900.0,-0.004094209378869,-0.0041026136010284,0.8600006103515625,68.05734537799448,WFC,,,,24305900.0,1008809544.2073822,1.240415581326852,26.659197498697228,-0.40942093788690626,2.0720550231875055,16.423748519671776,음봉,41.18394546508789,39.341185569763184,39.483068784077965,True,True,0,0.9242861611502511,0.11861896509189335,False,68.05734537799448,0.6043261098365704,0.33017571342026775,-51.80922850640509
2019-09-13,49.0099983215332,49.36000061035156,48.65999984741211,48.91999816894531,41.73506164550781,25142400.0,0.005549799438669,0.0055344560440956,0.7000007629394531,80.161032101527,WFC,,,,25142400.0,1049319613.9160156,1.273823567563777,3.441551228302586,0.5549799438669067,1.677248661773088,18.08295480980014,음봉,41.48595123291015,39.57750186920166,39.536790466308595,True,True,1,0.8628575461251395,0.09764814900588983,False,80.161032101527,0.6661890173454807,0.31363089674334244,-54.66406679201776
2019-09-16,48.459999084472656,49.0,48.400001525878906,48.97999954223633,41.786251068115234,17759700.0,0.0012265328141172,0.0012257812372381,0.5999984741210938,78.73582676482428,WFC,,,,17759700.0,742111283.0944061,0.8966547979391208,-29.3635452462772,0.12265328141172205,1.4358753388597698,16.11340003780416,음봉,41.58320770263672,39.773294830322264,39.588412539164224,True,True,1,0.869286128452846,0.0978110170417961,False,78.73582676482428,0.7111486963442744,0.28687246059370874,-53.62574185411299
2019-09-17,48.70000076293945,48.86000061035156,48.310001373291016,48.7599983215332,41.59856033325195,18346100.0,-0.00449168638166,-0.0045018043140229,0.5499992370605469,78.8490440762062,WFC,,,,18346100.0,763171347.7298737,0.9264578149848663,3.3018575764230285,-0.4491686381660087,1.3221593070876134,16.54551322049495,음봉,41.65998764038086,39.92301845550537,39.62242425282796,True,True,0,0.8442859649658203,0.09744419557836727,False,78.8490440762062,0.7232967771508783,0.23921643312025015,-59.3725252439801
2019-09-18,48.630001068115234,49.209999084472656,48.43000030517578,48.93000030517578,41.74359893798828,20511700.0,0.0034866255845011,0.0034805613971305,0.779998779296875,77.03139650081806,WFC,,,,20511700.0,856232178.3363342,1.0335613869608482,11.804143659960431,0.34866255845011906,1.8685470326973799,16.903086737938562,음봉,41.67363815307617,40.1043083190918,39.66757094065348,True,True,1,0.8078575134277338,0.09700370313094406,False,77.03139650081806,0.7361418371105088,0.2016491944639045,-96.29895813567538
2019-09-19,48.9900016784668,49.310001373291016,48.869998931884766,48.90999984741211,41.726524353027344,16887500.0,-0.0004090348076193,-0.000409118485175,0.44000244140625,73.85964898518225,WFC,,,,16887500.0,704656680.0117493,0.8525224077982086,-17.66894016585656,-0.04090348076193351,1.0544909939864833,17.35931478079627,음봉,41.71799926757812,40.27109432220459,39.71426086425781,True,True,1,0.7885717664446149,0.0966019544274471,False,73.85964898518225,0.736454474607811,0.16156946556896534,-96.73902463723518
2019-09-20,49.06999969482422,49.29999923706055,48.61000061035156,48.630001068115234,41.4876594543457,30229400.0,-0.0057245337920005,-0.0057409817368154,0.6899986267089844,68.39296322557149,WFC,,,,30229400.0,1254147052.709198,1.5370861506554956,79.00458919319023,-0.5724533792000552,1.6631418493691603,17.599058286444823,음봉,41.6685188293457,40.39949054718018,39.76175022125244,True,True,0,0.8028572627476284,0.09629493752931906,False,68.39296322557149,0.7092520251782943,0.1074936129115589,-102.89533476417215
2019-09-23,48.31999969482422,49.09000015258789,48.310001373291016,48.959999084472656,41.76919174194336,20603400.0,0.0067859284254745,0.0067630076472574,0.779998779296875,76.33046039488195,WFC,,,,20603400.0,860587365.1359558,1.0486879990201579,-31.84317254063924,0.6785928425474541,1.867402137239883,16.468367534681086,음봉,41.66510696411133,40.59315090179443,39.80704199473063,True,True,1,0.7971428462437221,0.08890007429060773,False,76.33046039488195,0.7023153367421244,0.0804455395803112,-146.45468687299103
2019-09-24,48.97999954223633,49.220001220703125,48.470001220703125,48.650001525878906,41.50471878051758,21629300.0,-0.0063317711067941,-0.0063519017897085,0.75,70.09354933342024,WFC,,,,21629300.0,897718013.9194489,1.100180377967777,4.979275265247485,-0.6331771106794171,1.8070234470593545,17.26346021929865,음봉,41.646338653564456,40.74970016479492,39.83344370524089,True,True,0,0.8207141331263956,0.08855854438843419,False,70.09354933342024,0.667779457577339,0.03672772833242055,-218.02744727380556
2019-09-25,48.72999954223633,49.540000915527344,48.650001525878906,49.2599983215332,42.02513122558594,21313100.0,0.0125386332050667,0.0124606755225436,0.8899993896484375,66.94234345595586,WFC,,,,21313100.0,895685824.3240356,1.0804275312885177,-1.4619058406883267,1.2538633205066763,2.1177789662833555,17.40833566401687,음봉,41.70264511108398,40.942080879211424,39.86331653594971,True,True,1,0.8221427372523722,0.07897400965198867,False,66.94234345595586,0.6746257933644912,0.034859251295658145,-183.57982501345938
2019-09-26,49.25,49.369998931884766,48.81999969482422,48.869998931884766,41.692413330078125,19984000.0,-0.0079171173487079,-0.0079486241276894,0.5499992370605469,68.0672103135724,WFC,,,,19984000.0,833181187.9882812,1.0077058370310796,-6.236070773374125,-0.7917117348707925,1.3191830194769785,17.191781592856476,음봉,41.69582290649414,41.087112998962404,39.89411188761393,True,True,0,0.8135711124965123,0.06582166036193901,False,68.0672103135724,0.6457600899279967,0.004794838287330849,-196.13521006734015
2019-09-27,50.400001525878906,51.40999984741211,50.25,50.709999084472656,43.26215362548828,59467400.0,0.037650502094531,0.036959024861993,1.1599998474121094,71.53550055306724,WFC,,,,59467400.0,2572687794.508362,2.9319478594908084,197.5750600480384,3.7650502094531024,2.6813270958584114,20.88530622313214,음봉,42.05072174072266,41.27991981506348,39.94502353668213,True,True,1,0.7714282444545201,0.09548091213913602,False,71.53550055306724,0.7410068690355018,0.08003329391586866,-125.07869132661934
2019-09-30,50.77000045776367,50.84999847412109,50.060001373291016,50.43999862670898,43.03181076049805,26897100.0,-0.005324350400682,-0.0053385752688653,0.789997100830071,69.32836904929037,WFC,,,,26897100.0,1157430917.206192,1.3139774680560181,-54.77000844159994,-0.5324350400682021,1.8358444296637997,17.354306716372243,음봉,42.303245544433594,41.44499969482422,39.99054953257243,True,True,1,0.7664279937744135,0.09510060142345414,False,69.32836904929037,0.7888109617953205,0.1022699093405498,-131.4417557728927
2019-10-01,50.650001525878906,50.77999877929688,49.0,49.060001373291016,41.85450744628906,27249300.0,-0.0273589071294604,-0.0277401313697761,1.779998779296882,51.653585667750605,WFC,,,,27249300.0,1140506029.7561646,1.3157342947835573,1.3094348461358374,-2.735890712946043,4.252824577092716,17.703625831088978,음봉,42.37320327758789,41.57168960571289,40.0198283513387,True,True,0,0.8085708618164062,0.0863967661637902,True,51.653585667750605,0.7233590782167383,0.02945442060957404,-199.5453452900427
2019-10-02,48.720001220703125,49.040000915527344,48.369998931884766,48.470001220703125,41.35115814208984,23515900.0,-0.0120261671898818,-0.0120990665950051,0.6700019836425781,48.66470693211312,WFC,,,,23515900.0,972409699.7535704,1.1241989949073048,-13.700902408502236,-1.202616718988181,1.6202738054889148,16.40323633774545,음봉,42.23840866088867,41.65572280883789,40.03649984995524,True,True,0,0.794999531337193,0.07291004967143272,False,48.66470693211312,0.6236824833034689,-0.05617773944295634,-224.4789244025076
2019-10-03,48.29999923706055,48.5099983215332,47.31999969482422,48.47999954223633,41.35968399047852,20212200.0,0.000206181610667,0.00020616035816,1.1899986267089844,46.60491761310911,WFC,,,,20212200.0,835970204.75235,0.9594114640818727,-14.048792519104092,0.020618161066709995,2.8771946782352975,16.804465478556303,음봉,42.17186279296875,41.69240760803223,40.06287441253662,True,True,0,0.8299993787493024,0.07284589673124776,False,46.60491761310911,0.5391609169801654,-0.11255944461300782,-145.72898488950884
2019-10-04,48.65999984741211,49.25,48.52999877929688,49.209999084472656,41.98247146606445,15779500.0,0.0150578393135041,0.0149455954155173,0.7200012207031179,51.60840254152491,WFC,,,,15779500.0,662462408.498764,0.7475458320032756,-21.930814062793758,1.5057839313504129,1.71500437101497,17.65080182579297,음봉,41.91592636108398,41.780279541015624,40.09976946512858,True,True,1,0.8385710035051613,0.04900620588110262,False,51.60840254152491,0.5164770848137223,-0.10819462142356073,-130.50190781490605
2019-10-07,48.95000076293945,49.290000915527344,48.75,48.810001373291016,41.6412239074707,15691900.0,-0.0081283341994191,-0.0081615492188151,0.5400009155273438,50.34112245881459,WFC,,,,15691900.0,653429921.4336395,0.7416686322665679,-0.5551506701733211,-0.8128334199419163,1.296794053717677,16.59628186136454,음봉,41.63780899047852,41.79734230041504,40.127883720397946,False,True,0,0.8378568376813611,0.04898620027658314,False,50.34112245881459,0.4655970454243956,-0.12725972865031,-138.84536859394368
2019-10-08,48.25,48.34999847412109,47.540000915527344,47.81999969482422,40.7966194152832,19734000.0,-0.0202828930788456,-0.0204914153966718,0.8099975585937429,43.19011390363977,WFC,,,,19734000.0,805080487.5411987,0.9278787469432794,25.75914962496575,-2.0282893078845676,1.9854526433881483,15.87075372043433,음봉,41.426231384277344,41.77644023895264,40.15106086730957,False,True,0,0.8399996076311373,0.05901733599374983,False,43.19011390363977,0.35305196053832333,-0.19184385082910582,-159.49584440512643
2019-10-09,48.16999816894531,48.41999816894531,48.08000183105469,48.150001525878906,41.07815170288086,13467800.0,0.0069008729554731,0.0068771709124133,0.339996337890625,45.50828828857399,WFC,,,,13467800.0,553232331.5040588,0.6362301690644642,-31.753319144623493,0.6900872955473147,0.8276816842924816,18.073504273983787,음봉,41.371630096435545,41.74658050537109,40.19875526428223,False,True,0,0.8328563145228784,0.05905954883868546,False,45.50828828857399,0.2833106439198403,-0.2092681339580711,-152.6124146473177
2019-10-10,48.33000183105469,49.06999969482422,48.15999984741211,48.650001525878906,41.50471878051758,18267800.0,0.0103842811799832,0.0103307349061958,0.9099998474121094,50.11518577053924,WFC,,,,18267800.0,758199901.738739,0.8594576029834502,35.640564902953706,1.0384281179983246,2.192521414792155,17.653788760084957,음봉,41.40063705444336,41.74658050537109,40.2548246383667,False,True,0,0.8485706874302446,0.05905954883868546,False,50.115185770539235,0.2594695428601952,-0.18648738801417292,-142.18290213576407
2019-10-11,49.459999084472656,49.91999816894531,49.150001525878906,49.209999084472656,41.98247146606445,23024600.0,0.0115108040623836,0.0114450587968779,0.7699966430664062,51.40290567836801,WFC,,,,23024600.0,966629612.5175476,1.081891650014958,26.03926033786226,1.1510804062383695,1.834090791174157,19.16717071623506,음봉,41.40063705444336,41.75895099639892,40.310279528299965,False,True,0,0.8478562491280682,0.05904205329338118,False,51.40290567836801,0.27594502500398477,-0.13600952469630667,-130.50190781490605
2019-10-14,49.09000015258789,49.45000076293945,48.97999954223633,49.27000045776367,42.03366470336914,16870500.0,0.0012193955123882,0.0012186526535116,0.470001220703125,53.57972675733449,WFC,,,,16870500.0,709128940.3781891,0.8051369031544029,-26.728368788165703,0.1219395512388255,1.1181542794803063,16.9297529143053,음봉,41.47912521362305,41.77132167816162,40.36363519032796,False,True,0,0.8278563363211485,0.0590245678411004,False,53.57972675733449,0.2897922846451735,-0.09772981204409442,-129.2502394678451
2019-10-15,49.27999877929688,51.25,48.77999877929688,50.11000061035156,42.75028991699219,38478400.0,0.0170488397497639,0.0169051392661054,2.470001220703118,54.78066328131915,WFC,,,,38478400.0,1644962755.5419922,1.8171252420633144,128.08096974007884,1.70488397497639,5.777741450406756,17.239358326391475,음봉,41.869859313964845,41.828908157348636,40.42260716756185,True,True,1,0.9407136099679114,0.05894330784180235,True,54.78066328131915,0.35450548477106736,-0.026413289534560458,-111.72884125543641
2019-10-16,50.040000915527344,50.27999877929688,49.45000076293945,49.59000015258789,42.3066635131836,23728400.0,-0.0103771554454945,-0.0104313735355985,0.829998016357429,53.99112653364733,WFC,,,,23728400.0,1003869434.5062257,1.1169467123131993,-38.3331947274315,-1.0377155445494557,1.9618611997109747,17.051839911938647,음봉,42.11556167602539,41.8570613861084,40.46406180063884,True,True,1,0.9607135227748316,0.05890366233457909,False,53.99112653364733,0.3657777605229171,-0.012112811026168624,-122.57545219083914
2019-10-17,49.97999954223633,50.16999816894531,49.47999954223633,49.61000061035156,42.32373428344727,20560100.0,0.0004035007454168,0.0004034193608828,0.6899986267089844,42.361294401348445,WFC,,,,20560100.0,870180209.2411042,0.9687401674974178,-13.35235414102931,0.040350074541684045,1.630287682291875,18.137417115536806,음봉,42.27936477661133,41.886921882629395,40.48822530110677,True,True,1,0.9271420070103227,0.05886167088414155,False,42.361294401348445,0.3718026789190674,-0.004870314104014728,-127.1314255318734
2019-10-18,49.34000015258789,50.220001220703125,49.31999969482422,49.970001220703125,42.6308479309082,21199500.0,0.0072562984495685,0.0072300981842574,0.9000015258789062,46.77646299694789,WFC,,,,21199500.0,903752660.7112885,0.9964618651481333,3.1099070529812645,0.7256298449568543,2.111150890870241,16.57761534497835,음봉,42.40904006958009,41.94408130645752,40.52256908416748,True,True,1,0.9349994659423823,0.05878145696388148,False,46.77646299694789,0.39678508339819274,0.016089672300088453,-119.31682951119463
2019-10-21,50.27999877929688,50.5,50.18000030517578,50.459999084472656,43.04887771606445,19409100.0,0.0098058050788423,0.009758040167333,0.3199996948242187,60.937405026014574,WFC,,,,19409100.0,835539972.4788666,0.9134925072256236,-8.445482204768984,0.9805805078842322,0.7433403884180823,17.9427602772191,음봉,42.61208267211914,42.00806560516357,40.54686686197917,True,True,1,0.8307138170514777,0.05869192438849215,False,60.937405026014574,0.4451835303569922,0.051590495407110304,-108.67994012964147
2019-10-22,50.43999862670898,51.02000045776367,50.22999954223633,50.619998931884766,43.18538284301758,18526900.0,0.0031709334643625,0.0031659166573547,0.7900009155273438,68.00666892858999,WFC,,,,18526900.0,800091269.3943024,0.879084244926696,-4.545290611105102,0.3170933464362591,1.8293247935280839,17.169137275526225,음봉,42.69910125732422,42.092098808288576,40.58778146107991,True,True,1,0.839285169328961,0.058574751081777295,False,68.00666892858999,0.4889185227983859,0.07626039027880316,-105.20652749979132
2019-10-23,50.720001220703125,50.970001220703125,50.56999969482422,50.93000030517578,43.449851989746094,14173700.0,0.0061240431210227,0.0061053673775357,0.4000015258789062,69.53747608292727,WFC,,,,14173700.0,615845167.1470642,0.6757803944599127,-23.49664541828369,0.6124043121022771,0.9206050367520335,17.4471496642151,음봉,42.927738952636716,42.16333484649658,40.62930761973063,True,True,1,0.7828568049839555,0.06292748389382563,False,69.53747608292727,0.5387093630792634,0.10084098444774448,-110.24662897895642
2019-10-24,50.65999984741211,51.20000076293945,50.65999984741211,51.09999847412109,43.59489059448242,16695400.0,0.0033380690173709,0.0033325100324038,0.5400009155273438,66.54993492570885,WFC,,,,16695400.0,727834136.4311218,0.7990020395700441,17.79140238610948,0.33380690173709926,1.2386793685306068,16.594182781951865,음봉,43.18197021484375,42.2584587097168,40.67521953582764,True,True,1,0.7699996403285431,0.06621801326028466,False,66.54993492570885,0.5831501737845173,0.11622543612239866,-106.33723166014433
2019-10-25,51.08000183105469,51.72999954223633,51.0,51.56999969482422,43.99585723876953,17433300.0,0.0091975605126959,0.0091555205332272,0.7299995422363281,73.87535904729567,WFC,,,,17433300.0,766992978.0006409,0.8354047221488632,4.41978029876493,0.9197560512695935,1.6592460928185897,17.16969840846353,음봉,43.45497207641601,42.29514389038086,40.74679578145345,True,True,1,0.7835709708077562,0.07564078353245483,False,73.87535904729567,0.6433088298780874,0.141107273772775,-84.58579566508222
2019-10-28,51.93999862670898,52.04999923706055,51.56999969482422,51.650001525878906,44.06410217285156,23914800.0,0.0015511672772201,0.0015499654599117,0.4799995422363281,89.32239135684256,WFC,,,,23914800.0,1053784190.6433105,1.1375984277830808,37.17884737829327,0.15511672772201557,1.0893210540258365,18.056566882708676,음봉,43.658016967773435,42.34675846099854,40.81416664123535,True,True,1,0.7599996839250837,0.07716016234342278,False,89.32239135684256,0.6885545656630399,0.14908240764618197,-101.15622877052324
2019-10-29,51.5,52.36000061035156,51.5,52.16999816894531,44.50773239135742,21063000.0,0.0100678374601987,0.0100174943998236,0.8600006103515625,89.72333762212463,WFC,,,,21063000.0,937466367.3591614,1.0037301510940384,-11.92483315770987,1.0067837460198792,1.9322498904000749,16.875182882382173,음봉,43.92248687744141,42.47941970825195,40.90721003214518,True,True,1,0.7971428462437221,0.08736260997824569,False,89.72333762212463,0.751546033458979,0.1696591003536968,-86.95873315743343
2019-10-30,51.880001068115234,52.27999877929688,51.619998931884766,52.02999877929688,44.38829040527344,16155900.0,-0.0026836232642393,-0.0026872306364822,0.6599998474121165,85.9573731283079,WFC,,,,16155900.0,717132780.9585571,0.7737000645141723,-23.297251103831364,-0.2683623264239321,1.4868782766495259,16.564017712547788,음봉,44.110174560546874,42.631276321411136,40.987154960632324,True,True,1,0.7792857033865798,0.08705141615031471,False,85.9573731283079,0.7828055602387352,0.1607349017067623,-122.67335552534153
2019-10-31,51.77000045776367,52.02999877929688,51.150001525878906,51.630001068115234,44.04704284667969,18814700.0,-0.0076877833202877,-0.0077174866596332,0.8799972534179759,76.65198845309499,WFC,,,,18814700.0,828731897.0474243,0.9019506907954661,16.45714568671508,-0.7687783320287744,1.9978577369679447,16.629858877406257,음봉,44.20060501098633,42.765644264221194,41.07715994517009,True,True,0,0.7871428898402633,0.08677790408454172,False,76.65198845309499,0.7711537539220785,0.11926647631208454,-132.20540535932773
2019-11-01,52.130001068115234,52.290000915527344,51.90999984741211,52.18000030517578,44.51626586914063,16359300.0,0.0106527701324747,0.0105964291485618,0.3800010681152344,78.92643127828545,WFC,,,,16359300.0,728254948.2330323,0.7907127705868164,-13.050433969183672,1.0652770132474787,0.8536229638673648,18.350739797836052,음봉,44.30468673706055,42.892333984375,41.15934460957845,True,True,1,0.7807143075125568,0.08672054207198045,False,78.92643127828545,0.7906676652501048,0.11102431011208858,-119.09862372612643
2019-11-04,52.58000183105469,52.79999923706055,52.2400016784668,52.720001220703125,44.97695159912109,17559900.0,0.0103487056020079,0.0102955243383359,0.55999755859375,77.58983502043816,WFC,,,,17559900.0,789790772.3854064,0.8499727476723347,7.338944820377402,1.0348705602007957,1.2450767308220443,18.114133799133324,음봉,44.487256622314455,43.05912036895752,41.25062948862712,True,True,1,0.6442854745047448,0.09708354810823301,False,77.58983502043816,0.8336957432947258,0.12324191052536759,-124.8002490515326
2019-11-05,52.7400016784668,53.5,52.7400016784668,53.29999923706055,45.47177505493164,25965300.0,0.0110017117260614,0.0109416331388411,0.7599983215332031,88.72652389873875,WFC,,,,25965300.0,1180688280.8338165,1.2586325586656055,47.867015188013596,1.1001711726061458,1.6713627752932367,17.260062772901247,음봉,44.6800651550293,43.29287815093994,41.362531661987305,True,True,1,0.6392854963030145,0.10148605358905644,False,88.72652389873875,0.8973794904508097,0.149540526145161,-92.06278370668083
2019-11-06,53.290000915527344,53.84000015258789,53.16999816894531,53.79999923706055,45.89833068847656,22051100.0,0.0093806681843764,0.0093369429518183,0.6700019836425781,89.75329057613611,WFC,,,,22051100.0,1012108679.8446655,1.0677634532521407,-15.074734357007236,0.938066818437644,1.45975239968976,17.193579646167294,음봉,44.98207321166992,43.53388710021973,41.47400716145833,True,True,1,0.637857164655414,0.10092395144601751,False,89.75329057613611,0.9710748472752471,0.17858870637567859,-75.70063406676226
2019-11-07,53.77999877929688,54.400001525878906,53.77999877929688,54.0,46.50985336303711,23452500.0,0.0133234186382746,0.0132354424636099,0.6200027465820241,90.40306994958644,WFC,,,,23452500.0,1090772335.9966278,1.1324311537088714,6.3552385141784296,1.3323418638274687,1.3330567648591223,17.17201469551294,음봉,45.47463531494141,43.7841438293457,41.62396996815999,True,True,1,0.6178572518484938,0.10340231647828278,False,90.40306994958645,1.066529430253354,0.21923463148302824,-86.9702815281926
2019-11-08,53.83000183105469,54.22999954223633,53.560001373291016,54.09999847412109,46.59598159790039,14722100.0,0.0018518277017773,0.0018501151827263,0.6699981689453125,89.69024727971822,WFC,,,,14722100.0,685990700.6824493,0.7123162381648922,-37.22588210212131,0.18518277017773865,1.437888302744764,15.738919688435606,음봉,45.89057846069336,44.0148193359375,41.7837574005127,True,True,1,0.6428571428571433,0.10365410930600322,False,89.69024727971822,1.1360322313192697,0.23098994603915524,-87.14667183830814
2019-11-11,53.790000915527344,54.13999938964844,53.72999954223633,54.04999923706055,46.55291748046875,10659400.0,-0.0009242023873058,-0.0009246297256505,0.4099998474121094,88.48574101636511,WFC,,,,10659400.0,496226168.5913086,0.5181294165056631,-27.595927211471192,-0.09242023873058391,0.8807178359640394,15.439141039473487,음봉,46.20577163696289,44.24078197479248,41.928466161092125,True,True,1,0.6157142094203409,0.09695393917677038,False,88.48574101636511,1.1741044423727232,0.21524972567408696,-104.88460297287283
2019-11-12,53.75,54.2400016784668,53.619998931884766,54.220001220703125,46.69933319091797,15187600.0,0.0031451457475386,0.0031402101227836,0.6200027465820312,88.16643129045902,WFC,,,,15187600.0,709250792.7703857,0.7460630120797767,42.480815055256386,0.3145145747538658,1.3276479645808061,15.460003172842566,음봉,46.45128326416015,44.43823413848877,42.06338691711426,True,True,1,0.6314285823277069,0.09884888008926972,False,88.16643129045902,1.2022328758849383,0.1947025273490417,-105.90013045442817
2019-11-13,53.810001373291016,53.900001525878906,53.209999084472656,53.290000915527344,45.89833068847656,16846800.0,-0.0171523327574446,-0.0173011380434696,0.69000244140625,73.44252392070509,WFC,,,,16846800.0,773239997.442627,0.8347626080529013,10.924701730358976,-1.7152332757444655,1.5033279665211987,15.226487610225496,음봉,46.45128326416015,44.61781749725342,42.19306240081787,True,True,0,0.6421429770333431,0.09806842093385784,False,73.44252392070509,1.1466725272922318,0.11131374300506813,-150.04903005755702
2019-11-14,53.220001220703125,53.560001373291016,53.09999847412109,53.4900016784668,46.07060623168945,16491400.0,0.0037534163144661,0.0037463898241916,0.460002899169929,72.14595696408081,WFC,,,,16491400.0,759768795.6092834,0.820187723971965,-2.109599449153543,0.3753416314466129,0.9984737271668853,15.951932068990851,음봉,46.363433837890625,44.80516109466553,42.32105909983317,True,True,0,0.6228575025286004,0.09080394223812213,False,72.14595696408081,1.1038176248358198,0.05476707243892487,-156.28908597506012
2019-11-15,53.77999877929688,53.93999862670898,53.43000030517578,53.79999923706055,46.33759689331055,15225300.0,0.0057952495844832,0.0057785217225846,0.509998321533196,73.27965838861108,WFC,,,,15225300.0,705503813.9797211,0.7573105168140268,-7.677334853317486,0.5795249584483297,1.1006145241140486,16.733863906276447,음봉,46.31175689697265,44.990498542785645,42.44469013214111,True,True,1,0.6250002724783766,0.08113836461229605,False,73.27965838861108,1.0789611286834955,0.02392846102928048,-148.07398869441107
2019-11-18,53.84000015258789,54.11000061035156,53.650001525878906,54.0,46.50985336303711,14374600.0,0.0037174234590362,0.0037105309168335,0.4599990844726562,71.7072872136268,WFC,,,,14374600.0,668560538.1523132,0.7144161737041461,-5.587410428694339,0.3717423459036251,0.9890357659958404,16.190747389320087,음봉,46.30314407348633,45.163547325134275,42.588254610697426,True,True,1,0.5964287349155976,0.07780501213962035,False,71.7072872136268,1.060932069412047,0.0047195214062656365,-142.77378962590143
2019-11-19,54.09999847412109,54.33000183105469,53.869998931884766,54.02999877929688,46.53569793701172,14434100.0,0.0005556795411258,0.00055552520842,0.4600028991699219,73.7648348159706,WFC,,,,14434100.0,671700917.5926208,0.7168528167200959,0.4139245613790976,0.055567954112589746,0.9884946816367892,16.319434619237292,음봉,46.270417022705075,45.33106307983398,42.724287350972496,True,True,1,0.5821432386125837,0.0716833222165805,False,73.7648348159706,1.0367780195373726,-0.015547622774727099,-141.97857196514423
2019-11-20,53.72999954223633,53.86000061035156,53.25,53.540000915527344,46.113651275634766,14994700.0,-0.0090693098005796,-0.0091106863518771,0.6100006103515625,72.46882561338867,WFC,,,,14994700.0,691460366.7827606,0.7445236887140911,3.883858363181636,-0.9069309800579628,1.3228200185350985,15.459747944389788,음봉,46.313481140136716,45.46425304412842,42.856556256612144,True,True,0,0.5628577641078399,0.06828315409520352,False,72.46882561338867,0.9723712323230203,-0.06396352799126359,-232.78492628753605
2019-11-21,53.84000015258789,53.93000030517578,53.34000015258789,53.560001373291016,46.130889892578125,16186100.0,0.0003738289306201,0.0003737590739944,0.5900001525878906,69.46807571163635,WFC,,,,16186100.0,746679196.8902588,0.8068377414145473,7.945474067503855,0.03738289306201015,1.2789698051821328,16.755014324869833,음봉,46.325537872314456,45.5910530090332,42.978874905904135,True,True,0,0.5778576987130296,0.05929838803268666,False,69.46807571163635,0.9122040809303513,-0.09930454350714601,-282.8292693264763
2019-11-22,53.900001525878906,54.34999847412109,53.810001373291016,54.27999877929688,46.751014709472656,13823400.0,0.0134427239175003,0.0133531721580807,0.539997100830071,70.59851107481127,WFC,,,,13823400.0,646257976.7349243,0.6902369202014451,-14.597092567079162,1.3442723917500343,1.155048942115597,16.841451902168338,음봉,46.40822143554688,45.72881088256836,43.101291529337566,True,True,1,0.5764290945870526,0.05913059645781675,False,70.59851107481127,0.9041377331136715,-0.08589671305906066,-360.78238069303404
2019-11-25,54.52999877929688,54.52999877929688,54.040000915527344,54.209999084472656,46.69072341918945,15561000.0,-0.0012896252767533,-0.0012904575590624,0.4899978637695383,65.74153807349663,WFC,,,,15561000.0,726554347.1260071,0.7766778075655384,12.569990016927823,-0.1289625276753359,1.0494544266755863,16.63917696367787,음봉,46.44439544677734,45.86014194488526,43.21730003356934,True,True,1,0.5571433476039337,0.05896126239736902,False,65.74153807349663,0.8827048194100513,-0.08586370141014465,-448.20095714201375
2019-11-26,54.11000061035156,54.119998931884766,53.72999954223633,53.810001373291016,46.34621047973633,18078900.0,-0.0073786164407881,-0.0074059730835998,0.3899993896484375,55.90914901691175,WFC,,,,18078900.0,837888504.6421051,0.8999701319173651,16.18083670715249,-0.7378616440788188,0.8414914307156882,15.890259665826587,음봉,46.406497955322266,45.9520658493042,43.33439172108968,True,True,0,0.5371431623186379,0.05884331450212509,False,55.90914901691175,0.8283708226840503,-0.11215815850891675,-472.29276594836034
2019-11-27,54.150001525878906,54.400001525878906,54.0099983215332,54.34000015258789,46.80268478393555,16352900.0,0.0098492260634512,0.0098010385843361,0.3900032043457031,54.02831216428108,WFC,,,,16352900.0,765359624.0032196,0.8139490897403717,-9.547041025726122,0.9849226063451288,0.8332923765936756,16.838034793706775,음봉,46.54430465698242,46.07278556823731,43.45326156616211,True,True,1,0.5207146235874721,0.05981062146057012,False,54.02831216428108,0.8127752333028369,-0.10220299831210422,-440.3714927467366
2019-11-29,54.06999969482422,54.75,54.06999969482422,54.459999084472656,46.90604782104492,10508600.0,0.0022084852094821,0.0022060500906454,0.6800003051757812,54.24527119345175,WFC,,,,10508600.0,492916894.13223267,0.5250219412800828,-35.73861516917488,0.2208485209482136,1.4497070991146082,15.527559891998097,음봉,46.699336242675784,46.215735816955565,43.55792922973633,True,True,1,0.5214290618896484,0.05170926979004259,False,54.24527119345175,0.7995395553142757,-0.09235094104053232,-375.390601519402
2019-12-02,54.310001373291016,54.43999862670898,53.54999923706055,53.619998931884766,46.182559967041016,20252700.0,-0.0154241912847602,-0.0155443816173613,0.8899993896484304,45.72564944927899,WFC,,,,20252700.0,935321532.2444916,1.009424229818835,92.72500618541004,-1.5424191284760247,1.9271330785551817,15.784645895756382,음봉,46.585645294189455,46.29905052185059,43.6572213490804,True,True,0,0.5557147434779571,0.04166599963023882,True,45.72564944927899,0.7223440294447059,-0.1356371735280817,-419.2383096976428
2019-12-03,53.0099983215332,53.04999923706055,52.16999816894531,52.58000183105469,45.28681182861328,25560700.0,-0.0193958095667932,-0.0195863764382111,0.8800010681152344,36.10176514834182,WFC,,,,25560700.0,1157562611.1076355,1.265534929828816,26.208851165523605,-1.939580956679321,1.943172929561866,14.783585750475304,음봉,46.30486297607422,46.31454353332519,43.72366873423258,False,True,0,0.5742860521589002,0.03496171761396147,True,36.10176514834182,0.5821756715874713,-0.220644425108253,-266.78997888610917
2019-12-04,52.59999847412109,53.47999954223633,52.540000915527344,53.2400016784668,45.85526657104492,18867400.0,0.0125523241641063,0.0124741968500573,0.9399986267089844,49.55595851050021,WFC,,,,18867400.0,865169656.502533,0.9344193013368611,-26.185902577002974,1.2552324164106343,2.0499251165678354,16.1486012157013,음봉,46.20667419433594,46.33371810913086,43.801012166341145,False,True,0,0.5921429225376669,0.03494724918509275,True,49.555958510500204,0.5110694940689484,-0.23340048210142084,-244.75686497164114
2019-12-05,53.40999984741211,53.52999877929688,53.09999847412109,53.22999954223633,45.84665298461914,13499700.0,-0.0001878429037684,-0.0001878605484564,0.4300003051757954,47.61011901369577,WFC,,,,13499700.0,618916061.296463,0.671402587621761,-28.449600898904993,-0.01878429037684981,0.9379099174808989,16.475170337658852,음봉,46.01546783447266,46.33113422393799,43.87053394317627,False,True,0,0.5899998801095145,0.034949198191548424,False,47.61011901369577,0.4488482484456,-0.23649738217981542,-245.09072467368097
2019-12-06,53.86000061035156,54.40999984741211,53.68999862670898,54.369998931884766,46.82853317260742,18325700.0,0.0214166165699749,0.0211905035247427,0.7200012207031321,54.5454224372133,WFC,,,,18325700.0,858165650.3612518,0.9181816280343531,35.74894256909413,2.1416616569974956,1.537526742614907,17.478588084545187,음봉,45.99996490478516,46.3470682144165,43.95926418304443,False,True,0,0.6050000871930814,0.03493718275642662,False,54.545422437213304,0.47331095421047564,-0.1696277411319519,-207.03338005594887
2019-12-09,54.16999816894531,54.54999923706055,53.90999984741211,53.91999816894531,46.44094467163086,15070800.0,-0.0082767593754844,-0.0083112019285106,0.6399993896484375,49.38646055944037,WFC,,,,15070800.0,699902188.9572144,0.7616120602670029,-17.76139519909199,-0.8276759375484444,1.3780929612299437,15.67733281176596,음봉,46.051641845703124,46.33931636810303,44.03769556681315,False,True,0,0.6178572518484943,0.03494302720327176,False,49.38646055944037,0.4561642939288646,-0.14941952113085044,-222.05617950947166
2019-12-10,53.4900016784668,53.869998931884766,53.380001068115234,53.68999862670898,46.24285125732422,15959100.0,-0.0042654906291699,-0.0042746137867284,0.4899978637695312,47.470189841214605,WFC,,,,15959100.0,737994287.5007629,0.8085984660951437,5.894179472887973,-0.4265490629169921,1.0596186230880875,15.178539232303685,음봉,46.24284973144531,46.3238130569458,44.1119722366333,False,True,0,0.619999749319895,0.03495472167718827,False,47.470189841214605,0.4217295236902814,-0.14708343309554694,-229.73421337449653
2019-12-11,53.7400016784668,53.97999954223633,53.06999969482422,53.16999816894531,45.79497909545898,16834200.0,-0.009685219437984,-0.0097324262284692,0.9099998474121094,47.25932030566162,WFC,,,,16834200.0,770921837.0887755,0.858093386337931,5.483391920597036,-0.9685219437984061,1.9871170713174204,16.212560898167226,음봉,46.23079223632813,46.27859535217285,44.18191254933675,False,True,0,0.6414282662527911,0.03498887509678089,False,47.25932030566162,0.35421698681677327,-0.171676775975244,-247.09358717316374
2019-12-12,53.369998931884766,54.54999923706055,53.09999847412109,54.36000061035156,46.819915771484375,19119500.0,0.0223809835984187,0.0221342047013507,1.4500007629394602,55.05044178503522,WFC,,,,19119500.0,895173379.5928955,0.9793550020562309,13.575340675529567,2.238098359841878,3.096974309002456,16.541157974187012,음봉,46.425444793701175,46.32467460632324,44.26651782989502,True,True,1,0.7028568812779034,0.03495407158695115,True,55.05044178503522,0.3790472185581706,-0.11747723538707733,-207.36738761436692
2019-12-13,54.04999923706055,54.41999816894531,53.43000030517578,53.790000915527344,46.328983306884766,19179300.0,-0.0104855477954236,-0.0105409084831891,0.9899978637695312,46.84686430683343,WFC,,,,19179300.0,888557469.537735,0.9812855070549982,0.3127696853997275,-1.0485547795423655,2.13688665950589,15.442324802257861,음봉,46.32553482055664,46.337593460083006,44.34322547912598,False,True,0,0.7349997929164361,0.03494432644255712,False,46.846864306833425,0.3550187736745869,-0.11320454421652887,-226.3957642104765
2019-12-16,54.2400016784668,54.560001373291016,54.220001220703125,54.220001220703125,46.69933319091797,19793500.0,0.0079939134770126,0.0079621314136973,0.3400001525878906,50.06147810023137,WFC,,,,19793500.0,924343251.5144348,1.0115212909413724,3.202410932620059,0.7993913477012615,0.728062114287348,17.07574353440734,음봉,46.37721252441406,46.355680274963376,44.43008670806885,True,True,1,0.7242856706891756,0.03493069204953912,False,50.06147810023137,0.36169085149580127,-0.08522597311625163,-212.041127730168
2019-12-17,54.11000061035156,54.5099983215332,53.9900016784668,54.34000015258789,46.80268478393555,16723400.0,0.0022131278105204,0.0022106824504325,0.5199966430664062,53.37571668601902,WFC,,,,16723400.0,782700018.7156677,0.8572621179726035,-15.510647434763936,0.221312781052041,1.1110402009349873,15.868893436094739,음봉,46.48917922973633,46.3703218460083,44.51397825876872,True,True,1,0.7335711887904591,0.034919662576614816,False,53.37571668601902,0.3710410013514789,-0.060700658608459246,-208.03525487482477
2019-12-18,54.459999084472656,54.459999084472656,53.630001068115234,53.66999816894531,46.22563171386719,18857000.0,-0.0123294864970315,-0.0124061252111968,0.8299980163574219,45.80735176161016,WFC,,,,18857000.0,871676737.2283936,0.965086512375135,12.758171185285283,-1.2329486497031583,1.795536341168987,16.360844117996816,음봉,46.57530975341797,46.35481853485108,44.592660140991214,True,True,0,0.764999389648439,0.03493134141414545,False,45.807351761610164,0.32810550631726443,-0.08290892291413898,-230.40163706581973
2019-12-19,53.7400016784668,53.83000183105469,53.41999816894531,53.630001068115234,46.19117736816406,18133300.0,-0.00074535153822,-0.0007456294507814,0.410003662109375,44.75348822104228,WFC,,,,18133300.0,837598476.5701294,0.9372580704311682,-3.8378321047886743,-0.07453515382200848,0.8876233200151296,16.255851323164027,음봉,46.449562072753906,46.358694839477536,44.66209424336751,True,True,0,0.7457139151436957,0.03492842061318673,False,44.753488221042275,0.2879789968034103,-0.09842834594239452,-250.15953074498225
2019-12-20,54.04999923706055,54.04999923706055,53.06999969482422,53.33000183105469,45.93278884887695,66318000.0,-0.0055938933365486,-0.0056095977511418,0.979999542236328,48.03259103277853,WFC,,,,66318000.0,3046170690.879822,3.303872592702012,265.72493699436944,-0.5593893336548694,2.1335511446096067,17.013685982191376,음봉,46.370323181152344,46.34878978729248,44.73276716868083,True,True,0,0.7521424974714027,0.03493588505466413,False,48.032591032778534,0.2326468468217513,-0.12300839673924285,-260.97075136666535
2019-12-23,53.34000015258789,54.0,53.25,53.810001373291016,46.34621047973633,17637700.0,0.0090005776095931,0.0089603138287839,0.75,59.03092983310752,WFC,,,,17637700.0,817440556.5784454,0.8814685410932439,-73.40435477547574,0.9000577609593163,1.6182552839523265,16.126195446310337,음봉,46.29969863891601,46.32854957580567,44.78416811625163,False,True,0,0.7428567068917431,0.03495114799098438,False,59.03092983310752,0.21962370446225776,-0.10882523127898913,-306.62321941491626
2019-12-24,53.95000076293945,54.040000915527344,53.7400016784668,53.81999969482422,46.35482025146485,4635500.0,0.000185770781244,0.0001857535279891,0.2999992370605469,54.70784438211502,WFC,,,,4635500.0,214877769.2756653,0.23477156085165443,-73.71822856721681,0.018577078124404345,0.6471802402276959,16.406498405145083,음봉,46.21012573242187,46.311754417419436,44.83955160776774,False,True,0,0.6971424647739975,0.03496382317622997,False,54.70784438211502,0.20760437295710688,-0.09667565022731206,-450.6826764295493
2019-12-26,54.04999923706055,54.38999938964844,53.95000076293945,54.150001525878906,46.639041900634766,12517100.0,0.0061314367659732,0.0061127159920873,0.4399986267089844,57.09879116868273,WFC,,,,12517100.0,583785551.3744354,0.6377749118687133,170.02696580735628,0.6131436765973275,0.9434126619633579,16.6006014991559,음봉,46.29280776977539,46.326395988464355,44.919293848673504,False,True,0,0.6978566305977968,0.0349527727741835,False,57.09879116868273,0.218494608059693,-0.06862833209978075,-431.60741944981373
2019-12-27,54.290000915527344,54.31999969482422,53.869998931884766,53.91999816894531,46.44094467163086,9892000.0,-0.0042474549418479,-0.0042565010028343,0.4500007629394531,45.96040718764762,WFC,,,,9892000.0,459393824.69177246,0.5250728088222235,-20.972110153310275,-0.42474549418479723,0.9689741802654216,16.404623043485905,음봉,46.34276123046875,46.30830898284912,45.00412362416585,True,True,1,0.6785708836146769,0.03496642455744488,False,45.96040718764762,0.20873424854079303,-0.06271095329494458,-444.90252051357544
2019-12-30,54.16999816894531,54.2599983215332,53.5,53.59999847412109,46.165340423583984,10900500.0,-0.0059345099458157,-0.0059521891295259,0.7599983215332031,47.05889536786606,WFC,,,,10900500.0,503225293.2872772,0.586509466223148,10.195107157298832,-0.5934509945815791,1.64625304299706,16.642756843049018,음봉,46.38927154541015,46.271273612976074,45.084217898050944,True,True,0,0.6871422358921601,0.0333191897177818,False,47.05889536786606,0.17672298128388064,-0.07577777644148559,-463.39942907615307
2019-12-31,53.52999877929688,53.81999969482422,53.459999084472656,53.79999923706055,46.33759689331055,12566000.0,0.0037312942598504,0.0037243502494939,0.3600006103515625,51.01668231716951,WFC,,,,12566000.0,582278242.5613403,0.684709463062259,15.279115636897389,0.3731294259850415,0.7769082440344104,15.95278684861727,음봉,46.387548828125,46.27902545928955,45.15680332183838,True,True,0,0.6778567177908766,0.0333136086746328,False,51.01668231716951,0.16337024832535718,-0.07130440752000725,-451.8386052048798
2020-01-02,53.84999847412109,54.040000915527344,53.5099983215332,53.75,46.294525146484375,16803100.0,-0.0009295205127995,-0.0009299527848827,0.5300025939941406,55.8704522408521,WFC,,,,16803100.0,777891535.4888916,0.920931911371959,33.71876492121597,-0.09295205127995976,1.1448494013430641,16.21232451503124,음봉,46.37548980712891,46.32941112518311,45.234358342488605,True,True,0,0.6507140568324503,0.022308811013283945,False,55.8704522408521,0.1476110133737123,-0.0696509139773217,-454.7293232120227
2020-01-03,53.11000061035156,53.619998931884766,52.900001525878906,53.41999816894531,46.01029968261719,15608800.0,-0.0061395048975628,-0.0061584291545614,0.7199974060058594,38.48026018688992,WFC,,,,15608800.0,718165565.6860352,0.8589153459233649,-7.107617046854453,-0.6139504897562875,1.5648613701116063,14.721990218717595,음봉,46.24974136352539,46.337162780761716,45.32125301361084,False,True,0,0.5985709599086216,0.02230507901484111,False,38.480260186889915,0.11090860125553803,-0.08508266087639679,-415.0423178654239
2020-01-06,52.7400016784668,53.20000076293945,52.720001220703125,53.09999847412109,45.73468017578125,13200300.0,-0.0059903871249955,-0.0060084014719189,0.4799995422363281,40.99192706255399,WFC,,,,13200300.0,603711498.7243652,0.7280213842229375,-15.430398236892007,-0.5990387124995555,1.04953077269033,14.626511981603347,음봉,46.10848846435547,46.33156414031983,45.39886182149251,False,True,0,0.5621425083705357,0.023609239556716184,False,40.99192706255399,0.058902493195923,-0.10967101514880948,-379.63698182835935
2020-01-07,53.04999923706055,53.04999923706055,52.470001220703125,52.65999984741211,45.35572052001953,13278600.0,-0.008286045825732,-0.0083205659257896,0.5799980163574219,29.68738105508893,WFC,,,,13278600.0,602260470.4971313,0.7338902424345997,0.5931683370832497,-0.8286045825732002,1.2787758847341362,15.995124560099397,음봉,45.946564483642575,46.25792350769043,45.46304518381755,False,False,0,0.5792852129255023,0.03165285296953331,False,29.687381055088935,-0.012744686435148367,-0.14505455582390467,-348.7397456490885
2020-01-08,52.84000015258789,53.33000183105469,52.79999923706055,52.81999969482422,45.4935302734375,16585600.0,0.0030384205528637,0.0030338138821122,0.5300025939941406,30.412394081944583,WFC,,,,16585600.0,754537495.703125,0.919202518363064,24.90473393279411,0.3038420552863741,1.165006520286678,16.501291450688957,음봉,45.77775115966797,46.21055278778076,45.521562830607095,False,False,0,0.5799999237060547,0.031685300502443114,False,30.412394081944583,-0.05773990739556467,-0.15203982142745676,-350.57680584895314
2020-01-09,53.20000076293945,53.20000076293945,52.47999954223633,52.72999954223633,45.41600799560547,20817400.0,-0.0017040286248635,-0.0017054821330884,0.720001220703125,35.75740656733085,WFC,,,,20817400.0,945443204.8477173,1.1463245834236526,25.51490449546594,-0.17040286248635184,1.585346780749188,16.939706466353442,음봉,45.602047729492185,46.16921062469483,45.577935218811035,False,False,0,0.5721430097307477,0.03171367306595621,False,35.75740656733085,-0.09851868207881864,-0.1542548768885686,-367.3958308498041
2020-01-10,52.790000915527344,52.900001525878906,52.47999954223633,52.5,45.21791076660156,13777600.0,-0.0043618371086924,-0.004371377673207,0.4200019836425781,33.81075661818828,WFC,,,,13777600.0,622994287.3779297,0.7616624040516752,-33.816903167542534,-0.43618371086924235,0.9288398701356988,16.236550162302674,음봉,45.44356994628906,46.140357208251956,45.61906223297119,False,False,0,0.572857175554548,0.034720255798026255,False,33.81075661818828,-0.14514777245400978,-0.16070717381100777,-377.7134047000294
2020-01-13,52.5,52.5,51.83000183105469,52.11000061035156,44.88199996948242,25197600.0,-0.0074287111329178,-0.0074564414263819,0.6699981689453125,32.96070033230154,WFC,,,,25197600.0,1130918682.4310303,1.3903392870092666,82.88816629892,-0.7428711132917876,1.492799272316026,16.104435410529998,음봉,45.273033905029294,46.04346141815186,45.66198450724284,False,False,0,0.5507142203194755,0.04171460518595866,False,32.96070033230154,-0.20682273280358032,-0.17790570732846264,-271.4065815511527
2020-01-14,50.22999954223633,50.7400016784668,49.25,49.29999923706055,42.46176910400391,56668300.0,-0.0539243096814792,-0.0554327022234334,1.4900016784667969,11.84419672131149,WFC,,,,56668300.0,2406236270.116425,3.0214943931313005,124.89562498015685,-5.392430968147921,3.509042863516249,11.915689087808667,음봉,44.694243621826175,45.850100708007815,45.66428508758545,False,False,0,0.6035714830671038,0.09467625180534192,True,11.84419672131149,-0.44585346613210675,-0.3335491525255912,-132.0667646316663
2020-01-15,48.83000183105469,48.84000015258789,47.97999954223633,48.31999969482422,41.617706298828125,47148000.0,-0.0198781827273465,-0.020078411703097,0.8600006103515625,10.029007637519,WFC,,,,47148000.0,1962191616.5771484,2.4955710546006675,-16.800045175168478,-1.9878182727346538,2.0664296205477775,14.997568074596035,음봉,43.9190788269043,45.59601936340332,45.64739939371745,False,False,0,0.6435715811593192,0.11371559529753676,False,10.029007637519001,-0.6953799514475989,-0.4664605102728666,-99.25574718971068
2020-01-16,48.459999084472656,49.31999969482422,47.84000015258789,49.25,42.41870880126953,37020200.0,0.0192466758424878,0.0190638013358837,1.479999542236328,17.24600394942135,WFC,,,,37020200.0,1570349083.5647583,1.9378599619452774,-21.48086875371171,1.9246675842487848,3.4890254419814726,16.440821453529257,음봉,43.31961898803711,45.37682056427002,45.63689657847087,False,False,0,0.7178573608398438,0.11065860365193744,True,17.24600394942135,-0.8190557166544679,-0.47210902038378844,-83.66190947981772
2020-01-17,49.369998931884766,49.41999816894531,48.52999877929688,49.18000030517578,42.358428955078125,29669200.0,-0.0014210674462963,-0.0014220781202438,0.8899993896484304,17.622995207314943,WFC,,,,29669200.0,1256740700.354004,1.5413980961029543,-19.856726868034215,-0.14210674462963313,2.101115200925631,16.387321366102476,음봉,42.74772262573242,45.18346042633057,45.623114013671874,False,False,0,0.7492858341761993,0.11113216107017043,False,17.622995207314943,-0.9114273641149566,-0.45158453427542167,-85.38275328527526
2020-01-21,49.09000015258789,49.880001068115234,48.79999923706055,48.93999862670898,42.15170669555664,30858300.0,-0.0048803098845029,-0.0048922574846315,1.0800018310546875,17.817663503948808,WFC,,,,30858300.0,1300730010.7234955,1.5905066187219992,4.007860002966046,-0.48803098845029425,2.562178179059436,15.891928391982427,음봉,42.201663970947266,44.9814868927002,45.601478258768715,False,False,0,0.7721432277134481,0.11163116092148404,False,17.817663503948808,-0.9899023409291345,-0.4240476088716797,-91.74665737193233
2020-01-22,49.02999877929688,49.09000015258789,48.290000915527344,48.560001373291016,41.82441329956055,20367700.0,-0.0077646534779716,-0.0077949553574338,0.7999992370605469,14.690039825417584,WFC,,,,20367700.0,851867102.7614594,1.048974683559826,-33.99603996331619,-0.7764653477971617,1.9127566269266771,16.317944451025767,음봉,42.07419281005859,44.776068115234374,45.571970303853355,False,False,0,0.8035717010498041,0.11214329022557047,False,14.690039825417585,-1.066213521407974,-0.4002870314804152,-97.025582464208
2020-01-23,48.38999938964844,48.45000076293945,47.97999954223633,48.220001220703125,41.53157424926758,17297900.0,-0.0070016296031591,-0.0070262560291058,0.470001220703125,14.137513664796444,WFC,,,,17297900.0,718409018.2064056,0.8917701933876284,-15.07190306220143,-0.7001629603159198,1.131672057221413,15.697975350097442,음봉,42.056966400146486,44.535336303710935,45.53089892069499,False,False,0,0.7992858886718744,0.11468348676063786,False,14.137513664796444,-1.1372112819613989,-0.37702783362707204,-109.14233971668277
2020-01-24,48.18999862670898,48.209999084472656,47.18000030517578,47.56999969482422,40.97173309326172,21239600.0,-0.0134798924944611,-0.0135715710555853,1.029998779296875,13.574122550106509,WFC,,,,21239600.0,870223222.2076416,1.0886843912757158,22.787159134923883,-1.3479892494461132,2.513925337139986,16.032198388335406,음봉,41.76757125854492,44.26618194580078,45.47935943603515,False,False,0,0.821428843906947,0.12802795629205296,False,13.574122550106509,-1.22453632866371,-0.3714823042635065,-100.94740929396484
2020-01-27,46.88999938964844,47.41999816894531,46.7400016784668,47.09999847412109,40.566932678222656,18156200.0,-0.0098799924845169,-0.009929123487408,0.6799964904785156,13.325233282545582,WFC,,,,18156200.0,736541343.0923462,0.9295328885147845,-14.517222546563968,-0.9879992484516986,1.6762334383825739,14.444754589500258,음봉,41.409272003173825,43.96257648468018,45.413679440816246,False,False,0,0.8357143402099604,0.13361391581440057,False,13.325233282545582,-1.311290329089836,-0.36658904375170565,-93.67327552822557
2020-01-28,47.5099983215332,47.790000915527344,47.27999877929688,47.369998931884766,40.79947662353516,16673300.0,0.0057323521883463,0.00571598477693,0.5100021362304616,16.978745051202182,WFC,,,,16673300.0,680261913.5871888,0.8541412050894369,-8.16745794824908,0.5732352188346335,1.250021270949998,17.115086561715223,음봉,41.13882598876953,43.68050308227539,45.35386587778727,False,False,0,0.8307146344866061,0.1321107544072564,False,16.978745051202182,-1.3457659938535826,-0.3208517668123618,-90.14453592385414
2020-01-29,47.41999816894531,47.900001525878906,47.2599983215332,47.27000045776367,40.71334457397461,16166300.0,-0.002111106727062,-0.0021133382540828,0.6400032043457031,15.094266041884822,WFC,,,,16166300.0,658184142.3862457,0.8334196503453185,-3.0407897656732574,-0.2111106727062051,1.5719740322066675,16.22697665094827,음봉,40.916612243652345,43.40790328979492,45.29830423990885,False,False,0,0.8385718209402891,0.1329404043443987,False,15.094266041884822,-1.364311410441374,-0.27151774672012263,-93.2919188638578
2020-01-30,47.16999816894531,47.95000076293945,47.040000915527344,47.90999984741211,41.26457595825195,14760200.0,0.0135393294273766,0.0134484917094207,0.9099998474121094,21.64704950569346,WFC,,,,14760200.0,609073394.0589905,0.7648760276535441,-8.697723041141137,1.3539329427376678,2.2052809856395257,15.858814014258169,음봉,40.86321258544922,43.154252243041995,45.24410940806071,False,False,0,0.8521431514195024,0.13272371019208684,False,21.64704950569346,-1.3193207128918374,-0.18122163933646873,-88.8867833741122
2020-01-31,47.41999816894531,47.45000076293945,46.75,46.93999862670898,40.42911529541016,23080400.0,-0.0202464376148452,-0.0204542058945591,0.7000007629394531,19.913394183011192,WFC,,,,23080400.0,933120152.6641847,1.1892565386138536,56.36915488950014,-2.0246437614845236,1.7314273582902835,14.91696465491588,음봉,40.7546890258789,42.86098175048828,45.1683121363322,False,False,0,0.872143064226422,0.13021597171286078,False,19.913394183011192,-1.335683031643626,-0.1580671664706057,-109.56403163285636
2020-02-03,47.2400016784668,47.720001220703125,47.02999877929688,47.119998931884766,40.58415222167969,15471100.0,0.0038347840445354,0.0038274500038632,0.6900024414062429,22.369911208400552,WFC,,,,15471100.0,627881477.4368286,0.799360514409708,-32.96866605431449,0.3834784044535411,1.7001770485121772,16.846488807114362,음봉,40.75813293457031,42.589674377441405,45.08685175577799,False,False,0,0.8735719408307742,0.12457397145964799,False,22.369911208400552,-1.3209134350471103,-0.11463805589927212,-153.89623641967773
2020-02-04,47.70000076293945,47.84000015258789,47.25,47.2599983215332,40.704734802246094,14973300.0,0.0029711740658706,0.0029667688518205,0.5900001525878906,33.96231145280571,WFC,,,,14973300.0,609484205.6144714,0.7745205871761267,-3.217612193056729,0.2971174065870663,1.4494632023872915,17.533564585485028,음봉,40.7391845703125,42.33817710876465,45.00029182434082,False,False,0,0.8092861175537094,0.11961816317734014,False,33.96231145280571,-1.2846695459870219,-0.06271533347134683,-192.2059888328968
2020-02-05,47.900001525878906,48.400001525878906,47.77999877929688,48.310001373291016,41.60908889770508,20141800.0,0.0222174176997482,0.0219742066313966,0.6200027465820241,49.92219922371426,WFC,,,,20141800.0,838081946.7597961,1.0396664633926023,34.51810890050957,2.2217417699748276,1.4900656635531857,17.67673161019041,음봉,40.91833343505859,42.150845527648926,44.91861241658528,False,False,0,0.7921434129987424,0.1201497838211887,False,49.92219922371426,-1.1694910207781177,0.04197055339004585,-163.40489739191284
2020-02-06,48.43999862670898,48.5,47.84999847412109,47.97999954223633,41.76578140258789,18259200.0,0.0037658239830253,0.0037587510193526,0.6500015258789134,43.329048712937976,WFC,,,,18259200.0,762609755.7861328,0.9484801291806095,-9.346731672442388,0.3765823983025385,1.5563016039696027,16.416869270551736,음봉,41.01857452392578,41.96445808410645,44.83810907999675,False,False,0,0.7328578404017841,0.11883610388106104,False,43.329048712937976,-1.053424215500975,0.126429886933751,-158.41468926004578
2020-02-07,47.72999954223633,48.0,47.47999954223633,47.84000015258789,41.6439094543457,13174600.0,-0.0029179855889068,-0.0029222512088881,0.5200004577636719,42.79049967321746,WFC,,,,13174600.0,548641849.4972229,0.6894046208892475,-27.846784086926046,-0.29179855889068795,1.2486830957447677,14.280154565188818,음봉,41.26153335571289,41.77585315704346,44.75629227956136,False,False,0,0.7064293452671586,0.11463070432552022,False,42.79049967321746,-0.9602058287133985,0.1757186189770621,-162.29596225149794
2020-02-10,47.66999816894531,47.86000061035156,47.41999816894531,47.77000045776367,41.582984924316406,18124800.0,-0.0014629877652598,-0.0014640589767675,0.44000244140625,44.08764531344557,WFC,,,,18124800.0,753683285.15625,0.952655969492647,37.573816282847304,-0.14629877652598822,1.058130969210319,14.470516321734927,음봉,41.461299896240234,41.5941068649292,44.671019808451334,False,False,0,0.6607151031494131,0.10705566268155131,False,44.08764531344557,-0.8810890399936966,0.20386832615741124,-219.44766394280873
2020-02-11,48.08000183105469,48.34000015258789,47.93999862670898,47.9900016784668,41.77448654174805,13686100.0,0.0046052879027367,0.0045947160097179,0.4000015258789133,49.4658883523831,WFC,,,,13686100.0,571729800.259018,0.7199761617951769,-24.489649540960457,0.4605287902736732,0.9575258943737465,15.624219662352889,음봉,41.67525024414063,41.43873119354248,44.60228907267253,True,False,0,0.6321438380650106,0.04905202814005329,False,49.4658883523831,-0.7937855689225302,0.23293743778286213,-282.13181092088183
2020-02-12,48.220001220703125,48.4900016784668,47.7599983215332,47.790000915527344,41.60038757324219,16668100.0,-0.0041675908651054,-0.0041762994762891,0.7300033569335938,50.75534823735329,WFC,,,,16668100.0,693399420.1095581,0.8724708518014683,21.78852996836207,-0.41675908651054305,1.7547994129822477,15.429309161020191,음봉,41.673509979248045,41.39566211700439,44.52778542836507,True,False,0,0.6507154192243298,0.04806285016617933,False,50.75534823735329,-0.7302276609393488,0.23719627661283482,-292.02380720154844
2020-02-13,47.619998931884766,48.18000030517578,47.54999923706055,48.119998931884766,41.88764572143555,12530000.0,0.006905179613714,0.0068814480454921,0.6300010681152344,60.69369310787446,WFC,,,,12530000.0,524852200.8895874,0.6573185908023361,-24.826464924016534,0.6905179613714063,1.5040259658060424,14.470084799196572,음봉,41.69788284301758,41.409159088134764,44.45361957550049,True,False,0,0.622144154139927,0.04804718447976064,False,60.69369310787446,-0.649194716527532,0.2545833768197212,-275.70230594334737
2020-02-14,48.13999938964844,48.31999969482422,47.75,48.220001220703125,41.97469711303711,15526400.0,0.0020782116087516,0.0020760551142573,0.5699996948242188,67.75354963231226,WFC,,,,15526400.0,651715937.2558594,0.8154050157047645,23.913806863527533,0.20782116087516567,1.3579602332548577,14.926486224107164,음봉,41.76404037475586,41.38695850372314,44.37803363800049,True,False,0,0.61428724016462,0.04661646396399005,False,67.75354963231226,-0.5713648659742461,0.2659305818984058,-272.87445068359375
2020-02-18,47.970001220703125,48.119998931884766,46.52999877929688,46.9900016784668,40.90401077270508,22423800.0,-0.0255078991385856,-0.0258388659048144,1.5900001525878835,51.08824372719995,WFC,,,,22423800.0,917223356.7649841,1.1718429097750254,44.42369126133554,-2.5507899138585644,3.8871497502364196,14.28313846201384,음봉,41.6282455444336,41.31423759460449,44.284172185262044,True,False,0,0.6914299556187216,0.04169486115293683,True,51.08824372719995,-0.589286658462143,0.1984070315284071,-285.5829705823136
2020-02-19,47.25,47.34999847412109,46.97999954223633,47.09000015258789,40.99104309082031,15602500.0,0.0021277208877841,0.0021254604954507,0.3699989318847585,52.89041462483017,WFC,,,,15602500.0,639562749.8245239,0.8151142988092763,-30.419910987432996,0.21277208877841236,0.9026336096521962,15.514344699736757,음봉,41.47155685424805,41.25620441436767,44.19879538218181,True,False,0,0.6721439361572256,0.03746301531046054,False,52.89041462483017,-0.5896696823740868,0.15841920609317073,-281.1650891515513
2020-02-20,47.0,47.40999984741211,46.68000030517578,47.34000015258789,41.20867538452149,15965500.0,0.0053092645927304,0.0052952201360319,0.7299995422363281,49.37473972378301,WFC,,,,15965500.0,657917106.8515779,0.83297943544066,2.3265502323345677,0.53092645927304,1.7714705348440423,14.659194926721336,음봉,41.39321441650391,41.22541751861572,44.11675847371419,True,False,0,0.6592867715018126,0.037490992466699076,False,49.37473972378301,-0.5658889092192609,0.14575998339839735,-270.11777144362094
2020-02-21,47.47999954223633,47.84999847412109,47.09999847412109,47.70000076293945,41.52204132080078,21729100.0,0.0076043680937387,0.0075756006335457,0.75,63.84120088737037,WFC,,,,21729100.0,902236588.0638123,1.126879939703635,36.1003413610598,0.7604368093738767,1.806269576694154,15.218456063429853,음봉,41.32009353637695,41.224940872192384,44.02960891723633,True,False,0,0.662858145577566,0.037491425940879716,False,63.84120088737037,-0.5158105204150587,0.15667069776207976,-254.21088098152035
2020-02-24,46.58000183105469,46.95000076293945,46.2599983215332,46.38999938964844,40.38172149658203,23075900.0,-0.0274630000825006,-0.0278471580256135,0.69000244140625,47.948353533026,WFC,,,,23075900.0,931844567.0829773,1.1888171766209756,6.198139821713733,-2.746300008250069,1.7086999162842842,12.181386919722762,음봉,41.00149841308594,41.1954402923584,43.92445888519287,False,False,0,0.6628581455775665,0.038668736276392446,False,47.948353533025994,-0.5616628169259101,0.0886547210009827,-262.42287590492555
2020-02-25,46.290000915527344,46.66999816894531,44.959999084472656,45.119998931884766,39.27620697021485,31110100.0,-0.0273766071726474,-0.0277583294537052,1.7099990844726562,37.9312745254756,WFC,,,,31110100.0,1221886726.464081,1.5833969136329087,34.816410194185266,-2.737660717264745,4.3537785758422025,14.631073663972938,음봉,40.67593765258789,41.130904006958005,43.80662549336751,False,False,0,0.7428580692836212,0.0656073628327197,True,37.9312745254756,-0.6793754579830704,-0.023246336044941973,-160.55905774846693
2020-02-26,45.47999954223633,45.650001525878906,44.130001068115234,44.13999938964844,38.423126220703125,27372600.0,-0.0217200390597457,-0.0219593912813871,1.520000457763672,22.848595617575214,WFC,,,,27372600.0,1051740864.7888184,1.3780862969231729,-12.013783305100267,-2.1720039059745733,3.9559520717620997,15.79529453219892,음봉,40.16235427856445,41.01208648681641,43.66696618398031,False,False,0,0.8071436200823102,0.08659815182716098,True,22.848595617575214,-0.83191031680105,-0.1406249558903372,-130.59213369076852
2020-02-27,43.31999969482422,44.31999969482422,42.43000030517578,42.470001220703125,36.96942138671875,41180000.0,-0.0378341113014664,-0.0385684017081854,1.8899993896484373,16.524770089206086,WFC,,,,41180000.0,1522400772.7050781,2.0316326187006304,50.44241321613585,-3.783411130146641,5.1123315398369185,12.744599296770817,음봉,39.3145034790039,40.824890327453616,43.501355743408205,False,False,0,0.8957148960658478,0.12260353147727746,True,16.524770089206086,-1.0579022833517797,-0.2932935379528534,-90.10854259083352
2020-02-28,41.310001373291016,41.869998931884766,39.75,40.84999847412109,35.55923843383789,71703000.0,-0.0381445773286424,-0.0388911278942583,2.1199989318847656,14.006058488970254,WFC,,,,71703000.0,2549704073.4214783,3.39493374816464,74.12093249150074,-3.8144577328642404,5.961879458777698,11.741000599299662,음봉,38.12194290161133,40.53962345123291,43.324300384521486,False,False,0,1.0100005013602116,0.15825156064699727,True,14.006058488970254,-1.3353988769378446,-0.4566321052311345,-47.9492077957732
2020-03-02,40.97999954223633,42.27999877929688,39.459999084472656,42.2599983215332,36.7866096496582,44231200.0,0.0345162402199354,0.033933916697866,2.819999694824226,25.06770741829007,WFC,,,,44231200.0,1627115888.735962,2.0512447998690297,-38.31332022370054,3.451624021993549,7.6658320015919905,15.244311597067512,음봉,37.40292053222656,40.35749816894531,43.182630348205564,False,False,0,1.1800003051757812,0.15896571815088006,True,25.06770741829007,-1.4396825626513703,-0.44873263275572806,-29.6056330769221
2020-03-03,42.060001373291016,42.900001525878906,40.02999877929688,40.52999877929688,35.28067779541016,45091000.0,-0.0409369569142132,-0.0417984679008854,2.870002746582024,20.302426902798643,WFC,,,,45091000.0,1590841042.4728396,2.0392068441094118,1.9438767205049778,-4.0936956914213285,8.134772135685548,14.335084895984181,음봉,36.603814697265626,40.09232444763184,43.00638720194499,False,False,0,1.356428963797432,0.16696510890433908,True,20.302426902798643,-1.6251109821373007,-0.5073288417933266,-46.28261449052253
2020-03-04,41.0099983215332,41.43000030517578,39.959999084472656,41.400001525878906,36.03800582885742,33881500.0,0.0214658017014,0.0212386562045002,1.470001220703125,25.85029799888767,WFC,,,,33881500.0,1221021694.4904327,1.5174200849002186,-24.85972810538688,2.14658017014,4.079030420506847,16.239258665456806,음봉,36.126790618896486,39.858987998962405,42.842909749348955,False,False,0,1.4092859540666842,0.16794253074867838,False,25.85029799888767,-1.6914562428027011,-0.4589392819669815,-38.622946048301124
2020-03-05,40.0,40.0099983215332,38.56999969482422,38.900001525878906,33.86178970336914,45037900.0,-0.0603866966397368,-0.0622868677617833,1.4399986267089844,20.064880554330315,WFC,,,,45037900.0,1525063898.481369,1.9895244150777072,32.927703909213,-6.038669663973684,4.252576840513864,10.993932877301475,음봉,35.50526428222656,39.47162303924561,42.626797358194985,False,False,0,1.4671429225376664,0.20553772013888347,False,20.064880554330315,-1.8977615796273284,-0.5321956950332869,-48.289333245693115
2020-03-06,37.0,37.68000030517578,36.33000183105469,37.09000015258789,32.28622055053711,56766500.0,-0.0465294116653044,-0.0476467004219254,1.3499984741210938,17.475097045453822,WFC,,,,56766500.0,1832775738.8820648,2.442715746707331,26.041622722196188,-4.652941166530445,4.1813456363155375,9.267703580117082,음봉,34.850660705566405,38.99764499664307,42.39088528951009,False,False,0,1.5228571210588717,0.2484374777844659,False,17.475097045453822,-2.1634563305890495,-0.6383123567960063,-34.29840775985326
2020-03-09,33.720001220703125,34.47999954223633,32.220001220703125,32.47999954223633,28.27328491210937,53277200.0,-0.124292517674726,-0.1327231680970916,2.259998321533203,14.592412732435603,WFC,,,,53277200.0,1506321454.9194334,2.2319280689626373,-6.146759092070142,-12.429251767472604,7.993405536564491,4.440843944312842,음봉,33.14799575805664,38.32911376953125,42.091392517089844,False,False,0,1.5707141331263945,0.3574674928127174,True,14.592412732435605,-2.6670871826348943,-0.9135545670734808,-25.250908522908965
2020-03-10,34.630001068115234,35.08000183105469,32.279998779296875,35.08000183105469,30.53654861450196,40078700.0,0.0800495488737227,0.0770069186705184,2.8000030517578125,23.87998021400517,WFC,,,,40078700.0,1223865170.9560397,1.6550662188234428,-24.773261357578846,8.004954887372273,9.169350102742381,22.483118519006254,음봉,32.199169921875,37.776791954040526,41.83708534240723,False,False,0,1.7442858559744698,0.36269390523147016,True,23.879980214005187,-2.8507303504841133,-0.8777581879381597,-10.770651964337537
2020-03-11,34.04999923706055,34.27000045776367,32.0099983215332,32.33000183105469,28.142719268798828,44769500.0,-0.0783922694055309,-0.0816356008438454,2.2600021362304688,20.557069991947174,WFC,,,,44769500.0,1259935470.3044891,1.8134718873708675,11.703972434235643,-7.839226940553101,8.030503785524663,11.50572275509234,음봉,30.62011260986328,37.09520359039307,41.52579873402913,False,False,0,1.8535717555454798,0.3728777983528979,False,20.557069991947188,-3.1530841152598583,-0.9440895621711234,-24.414640249246165
2020-03-12,29.809999465942383,30.86000061035156,27.1200008392334,27.200000762939453,23.677141189575195,68447600.0,-0.1586761405879677,-0.1727786046563092,3.739999771118161,16.126916240549818,WFC,,,,68447600.0,1620643489.2875671,2.682081622330808,52.888908743675934,-15.867614058796775,15.795824931621578,5.924374902151083,음봉,28.583182907104494,36.199041271209715,41.14826803207397,False,False,0,2.0671431677682057,0.5054707329504486,True,16.126916240549818,-3.710266836258576,-1.2010178265358729,-17.361874245608984
2020-03-13,30.14999961853028,31.76000022888184,27.770000457763672,30.88999938964844,26.889223098754883,78365700.0,0.1356617288996837,0.1272155020996097,3.989999771118168,26.25612573364306,WFC,,,,78365700.0,2107192790.5900955,2.9575290923728406,14.490062471145816,13.566172889968374,14.838657689975902,27.33800663318686,음봉,27.503783416748046,35.449120140075685,40.81809953053792,False,False,0,2.3028572627476285,0.5161638949333552,True,26.25612573364306,-3.848289307690436,-1.071232238374186,-1.1804489616363356
2020-03-16,26.34000015258789,29.229999542236328,26.299999237060547,26.5,23.06780433654785,57466700.0,-0.1421171131710378,-0.1532876843478785,2.930000305175781,23.96532660714773,WFC,,,,57466700.0,1325630591.4670944,2.1200962627615474,-26.66855524802305,-14.21171131710378,12.701687002492854,-2.042539288509322,음봉,26.462687301635743,34.50377550125122,40.422518189748125,False,False,0,2.390000207083566,0.5348468889609984,True,23.96532660714773,-4.2174139451684916,-1.152285500681793,-16.703847639234954
2020-03-17,27.6299991607666,30.6200008392334,25.88999938964844,29.6299991607666,25.79241180419922,58112800.0,0.1181129954069617,0.1116424388627524,4.730001449584957,30.862564975527576,WFC,,,,58112800.0,1498869268.6950684,2.0961419284449128,1.1243032921674612,11.811299540696174,18.338732668710236,19.77732582459338,음봉,25.513859939575195,33.748195552825926,40.08196452458699,False,False,0,2.619285992213658,0.5468214428047443,True,30.862564975527576,-4.241204858078898,-0.9408611308737593,-0.5295039817325253
2020-03-18,27.700000762939453,28.88999938964844,26.89999961853028,28.1200008392334,24.47798538208008,51904100.0,-0.0509617492190139,-0.0523061747767076,1.989999771118164,30.993374231476565,WFC,,,,51904100.0,1270507801.0700228,1.838394360746148,-10.683876873941712,-5.096174921901397,8.129753082437109,7.395930916509571,음봉,24.780913162231446,32.92254266738892,39.720077991485596,False,False,0,2.626428876604352,0.5605349857297803,False,30.993374231476565,-4.316366172715313,-0.8128179564081379,-8.301080718625185
2020-03-19,27.65999984741211,29.11000061035156,26.290000915527344,28.290000915527344,24.6259708404541,53123500.0,0.006045655149478,0.0060274535001408,2.819999694824215,32.69972837741071,WFC,,,,53123500.0,1308217761.9428635,1.843851053121764,2.349332711674035,0.604565514947808,11.451323942086722,12.999494916201423,음봉,24.970679092407227,32.093407440185544,39.36496435801188,False,False,0,2.676428931100027,0.5750164428207639,False,32.69972837741071,-4.31425877670301,-0.6485684483166678,-7.431089890941407
2020-03-20,28.68000030517578,28.75,26.18000030517578,26.5,23.06780433654785,73915800.0,-0.0632733025634296,-0.0653637175861854,2.5699996948242188,28.5169283535907,WFC,,,,73915800.0,1705075211.7794037,2.489995333560087,39.13955217559084,-6.327330256342966,11.14106768606667,16.462414785539977,음봉,24.20639533996582,31.1706955909729,38.976990922292075,False,False,0,2.658571788242884,0.5554549499706489,False,28.5169283535907,-4.38774052342432,-0.5776401560303817,-16.59138564767992
2020-03-23,26.26000022888184,26.8700008392334,25.11000061035156,25.25,21.97969436645508,47064100.0,-0.0471700710747231,-0.0483188498839206,1.7600002288818395,28.89504397706933,WFC,,,,47064100.0,1034454533.6322786,1.5612917028659627,-36.32741578931703,-4.717007107472315,8.007391729558863,13.838317014317573,음봉,23.988773345947266,30.250594234466554,38.570738824208576,False,False,0,2.579285894121442,0.5717743086201156,False,28.895043977069335,-4.482109746835313,-0.5376075035530996,-19.180798421762425
2020-03-24,26.959999084472656,29.170000076293945,26.32999992370605,28.920000076293945,25.17436981201172,48630300.0,0.1453466728105319,0.1357073621938742,2.840000152587894,34.00000067419586,WFC,,,,48630300.0,1224237156.2690735,1.628415066736813,3.327801870215308,14.534667281053192,11.281315773921834,22.658662286125345,음봉,23.865164947509765,29.545502376556396,38.212994289398196,False,False,0,2.67714296068464,0.5565460233059191,False,34.00000067419586,-4.250121669841288,-0.24449554124725914,0.43200813119490744
2020-03-25,29.0,30.299999237060547,27.770000457763672,28.96999931335449,25.217893600463867,53341100.0,0.001728892869103,0.0017274000541903,2.529998779296875,36.41587649348771,WFC,,,,53341100.0,1345150184.3317032,1.7528944105832698,9.686964711301393,0.17288928691030492,10.032553945149237,15.196528121879407,음봉,24.013146591186523,28.885240745544433,37.85927677154541,False,False,0,2.755000114440918,0.51894069889571,False,36.41587649348771,-4.016458211353022,-0.008665666207194889,0.8583372532358443
2020-03-26,29.32999992370605,31.38999938964844,29.07999992370605,30.89999961853028,26.89792823791504,45494700.0,0.0666207362148703,0.0644954604119123,2.30999946594239,41.55986095992813,WFC,,,,45494700.0,1223713175.8054733,1.4638472641023756,-14.709857876946675,6.66207362148703,8.588020034517896,16.30630372382309,음봉,24.46753807067871,28.381666088104247,37.5381532351176,False,False,0,2.8235716138567244,0.521707049798927,False,41.55986095992813,-3.653597089477465,0.28335636453468993,17.933073306458308
2020-03-27,30.020000457763672,31.290000915527344,29.07999992370605,30.280000686645508,26.35822486877441,38942800.0,-0.0200648676123638,-0.0202689009494571,2.2100009918212926,46.63403383777529,WFC,,,,38942800.0,1026463079.4197081,1.2363455900913212,-14.401457752221692,-2.0064867612363813,8.384483412004718,11.607110377548677,음봉,25.125622177124022,27.921615409851075,37.20516370137533,False,False,0,2.8200003760201597,0.5303029594046721,False,46.63403383777529,-3.3707210138713393,0.45298595211265225,12.51980045730447
2020-03-30,30.36000061035156,30.479999542236328,28.88999938964844,29.920000076293945,26.04485511779785,41232800.0,-0.0118888791842654,-0.0119601170973275,1.590000152587887,41.52431050608007,WFC,,,,41232800.0,1073902302.1011353,1.2886947164916809,5.880419487042543,-1.18888791842654,6.104853128944282,15.182265731095953,음봉,25.938654327392577,27.384527683258057,36.86766920089722,False,False,0,2.7335715975080217,0.5133669503088454,False,41.52431050608007,-3.1356798405954827,0.5504217003108072,10.205835404139314
2020-03-31,29.40999984741211,29.75,28.15999984741211,28.700000762939453,24.982866287231445,36920300.0,-0.0407753786981404,-0.0416300070183445,1.5900001525878906,43.72189786327316,WFC,,,,36920300.0,922374918.1844711,1.1392060739139866,-10.458906501620069,-4.077537869814041,6.3643624166556405,12.920573811580443,음봉,25.900353622436523,26.869637107849123,36.51721197764079,False,False,0,2.6857143129621233,0.523204366548577,False,43.721897863273156,-3.000513587725443,0.5484703625446774,-1.911794442301211
2020-04-01,27.020000457763672,27.3700008392334,26.200000762939453,26.56999969482422,23.12873077392578,48497400.0,-0.0742162845523173,-0.0771146402483707,1.170000076293945,48.78424032113223,WFC,,,,48497400.0,1121683307.8353882,1.4705478311758124,31.35700414135314,-7.421628455231732,5.058643674528596,8.154125099622338,음봉,25.482521057128906,26.22417335510254,36.14044615427653,False,False,0,2.502142906188965,0.4530970405060304,False,48.78424032113223,-3.0083284608946634,0.4325243915003658,-29.793533083896012
2020-04-02,26.46999931335449,27.530000686645508,26.3799991607666,27.21999931335449,23.694551467895508,33113500.0,0.0244639751095898,0.0241695246911526,1.1500015258789062,41.9763989641972,WFC,,,,33113500.0,784609530.0321579,0.9962532881508233,-31.721081954908925,2.4463975109589864,4.8534428998881,14.446398170692069,음봉,24.841845703125,25.715811443328857,35.779426670074464,False,False,0,2.299285888671875,0.40078557142927435,False,41.976398964197195,-2.9350315858143325,0.4046570132645573,-22.539003464814797
2020-04-03,27.0,27.36000061035156,25.90999984741211,26.229999542236328,22.8327693939209,32735800.0,-0.0363704742477301,-0.0370483676229809,1.4500007629394496,49.30661326614603,WFC,,,,32735800.0,747448972.3255157,0.9768996417120347,-1.1406224047593838,-3.63704742477301,6.350525150600015,13.950247324086925,음봉,24.1367546081543,25.24313888549805,35.40174732208252,False,False,0,2.1935716356549944,0.33897742617748355,False,49.30661326614603,-2.9129037541360994,0.34142787595423263,-36.26165062225733
2020-04-06,27.40999984741211,28.82999992370605,27.39999961853028,28.6299991607666,24.92192840576172,36056100.0,0.0914982749485064,0.0875513165654825,1.430000305175774,47.33191404580195,WFC,,,,36056100.0,898587542.7909851,1.064459587674461,10.142718369491499,9.149827494850648,5.737919963068218,20.04675987622366,음봉,23.91216926574707,25.075571060180664,35.06017932891846,False,False,0,1.9578572681971953,0.3412426471768348,False,47.33191404580195,-2.6957150901486386,0.44689323195335495,-2.9947809099876457
2020-04-07,30.75,30.780000686645508,28.709999084472656,28.770000457763672,25.04379653930664,39229900.0,0.0048899961335555,0.0048780789367032,2.070001602172852,51.87102864947969,WFC,,,,39229900.0,982465633.8573456,1.1442423926476883,8.802394047054452,0.4889996133555563,8.26552635070306,23.38531553156571,음봉,23.92435531616211,24.8009334564209,34.723944091796874,False,False,0,1.9635716847011018,0.24849971526971518,False,51.87102864947969,-2.4851109571104466,0.5259978919932378,-1.054205157860407
2020-04-08,29.34000015258789,30.479999542236328,28.68000030517578,30.280000686645508,26.35822486877441,42213700.0,0.0524851863975477,0.0511542117936853,1.7999992370605469,55.31798032452678,WFC,,,,42213700.0,1112678197.1429822,1.216834664167961,7.605933229500961,5.248518639754773,6.828985055032813,17.15476168534707,음봉,24.570254135131837,24.711708736419677,34.41521450678508,False,False,0,1.890714509146554,0.1990244350934564,False,55.31798032452678,-2.1869326846345416,0.6593409315753145,19.876186322485314
2020-04-09,31.1200008392334,33.90999984741211,31.100000381469727,33.20000076293945,28.900035858154297,62462000.0,0.0964333145359523,0.0920624703697198,2.809999465942383,66.8850401930761,WFC,,,,62462000.0,1805154039.7720337,1.7668376778783828,47.96618159507457,9.643331453595238,9.72316947886944,18.065617067028224,음봉,25.611351013183594,24.972853469848634,34.18918561935425,True,False,0,1.9078573499407088,0.2771145676265869,False,66.8850401930761,-1.7256293701842615,0.896515396820476,43.06858609534059
2020-04-13,33.220001220703125,33.2400016784668,31.40999984741211,31.43000030517578,27.35928726196289,36068900.0,-0.0533130340652042,-0.0547867938360217,1.8300018310546875,65.1768266447352,WFC,,,,36068900.0,986819396.3230133,1.0101562831324482,-42.254650827703244,-5.331303406520426,6.688777428785234,14.94795848611353,음봉,26.516654586791994,24.996356678009032,33.951545302073164,True,False,0,1.9128574643816265,0.2768540063995607,False,65.1768266447352,-1.467452822431536,0.9237535556585614,18.116092681884766
2020-04-14,32.11000061035156,32.5,29.559999465942383,30.18000030517578,26.27117729187012,64267100.0,-0.0397711372987975,-0.0405836242856111,2.940000534057617,53.51169796526062,WFC,,,,64267100.0,1688372378.1343462,1.7691564801102109,78.17870797279652,-3.9771137298797554,11.19097367199996,17.36417072163097,음봉,26.786504364013673,25.156525325775146,33.682419776916504,True,False,0,1.920000348772321,0.27509130939512927,True,53.51169796526062,-1.3352554356534014,0.8447607539493567,4.514718055725142
2020-04-15,28.770000457763672,29.11000061035156,28.21999931335449,28.440000534057617,24.756542205810547,41883900.0,-0.0576538717405821,-0.0593826321293966,0.8900012969970703,48.650039999683,WFC,,,,41883900.0,1036900538.0939484,1.1604845289954044,-34.828395866625385,-5.765387174058212,3.595014560588273,9.511652782560441,음봉,26.729053497314453,25.104731845855714,33.389054997762045,True,False,0,1.802857671465192,0.27565884926357515,False,48.650039999683,-1.3372909892233942,0.6741801603034911,-14.418220520019531
2020-04-16,28.280000686645508,28.280000686645508,26.65999984741211,26.88999938964844,23.407285690307617,52962100.0,-0.0545010084318742,-0.0560424574435529,1.6200008392333984,39.58441040462822,WFC,,,,52962100.0,1239699005.458641,1.4636874716341957,26.449781419590824,-5.450100843187422,6.920925649675823,14.232433800904468,음봉,26.138865661621093,25.05119686126709,33.076647981007895,True,False,0,1.7535720552716927,0.27624793857251195,False,39.58441040462822,-1.4312790111861702,0.46415371067257216,-31.283926963806152
2020-04-17,28.14999961853028,28.780000686645508,27.799999237060547,28.3799991607666,24.70431137084961,46985000.0,0.0554111953732021,0.0539304496394436,0.9800014495849608,45.278347735621416,WFC,,,,46985000.0,1160732069.759369,1.2928498607285894,-11.285617450969653,5.541119537320216,3.9669247803496157,20.261699673219713,음봉,25.299720764160156,25.055113887786867,32.79131294886271,True,False,0,1.6657149451119546,0.27620475096193997,False,45.278347735621416,-1.3851390423538135,0.4082349436039432,-15.07110595703125
2020-04-20,27.32999992370605,28.88999938964844,26.920000076293945,27.68000030517578,24.0949764251709,45441600.0,-0.0246651257155748,-0.0249744061489114,1.969999313354496,44.52592008416702,WFC,,,,45441600.0,1094914280.722046,1.2418265735942602,-3.284878152601889,-2.4665125715574887,8.175975268008685,10.628462835659851,음봉,24.646858596801756,25.106472492218018,32.50070298512777,False,False,0,1.6928577423095696,0.27563973767498556,False,44.52592008416702,-1.381812349706216,0.3292493090012327,-22.687792778015137
2020-04-21,26.89999961853028,27.25,26.5,26.84000015258789,23.36376571655273,41918700.0,-0.0303470190514195,-0.0308170230924801,0.75,45.36852694522959,WFC,,,,41918700.0,979378685.942459,1.1400830429750417,-7.752587937044475,-3.0347019051419566,3.2100989587848883,11.641527029796572,음봉,24.06537628173828,25.1756760597229,32.20723686218262,False,False,0,1.6328577314104344,0.24099716130126353,False,45.36852694522959,-1.4217890162714362,0.23141811394881007,-31.82792663574223
2020-04-22,27.5,27.57999992370605,26.700000762939453,26.799999237060547,23.328947067260746,28043300.0,-0.00149028413118,-0.001491395709091,0.879999160766598,50.63925981276084,WFC,,,,28043300.0,654220661.2913133,0.7601881546768067,-33.100740242421644,-0.14902841311800197,3.772134071158173,17.703628488779252,음봉,23.77985725402832,25.08340492248535,31.919937101999917,False,False,0,1.6121433803013383,0.24188368696287157,False,50.63925981276084,-1.4396845986660942,0.1708180252433218,-32.26315975189205
2020-04-23,26.950000762939453,27.209999084472656,26.420000076293945,26.530000686645508,23.09391593933105,38331500.0,-0.0100746564880132,-0.0101257492909759,0.7899990081787109,48.04088030672423,WFC,,,,38331500.0,885224438.8284682,1.0297574918120769,36.68683785431814,-1.00746564880132,3.4208100967115342,15.521719369668435,음봉,23.717183303833007,24.97720603942871,31.62484442392985,False,False,0,1.5864289147513244,0.24291213575512352,False,48.040880306724226,-1.4560476138965726,0.1235640080102749,-35.201048851013226
2020-04-24,26.799999237060547,27.290000915527344,26.3700008392334,26.920000076293945,23.43340110778809,35135900.0,0.0147001993663129,0.0145931987809659,0.9200000762939452,52.02821246997976,WFC,,,,35135900.0,823353637.9831315,0.9383488699538131,-8.33674654005192,1.470019936631295,3.926020265100073,16.047877317409373,음봉,23.463001251220703,24.803979682922364,31.336845366160073,False,False,0,1.548571722848074,0.2446085886939641,False,52.02821246997976,-1.4251930669336055,0.12353484397859371,-38.946951163520716
2020-04-27,27.3700008392334,28.57999992370605,27.15999984741211,28.40999984741211,24.73042297363281,39606100.0,0.0553492794272041,0.0538717826833821,1.4200000762939418,49.31677360140144,WFC,,,,39606100.0,979475605.3359984,1.0482001611126384,12.722599961862379,5.534927942720413,5.741915849186744,16.79909678214393,음봉,23.590090560913087,24.722589588165285,31.061276149749755,False,False,0,1.5478574207850861,0.24541387311375348,False,49.316773601401444,-1.2813116283974182,0.21393302601182507,-21.745067390885904
2020-04-28,29.600000381469727,29.920000076293945,28.59000015258789,28.8700008392334,25.13084983825684,35188000.0,0.0161916706823397,0.0160619836100901,1.329999923706055,50.30452389559464,WFC,,,,35188000.0,884304344.1085817,0.9240850133001323,-11.155099845730831,1.6191670682339732,5.2922998317446,19.69063534832698,음봉,23.943507385253906,24.67688932418823,30.8063050587972,False,False,0,1.495000158037458,0.24586836632955505,False,50.30452389559464,-1.1220392799059233,0.29856429960265607,-16.43436556997474
2020-04-29,30.100000381469727,30.459999084472656,29.64999961853028,30.0,26.11449432373047,38515200.0,0.0391409161172187,0.0383943295974467,0.8099994659423793,49.12719969105528,WFC,,,,38515200.0,1005804971.7773438,1.0021259566102645,9.455496191883594,3.9140916117218705,3.1017237243852054,19.773109843855423,음봉,24.500616836547852,24.733470726013184,30.565144093831382,False,False,0,1.4242858886718743,0.24530590677887396,False,49.127199691055274,-0.905999113102375,0.41168357312496373,-3.3886810227133886
2020-04-30,29.31999969482422,29.61000061035156,28.600000381469727,29.049999237060547,25.28753089904785,29506100.0,-0.0316668366015859,-0.0321790738564219,1.0100002288818324,35.2523286067417,WFC,,,,29506100.0,746136415.4603958,0.763071282559649,-23.39102484214025,-3.166683660158598,3.9940642402531354,12.27481310323853,음봉,24.93933982849121,24.84141073226929,30.308190695444743,True,False,0,1.2957145145961206,0.24424001235775017,False,35.2523286067417,-0.7923806902184083,0.42024159680714446,-15.756474642677572
2020-05-01,28.5,28.530000686645508,27.280000686645508,27.59000015258789,24.01663017272949,35197600.0,-0.050257999936491,-0.0515649101522897,1.25,36.04652403377087,WFC,,,,35197600.0,845327742.1676635,0.9057565414798487,19.289231718187082,-5.025799993649105,5.2047268538920815,12.703767377593621,음봉,25.05598564147949,24.857514667510987,30.014983050028484,True,False,0,1.2542858123779286,0.2440817815211178,False,36.046524033770865,-0.795715822078666,0.3335251719575094,-38.39104386124587
2020-05-04,26.959999084472656,27.450000762939453,26.600000381469727,27.350000381469727,23.80771255493164,34343900.0,-0.0086988730848289,-0.0087369291385536,0.8500003814697266,38.90198509993553,WFC,,,,34343900.0,817649699.2153168,0.8770269333051323,-2.425449462463347,-0.8698873084828973,3.570273202469649,12.255544972688623,음봉,24.87144355773926,24.906261825561522,29.715681902567546,False,False,0,1.1050000871930794,0.2331188822910539,False,38.90198509993553,-0.8059266234222378,0.25865149649115016,-62.64766219115745
2020-05-05,27.520000457763672,27.799999237060547,26.25,26.31999969482422,22.911113739013672,56753400.0,-0.0376600151673219,-0.0383874761656721,1.5499992370605469,41.19600966137156,WFC,,,,56753400.0,1300283602.4757385,1.4251543152055983,65.25030645908008,-3.766001516732198,6.765272324676062,15.592795377828311,음봉,24.427496337890624,24.805721092224122,29.403468640645347,False,False,0,1.1521427971976135,0.24143309911752492,False,41.196009661371555,-0.876265742286904,0.15064990210118712,-79.30847950302005
2020-05-06,26.459999084472656,26.64999961853028,25.39999961853028,25.61000061035156,22.293067932128903,57732900.0,-0.0269758080696157,-0.0273463338674121,1.25,44.285726303416965,WFC,,,,57732900.0,1287043461.6188047,1.4283491498702237,1.7258877882206258,-2.6975808069615748,5.607124168847539,15.489798470232572,음봉,23.663211059570312,24.668184661865233,29.081970024108887,False,False,0,1.1257141658237992,0.26783356848463863,False,44.285726303416965,-0.9706916035729698,0.04497923265209702,-61.40181846487096
2020-05-07,25.59000015258789,26.100000381469727,25.13999938964844,25.229999542236328,22.40853309631348,52387000.0,0.0051794201020742,0.0051660530416581,0.9600009918212856,36.60239059008752,WFC,,,,52387000.0,1173915823.3165743,1.2789473262023072,-9.259711533631599,0.5179420102074284,4.284086725780454,14.78904666911022,음봉,23.08741149902344,24.470700073242188,28.759204133351645,False,False,0,1.1242855616978225,0.26999505147994807,False,36.602390590087516,-1.0243990703598875,-0.006982587307856614,-51.343354323730175
2020-05-08,25.63999938964844,25.780000686645508,25.229999542236328,25.43000030517578,22.58616828918457,53725300.0,0.0079271227664747,0.0078958681927066,0.5500011444091797,40.72776903359689,WFC,,,,53725300.0,1213448667.1869278,1.2913279088332374,2.5546414186725652,0.7927122766474781,2.4351237331059328,14.420695363886102,음봉,22.801319122314453,24.155006694793702,28.44230047861735,False,False,0,1.0228571210588713,0.20973785657968563,False,40.72776903359689,-1.0406331777233362,-0.018573355737044217,-48.00434674739685
2020-05-11,25.11000061035156,25.229999542236328,24.600000381469727,24.780000686645508,22.00885772705078,51444200.0,-0.0255603586558874,-0.0258927000296105,0.6299991607666016,41.51301097298311,WFC,,,,51444200.0,1132228078.6819458,1.2209788597487583,-4.245858096650923,-2.556035865588746,2.8624800458966044,11.174238537731656,음봉,22.441548156738282,23.887485218048095,28.110987345377605,False,False,0,1.0142856325421998,0.178433163889473,False,41.51301097298311,-1.0875464043723468,-0.05238926590884385,-44.217461227271706
2020-05-12,24.959999084472656,25.270000457763672,24.0,24.040000915527344,21.351608276367188,53560500.0,-0.0298629514913796,-0.0303179303425049,1.270000457763672,38.51011861445128,WFC,,,,53560500.0,1143602815.0863647,1.2523938593975836,4.11377764645966,-2.986295149137963,5.948031835940711,13.408880160984765,음봉,22.129647064208985,23.64150676727295,27.767269198099772,False,False,0,1.0421428680419909,0.20146288027447418,False,38.51011861445128,-1.1643382457687252,-0.10334488584417789,-40.99678171779503
2020-05-13,23.950000762939453,23.950000762939453,22.0,22.530000686645508,20.010475158691406,90209900.0,-0.0628118079123903,-0.0648711715661402,1.950000762939453,34.12364927704469,WFC,,,,90209900.0,1805142963.018036,2.053312969374722,68.42617227247692,-6.281180791239038,9.744899846081287,12.169539891045444,음봉,21.673128509521483,23.404203414916992,27.419043604532877,False,False,0,1.1250001362391868,0.26080866999936353,True,34.12364927704469,-1.3182189600019214,-0.2057804800618992,-23.51684464080067
2020-05-14,22.1299991607666,24.59000015258789,22.020000457763672,24.059999465942383,21.36937522888184,87965500.0,0.0679094354038967,0.0657029386314649,2.5699996948242188,40.38217672327215,WFC,,,,87965500.0,1879767776.6962054,1.9491054075229735,-2.4879752665727395,6.790943540389671,12.02655513929452,10.592072328450408,음봉,21.465296936035156,23.302307891845704,27.092015806833903,False,False,0,1.242857251848492,0.26194912509825147,True,40.382176723272146,-1.315356050055449,-0.16233405609234142,-7.454194318715694
2020-05-15,23.690000534057617,23.82999992370605,23.07999992370605,23.36000061035156,20.747657775878903,51616700.0,-0.0290938525971808,-0.0295254709721336,0.75,30.19492122796811,WFC,,,,51616700.0,1070925627.1202085,1.129367459470986,-41.32165451228038,-2.909385259718089,3.6148658711343566,10.859584242965278,음봉,21.097594833374025,23.104475212097167,26.75099884668986,False,False,0,1.1950001035417819,0.26419207140628265,False,30.19492122796811,-1.3477189111625165,-0.15575753375952694,-14.803101177866859
2020-05-18,24.549999237060547,25.59000015258789,24.34000015258789,25.40999984741211,22.568405151367188,55684400.0,0.0877567673014674,0.0841175639750455,1.25,38.834886745646216,WFC,,,,55684400.0,1256708099.810791,1.2044551265500834,7.880589034169172,8.775676730146742,5.538716589037642,18.326605837899557,음봉,21.209504318237304,23.02814664840698,26.435104910532633,False,False,0,1.1892858232770638,0.2650677563520432,False,38.834886745646216,-1.2124710041714089,-0.016407701414735243,6.718737740887337
2020-05-19,25.0,25.14999961853028,23.920000076293945,23.950000762939453,21.271678924560547,48234300.0,-0.057457592510833,-0.0591743659887353,1.2299995422363317,29.45924824487463,WFC,,,,48234300.0,1026024542.7509308,1.0317499428062018,-13.379151072831885,-5.745759251083305,5.782334091251078,10.774331780752824,음봉,21.193518447875977,22.923542308807374,26.116604200998943,False,False,0,1.2192858287266322,0.2662773092749221,False,29.45924824487463,-1.196132758904593,-5.556491833536015e-05,-9.570578410319037
2020-05-20,24.489999771118164,24.739999771118164,24.36000061035156,24.520000457763672,21.77793502807617,45297100.0,0.0237995367131595,0.0235207425243061,0.3799991607666051,34.697780077497455,WFC,,,,45297100.0,986477300.760269,0.9593678235691011,-6.089442575096971,2.3799536713159597,1.7448815063352392,15.129604287331095,음봉,21.54701042175293,22.845991706848146,25.82496633529663,False,False,0,1.1742857524326875,0.2671811862388695,False,34.697780077497455,-1.1293158945671777,0.05340903953526399,-3.400688339558315
2020-05-21,24.38999938964844,24.850000381469727,24.31999969482422,24.459999084472656,21.724645614624023,28376500.0,-0.0024469451939976,-0.0024499438570971,0.5300006866455078,38.81957919950103,WFC,,,,28376500.0,616469406.2833786,0.5996586843195241,-37.354709241871994,-0.2446945193997685,2.439628687377694,11.994086483428262,음봉,21.61806449890137,22.77752819061279,25.546658325195313,False,False,0,1.1228572300502238,0.26798426563048605,False,38.81957919950103,-1.068347809967758,0.0915016993077471,-4.747490027525018
2020-05-22,24.440000534057617,24.489999771118164,23.920000076293945,24.170000076293945,21.46707344055176,30415300.0,-0.011856219827074,-0.011927065331406,0.5699996948242188,38.63618137897943,WFC,,,,30415300.0,652927478.816414,0.6411646073413493,7.184818423695671,-1.1856219827074077,2.655227767318656,12.498960708503999,음봉,21.761947631835938,22.679211807250976,25.288285859425862,False,False,0,1.1028571810041161,0.26914600105668096,False,38.63618137897943,-1.028952956319067,0.10471724236515056,-9.188390164656763
2020-05-26,25.049999237060547,26.51000022888184,25.040000915527344,26.26000022888184,23.32334899902344,57720300.0,0.08647082536016,0.082934668407357,1.4699993133544955,51.83080213410896,WFC,,,,57720300.0,1346230701.2283328,1.2060246194420363,89.77389669015265,8.647082536016004,6.302693980251487,16.69033185371492,음봉,21.912936401367187,22.608858108520508,25.08435436884562,False,False,0,1.097142900739398,0.2699835230837539,False,51.830802134108964,-0.8382831209462118,0.2363096621904046,28.45912059325524
2020-05-27,27.799999237060547,28.26000022888184,26.84000015258789,27.950000762939453,24.82435607910156,61963000.0,0.0643564129722951,0.0623703094260094,1.4200000762939489,60.42430088303723,WFC,,,,61963000.0,1538191575.7293699,1.2799886706151196,7.350446896499152,6.435641297229511,5.720188961877562,19.19385692948532,음봉,22.623471832275392,22.593533420562743,24.88498347600301,True,False,0,1.109285763331823,0.2701666468638188,False,60.42430088303723,-0.5596063817624355,0.4119891210993447,45.117507601210505
2020-05-28,28.31999969482422,28.3700008392334,27.1200008392334,27.21999931335449,24.175989151000977,51490200.0,-0.026118177085222,-0.0264653144105628,1.25,56.972660635396274,WFC,,,,51490200.0,1244826516.5828705,1.0600651238174077,-16.901699401255588,-2.6118177085222016,5.170419262651949,14.081507711958238,음봉,23.10308265686035,22.496608161926268,24.699905331929525,True,False,0,1.1299999782017311,0.2345711719017023,False,56.972660635396274,-0.3866142028001178,0.46798504004933006,34.159950774242716
2020-05-29,26.5,27.06999969482422,26.09000015258789,26.46999931335449,23.50986671447754,51336900.0,-0.0275530582166834,-0.0279397635554755,0.979999542236328,53.50877955644895,WFC,,,,51336900.0,1206923676.534462,1.0639903280326677,-0.29772655767504874,-2.7553058216683413,4.168460647345302,9.61288836822133,음봉,23.460126876831055,22.407724952697755,24.491103013356526,True,False,0,1.160714149475099,0.21483131065613112,False,53.50877955644895,-0.29981113213578325,0.44383048857093166,23.702771044834662
2020-06-01,26.61000061035156,27.59000015258789,26.3700008392334,27.09000015258789,24.060529708862305,34201700.0,0.023422633614748,0.0231525332423506,1.2199993133544922,57.80933260210706,WFC,,,,34201700.0,822911018.9435959,0.7111988613990309,-33.377940623606015,2.3422633614748056,5.07054220383654,13.186522635472603,음봉,23.978818130493163,22.409919929504394,24.327748680114745,True,False,0,1.2028570175170912,0.21481026864680164,False,57.80933260210706,-0.1844588449448743,0.4473462206094725,32.34740090097508
2020-06-02,27.57999992370605,27.989999771118164,27.15999984741211,27.39999961853028,24.335861206054688,39058000.0,0.0114432849369467,0.0113783057985482,0.8299999237060547,61.69918284100709,WFC,,,,39058000.0,950510066.986084,0.813802523440213,14.199001804003885,1.1443284936946796,3.410604279332236,14.627567461856033,음봉,24.181320571899413,22.436327362060545,24.19524269104004,True,True,0,1.1714284079415471,0.2145574381549783,False,61.69918284100709,-0.07001726010537013,0.44943024435918133,36.66971582904529
2020-06-03,28.38999938964844,29.190000534057617,28.34000015258789,28.82999992370605,25.605945587158203,50814000.0,0.0521898267889333,0.0508735417532251,0.8500003814697266,72.05883502948159,WFC,,,,50814000.0,1301140519.065857,1.0528515506486011,30.09882738491474,5.218982678893336,3.319543027913078,16.659111215612523,음봉,24.337638473510744,22.571068954467773,24.150787035624187,True,True,0,1.0928569521222808,0.24790453831648127,False,72.05883502948159,0.12176014029971682,0.5129661158114146,50.013181188807565
2020-06-04,29.479999542236328,30.25,28.63999938964844,30.21999931335449,26.840505599975582,61839200.0,0.0482138028691481,0.047087575462889,1.610000610351559,71.78219806675975,WFC,,,,61839200.0,1659795393.89801,1.2742494416304553,21.697170071240212,4.8213802869148115,5.998398965901088,15.1295094410457,음봉,24.870541763305663,22.798440837860106,24.089186318715413,True,True,0,1.0242855889456624,0.29958322544329097,False,71.78219806675975,0.36910892921448735,0.6082519237809481,52.44777735362693
2020-06-05,33.88999938964844,33.88999938964844,31.459999084472656,31.670000076293945,28.128353118896484,107651200.0,0.0479814925290407,0.0468659259423806,2.430000305175781,77.90464734922405,WFC,,,,107651200.0,3028050967.272949,2.1819304220340037,74.08245902275578,4.7981492529040715,8.638971129608436,26.26438523452877,음봉,25.794239044189453,23.084431838989257,24.088946882883707,True,True,0,1.1442856107439323,0.35166028849339515,True,77.90464734922405,0.6614286208512077,0.7204572923341347,42.210163815814774
2020-06-08,32.900001525878906,33.43000030517578,32.27000045776367,33.31999969482422,29.59383201599121,69051300.0,0.0520997049098557,0.0507878863547876,1.1599998474121094,77.29469880621586,WFC,,,,69051300.0,2043492572.685814,1.3925008256929658,-35.8564512053744,5.2099704909855715,3.919735189364109,16.963838539757425,음봉,26.900899505615236,23.43481502532959,24.18755839665731,True,True,0,1.137857028416226,0.4089367399291014,False,77.29469880621586,0.9998206716641569,0.8470794745176671,56.90905045597496
2020-06-09,32.439998626708984,33.08000183105469,31.51000022888184,32.630001068115234,28.98099708557129,51480400.0,-0.0207081979139698,-0.0209256194881904,1.570001602172848,81.63266999133334,WFC,,,,51480400.0,1491953322.3640442,1.0343877580603171,-25.446153801593884,-2.070819791396983,5.417348469885812,9.61743179855799,음봉,27.829926681518554,23.783421993255615,24.22242129643758,True,True,0,1.1621428898402626,0.40294272455903973,False,81.63266999133334,1.2046615640719835,0.8415362935403948,50.7622603594195
2020-06-10,32.29999923706055,32.33000183105469,29.64999961853028,29.709999084472656,26.387535095214844,82090000.0,-0.0894883631056174,-0.0937485991225261,2.6800022125244105,66.14808980439682,WFC,,,,82090000.0,2166152755.9661865,1.630019975007287,59.458745464293216,-8.948836310561747,10.156318893955362,11.452339412924072,음봉,27.98624458312988,24.035218334198,24.277750142415364,True,True,0,1.3264288221086769,0.3987214396827146,True,66.14808980439682,1.1445352490460152,0.6251279828115411,24.7496006907013
2020-06-11,27.200000762939453,28.43000030517578,26.700000762939453,26.790000915527344,23.794084548950195,75621300.0,-0.0982831680528943,-0.1034547417467569,1.729999542236328,56.15426136067135,WFC,,,,75621300.0,1799339605.9015274,1.498186804556126,-7.880009745401384,-9.82831680528944,7.270712763406804,3.0789752236916708,음봉,27.376960372924806,24.224398803710937,24.244444688161213,True,False,0,1.4121430260794499,0.3651762139400199,False,56.15426136067135,0.8774996566706932,0.28647391234897523,-1.2629441927352012
2020-06-12,28.0,28.229999542236328,27.350000381469727,27.96999931335449,24.84212303161621,51301200.0,0.0440461779695682,0.043103720253868,0.8799991607666016,59.58629003492783,WFC,,,,51301200.0,1274430722.0695496,1.0250887285695527,-32.160383384046554,4.404617796956822,3.5423669693875977,17.67630707706875,음봉,26.71971435546875,24.398036193847656,24.250513648986818,True,True,0,1.4342858450753344,0.362577306215449,False,59.58629003492783,0.741887950074549,0.12068976460226477,-2.2359086782869118
2020-06-15,26.86000061035156,28.38999938964844,26.559999465942383,28.209999084472656,25.055280685424805,48311400.0,0.0085804926389467,0.0085438894452371,1.8299999237060585,55.425713346404784,WFC,,,,48311400.0,1210455687.305832,0.968158569658284,-5.8279338495005995,0.858049263894678,7.303849223172378,8.122806477398186,음봉,25.81200408935547,24.61341733932495,24.25766881306966,True,True,0,1.4600001743861601,0.33811449164900514,False,55.425713346404784,0.6441889278306867,0.018392593886721986,-13.265635491946831
2020-06-16,29.43000030517578,29.64999961853028,27.770000457763672,28.520000457763672,25.33061408996582,52985600.0,0.0109890369219125,0.0109290961832121,1.879999160766605,51.71790712602828,WFC,,,,52985600.0,1342157785.925293,1.0635639585463734,9.675149136642691,1.0989036921912554,7.421845969029745,17.460269851599968,음봉,25.081927490234374,24.751527786254883,24.29538230895996,True,True,1,1.492857251848493,0.3362278548337592,False,51.71790712602828,0.582266843781575,-0.03482359212991182,-9.735719703842525
2020-06-17,28.5,28.549999237060547,27.350000381469727,27.450000762939453,24.380271911621094,38660800.0,-0.0375175341177845,-0.0382394302513648,1.1999988555908203,50.67928024948104,WFC,,,,38660800.0,942560816.3208008,0.7793148936172936,-27.03526996014012,-3.751753411778458,4.922007678752874,12.512076883638063,음봉,24.680474853515626,24.90695743560791,24.335391934712728,False,True,0,1.4892857415335516,0.3262846775423936,False,50.67928024948104,0.4513060988178026,-0.13262746967494743,-21.919594976923527
2020-06-18,27.100000381469727,27.93000030517578,26.93000030517578,27.549999237060547,24.46908569335937,33670200.0,0.0036428544382207,0.003636235314125,1.0,53.31693947767866,WFC,,,,33670200.0,823879009.1125487,0.6829666386972721,-12.908682696685014,0.3642854438220766,4.086789398393371,11.155447649262056,음봉,24.81547508239746,25.04151496887207,24.323637199401855,False,True,0,1.4907143456595282,0.32453142653475403,False,53.31693947767866,0.3506432971892117,-0.18663221704283062,-25.278131812526915
2020-06-19,28.0,28.049999237060547,27.01000022888184,27.600000381469727,24.51349830627441,71903000.0,0.0018150499561613,0.001813404743451,1.0399990081787074,51.623177081767,WFC,,,,71903000.0,1762594068.716049,1.4594268899582234,113.550855058776,0.18150499561613298,4.242556469031236,14.430103155014404,음봉,24.7497501373291,25.18095760345459,24.31189727783203,False,True,0,1.477857181004115,0.32273429404148374,False,51.623177081767,0.2713233813060256,-0.21276170634081337,-27.919524979111586
2020-06-22,27.270000457763672,27.6299991607666,26.88999938964844,27.350000381469727,24.291454315185547,32808300.0,-0.0090580295115214,-0.0090993028868523,0.7399997711181605,49.84026137799776,WFC,,,,32808300.0,796961320.608902,0.6689879937907054,-54.3714448632185,-0.9058029511521459,3.046337866463423,11.244833834197031,음봉,24.59698486328125,25.32217664718628,24.26845604578654,False,True,0,1.4714285986764082,0.2476281207707524,False,49.840261377997756,0.18837323274879125,-0.23656948391843818,-30.948774548006508
2020-06-23,27.780000686645508,28.290000915527344,27.190000534057617,27.229999542236328,24.184871673583984,47279100.0,-0.0043876599654608,-0.0043973139948621,1.1000003814697266,44.421192298937335,WFC,,,,47279100.0,1143438966.3425446,0.9644812082965019,44.107131427108385,-0.4387659965460866,4.54829943410949,14.361208374745734,음봉,24.36783638000488,25.365252780914307,24.232233492533364,False,False,0,1.4892857415335512,0.23985431385456002,False,44.421192298937335,0.11273477762321349,-0.24976635123521274,-32.402835157978174
2020-06-24,26.959999084472656,27.030000686645508,25.989999771118164,26.1200008392334,23.199005126953125,57380900.0,-0.0407637700103108,-0.041617904933674,1.0400009155273438,35.41961038518694,WFC,,,,57380900.0,1331179793.2891846,1.1690260587626442,21.36631196448324,-4.076377001031084,4.482954807053546,11.474641868452894,음봉,24.13158302307129,25.283985233306886,24.18480265935262,False,False,0,1.4485714776175358,0.25292005314945787,False,35.41961038518694,-0.026455471880183268,-0.3111652805908876,-35.32904783461597
2020-06-25,25.959999084472656,27.40999984741211,25.88999938964844,27.3700008392334,24.309215545654297,45102200.0,0.047855949538599,0.0467461237210137,1.5200004577636683,34.48769755190578,WFC,,,,45102200.0,1096399101.3832092,0.9189876822264361,-21.398583849329654,4.785594953859906,6.252774610965986,11.9013463827884,음봉,24.099608993530275,25.29064655303955,24.173575146993002,False,True,0,1.3835714885166706,0.25285343637327945,False,34.48769755190578,-0.046642380718584064,-0.2650817515434307,-20.965300425080727
2020-06-26,26.100000381469727,26.39999961853028,25.25,25.34000015258789,22.50622940063477,81172300.0,-0.0741688328705384,-0.0770633858733537,1.149999618530277,21.980301166454097,WFC,,,,81172300.0,1826882404.7771456,1.6316550898506228,79.97414760255597,-7.416883287053844,5.109694734107019,7.366691172951338,음봉,23.698155212402344,25.240464687347412,24.16320012410482,False,False,0,1.3828571864536827,0.2808031747097481,False,21.980301166454097,-0.20575475242295482,-0.3393552985982412,-35.0417619122785
2020-06-29,25.59000015258789,25.89999961853028,25.26000022888184,25.700000762939453,22.82597541809082,43769200.0,0.0142070007269645,0.0141070270634618,0.6399993896484375,25.08985241971638,WFC,,,,43769200.0,999074683.2695007,0.8790990166284613,-46.07864998281433,1.420700072696457,2.803820550604847,13.701854260252702,음봉,23.4050594329834,25.17873697280884,24.148723856608072,False,False,0,1.3164284569876537,0.28149158645290767,False,25.08985241971638,-0.30256385419002285,-0.34893152029224733,-34.237626483044
2020-06-30,25.209999084472656,25.8700008392334,25.170000076293945,25.600000381469727,22.73715591430664,46610000.0,-0.0038911591797204,-0.0038987494359295,0.7000007629394531,31.469787577161995,WFC,,,,46610000.0,1059778837.1658325,0.9332731159447467,6.490408780603718,-0.38911591797204936,3.0786645681529574,10.444345193206368,음봉,23.11551628112793,25.098801708221437,24.147130298614503,False,False,0,1.1749997820173,0.28238808759681966,False,31.469787577161995,-0.38204873645537774,-0.34273312204608175,-54.304562736023684
2020-07-01,25.729999542236328,25.959999084472656,24.93000030517578,25.09000015258789,22.2841911315918,37509300.0,-0.019921787246479,-0.0201229015699186,1.029998779296875,40.207347875493305,WFC,,,,37509300.0,835864410.4122163,0.753681671297085,-19.525209182578852,-1.9921787246479083,4.622105299737215,13.162787989884587,음봉,22.932553482055663,24.932713985443115,24.10316801071167,False,False,0,1.1249997275216246,0.29317469765494125,False,40.207347875493305,-0.4761033278889002,-0.3494301707836833,-56.05528725604001
2020-07-02,25.75,26.170000076293945,25.100000381469727,25.34000015258789,22.50622940063477,37013300.0,0.0099639366639694,0.0099146239423863,1.0699996948242188,33.03221172670116,WFC,,,,37013300.0,833029820.6745149,0.7427915620530339,-1.3223387266624531,0.9963936663969442,4.754237930206293,15.552769440640812,음봉,22.57195625305176,24.716000175476076,24.06087522506714,False,False,0,1.1385711942400258,0.29574529990707177,False,33.03221172670116,-0.5266546891409227,-0.3199852256285647,-51.351085956375705
2020-07-06,25.81999969482422,26.020000457763672,24.979999542236328,25.489999771118164,22.63945960998535,46983100.0,0.0059197036953166,0.0059022510916876,1.0400009155273438,32.24546221182544,WFC,,,,46983100.0,1063671994.8019028,0.9386080772161544,26.93572310493795,0.5919703695316691,4.59375326727605,14.72379151212236,음봉,22.59860229492188,24.441555500030518,23.998895804087322,False,False,0,1.082142693655832,0.2990661083084619,False,32.24546221182544,-0.5496306427760409,-0.2743689434109462,-48.52841161882594
2020-07-07,25.200000762939453,25.21999931335449,24.34000015258789,24.459999084472656,21.724645614624023,36920500.0,-0.040407943083493,-0.0412470255451173,0.879999160766598,25.77568904579145,WFC,,,,36920500.0,802084778.4147263,0.7373796816093221,-21.41748841604747,-4.040794308349305,4.050695124684673,11.310080704509176,음봉,22.378336334228518,24.048096179962158,23.87930596669515,False,False,0,1.0107141222272598,0.3017432821560964,False,25.775689045791452,-0.6343447639973192,-0.2872664517057796,-62.122449090543356
2020-07-08,24.440000534057617,24.780000686645508,24.06999969482422,24.549999237060547,21.80458068847656,38413400.0,0.0036794650311224,0.0036727123587437,0.7100009918212891,30.40543677870039,WFC,,,,38413400.0,837588079.8187255,0.7673946561578222,4.043553039639214,0.36794650311224864,3.256201079787402,12.498960708503999,음봉,22.1918212890625,23.689275360107423,23.786727523803712,False,False,0,0.9757142748151504,0.1968354628712322,False,30.40543677870039,-0.6871106392451658,-0.2720258615629009,-53.68289931371636
2020-07-09,24.5,24.780000686645508,23.709999084472656,24.040000915527344,21.351608276367188,38118900.0,-0.0207741858731895,-0.0209930051054537,1.0700016021728516,27.528852382926857,WFC,,,,38118900.0,813899820.7260132,0.7625014284058235,-0.766659551094151,-2.0774185873189577,5.011339606474385,12.36171128458313,음봉,22.005304718017577,23.43747901916504,23.70473470687866,False,False,0,0.9807143892560684,0.1697710666895942,False,27.528852382926857,-0.7567556554139365,-0.2733367021853372,-51.49322849860906
2020-07-10,24.18000030517578,25.530000686645508,24.14999961853028,25.46999931335449,22.621692657470703,56483300.0,0.0594842488989129,0.0577822320738613,1.3800010681152308,38.411312071595184,WFC,,,,56483300.0,1277747852.879715,1.1319977716638787,48.176626292993774,5.948424889891291,6.100343988448135,13.246739974801669,음봉,22.028397369384766,23.378859424591063,23.669153881072997,False,False,0,1.0050002506801055,0.17019674661345172,False,38.411312071595184,-0.7013795703821941,-0.17436849372287577,-23.7621395612267
2020-07-13,25.81999969482422,26.040000915527344,24.940000534057617,25.40999984741211,22.568405151367188,51038800.0,-0.0023555932312571,-0.002358372005625,1.1000003814697266,39.22223685704984,WFC,,,,51038800.0,1151864316.8395996,1.0180349650954084,-9.639132274495289,-0.23555932312571137,4.874072288635286,14.138230440051933,음봉,22.014186477661134,23.265173530578615,23.655172538757324,False,False,0,1.0307145799909316,0.1710284175774069,False,39.222236857049836,-0.6542516743868632,-0.10179247818203585,-24.925621762089587
2020-07-14,23.920000076293945,24.38999938964844,23.32999992370605,24.25,21.53812789916992,118952600.0,-0.0456513096644251,-0.0467261708175719,1.05999946594239,35.159387901859944,WFC,,,,118952600.0,2562016312.7387996,2.3322828432062725,133.0630814204096,-4.56513096644251,4.921502327893792,5.988880985880735,음봉,21.97688293457031,23.08931589126587,23.60240281422933,False,False,0,1.027857371738979,0.17233103970411678,False,35.159387901859944,-0.6920596087608253,-0.11168033004479838,-43.91843279517736
2020-07-15,24.979999542236328,25.549999237060547,24.84000015258789,25.350000381469727,22.515111923217773,61714300.0,0.0453606751998862,0.0443619696003265,0.7099990844726562,46.16150463083398,WFC,,,,61714300.0,1389504371.7630386,1.202599525913601,-48.11857832447546,4.536067519988629,3.15343351120764,15.98036588499904,음봉,22.118989181518554,22.948540782928468,23.576071739196777,False,False,0,1.00428581237793,0.13778174655267705,False,46.16150463083398,-0.6358584430755201,-0.044383331487594546,-19.97274548348707
2020-07-16,24.90999984741211,26.09000015258789,24.81999969482422,25.459999084472656,22.61281013488769,48676800.0,0.0043392283370873,0.0043298410317838,1.270000457763672,39.25759712133239,WFC,,,,48676800.0,1100719236.3739011,0.9498024274014661,-21.12557381352458,0.4339228337087331,5.616287627181191,10.636802216935495,음봉,22.371229553222655,22.860167694091796,23.563555812835695,False,False,0,0.9864286695207873,0.1383143847507476,False,39.25759712133239,-0.5767863511595088,0.011751008342733349,-23.361233228377294
2020-07-17,25.489999771118164,25.63999938964844,24.86000061035156,24.950000762939453,22.15984535217285,39184100.0,-0.0200313353366016,-0.0202346826619922,0.7799987792968821,47.354157020629685,WFC,,,,39184100.0,868313596.2640762,0.7664285973750905,-19.501487361535684,-2.003133533660162,3.5198746512028367,12.723715535874339,음봉,22.278860092163086,22.74470567703247,23.544070784250895,False,False,0,0.9600000381469732,0.13901652871683845,False,47.354157020629685,-0.5600656766138492,0.022777346310714375,-41.202623544471265
2020-07-20,24.71999931335449,24.8799991607666,24.39999961853028,24.56999969482422,21.822341918945312,38682200.0,-0.015230405621691,-0.0153475795090158,0.4799995422363246,42.35451962584014,WFC,,,,38682200.0,844136194.5770264,0.7582027555887532,-1.2808766821236217,-1.523040562169109,2.199578505456392,11.553121966758694,음봉,22.12964744567871,22.610147857666014,23.522877883911132,False,False,0,0.948571477617536,0.13080884246780045,False,42.35451962584014,-0.5675062689895185,0.01226940314803604,-53.08654661116532
2020-07-21,24.75,26.280000686645508,24.709999084472656,26.200000762939453,23.270057678222656,58395200.0,0.0663409896451348,0.06423315230957,1.5700016021728516,53.36322988711632,WFC,,,,58395200.0,1358859672.1313477,1.1387561446642527,50.96142411755278,6.63409896451348,6.746874562507603,13.415874849403803,음봉,22.476033401489257,22.559078025817872,23.520155493418375,False,False,0,1.0107143947056358,0.1311049709523704,False,53.36322988711632,-0.4513811879854863,0.10271558732165464,-2.0319399993533183
2020-07-22,26.1299991607666,26.350000381469727,25.81999969482422,26.26000022888184,23.32334899902344,41030500.0,0.0022901241388266,0.0022875058013243,0.5300006866455078,56.90672577249328,WFC,,,,41030500.0,956968671.1044313,0.7969260411368759,-29.736519439953966,0.2290124138826677,2.2724038759086405,12.290220858457214,음봉,22.63768081665039,22.516001892089843,23.49670426050822,True,False,0,0.9750002452305383,0.1313557923587737,False,56.90672577249328,-0.35100489450836037,0.16247350463902444,-0.2202292607443882
2020-07-23,26.15999984741211,26.51000022888184,25.700000762939453,26.350000381469727,23.403282165527344,50791000.0,0.0034271736236184,0.0034213142476779,0.8099994659423864,56.07702382256807,WFC,,,,50791000.0,1188676104.4692993,0.9827271167112008,23.788401311219708,0.342717362361844,3.4610507202083927,12.162279304346216,음봉,22.79577522277832,22.526215744018554,23.46791146596273,True,False,0,0.9564288003104073,0.13129623292684883,False,56.077023822568066,-0.2619860086213137,0.20119391242085688,2.304472792094327
2020-07-24,26.46999931335449,26.850000381469727,26.200000762939453,26.26000022888184,23.32334899902344,39357000.0,-0.0034154682210191,-0.0034213142476779,0.6499996185302734,54.666661460590696,WFC,,,,39357000.0,917937046.5545655,0.7605110321428187,-22.511862337815757,-0.34154682210191245,2.786905167681919,13.103790853508443,음봉,23.028475952148437,22.47692241668701,23.42139237721761,True,False,0,0.9285715648106166,0.09127912848233086,False,54.666661460590696,-0.19563270665175736,0.2140377715123306,-0.18894669936592973
2020-07-27,26.020000457763672,26.020000457763672,25.25,25.489999771118164,22.63945960998535,34761000.0,-0.0293220921689558,-0.0297605775308335,0.7700004577636719,56.4455568116274,WFC,,,,34761000.0,786970255.5027008,0.6727003830007199,-11.6777193383642,-2.932209216895587,3.4011432738617833,11.562025071327197,음봉,23.191899490356445,22.48358392715454,23.377257855733237,True,False,0,0.9207145145961219,0.09125208400081838,False,56.4455568116274,-0.1959723477481461,0.17095850433275356,-19.617619997680716
2020-07-28,25.32999992370605,25.700000762939453,25.32999992370605,25.530000686645508,22.674983978271484,30505200.0,0.0015691349925359,0.0015679051865432,0.370000839233402,56.17127046420239,WFC,,,,30505200.0,691704921.2539673,0.591191866045193,-12.243030982998192,0.156913499253597,1.6317578860825601,11.884295650475734,음봉,23.07288475036621,22.476034355163574,23.354897085825602,True,False,0,0.8964287894112728,0.0912827350563651,False,56.17127046420239,-0.19117129247322495,0.14060764768613981,-18.608405120796807
2020-07-29,25.450000762939453,25.81999969482422,25.0,25.780000686645508,22.89702606201172,31442100.0,0.0097923810642164,0.0097447464193804,0.8199996948242188,61.32816738045253,WFC,,,,31442100.0,719930583.1443787,0.610677749007775,3.0712796506825013,0.9792381064216427,3.58124977716942,12.23823040989645,음봉,22.987620162963868,22.484027862548828,23.33971897761027,True,False,0,0.878571510314942,0.09125028227605012,False,61.32816738045253,-0.1675184328856929,0.13140840581893753,-12.300392198511505
2020-07-30,25.190000534057617,25.239999771118164,24.5,24.64999961853028,21.893394470214844,51019200.0,-0.0438323994163588,-0.0448220668784778,0.7399997711181641,44.44443797798832,WFC,,,,51019200.0,1116983471.1547852,0.9843812706571833,62.26397091797304,-4.383239941635885,3.3800138764452745,10.014289479497753,음봉,22.685642623901366,22.46448802947998,23.322756989796957,True,False,0,0.8328571319580088,0.09132965267081804,False,44.444437977988315,-0.22713972762130297,0.057429688866662,-40.8126496211853
2020-07-31,24.5,24.65999984741211,24.07999992370605,24.26000022888184,21.547006607055664,45537900.0,-0.0158215695437464,-0.0159480666040155,0.5799999237060582,42.54211525964938,WFC,,,,45537900.0,981205432.1714401,0.8758496096668763,-10.743602408505037,-1.5821569543746472,2.6917888608997536,11.90589944072559,음봉,22.33037414550781,22.416526889801027,23.31032263437907,False,False,0,0.7957142421177468,0.09152505645705615,False,42.54211525964938,-0.29889516155368057,-0.011460596052572491,-50.65321263574941
2020-08-03,24.25,24.5,23.89999961853028,24.290000915527344,21.573654174804688,27863700.0,0.0012367178529706,0.0012359537473705,0.600000381469723,50.303947498968704,WFC,,,,27863700.0,601121827.8305054,0.5369766081043096,-38.81206643257594,0.12367178529706369,2.7811717783556777,12.544635281539426,음봉,22.11721305847168,22.36323661804199,23.296407985687257,False,False,0,0.7628571646554132,0.09174315525977698,False,50.303947498968704,-0.3495818618050066,-0.04971783704311883,-78.85914718908651
2020-08-04,24.200000762939453,24.290000915527344,24.030000686645508,24.21999931335449,21.51148223876953,28106900.0,-0.0028818453995506,-0.0028860059112275,0.2600002288818359,39.81982602477719,WFC,,,,28106900.0,604621080.1368713,0.5464519493389378,0.8728201925803036,-0.2881845399550609,1.2086578971915052,12.173860611903233,음봉,21.88451271057129,22.35257844924927,23.278496551513673,False,False,0,0.7307143892560689,0.09178690028170167,False,39.81982602477719,-0.39026940975622537,-0.07232430799547007,-80.96666989946057
2020-08-05,24.39999961853028,24.75,24.34000015258789,24.39999961853028,21.671348571777344,32935400.0,0.007431674453362,0.0074041956192897,0.4099998474121094,40.56935748580908,WFC,,,,32935400.0,713754533.7509155,0.645265160190832,17.179055676719955,0.7431674453362014,1.8918981716996297,13.427793341710581,음봉,21.639377212524415,22.345916843414308,23.27287139892578,False,False,0,0.6692857742309573,0.09181426313974746,False,40.56935748580908,-0.40494673375435397,-0.06960130559487893,-75.54747357191391
2020-08-06,24.200000762939453,24.5,24.1200008392334,24.239999771118164,21.61784172058105,44670300.0,-0.0024690134542884,-0.0024720664943738,0.3799991607666015,44.09845012822139,WFC,,,,44670300.0,965675475.0108718,0.8772787207012271,35.63005155546919,-0.24690134542884046,1.7578034184829245,11.668181067675594,음봉,21.584266662597656,22.359228515625,23.277308622996014,False,False,0,0.6407143729073658,0.08460935606234318,False,44.09845012822139,-0.41609963688246054,-0.06460336697838837,-77.36126466880086
2020-08-07,24.1299991607666,25.21999931335449,24.0,25.06999969482422,22.358057022094727,46272400.0,0.0342409437112753,0.0336677699384266,1.2199993133544886,55.36277476036691,WFC,,,,46272400.0,1034560957.749176,0.9108585046280145,3.5864993071459184,3.4240943711275396,5.456642820746267,11.620759706987197,음봉,21.74647674560547,22.346046733856202,23.316434987386067,False,False,0,0.6935714994158063,0.08465926654899415,True,55.36277476036691,-0.36104727611412457,-0.00764080496804187,-52.26922703908484
2020-08-10,25.21999931335449,25.479999542236328,24.21999931335449,24.700000762939453,22.02807807922364,50602600.0,-0.0147588380575734,-0.0148688333177969,1.2600002288818395,33.98280590847041,WFC,,,,50602600.0,1114678023.8117223,0.9963592158288898,9.35806225741478,-1.4758838057573387,5.719973500866795,12.80049643147223,음봉,21.83736152648926,22.319030380249025,23.3274133682251,False,False,0,0.671428544180734,0.08476174343272276,True,33.98280590847045,-0.34012369230968886,0.010626223069115093,-63.454951023179284
2020-08-11,25.290000915527344,26.13999938964844,25.200000762939453,25.31999969482422,22.58101272583008,55000100.0,0.0251013567601232,0.02479149234563,0.939998626708988,41.519380885475314,WFC,,,,55000100.0,1241957958.021927,1.0824584414032572,8.690264927098612,2.510135676012326,4.162783299943575,14.808022854160264,음봉,22.051267623901367,22.371174621582032,23.357969284057617,False,False,0,0.7007141113281256,0.08456417504929517,False,41.51938088547531,-0.2757457708839368,0.060003315595893725,-44.71140852810937
2020-08-12,25.979999542236328,26.13999938964844,24.71999931335449,25.190000534057617,22.465076446533203,42868500.0,-0.0051342373659025,-0.0051474628505069,1.4200000762939524,39.36917443121011,WFC,,,,42868500.0,963044129.6482086,0.8563610978824281,-22.057414441064648,-0.5134237365902572,6.320922520221764,15.052410880217948,음봉,22.21001319885254,22.368672847747803,23.35624713897705,False,False,0,0.7442855834960945,0.08457363293899169,True,39.3691744312101,-0.23141330462950194,0.0834686254802629,-48.64145087770378
2020-08-13,24.950000762939453,25.229999542236328,24.68000030517578,25.020000457763672,22.31346321105957,27387800.0,-0.0067488412885873,-0.0067717177022419,0.5499992370605469,38.73987756312074,WFC,,,,27387800.0,611116667.7318573,0.5578263776143635,-36.11206363646967,-0.6748841288587326,2.4648761685184852,11.061276921627044,음봉,22.349137496948245,22.353705501556398,23.3736102104187,False,False,0,0.7371426991053998,0.08463026081407819,False,38.73987756312073,-0.20613720535535762,0.0869957798035258,-70.82752542777023
2020-08-14,24.790000915527344,25.489999771118164,24.63999938964844,25.299999237060547,22.563173294067383,26743400.0,0.011191005208194,0.0111288492049463,0.850000381469723,49.05823248349152,WFC,,,,26743400.0,603415968.6725616,0.549117136451372,-2.3528724468559026,1.119100520819405,3.7672022919454187,11.098849519873223,음봉,22.390160751342776,22.373871898651124,23.38669751485189,True,False,0,0.7428569793701177,0.08455398043428797,False,49.05823248349152,-0.1640649590703731,0.10325442087080827,-59.67975272584882
2020-08-17,25.030000686645508,25.13999938964844,24.440000534057617,24.46999931335449,21.82296371459961,36661700.0,-0.0328060937980917,-0.0333562801543505,0.6999988555908239,41.04051807685151,WFC,,,,36661700.0,800066948.8155365,0.7574638498137273,37.08690742388776,-3.280609379809174,3.207625072127683,10.932980748885782,음봉,22.34913787841797,22.373902988433837,23.38833614985148,False,False,0,0.7664282662527907,0.08455386294182898,False,41.04051807685149,-0.18828074442777165,0.06323090841072776,-92.72482661432858
2020-08-18,24.420000076293945,24.450000762939453,24.01000022888184,24.040000915527344,21.43947410583496,29680700.0,-0.0175727556430885,-0.0177289895258001,0.4400005340576136,35.17633169702941,WFC,,,,29680700.0,636338599.0930557,0.6169842264640079,-19.041670189871173,-1.7572755643088578,2.0522916368450623,11.900475094301298,음봉,22.120830154418947,22.28237380981445,23.387876160939534,False,False,0,0.739285469055176,0.08813280292548578,False,35.1763316970294,-0.23569933998612314,0.01264985028190102,-109.84490018349766
2020-08-19,24.01000022888184,24.38999938964844,23.84000015258789,24.06999969482422,21.46623039245605,33667800.0,0.0012479917412624,0.0012472136468722,0.5499992370605504,44.578344169850446,WFC,,,,33667800.0,722720751.6071318,0.7025614807549847,13.433308513613218,0.12479917412624442,2.562160318813304,11.989688321446677,음봉,21.921060943603514,22.189517879486083,23.35692418416341,False,False,0,0.7257140023367751,0.08850161010068171,False,44.57834416985043,-0.2680302242972701,-0.015744827223396762,-103.20741511051845
2020-08-20,23.739999771118164,23.940000534057617,23.600000381469727,23.75,21.18084716796875,36022100.0,-0.0132945197768674,-0.0133836830418763,0.3400001525878906,45.27952812247807,WFC,,,,36022100.0,762978594.7692871,0.7497909356794219,6.992734898033137,-1.3294519776867464,1.6052245214349317,10.592308649874509,음봉,21.694537734985353,22.078396129608155,23.29619903564453,False,False,0,0.7085711615426202,0.097040646362056,False,45.279528122478055,-0.3130718270722568,-0.04862914399870677,-95.24228969032592
2020-08-21,23.63999938964844,23.90999984741211,23.520000457763672,23.63999938964844,21.082746505737305,27198000.0,-0.0046315740561974,-0.0046423330288225,0.3899993896484375,43.78577902727886,WFC,,,,27198000.0,573408539.4630432,0.5667219274407647,-24.496350851282966,-0.4631574056197407,1.84985096482712,11.610263754693456,음봉,21.398452377319337,21.966366004943847,23.244644991556804,False,False,0,0.693571090698243,0.08259352301905942,False,43.78577902727885,-0.3526187558395293,-0.07054085821278339,-93.0249979252114
2020-08-24,23.799999237060547,24.51000022888184,23.61000061035156,24.489999771118164,21.840797424316406,36906700.0,0.0359559850692512,0.0353246574803681,0.8999996185302805,53.54426139050922,WFC,,,,36906700.0,806071758.3000183,0.7743517334510241,35.69637473343627,3.595598506925124,4.120726917819712,12.888513982671986,음봉,21.402019119262697,21.9264328956604,23.216827170054117,False,False,0,0.739285332815989,0.08274394494115318,False,53.54426139050923,-0.31911307113134413,-0.029628138803678594,-64.09174496263188
2020-08-25,24.739999771118164,24.88999938964844,24.299999237060547,24.61000061035156,21.94782066345215,35077300.0,0.0049001525473877,0.0048881858763147,0.5900001525878942,53.00977115099749,WFC,,,,35077300.0,769870289.75811,0.7426178349332201,-4.956823557782187,0.4900152547387737,2.6881947034056624,13.274251349330024,음봉,21.503688430786134,21.890074729919434,23.181615352630615,False,False,0,0.7521424974714022,0.08288137791483417,False,53.009771150997494,-0.28068809598867617,0.0070374690711915155,-60.00688684176417
2020-08-26,24.51000022888184,24.57999992370605,24.040000915527344,24.040000915527344,21.43947410583496,28348200.0,-0.0231615961061543,-0.0234340409328562,0.5399990081787074,48.23319632084052,WFC,,,,28348200.0,607770499.8470306,0.6048606307267578,-19.1836315793975,-2.3161596106154314,2.518713871026069,11.673958907894086,음봉,21.498337173461913,21.817197132110596,23.133342234293618,False,False,0,0.7635710580008384,0.068673634427936,False,48.23319632084052,-0.2879361958892268,-0.00016850466348727888,-79.4094351188161
2020-08-27,23.989999771118164,24.780000686645508,23.96999931335449,24.59000015258789,21.92997932434082,36706600.0,0.022878603089073,0.0226208123708244,0.8100013732910192,45.53903434392583,WFC,,,,36706600.0,804974979.0668488,0.7871024453548714,29.484764464763202,2.287860308907308,3.6935801959100414,11.896400316036916,음봉,21.64816360473633,21.819026374816893,23.07207612991333,False,False,0,0.7342854908534476,0.06866787703332389,False,45.53903434392581,-0.25120496104856826,0.029250184141737023,-60.68785426103306
2020-08-28,24.75,24.770000457763672,24.350000381469727,24.690000534057617,22.0191593170166,25797300.0,0.0040665789673954,0.0040583327834257,0.4200000762939453,49.90214731809149,WFC,,,,25797300.0,568034858.6488724,0.5547604204086364,-29.720268289626382,0.40665789673954844,1.907430116868111,12.859203531164045,음봉,21.835446166992188,21.842634010314942,22.99172035853068,False,False,0,0.6742854799543123,0.06859366042507682,False,49.90214731809145,-0.21245011996510144,0.054404020180163104,-57.284036359030054
2020-08-31,24.489999771118164,24.51000022888184,24.09000015258789,24.14999961853028,21.537578582763672,27615500.0,-0.0218709864132169,-0.0221137019145278,0.4200000762939488,38.369808869099614,WFC,,,,27615500.0,594771001.3523102,0.5961886724472641,7.048024405654862,-2.187098641321694,1.9500802965384008,11.221320571453766,음봉,21.77480239868164,21.84083023071289,22.881874116261802,False,False,0,0.6371427263532381,0.06859932540411827,False,38.369808869099614,-0.21808225324506836,0.03901750952015692,-75.66498790798704
2020-09-01,24.020000457763672,24.34000015258789,23.739999771118164,24.049999237060547,21.448392868041992,30508800.0,-0.0041409350813955,-0.0041495324955004,0.6000003814697266,38.59999118856428,WFC,,,,30508800.0,654364728.3325195,0.6632670304777758,10.477087143089925,-0.4140935081395569,2.797414170661357,11.526002635164659,음봉,21.67491683959961,21.837675762176513,22.746116797129314,False,False,0,0.5785713195800791,0.06860923462779027,False,38.59999118856428,-0.2271241553852903,0.023980485903947968,-105.15778232400346
2020-09-02,24.01000022888184,24.65999984741211,23.93000030517578,24.56999969482422,21.912145614624023,40334000.0,0.0216217946694281,0.0213913593667223,0.7299995422363281,45.794440344718126,WFC,,,,40334000.0,883804481.2202454,0.8834246717693536,32.20447870778267,2.162179466942815,3.3314836213443706,11.943120291574996,음봉,21.769451141357422,21.849715614318846,22.62830260594686,False,False,0,0.5914284842354921,0.06857142887072239,False,45.794440344718126,-0.19462543619076556,0.045183364078778154,-81.61702556138518
2020-09-03,24.799999237060547,25.36000061035156,24.299999237060547,24.520000457763672,21.867555618286133,42349300.0,-0.0020349443236691,-0.0020370176360637,1.060001373291012,42.38289375851092,WFC,,,,42349300.0,926075673.1454849,0.9491129655374572,4.99652898299201,-0.203494432366913,4.847370194429118,13.179237091730482,음봉,21.756966400146485,21.862201309204103,22.552969614664715,False,False,0,0.6064285550798699,0.06853226712636659,True,42.38289375851092,-0.17050255976399598,0.05544499240443823,-89.80677730669974
2020-09-04,25.0,25.190000534057617,24.25,24.790000915527344,22.10835075378418,48745000.0,0.0110115250054143,0.0109513395830668,0.9400005340576172,53.508793734754185,WFC,,,,48745000.0,1077671557.4932098,1.100399438042671,15.102256707903084,1.1011525005414358,4.251789491338343,14.324620622409428,음봉,21.7748046875,21.849715995788575,22.524874051411945,False,False,0,0.6235715321132123,0.06857142767354782,False,53.508793734754185,-0.13045109238404606,0.07639716782751049,-76.72008624532248
2020-09-08,24.280000686645508,24.549999237060547,23.739999771118164,23.96999931335449,21.37705039978028,49082900.0,-0.0330780148256301,-0.0336374639557374,0.8099994659423828,49.29297782324968,WFC,,,,49082900.0,1049247627.0673755,1.1089801123116545,0.6931993024925642,-3.3078014825629887,3.7891077150227805,9.822758635623769,음봉,21.74269905090332,21.817164611816406,22.46712284088135,False,False,0,0.6500000272478387,0.0686737367916865,False,49.29297782324972,-0.15592246564069967,0.04074063565668554,-116.46466740610957
2020-09-09,24.01000022888184,24.06999969482422,23.700000762939453,23.84000015258789,21.2611141204834,49427900.0,-0.005423399258958,-0.00543815927923,0.3699989318847656,47.72281823371673,WFC,,,,49427900.0,1050892222.6358414,1.1300117600477064,0.7028924533798886,-0.5423399258958295,1.7402612571854876,12.316712455000907,음봉,21.7052433013916,21.751169681549072,22.403886731465658,False,False,0,0.6371428625924255,0.06806193919703932,False,47.72281823371673,-0.18335025368437385,0.01065027809040911,-122.76555162798435
2020-09-10,24.030000686645508,24.670000076293945,23.86000061035156,23.950000762939453,21.35921669006348,54211700.0,0.004614178213999,0.0046035655270675,0.8099994659423864,52.06615989037871,WFC,,,,54211700.0,1157919447.4367144,1.2490825635227454,9.678339561259941,0.46141782139990095,3.792271400660522,13.023243045831293,음봉,21.594657516479494,21.695876693725587,22.33769677480062,False,False,0,0.6707142421177466,0.06823539833069825,False,52.06615989037871,-0.19492395382406258,-0.00073873763942367,-117.43389067990758
2020-09-11,23.920000076293945,24.31999969482422,23.709999084472656,24.270000457763672,21.64459800720215,34861100.0,0.0133610385286941,0.0132725670295884,0.6100006103515625,56.23762309147859,WFC,,,,34861100.0,754554495.5888748,0.8080873815657189,-35.694508749956185,1.3361038528694191,2.818257978958941,11.989125928114055,음봉,21.550065994262695,21.662433433532716,22.29210220972697,False,False,0,0.6864286150251127,0.06834074264428794,False,56.23762309147859,-0.1790048508133424,0.012144292297037229,-112.30872017996631
2020-09-14,24.3799991607666,24.96999931335449,24.229999542236328,24.809999465942383,22.12618637084961,49787100.0,0.0222498178754446,0.0220059021021142,0.7399997711181605,53.37557178476258,WFC,,,,49787100.0,1101598653.4641266,1.153448807880493,42.81563117629679,2.2249817875444666,3.3444524000443265,12.63780067735266,음봉,21.55363311767578,21.640584087371828,22.25305388768514,False,False,0,0.6750000544956755,0.048216806944743916,False,53.37557178476258,-0.12607537242778122,0.052059016546078724,-94.80810462382736
2020-09-15,24.959999084472656,25.040000915527344,24.559999465942383,24.8799991607666,22.188610076904297,41954800.0,0.0028212591636183,0.0028172868814552,0.4800014495849609,52.87841843968073,WFC,,,,41954800.0,930918698.0545044,0.9759519441351974,-15.731585089310284,0.2821259163618306,2.163278582666092,12.807506301024768,음봉,21.715945053100587,21.65886640548706,22.214305750528972,True,False,0,0.6671430042811802,0.05105823871219929,False,52.87841843968073,-0.07818998264068355,0.07995552506654113,-91.04764005800197
2020-09-16,24.8700008392334,26.0,24.75,25.709999084472656,22.928823471069336,51768200.0,0.0333600613828224,0.0328156883428197,1.25,66.86869839031354,WFC,,,,51768200.0,1186983919.2150116,1.1984310069340702,23.390410632394865,3.3360061382822437,5.451653468295918,12.084536854879929,음봉,22.049486923217774,21.73333387374878,22.19159523646037,True,True,0,0.717857360839844,0.08494218954423129,True,66.86869839031354,0.019266476500725105,0.14192958736635983,-33.52945859476458
2020-09-17,25.229999542236328,25.43000030517578,24.89999961853028,25.11000061035156,22.39373016357422,51531300.0,-0.0233371462853415,-0.0236137696931793,0.5300006866455043,55.20002224251615,WFC,,,,51531300.0,1153978027.1781921,1.1851682530012415,-0.4576168381361545,-2.333714628534156,2.3667369517008967,10.036171607629687,음봉,22.256389617919922,21.779708862304688,22.161742877960204,True,True,0,0.6978573117937356,0.08476132426761387,False,55.20002224251615,0.05271618518455057,0.14030343684014823,-56.79439272487233
2020-09-18,24.940000534057617,25.39999961853028,24.89999961853028,25.1299991607666,22.41156578063965,115153200.0,0.0007964558354123,0.0007961388327713,0.5,54.47158394408075,WFC,,,,115153200.0,2580763516.6511536,2.6072422641509436,123.46263338980386,0.07964558354123241,2.230990930727061,11.370461070506144,음봉,22.409783172607423,21.841244792938234,22.14861888885498,True,True,0,0.7035715920584538,0.08452251613099036,False,54.47158394408075,0.07974525192285498,0.13386600286276212,-56.01893085610128
2020-09-21,24.450000762939453,24.520000457763672,23.71999931335449,24.040000915527344,21.43947410583496,56188400.0,-0.0433745542064907,-0.0443433478456173,0.8000011444091832,48.99447887086047,WFC,,,,56188400.0,1204649746.848297,1.2615896167480571,-51.205524466536744,-4.337455420649072,3.731440148485056,9.095459916775281,음봉,22.272440719604493,21.859081172943114,22.10078986485799,True,False,0,0.7307145254952562,0.07629366199756861,False,48.99447887086047,0.022467318734285868,0.0612704557393544,-98.28380030219047
2020-09-22,23.979999542236328,24.36000061035156,23.530000686645508,23.64999961853028,21.091663360595703,39839500.0,-0.0162229140286886,-0.0163559462406802,0.8299999237060511,46.52778473969664,WFC,,,,39839500.0,840281322.4544525,0.8968882847428773,-29.0965750937916,-1.6222914028688695,3.9352037319953173,11.849756313332046,음봉,22.053051376342772,21.82162446975708,22.077213764190674,True,False,0,0.7471430642264222,0.08418988755946107,False,46.52778473969664,-0.0504101791816538,-0.009285633741268215,-98.71813780945196
2020-09-23,23.780000686645508,24.1299991607666,22.82999992370605,22.82999992370605,20.360366821289062,45697700.0,-0.0346723028337764,-0.0352876527325852,1.2999992370605504,35.64353255857699,WFC,,,,45697700.0,930421934.8892212,1.033084258898326,14.704501813526782,-3.4672302833776425,6.384949978903398,12.745971145510815,음봉,21.53936004638672,21.742251777648924,22.03612028757731,False,False,0,0.7878573281424381,0.1181320442816623,True,35.64353255857699,-0.16527050485328232,-0.09931676753031737,-77.90640514129703
2020-09-24,22.959999084472656,23.71999931335449,22.559999465942383,23.31999969482422,20.79736518859864,43329100.0,0.0214631873357331,0.0212360967756792,1.1599998474121058,40.769234818842186,WFC,,,,43329100.0,901131115.9933094,0.9801611441817157,-5.18319302722019,2.146318733573338,5.577628881797159,12.76810131173759,음봉,21.220087051391605,21.710146331787108,22.003790442148844,False,False,0,0.7950000762939448,0.11830674056856283,True,40.76923481884222,-0.2185170953251223,-0.12205068640172588,-51.23936057255914
2020-09-25,23.1200008392334,23.709999084472656,23.01000022888184,23.63999938964844,21.082746505737305,30229900.0,0.0137219938463704,0.0136286997737595,0.6999988555908168,41.221326688007984,WFC,,,,30229900.0,637329318.5937881,0.6965817786692216,-30.231876498704104,1.3721993846370184,3.320245089511104,11.16793223358916,음봉,20.95432319641113,21.667784690856934,21.98376636505127,False,False,0,0.7778570992606019,0.11853803637176046,False,41.221326688007984,-0.23497882500766565,-0.11080993286741533,-42.9433933390295
2020-09-28,23.989999771118164,24.270000457763672,23.76000022888184,23.81999969482422,21.243276596069336,41103500.0,0.0076142873647104,0.0075854449955408,0.5100002288818324,48.73096336483606,WFC,,,,41103500.0,873173019.566536,0.9480644207145255,35.969685642360716,0.7614287364710481,2.4007606669123644,13.789727370623655,음봉,20.91508369445801,21.62899055480957,21.962717151641847,False,False,0,0.7564285823277055,0.11875064826865597,False,48.73096336483603,-0.23239255102867062,-0.08657892711073623,-38.276821670138524
2020-09-29,23.71999931335449,23.71999931335449,23.06999969482422,23.26000022888184,20.74385452270508,38416300.0,-0.0235096535652443,-0.0237904145977758,0.6499996185302699,45.42585665357697,WFC,,,,38416300.0,796902138.5005952,0.8887494645970097,-6.537642779811936,-2.350965356524437,3.1334563102475297,11.658854537267679,음봉,20.845521926879883,21.589304351806643,21.931123733520508,False,False,0,0.7764286313738129,0.1189689398012187,False,45.42585665357697,-0.2675578573131716,-0.09739538671618975,-52.7949029442471
2020-09-30,23.36000061035156,23.8700008392334,23.25,23.51000022888184,20.96681404113769,43071500.0,0.0107482203072997,0.0106908687727109,0.6200008392333984,46.60494132759309,WFC,,,,43071500.0,903072130.9728621,0.994414977495512,12.117772924513815,1.0748220307299716,2.9570579393556553,12.61166811974596,음봉,20.96681137084961,21.565225410461426,21.918493207295736,False,False,0,0.7628573008945995,0.11910177616480183,False,46.60494132759309,-0.2742739863242072,-0.08328921258178024,-46.31352260069173
2020-10-01,23.56999969482422,23.809999465942383,23.15999984741211,23.559999465942383,21.011398315429688,38879800.0,0.0021264210291807,0.0021241633958701,0.6499996185302734,44.28337386310293,WFC,,,,38879800.0,816918964.2242432,0.897025358169825,-9.731957326770601,0.21264210291807029,3.0935571672683357,12.415742556684945,음봉,21.00961799621582,21.52018804550171,21.905273501078288,False,False,0,0.7657143729073645,0.11935103189384766,False,44.28337386310293,-0.2728537010038714,-0.06549514180915553,-45.017468316670836
2020-10-02,23.14999961853028,24.09000015258789,23.07999992370605,23.989999771118164,21.394886016845703,26238600.0,0.0182514126693986,0.018086854895679,1.0100002288818395,43.27864794610744,WFC,,,,26238600.0,561371856.2416077,0.6100048614939201,-32.5135417363258,1.825141266939867,4.720755362223454,10.178291187455688,음봉,21.0720458984375,21.496554565429687,21.90599479675293,False,False,0,0.7850001198904845,0.11948224735096907,False,43.27864794610744,-0.23803988645470398,-0.02454506180799046,-33.86957175039685
2020-10-05,24.21999931335449,24.600000381469727,24.21999931335449,24.450000762939453,21.80512809753418,22607500.0,0.0191747729043969,0.0189932536695364,0.3800010681152379,46.68723643135343,WFC,,,,22607500.0,492959433.46500397,0.5283784748335184,-13.838771885695122,1.9174772904396953,1.7427142203223749,13.204619525826752,음봉,21.184416198730467,21.48139343261719,21.892385387420653,False,False,0,0.77785723549979,0.11956657550344699,False,46.68723643135343,-0.17532553657973082,0.03053543045358617,-21.94393172136524
2020-10-06,24.68000030517578,25.0,24.040000915527344,24.18000030517578,21.564332962036133,30991300.0,-0.0110430507182058,-0.0111044778500438,0.9599990844726562,37.09952566296101,WFC,,,,30991300.0,668306712.1263504,0.726323061204409,37.08415348888643,-1.1043050718205882,4.451791233991463,13.1843857774296,음봉,21.34851188659668,21.490757560729982,21.8756508509318,False,False,0,0.757142884390694,0.11951447698026287,False,37.099525662961014,-0.14340107912106248,0.04996791032980363,-34.69220253511149
2020-10-07,24.420000076293945,24.93000030517578,24.38999938964844,24.809999465942383,22.12618637084961,34647300.0,0.0260547548492511,0.0257211126240591,0.5400009155273402,47.48326181612793,WFC,,,,34647300.0,766612617.0467377,0.8130563949645911,11.796859118526815,2.6054754849251127,2.440551238593789,13.242547864963855,음봉,21.580386352539062,21.53401117324829,21.8854518254598,True,True,0,0.7578571864536825,0.11927441799468684,False,47.48326181612793,-0.07193462452164567,0.09714749194337638,-15.275108161436869
2020-10-08,24.8799991607666,25.32999992370605,24.670000076293945,25.299999237060547,22.563173294067383,26483400.0,0.0197497623808089,0.0195572661984003,0.6599998474121058,51.32190342385061,WFC,,,,26483400.0,597549543.6161041,0.6285001469114688,-23.56287502922305,1.9749762380808944,2.925119790599853,12.445944112380042,음봉,21.8907413482666,21.594209003448487,21.88625284830729,True,True,0,0.7692857469831187,0.11894191861207344,False,51.321903423850614,0.01973673548696908,0.15105508156159292,0.11457861373648862
2020-10-09,25.38999938964844,25.51000022888184,25.01000022888184,25.299999237060547,22.563173294067383,28211300.0,0.0,0.0,0.5,61.79774290884247,WFC,,,,28211300.0,636536450.7509232,0.6753134555485579,6.524464381461592,0.0,2.2160003536890214,12.528495255249961,음봉,22.12439880371094,21.64013776779175,21.885425567626953,True,True,0,0.7478570938110342,0.11868947773535221,False,61.79774290884247,0.09133410602947833,0.1781219616832817,0.1075873662431706
2020-10-12,25.200000762939453,25.739999771118164,25.14999961853028,25.68000030517578,22.90207290649414,25855600.0,0.0150200332200554,0.0149083494615915,0.5900001525878871,69.04316318710204,WFC,,,,25855600.0,592146836.2411499,0.6416197354943042,-8.350200097124205,1.5020033220055407,2.5761866840471996,11.686421207274869,음봉,22.34378776550293,21.678932094573973,21.89779602686564,True,True,0,0.7307142530168793,0.11847708358398029,False,69.04316318710204,0.17342279441415087,0.2081685200543634,10.757025400123318
2020-10-13,25.420000076293945,25.5,24.700000762939453,24.739999771118164,22.06375503540039,29939600.0,-0.0366044538639135,-0.037291207864913,0.7999992370605469,67.522917418808,WFC,,,,29939600.0,660580000.2578735,0.7523830448405894,15.795417627129126,-3.6604453863913533,3.6258526065802528,10.99431994684559,음봉,22.44367218017578,21.672689342498778,21.90181957880656,True,True,0,0.6949999673025934,0.11851121054661601,False,67.522917418808,0.16888660563211033,0.16290586501785828,-15.605169274175942
2020-10-14,24.270000457763672,24.43000030517578,23.229999542236328,23.25,20.734935760498047,75388100.0,-0.0602263428310506,-0.0621162229585117,1.2000007629394531,49.45735051234292,WFC,,,,75388100.0,1563167410.6060028,1.8745323437867116,151.8006252588545,-6.0226342831050665,5.787337741482491,9.999410430470475,음봉,22.16542205810547,21.562994956970215,21.85956754684448,True,False,0,0.6978571755545467,0.11787351851063131,True,49.45735051234289,0.05740530068950633,0.04113964806020341,-83.33570878624161
2020-10-15,23.059999465942383,23.09000015258789,22.75,22.950000762939453,20.467390060424805,60328600.0,-0.0129031361931172,-0.0129871047420647,0.3400001525878906,44.6345584566772,WFC,,,,60328600.0,1234768987.9993439,1.4876613060992323,-19.97596437634056,-1.2903136193117226,1.6611798162058082,11.213266982354464,음봉,21.746265411376953,21.466677951812745,21.81196823120117,True,False,0,0.6721429824829092,0.11840239514053197,False,44.6345584566772,-0.05193447043307131,-0.05456009844989938,-76.3414753948818
2020-10-16,23.01000022888184,23.229999542236328,22.61000061035156,22.86000061035156,20.38712501525879,43141200.0,-0.003921606268755,-0.0039293159293884,0.6199989318847692,42.42903666082178,WFC,,,,43141200.0,879525037.7082825,1.0619784754717312,-28.4896384136214,-0.392160626875504,3.0411297886324316,12.422737637532776,음봉,21.311055755615236,21.365455913543702,21.761698945363364,False,False,0,0.6800000326974046,0.11896334417061862,False,42.42903666082178,-0.14341059704738868,-0.11682898005137339,-71.01840866143681
2020-10-19,22.88999938964844,22.90999984741211,22.51000022888184,22.540000915527344,20.10173797607422,37423600.0,-0.0139983955055443,-0.0140972971045014,0.3999996185302699,44.09834927540192,WFC,,,,37423600.0,752279401.3214111,0.9288433536723735,-13.253224296032561,-1.399839550554438,1.9898757958459274,12.276740209894088,음봉,20.75098876953125,21.298569107055663,21.70800542831421,False,False,0,0.6621428898402618,0.13147995606391435,False,44.098349275401915,-0.23621153587335897,-0.16770393510187492,-74.5592134400191
2020-10-20,22.729999542236328,23.1299991607666,22.690000534057617,22.809999465942383,20.3425350189209,34751200.0,0.0119789166057822,0.0119077372547598,0.4399986267089844,44.28104449540358,WFC,,,,34751200.0,706927502.9495239,0.8646541244246156,-7.140948492395172,1.1978916605782208,2.162948847327705,13.074797658244064,음봉,20.406744766235352,21.261112689971924,21.669723351796467,False,False,0,0.6492855889456608,0.1317115887232344,False,44.28104449540358,-0.2870180738617947,-0.1748083784722485,-67.10419557707657
2020-10-21,22.81999969482422,22.950000762939453,22.600000381469727,22.700000762939453,20.24443244934082,29528300.0,-0.0048225341378953,-0.0048342000770225,0.3500003814697265,43.04213055519891,WFC,,,,29528300.0,597783674.6938705,0.7409236319491851,-15.029409056377908,-0.4822534137895351,1.7288722830119296,12.178741113627153,음봉,20.308644104003907,21.25531597137451,21.629214159647624,False,False,0,0.6278570720127645,0.13174750891453502,False,43.04213055519891,-0.3313787507837773,-0.1753352443153849,-70.1414272638698
2020-10-22,22.65999984741211,23.31999969482422,22.61000061035156,23.25,20.734935760498047,32238300.0,0.024229047289157,0.0239401805982172,0.7099990844726598,44.12700460328884,WFC,,,,32238300.0,668459079.5276642,0.8112229485725861,9.177636369178032,2.422904728915709,3.424168237961331,11.932008487350517,음봉,20.362153244018554,21.252194499969484,21.593179321289064,False,False,0,0.6064284188406803,0.13176685967295956,False,44.12700460328884,-0.323229401604312,-0.13374871610873568,-54.955564085151785
2020-10-23,23.57999992370605,23.59000015258789,23.1200008392334,23.280000686645508,20.761690139770508,24558300.0,0.0012903044205918,0.0012894726932204,0.4699993133544922,40.034073412318165,WFC,,,,24558300.0,509871814.95952606,0.6204971957222482,-23.82259610463331,0.1290304420591859,2.2637815620519968,13.721113950244842,음봉,20.437066268920898,21.236141681671143,21.574317582448323,False,False,0,0.6128568649291984,0.13186646484078055,False,40.034073412318165,-0.3110268054493268,-0.09723689596300034,-54.127255011958006
2020-10-26,22.96999931335449,23.020000457763672,22.600000381469727,22.700000762939453,20.24443244934082,34034100.0,-0.0249140453858736,-0.0252296532914378,0.4200000762939453,38.02591908660275,WFC,,,,34034100.0,689001038.4241104,0.8587002364265963,38.58491833718132,-2.4914045385873607,2.0746448552951207,10.636461476485511,음봉,20.465605163574217,21.186199474334718,21.552608013153076,False,False,0,0.5742855072021477,0.13217731352960638,False,38.02591908660275,-0.339184623590679,-0.10031577128348204,-70.1414272638698
2020-10-27,22.61000061035156,22.61000061035156,21.81999969482422,21.81999969482422,19.459623336791992,49636500.0,-0.0387666640945709,-0.0395380941716626,0.7900009155273402,26.74960028285372,WFC,,,,49636500.0,965907593.7566757,1.2432984983602857,45.84343349758038,-3.876666409457097,4.05969273841852,11.685030770461358,음봉,20.289022827148436,21.121987915039064,21.517374165852864,False,False,0,0.5921426500592906,0.16297943089206535,False,26.74960028285372,-0.4199860955162471,-0.14489379456724005,-60.21368143093962
2020-10-28,21.229999542236328,21.479999542236328,20.799999237060547,21.18000030517578,18.888858795166016,54835900.0,-0.029330708603534,-0.0297694542887691,0.6800003051757812,18.69312584284343,WFC,,,,54835900.0,1035787572.0058441,1.37145228510295,10.474952907638535,-2.933070860353404,3.6000073511577364,9.097689995351116,음봉,20.017908096313477,21.018090152740477,21.473663775126138,False,False,0,0.5935712541852673,0.19094095049377527,False,18.69312584284343,-0.5240370002541219,-0.19915575944409186,-38.68704929723477
2020-10-29,21.049999237060547,21.3799991607666,20.76000022888184,21.13999938964844,18.85318374633789,46184000.0,-0.0018886820646494,-0.0018904678735244,0.6199989318847621,18.58017027515207,WFC,,,,46184000.0,870715438.1408691,1.154771061919609,-15.777802497998572,-0.18886820646494273,3.2885635669105113,11.441349979531873,음봉,19.641557693481445,20.91017942428589,21.426694361368813,False,False,0,0.6021426064627503,0.19363244465773038,False,18.58017027515207,-0.602432305579157,-0.22204085181530148,-38.289491120870096
2020-10-30,21.100000381469727,21.459999084472656,20.84000015258789,21.450000762939453,19.1296501159668,34592400.0,0.0146641741442006,0.0145576948344235,0.6199989318847656,17.7099598055254,WFC,,,,34592400.0,661740508.67157,0.8626344496106921,-25.098735492811365,1.4664174144200626,3.2410364440867414,11.91743880164678,음봉,19.3151496887207,20.796917629241943,21.385224501291912,False,False,0,0.6042853764125277,0.19468698353948494,False,17.7099598055254,-0.6349335061274672,-0.2036336418908894,-34.395573663296645
2020-11-02,21.700000762939453,21.979999542236328,21.190000534057617,21.89999961853028,19.53097343444824,38401200.0,0.0209791248689106,0.0207620932035898,0.7899990081787109,26.567717158184934,WFC,,,,38401200.0,750012817.0509337,0.9537286918252843,11.010510979290245,2.0979124868910626,4.044852197614127,13.436474955844998,음봉,19.172457885742187,20.683209896087646,21.338106441497803,False,False,0,0.6035710743495394,0.1957572920498245,False,26.567717158184934,-0.6211473044431273,-0.15187795216523947,-33.48846781700078
2020-11-03,22.309999465942383,22.5,21.989999771118164,22.09000015258789,19.700420379638672,38427000.0,0.0086758064445249,0.0086383879040521,0.5100002288818359,37.815177022124736,WFC,,,,38427000.0,757028053.9283752,0.9523078044481634,0.06718540045622667,0.8675806444524925,2.5887784070280326,14.228814763490325,음봉,19.220617294311523,20.590014266967774,21.29931214650472,False,False,0,0.5542853219168524,0.19664333922545246,False,37.815177022124736,-0.5897504122884349,-0.0963848480084376,-37.44098508156797
2020-11-04,21.75,22.559999465942383,21.170000076293945,21.8799991607666,19.51313591003418,47203200.0,-0.0095066230057739,-0.0095520993936743,1.3899993896484375,38.543919280958654,WFC,,,,47203200.0,921082456.9885254,1.168637462508953,22.83862908892185,-0.9506623005773984,7.123403414279826,10.40373545774519,음봉,19.345472717285155,20.459361743927,21.248180866241455,False,False,0,0.6292852674211772,0.1978990943526423,True,38.543919280958654,-0.5733709768389446,-0.06400433004715766,-44.05881104105536
2020-11-05,21.88999938964844,22.56999969482422,21.86000061035156,22.32999992370605,20.00589370727539,38319700.0,0.025252619543731,0.0249390403160101,0.7099990844726598,45.83565814206703,WFC,,,,38319700.0,766619845.0946808,0.9516776279934553,-18.81969866449732,2.5252619543731036,3.5489495988597595,12.180838029176101,음봉,19.576014709472656,20.331497764587404,21.207194487253826,False,False,0,0.6357138497488837,0.19914367387180124,False,45.835658142067025,-0.5146956293212313,-0.004263186023555465,-26.64687427337108
2020-11-06,22.5,22.56999969482422,21.84000015258789,21.90999984741211,19.62960624694824,29502900.0,-0.0188088303293498,-0.0189879661586308,0.7299995422363281,44.943139869017166,WFC,,,,29502900.0,579130310.1430892,0.7388561746443763,-23.008530860105903,-1.880883032934988,3.718870022417384,12.466857663137523,음봉,19.676005935668947,20.18481941223144,21.16246353785197,False,False,0,0.659285272870745,0.20059080428050474,False,44.943139869017166,-0.4928766714993067,0.014044617438695228,-39.94325132183338
2020-11-09,24.030000686645508,24.8700008392334,23.299999237060547,24.21999931335449,21.69917869567871,102118900.0,0.1054311748638474,0.1002354623568244,1.5700016021728516,60.4405305225432,WFC,,,,102118900.0,2215896259.3061447,2.510394809369313,246.13173620220383,10.543117486384745,7.235304267462943,22.417130452534607,음봉,20.10964698791504,20.124674701690672,21.148063627878823,False,True,0,0.7399997711181641,0.15953407131558653,True,60.4405305225432,-0.305071119785687,0.1614801353218519,22.851054192824964
2020-11-10,24.36000061035156,24.3700008392334,23.86000061035156,24.190000534057617,21.67230033874512,49029100.0,-0.0012386808418211,-0.0012394486410393,0.5100002288818395,61.11046138867784,WFC,,,,49029100.0,1062573380.5383683,1.2023947437137714,-51.98822157308784,-0.12386808418211048,2.3532353322460913,12.262316247032604,음봉,20.504022979736327,20.10510196685791,21.145552571614584,True,True,0,0.7514283316476007,0.14155585751478791,False,61.110461388677834,-0.15659756649153778,0.24796295089280096,22.19707966868758
2020-11-11,24.229999542236328,24.540000915527344,24.01000022888184,24.190000534057617,21.67230033874512,38309200.0,0.0,0.0,0.5300006866455043,57.89655166873142,WFC,,,,38309200.0,830248488.1370546,0.9355215354730204,-21.864362184906515,0.0,2.4455211415559064,11.801696928860965,음봉,20.935855865478516,20.151970195770268,21.149433008829753,True,True,0,0.7385713032313753,0.1412266354948347,False,57.89655166873142,-0.038487545346644225,0.29285837763015565,22.19707966868758
2020-11-12,23.90999984741211,24.14999961853028,23.559999465942383,23.809999465942383,21.33185386657715,34505900.0,-0.015708829558777,-0.0158335207811679,0.5900001525878942,54.562061619041216,WFC,,,,34505900.0,736074816.3347244,0.8401160216914219,-9.927902435968383,-1.570882955877706,2.7658175247127152,10.325159183340096,음봉,21.201047897338867,20.195193386077882,21.147193400065103,True,True,0,0.7471427917480471,0.1409243721975342,False,54.562061619041216,0.027329277375663708,0.2869401602819709,13.913711746295679
2020-11-13,23.90999984741211,24.18000030517578,23.729999542236328,24.06999969482422,21.56479454040528,30056100.0,0.0109198513774324,0.0108606603155946,0.4500007629394531,61.06822213893853,WFC,,,,30056100.0,648153621.1858752,0.7336494923729537,-12.895765651671166,1.0919851377432455,2.0867380029812055,12.08589744220221,음봉,21.588085556030276,20.254076862335204,21.153592522939046,True,True,0,0.7492856979370119,0.14051467112940985,False,61.06822213893856,0.09716588138227777,0.28542141143086797,19.58136720214747
2020-11-16,24.989999771118164,25.030000686645508,24.38999938964844,24.89999961853028,22.30840492248535,36954800.0,0.0344826091751904,0.0339014072116883,0.6400012969970668,74.04662422285446,WFC,,,,36954800.0,824402642.2294617,0.8995070653045745,22.952745033454104,3.4482609175190193,2.868879685575319,15.883319566505417,음봉,21.709930801391604,20.364410209655762,21.17402016321818,True,True,0,0.7385714394705639,0.1696695922236516,False,74.04662422285446,0.21009321264874004,0.31867899415786416,36.26240111492774
2020-11-17,24.530000686645508,25.14999961853028,24.520000457763672,25.040000915527344,22.43383407592773,29490400.0,0.0056225065789421,0.0056067592874201,0.6299991607666051,82.35577164121727,WFC,,,,29490400.0,661582740.4327391,0.7189784883278597,-20.198729258445447,0.5622506578942144,2.8082545258842724,9.958559439276355,음봉,21.862237548828126,20.468975162506105,21.183904107411703,True,True,0,0.734999929155623,0.17493061089588258,False,82.35577164121727,0.30618056177714337,0.331813074629014,38.12833894676088
2020-11-18,25.14999961853028,25.950000762939453,25.059999465942383,25.059999465942383,22.451753616333008,44318300.0,0.0007987729758822,0.0007984541265296,0.8900012969970703,82.95174344864103,WFC,,,,44318300.0,995023552.2947311,1.077026163370664,50.280430241705766,0.0798772975882267,3.9640613922897314,12.107451331812639,음봉,22.018128204345704,20.579341220855714,21.192302989959718,True,True,0,0.7542858123779307,0.17486321993379556,False,82.95174344864103,0.3794029147530722,0.3240283420839542,31.54115990671536
2020-11-19,25.190000534057617,26.21999931335449,24.96999931335449,26.15999984741211,23.43726348876953,44560000.0,0.0438945611678007,0.0429584893101042,1.25,84.91108180251567,WFC,,,,44560000.0,1044364461.0595703,1.0756956723258888,0.5453729046466238,4.389456116780077,5.333387153320883,12.196138281744787,음봉,22.43921012878418,20.71445760726929,21.225599479675292,True,True,0,0.799285888671876,0.2212985649608782,False,84.91108180251567,0.5110633473388013,0.36455101973574666,44.89631198034188
2020-11-20,26.040000915527344,26.229999542236328,25.459999084472656,25.479999542236328,22.828039169311523,38469100.0,-0.0259938332711039,-0.026337644015809,0.7700004577636719,75.8499808287369,WFC,,,,38469100.0,878174121.6081619,0.9281033469653852,-13.668985637342912,-2.599383327110394,3.373046857212373,11.105125084270057,음봉,22.69185905456543,20.81777505874634,21.24056714375814,True,True,0,0.7978574207850875,0.22020027257935496,False,75.8499808287369,0.5597929331704137,0.33062448445388715,32.767574466705646
2020-11-23,25.950000762939453,26.440000534057617,25.8700008392334,26.299999237060547,23.56269073486328,40691400.0,0.032181982872159,0.0316749915057042,0.5699996948242188,77.816084943553,WFC,,,,40691400.0,958798873.7686157,0.9796123360562257,5.7768442724160485,3.218198287215901,2.4190772659968287,13.675995430325372,음봉,22.942716217041017,20.983687973022462,21.266292667388917,True,True,0,0.8021430969238291,0.22443657161601605,False,77.816084943553,0.6501966602543483,0.33682256923025733,45.40209583937448
2020-11-24,27.459999084472656,28.729999542236328,27.34000015258789,28.61000061035156,25.63227081298828,80523400.0,0.0878329262736898,0.0841875762319324,1.3899993896484375,84.67007338426765,WFC,,,,80523400.0,2063997595.5825806,1.9006408972719164,97.88800581941149,8.783292627368988,5.422849188001332,16.540166797856113,음봉,23.582403564453124,21.292320346832277,21.33453753789266,True,True,0,0.8021430969238291,0.3183817900644603,True,84.67007338426765,0.8787108496975549,0.45226940693877105,55.04021765368968
2020-11-25,28.32999992370605,28.690000534057617,28.0,28.59000015258789,25.61434936523437,38875500.0,-0.0006991751875853,-0.0006994197245462,0.6900005340576172,83.58368035013095,WFC,,,,38875500.0,995770638.7481688,0.9168561219351953,-51.72148717018904,-0.06991751875853325,2.69380464917893,10.524737080067005,음봉,24.214922714233396,21.628594875335693,21.403970146179198,True,True,1,0.8007146290370404,0.3134316910425358,False,83.58368035013095,1.0463027532900924,0.4958890484250468,54.78010953552591
2020-11-27,28.59000015258789,28.6299991607666,28.18000030517578,28.459999084472656,25.497875213623047,20281400.0,-0.0045472227285777,-0.004557592794457,0.4499988555908203,86.26794823524197,WFC,,,,20281400.0,517132606.35757446,0.47931479866127935,-47.82986713997248,-0.4547222728577771,1.7648484503932083,11.617124233466908,음봉,24.6270450592041,21.96082944869995,21.463732306162516,True,True,1,0.7807145799909326,0.29610086960565263,False,86.26794823524197,1.1563918878475583,0.48478254638601015,40.47653504673882
2020-11-30,28.43000030517578,28.559999465942383,27.280000686645508,27.350000381469727,24.50341033935547,48211000.0,-0.039001872349593,-0.0397828183483867,1.279998779296875,69.98725090112393,WFC,,,,48211000.0,1181333915.8706665,1.1306458249839764,137.71041446842924,-3.900187234959307,5.223757679317971,11.499487965123281,음봉,24.96211929321289,22.229517459869385,21.507663218180337,True,True,0,0.7600000926426487,0.2752707031990633,True,69.98725090112393,1.150135272384368,0.3828207447382559,18.247792253213255
2020-12-01,28.14999961853028,28.68000030517578,28.040000915527344,28.059999465942383,25.13951110839844,41924200.0,0.0259596831719917,0.0256284508224988,0.6399993896484375,72.73797536596439,WFC,,,,41924200.0,1053953891.6107179,0.9790472060050041,-13.040177552840637,2.595968317199171,2.545790914106642,14.881966341305333,음봉,25.27748336791992,22.509944343566893,21.55818255742391,True,True,0,0.7692857469831199,0.27184140527219414,False,72.73797536596439,1.1828694923025687,0.33244397172516504,30.551481995108844
2020-12-02,27.989999771118164,28.989999771118164,27.850000381469727,28.8700008392334,25.86520767211914,35508000.0,0.0288667731282277,0.0284579762910734,1.1399993896484375,75.10732015636201,WFC,,,,35508000.0,918421794.0216064,0.8306970415800817,-15.304287261295391,2.886677312822772,4.407462735655033,11.338679779526224,음봉,25.324070739746094,22.81818370819092,21.632985178629557,True,True,1,0.8128570829119008,0.2783776238861988,False,75.10732015636201,1.2529262908566245,0.3220006162233766,42.45318741473134
2020-12-03,28.940000534057617,29.489999771118164,28.790000915527344,29.15999984741211,26.125024795532227,41264600.0,0.0100450430055178,0.0099949268939161,0.6999988555908203,78.98157912460708,WFC,,,,41264600.0,1078038698.177719,0.9657596573465587,16.21212121212121,1.0045043005517895,2.6794189137402493,11.887756328563661,음봉,25.426205825805663,23.14877815246582,21.714050356547038,True,True,1,0.8207141331263953,0.2805944445880869,False,78.98157912460708,1.3142618859976665,0.30666896909153474,41.58029788413454
2020-12-04,29.5,29.96999931335449,29.34000015258789,29.549999237060547,26.47443389892578,47168800.0,0.0133744984407941,0.0132858493862202,0.629999160766598,79.27349878166638,WFC,,,,47168800.0,1248767277.6916504,1.1045887668012841,14.308147904014579,1.3374498440794191,2.379651112359236,12.918553114808699,음봉,25.62151756286621,23.47220516204834,21.79930397669474,True,True,1,0.83357116154262,0.2916141710896761,False,79.27349878166636,1.3752125868945804,0.2940957359907588,37.355457666259774
2020-12-07,29.420000076293945,29.6299991607666,29.06999969482422,29.34000015258789,26.286291122436523,31713000.0,-0.0071065835517976,-0.0071319555938367,0.5599994659423828,75.40046485638022,WFC,,,,31713000.0,833617150.3658295,0.7474743098601919,-32.76699852444837,-0.7106583551797607,2.1303859998126486,11.126078044251146,음봉,25.978093719482423,23.805039405822757,21.876665528615316,True,True,1,0.827856745038714,0.21602904934031522,False,75.40046485638022,1.392285506146358,0.24893492419402907,32.40900982687223
2020-12-08,29.030000686645508,29.299999237060547,28.39999961853028,28.940000534057617,25.927921295166016,32209500.0,-0.0136333355512685,-0.0137271228685916,0.8999996185302699,71.66665641627807,WFC,,,,32209500.0,835125380.9566498,0.7640990154366792,1.5656040109734093,-1.3633335551268555,3.471159944850888,10.437796459870697,음봉,26.135775756835937,24.01647653579712,21.940027777353922,True,True,0,0.8471424920218323,0.2141271649354349,False,71.66665641627807,1.3612073169898906,0.17428538803004945,19.15843963623054
2020-12-09,29.239999771118164,29.239999771118164,28.61000061035156,29.049999237060547,26.026472091674805,35276000.0,0.0038009524707698,0.0037937471033285,0.6299991607666051,71.94717918307275,WFC,,,,35276000.0,918109829.5059204,0.8428547215763592,9.5204830872879,0.3800952470769836,2.4206091342211744,12.7741766809885,음봉,26.16802864074707,24.234185123443602,22.003992144266764,True,True,0,0.8285709108625134,0.21220354660796154,False,71.94717918307275,1.3292075762954632,0.11382851786849746,21.12945556640632
2020-12-10,28.71999931335449,29.559999465942383,28.540000915527344,29.489999771118164,26.4206771850586,31730200.0,0.0151463130306426,0.0150327528741329,1.019998550415039,69.75088275953334,WFC,,,,31730200.0,838333371.2173464,0.7590356834399286,-10.051593151150929,1.5146313030642844,3.8606071421661654,10.349182986430472,음봉,26.227159118652345,24.47160396575928,22.062189706166585,True,True,1,0.8121422358921591,0.21014478820203783,False,69.75088275953335,1.3204354498527238,0.08404511314060636,21.30106545081321
2020-12-11,29.020000457763672,29.38999938964844,28.670000076293945,29.07999992370605,26.053346633911133,29779100.0,-0.0139031467124997,-0.0140007007172948,0.7199993133544957,72.05876981518006,WFC,,,,29779100.0,775845214.745903,0.7178157164205909,-6.149031522020032,-1.3903146712499925,2.7635578778863747,9.838215934052736,음봉,26.142941665649413,24.707678604125977,22.123183314005534,True,True,0,0.808570725577218,0.19870905062285502,False,72.05876981518003,1.2692122817521678,0.026257556032040164,4.471850314945249
2020-12-14,29.540000915527344,29.780000686645508,28.51000022888184,28.63999938964844,25.65914726257324,28378000.0,-0.0151304696811888,-0.0152461031123146,1.2700004577636683,65.03857652024595,WFC,,,,28378000.0,728155281.0173033,0.6876145806995428,-4.704977652111719,-1.5130469681188807,4.94950375695496,13.382750134211044,음봉,26.01751289367676,24.912396240234376,22.17730967203776,True,True,0,0.8585707800728929,0.1672271481340743,False,65.03857652024594,1.1831701086692021,-0.047827693640740465,-60.25480489018934
2020-12-15,29.1299991607666,29.770000457763672,28.89999961853028,29.729999542236328,26.63569641113281,38866200.0,0.0380585191926459,0.0373521600261086,0.8700008392333949,58.53654974650815,WFC,,,,38866200.0,1035228303.85437,0.9464459611365745,36.95891183311015,3.805851919264591,3.2662965736077423,13.526762455025121,음봉,26.159067916870118,25.128760814666748,22.26391337712606,True,True,1,0.8214280264718182,0.16721327271946507,False,58.53654974650814,1.180176086239502,-0.0406573728563524,-23.951844031272188
2020-12-16,29.63999938964844,29.90999984741211,29.479999542236328,29.64999961853028,26.564022064208984,35204800.0,-0.0026909131947406,-0.0026945402097677,0.4300003051757812,58.00602917984119,WFC,,,,35204800.0,935181083.9660645,0.8627302006861769,-9.420524774740002,-0.2690913194740685,1.618731922961101,11.279235699878063,음봉,26.266577911376952,25.33527021408081,22.355119355519612,True,True,1,0.802856581551687,0.16514301049271832,False,58.00602917984117,1.158663430322143,-0.04973602301896918,-26.616319254871577
2020-12-17,29.799999237060547,29.89999961853028,29.440000534057617,29.46999931335449,26.40275382995605,42870500.0,-0.0060709268296467,-0.0060894298308523,0.4599990844726598,57.57121941737529,WFC,,,,42870500.0,1131899258.0671308,1.0809799127656852,21.77458755624233,-0.6070926829646717,1.7422390385307358,12.181804265294426,음봉,26.262993240356444,25.532820224761963,22.455825805664062,True,True,1,0.8035708836146759,0.14912795407256205,False,57.57121941737527,1.1157399412690268,-0.0741276096576684,-32.611423960565546
2020-12-18,29.46999931335449,29.6200008392334,28.799999237060547,29.01000022888184,25.99063873291016,53716400.0,-0.0156087921623657,-0.0157318919987892,0.8200016021728516,63.78741101456658,WFC,,,,53716400.0,1396123546.4324954,1.3558007599396835,25.299215077967375,-1.560879216236577,3.154988265580945,11.617142299446053,음봉,26.25045166015625,25.660488986968993,22.542380364735923,True,True,0,0.7707139423915313,0.148385996999313,False,63.78741101456656,1.0365201635711117,-0.12267790988446681,-87.70578232822605
2020-12-21,29.56999969482422,29.88999938964844,28.84000015258789,29.549999237060547,26.47443389892578,52731600.0,0.0186142084073919,0.0184430843278769,1.0499992370605504,62.735083108370205,WFC,,,,52731600.0,1396039258.5845947,1.3241053973437227,-1.8333320922474305,1.861420840739192,3.966087588762965,13.771731424906308,음봉,26.41350898742676,25.842808723449707,22.632241821289064,True,True,1,0.7999996457781108,0.11891144299191787,False,62.73508310837019,1.0012345371529534,-0.12637082904210017,-64.88524413175118
2020-12-22,29.64999961853028,29.71999931335449,28.950000762939453,28.959999084472656,25.945838928222656,25655900.0,-0.0199662426294437,-0.0201682616142935,0.7699985504150355,50.79927548288536,WFC,,,,25655900.0,665663848.9585876,0.6494145483700469,-51.346251583490734,-1.9966242629443798,2.9677149871514366,11.994838989676564,음봉,26.275537490844727,25.961966133117677,22.710617860158283,True,True,0,0.7735710144042963,0.08213114757350166,False,50.79927548288537,0.9200119029840259,-0.16607477056882214,-156.3159979201407
2020-12-23,29.280000686645508,30.489999771118164,29.270000457763672,30.350000381469727,27.191171646118164,38383700.0,0.0479973964742721,0.0468811016154899,1.2199993133544922,58.84103385598064,WFC,,,,38383700.0,1043697775.1131058,0.9735211539095611,49.6096414469966,4.799739647427215,4.4867478651978585,12.850468114161103,음봉,26.400967407226563,26.03991117477417,22.818073145548503,True,True,1,0.8107139042445587,0.10321699212885295,False,58.84103385598063,0.9452342508264309,-0.1126819381811337,-57.83865474437021
2020-12-24,30.290000915527344,30.3799991607666,29.65999984741211,29.84000015258789,26.734249114990234,14443700.0,-0.0168040765978968,-0.0169468669938882,0.7199993133544922,52.11677588947227,WFC,,,,14443700.0,386141473.94218445,0.36867687084490386,-62.370224861073844,-1.6804076597896844,2.69317200665561,11.396453634801615,음봉,26.467266464233397,26.09590616226196,22.914197063446046,True,True,1,0.8171424865722654,0.10299551546707905,False,52.11677588947227,0.9177737886662385,-0.11211392027306077,-79.70097521177105
2020-12-28,30.07999992370605,30.479999542236328,29.90999984741211,29.93000030517578,26.814882278442383,21658500.0,0.0030160998016186,0.0030115604976507,0.5699996948242188,54.383344890067626,WFC,,,,21658500.0,580770127.8276443,0.5572253663443492,49.95118979208928,0.30160998016186547,2.125684121621021,12.5148486285325,음봉,26.632115173339844,26.16175651550293,23.010921796162922,True,True,1,0.8178567886352537,0.1027362709827982,False,54.38334489006761,0.8922324961532553,-0.11012417022883514,-75.84292939525248
2020-12-29,30.14999961853028,30.170000076293945,29.75,29.780000686645508,26.68049430847168,19584400.0,-0.0050116934534798,-0.0050242941071547,0.4200000762939453,56.48148604451366,WFC,,,,19584400.0,522521472.73483276,0.5077683607681361,-9.57637878892813,-0.5011693453479849,1.5741840141267005,12.43756099861434,음봉,26.673327255249024,26.27061071395874,23.099015267690024,True,True,1,0.783571107046945,0.07809717711014555,False,56.481486044513645,0.8513332124357014,-0.12081876315711126,-92.39931027174943
2020-12-30,29.799999237060547,30.040000915527344,29.64999961853028,29.75,26.65361213684082,18519300.0,-0.0010075589799819,-0.0010080669087384,0.3900012969970667,55.46871309722208,WFC,,,,18519300.0,493606239.2457962,0.4850544403515892,-5.438512285288288,-0.10075589799819484,1.4632211761572103,11.692080710807339,음봉,26.814881896972658,26.346315765380858,23.1798233350118,True,True,0,0.7664284024919777,0.05814947323898738,False,55.46871309722208,0.8074433643509806,-0.13176688899346567,-93.7569960215399
2020-12-31,29.75,30.239999771118164,29.670000076293945,30.18000030517578,27.038864135742188,21081200.0,0.0144540258529863,0.0143505622070922,0.5699996948242188,55.39907166911652,WFC,,,,21081200.0,570011702.6184082,0.5562715159491948,13.833676218863555,1.4454025852986385,2.108075590611613,11.617141598902947,음봉,26.78442039489746,26.404998588562012,23.271065521240235,True,True,1,0.7342856270926335,0.05802024106937693,False,55.39907166911648,0.7945874506431103,-0.11569824216106883,-74.29981986147668
2021-01-04,30.31999969482422,30.440000534057617,29.39999961853028,29.700000762939453,26.60881996154785,31421600.0,-0.0159046686293995,-0.0160325051484031,1.0400009155273402,54.79878038331188,WFC,,,,31421600.0,836091697.303772,0.8273285626841684,49.05033869039712,-1.5904668629399543,3.9084819132536954,12.13488681554769,음봉,26.759334564208984,26.429188346862794,23.345776081085205,True,True,0,0.7571428843906934,0.05796713706975342,False,54.79878038331188,0.7411545077665309,-0.13530494803011872,-96.01922761995623
2021-01-05,30.09000015258789,30.950000762939453,29.81999969482422,30.530000686645508,27.35243034362793,37360000.0,0.0279460112532108,0.0275626474176662,1.1300010681152344,63.79555120170767,WFC,,,,37360000.0,1021886797.6379395,0.977658382564544,18.899101255187524,2.7946011253210834,4.131263854506009,13.082805611337363,음봉,26.866844177246094,26.4730881690979,23.425597031911213,True,True,1,0.7471429279872339,0.06396243121462741,False,63.79555120170767,0.7501642324848135,-0.10103617864946912,-67.328737957098
2021-01-06,31.89999961853028,33.0,31.790000915527344,32.689998626708984,29.28761863708496,73507500.0,0.0707501406326716,0.068359468853677,1.2099990844726562,68.68682280022725,WFC,,,,73507500.0,2152859626.965523,1.8902060500095734,96.75455032119915,7.07501406326716,4.131435537543209,16.625832577841702,음봉,27.38826904296875,26.62315454483032,23.53767112096151,True,True,1,0.7714285169328957,0.13629006166049162,False,68.68682280022725,0.9030482483947431,0.04147826980836844,11.609983605887349
2021-01-07,33.58000183105469,34.20000076293945,33.31999969482422,33.43000030517578,29.950607299804688,50634100.0,0.0226371652449826,0.022384746876782,0.8800010681152344,72.02795884085447,WFC,,,,50634100.0,1516522045.0790405,1.2935877922587613,-31.117096894874674,2.2637165244982604,2.938174372580996,14.655965195253422,음봉,28.047668075561525,26.824288845062256,23.65514669418335,True,True,1,0.803571428571428,0.15998411223570647,False,72.02795884085447,1.0654260089013121,0.1630848242519498,21.307550696605908
2021-01-08,33.61000061035156,33.650001525878906,32.66999816894531,33.189998626708984,29.735578536987305,32324700.0,-0.007179445834435,-0.0072053420772361,0.9800033569335938,71.52771686153845,WFC,,,,32324700.0,961193655.5345535,0.8238720921623862,-36.16021613892614,-0.7179445834435083,3.29572655098872,12.218093856717017,음봉,28.58701095581055,27.00974416732788,23.7830104192098,True,True,1,0.840714590890066,0.15888562330118547,False,71.52771686153845,1.1633501534734272,0.20880717505925195,17.32553769555616
2021-01-11,32.63999938964844,33.560001373291016,32.31999969482422,33.2400016784668,29.780378341674805,33739300.0,0.0015066061227553,0.0015054723303935,1.2400016784667969,75.69851340609242,WFC,,,,33739300.0,1004769118.9832687,0.8580076848586327,4.376220042258705,0.15066061227553273,4.163821104755853,9.767494010746756,음봉,29.22132263183594,27.177729225158693,23.933767795562744,True,True,1,0.8707145963396334,0.15790355410778034,False,75.69851340609242,1.230387571350029,0.22067567434868285,17.54436720157826
2021-01-12,34.0,34.52000045776367,33.65999984741211,33.939998626708984,30.407514572143555,59146400.0,0.0210587059463625,0.0208400360078721,0.8600006103515625,76.16192870332145,WFC,,,,59146400.0,1798495019.8898315,1.484178671025095,75.3041705073905,2.10587059463625,2.8282502613331393,14.169133816611849,음봉,29.832339477539062,27.39543762207031,24.099436537424722,True,True,1,0.85714326586042,0.1733269376848697,False,76.16192870332145,1.3189162154633962,0.24736345476963995,26.167215243448926
2021-01-13,33.81999969482422,34.2599983215332,33.630001068115234,33.79999923706055,30.282094955444336,35734800.0,-0.0041246257204499,-0.0041331554518293,0.6299972534179688,80.47851921485183,WFC,,,,35734800.0,1082124606.8138123,0.894639180583566,-39.58245979467897,-0.4124625720449915,2.0804282343903795,11.222505919003506,음봉,30.031234741210938,27.626585006713867,24.26435270309448,True,True,1,0.8471431732177724,0.16149935443836483,False,80.47851921485183,1.3632408963800486,0.23335050854903394,19.277990432012647
2021-01-14,34.06999969482422,35.099998474121094,34.0099983215332,34.75,31.133214950561523,55856900.0,0.0281063775927485,0.0277186418278602,1.0900001525878906,79.33323833605647,WFC,,,,55856900.0,1739004874.17202,1.4093449629295407,56.309535802634954,2.810637759274859,3.5010844666019025,12.5087275003702,음봉,30.267756271362305,27.851460933685303,24.44821065266927,True,True,1,0.8378575188773009,0.18625148729864038,False,79.33323833605647,1.4503283138439826,0.2563503408103742,30.40729263184374
2021-01-15,33.08000183105469,33.5,31.81999969482422,32.040000915527344,28.705272674560547,91993100.0,-0.0779855944802508,-0.081194431339629,1.6800003051757812,61.340191252093256,WFC,,,,91993100.0,2640687019.678116,2.292043375072665,64.69424547370156,-7.798559448025088,5.852584381351815,6.253086562324498,음봉,30.061695098876953,27.95852346420288,24.5875896135966,True,True,0,0.9064290182931073,0.18553826810563165,True,61.340191252093256,1.30834923355674,0.09149700841850517,-12.188194446535976
2021-01-19,32.40999984741211,33.040000915527344,32.279998779296875,32.630001068115234,29.23386573791504,43806800.0,0.0184144937185337,0.0182470000122365,0.7600021362304688,63.235277542969854,WFC,,,,43806800.0,1280642109.6076965,1.0911759927620484,-52.38034156909595,1.8414493718533764,2.5997319103945236,12.906085982366577,음봉,29.952392578125,28.10007905960083,24.737413501739503,True,True,0,0.9200006212506965,0.18460360952495325,False,63.235277542969854,1.2243690676328285,0.006013473995674978,-2.914630069658522
2021-01-20,32.779998779296875,32.83000183105469,32.29999923706055,32.459999084472656,29.0815544128418,29949800.0,-0.0052100986725028,-0.0052237185645092,0.5300025939941406,63.11149541916788,WFC,,,,29949800.0,870986738.3537294,0.7482253693575743,-31.63207538555658,-0.5210098672502883,1.8224699631602317,12.13022278057006,음봉,29.68720054626465,28.254624843597412,24.876523812611897,True,True,0,0.9278579439435676,0.18359387360665463,False,63.11149541916788,1.1324695263175606,-0.06870885385567438,-5.586759116208152
2021-01-21,32.31999969482422,32.43000030517578,31.920000076293945,32.0,28.669437408447266,28240600.0,-0.0141710789782458,-0.0142724475252991,0.5100002288818359,60.56340393173762,WFC,,,,28240600.0,809642114.0769958,0.7073512482608515,-5.706882850636729,-1.4171078978245877,1.7788986285847648,11.135736542859584,음봉,29.364669036865234,28.364375019073485,25.008319600423178,True,True,0,0.9364292962210514,0.18288349448386018,False,60.56340393173762,1.0146873950069732,-0.1491927881330095,-12.816883451940466
2021-01-22,31.34000015258789,32.060001373291016,31.14999961853028,31.89999961853028,28.57984161376953,24476100.0,-0.003125132642168,-0.0031300260669107,0.9100017547607386,58.33330582781435,WFC,,,,24476100.0,699523061.3227844,0.6142945189787232,-13.330099218855118,-0.31251326421680714,3.1840685720326167,9.315016217771197,음봉,28.853994369506836,28.49607515335083,25.14724308649699,True,True,0,0.9607151576450883,0.15877256656103575,False,58.33330582781435,0.9036973154018035,-0.20814629419054342,-14.38873981450543
2021-01-25,31.8799991607666,32.349998474121094,31.6200008392334,32.2400016784668,28.884456634521484,28515500.0,0.0106583872950922,0.0106019870881169,0.7299976348876953,62.47544048194898,WFC,,,,28515500.0,823654723.1616974,0.7167372607910466,16.503446218964623,1.0658387295092275,2.527302639355289,11.547151280947203,음봉,28.889831161499025,28.580739402770995,25.304323641459145,True,True,0,0.9385720661708282,0.15830223722536083,False,62.47544048194898,0.8307405046554379,-0.22488248394952715,-17.718622662774905
2021-01-26,32.4900016784668,32.529998779296875,31.36000061035156,31.3799991607666,28.113964080810547,28026500.0,-0.0266749886785157,-0.0270372224366445,1.169998168945316,54.162592827749855,WFC,,,,28026500.0,787936014.3108368,0.7034728461045987,-1.714856832249123,-2.66749886785157,4.161626462857685,12.482647984577689,음봉,28.665850830078124,28.64972515106201,25.45807539621989,True,True,0,0.9414290019444055,0.15792106085338686,False,54.162592827749855,0.7026496884794327,-0.2823786401004259,-76.86168145143994
2021-01-27,30.920000076293945,31.030000686645508,29.920000076293945,30.170000076293945,27.02989959716797,45074900.0,-0.0385596453252394,-0.039322749497061,1.1100006103515625,36.393093543307664,WFC,,,,45074900.0,1218370021.3523865,1.1264373465250626,60.82957201220274,-3.8559645325239478,4.106565791564619,9.980933273649178,음봉,28.25551986694336,28.66047601699829,25.594353993733723,False,True,0,0.9342862537928988,0.15786182289262365,False,36.393093543307664,0.5078081535953523,-0.38177613998760507,-55.79346279987819
2021-01-28,30.530000686645508,31.049999237060547,30.309999465942383,30.809999465942383,27.603290557861328,28770200.0,0.0212132108975142,0.0209913429422448,0.7399997711181641,35.69865078059125,WFC,,,,28770200.0,794152190.007782,0.7249779529453777,-36.172459617214905,2.1213210897514267,2.680838973045605,12.948997745608565,음봉,28.042290496826173,28.706615829467772,25.735581334431966,False,True,0,0.9242861611502509,0.1576080934057477,False,35.69865078059125,0.3951081313500815,-0.39558092978630066,-44.724135810628944
2021-01-29,30.770000457763672,31.190000534057617,29.81999969482422,29.8799991607666,26.77008438110352,39500800.0,-0.0301850308393943,-0.030649979123135,1.3700008392333984,33.19796080997871,WFC,,,,39500800.0,1057439749.1210939,1.0015205821089186,37.297620454498045,-3.018503083939439,5.1176560362299615,11.47221884022981,음봉,27.680339050292968,28.712439441680907,25.856233183542887,False,True,0,0.9521431241716655,0.15757612648007038,True,33.19796080997871,0.2358411467572985,-0.44387833150326694,-57.76356096292222
2021-02-01,30.13999938964844,30.21999931335449,29.68000030517578,29.989999771118164,26.868637084960938,23713400.0,0.0036814491300962,0.003674689182104,0.5399990081787074,33.60239625978613,WFC,,,,23713400.0,637146738.6505127,0.6067267554359205,-39.967291801685036,0.36814491300962704,2.009774468541832,12.588361547801766,음봉,27.27717514038086,28.703928089141847,25.975703461964926,False,True,0,0.902142933436802,0.15762285130323905,False,33.60239625978613,0.11623342697941297,-0.450788841024922,-51.87018763812446
2021-02-02,30.459999084472656,31.190000534057617,30.3799991607666,30.75,27.549537658691406,25302900.0,0.025341835225114,0.0250260547729465,0.8100013732910156,34.0020486390558,WFC,,,,25302900.0,697083196.4241028,0.6498470859498445,6.702961194936186,2.5341835225114018,2.940163219165582,13.366372057337795,음봉,27.16428985595703,28.750963973999024,26.109643491109214,False,True,0,0.8985715593610486,0.15175597497891924,False,34.0020486390558,0.07551593244270904,-0.39320506844930075,-39.307442181275604
2021-02-03,30.71999931335449,31.770000457763672,30.61000061035156,31.700000762939453,28.40066146850586,28507800.0,0.0308943046652523,0.0304266824810711,1.159999847412113,40.2597407726973,WFC,,,,28507800.0,809640377.0118713,0.73512247829475,12.666137083101138,3.0894304665252337,4.0844113743564145,11.508220914418345,음봉,27.43844223022461,28.80337553024292,26.24955628712972,False,True,0,0.9364288875034875,0.15147983488521377,False,40.2597407726973,0.11065009753513522,-0.28645672268549965,-23.604045551160596
2021-02-04,31.8700008392334,32.849998474121094,31.799999237060547,32.65999984741211,29.35334205627441,30825400.0,0.033544309833241,0.0329939727893306,1.0499992370605469,40.88141221700759,WFC,,,,30825400.0,904828510.2214812,0.7973667192633022,8.129704852706986,3.354430983324108,3.5771028561161904,12.21569918212915,음봉,27.788452529907225,28.806661701202394,26.41161855061849,False,True,0,0.9335716792515344,0.15146255455472948,False,40.88141221700759,0.2129132071299935,-0.14735489047251316,-8.55126374339677
2021-02-05,33.0,33.189998626708984,32.5099983215332,32.560001373291016,29.263465881347656,24908100.0,-0.0030618719583769,-0.0030665690787595,0.6800003051757812,53.7606392575303,WFC,,,,24908100.0,728897334.5191956,0.6502552873401323,-19.196182369085236,-0.3061871958376927,2.323717593578719,12.423314308586882,음봉,28.287128829956053,28.772304630279542,26.53769000371297,False,True,0,0.8621431078229629,0.15164341631731199,False,53.7606392575303,0.283437906309814,-0.061464153034154145,-11.867083276728705
2021-02-08,32.779998779296875,33.56999969482422,30.770000457763672,33.400001525878906,30.01842498779297,29223800.0,0.025798690746557,0.0254715196479399,2.799999237060547,55.12925546706172,WFC,,,,29223800.0,877252448.1582642,0.7658081980728132,17.326492185273068,2.579869074655705,9.327602091712574,12.016802494302748,음봉,28.91708641052246,28.786446952819823,26.676792081197103,True,True,1,1.0078571864536827,0.1515689163240275,True,55.12925546706172,0.3956868967077618,0.040627869891034896,8.699864671386823
2021-02-09,33.209999084472656,33.40999984741211,32.90999984741211,33.2599983215332,29.892593383789062,23539800.0,-0.0041918123304295,-0.0042006226050345,0.5,55.32079587327931,WFC,,,,23539800.0,703665669.7357178,0.6183931041548513,-19.44990042362732,-0.4191812330429534,1.6726551409592756,10.632050475591392,음봉,29.38569755554199,28.792057704925536,26.813796965281167,True,True,1,1.00571414402553,0.15153937985861954,False,55.32079587327931,0.46908416126757757,0.0912201075606805,5.465118559632848
2021-02-10,33.47999954223633,33.689998626708984,33.09000015258789,33.20000076293945,29.83866500854492,22687000.0,-0.0018040714819139,-0.0018057007787434,0.5999984741210938,58.04896405426654,WFC,,,,22687000.0,676949793.0488585,0.6164065603125157,-3.6228005335644298,-0.18040714819139714,2.0108087072570835,12.000986707271569,음봉,29.673298263549803,28.763615226745607,26.95557715098063,True,True,1,1.0121425901140484,0.15168922734722803,False,58.04896405426654,0.5169414735241062,0.11126193585376731,3.9567274259723977
2021-02-11,33.20000076293945,33.34000015258789,32.369998931884766,32.720001220703125,29.407272338867188,22393200.0,-0.0144575057079193,-0.0145630337937861,0.970001220703125,55.44003362745655,WFC,,,,22393200.0,658522930.9387207,0.6154943571058635,-1.2950147661656475,-1.4457505707919371,3.2985079660757513,11.26503398671471,음봉,29.684084320068358,28.719874095916747,27.08628511428833,True,True,0,1.0164282662527904,0.15192025406818663,False,55.44003362745655,0.5141323573573651,0.08676225574962082,-6.801199014076334
2021-02-12,32.650001525878906,33.619998931884766,32.650001525878906,33.529998779296875,30.135257720947266,34473100.0,0.0247552841246656,0.0244538368902746,0.9699974060058594,57.78986720947947,WFC,,,,34473100.0,1038855752.9399872,0.9491081647663137,53.94450100923493,2.4755284124665655,3.2188123791342464,11.026963499521335,음봉,29.85844268798828,28.669976234436035,27.216732660929363,True,True,1,1.033571107046945,0.11737621658024867,False,57.78986720947947,0.5641453326364463,0.10942018482296162,11.353057514433546
2021-02-16,34.06999969482422,34.93000030517578,34.0,34.790000915527344,31.267690658569336,36468200.0,0.0375783392366644,0.0368894779701433,0.9300003051757812,68.79382725002145,WFC,,,,36468200.0,1140276396.4748383,1.0031766799129849,5.787411053836178,3.7578339236664426,2.9743172123934967,13.056938189521047,음봉,30.108295822143553,28.798097133636475,27.36396360397339,True,True,1,1.0164284024919783,0.15617720353517964,False,68.79382725002145,0.6872368116239684,0.18600933104838702,30.24172101702009
2021-02-17,34.34000015258789,37.45000076293945,34.029998779296875,36.59000015258789,32.88544845581055,80157700.0,0.0517389600308664,0.0504449466716869,3.420001983642578,82.80780190289903,WFC,,,,80157700.0,2636021911.686325,2.157794165924711,119.80163539741473,5.173896003086642,10.399742573795724,9.825827969090984,음봉,30.706866836547853,28.98067626953125,27.537858517964683,True,True,1,1.1814285005841936,0.21101523021173932,True,82.80780190289903,0.9048961500793133,0.3229349356029855,41.25415652237096
2021-02-18,36.43999862670898,37.36000061035156,36.18000030517578,36.959999084472656,33.217994689941406,43334700.0,0.0101122608857748,0.0100614740683884,1.1800003051757812,82.33094284351142,WFC,,,,43334700.0,1439491834.4902039,1.16337104979804,-45.938194334418284,1.0112260885774882,3.5522924131633147,10.80888459123438,음봉,31.382732772827147,29.18749828338623,27.700870704650878,True,True,1,1.2128571101597376,0.22091342828474245,False,82.33094284351142,1.0916426686849157,0.40774516336687017,45.534030583363894
2021-02-19,37.130001068115234,37.84999847412109,37.02999877929688,37.83000183105469,33.99989700317383,39023000.0,0.0235385164134904,0.0232657574712175,0.8199996948242045,91.87859870522848,WFC,,,,39023000.0,1326777980.7548523,1.043380045983521,-9.949763122855359,2.3538516413490473,2.411771114329138,11.776768630041373,음봉,32.30125770568848,29.45402126312256,27.88706833521525,True,True,1,1.1735713141305095,0.24546096974277265,False,91.87859870522848,1.2878876450732655,0.483192111804176,52.8751244329314
2021-02-22,37.66999816894531,37.91999816894531,37.09999847412109,37.2599983215332,33.48761367797852,34690000.0,-0.0150672022667446,-0.0151818657890411,0.8199996948242259,86.58671586715877,WFC,,,,34690000.0,1161685318.489075,0.9313318791202839,-11.103708069599982,-1.5067202266744628,2.448665655037278,10.794447893265344,음봉,32.97172889709473,29.699409866333006,28.052483717600506,True,True,1,1.193571363176618,0.24343287138058464,False,86.58671586715877,1.3860981431388915,0.4651220878958414,41.21505206885387
2021-02-23,37.59000015258789,37.77000045776367,36.59999847412109,37.13999938964844,33.379764556884766,36792500.0,-0.0032205675247823,-0.0032257647139722,1.1700019836425852,84.40656758942258,WFC,,,,36792500.0,1228124987.4591827,0.9910587711957672,6.060824445085045,-0.32205675247823917,3.50512353569392,12.250459271474156,음봉,33.394143676757814,29.924175262451172,28.181608613332113,True,True,0,1.2192856924874445,0.24160440709429581,False,84.40656758942258,1.4386443511299625,0.41413463670952977,37.89008032262646
2021-02-24,37.2400016784668,38.34000015258789,37.13999938964844,38.290000915527344,34.413330078125,42764300.0,0.030963834974895,0.0304941268006703,1.2000007629394531,84.7352672318272,WFC,,,,42764300.0,1471661971.459961,1.149806191261382,16.23102534483931,3.0963834974895077,3.487023081507126,11.564602605280616,음봉,33.699720001220705,30.239143562316894,28.32825829188029,True,True,1,1.2221429007393974,0.2527599924009178,False,84.7352672318272,1.5458678963942099,0.4170865455790216,48.12853061080512
2021-02-25,38.68000030517578,38.68000030517578,37.29999923706055,37.560001373291016,33.75724029541016,37233100.0,-0.0190649896777028,-0.0192490700085465,1.3800010681152344,76.34414515601617,WFC,,,,37233100.0,1256886703.6430361,1.0025682182985554,-12.934153020159334,-1.906498967770287,4.08801506295782,12.398306753123293,음봉,33.807569122314455,30.575510597229005,28.46591437657674,True,True,0,1.2457144601004464,0.24997933142330492,False,76.34414515601617,1.559920572878756,0.3449113776508541,37.76535897941664
2021-02-26,37.09999847412109,37.40999984741211,35.93000030517578,36.16999816894531,32.50796890258789,39468000.0,-0.0370075095561686,-0.0377096652997423,1.479999542236328,67.04440382151259,WFC,,,,39468000.0,1283024516.6473389,1.0817285197634354,6.002454804998769,-3.7007509556168605,4.552728429977391,9.902344354746987,음봉,33.50918350219727,30.820744514465332,28.59932368596395,True,True,0,1.3028572627476283,0.24799030060530233,False,67.04440382151259,1.4534966547668198,0.1907899676311342,21.971788601144215
2021-03-01,37.11000061035156,37.41999816894531,36.7400016784668,37.09000015258789,33.3348274230957,28066100.0,0.0254355639069774,0.0251174627258217,0.6799964904785156,67.29149072688803,WFC,,,,28066100.0,935578599.9393463,0.7728626879563559,-28.888973345495085,2.543556390697743,2.039898037712314,14.15662639998808,음봉,33.4786262512207,31.148981666564943,28.7359122912089,True,True,0,1.151428495134626,0.24221315078375333,False,67.29149072688803,1.419512251559894,0.12544445153936667,15.29046404482359
2021-03-02,37.150001525878906,37.45000076293945,36.9900016784668,37.13999938964844,33.379764556884766,19701200.0,0.0013480535902798,0.0013471457817968,0.4599990844726562,68.33654608001444,WFC,,,,19701200.0,657621417.4880981,0.542654121369,-29.80428345940477,0.13480535902798962,1.378077678435209,11.445009312212301,음봉,33.4786262512207,31.474538040161132,28.861154905954997,True,True,0,1.148571286882673,0.21807444514913857,False,68.33654608001444,1.3802942454571898,0.06898115634932989,16.002621319135326
2021-03-03,37.34999847412109,38.65999984741211,37.34999847412109,37.68999862670898,33.87407302856445,35365100.0,0.0148086266707274,0.0147000495648863,1.3100013732910227,70.28010235733203,WFC,,,,35365100.0,1197959980.0624847,0.9796057889216323,79.5073396544373,1.4808626670727465,3.867268551338242,11.89413397590139,음봉,33.370774841308595,31.790764808654785,28.990305709838868,True,True,1,1.199285779680525,0.1891325561309629,False,70.28010235733203,1.373270053283285,0.04956557134034001,23.83635133656444
2021-03-04,37.619998931884766,38.0,36.36000061035156,37.15999984741211,33.397727966308594,42932500.0,-0.0140622316617838,-0.0141620416469973,1.6399993896484375,69.96399101951141,WFC,,,,42932500.0,1433847955.9135437,1.1886941860923508,21.397931859375486,-1.4062231661783886,4.9105118506949275,11.058386454329082,음봉,33.29887237548828,32.040618133544925,29.105693944295247,True,True,1,1.2471427917480473,0.16072923984527293,False,69.96399101951141,1.31411793133422,-0.0076692404869802555,12.400109316719892
2021-03-05,37.869998931884766,38.119998931884766,36.34000015258789,37.43000030517578,33.64040756225586,34558300.0,0.0072663504592911,0.0072400777292659,1.779998779296875,68.43103131486487,WFC,,,,34558300.0,1162555296.6587067,0.9572329362927435,-19.505502824200782,0.7266350459291138,5.291252122920213,13.390943749490292,음봉,33.525360107421875,32.25497140884399,29.22826255162557,True,True,1,1.3050000326974056,0.15966109941629966,False,68.43103131486487,1.272157029411698,-0.03970411392760198,-7.683598596061081
2021-03-08,38.130001068115234,38.880001068115234,37.77000045776367,38.66999816894531,34.754859924316406,38255200.0,0.0331283846665089,0.0325914657320162,1.1100006103515625,68.37122334949177,WFC,,,,38255200.0,1329554117.376709,1.0610375433184347,10.69757482283562,3.3128384666508914,3.193799695262029,13.345835651814891,음봉,33.809366607666014,32.52954111099243,29.375378195444743,True,True,1,1.3178571973528186,0.16439173141739014,False,68.37122334949177,1.3136863456263796,0.0014601618296636865,14.945583565820014
2021-03-09,38.16999816894531,38.79999923706055,37.47999954223633,38.130001068115234,34.269527435302734,35854100.0,-0.0139644495782906,-0.0140628698350431,1.3199996948242188,58.27954780910133,WFC,,,,35854100.0,1228703063.6180878,0.9994195883661227,-6.27653234070139,-1.3964449578290683,3.8518176164414273,9.82636170039485,음봉,33.98731918334961,32.74209623336792,29.512762451171874,True,True,1,1.167857033865793,0.16332453326550972,False,58.279547809101324,1.2925367925897717,-0.015751512965555436,-56.28720137070442
2021-03-10,38.68000030517578,39.70000076293945,38.27999877929688,39.58000183105469,35.572723388671875,38437200.0,0.0380278355407566,0.0373226008973936,1.420001983642571,62.62038142593108,WFC,,,,38437200.0,1367315883.4350586,1.0682443430278825,7.2044759176774775,3.8027835540756616,3.991828143511695,12.86995532167625,음봉,34.327049255371094,33.02610273361206,29.66529655456543,True,True,1,1.185000010899135,0.18668418431127348,False,62.62038142593108,1.3651955174869457,0.045525769545294636,-9.476840135872013
2021-03-11,39.220001220703125,39.59000015258789,38.61000061035156,38.880001068115234,34.943599700927734,30598700.0,-0.0176855643260781,-0.017843822619901,0.979999542236328,55.14206966506063,WFC,,,,30598700.0,1069228724.1687775,0.8510019386522406,-20.393004693369964,-1.7685564326078151,2.8045179964968225,10.253018280834594,음봉,34.63622360229492,33.2813494682312,29.813467439015707,True,True,1,1.1964285714285725,0.1852524356228384,False,55.14206966506063,1.3563775802218174,0.02936626582413293,-26.16446908426028
2021-03-12,39.5,40.02000045776367,39.41999816894531,39.970001220703125,35.923240661621094,28754000.0,0.0280349182419048,0.0276491336174884,0.6000022888183594,62.62813856666761,WFC,,,,28754000.0,1032936861.9842529,0.8020068078636868,-6.028687493259522,2.803491824190485,1.670234304499641,13.039298578478437,음봉,35.09279022216797,33.6071478843689,29.98453566233317,True,True,1,1.180714470999582,0.1722247588694038,False,62.62813856666761,1.4121596424173077,0.06811866241569842,-0.1652724523839059
2021-03-15,40.06999969482422,40.22999954223633,39.16999816894531,39.70000076293945,35.68057632446289,25892200.0,-0.0067550792380893,-0.006777998056446,1.0600013732910156,61.76468752413818,WFC,,,,25892200.0,923848618.308258,0.7240568988893517,-9.952702232732836,-0.6755079238089379,2.970807880601049,11.5433879483856,음봉,35.277933502197264,33.88441381454468,30.13528366088867,True,True,1,1.1728572845458984,0.13739502853826532,False,61.76468752413818,1.4204127110602158,0.06109738484688498,-5.800558720177712
2021-03-16,39.369998931884766,39.4900016784668,38.720001220703125,39.34999847412109,35.36601257324219,24668300.0,-0.0088161062299051,-0.0088551980222925,0.7700004577636719,55.25794101943506,WFC,,,,24668300.0,872419407.9605103,0.6913998973290196,-4.726906172515277,-0.8816106229905141,2.177232890388813,10.340142978274645,음봉,35.497230529785156,34.08932991027832,30.28198350270589,True,True,0,1.1421429770333427,0.10018594580832343,False,55.25794101943506,1.385598346383233,0.02102641613592171,-13.115996093039595
2021-03-17,39.68000030517578,40.43999862670898,39.209999084472656,39.84000015258789,35.80640411376953,33537000.0,0.0124523945020746,0.0123755011174581,1.229999542236321,61.58535848926383,WFC,,,,33537000.0,1200839374.7634888,0.9378182117913819,35.95180859645781,1.2452394502074693,3.4351384135870786,12.198117395902141,음봉,35.543966674804686,34.23537769317627,30.438711007436115,True,True,1,1.131428582327706,0.09975855355362206,False,61.585358489263825,1.3776627892979363,0.010472687240499878,-2.7404930688362845
2021-03-18,40.150001525878906,41.540000915527344,40.150001525878906,40.810001373291016,36.678199768066406,57420600.0,0.0243474784992894,0.0240558035283576,1.3899993896484375,74.62844470117199,WFC,,,,57420600.0,2106084237.602234,1.592575770442841,71.21567224259773,2.434747849928942,3.7897154125285883,12.130783639452426,음봉,35.89088668823242,34.40838794708252,30.61683702468872,True,True,1,1.1249999999999996,0.12119808902096818,False,74.62844470117199,1.425290564126044,0.04648036965488589,6.503837804964828
2021-03-19,39.93999862670898,40.06999969482422,39.220001220703125,39.630001068115234,35.61766052246094,60291800.0,-0.0289147028019848,-0.0293409698547859,0.8499984741210938,63.119775326716784,WFC,,,,60291800.0,2147452864.6881104,1.6539425370023582,5.000296060995524,-2.8914702801984826,2.386452287019453,8.893017866930403,음봉,35.82977066040039,34.48927612304688,30.76922413508097,True,True,0,1.1371429988316122,0.12091384146772013,False,63.119775326716784,1.3617617235114352,-0.013638776767778582,-13.891144695114033
2021-03-22,39.27999877929688,39.310001373291016,38.619998931884766,38.970001220703125,35.02448654174805,32206000.0,-0.0166539287536537,-0.0167941645904375,0.69000244140625,58.89211264654371,WFC,,,,32206000.0,1127998613.5635376,0.8876063006469316,-46.5831174388557,-1.665392875365379,1.97005726431932,10.282366115894751,음봉,35.69855270385742,34.56611976623535,30.92053492863973,True,True,0,1.1535718100411547,0.12064503894799476,False,58.89211264654371,1.2491510411096556,-0.10099956733564674,-25.29833495824741
2021-03-23,38.5,39.04999923706055,38.04999923706055,38.2400016784668,34.36840057373047,32494400.0,-0.0187322080292468,-0.0189098781051839,1.0,52.62661187438964,WFC,,,,32494400.0,1116780555.6030273,0.903946815187652,0.895485313295663,-1.87322080292468,2.909649513234408,9.923096100521715,음봉,35.49903030395508,34.61555156707764,31.0401554107666,True,True,0,1.1314288548060816,0.12047275506783382,False,52.62661187438964,1.094350616809308,-0.20463999330879545,-37.91537095357881
2021-03-24,38.36000061035156,39.02000045776367,38.11000061035156,38.119998931884766,34.260536193847656,24201700.0,-0.0031384754042135,-0.0031434107471518,0.9099998474121094,54.77137562780148,WFC,,,,24201700.0,829163218.8026428,0.681845739369425,-25.520397360776016,-0.31384754042135254,2.656116770220084,11.614157103581011,음봉,35.189856719970706,34.60791187286377,31.165593528747557,True,True,0,1.0792860303606295,0.12049934942039696,False,54.77137562780148,0.9519924350812516,-0.2775985400294816,-39.98968564698357
2021-03-25,37.970001220703125,39.36000061035156,37.77999877929688,39.29999923706055,35.32107162475586,28773000.0,0.0309550155580649,0.0304855722284785,1.5800018310546804,58.5231906868913,WFC,,,,28773000.0,1016293193.8591003,0.8095066780430247,18.888342554448645,3.0955015558064902,4.4732556470548515,10.827224086240648,음봉,34.91843109130859,34.686103439331056,31.307363351186115,True,True,1,1.0650005340576156,0.12022771231056853,False,58.5231906868913,0.9142104474740975,-0.2523044221093087,-53.17554648338587
2021-03-26,39.900001525878906,40.22999954223633,39.16999816894531,39.7599983215332,35.73450469970703,29156100.0,0.011704998063009,0.0116370244794489,1.0600013732910156,55.34837496105472,WFC,,,,29156100.0,1041878792.4751282,0.8236791402758394,1.331456573871348,1.1704998063009064,2.96632451519527,12.963734367316771,음봉,34.94179992675781,34.84743022918701,31.458263524373372,True,True,1,1.0614291599818624,0.09594315342571255,False,55.348374961054716,0.907171238689962,-0.2074749047147555,-42.992469263979785
2021-03-29,38.58000183105469,39.34999847412109,37.900001525878906,38.43999862670898,34.54813766479492,38426900.0,-0.0331994817021161,-0.0337630940566724,1.4499969482421804,51.41292033973851,WFC,,,,38426900.0,1327577831.231308,1.0740345446893669,31.7971196422018,-3.3199481702116174,4.197033606589305,7.9628839276202,음봉,34.84653015136719,34.90809574127197,31.589838949839272,False,True,0,1.0707146780831454,0.09448911896050201,False,51.41292033973851,0.796679089550544,-0.25437364308333876,-85.95370421097735
2021-03-30,38.540000915527344,40.08000183105469,38.470001220703125,39.38999938964844,35.40196228027344,36134200.0,0.0247140561891583,0.0244136040995693,1.6100006103515625,49.09266183877255,WFC,,,,36134200.0,1279221585.4278564,1.0035087137724035,-5.96639333383645,2.471405618915834,4.547772232525884,11.554496191556488,음봉,35.05324249267578,35.0092056274414,31.729223918914794,True,True,1,1.084286008562359,0.09370312016409957,False,49.09266183877255,0.7691435677894489,-0.22552733187554708,-63.24561563700366
2021-03-31,39.27000045776367,39.630001068115234,38.91999816894531,39.06999969482422,35.11436080932617,25832800.0,-0.0081238850171737,-0.0081570635858244,0.7100028991699219,50.94150883710912,WFC,,,,25832800.0,907102259.9151611,0.7154505112334644,-28.508725805469616,-0.812388501717376,2.0219730127661877,10.92605586907133,음봉,35.22400741577148,35.071220016479494,31.870982933044434,True,True,0,1.0650005340576156,0.09353743041206901,False,50.94150883710912,0.7158624169575916,-0.22304678616592355,-70.89458658241904
2021-04-01,38.959999084472656,39.650001525878906,38.91999816894531,39.630001068115234,35.61766052246094,22706900.0,0.014333158899509,0.0142314102777733,0.7300033569335938,48.22174608347267,WFC,,,,22706900.0,808766655.7174683,0.6277217858846194,-12.100507881453037,1.4333158899509035,2.0495544800682364,10.951753603115865,음봉,35.2833251953125,35.18221664428711,32.008736769358315,True,True,1,1.0742863246372754,0.08634453697231223,False,48.22174608347267,0.7061092141689329,-0.18623999116366574,-57.50896351893478
2021-04-05,40.02999877929688,40.33000183105469,39.31999969482422,39.47999954223633,35.48284912109375,21293400.0,-0.003784959466447,-0.003792140551332,1.0100021362304688,48.834744762499966,WFC,,,,21293400.0,755550499.4750977,0.5885914238038478,-6.224980072136665,-0.378495946644708,2.846451627330133,12.388063090369087,음봉,35.232994079589844,35.274338722229004,32.11199061075846,False,True,0,1.0707149505615219,0.06853887731976671,False,48.834744762499966,0.6796668014571452,-0.1701459231003628,-61.094371092727826
2021-04-06,39.41999816894531,39.900001525878906,39.2599983215332,39.84999847412109,35.81539535522461,20969600.0,0.00937202739825,0.009328382432102,0.6400032043457031,52.642722446282086,WFC,,,,20969600.0,751034514.440918,0.5823113968833045,-1.520658983534806,0.9372027398250049,1.7869499917508014,11.095921396884155,음봉,35.486445617675784,35.327365493774415,32.209737078348795,True,True,1,1.0614294324602385,0.06843599969674512,False,52.642722446282086,0.6777322255428828,-0.13766439921170026,-52.25006138006769
2021-04-07,39.84000015258789,40.09000015258789,39.630001068115234,39.9900016784668,35.94121551513672,19393200.0,0.0035130188753802,0.0035068626383424,0.4599990844726562,50.82325578794944,WFC,,,,19393200.0,697015180.7281494,0.5428348071920841,-7.517549214100416,0.3513018875380247,1.279865129433162,11.237080471809415,음봉,35.594296264648435,35.410949897766116,32.31316436131795,True,True,1,1.0064293997628337,0.06827446259416123,False,50.82325578794944,0.6785300238304757,-0.10949328073928599,-48.903782432517716
2021-04-08,39.869998931884766,40.20000076293945,39.33000183105469,40.02999877929688,35.9771614074707,20845000.0,0.0010001301241147,0.0009996303271956,0.8699989318847656,45.23223070469059,WFC,,,,20845000.0,749943929.5387268,0.5974513002817937,7.486129158674171,0.10001301241147065,2.4181978173078136,10.931136747708022,음봉,35.76685638427735,35.43117179870605,32.41644407908122,True,True,1,0.9692865099225715,0.0682354957931999,False,45.23223070469059,0.6742900221755477,-0.09098662591537132,-70.69942016671003
2021-04-09,40.34000015258789,40.790000915527344,40.25,40.5,36.39958572387695,28363600.0,0.0117414576325782,0.0116730615779058,0.5400009155273438,55.82332603205177,WFC,,,,28363600.0,1032423289.6377563,0.8212674789840847,36.069081314463894,1.1741457632578278,1.483535883138144,12.126689751046447,음봉,35.923241424560544,35.503971099853516,32.516311931610105,True,True,1,0.9471438271658751,0.06809558196797667,False,55.82332603205177,0.6969815330460989,-0.054636092035856176,-45.86086630319379
2021-04-12,40.459999084472656,40.88999938964844,40.400001525878906,40.77000045776367,36.64225006103516,21093000.0,0.0066666785440645,0.0066445545174081,0.4899978637695312,62.71182274721676,WFC,,,,21093000.0,772894980.5374147,0.613916510876715,-25.63355850456218,0.6666678544064553,1.3372482938502401,11.155108718537427,음봉,36.155121612548825,35.539921569824216,32.62231451670329,True,True,1,0.9328577859061095,0.06802669976265532,False,62.71182274721676,0.7261748116718749,-0.020354250728064183,-36.58355289303648
2021-04-13,40.5,40.5099983215332,39.70000076293945,39.790000915527344,35.76145935058594,29333200.0,-0.0240375716278909,-0.0243311888303962,0.80999755859375,60.572812981691776,WFC,,,,29333200.0,1048998039.4226074,0.8554907921598356,39.06604086663823,-2.4037571627890997,2.2650014101856795,10.528146968428425,음봉,36.144334411621095,35.54396572113037,32.69945192337036,True,True,0,0.9192861829485202,0.0680189597634426,False,60.572812981691776,0.6705090352696601,-0.06081602170422329,-64.90479204384363
2021-04-14,39.70000076293945,42.18000030517578,39.060001373291016,41.9900016784668,37.73872375488281,64926900.0,0.0552903723786226,0.0538159635400751,3.1199989318847656,70.56315678847179,WFC,,,,64926900.0,2450258343.360901,1.8885129105030063,121.34271064868476,5.5290372378622665,8.267367365546075,11.013368816250459,음봉,36.50383605957031,35.6626012802124,32.85000944137573,True,True,1,1.0771432604108528,0.09753039419940039,True,70.56315678847179,0.7769856126731511,0.036528444559414064,-0.9380684113700376
2021-04-15,42.09999847412109,42.2599983215332,41.02999877929688,42.2400016784668,37.963409423828125,44146300.0,0.0059537166758651,0.0059360633387279,1.229999542236321,67.33480986523514,WFC,,,,44146300.0,1675944061.4471436,1.2791052039241047,-32.0061484531065,0.5953716675865195,3.2399606908443244,11.556497637718849,음봉,36.901085662841794,35.77045154571533,32.99550183614095,True,True,1,1.052143096923827,0.10351765409637406,False,67.33480986523514,0.8694765387863583,0.10321549653809692,1.4543106548247644
2021-04-16,42.66999816894531,44.130001068115234,42.58000183105469,43.84000015258789,39.40142822265625,57060200.0,0.0378790741045913,0.0371792790213222,1.5499992370605469,71.20573709229235,WFC,,,,57060200.0,2248253374.67041,1.6523611281566173,29.252508137714827,3.787907410459135,3.933865615991251,12.397697721435549,음봉,37.50145416259765,35.906612968444826,33.167499732971194,True,True,1,1.0871429443359364,0.14317396166902385,False,71.20573709229235,1.0467461253766004,0.22438806650267107,24.099948749569087
2021-04-19,43.61000061035156,44.400001525878906,43.380001068115234,43.880001068115234,39.4373779296875,39124200.0,0.0009123960387451,0.0009119800584859,1.020000457763672,82.61386231328295,WFC,,,,39124200.0,1542955861.5966797,1.161185145137979,-31.4334685122029,0.09123960387451557,2.5863800062524955,10.681268617758729,음봉,38.060479736328126,36.09759883880615,33.3469654083252,True,True,1,1.0564289093017574,0.14341235711984704,False,82.61386231328295,1.176571605740378,0.2833708374931586,16.31326575379829
2021-04-20,43.400001525878906,43.400001525878906,42.34999847412109,42.540000915527344,38.23303985595703,29734000.0,-0.0305379854583048,-0.0310139855294132,1.0500030517578196,68.0411644360431,WFC,,,,29734000.0,1136821207.0770264,0.8883787891657209,-24.001001937419808,-3.0537985458304884,2.7463237443679756,10.047888080329091,음봉,38.554795837402345,36.2580265045166,33.50785204569499,True,True,0,1.0164290836879186,0.14277781321592264,False,68.0411644360431,1.1688059493660816,0.22048414489508983,-12.535727959347046
2021-04-21,42.2400016784668,43.36000061035156,41.77000045776367,43.2400016784668,38.86216735839844,27258000.0,0.0164550740619016,0.0163211564168923,1.5900001525878906,72.88684573320414,WFC,,,,27258000.0,1059304957.8552246,0.8154429748012206,-8.327167552297032,1.645507406190161,4.091383112847097,10.4803642022868,음봉,38.779484558105466,36.48271484375,33.67414722442627,True,True,1,1.0792860303606306,0.14189847871825,False,72.88684573320414,1.1995888290468955,0.20101361966072273,-1.0553061153457939
2021-04-22,43.2599983215332,43.52000045776367,42.68000030517578,42.70000076293945,38.376834869384766,24638300.0,-0.0124885594912345,-0.0125671969486373,0.8400001525878906,66.88659127595025,WFC,,,,24638300.0,945539970.5623627,0.7383357056408151,-9.610756475163251,-1.2488559491234508,2.1888208223706416,11.316484030797005,음봉,38.862169647216795,36.68852977752685,33.845195070902506,True,True,0,1.0871429443359375,0.13326345575960985,False,66.88659127595025,1.1713199598265334,0.1381958003522885,-12.793379857398904
2021-04-23,42.709999084472656,44.18000030517578,42.630001068115234,43.86000061035156,39.419395446777344,28024200.0,0.0271664034030143,0.0268039464512046,1.5499992370605469,71.68306155141777,WFC,,,,28024200.0,1104697021.8795776,0.8383859848699438,13.742425410844096,2.716640340301435,3.9320725736479147,11.291093259347152,음봉,38.865763092041014,36.89344596862793,34.051686668395995,True,True,1,1.1257141658238001,0.1325232744333535,False,71.68306155141777,1.218990835302563,0.1486933406626545,6.730225902936674
2021-04-26,44.130001068115234,44.68000030517578,43.9900016784668,44.13999938964844,39.67105484008789,24606600.0,0.0063841515187701,0.0063638591440671,0.6899986267089844,71.42846845318857,WFC,,,,24606600.0,976169778.0281067,0.7375123242562486,-12.19517417089515,0.6384151518770143,1.7392999240638685,11.94996921679832,음봉,38.912498474121094,37.090273475646974,34.25281607309977,True,True,1,1.1292852674211775,0.13812023194319703,False,71.42846845318857,1.2625235715629373,0.15378086153842307,10.872839553938269
2021-04-27,44.38999938964844,45.220001220703125,44.20000076293945,45.09000015258789,40.52486038208008,29130200.0,0.0215221285502449,0.0212937978409486,1.020000457763672,73.56734583720538,WFC,,,,29130200.0,1180497287.902069,0.8726360652005432,18.383685677826268,2.1522128550244934,2.5169746376589903,11.895182945304542,음봉,39.370862579345705,37.38910961151123,34.482062339782715,True,True,1,1.1692853655133928,0.14470790101640024,False,73.56734583720538,1.3503525270077645,0.19328785358660028,23.780179303161304
2021-04-28,45.150001525878906,45.66999816894531,44.93000030517578,45.08000183105469,40.5158805847168,20795100.0,-0.0002215873732474,-0.0002216119273567,0.7399978637695312,73.40124649511752,WFC,,,,20795100.0,842531788.3472443,0.6302223572589316,-28.613260465084345,-0.022158737324740052,1.8264390483189192,11.41309581375892,음봉,39.701605224609374,37.6448055267334,34.70951639811198,True,True,1,1.1599995749337333,0.14372499730172994,False,73.40124649511752,1.403059416788743,0.19679579469406283,22.025414783603832
2021-04-29,45.619998931884766,46.38999938964844,45.52000045776367,46.2400016784668,41.558441162109375,26880700.0,0.0257321465644226,0.0254066469383052,0.8699989318847656,74.9999352986043,WFC,,,,26880700.0,1117119989.3463135,0.8153954755743067,29.26458636890421,2.5732146564422687,2.0934349498122686,12.597821578863375,음봉,40.3379264831543,37.96700954437256,34.94299812316895,True,True,1,1.1835708618164062,0.16002292816649144,False,74.9999352986043,1.5115319329984445,0.24421464872301146,34.08513594741649
2021-04-30,45.79999923706055,46.02000045776367,44.86000061035156,45.04999923706055,40.48890686035156,34176500.0,-0.0257356693814818,-0.0260726254863136,1.1599998474121094,67.2579284831175,WFC,,,,34176500.0,1383769125.3128052,1.0393697993664204,27.141406287782676,-2.5735669381481863,2.864981886058351,10.206249215185634,음봉,40.55182876586914,38.21057186126709,35.14446887969971,True,True,0,1.2314281463623047,0.15900290796679414,False,67.2579284831175,1.4939731118487458,0.18132466205865017,19.493940978863034
2021-05-03,45.45000076293945,45.650001525878906,45.06999969482422,45.47999954223633,40.87538528442383,16522700.0,0.0095452916376639,0.0095000231805423,0.5800018310546875,74.00837634150946,WFC,,,,16522700.0,675371728.4389496,0.5042357679948931,-51.65479203546297,0.9545291637663933,1.4189513493728605,12.2529707203481,음봉,40.792694854736325,38.48019866943359,35.336502933502196,True,True,1,1.2149998801095145,0.15064843768928404,False,74.00837634150946,1.4940210537588854,0.1450980831750317,24.766499350772698
2021-05-04,45.2599983215332,45.84000015258789,44.66999816894531,45.7400016784668,41.10906600952149,26137600.0,0.0057169057483283,0.0057006262587299,1.170001983642578,68.92023910835901,WFC,,,,26137600.0,1074492323.730469,0.797338571227623,58.19206304054423,0.5716905748328394,2.846092351919617,10.726780938209766,음봉,40.90953598022462,38.74488220214844,35.53392960230509,True,True,1,1.075714383806501,0.14961929116929898,False,68.92023910835901,1.4956739315736698,0.1174007687918528,1.4751347242742843
2021-05-05,45.93000030517578,46.20000076293945,45.470001220703125,45.93999862670898,41.28881072998047,19620200.0,0.0043723863835132,0.0043628552745311,0.7299995422363281,68.76262343632968,WFC,,,,19620200.0,810094724.2843628,0.601109390182622,-24.934959598432904,0.4372386383513227,1.7680323780947842,11.727180312337156,음봉,41.06412200927734,39.012261962890626,35.721769364674884,True,True,1,1.040000098092216,0.14859383998389178,False,68.76262343632968,1.4942628143247347,0.0927917212343341,-10.415364481196923
2021-05-06,46.11000061035156,46.68999862670898,45.70000076293945,46.630001068115234,42.000370025634766,34271500.0,0.0172337077061321,0.0170868917538396,0.989997863769524,65.9732170196045,WFC,,,,34271500.0,1439415681.3335419,1.048228560054181,74.67457008593183,1.7233707706132195,2.357117004362778,11.676746787163696,음봉,41.15250778198242,39.31342239379883,35.92356564203898,True,True,1,1.0,0.15869670700643282,False,65.9732170196045,1.5328911669673744,0.10513605910157886,4.682310032657549
2021-05-07,45.93000030517578,46.619998931884766,45.54999923706055,46.540000915527344,41.91930389404297,25140400.0,-0.0019301289855855,-0.0019319940848438,1.0699996948242188,65.16990370491268,WFC,,,,25140400.0,1053868067.6177979,0.7688579009302585,-26.64342091825569,-0.1930128985585533,2.5525225741553244,9.356180141133473,음봉,41.4385871887207,39.58940830230713,36.12490962346395,True,True,1,1.0035713740757533,0.15759039961921448,False,65.16990370491268,1.5392198866946813,0.08917182306310845,3.0346238179861538
2021-05-10,46.84000015258789,47.34999847412109,46.59000015258789,46.59999847412109,41.97335815429688,28193100.0,0.0012894837278438,0.0012886530577154,0.759998321533196,76.6020044386324,WFC,,,,28193100.0,1183359083.7799075,0.8626489132946596,12.142607118422944,0.12894837278438764,1.8106683738274911,11.738497068039786,음봉,41.658181762695314,39.855963706970215,36.33434438705444,True,True,1,0.9828567504882803,0.15653644009008708,False,76.6020044386324,1.5309493387326825,0.06472102008088743,3.6444044592324207
2021-05-11,46.02000045776367,46.880001068115234,45.5099983215332,45.720001220703125,41.18072509765625,31478500.0,-0.0188841944389309,-0.0190647779017163,1.3700027465820312,66.11530980415445,WFC,,,,31478500.0,1296307454.9865723,0.9594757437604906,11.653205926272747,-1.8884194438930968,3.32680578919676,9.640978185712616,음봉,41.67251358032227,40.12692699432373,36.51843550999959,True,True,0,0.9671426500592902,0.10620415242250662,False,66.11530980415445,1.443792861153156,-0.017948365998911253,-30.70501624884129
2021-05-12,46.83000183105469,47.15999984741211,45.47999954223633,45.63999938964844,41.10866928100586,33392900.0,-0.0017497461853699,-0.0017512787792543,1.6800003051757812,70.14516432115056,WFC,,,,33392900.0,1372737682.4337006,1.012582479339734,6.081611258478015,-0.1749746185369938,4.0867299636770795,13.718254644622466,음봉,41.63648529052735,40.29542427062988,36.68245182037354,True,True,0,1.0271426609584253,0.10018409471740095,True,70.14516432115056,1.3533063493434767,-0.08674790224687268,-32.23162337279235
2021-05-13,45.4900016784668,46.790000915527344,45.310001373291016,46.400001525878906,41.79320907592773,23553400.0,0.0166519570420187,0.0165148333632807,1.479999542236328,68.48087499205556,WFC,,,,23553400.0,984372170.6489562,0.7138178830053175,-29.4658445358145,1.6651957042018717,3.5412440799832865,10.657928057732871,음봉,41.595053100585936,40.486914253234865,36.83091449737549,True,True,1,1.0221426827566955,0.09305056310575036,False,68.48087499205556,1.3215972271576533,-0.09476561954615703,-65.38079457040939
2021-05-14,46.59999847412109,47.11000061035156,46.470001220703125,46.959999084472656,42.297607421875,17078500.0,0.012068906817634,0.0119966582880177,0.6399993896484375,69.6742835753085,WFC,,,,17078500.0,722379688.3544922,0.5219547925444781,-27.490298640535972,1.2068906817634062,1.5130865045512003,11.50136470607135,음봉,41.67071380615234,40.6317232131958,36.98224137624105,True,True,1,1.018571308680942,0.10003433879954016,False,69.6742835753085,1.32192986583798,-0.0755463846926645,-60.393483281320336
2021-05-17,46.91999816894531,47.97999954223633,46.79999923706055,47.900001525878906,43.144287109375,25212800.0,0.0200172004779193,0.0198194903676437,1.1800003051757812,69.641875390096,WFC,,,,25212800.0,1087788282.03125,0.7747865077648572,47.62889012501097,2.001720047791933,2.735009393443829,10.928255825363202,음봉,41.90489959716797,40.81706867218018,37.134647878011066,True,True,1,1.0299998692103784,0.12032336993286692,False,69.641875390096,1.374667151945495,-0.01824727886811961,-46.09397059111649
2021-05-18,47.900001525878906,48.130001068115234,46.83000183105469,46.86000061035156,42.20754623413086,24126000.0,-0.0217118172069783,-0.0219509869201143,1.2999992370605469,61.13564158632042,WFC,,,,24126000.0,1018299260.4446411,0.762221478803085,-4.310508947836023,-2.1711817206978345,3.080016141780142,11.022813760829338,음봉,42.11026382446289,41.01579399108887,37.27998008728027,True,True,1,1.069999967302594,0.11623454713630597,False,61.13564158632042,1.325594048141923,-0.05385630613735337,-71.1690714306977
2021-05-19,45.93999862670898,46.31999969482422,45.369998931884766,46.16999816894531,41.58604431152344,28911100.0,-0.0147249005938385,-0.0148343880666676,0.9500007629394532,50.19236536019855,WFC,,,,28911100.0,1202298285.6948853,0.9200537908892817,19.833789272983495,-1.4724900593838575,2.2844220427000534,8.843092587931336,음봉,42.2057388305664,41.151987838745114,37.41675141652425,True,True,0,1.0757143838065002,0.11584986510667701,False,50.19236536019855,1.2224614738639872,-0.12559110433223153,-89.1315396921123
2021-05-20,46.06999969482422,46.18000030517578,45.27000045776367,45.72999954223633,41.18973159790039,26107000.0,-0.0095299449655332,-0.009575645471692,0.9099998474121094,55.389760695646046,WFC,,,,26107000.0,1075340322.8263855,0.8362735052104484,-9.699042928148705,-0.9529944965533277,2.2092881213591005,10.782356094537905,음봉,42.085043334960936,41.2926326751709,37.52969144185384,True,True,0,1.0578572409493572,0.09020717307853851,False,55.389760695646046,1.096113725136533,-0.20155108244774866,-100.58565476577668
2021-05-21,45.970001220703125,46.29999923706055,45.77999877929688,45.880001068115234,41.324832916259766,27312700.0,0.0032799756909864,0.0032746083041163,0.5200004577636648,53.5955415528882,WFC,,,,27312700.0,1128692763.991928,0.8781892348408633,4.61830160493355,0.3279975690986481,1.2583244046440274,11.605488643306442,음봉,41.89048843383789,41.38790454864502,37.65581798553467,True,True,0,1.053571428571427,0.08391901709362616,False,53.5955415528882,0.9954093123543899,-0.24180439618391336,-96.68099565720233
2021-05-24,46.0,46.5099983215332,45.7599983215332,46.2400016784668,41.64910507202149,25707400.0,0.0078469078488188,0.0078162809805687,0.75,54.25853976076998,WFC,,,,25707400.0,1070690203.7284853,0.8312767154460813,-5.877485565323093,0.7846907848818807,1.8007589807825801,11.313214727846441,음봉,41.591452026367186,41.4868070602417,37.808170255025225,True,True,1,1.0235712868826714,0.0640054137009783,False,54.25853976076998,0.9310340120604366,-0.24494375718229344,-126.60470674854456
2021-05-25,46.38999938964844,47.02000045776367,46.040000915527344,46.09000015258789,41.51398468017578,29415300.0,-0.0032442567880403,-0.0032495307990135,0.979999542236328,51.78822006848965,WFC,,,,29415300.0,1221146313.5627747,0.9577377825974539,14.423473396765129,-0.32442567880403006,2.360649187945354,11.382944025877098,음봉,41.45273971557617,41.53626327514648,37.94448954264323,False,True,0,1.0414284297398144,0.06392920401706677,False,51.78822006848965,0.8592086143374829,-0.25341532392419786,-131.32919496566774
2021-05-26,46.11000061035156,46.59999847412109,45.59999847412109,46.400001525878906,41.79320907592773,26170600.0,0.0067260321528539,0.0067035133171407,1.0,48.23353071365276,WFC,,,,26170600.0,1093753357.4424741,0.8569926692788237,-11.030654115375327,0.6726032152853945,2.39273322654705,11.07100647067137,음봉,41.49417266845703,41.60012969970703,38.08471361796061,False,True,0,1.042142868041991,0.06383105697485693,False,48.23353071365276,0.8154179141947253,-0.2377648192535644,-121.56610628864739
2021-05-27,46.9900016784668,47.380001068115234,46.310001373291016,46.7599983215332,42.117462158203125,42572900.0,0.0077585112377063,0.0077285687623616,1.0699996948242188,51.6224161150964,WFC,,,,42572900.0,1793062504.7149658,1.3918624837576248,62.674527905359454,0.7758511237706323,2.5405132218200785,12.434538331569149,음봉,41.679718780517575,41.62808074951172,38.222103436787926,True,True,1,1.042142868041991,0.06378819780334417,False,51.6224161150964,0.7976827919943617,-0.2043999531631424,-110.22858834890334
2021-05-28,46.84999847412109,46.880001068115234,46.27999877929688,46.720001220703125,42.08143997192383,15760100.0,-0.0008552791273127,-0.0008556450871856,0.6000022888183523,50.88753800534653,WFC,,,,15760100.0,663207702.1015167,0.5185664659241664,-62.98091039135225,-0.0855279127312758,1.42581216141526,11.236518235931307,음봉,41.83104019165039,41.70770740509033,38.36683197021485,True,True,1,1.030714579990931,0.054400060950707096,False,50.88753800534653,0.7718237863279853,-0.18420716706361495,-111.48810508288295
2021-06-01,47.15999984741211,47.40999984741211,46.790000915527344,47.2599983215332,42.56782150268555,17878600.0,0.0115581009368079,0.011491816348552,0.6199989318847656,61.99370000824604,WFC,,,,17878600.0,761053053.5179138,0.5888335875348465,13.44217359026909,1.155810093680798,1.4564967386119365,12.068408017588343,음봉,42.014783477783205,41.79232921600342,38.51562220255534,True,True,1,0.9771428789411262,0.04870792957836979,False,61.99370000824604,0.7815678352105024,-0.13957049454487847,-94.48176148276984
2021-06-02,47.380001068115234,47.459999084472656,46.58000183105469,46.810001373291016,42.16249847412109,18492600.0,-0.009521817519811,-0.00956743986029,0.8799972534179688,58.61552769113018,WFC,,,,18492600.0,779694219.2825316,0.6144757856095528,3.434273377110064,-0.9521817519811071,2.087156324376987,11.304735350682895,음봉,42.14448623657226,41.8450008392334,38.63908284505208,True,True,1,0.9199998038155682,0.04864661937013438,False,58.61552769113018,0.7479618446180396,-0.13854118810987304,-108.65389232419076
2021-06-03,46.68999862670898,47.0,46.34999847412109,46.459999084472656,41.847259521484375,20206400.0,-0.0074767616731774,-0.007504852763586,0.6500015258789134,50.47028436122784,WFC,,,,20206400.0,845582464.7949219,0.6795678898626609,9.267490780095834,-0.7476761673177457,1.5532714287902238,10.738215989184855,음봉,42.155296325683594,41.87292327880859,38.765378379821776,True,True,0,0.86071423121861,0.048614179975328915,False,50.47028436122784,0.6879613162270743,-0.1588333732006706,-119.67623097320109
2021-06-04,47.060001373291016,47.09999847412109,46.5099983215332,46.959999084472656,42.297607421875,18190300.0,0.0107617059167139,0.0107042108881658,0.5900001525878835,50.0,WFC,,,,18190300.0,769406168.2861328,0.6171563368540846,-9.977531871090351,1.0761705916713993,1.3948783123906765,12.456590733571025,음봉,42.19132537841797,41.88778514862061,38.87745978037516,True,True,1,0.8571428571428561,0.04859693156720116,False,50.0,0.6690375288724155,-0.1422057284442636,-103.92980425005203
2021-06-07,47.09999847412109,47.18000030517578,46.77999877929688,47.11000061035156,42.43272018432617,16644300.0,0.0031943358191295,0.0031892447672719,0.4000015258788991,42.85712097551788,WFC,,,,16644300.0,706262924.5639801,0.5713535573687867,-8.499035200079163,0.31943358191295346,0.9426723626043942,11.35381253210658,음봉,42.26158142089844,41.913455963134766,39.00227845509847,True,True,1,0.8014286586216502,0.04856716731160467,False,42.85712097551788,0.6573650665094846,-0.12310255264575576,-99.20558279491873
2021-06-08,46.7400016784668,47.0099983215332,46.29999923706055,46.61000061035156,41.982364654541016,21271700.0,-0.0106134022949466,-0.0106701261615634,0.7099990844726562,47.494958513830994,WFC,,,,21271700.0,893036266.2220001,0.7360479742708901,27.801709894678652,-1.0613402294946672,1.6911841205587246,10.150849333792303,음봉,42.14449005126953,41.913906288146975,39.10326385498047,True,True,0,0.7592857905796581,0.04856664550363807,False,47.494958513830994,0.604802837877493,-0.14053182502219796,-150.12045044809656
2021-06-09,46.2400016784668,46.34000015258789,45.630001068115234,45.91999816894531,41.36086654663086,22617500.0,-0.0148037899490478,-0.0149144596260684,0.7099990844726562,47.494998824500975,WFC,,,,22617500.0,935479399.1184235,0.7894752588949615,6.326715777300351,-1.4803789949047852,1.7165962508841361,10.14148931095346,음봉,41.98416366577148,41.9229133605957,39.19793535868327,True,True,0,0.7421428135463154,0.048556211035716425,False,47.494998824500975,0.5071510679436102,-0.19054687596486464,-178.49937728076364
2021-06-10,46.470001220703125,46.650001525878906,45.0099983215332,45.09000015258789,40.6132698059082,21640000.0,-0.0180749777057935,-0.0182403255851964,1.6400032043457031,44.05200305437257,WFC,,,,21640000.0,878871158.5998535,0.7591231251470699,-4.321874654581626,-1.8074977705793582,4.038096937733204,12.352581318169799,음봉,41.73736572265625,41.89814338684082,39.28538964589437,False,True,0,0.7942859104701435,0.06040881764373662,True,44.05200305437257,0.36522642479881284,-0.26597721528772966,-179.45825087621233
2021-06-11,45.18000030517578,45.68999862670898,45.18000030517578,45.68000030517578,41.14468765258789,19389300.0,0.0130848328445196,0.0129999659305047,0.509998321533196,48.28176643608436,WFC,,,,19389300.0,797766692.3023224,0.6837347076025602,-10.400646950092419,1.3084832844519667,1.2395241053704256,11.244429520430375,음봉,41.50678176879883,41.86571731567383,39.37436103820801,False,True,0,0.7935714721679672,0.060455605821406196,False,48.28176643608436,0.29226208617492944,-0.27115324312929046,-157.76773327645023
2021-06-14,45.61000061035156,45.880001068115234,44.84000015258789,45.150001525878906,40.66731643676758,25452300.0,-0.0116022564043036,-0.0116700877560665,1.0400009155273438,40.90138411240322,WFC,,,,25452300.0,1035076738.1435394,0.8977584018360351,31.269824078228716,-1.160225640430368,2.557338439442914,10.852708362905304,음봉,41.15370101928711,41.78420276641846,39.440846316019694,False,True,0,0.8142858232770632,0.06057354540460324,False,40.90138411240322,0.1936847770318053,-0.2957844418179317,-159.26280217292233
2021-06-15,45.20000076293945,45.720001220703125,45.0,45.459999084472656,40.946537017822266,23865400.0,0.0068659701578499,0.0068425067230151,0.720001220703125,44.87804306971024,WFC,,,,23865400.0,977205484.5451355,0.842163534142341,-6.23479999842843,0.6865970157849954,1.7583934396936656,11.145766977812793,음봉,40.94653549194336,41.67431526184082,39.52966092427572,False,True,0,0.7957145145961201,0.046900631348034016,False,44.87804306971024,0.13651861505756813,-0.2823604830337351,-148.6055237421322
2021-06-16,44.95000076293945,45.959999084472656,44.31999969482422,45.56999969482422,41.04561233520508,38287700.0,0.0024196262882911,0.0024167037060255,1.6399993896484375,43.0251280175047,WFC,,,,38287700.0,1571542091.4066315,1.3475127110449086,60.431838561264414,0.24196262882911768,3.995553474157333,9.777295069848403,음봉,40.8834846496582,41.61621856689453,39.63001302083333,False,True,0,0.8414287567138656,0.04696610514084955,True,43.0251280175047,0.09807798794524558,-0.2566408881168461,-104.27987248703732
2021-06-17,45.790000915527344,45.959999084472656,42.65999984741211,42.790000915527344,38.5416259765625,48910400.0,-0.0610049702314927,-0.0629450928991636,3.299999237060547,26.284249781155594,WFC,,,,48910400.0,1885086343.1640625,1.7295950396374566,27.744419226017758,-6.100497023149276,8.562169222095886,11.558820323050641,음봉,40.469155883789064,41.46399765014648,39.6995667775472,False,False,0,1.0007144383021749,0.09710099735423904,True,26.284249781155594,-0.13290520991704113,-0.39009926878330625,-85.79946928015858
2021-06-18,41.68000030517578,42.310001373291016,41.470001220703125,41.75,37.60487365722656,61292200.0,-0.0243049507020172,-0.0246051908813281,0.8400001525878906,23.47904616276089,WFC,,,,61292200.0,2304885437.173462,2.166230287482926,25.31527037194543,-2.4304950702017214,2.233753423145638,8.14281766555919,음봉,39.761193084716794,41.28475475311279,39.755305735270184,False,False,0,1.017857142857142,0.12021260329964265,False,23.479046162760895,-0.3870870432898883,-0.5154248817249227,-64.52635963119062
2021-06-21,42.29999923706055,43.310001373291016,42.22999954223633,43.27999877929688,38.98297882080078,26444700.0,0.0366469829452382,0.035991449830136,1.0800018310546875,30.79151048720633,WFC,,,,26444700.0,1030893180.0224304,0.9376569934155841,-56.85470581901123,3.664698294523827,2.7704445984471904,12.485417774915772,음봉,39.42432556152344,41.16766204833984,39.81633752187093,False,False,0,1.0507144927978505,0.12055452261611062,False,30.791510487206338,-0.4718867909374467,-0.4801797034979848,-41.519587426651434
2021-06-22,43.40999984741211,43.869998931884766,42.86000061035156,43.540000915527344,39.217166900634766,26455200.0,0.0060074444518596,0.0059894717017175,1.0099983215332031,33.92333098322625,WFC,,,,26455200.0,1037497993.7896729,0.9412284792108371,0.03970549864433792,0.6007444451859634,2.5753984832516172,11.356292311477056,음봉,39.078451538085936,41.046065139770505,39.874381891886394,False,False,0,1.0600002833775102,0.12091165934076996,False,33.92333098322625,-0.5142660422308296,-0.41804716383309415,-39.454197570618675
2021-06-23,43.5,44.310001373291016,43.5,43.959999084472656,39.595462799072266,18778500.0,0.0096461812092647,0.0095999538439207,0.8100013732910156,37.79292169577875,WFC,,,,18778500.0,743543398.1723785,0.6701577540529531,-29.017735643654174,0.9646181209264748,2.0456924001655925,10.920812077569817,음봉,38.788421630859375,40.95013904571533,39.95850397745768,False,False,0,1.071428843906946,0.12119489606417501,False,37.79292169577875,-0.511431127075582,-0.3321697989422773,-32.82904942539025
2021-06-24,44.2599983215332,45.41999816894531,44.209999084472656,45.18000030517578,40.6943359375,27951000.0,0.0277525014419954,0.0273743806941249,1.2099990844726562,41.87957861480165,WFC,,,,27951000.0,1137447383.7890625,0.9979660548962854,48.845754453231095,2.775250144199548,2.973384518010127,11.780479864905706,음봉,39.218963623046875,40.895195388793944,40.04671020507813,False,True,0,1.1157144818987155,0.12135772425772358,False,41.87957861480165,-0.4157223690927552,-0.18916883276756025,-13.584332882161243
2021-06-25,45.56999969482422,46.650001525878906,45.220001220703125,46.380001068115234,41.77519989013672,49074700.0,0.0265605502027788,0.026213942783242,1.4300003051757812,46.96087727879104,WFC,,,,49074700.0,2050105402.0484924,1.7326107271240159,75.57404028478409,2.656055020277881,3.4230842914851247,11.9811852067385,음봉,40.0530288696289,40.878082275390625,40.1577241897583,False,True,0,1.1892858232770642,0.12140852919724104,False,46.96087727879104,-0.24977653263840693,-0.0185783970505696,5.509004136263261
2021-06-28,46.0,46.06999969482422,45.09000015258789,45.790000915527344,41.243770599365234,27127500.0,-0.0127211669164737,-0.0128027737887965,0.979999542236328,46.61154166821257,WFC,,,,27127500.0,1118840386.9342804,0.9638554862383624,-44.72202580963307,-1.2721166916473736,2.376115296915678,10.113177485622929,음봉,40.5051872253418,40.836198806762695,40.25149269104004,False,True,0,1.2085715702601836,0.12153305132399085,False,46.61154166821257,-0.15930875197202,0.057511506892653885,-4.367386255013233
2021-06-29,46.040000915527344,46.380001068115234,44.59999847412109,44.790000915527344,40.343055725097656,39534000.0,-0.0218388101082455,-0.0220808066877183,1.7800025939941475,45.44721431893952,WFC,,,,39534000.0,1594922365.0360107,1.4019773141987804,45.73403372961018,-2.183881010824551,4.412166014699768,11.628981168457779,음봉,40.73036499023438,40.724960517883304,40.332496134440106,True,True,0,1.2850003923688615,0.1185476048523015,False,45.44721431893952,-0.1584658510841308,0.046683526224434474,-21.755703266647323
2021-06-30,44.619998931884766,45.38999938964844,44.45000076293945,45.290000915527344,40.79342269897461,18168100.0,0.0111634323623328,0.0111015811402088,0.9399986267089844,50.82785821968236,WFC,,,,18168100.0,741138982.9372406,0.6470793386144108,-54.044366874083074,1.116343236233286,2.3042896734737885,10.601435934676601,음봉,40.969956970214845,40.65650672912598,40.415463256835935,True,True,0,1.2350000653948103,0.11874720470366877,False,50.827858219682355,-0.1200728698389355,0.06806120597570384,-13.061360653830237
2021-07-01,45.47999954223633,45.63999938964844,44.970001220703125,45.40999984741211,40.9015007019043,18658000.0,0.002649397765106,0.0026458942975356,0.6699981689453125,48.83724069099457,WFC,,,,18658000.0,763140200.0961304,0.6660523219730562,2.6964844975533975,0.26493977651060874,1.6380772280908475,11.488560001069784,음봉,41.011389923095706,40.609218788146975,40.4981346766154,True,True,0,1.2464286259242472,0.11888548145399837,False,48.83724069099457,-0.08000293991353402,0.08650490872088426,-10.97491284374618
2021-07-02,45.29999923706055,45.40999984741211,44.84000015258789,45.06999969482422,40.595252990722656,13218500.0,-0.0074874443706507,-0.0075156159926481,0.5699996948242188,49.64970804367941,WFC,,,,13218500.0,536608351.65786743,0.47404231856826917,-29.153714224461357,-0.7487444370650742,1.4041043048912205,10.753880565931079,음봉,40.77540054321289,40.52410106658935,40.5751028696696,True,True,0,1.2128571101597383,0.11913519115862617,False,49.649708043679404,-0.07212742260283989,0.07550434082526272,-16.88703047191779
2021-07-06,44.72999954223633,44.81999969482422,43.29999923706055,43.4900016784668,39.17212677001953,25486900.0,-0.0350564688198483,-0.0356856962670923,1.520000457763672,42.23799557659313,WFC,,,,25486900.0,998376077.7748108,0.9116678344927468,92.81234633279117,-3.5056468819848363,3.880311290442896,10.185295685824638,음봉,40.36107177734375,40.36107139587402,40.62131188710531,True,False,0,1.2699999128069202,0.10845824567882878,False,42.23799557659313,-0.17866091898129355,-0.024823324442552752,-44.36050801749164
2021-07-07,43.27999877929688,43.970001220703125,43.119998931884766,43.400001525878906,39.09106063842773,21884000.0,-0.0020694850720703,-0.0020716294152704,0.8500022888183594,41.43648975869863,WFC,,,,21884000.0,855468771.0113524,0.7816864215569127,-14.136281776128124,-0.20694850720703872,2.1744160299983797,10.486721932140073,음봉,40.11067276000976,40.21650619506836,40.66212539672851,False,False,0,1.2135715484619145,0.10369688039737156,False,41.43648975869863,-0.26655812557023495,-0.0901764248251953,-45.92549116065485
2021-07-08,42.58000183105469,42.95000076293945,41.970001220703125,42.31999969482422,38.118289947509766,29148700.0,-0.0248847351550676,-0.0251995946179883,0.979999542236328,47.85780165569395,WFC,,,,29148700.0,1111098598.192978,1.0362992638671202,33.196399195759454,-2.4884735155067617,2.570943092110958,8.925163798695252,음봉,39.575646209716794,40.0543773651123,40.701405906677245,False,False,0,1.0478572845458989,0.10411661614149931,False,47.85780165569395,-0.40998570008699886,-0.18688319947356735,-64.70484702181153
2021-07-09,43.18000030517578,44.11000061035156,42.84999847412109,43.90999984741211,39.55043029785156,25055900.0,0.037570949597002,0.0368823559382951,1.260002136230476,59.37503216821883,WFC,,,,25055900.0,990971626.499939,0.8924572427831957,-14.041106464439235,3.7570949597002024,3.1858114481725903,13.278954445847832,음봉,39.30543212890625,40.00123538970947,40.731601015726724,False,False,0,1.077857426234655,0.10425493593587849,False,59.37503216821883,-0.4034407154208779,-0.1442705718459571,-51.7002300229697
2021-07-12,43.27999877929688,44.25,42.959999084472656,44.15999984741211,39.775611877441406,17618900.0,0.0056935304595682,0.0056773835745512,1.2900009155273438,54.29688598602721,WFC,,,,17618900.0,700802528.1074524,0.6287964327569657,-29.681631871136137,0.5693530459568219,3.243195653412344,9.429906206729475,음봉,39.14150390625,39.93278160095215,40.76180438995361,False,False,0,1.0928573608398449,0.104433652395773,False,54.29688598602721,-0.37575206051094767,-0.0932655335488215,-46.88865812326688
2021-07-13,43.790000915527344,44.130001068115234,43.0099983215332,43.22999954223633,38.93794250488281,25387800.0,-0.021059873953408,-0.0212847965991002,1.1200027465820312,48.579274491924245,WFC,,,,25387800.0,988548696.7254639,0.9080883225450047,44.09412619403028,-2.1059873953408026,2.8763788596215196,10.092589022779267,음봉,39.09466705322266,39.84631290435791,40.75407962799072,False,False,0,1.1007148197719039,0.104660279181165,False,48.579274491924245,-0.4165992231587268,-0.10729015695728045,-64.78757517316932
2021-07-14,43.59999847412109,45.130001068115234,42.5099983215332,44.95000076293945,40.48717498779297,49618000.0,0.0397872199517446,0.0390160960203779,2.6200027465820312,54.05406249122007,WFC,,,,49618000.0,2008892648.5443115,1.7903319005221108,95.44032960713413,3.9787219951744612,6.4711917968393,11.973041381561577,음봉,39.3738899230957,39.82334480285645,40.771576245625816,False,False,0,1.2300006321498336,0.1047206419640328,True,54.054062491220066,-0.32026891921005785,-0.008767882406889194,-31.68431914994205
2021-07-15,44.59000015258789,45.38999938964844,44.369998931884766,45.0,40.5322151184082,33388100.0,0.0011124542680198,0.0011118359492957,1.020000457763672,49.184825036319296,WFC,,,,33388100.0,1353293651.594925,1.2121886882114215,-32.70970212422911,0.1112454268019869,2.5165179223092258,10.133641495194315,음봉,39.85667495727539,39.7976749420166,40.809895833333336,True,False,0,1.2164293016706205,0.1047881877266984,False,49.184825036319296,-0.23755372570592925,0.05915784887779152,-30.721923259381466
2021-07-16,45.40999984741211,45.52999877929688,44.11000061035156,44.27999877929688,39.88368606567383,27838200.0,-0.01600033580301,-0.0161297231931634,1.4199981689453196,40.0567977871242,WFC,,,,27838200.0,1110290029.4334412,1.0280058139729134,-16.622389414192483,-1.600033580301008,3.560348375541575,12.03434037531445,음봉,39.923326110839845,39.86477794647217,40.826921145121254,True,False,0,1.2157148633684447,0.10461180138792694,False,40.0567977871242,-0.22177572103385756,0.05994868283989058,-47.30873531103624
2021-07-19,42.709999084472656,43.29999923706055,42.290000915527344,43.04999923706055,38.775821685791016,43362200.0,-0.0277773819114554,-0.0281704697899904,1.0099983215332031,37.76793182571026,WFC,,,,43362200.0,1681404935.1036072,1.5973063603735538,55.76509975501289,-2.77773819114554,2.6047115899114686,7.086388690716613,음봉,39.723368072509764,39.92332534790039,40.833570925394696,False,False,0,1.2178576333182214,0.0915983303184256,False,37.767931825710264,-0.29526332350611284,-0.010831135705891726,-72.43037744743978
2021-07-20,43.0,45.150001525878906,42.869998931884766,44.84000015258789,40.388092041015625,34556200.0,0.0415792698937289,0.0407380900983573,2.2800025939941406,50.20850950496742,WFC,,,,34556200.0,1395658986.1877441,1.2693462219229439,-20.308010202434378,4.157926989372895,5.64523471838856,10.893846037457124,음봉,40.013397979736325,39.993581008911136,40.849715868631996,True,False,0,1.2535719190325065,0.09143742196559347,True,50.20850950496742,-0.2208600968381873,0.05085767276962705,-43.10381386762682
2021-07-21,45.290000915527344,46.150001525878906,45.209999084472656,45.79999923706055,41.25278472900391,29654600.0,0.0214095948654906,0.0211836290246555,0.94000244140625,52.04817973785398,WFC,,,,29654600.0,1223334830.0247195,1.0877766771372113,-14.184430000983905,2.1409594865490655,2.278639969595447,12.137015211150965,음봉,40.16651992797851,40.09536190032959,40.876078033447264,True,True,0,1.2535721915108826,0.0912053107717901,False,52.04817973785398,-0.09107171226637689,0.14451684587314997,-17.158288022398853
2021-07-22,45.84000015258789,45.95000076293945,44.79999923706055,45.02999877929688,40.55923080444336,23309500.0,-0.0168122935001023,-0.0169552243683909,1.1500015258789062,48.54962824161096,WFC,,,,23309500.0,945415390.4361725,0.855690616452736,-21.39668044755283,-1.6812293500102382,2.835363252877372,11.119771558982317,음봉,40.171923065185545,40.14355030059814,40.87665087381999,True,False,0,1.287858145577568,0.09109582772932928,False,48.549628241610954,-0.043674040703365336,0.15353161394892922,-33.75048596319274
2021-07-23,45.09999847412109,45.5099983215332,44.41999816894531,44.59000015258789,40.16291046142578,23946500.0,-0.0097713969214169,-0.0098194503090312,1.0900001525878906,48.18182401540066,WFC,,,,23946500.0,961761135.3645325,0.8811685704543168,2.732791351165842,-0.977139692141693,2.7139471220213847,11.195398876204218,음봉,40.22776794433594,40.11697902679443,40.870768038431805,True,False,0,1.3250010354178303,0.0911561645802012,False,48.18182401540066,-0.03765670099353713,0.12763916292700597,-43.23183319005404
2021-07-26,44.470001220703125,45.2400016784668,44.470001220703125,45.0099983215332,40.54121017456055,22976700.0,0.00941913095412,0.0093750475422434,0.7700004577636719,56.31226355195745,WFC,,,,22976700.0,931503223.8178253,0.8462881339354134,-4.049861148810896,0.9419130954120059,1.8993030904806196,10.724050398225154,음봉,40.58084564208984,40.05527954101562,40.853814188639326,True,False,0,1.2714296068464017,0.07825422309896757,False,56.31226355195745,-0.0023353699623456237,0.130368395166558,-34.181601479153315
2021-07-27,44.59000015258789,45.380001068115234,44.27000045776367,45.13999938964844,40.65830993652344,22124500.0,0.0028884130853195,0.0028842496354923,1.1100006103515625,57.20199235634672,WFC,,,,22124500.0,899544778.1906128,0.8182509349008883,-3.708974743979776,0.2888413085319508,2.730070709000245,9.986850319944184,음봉,40.63488922119141,40.02600650787353,40.85663757324219,True,False,0,1.2900009155273449,0.07831145435099952,False,57.201992356346715,0.034705942996026806,0.1339277664999443,-31.38017197165078
2021-07-28,45.380001068115234,46.040000915527344,44.97999954223633,45.5099983215332,40.9915657043457,23252800.0,0.0081964982888504,0.0081630894297036,1.0600013732910156,64.02809149477622,WFC,,,,23252800.0,953168679.0100098,0.8587409240739332,5.099776266130318,0.8196498288850496,2.5859011605859203,11.61310231281968,음봉,40.582645416259766,40.058432006835936,40.85857391357422,True,True,0,1.295715332031251,0.07824806475099297,False,64.02809149477622,0.08991591106038754,0.15131018765144405,-33.63821258731307
2021-07-29,45.88999938964844,46.709999084472656,45.68000030517578,46.5,41.883277893066406,24487400.0,0.0217535527955246,0.0215203206233436,1.029998779296875,62.02409293641411,WFC,,,,24487400.0,1025612579.0786743,0.905606023338912,5.309468107066673,2.17535527955246,2.459212437781492,11.94985749174111,음봉,40.84745483398437,40.11292476654053,40.87147744496664,True,True,0,1.2792865208217081,0.09385972146057864,False,62.02409293641411,0.20328063715052735,0.21173993099326707,-9.201882148245065
2021-07-30,46.2599983215332,46.84999847412109,45.72999954223633,45.93999862670898,41.37887954711914,25794000.0,-0.0120429529712325,-0.0121160568465594,1.1199989318847583,58.03245264758056,WFC,,,,25794000.0,1067326819.0383911,0.9586446305271382,5.335805352957035,-1.204295297123259,2.706692264611439,10.449803951928375,음봉,41.09064865112305,40.13679370880127,40.872978591918944,True,True,0,1.2671435219900948,0.0938039040405723,False,58.03245264758056,0.24954566119514965,0.20640396403031147,-19.980742460949557
2021-08-02,46.040000915527344,46.810001373291016,45.56999969482422,45.790000915527344,41.243770599365234,23960700.0,-0.0032651668975244,-0.0032705091871065,1.2400016784667969,62.4271538468813,WFC,,,,23960700.0,988229614.2002106,0.8866189053265299,-7.10746685275645,-0.32651668975244297,3.0065187068174635,11.264493914342147,음봉,41.231160736083986,40.1692195892334,40.86036860148112,True,True,0,1.2757148742675781,0.0937281825252531,False,62.4271538468813,0.2721714401990809,0.18322379442739417,-22.943659568202843
2021-08-03,45.97999954223633,46.93999862670898,45.11000061035156,46.83000183105469,42.18051910400391,24050300.0,0.0227124846013253,0.0224583962465926,1.8299980163574148,59.7712914658038,WFC,,,,24050300.0,1014454138.6070253,0.8910267553446237,0.3739456693669263,2.2712484601325356,4.3384909793196575,11.483501324061741,음봉,41.535602569580085,40.31963920593262,40.8647221883138,True,True,0,1.2192859649658199,0.10075063260725886,False,59.7712914658038,0.36152289773517055,0.218060201570787,-2.3544487185480665
2021-08-04,46.27000045776367,46.970001220703125,46.040000915527344,46.150001525878906,41.56802368164063,22178000.0,-0.014520812815344,-0.0146272716538172,0.9300003051757812,55.609669428829406,WFC,,,,22178000.0,921895629.2114259,0.820426850213707,-7.784934075666417,-1.4520812815344009,2.2372973810312153,9.695189724138723,음봉,41.65089416503906,40.443487358093265,40.857966613769534,True,True,0,1.2128573826381133,0.10044210877579633,False,55.609669428829406,0.3785476481776655,0.18806796161062556,-15.426862965975685
2021-08-05,46.04999923706055,47.0,46.0099983215332,46.9900016784668,42.50885772705078,28092600.0,0.0226336005920264,0.0223812611251488,0.9900016784667968,63.78092870522673,WFC,,,,28092600.0,1194184336.5829468,1.0430088243886142,26.668770853999458,2.263360059202646,2.3289303251185762,10.782267614516085,음봉,41.77601013183594,40.66301574707031,40.88010215759277,True,True,0,1.1821433476039331,0.091804210107774,False,63.78092870522673,0.46262448307925297,0.21771583720977036,4.646642336830545
2021-08-06,47.5,48.9900016784668,47.45000076293945,48.77000045776367,44.11909484863281,33583900.0,0.0378800374247023,0.0371802071830783,1.5400009155273438,76.64435377255302,WFC,,,,33583900.0,1481691269.4869995,1.2407134684292056,19.547140528110596,3.788003742470236,3.490554193849392,11.741417059468699,음봉,42.32405319213867,40.891448974609375,40.93027591705322,True,True,0,1.2200006757463717,0.13066969493205247,False,76.64435377255302,0.6516765374095073,0.3254143132320197,20.410054839365166
2021-08-09,48.65999984741211,49.34000015258789,48.290000915527344,48.650001525878906,44.01054763793945,29795200.0,-0.002460322703033,-0.002463354270378,1.0499992370605469,71.25030154412968,WFC,,,,29795200.0,1311303068.9819336,1.0997117170973782,-11.28129847933087,-0.2460322703033091,2.3857899831162093,10.292380236626757,음봉,42.87740859985352,41.10319576263428,40.967231559753415,True,True,1,1.132143293108258,0.12999653831537866,False,71.25030154412968,0.7837086937962994,0.3659571756950493,-5.1174129278367575
2021-08-10,48.72999954223633,49.68999862670898,48.68999862670898,49.630001068115234,44.897090911865234,28708100.0,0.0201438818989276,0.0199436780332799,1.0,71.32381662820784,WFC,,,,28708100.0,1288910175.6069183,1.0613104885879259,-3.6485742669960297,2.0143881898927685,2.227315800845626,10.723456438493518,음봉,43.42072296142578,41.4011531829834,41.01055628458659,True,True,1,1.1364288330078114,0.14785262620631948,False,71.32381662820784,0.948942938528802,0.42495313634204146,11.56993848622628
2021-08-11,49.630001068115234,50.72999954223633,49.16999816894531,50.65999984741211,45.828861236572266,29203900.0,0.0207534676697902,0.0205410483901173,1.5600013732910156,79.99776765162163,WFC,,,,29203900.0,1338381480.6667328,1.0823001843064723,1.7270387103291318,2.075346766979025,3.4039714956873204,10.541685574998366,음봉,44.27289047241211,41.66823749542236,41.05529918670654,True,True,1,1.1657145363943908,0.16926656788773684,False,79.99776765162163,1.1419150600077685,0.4943402062568064,24.13097522808468
2021-08-12,50.7599983215332,51.25,50.560001373291016,51.150001525878906,46.27213668823242,21729900.0,0.0096724081659356,0.0096259298903062,0.6899986267089844,84.5923025448664,WFC,,,,21729900.0,1005488903.0216217,0.8061775844865323,-25.59247223829694,0.967240816593562,1.4911751997924478,10.75989442440215,음봉,45.02554626464844,41.955233573913574,41.12304236094157,True,True,1,1.1371429988316117,0.1786741334483328,False,84.5923025448664,1.3154517717262024,0.5343015343801921,28.683902031135144
2021-08-13,51.209999084472656,51.40999984741211,50.18000030517578,50.369998931884766,45.56652069091797,15843300.0,-0.0152492633324602,-0.0153667290557075,1.229999542236328,77.43779630353978,WFC,,,,15843300.0,721924057.2624207,0.588213049160295,-27.08986235555617,-1.524926333246024,2.699349266931157,10.671351594394805,음봉,45.31503143310547,42.239375305175784,41.18938363393148,True,True,1,1.1700000762939442,0.1774722033240593,False,77.43779630353978,1.38013422389389,0.4791871892383036,18.158548235087952
2021-08-16,49.93000030517578,49.97999954223633,48.93999862670898,49.40999984741211,44.69807052612305,22615500.0,-0.0190589527492278,-0.0192429157681176,1.0400009155273509,70.38431495740463,WFC,,,,22615500.0,1010869213.9835358,0.8409311825648151,42.744882694893114,-1.9058952749227864,2.326724405071444,9.576064944382539,음봉,45.452536010742186,42.535487747192384,41.24785594940185,True,True,0,1.1650000980922148,0.1436265704325887,False,70.38431495740463,1.3458052576154955,0.35588657836792714,-4.384587911859733
2021-08-17,48.880001068115234,49.369998931884766,48.02999877929688,48.709999084472656,44.064823150634766,16887000.0,-0.0141672194802724,-0.0142685325555349,1.3400001525878835,65.05172960110963,WFC,,,,16887000.0,744122668.5447693,0.6306179211666694,-25.329972806261193,-1.4167219480272442,3.0409747657607027,9.355953160322944,음봉,45.2860824584961,42.71932430267334,41.29352245330811,True,True,0,1.185000010899134,0.14300849384980394,False,65.05172960110963,1.2530570716591,0.21051071392922527,-16.5901204172916
2021-08-18,48.36000061035156,48.97999954223633,47.900001525878906,47.970001220703125,43.39539337158203,16319300.0,-0.0151919315950571,-0.0153085112078609,1.079998016357422,57.57064486236198,WFC,,,,16319300.0,708182443.0488586,0.6140008665513853,-3.3617575649908193,-1.5191931595057162,2.488738855550209,9.747406553825972,음봉,44.79938888549805,42.82645473480225,41.322627258300784,True,True,0,1.1885713849748873,0.1426507579167433,False,57.57064486236198,1.1127094555960753,0.05613047829296036,-27.21599121287406
2021-08-19,47.34999847412109,47.95000076293945,46.83000183105469,47.25,42.74405670166016,20259400.0,-0.0150093505166473,-0.0151231307654079,1.1199989318847656,56.7358674452931,WFC,,,,20259400.0,865968942.3416139,0.764915310439691,24.14380518772252,-1.5009350516647313,2.6202448207057176,9.112960605465496,음봉,44.093772888183594,42.935696029663085,41.34312845865885,True,True,0,1.1885713849748878,0.14228781158190484,False,56.7358674452931,0.9381115667142268,-0.09477392847111044,-37.55466976525065
2021-08-20,47.130001068115234,47.45000076293945,46.84000015258789,47.41999816894531,42.8978385925293,15357400.0,0.0035977373870357,0.0035912810108129,0.6100006103515625,58.14626162184261,WFC,,,,15357400.0,658799266.4009094,0.5840194667481484,-24.196175602436398,0.35977373870357265,1.4219844877168117,10.2609455089103,음봉,43.56003646850586,43.07244243621826,41.36153895060222,True,True,0,1.1435713086809425,0.13305320500824255,False,58.14626162184261,0.8028951200902128,-0.18399230007609957,-35.113687074895836
2021-08-23,47.75,47.9900016784668,47.45000076293945,47.61000061035156,43.06972503662109,15551900.0,0.0040068788948663,0.0039988727349768,0.5400009155273438,54.736141452758,WFC,,,,15551900.0,669816056.7970275,0.5950638419756001,1.2664904215557327,0.40068788948663947,1.2537830577469318,11.310969425661721,음봉,43.23436737060547,43.19886817932129,41.37740999857585,True,True,0,1.0514286586216517,0.12995309803964372,False,54.736141452758,0.7015182458241256,-0.22829533947374947,-54.449489890348815
2021-08-24,47.75,48.369998931884766,47.709999084472656,48.36000061035156,43.74820327758789,15109100.0,0.015753020024853,0.0156302290782793,0.6599998474121094,61.53115152728171,WFC,,,,15109100.0,660995978.1414032,0.5831881959251163,-2.8472405300959958,1.5753020024853015,1.5086330362514015,10.866739825711438,음봉,43.171043395996094,43.35336284637451,41.40518938700358,False,True,0,1.0321429116385323,0.12180303065759325,False,61.53115152728171,0.6682210302702885,-0.2092740440220694,-41.88508157092015
2021-08-25,48.619998931884766,49.619998931884766,48.470001220703125,49.290000915527344,44.58950805664063,21357400.0,0.0192306132828943,0.0190480419652206,1.1499977111816406,61.1218276802865,WFC,,,,21357400.0,952315959.3688966,0.826801211299886,41.3545479214513,1.9230613282894327,2.579076920339276,11.135990256296274,음봉,43.40986633300781,43.53325996398926,41.43888416290283,False,True,0,1.0435711996895927,0.11550630697142036,False,61.1218276802865,0.7016310456978943,-0.1406912228755709,-48.91909923131303
2021-08-26,49.52999877929688,49.869998931884766,48.88999938964844,49.04999923706055,44.37240219116211,21627600.0,-0.0048689899247764,-0.0048808820737594,0.979999542236328,51.59097192971864,WFC,,,,21627600.0,959668565.6295776,0.8481779229277533,1.2651352692743423,-0.4868989924776468,2.208578967652826,11.079939963411352,음봉,43.7355354309082,43.65771617889404,41.47571589152018,True,True,1,1.0035711015973772,0.11517703006411749,False,51.59097192971864,0.7024922018984583,-0.11186405334000549,-53.659404024090904
2021-08-27,49.220001220703125,49.84999847412109,49.119998931884766,49.810001373291016,45.05992889404297,16873300.0,0.0154944665812526,0.0153756530635873,0.729999542236321,56.144096093842485,WFC,,,,16873300.0,760309698.2078552,0.6612684719717711,-21.982559322347374,1.5494466581252642,1.620063679978041,10.924806389018393,음봉,44.16795349121094,43.84176864624023,41.52926038106283,True,True,1,0.980713980538504,0.11469350448521215,False,56.144096093842485,0.750006722776611,-0.05147962596948241,-38.64789745956044
2021-08-30,49.7599983215332,49.810001373291016,48.34999847412109,48.40999984741211,43.793434143066406,16054100.0,-0.0281068963502957,-0.0285094562384938,1.460002899169929,43.813378141830185,WFC,,,,16054100.0,703064171.0762024,0.6298787253636081,-4.855007615582019,-2.810689635029573,3.3338397130499615,10.430707599522188,음봉,44.3126953125,43.969251823425296,41.55419082641602,True,True,0,1.013571330479213,0.10698642372817455,False,43.813378141830185,0.677655193782428,-0.09906492397093236,-66.30063325667844
2021-08-31,48.40999984741211,48.9900016784668,45.209999084472656,45.70000076293945,41.34186172485352,73514300.0,-0.0559803647780617,-0.0576083130297142,3.7800025939941406,28.50952294298075,WFC,,,,73514300.0,3039218025.3993993,2.7887560177963957,357.91604636821745,-5.598036477806179,9.14328101417289,10.541684603367925,음봉,43.831427001953124,43.92731895446777,41.536009852091475,False,False,0,1.172142846243722,0.112237101665351,True,28.50952294298075,0.41767992609441507,-0.28723215332715635,-62.38930457462119
2021-09-01,45.70000076293945,45.970001220703125,43.27000045776367,43.45000076293945,39.30643844604492,84960500.0,-0.0492339530414752,-0.0504872541058171,2.700000762939453,21.05261656054833,WFC,,,,84960500.0,3339494663.5951996,3.102015253710689,15.570031952966978,-4.923395304147526,6.869105596137091,10.54170967696393,음봉,42.77481307983398,43.81423969268799,41.49141108194987,False,False,0,1.3157144274030412,0.15898252009038016,True,21.05261656054833,0.046865766193491254,-0.5264370505824641,-48.69241165741579
2021-09-02,43.68000030517578,44.880001068115234,43.540000915527344,44.56999969482422,40.319637298583984,37629000.0,0.0257769183013072,0.0254502945513316,1.3400001525878906,28.739028589430035,WFC,,,,37629000.0,1517187631.9084167,1.3585771974360514,-55.710006414745685,2.577691830130724,3.323442973121564,11.12683324166943,음봉,41.96426010131836,43.70477867126465,41.47405726114909,False,False,0,1.3235716138567244,0.15938070055408748,False,28.739028589430035,-0.16336725137469443,-0.5893360545205198,-43.96965069648081
2021-09-03,44.4900016784668,44.5,43.81999969482422,44.16999816894531,39.9577751159668,21687500.0,-0.0089748372471072,-0.0090153537001399,0.6800003051757812,29.96942477702073,WFC,,,,21687500.0,866584247.8275299,0.7807603506515058,-42.3649313029844,-0.8974837247107237,1.7017972176935816,10.343258668225358,음봉,40.94382934570312,43.49671268463135,41.46313234965007,False,False,0,1.297857284545898,0.160143096162039,False,29.969424777020734,-0.3550844933662347,-0.624842637209648,-50.18524405398376
2021-09-07,44.31999969482422,44.959999084472656,44.25,44.310001373291016,40.08443069458008,19733500.0,0.0031697355081883,0.0031647224870995,0.7099990844726562,32.42816408436616,WFC,,,,19733500.0,791006113.111496,0.7110404105697506,-9.009798270893377,0.31697355081883316,1.7712589954998592,10.917085764152851,음봉,40.20202865600586,43.30040683746338,41.445461400349934,False,False,0,1.2528572082519531,0.1608691176582849,False,32.42816408436616,-0.4911401838877225,-0.6087186621849087,-48.266219691934225
2021-09-08,44.119998931884766,44.540000915527344,43.630001068115234,43.81999969482422,39.64115524291992,21252400.0,-0.0110585442771448,-0.0111201445383834,0.9099998474121094,33.08886981905461,WFC,,,,21252400.0,842469687.6846313,0.7663679862352671,7.697063369397217,-1.105854427714481,2.2955936622826836,10.067670083812235,음봉,39.86188735961914,43.03761005401611,41.428358713785805,False,False,0,1.2407144818987166,0.16185141864162333,False,33.08886981905461,-0.6275004881735811,-0.5960631731766137,-54.982515966823684
2021-09-09,43.84999847412109,44.720001220703125,43.7599983215332,44.36000061035156,40.12965774536133,19776900.0,0.0123231146884563,0.0122478031941998,0.960002899169922,38.04799087017587,WFC,,,,19776900.0,793640228.2642365,0.7139223442629038,-6.942745289943719,1.2323114688456371,2.392252895007286,10.617357656227442,음봉,40.02653121948242,42.75264987945557,41.41474405924479,False,False,0,1.2292861938476562,0.1629302104507634,False,38.04799087017587,-0.6882156211011008,-0.5254226448833067,-47.580961188336275
2021-09-10,45.0,45.25,44.18999862670898,44.33000183105469,40.10251998901367,23367400.0,-0.0006762518763517,-0.0006764806377913,1.0600013732910227,37.071189828250105,WFC,,,,23367400.0,937091625.5912781,0.8416166696728226,18.155019239617932,-0.06762518763517855,2.643228838440618,12.136515804702185,음봉,39.98310775756836,42.44416904449463,41.39902585347493,False,False,0,1.261429105486189,0.14748980568592454,False,37.071189828250105,-0.7301063796435443,-0.4538507227406001,-47.99213940987775
2021-09-13,44.560001373291016,45.810001373291016,44.560001373291016,45.7599983215332,41.39615249633789,28027200.0,0.0322581350917252,0.0317487666846868,1.25,42.98714140616837,WFC,,,,28027200.0,1160218245.2453613,1.007963518360984,19.941456901495247,3.225813509172526,3.019604298033691,11.115215167272526,음봉,40.270783233642575,42.235650634765626,41.44660129547119,False,False,0,1.3121433258056645,0.13622355430845784,False,42.98714140616837,-0.6514107183202356,-0.30012404913383306,-28.391642343149435
2021-09-14,46.02000045776367,46.93999862670898,45.7599983215332,46.04999923706055,41.65849685668945,36053200.0,0.0063374092646597,0.0063174123279455,1.180000305175774,40.92697243330265,WFC,,,,36053200.0,1501922118.8735962,1.2876499077752266,28.636467431637836,0.6337409264659755,2.8325561271092563,11.169752942220487,음봉,40.58559646606445,42.083671951293944,41.51416168212891,False,True,0,1.3492862156459264,0.13671550464172708,False,40.92697243330265,-0.5614033341976423,-0.1680933320089918,-24.41672687339248
2021-09-15,45.869998931884766,46.88999938964844,45.84999847412109,46.63999938964844,42.19223403930664,31535600.0,0.0128122045414482,0.0127308226328089,1.0400009155273509,39.30597062928635,WFC,,,,31535600.0,1330557415.7699585,1.130630444779991,-12.530371783919314,1.2812204541448269,2.46491075717507,10.109587222226038,음봉,41.095812225341795,41.990042495727536,41.567649269104,False,True,0,1.34142930167062,0.13702035306545501,False,39.30597062928635,-0.4419096445002495,-0.03887971384927913,-16.329797994393548
2021-09-16,46.900001525878906,47.27000045776367,46.0099983215332,46.27999877929688,41.86656188964844,24102400.0,-0.0077187699839454,-0.0077487138751739,1.2600021362304688,38.92890164233373,WFC,,,,24102400.0,1009084621.2890625,0.8765060037540022,-23.570821547711162,-0.7718769983945495,3.009566774438208,11.157900485161488,음봉,41.44319305419922,41.91360092163086,41.61180585225423,False,True,0,1.3614294869559156,0.13727024931014156,False,38.92890164233373,-0.36923276970151164,0.02703772875956706,-21.328860048686707
2021-09-17,45.7400016784668,46.68999862670898,45.7400016784668,46.470001220703125,42.0384407043457,34912100.0,0.0041053959756787,0.0040969918313283,0.9499969482421804,36.01342600914915,WFC,,,,34912100.0,1467650245.7141876,1.2892427422800907,44.849060674455664,0.4105395975678716,2.259829176166315,9.25186978340362,음봉,41.830377197265626,41.878320121765135,41.65252215067546,False,True,0,1.3771435873849056,0.13738589397256706,False,36.01342600914915,-0.294373286909547,0.08151776924122539,-18.83118625402614
2021-09-20,45.02999877929688,45.869998931884766,44.84000015258789,45.810001373291016,41.44137954711914,30603100.0,-0.0142027427093612,-0.0143045669315704,1.029998779296875,38.39288773361455,WFC,,,,30603100.0,1268234682.4184418,1.127370949334025,-12.342425691952075,-1.4202742709361282,2.485435549088705,7.116244144236131,음봉,41.839422607421874,41.80549716949463,41.66497287750244,True,False,0,1.3464290073939733,0.13762521289177146,False,38.39288773361455,-0.2799968239093005,0.07671538579317755,-31.96889021677079
2021-09-21,45.97999954223633,46.36000061035156,45.72999954223633,45.84999847412109,41.47755813598633,23049100.0,0.0008730063830537,0.0008726255346206,0.6300010681152344,50.87925451714161,WFC,,,,23049100.0,956020385.2321625,0.8507877454360543,-24.683773866046256,0.08730063830537649,1.5188962331141653,10.95190373659435,음봉,41.80323486328125,41.72588882446289,41.66001218159993,True,False,0,1.1214288984026228,0.1378877864580062,False,50.87925451714161,-0.2626563250233005,0.07524470774334208,-44.811058044433594
2021-09-22,46.4900016784668,47.68999862670898,46.470001220703125,47.08000183105469,42.59027862548828,29430700.0,0.0268270491202458,0.0264735127923832,1.2199974060058525,74.16771431731827,WFC,,,,29430700.0,1253461713.143158,1.079607177179896,27.686981270418375,2.6827049120245805,2.8644973580326405,12.084712234136138,음봉,41.882843780517575,41.66799259185791,41.68245398203532,True,True,0,1.0157143729073657,0.13807937676177617,False,74.16771431731827,-0.15731320194695542,0.14447026465574975,-22.88488708030268
2021-09-23,47.459999084472656,48.16999816894531,47.15999984741211,47.79999923706055,43.241607666015625,21852800.0,0.0152929039571381,0.0151771461911292,1.0099983215332031,72.7143651025706,WFC,,,,21852800.0,944950204.0039062,0.8044834233838458,-25.748283255240278,1.5292903957138115,2.3357094614384084,11.433877908631656,음봉,42.15785293579101,41.60059757232666,41.73076318105062,True,True,0,0.9921428135463165,0.1383030721612844,False,72.7143651025706,-0.0210288008399786,0.22460373261018124,-8.55492621412901
2021-09-24,47.77999877929688,48.56999969482422,47.72999954223633,47.91999816894531,43.35016250610352,20384700.0,0.0025104256281667,0.0025072797736054,0.8400001525878906,77.45236166608223,WFC,,,,20384700.0,883680057.6381685,0.7632326540761583,-6.718132230194762,0.25104256281667237,1.9377093510771086,10.49542641507305,음봉,42.42019729614258,41.54948558807373,41.773375511169434,True,True,0,1.0035713740757528,0.13847320530123522,False,77.45236166608223,0.09464601691000496,0.2722228402881318,-5.664749793627766
2021-09-27,48.380001068115234,48.93999862670898,46.15999984741211,47.560001373291016,43.02449417114258,48927500.0,-0.0075125055163308,-0.0075408665166267,2.779998779296868,73.04958388012489,WFC,,,,48927500.0,2105080938.5585785,1.8084857594102137,140.02070180086042,-0.751250551633087,6.461432802065273,11.602813625677946,음봉,42.736820220947266,41.44771385192871,41.80875873565674,True,True,0,1.1514284951346252,0.10825677172572663,True,73.04958388012489,0.15821660789204373,0.2686347450161365,-11.403148312049579
2021-09-28,47.0099983215332,47.02999877929688,45.06999969482422,45.91999816894531,41.54088973999024,49349100.0,-0.0344827861369122,-0.0350913483102153,1.959999084472664,62.80485860772711,WFC,,,,49349100.0,2050005521.8677523,1.8136252492646314,0.8616831025496818,-3.4482786136912247,4.718240501685325,9.263337610750542,음봉,42.74948654174805,41.3350866317749,41.824519348144534,True,False,0,1.2264284406389503,0.09782788399795271,True,62.80485860772711,0.0878693771690422,0.15863001143450794,-42.839931482738784
2021-09-29,46.45000076293945,47.150001525878906,45.93000030517578,47.02999877929688,42.5450325012207,21730200.0,0.0241723941763289,0.0238848661352455,1.220001220703125,65.22231870762135,WFC,,,,21730200.0,924512065.2580261,0.7969490125331491,-55.966370207359404,2.4172394176328993,2.8675526823680784,11.817539426035328,음봉,42.74043731689453,41.39524517059326,41.88073444366455,True,True,0,1.2449997493198934,0.09768571350149217,False,65.22231870762135,0.11185522149084903,0.14609268460505181,-34.63086579975314
2021-09-30,47.13999938964844,47.150001525878906,46.119998931884766,46.40999984741211,41.98416519165039,22947500.0,-0.0131829094161397,-0.0132705752796468,1.0300025939941406,61.11112612831783,WFC,,,,22947500.0,963431630.7353973,0.8394968567337208,5.6018812528186634,-1.3182909416139754,2.4533120744270094,10.800242985584498,음봉,42.488948822021484,41.52913150787354,41.928952852884926,True,True,0,1.242856979370116,0.08931097589845835,False,61.11112612831783,0.08463129452379548,0.09509500611039862,-58.809082120555054
2021-10-01,46.54999923706055,47.310001373291016,46.4900016784668,47.02000045776367,42.53599548339844,18021700.0,0.0131437719251779,0.0130581420716727,0.8199996948242188,57.37706132231756,WFC,,,,18021700.0,766570949.8031616,0.6574607336209706,-21.465519119729816,1.3143771925177905,1.9277783098887624,10.87513357611833,음봉,42.326115417480466,41.63994941711426,42.00258127848307,True,True,0,1.2121426718575603,0.08907328935561044,False,57.37706132231756,0.106358197871117,0.0934575275661761,-56.1952567478299
2021-10-04,47.02000045776367,47.68999862670898,46.66999816894531,47.02000045776367,42.53599548339844,22315200.0,0.0,0.0,1.0200004577636648,55.87880057962274,WFC,,,,22315200.0,949199246.4111328,0.8155925058833323,23.82405655404318,0.0,2.397970110190004,10.541671643996946,음봉,42.22841567993164,41.76886043548584,42.05234069824219,True,True,0,1.200714111328124,0.08879838292242503,False,55.87880057962274,0.12216864125865357,0.08741437676297012,-56.1952567478299
2021-10-05,47.5,48.45000076293945,47.34999847412109,47.959999084472656,43.38634490966797,20250500.0,0.0199912901204208,0.0197940881620948,1.1000022888183665,57.67437481704563,WFC,,,,20250500.0,878595177.5932312,0.7408323713251093,-9.252437800243785,1.999129012042089,2.5353651963736823,11.670126583822366,음봉,42.59750671386719,41.933956146240234,42.11251958211263,True,True,0,1.2049999237060536,0.08931162263076477,False,57.67437481704563,0.200997647817303,0.13299470665729562,-35.4550191200142
2021-10-06,47.58000183105469,48.09000015258789,47.060001373291016,47.869998931884766,43.30492782592773,17425700.0,-0.001876560099952,-0.0018783230447162,1.029998779296875,59.54380172652498,WFC,,,,17425700.0,754618680.8162688,0.6418609668439967,-13.949285202834494,-0.18765600999520737,2.3784793810005826,9.665845164228683,음봉,42.74948577880859,42.11714477539063,42.18530267079671,True,True,0,1.1885711124965113,0.07796883996213012,False,59.54380172652498,0.2539728839074229,0.14877595419793244,-37.440802389304196
2021-10-07,48.2599983215332,48.59000015258789,47.540000915527344,47.7599983215332,43.20542144775391,19272300.0,-0.0022978072743544,-0.0023004512845499,1.0499992370605469,57.818201520005,WFC,,,,19272300.0,832667843.7675477,0.7122875157794969,10.596991799468602,-0.22978072743544686,2.430248801832096,11.442278614395365,음봉,42.993737030029294,42.27093296051025,42.23060677846273,True,True,1,1.1957141331263945,0.07768517727588518,False,57.818201520005,0.28464558989114863,0.1435589281453265,-39.86778812605243
2021-10-08,47.869998931884766,48.34000015258789,47.65999984741211,48.0,43.42253494262695,14295400.0,0.0050251447063323,0.0050125608063447,0.6800003051757812,63.98472674005303,WFC,,,,14295400.0,620742506.0188293,0.5293777518911109,-25.824110251500855,0.5025144706332307,1.5660078484000246,10.796278170255752,음봉,43.171044921875,42.43693370819092,42.27877877553304,True,True,1,1.170714242117745,0.04775044446479276,False,63.98472674005303,0.32275268288945114,0.14533281691490318,-42.57016038490018
2021-10-11,48.20000076293945,48.459999084472656,47.220001220703125,47.27999877929688,42.77119064331055,15387900.0,-0.0150001445142944,-0.0151137845250786,1.2399978637695312,58.40190436360503,WFC,,,,15387900.0,658158804.5001984,0.57320373780053,7.642318508051549,-1.5000144514294433,2.899142729297549,11.002272959477928,음봉,43.21808395385742,42.50568561553955,42.326903851826984,True,True,0,1.2142854418073377,0.04660918573169719,False,58.40190436360503,0.2969714847758169,0.09564129504101515,-59.40076707964648
2021-10-12,47.290000915527344,47.52999877929688,46.52000045776367,46.650001525878906,42.201271057128906,18995700.0,-0.0133248473472359,-0.0134144197075409,1.0099983215332102,47.2818142562413,WFC,,,,18995700.0,801642684.6199036,0.7206434363817751,23.445694344257497,-1.3324847347235935,2.393288866029534,10.565079447755664,음봉,42.98106918334961,42.53282432556152,42.38399467468262,True,False,0,1.1992855072021489,0.046579446037802175,False,47.2818142562413,0.22792457926745158,0.02127551162611982,-74.12737543827151
2021-10-13,46.56999969482422,46.56999969482422,45.220001220703125,46.04999923706055,41.65849685668945,24150300.0,-0.0128615604896044,-0.0129449864561146,1.3499984741210938,38.767631308147365,WFC,,,,24150300.0,1006065196.6381073,0.9213195770211964,27.135614902319993,-1.2861560489604407,3.2406317461843637,10.352125725742374,음봉,42.65178298950195,42.506137466430665,42.40516808827718,True,False,0,1.2235712323869983,0.046608690264375,False,38.767631308147365,0.12793234295926226,-0.06297337974565562,-88.15255244717349
2021-10-14,46.68000030517578,46.88999938964844,44.83000183105469,45.310001373291016,40.98905944824219,53257700.0,-0.0160696486661584,-0.0162001655997836,2.05999755859375,34.48271020891143,WFC,,,,53257700.0,2182983031.376648,2.0009495942740236,120.52603901400812,-1.6069648666158454,5.025725367509239,12.053971764178003,음봉,42.20851058959961,42.462262344360354,42.400772666931154,False,False,0,1.3107139042445597,0.05730913427668483,True,34.48271020891143,-0.005269485511149696,-0.15694016657285406,-93.45365881729458
2021-10-15,45.720001220703125,48.7400016784668,45.709999084472656,48.380001068115234,43.76628875732422,60096600.0,0.0677553802518668,0.0655586695952681,3.0300025939941406,53.68702188470666,WFC,,,,60096600.0,2630205148.9334106,2.235583734530625,12.841147852798752,6.775538025186689,6.923142628782008,11.541962260526628,음봉,42.277261352539064,42.54865474700928,42.4542236328125,False,True,0,1.3285713195800792,0.06527184761998242,True,53.68702188470666,0.11197551667397221,-0.03175613151018572,-27.20493900874453
2021-10-18,48.18999862670898,49.709999084472656,48.13999938964844,49.43000030517578,44.716156005859375,33842700.0,0.0217031709908508,0.0214710102522479,1.5699996948242188,66.66666666666666,WFC,,,,33842700.0,1513315452.859497,1.2594735493081666,-43.686165273909005,2.170317099085084,3.5110345679501034,10.107573648552638,음봉,42.66625442504883,42.712393569946286,42.53011105855306,False,True,0,1.300714220319476,0.08726030657854969,False,66.66666666666666,0.2783309482785228,0.10767944007549188,-2.3329075670191095
2021-10-19,49.63999938964844,50.34999847412109,49.27999877929688,50.34000015258789,45.53939056396485,26500300.0,0.0184102264514329,0.0182428098950816,1.0699996948242043,66.02136500405972,WFC,,,,26500300.0,1206807511.7622378,0.988063417625029,-21.69566848980725,1.8410226451432976,2.349613557786369,11.011329737609527,음봉,43.33387832641601,42.91548519134521,42.61341406504313,True,True,1,1.2899998256138387,0.10603005175018576,False,66.02136500405972,0.47116567057223335,0.2404113298953619,12.851252976778852
2021-10-20,50.18999862670898,50.38999938964844,49.709999084472656,50.15999984741211,45.37654876708984,24227900.0,-0.0035758448863361,-0.0035822535016991,0.6800003051757812,68.9585041488176,WFC,,,,24227900.0,1099378485.8741758,0.9028462804825534,-8.574997264181917,-0.35758448863361103,1.498572111920869,10.212275581975257,음봉,44.07748870849609,43.054798698425294,42.69205137888591,True,True,1,1.2649996621268131,0.10568696761527512,False,68.9585041488176,0.6038873675408354,0.29850642149117107,9.829985180306146
2021-10-21,49.95000076293945,50.59999847412109,49.7599983215332,50.33000183105469,45.53033828735352,20448300.0,0.0033891850403402,0.0033834546965348,0.8400001525878835,67.513184826751,WFC,,,,20448300.0,931018016.401291,0.7635804864204916,-15.600196467708717,0.3389185040340248,1.8449240312831179,10.078889029935647,음봉,44.98574447631836,43.16923522949219,42.7676975886027,True,True,1,1.2664282662527893,0.10540680397817162,False,67.513184826751,0.7132578056137291,0.3263014876512518,12.13755396444476
2021-10-22,50.540000915527344,51.119998931884766,50.4900016784668,50.65999984741211,45.828861236572266,21517200.0,0.0065565721768787,0.006535171350632,0.6299972534179688,68.60933936796734,WFC,,,,21517200.0,986108772.9995728,0.8041910511958986,5.227329411246906,0.6556572176878772,1.3746735930571619,11.002911062414183,음봉,45.398258972167966,43.29317016601563,42.83345731099447,True,True,1,1.238570894513811,0.11179134652812367,False,68.60933936796734,0.8146323977097865,0.34214086379784725,15.880125054203296
2021-10-25,50.88999938964844,51.119998931884766,50.52000045776367,50.619998931884766,45.79268264770508,19330300.0,-0.0007894280567093,-0.0007897398191244,0.5999984741210938,64.97749838663643,WFC,,,,19330300.0,885186293.3849335,0.7236566797664326,-10.16349710928931,-0.07894280567093404,1.310249671846126,11.043560796656434,음봉,45.61356430053711,43.43157958984375,42.90702069600423,True,True,1,1.2028563363211486,0.11143508557680552,False,64.97749838663643,0.8818873343117701,0.3275166403198646,15.304948495498474
2021-10-26,50.72999954223633,51.09999847412109,50.36000061035156,50.630001068115234,45.80172348022461,18196300.0,0.0001974296327884,0.0001974101461232,0.7399978637695241,65.68181338996666,WFC,,,,18196300.0,833421900.963211,0.6832568044544098,-5.866437665219893,0.01974296327884595,1.6156550617337058,10.781890487865283,음봉,45.66603088378906,43.64462127685547,42.98298657735189,True,True,1,1.182141985212052,0.11089113954338749,False,65.68181338996666,0.9252511563597636,0.2967043698942864,15.448681988131375
2021-10-27,50.2599983215332,50.9900016784668,49.95000076293945,50.04999923706055,45.27703094482422,21988300.0,-0.0114557378092318,-0.0115218602461939,1.0400009155273438,62.35161503973907,WFC,,,,21988300.0,995564939.5240784,0.8268750728601325,20.83940141677154,-1.1455737809231814,2.296972424704076,9.733858253682314,음봉,45.64612731933594,43.78122119903564,43.03459510803223,True,True,0,1.181427819388252,0.11054515282540094,False,62.35161503973907,0.9068256733014977,0.22262310946881625,7.106984416742222
2021-10-28,50.380001068115234,51.400001525878906,50.34999847412109,51.36000061035156,46.46211242675781,26785500.0,0.0261740104685257,0.0258373332144964,1.0500030517578196,66.2475536105425,WFC,,,,26785500.0,1244510912.4069214,1.0066790933122327,21.817057253175555,2.6174010468525744,2.2599124252325566,11.270549364223175,음봉,45.832482147216794,44.00511856079102,43.11616325378418,True,True,1,1.2078565870012545,0.12437309925559813,False,66.2475536105425,0.9765919723325851,0.2339115267999229,24.841867146339226
2021-10-29,51.25,51.63999938964844,51.02000045776367,51.15999984741211,46.28118515014648,19788500.0,-0.0038940820199802,-0.0039016836981588,0.6199989318847656,69.75561305858972,WFC,,,,19788500.0,915835232.3436736,0.7455666112598978,-26.122342312071833,-0.3894082019980205,1.339634950732897,10.304928732609268,음봉,45.92294692993164,44.19237804412842,43.179035377502444,True,True,1,1.1635709490094857,0.12384608434174992,False,69.75561305858972,1.0056899797374328,0.21040762736381635,21.309601165135454
2021-11-01,51.560001373291016,52.0,51.27000045776367,51.709999084472656,46.77873229980469,18699000.0,0.0107505274129013,0.0106931513421206,0.7299995422363281,75.97534671923111,WFC,,,,18699000.0,874715515.2740479,0.7067796942691867,-5.5057230209465065,1.075052741290139,1.5605372491878666,11.405965957913313,음봉,46.120156860351564,44.40451488494873,43.22336266835531,True,True,1,1.1435710362025655,0.1303847788127724,False,75.97534671923111,1.0567170803294914,0.20914778236469977,27.17895350643657
2021-11-02,51.540000915527344,51.720001220703125,51.220001220703125,51.29999923706055,46.4078254699707,21672500.0,-0.0079289628341538,-0.0079605642149253,0.5,77.48677552390106,WFC,,,,21672500.0,1005773597.4979401,0.819419750106436,15.901919888764105,-0.7928962834153896,1.0774045000741028,10.178276284204768,음봉,46.24137725830078,44.55558891296387,43.26331729888916,True,True,1,1.0828568594796302,0.12994268492045316,False,77.48677552390106,1.0550652088370285,0.16599672869778948,22.00591411236175
2021-11-03,51.040000915527344,52.56999969482422,51.02000045776367,52.0,47.04107666015625,24225700.0,0.0136453536396639,0.0135530941299791,1.5499992370605469,85.1734217077099,WFC,,,,24225700.0,1139603010.8459473,0.9180847867338348,11.780828238551155,1.3645353639663904,3.294990988957094,9.981453340350974,음봉,46.59418640136719,44.74239635467529,43.299050394694014,True,True,1,1.0464284079415442,0.13526359124664242,False,85.1734217077099,1.0922632368410774,0.16255580536147074,19.40346147600967
2021-11-04,51.54999923706055,51.70000076293945,49.90999984741211,50.619998931884766,45.969486236572266,32005700.0,-0.0227798872743832,-0.0230433578152529,1.7900009155273438,65.97104966398996,WFC,,,,32005700.0,1471285585.641861,1.2140771378508266,32.11465509768552,-2.2779887274383293,3.8938893210933045,9.585075208797996,음봉,46.49566116333008,44.88059959411621,43.30139414469401,True,True,0,0.9578568594796302,0.13484706680940764,True,65.97104966398996,1.023476549927679,0.0750152947584578,-48.99577886123975
2021-11-05,51.0,51.61000061035156,50.400001525878906,50.43999862670898,45.8060188293457,23443200.0,-0.0035559981328768,-0.0035623357230038,1.2099990844726562,58.917115746066834,WFC,,,,23443200.0,1073839660.6201172,0.8926887089676095,-26.753047113482907,-0.3555998132876881,2.6415722549052183,10.943158549867746,음봉,46.40062789916992,44.999773788452146,43.29362551371256,True,True,0,0.9321425301688043,0.13448994744651657,False,58.917115746066834,0.944880161029559,-0.002864875311729853,-105.59206635948163
2021-11-08,50.54999923706055,51.369998931884766,50.54999923706055,50.869998931884766,46.19651412963867,19509500.0,0.0085249779455358,0.0084888455278669,0.8199996948242188,55.78623632133736,WFC,,,,19509500.0,901270892.4121857,0.7470516768203458,-16.77970584220584,0.8524977945535861,1.7750250430651542,10.356674797233426,음봉,46.284184265136716,45.17103996276855,43.30412540435791,True,True,0,0.9142853873116624,0.13398002828587371,False,55.78623632133736,0.9036845508218647,-0.035248388415539345,-122.8490980777131
2021-11-09,50.5,50.560001373291016,49.209999084472656,49.88999938964844,45.30655288696289,28324800.0,-0.0192646839148584,-0.0194526661328873,1.3500022888183594,49.45362269384951,WFC,,,,28324800.0,1283299049.2126465,1.0851842261424411,45.18465363028268,-1.9264683914858471,2.9797064724534073,9.315607360080673,음봉,46.06392974853516,45.326304054260255,43.314266777038576,True,True,0,0.9621426718575609,0.13352108313682878,False,49.45362269384951,0.7901163291542801,-0.11905328806649929,-116.17397287024127
2021-11-10,49.7400016784668,50.77000045776367,49.68000030517578,50.36000061035156,45.73337936401367,19827800.0,0.0094208552594077,0.0093767557561677,1.0900001525878906,51.52011222772718,WFC,,,,19827800.0,906792299.3537903,0.7605255331176641,-29.99844659097328,0.9420855259407723,2.383379858969227,9.785447157202828,음봉,45.80239028930664,45.53004817962646,43.34207604726156,True,True,0,0.9799998147147042,0.13292358461905135,False,51.52011222772718,0.7261830387902393,-0.1463892627444321,-103.47080621795541
2021-11-11,50.41999816894531,50.90999984741211,50.220001220703125,50.59000015258789,45.94224166870117,16069700.0,0.0045669554183842,0.0045565585202497,0.6899986267089844,50.860398952769245,WFC,,,,16069700.0,738278040.9435272,0.6162929216577305,-18.95369128193748,0.45669554183842553,1.5018828025082114,10.247698442812672,음봉,45.79694137573242,45.77770729064942,43.38452351888021,True,True,1,0.9842856270926339,0.07153673909529631,False,50.860398952769245,0.6844786442773483,-0.15047492580585842,-97.25466732666972
2021-11-12,50.68000030517578,51.0,50.369998931884766,50.959999084472656,46.27824401855469,17124700.0,0.0073135819596374,0.0072869674054658,0.6300010681152344,53.52435653850136,WFC,,,,17124700.0,792501045.3445435,0.6589560560611246,6.565150562860533,0.7313581959637494,1.361333130666417,10.312423739876579,음봉,45.89138641357422,45.90330505371094,43.44342664082845,False,True,0,0.9864286695207868,0.05064821915494999,False,53.52435653850136,0.6708075409375809,-0.13131682331650074,-87.25459920708806
2021-11-15,51.18999862670898,51.70000076293945,50.97999954223633,51.08000183105469,46.3872299194336,20110200.0,0.0023550137476093,0.0023522450487642,0.720001220703125,54.18901223186008,WFC,,,,20110200.0,932856471.1257936,0.7723172144992758,17.433882053408233,0.23550137476093802,1.55215394830353,10.613528478273684,음봉,45.9295295715332,45.98685874938965,43.501583162943525,False,True,0,0.9850003378731869,0.038359778495534756,False,54.189012231860076,0.6611460641353801,-0.1127826400949613,-84.01097179395168
2021-11-16,51.11000061035156,51.18000030517578,50.16999816894531,50.369998931884766,45.74245834350586,19244900.0,-0.01389976459141,-0.0139972709169883,1.0100021362304688,53.27365700078936,WFC,,,,19244900.0,880309036.5749359,0.737770259617302,-4.30279161818381,-1.3899764591410069,2.208018923350805,10.181187148102135,음봉,46.016710662841795,45.9970121383667,43.54612871805827,True,True,0,0.9828575679234101,0.03835131095092627,False,53.27365700078936,0.5946073333572457,-0.14345709669847673,-103.20059854405747
2021-11-17,50.41999816894531,50.68999862670898,49.52999877929688,49.84000015258789,45.26115036010742,17802700.0,-0.0105221275993525,-0.0105778765941598,1.1599998474120952,40.62466684177021,WFC,,,,17802700.0,805770681.5158844,0.6835040290394575,-7.49393345769529,-1.052212759935256,2.562904031786394,10.225816440194741,음봉,45.922264862060544,45.991242218017575,43.57134450276693,False,True,0,0.9907144818987155,0.03870141823113276,False,40.62466684177021,0.497304758335666,-0.1926077373760452,-117.52523830500317
2021-11-18,49.630001068115234,50.18000030517578,49.27000045776367,49.900001525878906,45.31563186645508,19198200.0,0.0012037145745122,0.001202990690965,0.9099998474121094,42.310585347478,WFC,,,,19198200.0,869978563.6985779,0.7353606286171844,7.8386986243659695,0.12037145745122935,2.0081367288309564,9.65254014369564,음봉,45.79694290161133,45.980506896972656,43.58344656626384,False,True,0,1.0114288330078114,0.038710454063437434,False,42.310585347478,0.4197493595136166,-0.21613050895847574,-115.90376519634333
2021-11-19,49.0,49.2400016784668,47.77000045776367,48.81999969482422,44.3348503112793,30548400.0,-0.0216433383973578,-0.0218809907633313,1.470001220703125,31.9284731432969,WFC,,,,30548400.0,1354358741.2490845,1.159541967025747,59.12116760946338,-2.164333839735788,3.3156787727534964,8.130457375950831,음봉,45.40826416015625,45.905806350708005,43.58282070159912,False,True,0,1.0642860957554399,0.05895172232031199,False,31.9284731432969,0.2759641297157671,-0.2879325910050602,-71.56563942680985
2021-11-22,50.630001068115234,51.11000061035156,49.72999954223633,50.34000015258789,45.715213775634766,28549400.0,0.0311349526312552,0.0306600913585095,1.3800010681152344,45.54369808949715,WFC,,,,28549400.0,1305141924.1661072,1.0749600553386114,-6.543714237079524,3.113495263125521,3.0186910530225837,14.19910231485405,음봉,45.273860931396484,45.901932907104495,43.59374211629232,False,True,0,1.127143314906528,0.05895669697295243,False,45.54369808949715,0.27028145817355664,-0.23489221003781657,-42.808062681843865
2021-11-23,50.709999084472656,51.7400016784668,50.70000076293945,51.400001525878906,46.677833557128906,28024400.0,0.021056880237257,0.0208382479512922,1.0400009155273438,47.75790180560226,WFC,,,,28024400.0,1308118278.7384033,1.0510045856289656,-1.8389178056281374,2.1056880237257047,2.2280402415302514,10.925871053237872,음봉,45.46093597412109,45.94573841094971,43.641815439860025,False,True,0,1.090714863368442,0.05890048658423585,False,47.75790180560226,0.3395392740568468,-0.1325075153236211,-27.510492816456427
2021-11-24,51.5099983215332,51.7400016784668,51.18000030517578,51.310001373291016,46.59609603881836,18901900.0,-0.0017510992280845,-0.0017526341945186,0.5600013732910156,54.40612697946049,WFC,,,,18901900.0,880754747.7161407,0.7100337594359797,-32.551990408358435,-0.1751099228084585,1.2018203688662858,10.35216160683683,음봉,45.72792510986328,46.011691665649415,43.72938601175944,False,True,0,1.0028577532087044,0.05881605850404581,False,54.40612697946049,0.3834113303502349,-0.07090836722418642,-29.56937173781027
2021-11-26,49.09999847412109,49.09999847412109,47.68999862670898,48.43000030517578,43.98068618774414,29919300.0,-0.056129377209957,-0.0577661743583293,1.4099998474121094,40.455883643558685,WFC,,,,29919300.0,1315871344.2569733,1.1152179851448702,58.28726212708774,-5.612937720995703,3.2059523614368404,5.37363137293041,음봉,45.46093597412109,45.88762035369873,43.807290140787764,False,True,0,1.017143521990094,0.06669316144142631,False,40.455883643558685,0.20477798086079702,-0.19963337337089943,-91.58789244257203
2021-11-29,49.66999816894531,49.77000045776367,48.310001373291016,49.15999984741211,44.64361572265625,27677000.0,0.0150731967228114,0.014960724891433,1.4599990844726562,42.10527744776681,WFC,,,,27677000.0,1235601352.355957,1.0245921964978257,-7.494493520904566,1.5073196722811488,3.2703423789478574,12.935932734006734,음봉,45.52268905639649,45.80574188232422,43.879356447855635,False,True,0,1.0628577641078394,0.06681237649800123,False,42.10527744776681,0.11537269295339314,-0.2312309290226427,-75.21927428500351
2021-11-30,48.11000061035156,48.5099983215332,47.31999969482422,47.77999877929688,43.390403747558594,40671700.0,-0.0280714712464846,-0.0284730073141435,1.1899986267089844,40.60553874604861,WFC,,,,40671700.0,1764761484.0995789,1.5352801096061528,46.95125916826246,-2.807147124648468,2.742538727300828,7.76457021140461,음봉,45.05772705078125,45.636325454711915,43.93656692504883,False,False,0,1.0514289311000269,0.07999489170574155,False,40.60553874604861,-0.055960299209253606,-0.32205113694823156,-88.9048457853224
2021-12-01,48.68999862670898,49.45000076293945,47.18000030517578,47.209999084472656,42.87276840209961,29365100.0,-0.0119297194944425,-0.0120014496492437,2.270000457763672,36.09882894499758,WFC,,,,29365100.0,1258963131.4044952,1.1466746458637305,-27.79967397477853,-1.1929719494442548,5.2947372944838875,12.2137487126945,음봉,44.29671401977539,45.45957260131836,43.983039220174156,False,False,0,1.1357146671840113,0.09169264072526183,True,36.09882894499758,-0.2308506733424167,-0.3975532088651157,-94.45681153309793
2021-12-02,47.72999954223633,49.400001525878906,47.5099983215332,48.90999984741211,44.41658401489258,29184900.0,0.0360092354735217,0.0353760583472883,1.8900032043457031,43.4374975387047,WFC,,,,29184900.0,1296293562.8162384,1.1456341162373478,-0.6136536228379952,3.600923547352175,4.255174607106206,11.32940866934743,음봉,43.86081161499023,45.32834796905517,44.06262969970703,False,True,0,1.2214292798723483,0.08394449225519855,True,43.4374975387047,-0.24208888711747534,-0.32703313811213947,-60.601216185354076
2021-12-03,49.2599983215332,49.2599983215332,47.369998931884766,47.75,43.363162994384766,29221900.0,-0.0237168400918587,-0.0240026117898401,1.8899993896484373,38.189897945842105,WFC,,,,29221900.0,1267154012.7056122,1.1417266110755648,0.12677788856565453,-2.3716840091858704,4.358536737491173,10.904517792310775,음봉,43.73730697631836,45.1980318069458,44.11652145385742,False,False,0,1.3114291599818628,0.08418652323804406,False,38.189897945842105,-0.33216849342485233,-0.33369019553561313,-83.70254739718096
2021-12-06,48.97999954223633,49.900001525878906,48.709999084472656,48.810001373291016,44.325782775878906,31650100.0,0.022199021358723,0.0219562099643045,1.19000244140625,42.1885922536396,WFC,,,,31650100.0,1402915457.434845,1.2275267643944674,8.309521283694753,2.2199021358723092,2.6846732688809336,12.95301394083938,음봉,43.67374038696289,45.12402000427246,44.186909166971844,False,True,0,1.3450006757463717,0.08432460482618843,False,42.1885922536396,-0.3221681056157166,-0.25895184618118194,-62.5924708271951
2021-12-07,49.459999084472656,50.52000045776367,49.34000015258789,50.25,45.63348007202149,28370200.0,0.0295019560682006,0.0290751475015811,1.1800003051757812,49.60680466857523,WFC,,,,28370200.0,1294630956.3392642,1.0955177262554454,-10.363000432858026,2.9501956068200608,2.585821426096441,11.58291176616891,음봉,44.12235565185547,45.095868301391604,44.257531293233235,False,True,0,1.3571434020996083,0.08437724559595357,False,49.60680466857523,-0.2063438795132484,-0.11450209606297095,-33.91490717991045
2021-12-08,50.18000030517578,50.310001373291016,49.31999969482422,49.40999984741211,44.87065505981445,19990300.0,-0.0167163453456344,-0.01685764028307,0.9900016784667968,48.61913808834948,WFC,,,,19990300.0,896977855.8422089,0.7718262075242871,-29.537683907762368,-1.6716345345634487,2.206345499407315,9.96312406149761,음봉,44.521932983398436,45.07407341003418,44.31106726328532,False,True,0,1.3450006757463728,0.08441804494603833,False,48.61913808834948,-0.17409904374562046,-0.06580580823627438,-50.64352083066681
2021-12-09,49.02000045776367,50.02999877929688,48.7400016784668,49.68999862670898,45.12492370605469,16927200.0,0.0056667023448016,0.0056507069859117,1.2899971008300852,49.33501748217797,WFC,,,,16927200.0,763838608.5571289,0.6561495795226351,-15.322931621836588,0.56667023448016,2.8587241703347153,9.247347497864626,음봉,44.66360092163086,45.04365062713623,44.359945424397786,False,True,0,1.3721433367047997,0.0844750614582061,False,49.33501748217797,-0.12656842236156507,-0.014620149481775174,-45.0674557064424
2021-12-10,50.290000915527344,50.59999847412109,49.58000183105469,50.20000076293945,45.58808135986328,20040900.0,0.0102638988782699,0.0102115827420103,1.0199966430663991,54.53355924288468,WFC,,,,20040900.0,913626179.724884,0.7806821925492384,18.394654756841057,1.026389887826995,2.237419546163278,11.446173833152933,음봉,45.108584594726565,45.02594261169433,44.421970748901366,True,True,1,1.3400001525878906,0.08450828420949101,False,54.53355924288468,-0.05093990704332896,0.04880669266916875,-34.910492673022816
2021-12-13,49.900001525878906,49.959999084472656,48.43000030517578,48.560001373291016,44.0987434387207,19598900.0,-0.0326694582600667,-0.0332150200752674,1.529998779296875,44.19816717353361,WFC,,,,19598900.0,864286862.7811432,0.7713117276884405,-2.2054897734133716,-3.266945826006673,3.4694838446427623,9.458437463025,음봉,45.06317672729492,44.91696758270264,44.456309127807614,True,False,0,1.3507142748151506,0.08471331347164704,False,44.19816717353361,-0.1099138684430443,-0.008133814984437271,-67.57140216015533
2021-12-14,48.61000061035156,49.4900016784668,48.59999847412109,48.88999938964844,44.3984260559082,17602900.0,0.00679571783273,0.006772731024776,0.8900032043457102,41.40996952037357,WFC,,,,17602900.0,781541054.0195465,0.6988418075998625,-10.184245034160078,0.679571783273003,2.0045827823377884,10.229899584099647,음봉,44.816165924072266,44.81752738952637,44.50559323628743,False,False,0,1.340000152587891,0.08490127360124114,False,41.40996952037357,-0.13095965371341123,-0.02334368020384335,-60.999416920352324
2021-12-15,49.02000045776367,49.27000045776367,48.130001068115234,48.93999862670898,44.4438362121582,20284300.0,0.0010227875238824,0.0010222648330936,1.1399993896484375,41.86686148457939,WFC,,,,20284300.0,901512106.8782806,0.8072366420025413,15.232717336347989,0.10227875238824069,2.565033729776404,10.40932035751854,음봉,44.73080215454102,44.75259628295898,44.55503120422363,False,False,0,1.381428582327707,0.0850244560331397,False,41.86686148457939,-0.14233363650401998,-0.027774130395561675,-80.0048408757302
2021-12-16,49.720001220703125,50.81999969482422,49.310001373291016,50.29999923706055,45.67889022827149,32781100.0,0.0277890956626156,0.0274099861235413,1.5099983215332031,57.16477300892335,WFC,,,,32781100.0,1497404268.4619906,1.3063193832773274,61.60823888426024,2.778909566261567,3.305680838538932,11.871533733853418,음봉,44.84159545898438,44.773483276367195,44.60650806427002,True,True,1,1.3885713304792138,0.08498479181399152,False,57.16477300892335,-0.05110001334227121,0.050767594212949685,-41.23929474200466
2021-12-17,49.70000076293945,49.72999954223633,47.869998931884766,47.95000076293945,43.54478073120117,74833400.0,-0.0467198192952043,-0.0478464198961477,1.8600006103515625,45.87593959019537,WFC,,,,74833400.0,3258603994.37027,2.900933798959098,128.2821503854355,-4.67198192952043,4.271466244905937,8.802995244790827,음봉,44.432935333251955,44.6849407196045,44.61156094868978,False,False,0,1.4171428680419926,0.08515318793653252,False,45.87593959019537,-0.14928069566455093,-0.03793047048746401,-99.8686863605686
2021-12-20,47.060001373291016,47.16999816894531,46.25,46.84999847412109,42.54583740234375,29134900.0,-0.0229405984387388,-0.0232078288272478,0.9199981689453124,46.7685653000912,WFC,,,,29134900.0,1239568718.133545,1.125207447818046,-61.06698345925749,-2.2940598438738857,2.162369399960693,8.072656660712223,음봉,44.122354125976564,44.59549007415772,44.59815553029378,False,False,0,1.3978571210588733,0.09265502291630993,False,46.7685653000912,-0.3041894650775916,-0.15427139192040373,-81.05389157577892
2021-12-21,47.59000015258789,48.13999938964844,47.34000015258789,47.810001373291016,43.41764831542969,21249400.0,0.0204910977504444,0.0202839798102564,0.7999992370605469,52.02977828569089,WFC,,,,21249400.0,922598976.1138916,0.8248013350976416,-27.06547817222643,2.0491097750444442,1.84256694708231,11.855831400244739,음봉,43.92619857788086,44.48061180114747,44.60470809936523,False,False,0,1.292857033865793,0.09289431928808504,False,52.02977828569089,-0.3525440182453039,-0.16210075607049282,-61.97706507022549
2021-12-22,47.7400016784668,48.31999969482422,47.619998931884766,48.02999877929688,43.617431640625,15688000.0,0.0046014312830553,0.0045908770620929,0.7000007629394531,46.69173556877362,WFC,,,,15688000.0,684270267.578125,0.6112557459223857,-26.17203309269909,0.4601431283055346,1.6048646988363175,9.955291294533424,음봉,43.76091766357422,44.32759170532227,44.63931713104248,False,False,0,1.2078568594796322,0.09137105086600741,False,46.69173556877362,-0.37047391266887786,-0.1440245203952534,-57.60543840640803
2021-12-23,48.400001525878906,48.93000030517578,48.220001220703125,48.36000061035156,43.917118072509766,16025600.0,0.0068707950150288,0.0068472986672874,0.7099990844726562,52.44585026039034,WFC,,,,16025600.0,703798167.3828125,0.626097672479164,2.1519632840387493,0.6870795015028852,1.6166795901780389,10.964813161532994,음봉,43.408563232421876,44.19364280700684,44.662185223897296,False,False,0,1.1235711233956478,0.07089374459602141,False,52.445850260390344,-0.35639301586839167,-0.10395489887581377,-51.04774799290149
2021-12-27,48.54999923706055,48.81999969482422,48.08000183105469,48.77000045776367,44.28944396972656,11900400.0,0.0084779219028459,0.0084421861574693,0.7399978637695312,49.8307318227727,WFC,,,,11900400.0,527062099.017334,0.4758584983903423,-25.741313897763575,0.8477921902845909,1.6708222037633766,10.549146592227704,음봉,43.55749588012695,44.209080696105964,44.70060653686524,False,False,0,1.0914279392787394,0.07086898837513507,False,49.8307318227727,-0.3115983041713051,-0.04732814974298172,-42.90057245504583
2021-12-28,48.560001373291016,49.18999862670898,48.36000061035156,48.41999816894531,43.97159957885742,14320500.0,-0.0071765270091536,-0.007202402149191,0.8299980163574148,41.47249797799398,WFC,,,,14320500.0,629695291.7690277,0.5856512659878232,20.336291217101945,-0.717652700915361,1.8875774916237007,9.64238206847558,음봉,43.842648315429685,44.17547988891602,44.724533271789554,False,False,0,1.066427775791713,0.0709228928311846,False,41.47249797799398,-0.2983068626070704,-0.027229366542997624,-49.855592413342926
2021-12-29,48.59999847412109,48.86000061035156,48.369998931884766,48.45000076293945,43.99884796142578,14390700.0,0.0006196814041183,0.0006194894808804,0.4900016784667969,45.16128485873999,WFC,,,,14390700.0,633174221.35849,0.5913395347575181,0.49020634754373127,0.061968140411838846,1.1136693371980695,10.52588247776437,음봉,43.95888824462891,44.20590209960938,44.74891414642334,False,False,0,1.0307134900774275,0.07087408416342274,False,45.16128485873999,-0.28232017146032007,-0.0089941403169978,-49.259347678376756
2021-12-30,48.4900016784668,48.90999984741211,48.040000915527344,48.09999847412109,43.680999755859375,13701300.0,-0.0072240119978838,-0.0072502315223069,0.8699989318847656,42.0420782816157,WFC,,,,13701300.0,598486481.954956,0.566426888254992,-4.790593925243392,-0.7224011997883806,1.991710209810534,10.207434796880259,음봉,43.97160186767578,44.24631366729737,44.75382506052653,False,False,0,1.0007136208670475,0.07080935260474351,False,42.0420782816157,-0.2919330746075133,-0.014885634771352796,-56.214451109267294
2021-12-31,48.02999877929688,48.36000061035156,47.84000015258789,47.97999954223633,43.572025299072266,12649300.0,-0.0024947793639382,-0.0024978965114517,0.5200004577636719,38.43747251559585,WFC,,,,12649300.0,551155619.6155548,0.5247861326307612,-7.678103537620517,-0.2494779363938271,1.1934273291049973,9.95627171480692,음봉,43.902583312988284,44.20408573150635,44.75827668507894,False,False,0,0.9649996076311383,0.0708769964151677,False,38.43747251559585,-0.30483079784707456,-0.022226686408731267,-58.599012686164755
2022-01-03,48.93000030517578,50.810001373291016,48.91999816894531,50.72999954223633,46.06937789916992,38978100.0,0.0573155042244692,0.0557331526273298,1.8900032043457031,60.13067768211255,WFC,,,,38978100.0,1795696818.6916351,1.599546833550732,208.1443241918525,5.731550422446929,4.102515142449443,12.296823407512337,음봉,44.25857009887695,44.33939647674561,44.80600929260254,False,True,0,0.9907142094203404,0.0794674888882202,True,60.13067768211255,-0.1122429855871161,0.13628890068098176,-3.9523438269512967
2022-01-04,51.58000183105469,53.150001525878906,51.52000045776367,52.75,47.903804779052734,43855100.0,0.0398187899106809,0.0390464575011479,1.6300010681152344,65.56449350871083,WFC,,,,43855100.0,2100826148.9658356,1.77243236970235,12.512154260982445,3.9818789910680996,3.402654706934672,11.961576611574031,음봉,45.04501113891602,44.5182975769043,44.880697123209636,True,True,0,1.0435711996895922,0.12035427382309988,False,65.56449350871083,0.18626007125205746,0.34783356601612425,23.968179903294683
2022-01-05,52.91999816894531,53.13999938964844,52.0,52.290000915527344,47.486061096191406,35072600.0,-0.0087204697995929,-0.0087587156062943,1.1399993896484375,63.07566892415005,WFC,,,,35072600.0,1665459626.4022827,1.401614514646525,-20.026177115090384,-0.8720469799592956,2.4007032028602397,10.471388260345549,음봉,45.74245376586914,44.61092662811279,44.95927829742432,True,True,0,1.0435711996895922,0.12010437311410867,False,63.07566892415005,0.3846830832909518,0.43700526244401483,17.913924968791363
2022-01-06,53.150001525878906,53.66999816894531,52.65999984741211,53.630001068115234,48.70295715332031,29720800.0,0.0256263844386643,0.0253035327100964,1.0099983215332031,63.017944358268366,WFC,,,,29720800.0,1447490848.9624023,1.1799189298615695,-15.259205191517022,2.5626384438664385,2.073792600218623,11.927585272263766,음봉,46.74684524536133,44.802541732788086,45.06763973236084,True,True,0,1.0078569139753064,0.13742791173989496,False,63.017944358268366,0.6328331846503232,0.548124291042709,33.05872990085897
2022-01-07,53.86000061035156,55.18999862670898,53.79999923706055,54.77000045776367,49.738224029541016,35149300.0,0.0212567559904341,0.0210339825831037,1.3899993896484304,79.44729039236839,WFC,,,,35149300.0,1748263757.881546,1.3773310351339143,18.26498613765444,2.1256755990434195,2.794630119529134,10.588768646627589,음봉,47.98008499145508,45.0332067489624,45.202301851908366,True,True,0,0.974285398210797,0.1597129573137268,False,79.44729039236839,0.9026263973836706,0.654334003020845,39.01817187219315
2022-01-10,55.5,56.060001373291016,54.47999954223633,55.34999847412109,50.26493453979492,34733500.0,0.0105896525364692,0.0105339748923893,1.5800018310546875,88.42672087196391,WFC,,,,34733500.0,1745877103.837967,1.344855592506163,-1.1829538568335685,1.0589652536469263,3.1433480328195684,11.584201251409567,음봉,48.81919631958008,45.267049407958986,45.35689977010091,True,True,0,1.0214285169328952,0.17052353176113966,False,88.42672087196391,1.1457332982362303,0.7179527230987237,33.54282084574277
2022-01-11,55.560001373291016,56.130001068115234,55.22999954223633,56.060001373291016,50.90971374511719,25073700.0,0.0128276145433312,0.0127460375804398,0.9000015258789062,88.15906969586987,WFC,,,,25073700.0,1276494889.5309448,0.9672221899061644,-27.8111909251875,1.2827614543331256,1.7678385118895439,10.534315585955795,음봉,49.42037811279297,45.60759792327881,45.47595685323079,True,True,1,1.028571537562778,0.18338778457140337,False,88.15906969586987,1.3745802563289118,0.7574397449531242,38.65703863018783
2022-01-12,56.40999984741211,56.709999084472656,55.7599983215332,56.400001525878906,51.21846771240234,34159400.0,0.0060647358740013,0.0060464193825387,0.9500007629394532,88.28906488998479,WFC,,,,34159400.0,1749592125.9750364,1.3096780817195102,36.23597634174453,0.6064735874001359,1.8548012179392366,10.804001236055784,음봉,50.16685943603515,45.94860000610352,45.584328715006514,True,True,1,1.0464286804199208,0.18874634502262463,False,88.28906488998479,1.5628415199589867,0.756560806866559,38.08870311889162
2022-01-13,56.59999847412109,57.18000030517578,55.7599983215332,56.0,50.855224609375,34037300.0,-0.0070920337770936,-0.0071173017872363,1.420001983642578,84.72729425107836,WFC,,,,34037300.0,1730974536.5966797,1.3204420148061191,-0.3574418754427766,-0.7092033777093665,2.792244050733787,10.507012415788525,음봉,50.597312927246094,46.26916942596436,45.67292594909668,True,True,1,1.0971431732177723,0.18743864257031298,False,84.72729425107836,1.6635528434167313,0.6858177042594427,32.28291656881465
2022-01-14,56.84999847412109,58.869998931884766,56.38999938964844,58.060001373291016,52.72597122192383,56739600.0,0.0367857310024339,0.0361252839849359,2.479999542236328,86.71939622781858,WFC,,,,56739600.0,2991650516.743469,2.2057139465115134,66.69829863120754,3.6785731002433986,4.7035635091442884,11.787921321344372,음봉,51.194862365722656,46.621523475646974,45.795416323343915,True,True,1,1.2214290073939722,0.2183569531977592,True,86.71939622781858,1.8727332073158252,0.715998454526829,44.29711341860549
2022-01-18,57.720001220703125,58.11000061035156,56.5099983215332,56.68999862670898,51.4818229675293,41689600.0,-0.023596497618942,-0.0238793534346794,1.6000022888183594,80.24866852759375,WFC,,,,41689600.0,2146256606.7871094,1.6128459539774422,-26.52468469992739,-2.3596497618942003,3.1078974997204654,9.47167000065187,음봉,51.43824005126953,47.01837558746338,45.89460773468018,True,True,1,1.276429312569754,0.2165139414619511,False,80.24866852759375,1.9160309740393018,0.6074369770002443,33.01743624647581
2022-01-19,57.11000061035156,57.68000030517578,55.470001220703125,55.56999969482422,50.46472930908203,34970200.0,-0.0197563644762301,-0.019954130537971,2.209999084472656,74.11925183577546,WFC,,,,34970200.0,1764761676.8844604,1.3458922179319925,-16.11768882407123,-1.9756364476230193,4.379294439363866,10.932358876203898,음봉,51.3492431640625,47.414320182800296,45.97187220255534,True,True,0,1.3992862701416011,0.19631880981541028,True,74.11925183577546,1.8469829384731327,0.43071115314726005,23.796277851097443
2022-01-20,55.720001220703125,56.380001068115234,54.90999984741211,55.0,49.94708633422852,26972800.0,-0.0102575200925599,-0.0103104909965324,1.470001220703125,73.03068379924682,WFC,,,,26972800.0,1347212770.2758791,1.0363597907967244,-22.869185763878964,-1.025752009255998,2.9431170636589057,10.41375230496939,음봉,51.094966888427734,47.74079208374023,46.0411122639974,True,True,0,1.4421435764857695,0.19174264865138788,False,73.03068379924682,1.73054377941191,0.2514175952688298,19.10323132216114
2022-01-21,54.5,55.0,53.130001068115234,53.66999816894531,48.73927688598633,38357600.0,-0.0241817798972286,-0.0244789598104116,1.8699989318847656,67.57256106452128,WFC,,,,38357600.0,1869521687.0819092,1.4578675859357906,42.20844702811721,-2.4181779897228695,3.836739179079683,9.11547399442875,음봉,50.67177734375,47.9968843460083,46.090071487426755,True,True,0,1.5385720389229907,0.19071958623107704,False,67.57256106452128,1.5232457497530376,0.035295652487965734,-1.81629416182673
2022-01-24,52.72999954223633,53.4900016784668,51.18000030517578,53.31999969482422,48.42143249511719,48451400.0,-0.0065213193788792,-0.006542676081989,2.310001373291016,59.39085985164753,WFC,,,,48451400.0,2346086194.393921,1.8120609299346595,26.314993638809515,-0.6521319378879231,4.770617584525109,8.187898777376866,음봉,49.81086959838867,48.22210006713867,46.14247817993164,True,True,0,1.56857190813337,0.18982885254077914,True,59.39085985164753,1.3181187295264323,-0.13586509419091186,-35.872149579812756
2022-01-25,52.66999816894531,53.72999954223633,51.54999923706055,53.59000015258789,48.666629791259766,40858700.0,0.0050638174772565,0.0050510394723706,2.180000305175781,53.48835586567816,WFC,,,,40858700.0,1988455226.6521454,1.5088143580195614,-15.670754611837845,0.5063817477256594,4.479456076013911,8.774142884468668,음봉,49.24783096313477,48.44095935821533,46.17922013600667,True,True,0,1.607857567923409,0.18897119388489364,False,53.48835586567816,1.161945278847142,-0.23363083589616185,-32.68362760412662
2022-01-26,53.90999984741211,54.91999816894531,53.43000030517578,54.13999938964844,49.16609573364258,39687100.0,0.0102630065925073,0.0102106995211433,1.4899978637695312,57.625707619941736,WFC,,,,39687100.0,1951259757.9906464,1.4473182566727743,-2.867443163879424,1.026300659250734,3.030539320920656,10.774056224238526,음봉,48.988104248046874,48.70068416595459,46.22730197906494,True,True,1,1.6328574589320586,0.18796339475762136,False,57.625707619941736,1.0661890575779935,-0.26350964573224833,-26.18862069153678
2022-01-27,54.59999847412109,55.5099983215332,53.22999954223633,53.7599983215332,48.82101440429688,34209200.0,-0.0070186848110774,-0.0070434316407623,2.279998779296875,50.58191921273562,WFC,,,,34209200.0,1670127845.959473,1.2387855280522742,-13.80272179121176,-0.701868481107748,4.6701175858734425,11.052133913411973,음봉,48.76288986206055,48.941792488098145,46.26134001413981,False,True,0,1.7235717773437496,0.1870374062224561,False,50.58191921273562,0.9514882191135854,-0.3025683873573253,-30.676024995448557
2022-01-28,53.61000061035156,54.220001220703125,52.77000045776367,54.18999862670898,49.21150970458984,35519700.0,0.0079985085328047,0.0079666900179281,1.4500007629394531,47.22753100366284,WFC,,,,35519700.0,1747978061.2541196,1.2798162776463435,3.830840826444337,0.7998508532804705,2.9464667343952975,9.809272225267788,음봉,48.85733642578125,49.21831798553467,46.308068084716794,False,True,0,1.7278575897216797,0.1859865655210306,False,47.22753100366284,0.8819303414897632,-0.29770101198491794,-25.598061796122597
2022-01-31,53.81999969482422,54.04999923706055,53.02999877929688,53.79999923706055,48.85733413696289,34657500.0,-0.0071970067521401,-0.0072230301407448,1.0200004577636648,42.453740060861854,WFC,,,,34657500.0,1693273057.8517914,1.2382204674361694,-2.4273853664304568,-0.7197006752140189,2.087712061620624,9.364658832656296,음봉,48.94451675415039,49.4825834274292,46.33833904266358,False,True,0,1.6878574916294637,0.13452396503340247,False,42.453740060861854,0.7891296189653474,-0.31240138760746716,-30.203726696982518
2022-02-01,54.720001220703125,55.810001373291016,53.9900016784668,55.59999847412109,50.49197006225586,35870200.0,0.0334573294709563,0.0329098118862311,1.8199996948242188,47.97532877403752,WFC,,,,35870200.0,1811157064.5271301,1.2691879210552564,3.4990983192671132,3.3457329470956365,3.604532943713992,11.999564010810095,음봉,49.30958480834961,49.7037130355835,46.41371377309164,False,True,0,1.753571646554129,0.10542291120144497,False,47.975328774037514,0.8378278774785315,-0.21096250327542654,-8.947078878925257
2022-02-02,55.27000045776367,56.04999923706055,54.959999084472656,55.93000030517578,50.79165649414063,29037100.0,0.0059353285584868,0.0059177838839813,1.0900001525878906,47.92956149324133,WFC,,,,29037100.0,1474842408.786011,1.0231816704709626,-19.049517426721906,0.5935328558486885,2.1460220591813814,9.46295101897702,음봉,49.63469696044922,49.84810562133789,46.49680773417155,False,True,0,1.7635716029575887,0.10511753777638914,False,47.92956149324133,0.8903404976323372,-0.12675990649729663,-5.049985440652087
2022-02-03,55.84000015258789,56.290000915527344,54.72999954223633,55.16999816894531,50.326419830322266,25227400.0,-0.0091597064543865,-0.0092019145054943,1.5600013732910156,47.45993092011837,WFC,,,,25227400.0,1269604723.627472,0.888441324625004,-13.120111856900307,-0.9159706454386574,3.0997662431594155,9.939316822694371,음봉,49.935778045654295,49.99012355804443,46.56563949584961,False,True,0,1.7735715593610486,0.08610778330660782,False,47.45993092011837,0.8842236371333456,-0.1063014135970306,-11.09987811816833
2022-02-04,56.040000915527344,57.040000915527344,55.470001220703125,56.33000183105469,51.38458251953125,33622100.0,0.0210259877967999,0.020807992136562,1.5699996948242188,43.011180537033056,WFC,,,,33622100.0,1727657571.9299316,1.1830111893874207,33.27612040876191,2.1025987796799983,3.055390581849065,11.35304499002446,음봉,50.370392608642575,50.12420482635498,46.66693998972575,True,True,1,1.7085715702601836,0.0858774466691059,False,43.011180537033056,0.9537664408715116,-0.02940688788709167,2.952124175271295
2022-02-07,56.40999984741211,57.88999938964844,55.90999984741211,57.33000183105469,52.29679870605469,37480100.0,0.017752721571236,0.0175969825032328,1.979999542236328,54.39826376036205,WFC,,,,37480100.0,1960089245.1828003,1.308498813551996,11.474595578503433,1.7752721571236085,3.7860817320106683,9.780010037000302,음봉,51.058285522460935,50.25213356018067,46.7763303120931,True,True,1,1.73571423121861,0.08565882524473584,False,54.39826376036205,1.0701517926867936,0.06958277114255229,16.643793640199526
2022-02-08,58.0,58.97999954223633,57.79999923706055,58.75,53.59212875366211,39099600.0,0.0247688210302909,0.0244670466940447,1.1800003051757812,66.38586364517607,WFC,,,,39099600.0,2095430797.416687,1.3503788450872718,4.320959655924073,2.476882103029099,2.201816446963116,10.905450113689314,음봉,51.67831726074219,50.41849327087402,46.90382843017578,True,True,1,1.6621428898402617,0.1025555490277206,False,66.38586364517607,1.2524726072493664,0.20152286856409996,30.924726723375244
2022-02-09,58.70000076293945,59.380001068115234,58.34000015258789,59.060001373291016,53.87490463256836,25883100.0,0.0052764442369146,0.0052625725789797,1.0400009155273438,71.09889650525844,WFC,,,,25883100.0,1394449544.09523,0.8951201145483019,-33.80213608323359,0.5276444236914646,1.9303995480274954,9.531011602013118,음봉,52.29496688842774,50.56675281524658,47.030439440409346,True,True,1,1.631428582327706,0.10784699103334304,False,71.09889650525844,1.4036009781470469,0.2821209915694243,32.864683861645595
2022-02-10,59.54999923706055,60.29999923706055,58.79999923706055,59.04999923706055,53.86578750610352,36092000.0,-0.0001692277049401,-0.0001692420255638,1.5,81.60836489738638,WFC,,,,36092000.0,1944124002.6702883,1.2371312389735003,39.44233882340213,-0.01692277049401003,2.7846989145569165,10.533836937989658,음봉,53.00284042358398,50.69911880493164,47.15508206685384,True,True,1,1.6050000871930798,0.10756542255564208,False,81.60836489738638,1.5052836520594681,0.3070429323854764,29.449424511858897
2022-02-11,58.52000045776367,60.2400016784668,57.90999984741211,58.310001373291016,53.19075012207031,38650500.0,-0.0125318391373507,-0.0126110248910557,2.3300018310546875,78.16543754550636,WFC,,,,38650500.0,2055849087.5930786,1.308750301122352,7.088828549263004,-1.2531839137350786,4.380464320784048,8.640387836403175,음봉,53.3640739440918,50.815895080566406,47.279220263163246,True,True,0,1.6064286913190564,0.10731823435964136,False,78.16543754550636,1.513946198967588,0.25256438343487697,18.751438685825896
2022-02-14,58.5099983215332,58.650001525878906,57.18000030517578,57.84999847412109,52.77113723754883,32680500.0,-0.0078888318656625,-0.0079201133244884,1.470001220703125,73.75010705484831,WFC,,,,32680500.0,1724587150.4917145,1.0974237874495922,-15.446113245624248,-0.7888831865662582,2.7856159591291862,10.00032559656606,음봉,53.45894165039063,50.818153381347656,47.40438671112061,True,True,0,1.555714470999581,0.10731346525969634,False,73.75010705484831,1.47000675405949,0.16689995082142328,0.01509667954106094
2022-02-15,59.119998931884766,59.31999969482422,58.09000015258789,58.380001068115234,53.25461196899414,18224600.0,0.0091617265943872,0.0091200125654028,1.229999542236328,73.70143856573328,WFC,,,,18224600.0,970544001.2901306,0.6126048015120614,-44.23402334725601,0.9161726594387298,2.3096582563637074,12.030935899214356,음봉,53.39143829345703,50.9067928314209,47.53670304616292,True,True,0,1.5371431623186378,0.1071266099105964,False,73.70143856573328,1.457396834157791,0.12343202473577919,6.4357448843533565
2022-02-16,57.90999984741211,58.880001068115234,57.54999923706055,58.13999938964844,53.035682678222656,22057200.0,-0.0041109921315162,-0.0041194654902494,1.3300018310546875,74.79541565900573,WFC,,,,22057200.0,1169818659.9700928,0.7403235945195951,21.029816840973183,-0.41109921315162223,2.5077490547713994,8.741755326521625,음봉,53.22359390258789,51.03534049987793,47.68171691894531,True,True,0,1.469286237444196,0.10685677971452381,False,74.79541565900573,1.4134443115048043,0.06358360166623389,3.5283169127391654
2022-02-17,57.150001525878906,57.52999877929688,55.7599983215332,56.150001525878906,51.22039413452149,24946500.0,-0.0342276831753982,-0.0348271694194336,1.770000457763679,60.12167140187743,WFC,,,,24946500.0,1277769562.2768404,0.8341248861498752,13.099124095533421,-3.422768317539826,3.4556556771411784,7.757642854563761,음봉,52.694515228271484,51.09900588989258,47.77346992492676,True,True,0,1.4921433585030692,0.10672364447171902,False,60.12167140187743,1.2180916043845045,-0.10541528436325298,-24.891396572649537
2022-02-18,56.150001525878906,56.720001220703125,55.369998931884766,55.630001068115234,50.74604415893555,22137900.0,-0.0092609591082049,-0.0093041083991697,1.3500022888183594,59.40231741295647,WFC,,,,22137900.0,1123410850.9860992,0.7390618987153553,-11.258493175395346,-0.9260959108204903,2.6603103969842072,9.624305854442774,음봉,52.20557403564453,51.19934425354004,47.84127343495687,True,True,0,1.5157149178641187,0.10651449187406548,False,59.40231741295647,1.013316219222034,-0.24815253562057893,-51.409806254413205
2022-02-22,55.56999969482422,56.119998931884766,54.70000076293945,55.27999877929688,50.4267692565918,26887800.0,-0.006291621497506,-0.0063114971586545,1.4199981689453125,49.62650592931671,WFC,,,,26887800.0,1355864886.417389,0.899379371245709,21.455964657894388,-0.6291621497506061,2.8159610260173276,9.506072080771744,음봉,51.736700439453124,51.29961109161377,47.905117988586426,True,True,0,1.4871433803013399,0.10152659504586418,False,49.62650592931671,0.8158626777343159,-0.3564848616866376,-76.30772626269919
2022-02-23,55.84999847412109,56.02000045776367,53.7599983215332,53.95000076293945,49.21353530883789,21860700.0,-0.0240593233641537,-0.0243534765517568,2.2600021362304688,41.81645614441823,WFC,,,,21860700.0,1075842331.3259125,0.7338322225248128,-18.6965835806574,-2.405932336415373,4.592236916222135,10.75466324232216,음봉,50.92848510742188,51.32695636749268,47.99233214060465,False,True,0,1.5707149505615239,0.09846463897228667,True,41.816456144418225,0.5550828339817002,-0.4938117643514026,-69.5177733370197
2022-02-24,51.7599983215332,52.83000183105469,50.68000030517578,52.709999084472656,48.08240509033203,40917600.0,-0.0229841284802542,-0.0232523819129167,2.1500015258789062,39.11510889609546,WFC,,,,40917600.0,1967416618.52417,1.364173129902993,87.17424419163156,-2.298412848025422,4.471493307873671,5.174314335914032,음봉,49.93782958984375,51.27277183532715,48.049645296732585,False,True,0,1.612857818603516,0.11297418366301921,False,39.11510889609546,0.25420980125787906,-0.635747837660179,-27.002032258384308
2022-02-25,53.16999816894531,54.43999862670898,53.09000015258789,54.11000061035156,49.35948944091797,27493500.0,0.0265603259276796,0.0262137243108649,1.3499984741210866,40.38130102277472,WFC,,,,27493500.0,1357065122.9438782,0.9124713833739437,-32.80764267698986,2.656032592767965,2.735033302435188,10.580987097162176,음봉,49.56564865112305,51.299695587158205,48.14913005828858,False,True,0,1.5971434456961495,0.11291489113019919,False,40.381301022774714,0.11746176311635281,-0.6179967006413641,-13.72672568477194
2022-02-28,52.630001068115234,53.400001525878906,52.209999084472656,53.369998931884766,48.68445587158203,31094800.0,-0.0136758620678995,-0.0137702381065054,1.19000244140625,32.44675566179873,WFC,,,,31094800.0,1513833418.435669,1.0313548940611441,13.098732427664729,-1.3675862067899502,2.4443170209094913,6.625902464230274,음봉,49.15333099365235,51.27334289550781,48.24599151611328,False,True,0,1.5407150813511439,0.1129729254057243,False,32.44675566179873,-0.04486444053833338,-0.6242583234368403,-20.743707434100305
2022-03-01,52.43999862670898,52.720001220703125,50.0099983215332,50.290000915527344,45.87485885620117,54135500.0,-0.0577103505642931,-0.0594425681917344,2.710002899169922,17.310618252986416,WFC,,,,54135500.0,2483458421.6098785,1.7709024090817114,74.09824150661848,-5.771035056429319,5.907381443209814,7.714048946204042,음봉,48.24294891357422,51.12421913146973,48.27029609680176,False,False,0,1.650000980922154,0.156482503053875,True,17.310618252986416,-0.39565921168804863,-0.7800424756692443,-40.18599705945811
2022-03-02,51.31999969482422,52.81999969482422,51.0,52.220001220703125,47.63542175292969,34894300.0,0.038377510920462,0.0376594092990932,1.8199996948242188,26.511025425615173,WFC,,,,34894300.0,1662204697.2732544,1.1449110787342829,-35.5426660878721,3.8377510920462043,3.820685590365923,11.86955333354011,음봉,47.92732620239258,50.981391716003415,48.34150040944417,False,False,0,1.7057151794433594,0.15692089813734758,False,26.511025425615173,-0.5255457191268462,-0.7279431864864336,-23.0765438030267
2022-03-03,52.34999847412109,52.560001373291016,50.93999862670898,51.2400016784668,46.741458892822266,24159700.0,-0.0187667669815989,-0.018945097401292,1.6200027465820384,24.85514376298238,WFC,,,,24159700.0,1129259624.412918,0.7948547597016041,-30.763190549745943,-1.876676698159896,3.4658797242437167,9.897207892153158,음봉,47.65913696289063,50.7788818359375,48.381761678059895,False,False,0,1.7142868041992192,0.15754671011100038,False,24.85514376298238,-0.6926328038908665,-0.716024217000363,-31.950521565524397
2022-03-04,50.040000915527344,50.060001373291016,48.18000030517578,48.790000915527344,44.50654983520508,35871600.0,-0.0478142768872879,-0.048995175914556,1.8800010681152344,22.38981631220932,WFC,,,,35871600.0,1596521153.0685425,1.176069802601902,48.47700923438618,-4.78142768872879,4.224099767509133,7.056994156448143,음봉,46.68854904174805,50.48788833618164,48.36297950744629,False,False,0,1.6821438925606869,0.1855564791100511,False,22.38981631220932,-0.9939315808362394,-0.8138583951565888,-32.97532020858245
2022-03-07,48.58000183105469,48.58000183105469,45.77000045776367,45.810001373291016,41.78817367553711,56332500.0,-0.0610781147883475,-0.0630229925722623,2.810001373291016,19.534432404977565,WFC,,,,56332500.0,2354032293.577194,1.8211971081692138,57.03927340849029,-6.107811478834757,6.72439383235357,9.15247758123788,음봉,45.30929260253906,50.00806789398193,48.311604817708336,False,False,0,1.7778581891741077,0.24169561964792066,True,19.534432404977565,-1.4355155404012905,-1.0043538837773116,-29.386177169190418
2022-03-08,46.68000030517578,48.20000076293945,46.34999847412109,46.459999084472656,42.38111114501953,60018100.0,0.0141891214027745,0.0140893980372618,1.8500022888183665,20.020130861114936,WFC,,,,60018100.0,2543633766.8128967,1.9125091158203096,6.542581990857843,1.4189121402774507,4.36515758751118,11.70624652711817,음봉,44.61054306030273,49.51228351593018,48.26587460835775,False,False,0,1.8221440996442533,0.24411580518483744,False,20.020130861114936,-1.7178268725188843,-1.0293321727159244,-25.84965030488479
2022-03-09,48.790000915527344,49.75,48.34999847412109,49.15999984741211,44.84405899047852,34560200.0,0.0581142820213298,0.056488344636081,1.4000015258789134,29.901494734985988,WFC,,,,34560200.0,1549819647.5227358,1.0978421552449786,-42.41703752701268,5.811428202132984,3.1219331108635093,15.122042809538186,음봉,44.05227050781251,49.074880027770995,48.25347423553467,False,False,0,1.8271440778459838,0.24629160479233952,False,29.901494734985988,-1.7229601180157843,-0.8275723345702591,-7.873653056477899
2022-03-10,48.2599983215332,49.56999969482422,47.84999847412109,49.0099983215332,44.70723724365234,26178800.0,-0.0030510562582043,-0.0030557202194377,1.720001220703132,32.58534875812677,WFC,,,,26178800.0,1170381822.3541257,0.8290110779643617,-24.251595766228206,-0.3051056258204343,3.8472545537296488,7.61737319937958,음봉,43.645426177978514,48.6164966583252,48.2636157989502,False,False,0,1.8235727037702303,0.2484262474823598,False,32.58534875812677,-1.7182615737158358,-0.6582990322162483,-9.705599452634592
2022-03-11,49.66999816894531,50.0,48.43000030517578,48.470001220703125,44.21464538574219,23707100.0,-0.0110181681597891,-0.0110793177605046,1.5699996948242188,32.55359304885559,WFC,,,,23707100.0,1048201019.6243286,0.748189298972586,-9.441609241065285,-1.1018168159789177,3.550858954373733,11.10057617348655,음봉,43.58704528808594,48.133939552307126,48.26055278778076,False,False,0,1.8392868041992203,0.23821940194603142,False,32.55359304885559,-1.7342941265481286,-0.5394652680388328,-15.027587452408419
2022-03-14,49.65999984741211,50.380001068115234,49.29999923706055,49.86000061035156,45.482608795166016,28166600.0,0.0286774528747595,0.0282739508381963,1.0800018310546875,37.4304109724018,WFC,,,,28166600.0,1281090448.889923,0.88532607841528,18.810820387141412,2.8677452874759535,2.374538004006209,12.315725737847655,음봉,44.325932312011716,47.74853248596192,48.277865664164224,False,False,0,1.815001351492747,0.24014221372831024,False,37.4304109724018,-1.6259431295647104,-0.34489141684433156,-2.8038210985137195
2022-03-15,50.15999984741211,50.630001068115234,49.33000183105469,50.11000061035156,45.71065902709961,25080600.0,0.0050140094857054,0.0050014812006526,1.2999992370605469,40.62498085705664,WFC,,,,25080600.0,1146450754.7950745,0.7861775105392355,-10.956238949677989,0.5014009485705406,2.843973954280206,10.283911095141967,음봉,44.991841888427736,47.39550857543945,48.278395144144696,False,False,0,1.7464297158377526,0.24193090522925598,False,40.62498085705664,-1.5043314395851084,-0.17862378149178348,-0.6844457116105863
2022-03-16,51.04999923706055,52.220001220703125,50.72999954223633,51.59999847412109,47.06985092163086,34672800.0,0.0297346816576293,0.0293011784357205,1.4900016784667969,47.322706126966885,WFC,,,,34672800.0,1632043527.0355225,1.0777018284782753,38.24549651922202,2.973468165762938,3.1655117857661828,11.680733386047889,음봉,45.4370002746582,47.08627052307129,48.33714631398519,False,False,0,1.6992868695940306,0.23887024556711287,False,47.322706126966885,-1.283482683033533,0.03377998004783356,14.9925114000954
2022-03-17,51.02000045776367,51.4900016784668,50.22999954223633,51.47999954223633,46.96038055419922,29930300.0,-0.0023257003217176,-0.0023284089631846,1.2600021362304688,43.23905821200636,WFC,,,,29930300.0,1405538278.1013489,0.9258888768695873,-13.67786853095222,-0.23257003217176386,2.683117388233769,8.392101225707364,음봉,45.88762893676758,46.782505416870116,48.41072203318278,False,False,0,1.6928585597447008,0.20161854041239644,False,43.23905821200636,-1.1045591260656238,0.17016282961259432,15.601309695879179
2022-03-18,50.84999847412109,51.540000915527344,50.040000915527344,51.41999816894531,46.9056510925293,60963400.0,-0.0011654390578619,-0.0011661187100741,1.5,44.80553348042167,WFC,,,,60963400.0,2859527969.8143005,1.8601513017688487,103.68456046214037,-0.11654390578619278,3.1979089194199597,8.2827649052645,음봉,46.425830078125,46.56676826477051,48.468855412801105,False,False,0,1.7150012425013972,0.1923661619046774,False,44.80553348042167,-0.9561551666819241,0.2548534311970352,16.108521385303405
2022-03-21,51.65999984741211,51.79999923706055,50.61000061035156,51.13999938964844,46.650238037109375,23411500.0,-0.0054452512537578,-0.0054601306737347,1.1899986267089844,52.66125410622706,WFC,,,,23411500.0,1092152047.8057861,0.7325907049596942,-61.59745027344275,-0.5445251253757832,2.550895079597157,10.135982859515282,음봉,46.65935592651367,46.3619779586792,48.519402186075844,True,False,0,1.6064295087541873,0.18632931469735747,False,52.66125410622706,-0.8493627337887943,0.2893166912721321,12.4856407745189
2022-03-22,52.40999984741211,54.20000076293945,52.29999923706055,53.38999938964844,48.70269775390625,28625600.0,0.043996768358699,0.0430563940137969,1.9000015258789065,53.59114589617432,WFC,,,,28625600.0,1394143944.8242188,0.8959765404263196,22.271533220853,4.399676835869903,3.9012243951650802,12.346693291727586,음봉,47.257763671875,46.27577438354492,48.599161847432455,True,True,0,1.6121439252580936,0.16361294578515198,False,53.59114589617432,-0.5922851211076647,0.4371154431626094,34.78881601394468
2022-03-23,52.7599983215332,53.04999923706055,51.09999847412109,51.119998931884766,46.63199234008789,27988700.0,-0.0425172630945741,-0.0434475874314583,1.95000076293946,49.658697063909855,WFC,,,,27988700.0,1305168844.009018,0.873118268388751,-2.2249315298194627,-4.251726309457416,4.18168014078848,8.330751179592578,음봉,47.17019195556641,46.146697235107425,48.63820432027181,True,False,0,1.6357152121407665,0.16407058834149377,False,49.658697063909855,-0.5493058265639945,0.3840757901650237,10.225288862622937
2022-03-24,51.709999084472656,51.81999969482422,50.90999984741211,51.33000183105469,46.82355499267578,19677800.0,0.0041079662904133,0.0040995516337706,0.9099998474121094,58.27902707538957,WFC,,,,19677800.0,921384550.4348755,0.6126461951709579,-29.693769271170154,0.4107966290413323,1.9434659490387969,10.8895341793479,음봉,47.142826843261716,46.08375473022461,48.685736910502115,True,False,0,1.5664294106619718,0.16429468062451769,False,58.27902707538957,-0.4940913434351515,0.35143221863509344,12.497680863252837
2022-03-25,51.470001220703125,52.59000015258789,51.40999984741211,52.560001373291016,47.9455680847168,19130900.0,0.0239625780703007,0.0236799810963147,1.1800003051757812,74.8344955722911,WFC,,,,19130900.0,917241868.4719086,0.5947064394658982,-2.779274105845164,2.3962578070300777,2.4611248803868486,9.923309387239284,음봉,47.35081024169922,46.01305866241455,48.751515579223636,True,False,0,1.4500007629394551,0.15027308071604512,False,74.8344955722911,-0.355696144542506,0.39186193402219116,20.325721597157468
2022-03-28,52.02999877929688,52.11000061035156,50.77999877929688,51.810001373291016,47.26140975952149,24115400.0,-0.0142694800067117,-0.0143722680293129,1.3300018310546804,69.53982909115904,WFC,,,,24115400.0,1139727800.9147646,0.7451641610257129,26.054707305981427,-1.4269480006711799,2.8141391418962747,8.518891021091154,음봉,47.47304458618164,45.94190635681152,48.81118907928467,True,False,0,1.4128578730991919,0.15050581542409083,False,69.53982909115904,-0.2977900728382892,0.35981440458112646,-9.26911027474798
2022-03-29,53.060001373291016,53.29999923706055,51.52000045776367,51.59999847412109,47.06985092163086,20915000.0,-0.0040531765528225,-0.0040614129361173,1.779998779296875,60.89292088398215,WFC,,,,20915000.0,984465932.0259094,0.6441884390213305,-13.271187705781372,-0.4053176552822557,3.781611253157549,12.269188844078682,음봉,47.14647521972656,46.001655960083006,48.86948617299398,True,False,0,1.4400005340576176,0.15031032979267261,False,60.89292088398215,-0.2643094957753931,0.3146359853152181,-12.285783799857498
2022-03-30,51.52999877929688,51.68000030517578,49.790000915527344,50.11000061035156,45.71065902709961,30913800.0,-0.0288760611711781,-0.0293011784357204,1.8899993896484373,54.38594502049404,WFC,,,,30913800.0,1413090171.031952,0.9445246487172478,47.806837198183125,-2.8876061171178136,4.13470168637899,9.47559376190072,음봉,46.9622085571289,45.9054178237915,48.86350752512614,True,False,0,1.4521432604108537,0.15062544697688243,False,54.38594502049404,-0.34349176463999953,0.18836297316048933,-47.12896121901055
2022-03-31,49.75,50.43000030517578,48.43000030517578,48.459999084472656,44.20552444458008,31238500.0,-0.0329274312502738,-0.0334817411018596,2.0,49.96337442974554,WFC,,,,31238500.0,1380914275.3620148,0.9463961528340735,1.0503399776151667,-3.2927431250273864,4.524321394506643,8.836759431767684,음봉,46.438602447509766,45.77862110137939,48.801869519551595,True,False,0,1.4828575679234095,0.15104264637103265,False,49.96337442974554,-0.5216824346962738,0.008137842483372015,-73.21448051033637
2022-04-01,49.25,49.470001220703125,47.83000183105469,48.709999084472656,44.43357467651367,29989900.0,0.0051588627167968,0.0051456013739425,1.6399993896484375,45.40368630382155,WFC,,,,29989900.0,1332558461.1911774,0.9010550186352287,-3.9969908926485,0.5158862716796886,3.690901309624532,11.411414339726065,음봉,45.73620376586914,45.77497234344482,48.7509947458903,False,False,0,1.522857393537249,0.15105468609549758,False,45.40368630382155,-0.6371533692619451,-0.08586647366583933,-53.31911654710553
2022-04-04,48.45000076293945,48.65999984741211,47.61000061035156,48.459999084472656,44.20552444458008,23778300.0,-0.005132385444877,-0.0051456013739425,1.0499992370605469,43.40529485817511,WFC,,,,23778300.0,1051132221.9005585,0.7196423753787408,-20.712306476513763,-0.5132385444877041,2.375267006224342,9.039169402115986,음봉,45.12502670288086,45.895839881896975,48.67603753407796,False,False,0,1.5050002506801061,0.13773768222030483,False,43.40529485817511,-0.7385530844262078,-0.14981295106408166,-51.66124562887222
2022-04-05,47.90999984741211,48.900001525878906,47.77000045776367,48.119998931884766,43.8953742980957,21757300.0,-0.007016094716243,-0.0070408232417756,1.1300010681152344,34.6830818706088,WFC,,,,21757300.0,955044827.2159576,0.6655426116563846,-8.499346042400003,-0.7016094716243093,2.5743055758935784,8.380118660228284,음봉,44.49013137817383,45.971553039550784,48.57865670522054,False,False,0,1.4792859213692802,0.10457170006144134,False,34.6830818706088,-0.8343220685687314,-0.19646554816528417,-56.36762103559477
2022-04-06,47.68999862670898,48.08000183105469,47.400001525878906,47.88999938964844,43.68556213378906,26001200.0,-0.0047798240170318,-0.0047912839079393,0.6800003051757812,34.35046539862404,WFC,,,,26001200.0,1135877038.1530762,0.798879669304441,19.505637188437895,-0.47798240170318085,1.556579043422284,8.64470206551558,음봉,44.08511199951172,45.91362819671631,48.469000498453774,False,False,0,1.437857219151088,0.10927334251654734,False,34.35046539862404,-0.9165839573593431,-0.22298194956471662,-54.62411483586421
2022-04-07,48.15999984741211,48.29999923706055,46.58000183105469,47.7400016784668,43.54872512817383,29486500.0,-0.0031323164663914,-0.0031372324378839,1.7199974060058594,34.083001547569864,WFC,,,,29486500.0,1284099483.4918976,0.9060680800126152,13.404381336246018,-0.31323164663914493,3.9495930155096732,10.242371838823713,음봉,43.95375213623047,45.855702590942386,48.34631735483806,False,False,0,1.4535713195800781,0.112395456497715,False,34.083001547569864,-0.9815045264340156,-0.23032201491151127,-39.78053973468326
2022-04-08,48.0,48.88999938964844,47.93000030517578,48.72999954223633,44.45181274414063,23659800.0,0.0207374065098073,0.0205253136541101,0.9599990844726562,40.17926341067404,WFC,,,,23659800.0,1051720999.1638185,0.7311210804387136,-19.760568395706514,2.0737406509807377,2.1596399003979823,10.221366661653251,음봉,43.95739974975586,45.867560958862306,48.233539772033694,False,False,0,1.437142780848912,0.11236639834315403,False,40.17926341067404,-0.949141806042924,-0.1583674356163356,-27.9289945567966
2022-04-11,48.93999862670898,50.18999862670898,48.91999816894531,49.33000183105469,44.9991455078125,27041000.0,0.0123129458594242,0.0122377581009305,1.2700004577636648,30.885177656899344,WFC,,,,27041000.0,1216821893.6767578,0.8387697258220712,14.290906939196436,1.2312945859424218,2.8222768308859876,10.09674432941984,음봉,44.11612396240234,45.84338779449463,48.135938453674314,False,False,0,1.392142704554966,0.11242564901260126,False,30.885177656899344,-0.8693080946055005,-0.06282697934312964,-23.524656748071504
2022-04-12,49.68000030517578,49.900001525878906,48.0,48.41999816894531,44.16902923583984,25791900.0,-0.0184473785580782,-0.0186196534150171,1.9000015258789065,35.42117420727119,WFC,,,,25791900.0,1139203185.1478574,0.7997417913729221,-4.61928183129322,-1.844737855807821,4.301660142299886,10.402097072155774,음봉,44.17085494995117,45.76630630493164,47.99332275390625,False,False,0,1.3885713304792122,0.1126150009002812,False,35.42117420727119,-0.8630737715044177,-0.045274124993637366,-35.877582230315944
2022-04-13,47.540000915527344,48.619998931884766,47.45000076293945,48.540000915527344,44.27849960327149,20645300.0,0.0024784417798078,0.0024753755083184,1.1699981689453125,34.78740893596168,WFC,,,,20645300.0,914142907.8594209,0.6444451634378193,-19.9543267459939,0.24784417798078273,2.642361822167226,7.63198045781866,음봉,44.289442443847655,45.626738739013675,47.873267364501956,False,False,0,1.4071426391601551,0.11295947876558307,False,34.78740893596168,-0.8396210529092585,-0.0174571251187825,-34.248558276618915
2022-04-14,45.88999938964844,47.81999969482422,45.02999877929688,46.34999847412109,42.280757904052734,65583200.0,-0.045117646648333,-0.0461671362976222,2.7900009155273366,19.34856125680741,WFC,,,,65583200.0,2772907401.7730713,2.015680654065858,217.66649067826575,-4.511764664833306,6.598748588799319,3.639463398298801,음봉,44.035848999023436,45.39275760650635,47.736867841084795,False,False,0,1.5221426827566948,0.14147498826845958,True,19.348561256807415,-0.9710420949400955,-0.11910253371969548,-33.24353957759737
2022-04-18,46.220001220703125,47.58000183105469,46.150001525878906,47.16999816894531,43.02876663208008,26120900.0,0.0176914692429306,0.0175367967918285,1.4300003051757812,27.254963860064905,WFC,,,,26120900.0,1123950110.3199005,0.8149921676164742,-60.171354859171245,1.7691469242930635,3.323358806454018,9.31687016015577,음봉,43.75123977661133,45.198913383483884,47.621562512715656,False,False,0,1.529285430908202,0.14208173093382714,False,27.254963860064905,-1.0032710801080498,-0.1210652151101197,-24.19869451564659
2022-04-19,47.38999938964844,48.18999862670898,47.33000183105469,47.83000183105469,43.63082885742188,19753300.0,0.0139920865148139,0.0138951009125165,0.8599967956542898,32.300536253981164,WFC,,,,19753300.0,861852851.6693116,0.6230873462826062,-24.377414254485874,1.3992086514813984,1.9710759987269848,10.135621117982136,음봉,43.477576446533206,45.04794292449951,47.53642171223958,False,False,0,1.4635710035051603,0.1425578935006357,False,32.300536253981164,-0.9690606649832247,-0.06948383998823582,-21.04014437335153
2022-04-20,48.47999954223633,49.369998931884766,48.31999969482422,48.650001525878906,44.37883758544922,25893000.0,0.0171440412115868,0.0169987404804086,1.0499992370605469,42.685404666118885,WFC,,,,25893000.0,1149101241.6000366,0.8204836866109118,31.08189517700839,1.7144041211586858,2.365990851019534,11.114092516235964,음봉,43.51953811645508,44.83174991607666,47.469045130411786,False,False,0,1.4035709926060254,0.12635710609709352,False,42.685404666118885,-0.8715439948862809,0.022426264086966352,-12.05853721942571
2022-04-21,49.150001525878906,49.4900016784668,47.59999847412109,47.77999877929688,43.58522033691406,19027600.0,-0.0178827858437501,-0.0180446150662574,1.8900032043457105,46.30434594861918,WFC,,,,19027600.0,829322138.482666,0.6053556714314348,-26.514501988954542,-1.7882785843750137,4.336339680598083,10.750988984880578,음봉,43.380882263183594,44.67941131591797,47.384354972839354,False,False,0,1.395714078630719,0.12678793237917743,False,46.30434594861918,-0.8485184185409196,0.03636147234586207,-27.99958304470536
2022-04-22,47.68999862670898,47.91999816894531,46.2599983215332,46.34000015258789,42.27165222167969,21676800.0,-0.0301379253123073,-0.0306014086384291,1.6599998474121094,38.59488481887176,WFC,,,,21676800.0,916314150.8789062,0.6954975996178334,13.922933002585713,-3.01379253123073,3.9269812277665177,9.417821587375146,음봉,43.37906112670898,44.451816177368165,47.269447580973306,False,False,0,1.3971426827566955,0.1276419357174855,False,38.594884818871755,-0.9255947719808759,-0.03257190487527528,-53.45633021676529
2022-04-25,45.7599983215332,45.970001220703125,44.52999877929688,45.83000183105469,41.806419372558594,30045500.0,-0.0110057881504449,-0.0110667999048068,1.440002441406243,37.65263134335218,WFC,,,,30045500.0,1256094773.2582092,0.9731283001555264,38.60671316799527,-1.100578815044495,3.4444529405248447,8.252211391123392,음봉,43.13459167480469,44.14485874176025,47.15253766377767,False,False,0,1.4250000544956738,0.12357023088178043,False,37.65263134335218,-1.0125467317628107,-0.09561909172576788,-48.11977880147086
2022-04-26,45.15999984741211,46.0,44.560001373291016,44.58000183105469,40.666160583496094,21527400.0,-0.0272747297227505,-0.0276535899261108,1.4399986267089844,34.68863736091214,WFC,,,,21527400.0,875436705.3451538,0.7042388471144237,-28.35066815330083,-2.727472972275058,3.541024296484462,8.021687877567384,음봉,42.54165802001953,43.81509628295898,47.010115178426105,False,False,0,1.4471427372523702,0.14615260221681528,False,34.68863736091214,-1.1600933075654538,-0.19453253402272874,-68.26569434568871
2022-04-27,44.40999984741211,45.18999862670898,44.13999938964844,44.58000183105469,40.666160583496094,19520900.0,0.0,0.0,1.0499992370605398,35.392832519115345,WFC,,,,19520900.0,793840054.1343689,0.6453569017118203,-9.320679691927502,0.0,2.581997469135727,9.206276693441797,음봉,41.7991226196289,43.49491176605225,46.87359561920166,False,False,0,1.4735712323869958,0.11597904763519358,False,35.392832519115345,-1.2624720400881486,-0.2375290132363388,-57.41883048302907
2022-04-28,45.040000915527344,45.310001373291016,44.310001373291016,45.16999816894531,41.20436096191406,17431000.0,0.0132346002350758,0.0131477880244786,1.0,39.08247923389886,WFC,,,,17431000.0,718233215.927124,0.5813840401821225,-10.705961303013689,1.3234600235075833,2.4269275791567746,10.755478927131183,음봉,41.322950744628905,43.269596862792966,46.71880213419596,False,False,0,1.42214284624372,0.10013924876758652,False,39.08247923389886,-1.2853627884861112,-0.208335809307441,-48.52295533777105
2022-04-29,45.040000915527344,45.400001525878906,43.5099983215332,43.630001068115234,39.799560546875,27149400.0,-0.0340934887046918,-0.0346882286504313,1.8900032043457031,29.302015828469266,WFC,,,,27149400.0,1080534189.1113281,0.9095568515773765,55.75354253915439,-3.4093488704691866,4.748804203804465,9.308820387139685,음봉,40.82853240966797,43.04929866790771,46.53560053507487,False,False,0,1.4885717119489377,0.12078210613948222,False,29.302015828469266,-1.4007129773083022,-0.25894879850370556,-55.54547313094125
2022-05-02,43.869998931884766,44.040000915527344,42.61000061035156,43.66999816894531,39.83605194091797,25009300.0,0.0009168793208154,0.0009164592437246,1.4300003051757812,25.9354164221936,WFC,,,,25009300.0,996271773.8059998,0.84218036868331,-7.882678806898125,0.09168793208154113,3.589713928721293,10.227345048736652,음봉,40.43445892333985,42.81942253112793,46.36076107025146,False,False,0,1.5000002724783745,0.12143052506505943,False,25.935416422193597,-1.4722135214213097,-0.26435947409337035,-38.05141729852488
2022-05-03,43.900001525878906,44.63999938964844,43.65999984741211,44.15999984741211,40.28303146362305,21545300.0,0.0112204774551456,0.0111579948533036,0.979999542236328,31.216974532522272,WFC,,,,21545300.0,867909997.7931976,0.7311294567002232,-13.850847484735674,1.122047745514565,2.432784988193605,10.201687634578601,음봉,40.35783309936524,42.62329788208008,46.17573521931966,False,False,0,1.4342858450753333,0.12198926923304866,False,31.216974532522272,-1.475798618029998,-0.2143556565616469,-33.82222071901488
2022-05-04,44.310001373291016,46.130001068115234,44.18000030517578,45.97999954223633,41.9432487487793,29468000.0,0.0412138119906762,0.0403871595042604,1.950000762939453,40.18405183416861,WFC,,,,29468000.0,1235983654.1290283,0.9997504506589686,36.77228908393013,4.12138119906762,4.649140972887097,9.99669032680537,음봉,40.613250732421875,42.52569160461426,46.003176053365074,False,False,0,1.4900003160749147,0.12226926276193278,False,40.18405183416861,-1.3293502508245751,-0.05432583148497905,-9.691159274120889
2022-05-05,45.0,45.060001373291016,43.45000076293945,44.7599983215332,41.05356597900391,29978600.0,-0.0212115846129176,-0.0214397830097311,1.6100006103515625,44.31177661919367,WFC,,,,29978600.0,1230728433.0581667,1.0144777462904038,1.7327270259264393,-2.121158461291761,3.921707096467497,7.287826628617236,음봉,40.583091735839844,42.394091796875,45.79420000712077,False,False,0,1.405714579990931,0.12264881120347004,False,44.31177661919367,-1.2704340558642357,0.003672290780288412,-22.622592873725118
2022-05-06,44.61000061035156,44.880001068115234,43.52000045776367,44.54999923706055,40.86095428466797,27035300.0,-0.0046917165352811,-0.0047027571839027,1.3600006103515625,39.4064246825445,WFC,,,,27035300.0,1104688157.372284,0.9181246650471416,-9.81800350916987,-0.46917165352811097,3.328362330641573,8.662912822643767,음봉,40.795370483398436,42.25970325469971,45.57730083465576,False,False,0,1.400714601789201,0.12303884221807103,False,39.406424682544504,-1.2251617983253666,0.03915563865532601,-25.42218101955531
2022-05-09,43.970001220703125,44.540000915527344,43.22999954223633,43.959999084472656,40.31982421875,27132700.0,-0.0132432067579247,-0.0133316800016924,1.3100013732910156,33.7229869770393,WFC,,,,27132700.0,1093985694.5800781,0.9266007626773369,0.36026972143827773,-1.3243206757924786,3.2490255071147445,7.608845633842054,음봉,40.89212493896484,42.053103828430174,45.35153477986653,False,False,0,1.43285778590611,0.12364331018587739,False,33.7229869770393,-1.2188971938501965,0.03633619450439696,-33.28744238449592
2022-05-10,44.38999938964844,44.709999084472656,42.18999862670898,43.08000183105469,39.51268768310547,25276100.0,-0.0200183545261882,-0.0202214366012667,2.520000457763679,26.21610656468215,WFC,,,,25276100.0,998726645.1469421,0.8697136537831451,-6.842665860751051,-2.0018354526188276,6.377699431570587,10.094724492885256,음봉,40.73805618286133,41.778780937194824,45.12356707255046,False,False,0,1.5378578730991908,0.11647419558887877,True,26.21610656468215,-1.264485421747537,-0.0074016267143548475,-36.67547704598315
2022-05-11,43.11000061035156,44.5099983215332,42.4900016784668,42.56999969482422,39.04492568969727,25291600.0,-0.0118382732442723,-0.0119089035818796,2.0199966430664062,27.078646362332776,WFC,,,,25291600.0,987508642.5735476,0.870528217180829,0.061322751532078,-1.1838273244272335,5.1735189845665905,9.104197001471517,음봉,40.15839157104493,41.522575759887694,44.89479688008626,False,False,0,1.5471431187220976,0.12845811701558016,False,27.078646362332776,-1.3231069510928677,-0.052818524847748405,-54.88783923679388
2022-05-12,42.22999954223633,42.40999984741211,40.91999816894531,41.810001373291016,38.34785079956055,30171700.0,-0.0178531493612411,-0.0180144394060268,1.4900016784667969,28.876079555326086,WFC,,,,30171700.0,1157019849.969101,1.0418695360647339,19.295339163991198,-1.785314936124116,3.885489401361371,8.157459122478228,음봉,39.61724853515625,41.22604331970215,44.6463508605957,False,False,0,1.535000392368861,0.14629070122299198,False,28.876079555326086,-1.409564471575564,-0.11142083626435562,-49.36940380195509
2022-05-13,42.45000076293945,43.18999862670898,42.27999877929688,42.63999938964844,39.10912322998047,21253200.0,0.0198517626033072,0.0196572859535671,0.9099998474120952,35.92756881376657,WFC,,,,21253200.0,831194017.8314209,0.7409673698050029,-29.559156428043497,1.9851762603307233,2.326822419569107,10.69720956415611,음봉,39.26688232421875,41.06746158599854,44.414241536458334,False,False,0,1.497143064226422,0.1468556018067809,False,35.92756881376657,-1.40051014734388,-0.08189320962613711,-34.75765703035135
2022-05-16,42.400001525878906,42.66999816894531,41.70000076293945,42.209999084472656,38.714725494384766,16837400.0,-0.0100845455746081,-0.0101357390705636,0.9699974060058594,38.95967005717024,WFC,,,,16837400.0,651855319.039154,0.5922079566491235,-20.777106506314347,-1.008454557460814,2.5054998934360238,8.41460514608443,음봉,38.9458625793457,40.85175952911377,44.20581372578939,False,False,0,1.463571548461913,0.14763101651938826,False,38.959670057170236,-1.408918001599126,-0.07224085110510647,-42.327666936843734
2022-05-17,42.9900016784668,43.81999969482422,42.959999084472656,43.709999084472656,40.09051513671875,23340500.0,0.0355365981487723,0.0349197446850179,0.8600006103515625,47.18195128145752,WFC,,,,23340500.0,935732668.548584,0.8185980818620628,38.622946535688406,3.5536598148772303,2.1451473183089416,11.043023370273213,음봉,39.06142807006836,40.674743843078616,44.02822157541911,False,False,0,1.4500002179827003,0.14827350380265344,False,47.18195128145752,-1.2896997050989754,0.03758195631603556,-15.920970645884266
2022-05-18,43.290000915527344,43.310001373291016,41.88999938964844,42.11000061035156,38.62301254272461,27351300.0,-0.0366047327900274,-0.037291497388936,1.420001983642578,38.41701782692481,WFC,,,,27351300.0,1056389602.9598236,0.9564460165296522,17.183864955763582,-3.6604732790027406,3.6765697188218502,7.9806551946203275,음봉,38.97704544067383,40.386952590942386,43.831492296854655,False,False,0,1.480000359671456,0.1296797406429745,False,38.41701782692481,-1.2986633583009635,0.022894642491238182,-44.08799132504644
2022-05-19,41.70000076293945,42.310001373291016,41.56999969482422,42.0,38.522117614746094,25211900.0,-0.0026123008366296,-0.002615718848341,0.7400016784667969,43.508231170664,WFC,,,,25211900.0,971215777.091217,0.8815036050721029,-7.8219316814922895,-0.26123008366296663,1.9209787111587229,7.9667224735799484,음봉,39.011898803710935,40.13379745483398,43.65330200195312,False,False,0,1.3978573935372485,0.09776800778782352,False,43.508231170664004,-1.2989351793287156,0.018098257170789056,-46.02455316447633
2022-05-20,42.5099983215332,42.790000915527344,40.7400016784668,41.66999816894531,38.21943664550781,35410400.0,-0.0078573294507158,-0.0078883609202997,2.049999237060547,42.001019252548126,WFC,,,,35410400.0,1353365539.3920898,1.2290288235056248,40.451136169824565,-0.7857329450715822,5.36376099960515,10.352184546730543,음봉,38.833961486816406,39.93118667602539,43.488919194539385,False,False,0,1.4421430315290173,0.09325573350684452,False,42.001019252548126,-1.3084909548386463,0.006833985328686731,-46.7637350349197
2022-05-23,42.72999954223633,44.31999969482422,42.72999954223633,43.81999969482422,40.19141006469727,27979100.0,0.0515960880711003,0.0503090938886368,1.5900001525878906,49.60610318659869,WFC,,,,27979100.0,1124519481.3411715,0.9705187878679762,-20.986207441881476,5.159608807110039,3.9560695930509064,11.801751393053756,음봉,39.12929840087891,39.850436210632324,43.336117871602376,False,False,0,1.485714503696986,0.093444701171877,False,49.60610318659869,-1.1437576748060891,0.13725381228899525,-10.177953170516147
2022-05-24,43.68999862670898,43.77000045776367,42.63999938964844,43.290000915527344,39.705299377441406,23996000.0,-0.0120948900890354,-0.0121686284468933,1.1300010681152344,39.29827364854143,WFC,,,,23996000.0,952768363.861084,0.8313784616846623,-14.235983287525332,-1.2094890089035415,2.845970401515837,8.70481666699408,음봉,39.05225524902344,39.80239315032959,43.1864652633667,False,False,0,1.4271430969238277,0.09355749261626116,False,39.298273648541425,-1.0404369241935143,0.19245965032125611,-23.9514438453564
2022-05-25,43.09000015258789,44.459999084472656,43.02999877929688,44.119998931884766,40.46656799316406,22343900.0,0.0191729725668601,0.0189914872020228,1.430000305175774,47.15811208132025,WFC,,,,22343900.0,904180948.5824585,0.7821279655204122,-6.884897482913821,1.9172972566860125,3.533782023267556,8.524556742341312,음봉,39.42096633911133,39.792413520812985,43.09632708231608,False,False,0,1.4142859322684143,0.09358095611174189,False,47.15811208132025,-0.8869028063716726,0.2767950145144782,-6.604679362669036
2022-05-26,44.83000183105469,45.7599983215332,44.75,45.59999847412109,41.82400894165039,23502500.0,0.033544751032893,0.0329943996694881,1.0099983215332031,54.18995025347921,WFC,,,,23502500.0,982968770.1511383,0.824512048539967,5.185307846884379,3.3544751032893005,2.4148768783553827,10.782811724057575,음봉,40.08134460449219,39.82339591979981,42.999470202128094,True,False,0,1.3892857687813884,0.09350815060500757,False,54.18995025347921,-0.6482195010038367,0.4123826559058512,21.59378462296024
2022-05-27,45.70000076293945,46.04999923706055,45.45000076293945,45.88999938964844,42.08999633789063,19482600.0,0.006359681985802,0.0063395445417198,0.5999984741210938,57.89037138000904,WFC,,,,19482600.0,820022562.652588,0.6879347745243869,-17.10413785767472,0.6359681985802057,1.4255132485743596,9.267384737547625,음봉,40.85545654296875,39.937917709350586,42.921945826212564,True,False,0,1.3385712759835369,0.09691440902229645,False,57.890371380009036,-0.4326114267163774,0.5023925841546484,25.423639926895845
2022-05-31,45.34000015258789,46.27000045776367,45.0,45.77000045776367,41.97993850708008,40727400.0,-0.0026148215819984,-0.0026182461990957,1.270000457763672,61.72623867262837,WFC,,,,40727400.0,1709733747.5532532,1.4489822610194771,109.04499399464136,-0.2614821581998439,3.0252556409759426,7.721558796553069,음봉,41.21316223144531,40.04511203765869,42.87983563741048,True,False,0,1.2492855616978222,0.09665498472679811,False,61.72623867262837,-0.2675372191003689,0.5339734334165257,22.4220090835343
2022-06-01,45.959999084472656,46.06999969482422,44.400001525878906,45.15999984741211,41.420448303222656,20417900.0,-0.0133275613008118,-0.013417170316291,1.6699981689453125,61.1926853177571,WFC,,,,20417900.0,845718571.4103699,0.7324069815335837,-49.86692005873196,-1.3327561300811808,4.031820603968163,9.480863285974861,음봉,41.556192016601564,40.10198287963867,42.873706881205244,True,False,0,1.2242856706891725,0.09651791294210672,False,61.1926853177571,-0.17978841493285813,0.49737779006722926,12.304643308481461
2022-06-02,45.119998931884766,45.43000030517578,44.5099983215332,45.33000183105469,41.57637405395508,14633300.0,0.0037644631364428,0.0037573952773334,0.920001983642578,66.02914093116732,WFC,,,,14633300.0,608399554.4437408,0.5277712864515953,-28.33102326879846,0.37644631364428527,2.2127999484723224,8.931701080536763,음봉,41.77815322875976,40.08363914489746,42.860294596354166,True,False,0,1.1835714067731569,0.09656208305815794,False,66.02914093116732,-0.09655195958725926,0.4644913963302625,15.124277759689194
2022-06-03,44.83000183105469,45.33000183105469,44.61000061035156,44.81999969482422,41.10860443115234,12572400.0,-0.0112508517985647,-0.0113146213909755,0.720001220703125,60.22512951326104,WFC,,,,12572400.0,516833818.35021967,0.45957188152641737,-14.083631170002665,-1.1250851798564776,1.7514611129866136,7.825665058904044,음봉,41.63507232666016,40.086391067504884,42.7980370203654,True,False,0,1.1700000762939449,0.0965554540907625,False,60.22512951326104,-0.06755286095502555,0.39479239596999693,6.665512369831059
2022-06-06,45.34000015258789,45.88999938964844,44.959999084472656,45.119998931884766,41.383766174316406,11867200.0,0.0066935316090552,0.006671229391439,0.9300003051757812,63.81769341271286,WFC,,,,11867200.0,491109429.94384766,0.4452821598716244,-5.609112023161844,0.6693531609055281,2.2472587469647896,10.293211798328473,음봉,41.49382629394531,40.112531661987305,42.742645835876466,True,False,0,1.1671431405203678,0.09649253068837739,False,63.81769341271286,-0.022112711734862955,0.3521860361521276,11.641313525415685
2022-06-07,44.7599983215332,45.540000915527344,44.630001068115234,45.470001220703125,41.70478057861328,13281600.0,0.0077570128089525,0.007727081868576,0.9099998474121094,59.38168703204627,WFC,,,,13281600.0,553906213.7329102,0.5126226325671713,11.918565457732244,0.7757012808952579,2.182003681081033,8.158349177296856,음봉,41.438794708251955,40.18177947998047,42.70081475575765,True,False,0,1.170714514596121,0.09632623896886462,False,59.38168703204627,0.039348528159145246,0.3309178208369087,17.4462769098324
2022-06-08,44.880001068115234,45.06999969482422,44.22999954223633,44.630001068115234,40.9343376159668,12364400.0,-0.018473732554334,-0.0186465030708375,0.8400001525878906,64.61713198312424,WFC,,,,12364400.0,506128524.01885986,0.4838007287346096,-6.905794482592453,-1.8473732554334044,2.052067289981605,7.613564789093374,음봉,41.34157257080078,40.252861976623535,42.62501023610433,True,False,0,1.1292858123779292,0.09615613654081566,False,64.61713198312424,0.025593667487100902,0.2537303681318914,3.514213027090565
2022-06-09,44.58000183105469,44.630001068115234,42.63999938964844,42.66999816894531,39.13663864135742,20142400.0,-0.0439166499156484,-0.0449101834505362,1.9900016784667969,53.19962262277171,WFC,,,,20142400.0,788305830.1696777,0.79110836360789,62.90640872181423,-4.391664991564848,5.084753692576638,8.906127294132316,음봉,40.85362548828125,40.25744762420654,42.51544322967529,True,False,0,1.2185715266636434,0.09614518358226658,True,53.19962262277171,-0.12888078448960272,0.07940473292415026,-28.99391303867952
2022-06-10,41.02999877929688,41.43999862670898,40.02000045776367,40.08000183105469,36.76110076904297,27619300.0,-0.060698566733938,-0.0626188360954026,1.4199981689453054,43.75492116015557,WFC,,,,27619300.0,1015315870.4704285,1.082130127570782,37.12020414647708,-6.069856673393803,3.862773799584112,4.8378200164044305,음봉,39.984124755859376,40.178110122680664,42.34363072713216,False,False,0,1.1735714503696977,0.13263181251124814,False,43.75492116015557,-0.43794064654213827,-0.18372410330270822,-52.14239501953125
2022-06-13,38.97999954223633,39.68000030517578,38.77000045776367,38.9900016784668,35.76137161254883,27553800.0,-0.0271952998027747,-0.0275719361646933,0.9099998474121094,29.305918185077587,WFC,,,,27553800.0,985361681.1378479,1.079975407841121,-0.23715300532598516,-2.7195299802774797,2.544644700072931,6.035996547366516,음봉,38.85964584350586,40.01072254180908,42.15698057810466,False,False,0,1.124999999999999,0.15817321766005918,False,29.305918185077587,-0.7548412615282203,-0.40049977463103215,-40.11505126953125
2022-06-14,38.77000045776367,39.29999923706055,37.0099983215332,37.43000030517578,34.33054733276367,36817600.0,-0.0400103300087928,-0.0408327550039748,2.290000915527344,26.92912663805517,WFC,,,,36817600.0,1263968359.4787598,1.432610374814416,33.62077100073311,-4.001033000879284,6.670446856936244,8.413068933181249,음봉,37.38479919433594,39.79151363372803,41.9473955154419,False,False,0,1.2078571319580067,0.19500260976626702,True,26.929126638055166,-1.1086628681066912,-0.6034571049676024,-28.935749142929172
2022-06-15,38.0,38.65999984741211,37.33000183105469,38.16999816894531,35.00926971435547,31358100.0,0.0197702173231608,0.0195773247833185,1.329998016357422,26.40761290092773,WFC,,,,31358100.0,1097824180.6297302,1.222678820835148,-14.82850593194559,1.9770217323160866,3.79898817430076,10.688593548097476,음봉,36.19978561401367,39.537451362609865,41.75337937672933,False,False,0,1.2007141113281246,0.19625566994601443,False,26.40761290092773,-1.319096097884696,-0.6511122677964857,-21.60613548186701
2022-06-16,37.36000061035156,37.72999954223633,36.540000915527344,37.650001525878906,34.53232955932617,37991500.0,-0.0136232534674588,-0.0137169014847525,1.1899986267089844,15.879865252359169,WFC,,,,37991500.0,1311934998.4531403,1.4739669315371466,21.153705103306653,-1.3623253467458851,3.446042134703306,6.7145956347446525,음봉,35.27892379760742,39.33291721343994,41.51720657348633,False,False,0,1.2135712759835375,0.1972762142970565,False,15.879865252359167,-1.5069795113839461,-0.6711965450365885,-20.633827858739362
2022-06-17,37.83000183105469,38.970001220703125,37.5,38.47999954223633,35.29359817504883,59114300.0,0.0220450987650515,0.0218056187580516,1.470001220703125,19.60624690583822,WFC,,,,59114300.0,2086356350.599289,2.2960887830646075,55.59875235249989,2.2045098765051563,4.165064761638153,9.549521604278535,음봉,34.9854232788086,39.17149124145508,41.328233337402345,False,False,0,1.2757143293108253,0.19808919086836185,False,19.60624690583822,-1.5762800795506777,-0.592397690562656,-12.809895160509374
2022-06-21,39.86000061035156,39.93999862670898,38.869998931884766,38.9900016784668,35.76137161254883,24884700.0,0.0132537758031907,0.0131667129473572,1.0699996948242116,23.052498499022747,WFC,,,,24884700.0,889911004.1667938,0.9656822646498578,-57.904094271606034,1.325377580319076,2.992054405566323,12.938330664542441,음봉,34.9854232788086,39.04858798980713,41.143863614400225,False,False,0,1.2614285605294353,0.19871266554253927,False,23.052498499022747,-1.575296830769048,-0.47313155342482105,-8.17029803477019
2022-06-22,38.38999938964844,39.06999969482422,38.310001373291016,38.59999847412109,35.40366744995117,18631700.0,-0.0100025291667542,-0.0100528905706579,0.7599983215332031,23.4628250430127,WFC,,,,18631700.0,659630510.8272552,0.727505187159508,-25.127889827886207,-1.000252916675426,2.1466655187844146,7.350466882476097,음봉,35.20004730224609,38.809200859069826,40.93483193715414,False,False,0,1.1964285714285705,0.19993838660332924,False,23.4628250430127,-1.5851091835175097,-0.3863551249386261,-12.153301080436679
2022-06-23,38.060001373291016,38.36000061035156,37.150001525878906,37.900001525878906,34.76163101196289,23143800.0,-0.0181347437774886,-0.0183011936650187,1.2099990844726562,21.17922838898697,WFC,,,,23143800.0,804516235.8146667,0.9064092834411613,24.217328531481286,-1.8134743777488693,3.4808466957613304,7.5029908330683615,음봉,35.15051956176758,38.5620174407959,40.72650229136149,False,False,0,1.2171426500592903,0.20121999625771678,False,21.17922838898697,-1.625949583903342,-0.34175642025956665,-19.02000207258452
2022-06-24,38.68000030517578,41.09999847412109,38.5099983215332,40.7599983215332,37.384796142578125,39407700.0,0.0754615089755856,0.0727498801271283,2.5900001525878835,36.67977165338433,WFC,,,,39407700.0,1473248830.947876,1.5246721462338062,70.27324812692817,7.546150897558568,6.9279504499907985,11.27211002229562,음봉,35.721012878417966,38.4079288482666,40.56508471171061,False,False,0,1.350714002336773,0.20202726983225897,True,36.67977165338433,-1.4301623705508248,-0.11677536552563939,9.03524454457403
2022-06-27,40.84000015258789,40.9900016784668,39.900001525878906,40.2400016784668,36.90785598754883,16996800.0,-0.0127575967837391,-0.012839673738617,1.0900001525878906,34.217299333440764,WFC,,,,16996800.0,627315446.6491699,0.658464098833223,-56.869342793413466,-1.2757596783739111,2.953301196784802,9.242270565906818,음봉,36.04386444091797,38.16212120056152,40.4183713277181,False,False,0,1.3621425628662094,0.2033285561970488,False,34.217299333440764,-1.2985161915954748,0.011896650743768555,4.087278578016493
2022-06-28,40.970001220703125,41.560001373291016,40.08000183105469,40.18000030517578,36.85282516479492,18136600.0,-0.0014910327701633,-0.0014921454657054,1.479999542236328,32.56425152772245,WFC,,,,18136600.0,668384948.8838196,0.7052132311797714,6.705968182246069,-0.14910327701633808,4.015973091935851,11.006180457961836,음봉,36.26215515136719,37.900262641906735,40.29582633972168,False,False,0,1.402856826782225,0.20182950304566993,False,32.56425152772245,-1.184966616262166,0.100356980861662,3.6673422512888583
2022-06-29,40.27000045776367,40.52999877929688,39.54999923706055,39.709999084472656,36.4217414855957,15778700.0,-0.0116974391317772,-0.0117663924182676,0.9799995422363352,33.37835278274716,WFC,,,,15778700.0,574687732.3787689,0.6154811329218519,-13.00078294718966,-1.1697439131777232,2.6906992973521366,9.272492075405763,음봉,36.4657699584961,37.62235279083252,40.162295786539715,False,False,0,1.4128567831856853,0.1960067007730175,False,33.37835278274716,-1.116887822347259,0.1347486198212553,-1.4617976230051233
2022-06-30,39.06999969482422,39.709999084472656,38.27999877929688,39.16999816894531,35.92646026611328,20425700.0,-0.0135985046096244,-0.0136918111250661,1.430000305175774,36.92076041306281,WFC,,,,20425700.0,733823099.45755,0.8019548137452068,29.451095464138355,-1.3598504609624418,3.9803540192479954,7.271091664509961,음봉,36.69873580932617,37.34765338897705,40.02431138356527,False,False,0,1.3728566850934694,0.19744836895230672,False,36.92076041306281,-1.0903312825453213,0.12904412769855433,-12.221924172640113
2022-07-01,38.720001220703125,40.08000183105469,38.459999084472656,39.91999816894531,36.614349365234375,15333900.0,0.0191471437493642,0.0189661439624693,1.6200027465820312,49.30675541350679,WFC,,,,15333900.0,561440771.7315674,0.6080673965555703,-24.928399026716342,1.9147143749364215,4.424502345848694,7.775719995506432,음봉,36.544646453857425,37.099552154541016,39.90296096801758,False,False,0,1.3871427263532357,0.19876879416580767,False,49.30675541350679,-1.0022251049068487,0.17372024426962152,1.4810446798276244
2022-07-05,39.0,40.119998931884766,38.5099983215332,40.09999847412109,36.77944564819336,19144500.0,0.0045090595851402,0.0044989242318229,1.6100006103515625,55.22102322524102,WFC,,,,19144500.0,704124097.2118378,0.7643953524187614,24.850820730538214,0.45090595851402515,4.377446647107492,6.515616626061966,음봉,36.51896438598633,36.883094215393065,39.787859026590986,False,False,0,1.4371427808489108,0.19993532003537795,False,55.22102322524102,-0.9086046057813206,0.21387259471611975,4.769814956803497
2022-07-06,39.61000061035156,40.02999877929688,38.91999816894531,39.5,36.22913360595703,17014100.0,-0.0149624887634314,-0.0150755560614934,1.1100006103515696,60.70320285554655,WFC,,,,17014100.0,616406102.0851135,0.6822582530026311,-11.128000208937294,-1.4962488763431425,3.063834267814387,7.696023994579273,음봉,36.39422607421875,36.6253625869751,39.66586583455403,False,False,0,1.3528570447649269,0.2013422591609256,False,60.70320285554655,-0.8688002795704222,0.20294153674161453,-6.1925753231663805
2022-07-07,40.209999084472656,40.4900016784668,39.72999954223633,40.119998931884766,36.797794342041016,21060400.0,0.0156962278554317,0.0155743161190998,0.7600021362304688,60.20942727597775,WFC,,,,21060400.0,774976267.9611206,0.8448879544017006,23.78203960244738,1.5696227855431788,2.065346985653909,10.988022848719366,음봉,36.46943664550781,36.38001327514648,39.53829886118571,True,False,0,1.3121430533272875,0.1815224814036722,False,60.209427275977745,-0.7823504464176239,0.23151309591553026,5.1353267531078
2022-07-08,40.29999923706055,40.70000076293945,39.86000061035156,40.18000030517578,36.85282516479492,14437500.0,0.0014954924265946,0.001494375291435,0.8400001525878906,63.91639511229586,WFC,,,,14437500.0,532062663.3167267,0.5834911762566266,-31.44717099390325,0.14954924265946357,2.2793371982518535,9.517431567952176,음봉,36.65470962524414,36.17593765258789,39.40252685546875,True,False,0,1.2871431623186378,0.13285326160025435,False,63.91639511229586,-0.7013134978711832,0.25004003556957666,-6.738693228263361
2022-07-11,39.66999816894531,40.0099983215332,39.2400016784668,39.790000915527344,36.49512100219727,13111600.0,-0.0097062887580016,-0.0097537018315029,0.7699966430664062,57.57226506341559,WFC,,,,13111600.0,478509428.5324098,0.5355305084439186,-9.183722943722938,-0.9706288758001613,2.1098618717281328,7.644388161702195,음봉,36.630863952636716,36.04386177062988,39.27462838490804,True,False,0,1.2371428353445866,0.08473700263447323,False,57.57226506341559,-0.6583656394979087,0.2343903151542811,-14.849899009995038
2022-07-12,39.08000183105469,40.470001220703125,39.0099983215332,39.59999847412109,36.32085037231445,15127300.0,-0.0047751761083989,-0.0047866136873272,1.460002899169922,53.66141177950844,WFC,,,,15127300.0,549436399.8371124,0.6212966797242726,15.373409805058124,-0.47751761083989486,4.01973765537937,7.082812052333752,음봉,36.539144897460936,36.02184925079346,39.142000897725424,True,False,0,1.2650002070835658,0.08478878439998959,False,53.66141177950844,-0.6311162207687815,0.2093117871067267,-18.80161411005532
2022-07-13,39.08000183105469,39.34999847412109,38.40999984741211,39.06999969482422,35.83474349975586,14116800.0,-0.013383686438386,-0.013474055186815,0.9399986267089772,52.77447416982323,WFC,,,,14116800.0,505871907.0373535,0.5847208336954862,-6.6799759375433805,-1.3383686438386055,2.6231487514774074,7.596604788866386,음봉,36.4602668762207,36.02551784515381,39.03456732432048,True,False,0,1.2778573717389783,0.08478015008534608,False,52.77447416982323,-0.6413525096521298,0.1592603985787029,-29.824446068742404
2022-07-14,38.09000015258789,38.75,37.43000030517578,38.7400016784668,35.532066345214844,24355300.0,-0.0084464719146958,-0.0084823455049424,1.3199996948242188,55.18514962262513,WFC,,,,24355300.0,865394135.4576111,1.0097553897180762,72.52705995693074,-0.844647191469583,3.714953366347029,6.293491825460943,음봉,36.20712127685547,36.08559379577637,38.90962231953939,True,False,0,1.2857145581926612,0.07904723972107172,False,55.18514962262513,-0.6662087197132749,0.10752335081404629,-45.95480554747357
2022-07-15,39.400001525878906,41.810001373291016,39.22999954223633,41.130001068115234,37.72416687011719,40328300.0,0.0616935841446653,0.0598653540170264,2.5800018310546875,52.42470559248899,WFC,,,,40328300.0,1521351518.788147,1.6506054599566151,65.58326113823274,6.16935841446653,6.839122093637036,10.885759198704646,음봉,36.38138961791992,36.22133865356445,38.81117795308431,True,False,0,1.2850003923688615,0.08812035748648166,True,52.42470559248899,-0.5032224182622613,0.21640772181204793,6.716129981858419
2022-07-18,41.93000030517578,42.790000915527344,41.02000045776367,41.18999862670898,37.77919006347656,17991300.0,0.0014585661639345,0.0014575034895024,1.770000457763672,56.62483779784434,WFC,,,,17991300.0,679696742.1890259,0.7598639520997906,-55.387903779727885,0.14585661639345826,4.68512018068603,11.148910059535872,음봉,36.63820343017578,36.38368167877197,38.7011838277181,True,False,0,1.3335718427385603,0.0829371551278238,False,56.62483779784434,-0.3654025550538904,0.28338206801633514,6.514733554813493
2022-07-19,41.880001068115234,43.06999969482422,41.75,42.900001525878906,39.34759521484375,25724200.0,0.0415150549477623,0.040676436677078,1.3199996948242188,65.41953390727659,WFC,,,,25724200.0,1012185408.8256836,1.0867526023728749,42.9813298649903,4.151505494776231,3.3547150406951762,10.854682161656967,음봉,37.24355239868164,36.58638153076172,38.63055674235026,True,True,0,1.322143282209124,0.1253462083705926,False,65.41953390727659,-0.12814495721685404,0.41651173268269726,33.99991342530092
2022-07-20,42.540000915527344,43.02999877929688,42.36000061035156,42.720001220703125,39.1824951171875,19111200.0,-0.0041959387036177,-0.004204766356601,0.6699981689453196,67.6436242183405,WFC,,,,19111200.0,748824500.6835938,0.8077255232631584,-25.707310625792058,-0.41959387036177853,1.709942582629005,8.113343860666914,음봉,37.91310272216797,36.75743770599365,38.579070790608725,True,True,0,1.3000003269740514,0.12476289124290821,False,67.6436242183405,0.046030588366271274,0.47254982261265804,31.072606412479743
2022-07-21,42.47999954223633,43.369998931884766,42.27999877929688,43.27999877929688,39.69612121582031,17809000.0,0.0131085602664315,0.0130233866187704,1.0900001525878835,74.03506484788402,WFC,,,,17809000.0,706948222.732544,0.7567929731931593,-6.8138055171836465,1.310856026643159,2.7458606009936304,8.415759167931013,음봉,38.745913696289065,36.97206039428711,38.54389915466309,True,True,0,1.275714601789202,0.13346538308208256,False,74.03506484788402,0.2229413674079055,0.5195684813234338,38.150192500971336
2022-07-22,43.16999816894531,43.52999877929688,42.68999862670898,43.16999816894531,39.59523010253906,15965400.0,-0.002541586185026,-0.0025448214982415,0.8400001525879048,70.54361634108997,WFC,,,,15965400.0,632153686.6790771,0.6798534957982478,-10.352069178505252,-0.254158618502609,2.1214680415104836,8.751174791708708,음봉,39.12012634277344,37.21374034881592,38.5260503133138,True,True,0,1.2200001307896216,0.11189562864615307,False,70.54361634108997,0.3509577423222723,0.5180678849902404,35.49557932758748
2022-07-25,43.52999877929688,43.90999984741211,43.209999084472656,43.5,39.89790344238281,20297900.0,0.007644186914937,0.0076151181621449,0.7000007629394531,71.09180405186795,WFC,,,,20297900.0,809843654.2831421,0.8651503781373657,27.136808348052654,0.7644186914937068,1.7544800667291582,9.937481526355622,음봉,39.54386901855469,37.339395713806155,38.51324602762858,True,True,0,1.1550001416887565,0.11692307852624703,False,71.09180405186795,0.47140083533591337,0.5108087824031051,38.08492764731473
2022-07-26,43.11000061035156,43.68000030517578,42.810001373291016,42.900001525878906,39.34759521484375,15446700.0,-0.0137929109065535,-0.0138889169260726,0.8699989318847656,71.09184073645972,WFC,,,,15446700.0,607790499.005127,0.6649469172423915,-23.90000936057425,-1.3792910906553546,2.2110599825337265,8.050791873330864,음봉,39.54386901855469,37.461382675170896,38.482299931844075,True,True,0,1.1378571646554134,0.11654233734574913,False,71.09184073645972,0.5164937608809694,0.44472136635852894,29.592516128576502
2022-07-27,42.97999954223633,43.970001220703125,42.68999862670898,43.709999084472656,40.09051513671875,19498400.0,0.018880948576871,0.018704915792937,1.2800025939941475,71.75757624643262,WFC,,,,19498400.0,781700900.3417969,0.8405291313600638,26.230198035826426,1.888094857687106,3.1927816083904546,9.231578975942769,음봉,39.72547302246094,37.62326717376709,38.487149175008135,True,True,0,1.1750000544956762,0.12116036521895407,False,71.75757624643262,0.6052012745387003,0.42674310401300786,40.6806492217202
2022-07-28,43.54999923706055,43.83000183105469,42.709999084472656,43.31999969482422,39.732818603515625,14527300.0,-0.0089222234232533,-0.0089622648087183,1.1200027465820312,68.29844547328744,WFC,,,,14527300.0,577210575.6988525,0.6283840650429279,-25.49491240306897,-0.8922223423253328,2.8188353757589493,8.629183457843046,음봉,39.7328125,37.78882102966308,38.48542861938476,True,True,0,1.195000239780972,0.12062955835339932,False,68.29844547328744,0.6392703862994864,0.36864977261903503,35.21128403625245
2022-07-29,43.310001373291016,44.34999847412109,43.310001373291016,43.869998931884766,40.237266540527344,17512700.0,0.0126960018126447,0.0126160833011523,1.039997100830071,73.34100754207523,WFC,,,,17512700.0,704663177.7442932,0.757476223741416,20.55027431112457,1.2696001812644742,2.584661410293804,9.003093401128295,음봉,39.861219787597655,38.00436134338379,38.484665870666504,True,True,0,1.214285986764091,0.12380684818774443,False,73.34100754207523,0.6989184387933491,0.34263826009031817,40.56744188097704
2022-08-01,43.43999862670898,44.15999984741211,43.15999984741211,43.540000915527344,39.93459701538086,13668300.0,-0.0075221194471953,-0.0075505532658118,1.0,72.18479956160688,WFC,,,,13668300.0,545838052.3853302,0.5967174483447193,-21.952069069875,-0.7522119447195386,2.504094381157393,7.959616448984705,음봉,39.86855850219727,38.17037372589111,38.45118834177653,True,True,0,1.1814286368233822,0.12326838162763244,False,72.18479956160688,0.7135417834558453,0.2858092838022514,36.19360365505429
2022-08-02,43.4900016784668,43.540000915527344,42.86000061035156,42.880001068115234,39.32925033569336,17764000.0,-0.0151584521925774,-0.0152745159203668,0.6800003051757812,71.14324331310863,WFC,,,,17764000.0,698644802.9632568,0.7794369368161534,29.964955407768336,-1.5158452192577498,1.7289938134382523,8.903068839574289,음봉,39.864889526367186,38.29786396026611,38.42244974772135,True,True,0,1.1628573281424397,0.12285803198304028,False,71.14324331310863,0.6685775259547455,0.19267602104092124,27.44581695181355
2022-08-03,43.38999938964844,44.56999969482422,43.25,43.88999938964844,40.25561141967773,17359500.0,0.0235539980059993,0.0232808829161108,1.3199996948242188,76.57388565569143,WFC,,,,17359500.0,698817286.4398955,0.76391557263222,-2.2770772348570167,2.3553998005999333,3.2790452020782803,10.32501006069199,음봉,39.897908782958986,38.49918785095215,38.412360699971515,True,True,1,1.1628573281424397,0.12269207061587567,False,76.57388565569143,0.6996277522651155,0.17898099788103294,19.20621438455134
2022-08-04,43.5,43.59999847412109,42.63999938964844,42.77000045776367,39.49833679199219,15062800.0,-0.0188116538534394,-0.0189908438120784,0.9599990844726491,61.90279737031223,WFC,,,,15062800.0,594955547.4304199,0.669585270592263,-13.230219764394135,-1.8811653853439414,2.4304797681184325,8.05946914207432,음봉,39.8510124206543,38.63421497344971,38.39866924285889,True,True,0,1.0471428462437227,0.12226326011047484,False,61.90279737031223,0.6555725148038434,0.10794060833580865,-42.86377444496143
2022-08-05,42.58000183105469,44.29999923706055,42.52999877929688,43.7599983215332,40.41261291503906,16021000.0,0.0231472056117623,0.0228833726211302,1.7700004577636648,65.8410970471881,WFC,,,,16021000.0,647450471.5118408,0.7192637210520408,6.3613670765063635,2.314720561176231,4.379821867704527,7.802012158869612,음봉,39.88608169555664,38.812204360961914,38.41366799672445,True,True,1,1.047142846243722,0.1257477293594066,True,65.8410970471881,0.686519099089459,0.11110975409713941,-47.425079067049396
2022-08-08,43.970001220703125,44.18999862670898,43.130001068115234,43.18999862670898,39.88621139526367,12879700.0,-0.0130256739617916,-0.0131112520063196,1.059997558593743,53.70437903541061,WFC,,,,12879700.0,513722436.9075775,0.5841272969899077,-19.607390300230943,-1.3025673961791662,2.6575538801853047,8.802668397470097,음봉,39.8764045715332,38.98175888061523,38.427689425150554,True,True,1,1.0285712650844023,0.1252007787737666,False,53.70437903541061,0.6609492749540564,0.06843194396938945,-104.53215838483514
2022-08-09,43.220001220703125,43.790000915527344,42.9900016784668,43.400001525878906,40.08015060424805,10489500.0,0.0048623121174,0.0048505292570302,0.7999992370605469,56.14930919410772,WFC,,,,10489500.0,420420739.7632599,0.481494472353095,-18.557885665038786,0.48623121174000694,1.9959985803440468,8.358251407741692,음봉,40.02658462524414,39.16972389221191,38.45656108856201,True,True,1,1.0378570556640614,0.12459997377705831,False,56.149309194107715,0.6488546855367048,0.045069883641630226,-96.06320067964946
2022-08-10,44.040000915527344,44.70000076293945,44.040000915527344,44.33000183105469,40.93901443481445,14037600.0,0.0214286577674529,0.0212022921781757,0.6599998474121094,58.12978735402455,WFC,,,,14037600.0,574685509.0301514,0.6496811131537004,33.82525382525383,2.142865776745295,1.6121537279872737,9.879828921749603,음봉,40.163265228271484,39.42493743896485,38.48705927530924,True,True,1,1.0071427481515063,0.1371453815994077,False,58.12978735402455,0.7004978662317072,0.0773704514693061,-73.31718387703032
2022-08-11,45.0,45.61000061035156,44.88999938964844,45.25,41.78863143920898,14038800.0,0.0207532354191704,0.0205408208614793,0.720001220703125,63.06716766941454,WFC,,,,14038800.0,586662239.048767,0.6551525412479452,0.008548469823899119,2.07532354191704,1.7229595607851618,9.919597775495282,음봉,40.621324157714845,39.73776569366455,38.53829104105632,True,True,1,0.9985713958740219,0.10228216151920674,False,63.06716766941454,0.8007518814717187,0.14209957336745405,-24.07035387488843
2022-08-12,45.52000045776367,45.959999084472656,45.18999862670898,45.93999862670898,42.42584609985352,10706000.0,0.0152485170894269,0.0151334269473274,0.770000457763679,64.48289834117128,WFC,,,,10706000.0,454211108.3450318,0.50692937563279,-23.739920790950798,1.5248517089426983,1.814932472887883,8.929148646523196,음봉,41.02397079467774,39.972849655151364,38.577213223775225,True,True,1,1.0035713740757524,0.11624530341129027,False,64.48289834117128,0.9210050357827271,0.20988218214276988,-3.036520996403292
2022-08-15,45.40999984741211,45.81999969482422,44.90999984741211,45.75,42.25038909912109,11070300.0,-0.0041356158300174,-0.0041441911401224,0.9099998474121094,67.37682651352736,WFC,,,,11070300.0,467724482.4440002,0.528221651221835,3.4027648047823655,-0.4135615830017425,2.153825957146131,7.033810806118229,음봉,41.49680633544922,40.19640960693359,38.637669499715166,True,True,1,1.0064285823277055,0.08068757917390135,False,67.37682651352736,0.9907281163294073,0.22368421015155993,-8.151884994117124
2022-08-16,45.58000183105469,46.31999969482422,45.34999847412109,46.060001373291016,42.53667068481445,12234100.0,0.0067758331176959,0.0067529803334978,0.970001220703132,65.49013961888039,WFC,,,,12234100.0,520397882.8250885,0.5857949633302565,10.512813564221378,0.6775833117695917,2.280388204075928,7.880667617337671,음봉,41.9881103515625,40.355863380432126,38.704578717549644,True,True,1,0.9842856270926329,0.08311495001376519,False,65.49013961888039,1.0569013900742448,0.23188598711711783,0.1760396808939213
2022-08-17,45.720001220703125,46.310001373291016,45.54999923706055,46.13999938964844,42.61054611206055,13151700.0,0.0017367468129674,0.0017352404121269,0.7600021362304688,68.9025065561751,WFC,,,,13151700.0,560401119.3019867,0.6346462162028221,7.500347389673134,0.17367468129674268,1.7836010226946066,7.483732235360671,음봉,42.32241668701172,40.52726593017578,38.77776387532552,True,True,1,0.958571297781807,0.08096514040746088,False,68.9025065561751,1.1025952837563509,0.22206390463937886,2.12525892628861
2022-08-18,46.13999938964844,46.20000076293945,45.7599983215332,46.13999938964844,42.61054611206055,7885900.0,0.0,0.0,0.44000244140625,66.69541634889052,WFC,,,,7885900.0,336022505.58509827,0.3863003307035516,-40.038930328398614,0.0,1.032613945498603,8.283051027569227,음봉,42.48679962158203,40.672987174987796,38.81808280944824,True,True,1,0.9157145363943913,0.08067506235158083,False,66.69541634889052,1.1258301544901315,0.19623902029852758,2.12525892628861
2022-08-19,45.900001525878906,46.02000045776367,45.040000915527344,45.34999847412109,41.880985260009766,13142900.0,-0.017121602950878,-0.017269872439246,0.979999542236328,62.91655781230062,WFC,,,,13142900.0,550437601.1737823,0.6499199023427887,66.66328510379284,-1.7121602950878057,2.339962959687304,7.71981519590829,음봉,42.37782745361328,40.78727493286133,38.85434424082438,True,True,0,0.9142859322684147,0.08044900723984201,False,62.91655781230062,1.0730055532833163,0.11473153527336988,-17.12436312688366
2022-08-22,44.59999847412109,44.7400016784668,44.119998931884766,44.40999984741211,41.01288986206055,12391400.0,-0.0207276737297325,-0.020945507339174,0.6200027465820312,60.796411339759295,WFC,,,,12391400.0,508207123.43673706,0.6240331744109837,-5.717916137229984,-2.07276737297325,1.511726553937795,6.492237938603565,음봉,42.13032760620117,40.843024253845215,38.86344960530599,True,True,0,0.9100003923688611,0.08033919711658634,False,60.796411339759295,0.9501409986178118,-0.006506415513707786,-40.02924936035922
2022-08-23,44.459999084472656,44.959999084472656,44.27999877929688,44.369998931884766,40.97594451904297,10475100.0,-0.0009008227204139,-0.0009012287050324,0.6800003051757741,55.21390913272802,WFC,,,,10475100.0,429227116.431427,0.5350139438337399,-15.464757815904584,-0.09008227204139185,1.6595109964085246,8.40494106610346,음봉,41.818182373046874,40.924441719055174,38.84931519826253,True,True,0,0.8642861502511151,0.08017936564396322,False,55.21390913272802,0.8401045708913983,-0.09323427459209699,-41.00406028629373
2022-08-24,44.33000183105469,44.70000076293945,44.02000045776367,44.63999938964844,41.22529602050781,11706700.0,0.0060853143079828,0.0060668735568985,0.6800003051757812,63.49212309783089,WFC,,,,11706700.0,482612172.9232788,0.6039347524351147,11.757405657225227,0.608531430798287,1.6494734321313553,8.18543013804836,음봉,41.54113235473633,40.98118076324463,38.83490352630615,True,True,0,0.844286237444196,0.08006835613946316,False,63.49212309783089,0.7642111410699997,-0.1353021635307966,-34.424866586279826
2022-08-25,44.790000915527344,45.52000045776367,44.43000030517578,45.38999938964844,41.91791915893555,11783200.0,0.0168009257734178,0.0166613513700903,1.0900001525878906,62.182349182043495,WFC,,,,11783200.0,493927225.03356934,0.6131840143633797,0.6534719434170277,1.6800925773417852,2.6003202793894835,8.646887321915758,음봉,41.40260696411133,41.09043579101562,38.83386987050374,True,True,1,0.7957147870744977,0.07985546303416521,False,62.182349182043495,0.7512935060580546,-0.11857583883419343,-32.19468943419873
2022-08-26,45.58000183105469,45.720001220703125,43.93999862670898,43.970001220703125,40.60654830932617,13405200.0,-0.0312842544649507,-0.0317840583874314,1.7800025939941475,55.17245913134942,WFC,,,,13405200.0,544338901.3961792,0.7034582024544016,13.765360852739494,-3.1284254464950756,4.383535828839044,8.736317893629277,음봉,41.14771957397461,41.108899879455564,38.82030487060547,True,True,0,0.8471437181745267,0.07981959590232275,True,55.17245913134942,0.6280003224638122,-0.1934952179427486,-71.57521888700127
2022-08-29,43.79999923706055,44.31999969482422,43.58000183105469,43.91999816894531,40.56036376953125,12504900.0,-0.0011373667971752,-0.0011380140896434,0.7399978637695312,53.52297933480239,WFC,,,,12504900.0,507203292.9016113,0.6600499028410235,-6.716050487870384,-0.11373667971752432,1.8244359640714418,7.864374246754015,음봉,41.05721435546875,41.140188217163086,38.80337136586507,False,True,0,0.842857905796597,0.07975889072374927,False,53.522979334802386,0.5205621632258328,-0.24074670174458246,-110.20585459030954
2022-08-30,44.2599983215332,44.43999862670898,43.54999923706055,44.13999938964844,40.76354217529297,14365000.0,0.0050092846039597,0.0049967798802654,0.8899993896484304,48.57565569257772,WFC,,,,14365000.0,585568283.3480835,0.7753576110423185,14.874969012147243,0.5009284603959774,2.183322013139144,9.121305156491474,음봉,41.01473388671875,41.21190280914307,38.79762032826741,False,True,0,0.8592864445277628,0.07551724399820481,False,48.57565569257772,0.4466625988895956,-0.25171701286465586,-100.59410112939808
2022-08-31,44.27999877929688,44.59000015258789,43.61000061035156,43.709999084472656,40.366432189941406,22609100.0,-0.0097417928904189,-0.0097895545976861,0.979999542236328,37.54041284094014,WFC,,,,22609100.0,912648702.0256042,1.218050106718206,57.39018447615734,-0.9741792890418988,2.427758632779358,8.626474580845574,음봉,40.842961120605466,41.21744384765625,38.78066476186117,False,True,0,0.8778577532087058,0.07550709188981716,False,37.54041284094014,0.3519956183258799,-0.2771071947426973,-114.93019931445632
2022-09-01,43.65999984741211,43.7400016784668,42.79999923706055,43.70000076293945,40.357200622558594,13173000.0,-0.0002286941620051,-0.0002287203165026,0.94000244140625,29.63637223910797,WFC,,,,13173000.0,531625403.80096436,0.7105738899270999,-41.735849724226085,-0.02286941620051053,2.3292062554031903,8.159174538817432,음봉,40.53081741333008,41.26038703918457,38.75820509592692,False,True,0,0.890000752040318,0.06602785170700415,False,29.63637223910797,0.27307856415196596,-0.284819399133289,-69.39767888706221
2022-09-02,44.29999923706055,44.79999923706055,43.16999816894531,43.380001068115234,40.06167984008789,13025900.0,-0.0073226283763971,-0.0073495704245444,1.6300010681152344,28.952004184969283,WFC,,,,13025900.0,521839435.42900085,0.7023663422206432,-1.1166780535944776,-0.7322628376397189,4.068728706888039,9.769752494423596,음봉,40.421843719482425,41.24284038543701,38.74366079966227,False,True,0,0.9414294106619698,0.06605594307609441,True,28.952004184969283,0.18456264944080658,-0.2986682510755587,-77.79315456999589
2022-09-06,43.709999084472656,43.880001068115234,42.36000061035156,42.880001068115234,39.59991836547852,14708700.0,-0.0115262634131309,-0.0115932056805527,1.520000457763672,22.680404322578013,WFC,,,,14708700.0,582463319.262314,0.7911800385033487,12.91887700657921,-1.15262634131309,3.8383929071145304,9.10675553034114,음봉,40.22975463867188,41.228525733947755,38.75138212839762,False,True,0,0.9807150704520085,0.07302292994927684,True,22.680404322578013,0.07627362256789638,-0.3255658223587751,-69.87548637380725
2022-09-07,42.540000915527344,43.90999984741211,42.25,43.84000015258789,40.48649215698242,19475800.0,0.0223882732111078,0.0221413347114139,1.6599998474121094,32.835948799581715,WFC,,,,19475800.0,788506823.9509583,1.042090780071971,32.41007023054383,2.238827321110781,4.100132560202109,7.424466189334007,음봉,40.17434463500977,41.248842811584474,38.813471984863284,False,True,0,1.045000621250697,0.07298696257574791,True,32.835948799581715,0.061286412544490076,-0.2724424259057452,-44.64575955436619
2022-09-08,43.619998931884766,45.2599983215332,43.34000015258789,45.22999954223633,41.770164489746094,18500300.0,0.0317061880240538,0.0312139249971178,1.9199981689453125,44.37584406632541,WFC,,,,18500300.0,772760574.1096497,0.9847628272466741,-5.008780127132129,3.1706188024053894,4.5965779460041185,7.7396351423889165,음봉,40.455091094970705,41.29040031433105,38.91361853281657,False,True,0,1.1507146017892016,0.07291350346964538,True,44.37584406632541,0.1512470875039469,-0.1459854007570307,-12.727730822041863
2022-09-09,45.5099983215332,45.810001373291016,45.25,45.33000183105469,41.86251068115234,12875500.0,0.0022108170397296,0.0022083767797218,0.5600013732910156,49.86483265540332,WFC,,,,12875500.0,539000756.2751769,0.6895912218627102,-30.40383128922234,0.22108170397296956,1.337715689238734,8.953361514066287,음봉,40.75615310668945,41.294094276428225,39.03915125528972,False,True,0,1.120714732578822,0.07290698099414596,False,49.86483265540332,0.22737213201451567,-0.055888284997169524,-10.884527229534518
2022-09-12,45.68000030517578,46.13999938964844,45.2599983215332,45.52999877929688,42.047210693359375,12127900.0,0.0044120624683459,0.0044023578551694,0.8800010681152344,58.40833325580604,WFC,,,,12127900.0,509944366.56799316,0.6582195506422928,-5.806376451399942,0.4412062468345912,2.0928880979356266,9.11911292922568,음봉,41.15325927734375,41.27516250610351,39.156450271606445,False,True,0,1.1392860412597652,0.07294042140080809,False,58.40833325580604,0.2991570296046717,0.01271729007438921,-5.213093533645831
2022-09-13,44.34999847412109,44.52999877929688,43.040000915527344,43.220001220703125,39.91392135620117,21124900.0,-0.0507355732278126,-0.0520678819112483,1.4899978637695384,43.56108736890454,WFC,,,,21124900.0,843177597.2576141,1.152900419685027,74.18431880210095,-5.073557322781264,3.7330280091310715,5.476671918989854,음봉,41.216059875488284,41.15833911895752,39.24614346822103,True,True,0,1.1971430097307483,0.07314745470852417,False,43.56108736890454,0.18181263438656714,-0.08370168411497231,-60.05344499578323
2022-09-14,43.25,43.61000061035156,42.25,43.27999877929688,39.96931838989258,15067800.0,0.0013879125831068,0.0013869503226903,1.3600006103515625,42.20176358989784,WFC,,,,15067800.0,602249695.6352234,0.8381229682542863,-28.672798451116932,0.13879125831068873,3.4026114658374533,8.358183136221776,음봉,41.11262512207031,41.029971504211424,39.32407213846842,True,True,0,1.2457144601004468,0.07337630605648862,False,42.20176358989784,0.09222334014393141,-0.13863278268608642,-58.62935650263793
2022-09-15,43.400001525878906,44.68999862670898,43.34999847412109,44.13999938964844,40.76354217529297,13173200.0,0.0198708363663573,0.0196759882644208,1.3400001525878906,42.92189295910638,WFC,,,,13173200.0,536986293.7835693,0.7446953647197538,-12.573832941769869,1.9870836366357336,3.287251502397829,8.583291570100624,음봉,40.91130065917969,40.93762130737305,39.40744164784749,False,True,0,1.2635716029575899,0.07354183390327558,False,42.92189295910638,0.08433820257672409,-0.11721433620263502,-38.212289407103775
2022-09-16,43.70000076293945,44.060001373291016,43.33000183105469,43.93999862670898,40.57884216308594,21238800.0,-0.0045310098767368,-0.0045413060150297,0.7299995422363281,49.80288429962455,WFC,,,,21238800.0,861845912.9333496,1.2189768167959594,61.22734035769592,-0.45310098767368245,1.7989659224441834,7.20363940655356,음봉,40.65456695556641,40.836036109924315,39.49369455973307,False,True,0,1.1885713849748885,0.05992972288723417,False,49.80288429962455,0.062465365018077534,-0.11126973900902529,-42.9603624453292
2022-09-19,43.43000030517578,44.61000061035156,43.40999984741211,44.31999969482422,40.92977523803711,11324100.0,0.008648178613396,0.0086109973298704,1.2000007629394531,52.51895347379341,WFC,,,,11324100.0,463492867.77305603,0.6795184172484667,-46.68201593310356,0.8648178613396063,2.9318528038831277,7.02621856639248,음봉,40.43107986450195,40.788475608825685,39.596496963500975,False,True,0,1.221428734915597,0.059999602616953765,False,52.51895347379341,0.07261133171303413,-0.08089901785125497,-33.93894522133093
2022-09-20,43.88999938964844,44.290000915527344,43.09000015258789,43.40999984741211,40.08937454223633,19503900.0,-0.0205327464153718,-0.0207464739229824,1.2000007629394531,45.77051775971388,WFC,,,,19503900.0,781899152.1343231,1.1763878529140008,72.23355498450208,-2.053274641537184,2.9933137561804246,7.2324466342544556,음봉,40.46617050170899,40.74229984283447,39.64157327016195,False,True,0,1.2435716901506702,0.06006760387414086,False,45.77051775971388,0.01269246000887847,-0.11265431164432851,-55.54307960852767
2022-09-21,43.65999984741211,43.810001373291016,42.2400016784668,42.27000045776367,39.03658676147461,19207100.0,-0.0262610178578004,-0.0266119967344152,1.5699996948242188,42.29123187357841,WFC,,,,19207100.0,749779625.586319,1.1578483693204376,-1.521746932664747,-2.626101785780044,4.021867240641179,8.90666254075362,음봉,40.27962417602539,40.645331954956056,39.677052116394044,False,False,0,1.2857145581926623,0.07407059524624371,False,42.29123187357841,-0.11838023919342078,-0.1949816086773022,-82.13889223082649
2022-09-22,42.4900016784668,42.5099983215332,41.43999862670898,41.52000045776367,38.34395217895508,15499000.0,-0.0177432157875825,-0.0179025137591556,1.069999694824226,39.18647960093152,WFC,,,,15499000.0,594292914.8216248,0.9412004323343113,-19.30588167917072,-1.7743215787582534,2.7905305374637175,8.846610842524735,음봉,39.79570617675781,40.50126476287842,39.70190423329671,False,False,0,1.2950000762939464,0.09143562642020335,False,39.18647960093152,-0.2749763635079603,-0.28126218639347333,-65.8733179825609
2022-09-23,40.81999969482422,40.97999954223633,39.70000076293945,40.40999984741211,37.31886672973633,23316200.0,-0.0267339538823377,-0.0270978054785883,1.279998779296875,36.33853866224034,WFC,,,,23316200.0,870134160.4438782,1.438219785177683,50.43680237434673,-2.673395388233779,3.429897238216373,6.457465584958948,음봉,39.14371109008789,40.271312141418456,39.71685632069906,False,False,0,1.2699999128069206,0.11741221510287007,False,36.33853866224034,-0.4763051991506799,-0.38607281762895435,-36.97413883487037
2022-09-26,40.13999938964844,40.540000915527344,39.34000015258789,40.0099983215332,36.94945907592773,21420000.0,-0.009898683593043,-0.0099480012848549,1.2000007629394531,36.67595588427054,WFC,,,,21420000.0,791457413.406372,1.3155585815762136,-8.132543038745588,-0.9898683593043023,3.247681543790837,7.55953464595478,음봉,38.34764785766602,40.08845767974854,39.73390630086263,False,False,0,1.247142791748048,0.12716257777127893,False,36.67595588427054,-0.6580819037426551,-0.4542796177767435,-35.15501977752469
2022-09-27,40.209999084472656,40.59000015258789,39.40999984741211,40.02999877929688,36.96793746948242,17541400.0,0.0005000991629329,0.0004999741550223,1.1800003051757812,30.62055049294932,WFC,,,,17541400.0,648469378.327179,1.0779709286537003,-18.107376283846875,0.0500099162932921,3.1919560190499916,8.824324063431673,음봉,37.72336044311523,39.908836364746094,39.73979943593343,False,False,0,1.2128571101597387,0.12773490990418357,False,30.62055049294932,-0.7915259810312278,-0.470178956052253,-34.88327866534948
2022-09-28,39.900001525878906,41.060001373291016,39.900001525878906,40.810001373291016,37.688262939453125,16033500.0,0.0194851408890566,0.019297736025772,1.1599998474121094,26.030294613096345,WFC,,,,16033500.0,604274763.8397217,0.9850611821859568,-8.596235192173939,1.9485140889056618,3.07788090227366,7.931370417451465,음봉,37.453695678710936,39.7550724029541,39.75494639078776,False,False,0,1.15857151576451,0.12822896071628956,False,26.030294613096345,-0.8295940840826646,-0.4065976472829517,-24.2902558596281
2022-09-29,40.15999984741211,40.68999862670898,39.77000045776367,40.5,37.401981353759766,14811300.0,-0.007596040872281,-0.0076250377249288,0.9199981689453054,24.39022146646475,WFC,,,,14811300.0,553971966.424942,0.9149817202103755,-7.622789783889983,-0.7596040872281051,2.4597578407509264,6.558373125155368,음봉,37.26530151367187,39.60684986114502,39.77449385325114,False,False,0,1.1842855725969592,0.12870883787283036,False,24.39022146646475,-0.8728027348012617,-0.35984503840123905,-28.50027965100004
2022-09-30,40.63999938964844,41.13999938964844,40.18000030517578,40.220001220703125,37.143402099609375,21182200.0,-0.0069135175408132,-0.0069375266253474,0.9599990844726562,22.082008925042388,WFC,,,,21182200.0,786778971.9543457,1.301088632319911,43.01378001930958,-0.6913517540813263,2.584574999075683,8.65734359167359,음봉,37.23020858764649,39.44615993499756,39.78025398254395,False,False,0,1.1899997166224894,0.12923315288058757,False,22.082008925042388,-0.917336601253183,-0.3235031238825282,-41.05791924247939
2022-10-03,41.290000915527344,41.79999923706055,40.63999938964844,41.58000183105469,38.39936447143555,16827600.0,0.0338138754349424,0.0332547554685489,1.1599998474121094,40.42049896250544,WFC,,,,16827600.0,646169145.5795288,1.0359532287313913,-20.55782685462322,3.381387543494241,3.020882932255319,11.163756095356643,음봉,37.520189666748045,39.36304416656494,39.806029637654625,False,False,0,1.1664284297398158,0.12950603098328684,False,40.42049896250544,-0.8415830982848931,-0.1981996967313906,-17.58198036321635
2022-10-04,42.15999984741211,43.59000015258789,42.15999984741211,43.540000915527344,40.209434509277344,18601300.0,0.047138020713553,0.0460607481415671,1.4300003051757812,51.24285376362854,WFC,,,,18601300.0,747947754.1374207,1.1433737060378752,10.540421688178947,4.7138020713553,3.5563800452001972,9.79348337593977,음봉,38.16848907470703,39.393519973754884,39.86793486277262,False,True,0,1.1714284079415458,0.12940584189551782,False,51.24285376362854,-0.6282483211652661,0.012108064310589195,16.251114105827597
2022-10-05,42.83000183105469,43.540000915527344,42.560001373291016,43.310001373291016,39.99703598022461,15873400.0,-0.0052823057982506,-0.0052963065012848,0.979999542236328,45.77824187784037,WFC,,,,15873400.0,634888950.9284973,0.9806597012747483,-14.665104051867338,-0.5282305798250619,2.4501804151709163,6.517294644302226,음봉,38.63024368286133,39.36904716491699,39.92920462290446,False,True,0,1.1457140786307198,0.12948628388381256,False,45.77824187784037,-0.4708896368943698,0.13557339886518838,12.467471927232666
2022-10-06,42.869998931884766,43.13999938964844,42.209999084472656,42.2400016784668,39.00887680053711,15634800.0,-0.0247058102049378,-0.0250161203734332,0.9300003051757812,42.05604049140339,WFC,,,,15634800.0,609895987.0010376,0.9647862071140652,-1.5031436239242968,-2.4705810204937895,2.3840735274976597,7.182939638528742,음봉,38.951622772216794,39.23098278045654,39.982106844584145,False,False,0,1.1599998474121094,0.12994198095825332,False,42.05604049140339,-0.4210641676897495,0.1483190944558469,-6.283175014965628
2022-10-07,42.02999877929688,42.119998931884766,41.38999938964844,41.790000915527344,38.59330749511719,17186700.0,-0.0106531984385205,-0.0107103500174845,0.7299995422363281,38.25439982265323,WFC,,,,17186700.0,663291597.9263306,1.05633389358322,9.9259344539105,-1.0653198438520528,1.8915184772092606,7.74470383807148,음봉,39.24160385131836,39.06752262115479,40.033127530415854,True,False,0,1.1264283316476005,0.13048566367684783,False,38.25439982265323,-0.4103794948969508,0.12720301379891652,-15.084697825931151
2022-10-10,41.93999862670898,42.11000061035156,41.150001525878906,41.45000076293945,38.27931594848633,10973700.0,-0.008135906637973,-0.0081691837422328,0.9599990844726562,40.39219608913527,WFC,,,,10973700.0,420065729.4239044,0.677212917043308,-36.150046256698495,-0.8135906637973034,2.507879413949186,8.671687784249153,음봉,39.217594146728516,38.87912788391113,40.042380015055336,True,False,0,1.1092853546142578,0.10237668329377592,False,40.39219608913527,-0.4223793818144941,0.09216250150509864,-23.728946631802447
2022-10-11,41.220001220703125,41.31999969482422,40.060001373291016,40.22999954223633,37.15263366699219,19135900.0,-0.0294331874428046,-0.0298750353040377,1.2599983215332031,40.077799748221686,WFC,,,,19135900.0,710949082.5881958,1.1751439221752393,74.37965317076282,-2.9433187442804654,3.3914105062560704,7.682178219104461,음봉,38.60623397827148,38.74106349945068,40.03193740844726,False,False,0,1.0871423993791853,0.10274153062849758,False,40.077799748221686,-0.5168453512073796,-0.0018427743102295002,-51.4674467198989
2022-10-12,40.2400016784668,41.220001220703125,39.959999084472656,40.5099983215332,37.41121673583984,16469900.0,0.0069600198781434,0.00693591074186,1.2600021362304688,44.8522114283765,WFC,,,,16469900.0,616158998.5176085,1.0192581740510722,-13.931928992103849,0.6960019878143431,3.367979569141868,8.309957348239202,음봉,38.08907012939453,38.61315841674805,39.9996644337972,False,False,0,1.100714002336774,0.10308185927579967,False,44.8522114283765,-0.5643394658811047,-0.039469511187163686,-45.38313921760127
2022-10-13,39.75,42.66999816894531,39.75,42.380001068115234,39.13817596435547,23808700.0,0.0461615360096323,0.0451277858508967,2.9199981689453125,59.31884927341967,WFC,,,,23808700.0,931829090.08255,1.4977325043063796,44.55886192387324,4.616153600963235,7.460741582859301,6.2515562663312565,음봉,38.1149299621582,38.531890106201175,39.99892578125,False,False,0,1.217856815883091,0.1032992711008694,True,59.318849273419666,-0.45735560626091143,0.05401147874642365,-4.748804428998161
2022-10-14,43.79999923706055,44.93000030517578,43.130001068115234,43.16999816894531,39.86774444580078,33954200.0,0.0186408401380215,0.0184692290471158,1.7999992370605469,64.41611430815522,WFC,,,,33954200.0,1353677368.461609,2.1024433623846153,42.61257439507406,1.8640840138021586,4.514926194301264,11.911191970087637,음봉,38.36981735229492,38.49633522033692,40.00178616841634,False,False,0,1.2607138497488835,0.10339467742390847,False,64.41611430815522,-0.31012511822369504,0.160993573426912,8.292473920810485
2022-10-17,44.65999984741211,45.18999862670898,43.88999938964844,43.959999084472656,40.59730529785156,24507000.0,0.0182995266522438,0.0181341053542118,1.2999992370605398,66.75192140083988,WFC,,,,24507000.0,994918160.9344482,1.5192905114516961,-27.82336205830207,1.829952665224388,3.202181099269504,12.020382562967116,음봉,38.83341522216797,38.47971172332764,40.01848742167155,True,True,0,1.269285202026366,0.09479920868826035,False,66.75192140083988,-0.13304082038735743,0.27046229701059976,15.575468965957345
2022-10-18,45.11000061035156,45.29999923706055,43.81999969482422,44.66999816894531,41.25299453735352,24810400.0,0.0161510532458089,0.016022012559875,1.479999542236328,66.55234678141878,WFC,,,,24810400.0,1023503295.6695558,1.529521661195615,1.238013628759127,1.61510532458089,3.5876172356317717,11.115750859303498,음봉,39.65348739624024,38.537892723083495,40.04107227325439,True,True,0,1.292142323085239,0.1116702330443734,False,66.55234678141878,0.05952226762573076,0.3704203080189504,27.08098637774869
2022-10-19,44.18000030517578,44.52000045776367,43.29999923706055,43.619998931884766,40.28331756591797,17876800.0,-0.0235056141332367,-0.0237862779223161,1.220001220703125,62.58066063521154,WFC,,,,17876800.0,720136811.4624023,1.1020031467956697,-27.946345081095025,-2.3505614133236707,3.0285520022196906,7.095256479313108,음봉,40.22790756225586,38.600229263305664,40.0566676457723,True,True,0,1.3135711124965117,0.11148989380529,False,62.580660635211544,0.13235931871660966,0.3546058872878634,9.609326832996654
2022-10-20,43.68000030517578,44.43000030517578,43.5,43.650001525878906,40.31102752685547,17572700.0,0.0006878768336833,0.0006876403548534,0.9300003051757812,64.11524684776813,WFC,,,,17572700.0,708373593.4211731,1.0815561323654677,-1.7010874429428058,0.06878768336833208,2.307061770023622,8.43198362125865,음봉,40.46247787475586,38.69858303070068,40.06034285227458,True,True,0,1.311428342546735,0.11120653844125711,False,64.11524684776813,0.1901274972960465,0.3298992526938402,10.108605477081227
2022-10-21,43.63999938964844,44.880001068115234,43.56999969482422,44.83000183105469,41.40076446533203,18632800.0,0.0270332215607893,0.0266742785836877,1.3100013732910156,63.57564428315916,WFC,,,,18632800.0,771412164.1296387,1.1486712158180048,6.0326529218617475,2.7033221560789356,3.1641960968812013,8.258216341856297,음봉,40.76908187866211,38.90267791748047,40.088141949971515,True,True,0,1.322142737252371,0.11442156755497188,False,63.57564428315916,0.3201513531293898,0.3679384868217468,29.743507968594386
2022-10-24,44.95000076293945,45.52999877929688,44.83000183105469,45.20000076293945,41.742462158203125,16154300.0,0.008253415058488,0.0082195418803952,0.6999969482421946,57.9961940508765,WFC,,,,16154300.0,674320256.4422607,0.9951880511827308,-13.301811858657853,0.8253415058488089,1.6769421640468156,8.572876234156169,음봉,40.99811325073242,39.142328071594235,40.11322854359945,True,True,0,1.2699996403285436,0.12197855681930164,False,57.996194050876504,0.4456313825938878,0.39473481302899577,34.47167091695306
2022-10-25,44.77999877929688,45.59999847412109,44.369998931884766,45.369998931884766,41.899452209472656,16362200.0,0.0037609197721624,0.0037538651956611,1.229999542236321,59.98059544913649,WFC,,,,16362200.0,685567216.9418335,1.0110965550360882,1.2869638424444219,0.3760919772162419,2.9355981459782474,7.276850631334472,음봉,41.12740478515625,39.38890380859375,40.14597613016765,True,True,0,1.287856783185686,0.12074593730698392,False,59.98059544913649,0.5513869495679984,0.40039230400248504,36.74278239526538
2022-10-26,45.65999984741211,46.209999084472656,45.470001220703125,45.70000076293945,42.20420837402344,15010800.0,0.0072735119072004,0.0072471874897061,0.7399978637695312,68.05849175136777,WFC,,,,15010800.0,633518931.060791,0.9271475548121053,-8.259280536847125,0.7273511907200492,1.7533745858031486,8.975171367727967,음봉,41.511582946777345,39.61470108032226,40.193892097473146,True,True,0,1.2742851802280966,0.12775071214478778,False,68.05849175136777,0.6522712963686459,0.401021320642506,37.990847087306975
2022-10-27,46.02000045776367,46.4900016784668,45.54999923706055,45.650001525878906,42.15803527832031,14655500.0,-0.0010940400846741,-0.0010946389833802,0.94000244140625,71.02395700500087,WFC,,,,14655500.0,617847086.0214233,0.9077451016923175,-2.3669624537000056,-0.10940400846741749,2.2297112168546533,9.04125970074786,음봉,41.880984497070315,39.85250377655029,40.225599161783855,True,True,0,1.2892853873116625,0.12698841464991978,False,71.02395700500087,0.7201951240182609,0.3751561186336968,35.727517487326324
2022-10-28,45.90999984741211,46.4900016784668,45.470001220703125,46.34999847412109,42.80448913574219,14990400.0,0.0153340603553768,0.0152176818473258,1.020000457763672,75.6813337311018,WFC,,,,14990400.0,641656413.9404297,0.9272831173523792,2.285148920200597,1.5334060355376877,2.3829287029428907,8.899761443629792,음봉,42.161729431152345,40.135558128356934,40.28070170084636,True,True,0,1.2935711996895922,0.14081915718413296,False,75.6813337311018,0.8167734149452741,0.3773875276485679,45.31881862137781
2022-10-31,46.13999938964844,46.52000045776367,45.97999954223633,45.9900016784668,42.47203063964844,14000000.0,-0.0077669072288061,-0.0077972267473838,0.5400009155273438,83.17981297737163,WFC,,,,14000000.0,594608428.9550781,0.8692309966590782,-6.60689507951756,-0.776690722880613,1.2714271189643633,7.792430937158562,음봉,42.30764312744141,40.33919143676758,40.315025329589844,True,True,1,1.2421428135463164,0.1401082983432969,False,83.17981297737163,0.8566113022801147,0.33378033198672674,40.207244543490084
2022-11-01,46.58000183105469,47.060001373291016,46.2599983215332,46.95000076293945,43.35859680175781,22409100.0,0.0208741175959161,0.0206592383353719,0.8000030517578125,84.40179313777924,WFC,,,,22409100.0,971627131.590271,1.3844449112302788,60.06499999999999,2.0874117595916175,1.8450851982492646,9.672179854690963,음봉,42.59947204589844,40.4966495513916,40.37289841969808,True,True,1,1.209285736083984,0.15324633527744191,False,84.40179313777924,0.9487845967160737,0.34076290113814856,49.36520005239337
2022-11-02,46.880001068115234,47.54999923706055,46.4900016784668,46.880001068115234,43.29395294189453,29246700.0,-0.0014909121750144,-0.0014920246904839,1.05999755859375,79.762004932778,WFC,,,,29246700.0,1266205253.5057068,1.7820874561802686,30.5126042545216,-0.14909121750144028,2.4483732405225016,8.121582629755812,음봉,42.817420959472656,40.6614953994751,40.42646179199219,True,True,1,1.0764285496303008,0.1526250590096531,False,79.762004932778,1.0050310055674956,0.3176074479916563,3.7093199479405805
2022-11-03,46.20000076293945,46.20000076293945,45.40999984741211,45.540000915527344,42.32731246948242,17140100.0,-0.0223273784611317,-0.022580407788991,0.7900009155273438,67.03595999266518,WFC,,,,17140100.0,725494368.4581757,1.043267494497328,-41.394755647645724,-2.2327378461131753,1.866409345258872,6.712364253144481,음봉,42.85127639770508,40.82741718292236,40.44960009256999,True,True,0,1.0042858123779292,0.15200479390994903,False,67.03595999266518,0.9605344391410924,0.21848870525220243,-22.88674747242647
2022-11-04,46.33000183105469,46.90999984741211,45.900001525878906,46.7400016784668,43.442657470703125,27082500.0,0.0263504800127543,0.0260092868700867,1.0099983215332031,68.70825148333266,WFC,,,,27082500.0,1176535770.9503174,1.6261186372606447,58.00666273825708,2.6350480012754307,2.324899949351225,9.456516674566014,음봉,42.97891006469727,41.06988468170166,40.47716719309489,True,True,1,0.9835714612688337,0.15315416277546562,False,68.70825148333266,1.0036995858942461,0.2093230816042848,3.3566643210018383
2022-11-07,47.130001068115234,47.81999969482422,46.810001373291016,47.06999969482422,43.7493782043457,17713300.0,0.007060358447211,0.0070355508152481,1.0099983215332031,67.20322354737418,WFC,,,,17713300.0,774945860.9470367,1.0562900461272322,-34.59503369334441,0.706035844721109,2.3086004029947063,8.487840781606838,음봉,43.234379577636716,41.34338779449463,40.499226061503094,True,True,1,0.9499999455043248,0.15955984473608986,False,67.20322354737418,1.0505480119783783,0.20493720615073352,9.942011543677857
2022-11-08,47.25,47.470001220703125,46.720001220703125,47.18000030517578,43.85161972045898,14842700.0,0.0023369821540255,0.0023342556582531,0.75,77.92914294722772,WFC,,,,14842700.0,650876436.0248564,0.8844347204883349,-16.205901780018404,0.23369821540255575,1.7103131076594815,8.001534968802309,음봉,43.332984161376956,41.67833709716797,40.52591323852539,True,True,1,0.9164284297398159,0.15452639028289744,False,77.92914294722772,1.0834365805720907,0.19026061979555675,8.139345955978932
2022-11-09,46.79999923706055,47.0,45.95000076293945,45.970001220703125,42.72697830200195,18318700.0,-0.0256465194587173,-0.0259811248109979,1.0499992370605469,66.13847459311529,WFC,,,,18318700.0,782702697.4208832,1.0871589034266926,23.41891973832255,-2.564651945871732,2.45746195679686,6.723536178131187,음봉,43.21958923339844,41.944125175476074,40.52908503214518,True,True,0,0.9249997820172992,0.11237434888400935,False,66.13847459311529,1.007142137051261,0.09117294101978146,-19.835797478170957
2022-11-10,47.02000045776367,48.11000061035156,46.93000030517578,47.95000076293945,44.56729888916016,23091900.0,0.043071629689104,0.0421698502560036,1.1800003051757812,69.22455887788657,WFC,,,,23091900.0,1029143609.2185975,1.3546283447279788,26.05643413561005,4.307162968910405,2.6476818981344765,10.047567898244214,음봉,43.66758651733399,42.21558132171631,40.56169757843018,True,True,1,0.9157139914376395,0.11132274615727873,False,69.22455887788657,1.0826960855526764,0.13338151161695755,5.275397559615008
2022-11-11,48.09999847412109,48.36000061035156,47.33000183105469,47.54999923706055,44.19552612304688,18076600.0,-0.008341828546484,-0.0083768163087066,1.029998779296875,64.8387722043004,WFC,,,,18076600.0,798904847.5158693,1.0535451156505078,-21.718871119310236,-0.834182854648402,2.330549876087471,7.926662986120886,음봉,43.81816024780274,42.43197040557861,40.588113911946614,True,True,1,0.9392855507986881,0.10096116872005953,False,64.8387722043004,1.099895270864664,0.1204645575431561,-4.372750261722363
2022-11-14,47.20000076293945,47.56999969482422,46.869998931884766,46.869998931884766,43.5634880065918,13929900.0,-0.0143009524243562,-0.0144041965528218,0.7000007629394531,59.51881452826096,WFC,,,,13929900.0,606835031.5830231,0.8105943958216297,-22.939601473728466,-1.430095242435625,1.6068519647314115,6.798142037109524,음봉,43.780982208251956,42.58027954101563,40.61615562438965,True,True,0,0.9014284951346261,0.10060951617557212,False,59.51881452826096,1.0504170019660677,0.05678903091564769,-62.5936055345424
2022-11-15,47.380001068115234,47.5099983215332,46.2400016784668,46.709999084472656,43.41477584838867,19076000.0,-0.0034136880449201,-0.0034195279722018,1.2699966430664062,57.05070353065074,WFC,,,,19076000.0,828180264.0838623,1.1040097228786667,36.94283519623256,-0.3413688044920149,2.92526361877679,8.760806896238297,음봉,43.693613433837896,42.68836860656738,40.65618705749512,True,True,0,0.9392855507986886,0.10035476789298355,False,57.05070353065074,0.9878183342034887,-0.004647709477545114,-67.63469433937865
2022-11-16,46.66999816894531,46.84999847412109,46.02999877929688,46.209999084472656,42.95004653930664,14713300.0,-0.01070440420342,-0.0107621085009571,0.8199996948242045,54.39845739075832,WFC,,,,14713300.0,631936919.7467804,0.846214224855552,-22.870098553155792,-1.0704404203420004,1.9091939611142552,7.497959524021031,음봉,43.73822708129883,42.82170505523682,40.68908875783284,True,True,0,0.9307139260428282,0.09939518654884061,False,54.398457390758324,0.8904441814233763,-0.08161748980612615,-83.38822616623024
2022-11-17,45.720001220703125,46.16999816894531,45.470001220703125,45.9900016784668,42.74557495117188,11350900.0,-0.0047606837386691,-0.0047720518879581,0.6999969482421875,49.65592743196751,WFC,,,,11350900.0,485200746.7132569,0.6539003818482759,-22.85279305118498,-0.47606837386691137,1.637589268694576,6.449247217605461,음봉,43.37388229370117,42.94343242645264,40.71442674001058,True,True,0,0.9078565325055793,0.07373733874792888,False,49.65592743196751,0.787695254904861,-0.14749313305971334,-90.31946464940332
2022-11-18,46.720001220703125,46.77000045776367,45.970001220703125,46.5,43.21958923339844,10515300.0,0.011089201227683,0.011028166836328,0.7999992370605469,54.294902871129246,WFC,,,,10515300.0,454466946.6659546,0.6068042909675672,-7.361530803724814,1.1089201227683088,1.8510107366831203,9.297865975767587,음봉,43.17869491577149,43.034373664855956,40.73612124125163,True,True,1,0.9264278411865224,0.06564140454224718,False,54.294902871129246,0.7360304802328699,-0.15932632618536358,-74.25118805159539
2022-11-21,46.380001068115234,47.09000015258789,46.380001068115234,46.84000015258789,43.53560256958008,11656800.0,0.0073118079506742,0.0072852062751116,0.7099990844726562,51.088287789627245,WFC,,,,11656800.0,507485812.03308105,0.6719492729256592,10.855610396279713,0.731180795067421,1.630847036831319,7.312452271699408,음봉,43.17311782836914,43.124030685424806,40.78493881225586,True,True,1,0.9199989863804399,0.0618645019327749,False,51.088287789627245,0.7123736097410216,-0.14638655734176953,-63.53887434131833
2022-11-22,47.130001068115234,47.400001525878906,46.90999984741211,47.11000061035156,43.78655624389648,11684900.0,0.0057643321673408,0.0057477819747538,0.4900016784667969,52.96084927831976,WFC,,,,11684900.0,511641531.054306,0.6735825164516289,0.24106101159837579,0.5764332167340847,1.1190687747568626,8.256227745534167,음봉,43.247473907470706,43.218385887146,40.83870868682861,True,True,1,0.8792849949428003,0.05574626542349453,False,52.960849278319756,0.7057399033496665,-0.1224162109864998,-55.031972327288244
2022-11-23,47.119998931884766,47.5,46.9900016784668,47.33000183105469,43.99104309082031,10878500.0,0.0046700828853682,0.0046592118808126,0.5099983215332031,61.00866230732691,WFC,,,,10878500.0,478556562.26348877,0.6276166893013706,-6.901214387799637,0.46700828853682985,1.1593230932949288,7.612936421445442,음봉,43.45567321777344,43.30772762298584,40.89250036875407,True,True,1,0.8592848096575045,0.05563126358911336,False,61.00866230732691,0.7088122761213071,-0.09547507057188753,-51.17503260312885
2022-11-25,47.36000061035156,47.63999938964844,47.02000045776367,47.43999862670898,44.09327697753906,4913300.0,0.0023239705070798,0.002321274264139,0.6199989318847656,54.97160846499156,WFC,,,,4913300.0,216643497.77374268,0.28568621502514424,-54.834765822493914,0.23239705070798866,1.4061076299695088,7.658280601748806,음봉,43.725213623046876,43.40448970794678,40.95461444854736,True,True,1,0.8314277103969019,0.05160725157120393,False,54.97160846499156,0.7112971827761285,-0.07439213113365306,-47.63752712527521
2022-11-28,47.119998931884766,47.75,46.91999816894531,46.97999954223633,43.66572952270508,12492600.0,-0.0096964318404316,-0.0097437483516384,0.8300018310546875,49.372400505101965,WFC,,,,12492600.0,545498492.6353455,0.7263965412088196,154.26088372377018,-0.9696431840431674,1.9008083458747838,6.864361557630437,음봉,43.8144416809082,43.44755172729492,41.009756596883136,True,True,0,0.8185708182198651,0.05155610225720778,False,49.372400505101965,0.6710317464901365,-0.09172605393571609,-62.431559828721376
2022-11-29,47.18000030517578,47.650001525878906,47.040000915527344,47.56999969482422,44.21410751342773,13344900.0,0.0125585441195368,0.0124803396795961,0.6100006103515625,52.5490282339535,WFC,,,,13344900.0,590032843.3559417,0.7766857556519351,6.822438883819215,1.255854411953683,1.3796515290200229,8.048121080041435,음봉,43.95014266967773,43.53465557098389,41.07896372477214,True,True,1,0.8085708618164053,0.05145294915737673,False,52.5490282339535,0.6755829196400711,-0.06973990462862534,-43.4565388412824
2022-11-30,47.31999969482422,47.95000076293945,46.13999938964844,47.95000076293945,44.56729888916016,26417000.0,0.0079882054754847,0.0079564686635427,1.810001373291016,64.51617174030136,WFC,,,,26417000.0,1177334334.754944,1.5321046087665933,97.95577336660448,0.7988205475484733,4.061276806998173,7.024663294296371,음봉,44.10629119873047,43.595090675354,41.16175340016683,True,True,1,0.8628567286900102,0.05138162084255264,True,64.51617174030136,0.6996245135380192,-0.03655864858454183,-31.235381390608996
2022-12-01,47.93000030517578,48.18000030517578,46.459999084472656,46.869998931884766,43.5634880065918,15980300.0,-0.0225234848776647,-0.0227810128615283,1.720001220703125,40.87835003802661,WFC,,,,15980300.0,696157607.3917389,0.9244191315559606,-39.50751410076845,-2.2523484877664757,3.948263326487685,7.545221496099032,음봉,44.02078018188477,43.60856742858887,41.213036664326985,True,True,0,0.901428222656249,0.05136574191174308,True,40.87835003802661,0.6304115094236877,-0.08461732215909878,-65.96932929952112
2022-12-02,46.38999938964844,46.52000045776367,44.880001068115234,45.93999862670898,42.69909286499024,29820400.0,-0.0198421931106792,-0.0200416928429633,1.6399993896484375,37.51927241119737,WFC,,,,29820400.0,1273304028.871155,1.6988355917134292,86.60726018910785,-1.9842193110679252,3.840829581166823,6.4882577415034985,음봉,43.741943359375,43.62715644836426,41.22851880391439,True,True,0,0.9449996948242178,0.04282209009842464,True,37.51927241119737,0.5000460218625022,-0.1719862477762275,-66.08814264659112
2022-12-05,45.70000076293945,45.880001068115234,43.619998931884766,43.65999984741211,40.57994842529297,32574600.0,-0.0496297297555657,-0.0509036121714925,2.2600021362304688,30.062104137743617,WFC,,,,32574600.0,1321875587.9745483,1.8262354833086136,9.235959276200179,-4.962972975556578,5.569258276390115,7.0280366551058755,음봉,43.124787139892575,43.48402099609375,41.20714276631673,False,False,0,1.0564283643450045,0.09169691239513904,True,30.062104137743617,0.22316072990152236,-0.35909723178976594,-66.66775418968241
2022-12-06,43.68000030517578,43.84999847412109,42.65999984741211,43.400001525878906,40.338287353515625,25961400.0,-0.0059551843004984,-0.0059729871251135,1.1899986267089773,29.6932291039804,WFC,,,,25961400.0,1047238413.2995605,1.4471264346459207,-20.301707465325748,-0.5955184300498462,2.9500474729630897,7.639368703461903,음봉,42.349623107910155,43.313466453552245,41.17866071065267,False,False,0,1.050714220319474,0.09763733734356204,False,29.6932291039804,-0.015593139667252842,-0.4782808810868329,-42.06000545943947
2022-12-07,43.09000015258789,43.34000015258789,42.43999862670898,42.45000076293945,39.45530319213867,24114900.0,-0.0218894806722625,-0.02213260988437,0.9000015258789134,28.139508025228693,WFC,,,,24114900.0,951460690.9481049,1.3375552293141815,-7.1124823776837935,-2.1889480672262596,2.2810660495906045,6.821590552312935,음봉,41.32722396850586,43.09365062713623,41.17101707458496,False,False,0,1.0564286368233817,0.11862526434004292,False,28.139508025228693,-0.2729107980470218,-0.5884788315732814,-51.99816309753309
2022-12-08,42.709999084472656,42.88999938964844,42.11000061035156,42.58000183105469,39.57613754272461,17161400.0,0.0030625629715097,0.0030578828784842,0.779998779296875,29.964740215301205,WFC,,,,17161400.0,679181926.8257141,0.9482946683432177,-28.834869727844612,0.30625629715097524,1.9708815152939663,8.249070794068745,음봉,40.529753875732425,42.93610858917236,41.1644640604655,False,False,0,1.062143053327288,0.1190605265590053,False,29.964740215301205,-0.46176365002947506,-0.6218653468445877,-41.74403945666642
2022-12-09,42.33000183105469,42.91999816894531,42.31999969482422,42.5,39.50177383422852,16023700.0,-0.0018790036904385,-0.0018807712323651,0.5999984741210938,25.2475617170917,WFC,,,,16023700.0,632964573.3875276,0.8824130854319815,-6.6294125187921775,-0.18790036904385854,1.5189152685624245,6.9583957892736015,음봉,39.890290069580075,42.68283233642578,41.143434588114424,False,False,0,1.0478572845458984,0.11976702147431964,False,25.2475617170917,-0.6103951700663686,-0.6163974935051849,-42.969141799908634
2022-12-12,42.59999847412109,42.93000030517578,42.11000061035156,42.86000061035156,39.83638381958008,18428900.0,0.0084707584716514,0.0084350829215128,0.8199996948242188,25.43221036332018,WFC,,,,18428900.0,734140733.7726593,1.017262933334455,15.01026604342317,0.8470758471651463,2.0584190034366996,7.843254464709465,음봉,39.7415771484375,42.46487522125244,41.13106028238932,False,False,0,1.0557144709995814,0.12038174303790455,False,25.43221036332018,-0.6931957619183251,-0.5593584682857131,-37.45662117100528
2022-12-13,43.880001068115234,44.08000183105469,42.11000061035156,42.619998931884766,39.61331558227539,31496000.0,-0.0055996106050932,-0.0056153471979139,1.970001220703125,22.181027388969824,WFC,,,,31496000.0,1247660987.5793457,1.713888291943728,70.90547997981432,-0.5599610605093286,4.973078349403764,10.150563030140471,음봉,39.59658279418945,42.267366600036624,41.10911928812663,False,False,0,1.161428724016462,0.12094426760471663,True,22.181027388969824,-0.7679629709101903,-0.5073005418220626,-41.1315511301434
2022-12-14,42.59000015258789,43.22999954223633,41.95000076293945,42.18000030517578,39.204349517822266,22044400.0,-0.0103239544189053,-0.0103776160895987,1.279998779296875,18.93850541792561,WFC,,,,22044400.0,864236362.5106812,1.1904476668275876,-30.008890017780033,-1.0323954418905323,3.2649407400956587,7.514353511081485,음봉,39.54639205932617,42.0568452835083,41.09436887105306,False,False,0,1.2164287567138672,0.12751668212833986,False,18.93850541792561,-0.8504136273028067,-0.4718009585717432,-44.07145179551017
2022-12-15,41.41999816894531,41.709999084472656,41.0099983215332,41.369998931884766,38.45149993896485,16766600.0,-0.0192032156665465,-0.019389992421538,0.7000007629394531,16.24037172711769,WFC,,,,16766600.0,644700918.8766481,0.9089187979404298,-23.941681334034946,-1.9203215666546591,1.820477131062726,5.651537848155891,음봉,39.32146453857422,41.831917953491214,41.08461742401123,False,False,0,1.2221431732177734,0.1461993436924137,False,16.24037172711769,-0.9653767731910392,-0.4694112835679805,-35.683370637905426
2022-12-16,41.02999877929688,41.45000076293945,40.84999847412109,41.18999862670898,38.28419876098633,29836200.0,-0.0043509662365339,-0.0043604592359501,0.6000022888183665,16.762447684056454,WFC,,,,29836200.0,1142255011.0725403,1.5920625583626071,77.95021053761646,-0.4350966236533971,1.567232195622705,6.705847221629728,음봉,39.07794952392578,41.608849143981935,41.08362153371175,False,False,0,1.2057146344866077,0.15100393924455818,False,16.762447684056454,-1.0577921321935833,-0.44946131405641954,-35.004080111744976
2022-12-19,41.34000015258789,41.90999984741211,41.11000061035156,41.81999969482422,38.8697509765625,17454200.0,0.0152948797291503,0.0151790922010758,0.7999992370605469,17.142921470374333,WFC,,,,17454200.0,678440407.4951172,0.9329775350205556,-41.499922912435224,1.5294879729150335,2.0581537492816113,7.981886758762704,음봉,38.884622955322264,41.391357231140134,41.10946960449219,False,False,0,1.2192859649658208,0.15179739318735952,False,17.142921470374333,-1.071431998748551,-0.37048094448910973,-27.015648061218204
2022-12-20,41.290000915527344,42.560001373291016,40.970001220703125,40.97999954223633,38.08900833129883,25415400.0,-0.0200861241877891,-0.0202905930036278,1.5900001525878906,12.16077168411958,WFC,,,,25415400.0,968047382.3432922,1.3514082058810646,45.6119444030663,-2.00861241877891,4.174433051021027,6.226564045713066,음봉,38.57976150512695,41.11902751922607,41.128462092081705,False,False,0,1.2035715920584547,0.15754970262446683,False,12.160771684119581,-1.1321899171958592,-0.3449910903491342,-37.6669775323233
2022-12-21,41.36000061035156,41.63999938964844,40.91999816894531,41.119998931884766,38.21913146972656,20170800.0,0.003416291054257,0.0034104687885745,0.720001220703125,15.23586907163535,WFC,,,,20170800.0,770910457.0495605,1.0683256214712231,-20.635520196416344,0.34162910542570035,1.8838764592896078,8.587759099952377,음봉,38.38271789550781,40.84065628051758,41.14931532541911,False,False,0,1.1321430206298833,0.15862356651089632,False,15.23586907163535,-1.156509632376057,-0.29544864442346563,-46.39975456771134
2022-12-22,40.709999084472656,40.7400016784668,40.02000045776367,40.68000030517578,37.81017303466797,17382700.0,-0.0107003592005362,-0.0107580197385777,0.720001220703125,16.195462662316174,WFC,,,,17382700.0,657242894.8097229,0.9252722984258266,-13.822456223848334,-1.0700359200536247,1.9042526466169811,6.517331815138484,음봉,38.254452514648435,40.53161277770996,41.151347160339355,False,False,0,1.066428865705218,0.16671248419229504,False,16.195462662316174,-1.1950074082355826,-0.2671571362263929,-37.71036165409423
2022-12-23,40.68999862670898,41.0,40.45000076293945,40.97999954223633,38.08900833129883,10167500.0,0.0073746104355354,0.0073475509500034,0.5499992370605469,26.896592717553773,WFC,,,,10167500.0,387269992.20848083,0.5464057509418009,-41.50793605136142,0.7374610435535445,1.443984133891448,7.616536399874472,음봉,38.215414428710936,40.231399345397946,41.162797609965004,False,False,0,0.9442858014787952,0.1679565206390252,False,26.896592717553773,-1.1893078937705042,-0.20916609740905157,-47.56136633765697
2022-12-27,41.0099983215332,41.13999938964844,40.61000061035156,41.040000915527344,38.14477157592773,10297400.0,0.0014640245853572,0.0014629539461979,0.529998779296875,28.92856959632715,WFC,,,,10297400.0,392791970.8259582,0.5568274332116884,1.2776001967051975,0.14640245853572154,1.3894401706978496,7.668852821862821,음봉,38.07041854858399,39.95535144805908,41.17948710123698,False,False,0,0.8971429552350736,0.16911691699862239,False,28.92856959632715,-1.16684074589989,-0.14935915963074975,-46.187887870488424
2022-12-28,40.93999862670898,41.380001068115234,40.86000061035156,41.119998931884766,38.21913146972656,11889400.0,0.0019494124811003,0.0019475148423764,0.5200004577636719,35.9408609847883,WFC,,,,11889400.0,454402541.696167,0.6452091447271968,15.460213257715537,0.19494124811003655,1.3605763338069707,7.327942822300848,음봉,38.09644317626953,39.655602645874026,41.176483217875166,False,False,0,0.8700000217982706,0.1703952380911614,False,35.9408609847883,-1.1300091058019248,-0.09002201562622769,-44.356364012195755
2022-12-29,41.150001525878906,41.400001525878906,41.060001373291016,41.33000183105469,38.4143180847168,11597100.0,0.0051070395240362,0.0050940428286631,0.3400001525878906,37.00623399052184,WFC,,,,11597100.0,445494688.26026917,0.6310940247366416,-2.458492438642823,0.5107039524036239,0.885087044466267,7.668594087424228,음봉,38.13548049926758,39.34795360565185,41.14656461079915,False,False,0,0.8385715484619146,0.14621637073134688,False,37.00623399052184,-1.0727043688507152,-0.026173822940014357,-39.54881354498945
2022-12-30,41.11000061035156,41.43000030517578,40.9900016784668,41.290000915527344,38.377140045166016,10021500.0,-0.000967817246392,-0.0009682858838979,0.4399986267089844,37.31662155162464,WFC,,,,10021500.0,384596508.9626312,0.5506612117565308,-13.58615515947953,-0.09678172463920554,1.146512288803049,7.0173900254843975,음봉,38.24887390136719,39.088636207580564,41.11956634521484,False,False,0,0.8271429879324782,0.1250726631740135,False,37.31662155162464,-1.0185487134958322,0.022385465931894943,-40.46452849512123
2023-01-03,41.61000061035156,42.13999938964844,41.45000076293945,41.790000915527344,38.84186935424805,15944300.0,0.0121095347004778,0.012036800878232,0.6899986267089844,39.10387152644267,WFC,,,,15944300.0,619306417.5449371,0.8767826037772609,59.10093299406276,1.210953470047782,1.7764300178655557,8.423922578339075,음봉,38.39944610595703,38.89577503204346,41.116782887776694,False,False,0,0.8178571973528186,0.07121018641081658,False,39.10387152644267,-0.9274392527241204,0.09079594136288538,-29.017997660445076
2023-01-04,42.2599983215332,43.060001373291016,42.22999954223633,42.650001525878906,39.64120101928711,18943600.0,0.0205791244944713,0.0203702352885071,0.8300018310546875,50.2712655894219,WFC,,,,18943600.0,750947055.6289673,1.0414040025727795,18.811111180798147,2.05791244944713,2.093785782753799,8.80011447469462,음봉,38.69873199462891,38.84883766174316,41.13424777984619,False,False,0,0.7364286695207873,0.06507567461502833,False,50.2712655894219,-0.7817237389229419,0.1892091641312511,-11.80060892568112
2023-01-05,42.58000183105469,42.630001068115234,41.93000030517578,42.41999816894531,39.42741775512695,12380700.0,-0.0053929562844511,-0.005407550768453,0.7000007629394531,52.25563213708764,WFC,,,,12380700.0,488139031.00090027,0.6826963238329243,-34.64441816761333,-0.5392956284451134,1.7754162022148368,7.413500943974245,음봉,38.940389251708986,38.80329418182373,41.15338280995687,True,False,0,0.6950002397809715,0.052217494097736385,False,52.25563213708764,-0.6757045655482088,0.23618267000478743,-19.492846189946768
2023-01-06,42.59000015258789,43.0,42.09999847412109,42.79999923706055,39.780609130859375,15247000.0,0.0089580143930805,0.0089181293987489,0.9000015258789134,64.62154644661051,WFC,,,,15247000.0,606534947.4182129,0.8410352560953891,23.15135654688345,0.8958014393080527,2.2624126315369737,8.021277013632703,음봉,39.2136474609375,38.819559478759764,41.19718240102132,True,False,0,0.7092860085623615,0.05219561510018568,False,64.62154644661051,-0.5567659630959341,0.2840970179656498,-7.874712329248429
2023-01-09,43.119998931884766,43.130001068115234,42.15999984741211,42.38999938964844,39.39954376220703,21225600.0,-0.009579173797938,-0.0096253492013433,0.970001220703125,61.71876189888344,WFC,,,,21225600.0,836278956.0791016,1.1666932337238822,39.21164819308716,-0.9579173797938045,2.461960540856752,8.39451650938873,음봉,39.418128204345706,38.810729789733884,41.23032118479411,True,False,0,0.7357145036969871,0.05220748993614847,False,61.71876189888344,-0.487633914080277,0.28258325358504544,-19.950372147563748
2023-01-10,42.66999816894531,42.880001068115234,42.02000045776367,42.36000061035156,39.37165451049805,18348800.0,-0.0007078572248782,-0.0007081078740931,0.8600006103515625,55.97342420750692,WFC,,,,18348800.0,722422614.2822266,1.0021178443863772,-13.553444896728484,-0.07078572248782056,2.1843141240667245,8.300741821978603,음봉,39.524085235595706,38.80422382354736,41.234212493896486,True,False,0,0.7400003160749168,0.0522162431112088,False,55.973424207506916,-0.43013832978462574,0.27206307030455745,-20.847132476682514
2023-01-11,42.380001068115234,42.83000183105469,42.02000045776367,42.7400016784668,39.72484970092773,18272100.0,0.0089707987845799,0.0089308002039984,0.8100013732910156,71.67486838168094,WFC,,,,18272100.0,725856426.2203215,0.9986767217192536,-0.4180109870945192,0.8970798784579959,2.0390294221103096,7.6408944328591595,음봉,39.54081497192383,38.79864711761475,41.23183091481527,True,False,0,0.6842861175537115,0.05078620628750789,False,71.67486838168094,-0.3520149556180314,0.28014915557692144,-9.49037617078088
2023-01-12,43.04999923706055,43.54999923706055,42.79999923706055,42.83000183105469,39.80849838256836,20940400.0,0.0021057016519983,0.0021034877695805,0.75,71.32167432072963,WFC,,,,20940400.0,833605879.5303345,1.140093131493985,14.603138117676684,0.2105701651998304,1.8840198210752293,8.37045215064757,음봉,39.61703109741211,38.80840625762939,41.21868413289388,True,False,0,0.6864288875034882,0.05149207454267817,False,71.32167432072963,-0.28012278808463975,0.2816330584882505,-5.991562275764885
2023-01-13,41.380001068115234,44.36000061035156,40.459999084472656,44.220001220703125,41.100433349609375,41649700.0,0.0324537478059392,0.0319382485358056,3.900001525878906,85.68540713011416,WFC,,,,41649700.0,1711820718.8812256,2.2331725730270438,98.89639166396059,3.2453747805939237,9.488954757981821,3.9476562779243545,음봉,39.88099594116211,38.90321044921875,41.21614144643148,True,False,0,0.9135717664446155,0.0845755472864189,True,85.68540713011416,-0.11754439406420403,0.35536916200694896,16.635105167597903
2023-01-17,43.84000015258789,44.369998931884766,43.18000030517578,44.119998931884766,41.00748825073242,25473900.0,-0.0022614140850132,-0.0022639749433477,1.1899986267089844,82.98312263208993,WFC,,,,25473900.0,1044620654.9503326,1.3757885563191323,-38.837734725580255,-0.22614140850132358,2.9019056700887553,6.665542379261928,음봉,40.20258483886719,39.03100986480713,41.22821095784505,True,False,0,0.959286008562361,0.08429862118192634,False,82.98312263208993,0.003756953979454636,0.3813364080404861,14.002281013441198
2023-01-18,43.959999084472656,44.61000061035156,43.29999923706055,43.380001068115234,40.31969833374024,20278000.0,-0.016772300531718,-0.0169145483563251,1.3100013732910156,71.50740120411041,WFC,,,,20278000.0,817602842.8115846,1.0991544304084988,-20.396955315047947,-1.6772300531718076,3.249035651129322,7.19993093868045,음봉,40.39219360351562,39.132784843444824,41.228355471293135,True,False,0,1.0150004795619425,0.08407938070608745,False,71.50740120411041,0.0438843762595269,0.33717106425644666,-3.3807397384679567
2023-01-19,42.90999984741211,43.20000076293945,42.52000045776367,42.95000076293945,39.92003631591797,18565300.0,-0.0099123265882132,-0.0099617807728135,0.6800003051757812,65.80316940944302,WFC,,,,18565300.0,741127450.2159119,1.0117551121528805,-8.446099220830462,-0.9912326588213283,1.7034060284775683,6.424406979018138,음봉,40.43123092651367,39.1852991104126,41.2036766688029,True,False,0,1.026429040091379,0.08396670153443067,False,65.80316940944302,0.04294126264972675,0.26898236051731717,-13.01114626555063
2023-01-20,43.08000183105469,43.93999862670898,42.7599983215332,43.91999816894531,40.82159423828125,23237200.0,0.0225840957465208,0.0223328507817376,1.180000305175774,69.77098289561985,WFC,,,,23237200.0,948579549.6337891,1.2605152244505289,25.16468896274231,2.258409574652087,2.8906276866306357,7.9157380773140575,음봉,40.63385009765625,39.32192840576172,41.18832887013753,True,False,0,1.0864290509905135,0.08367494800838136,False,69.77098289561985,0.11363214735877136,0.2717385961810894,8.713133032692404
2023-01-23,43.93999862670898,45.18000030517578,43.869998931884766,45.02999877929688,41.85329818725586,19692000.0,0.0252734849832765,0.0249593916195123,1.3100013732910156,74.54072355295872,WFC,,,,19692000.0,824175147.9034424,1.0662581078335416,-15.25657135971632,2.527348498327653,3.1299836094874482,7.6391048576524785,음봉,40.78442306518555,39.50363674163818,41.18755963643392,True,True,0,1.1485721043178014,0.10234817566369273,False,74.54072355295872,0.2500229601133128,0.32650352714850467,29.519041153460705
2023-01-24,44.90999984741211,45.20000076293945,44.369998931884766,44.45000076293945,41.314212799072266,13697200.0,-0.0128803561853517,-0.012964027224803,0.8300018310546875,67.27272630360298,WFC,,,,13697200.0,565889035.5514526,0.7448186072333383,-30.442819419053425,-1.2880356185351771,2.0089982957954984,7.303371042540685,음봉,40.845767974853516,39.6788387298584,41.1727263768514,True,True,0,1.1585723331996374,0.09486895222879585,False,67.27272630360298,0.31102863190221086,0.31000735914992217,18.021380002462653
2023-01-25,44.04999923706055,45.41999816894531,44.02999877929688,45.34000015258789,42.14142990112305,17285300.0,0.0200225793015558,0.0198247636213222,1.3899993896484304,67.39974875465776,WFC,,,,17285300.0,728427258.2698822,0.9390136136955444,26.19586484829015,2.002257930155582,3.298415343071659,6.621901405440103,음봉,41.210114288330075,39.88145980834961,41.17244962056478,True,True,0,1.1985721588134761,0.10021344114285848,False,67.39974875465776,0.42126944122346544,0.33619853477694134,33.89982110912344
2023-01-26,45.52999877929688,45.900001525878906,45.15999984741211,45.810001373291016,42.57827377319336,16724600.0,0.0103661378623194,0.0103127778962719,0.7400016784667969,71.26735163438543,WFC,,,,16724600.0,712104597.5471497,0.9082700910347739,-3.2437967521535604,1.0366137862319436,1.737979520749596,8.040944234983188,음봉,41.74176177978516,40.10313491821289,41.1686793645223,True,True,0,1.2014293670654292,0.10869829284810069,False,71.26735163438543,0.5376875985352072,0.36209335367094647,38.93885547913698
2023-01-27,45.810001373291016,46.369998931884766,45.810001373291016,46.119998931884766,42.86639404296875,18161800.0,0.0067668377377192,0.0067440454545832,0.55999755859375,71.0127210969881,WFC,,,,18161800.0,778530875.3295898,0.983648913200091,8.593329586357811,0.6766837737719245,1.3063789737770228,7.5900860079778605,음봉,42.15072174072266,40.335498046875,41.17525208791097,True,True,0,1.1771433694022033,0.11129784470705302,False,71.0127210969881,0.6457548646899127,0.37612849586052155,40.71734383461641
2023-01-30,45.90999984741211,46.650001525878906,45.810001373291016,46.290000915527344,43.02440643310547,19427400.0,0.003686160071648,0.0036793828331624,0.8400001525878906,75.45690493055474,WFC,,,,19427400.0,835852353.5385132,1.0478953883915127,6.968472287989069,0.3686160071648015,1.9523805723942442,7.100214217674774,음봉,42.38494338989258,40.566002464294435,41.16968224843343,True,True,0,1.1678575788225436,0.11456061986955468,False,75.45690493055474,0.735668897902471,0.3728340232584638,41.428212232663164
2023-01-31,46.31999969482422,46.880001068115234,46.060001373291016,46.869998931884766,43.5634880065918,22840400.0,0.0125296690455101,0.0124518223302372,0.8199996948242188,77.46654615550739,WFC,,,,22840400.0,995007491.4657593,1.2237644547266875,17.56797101001677,1.2529669045510117,1.882309549456051,7.659822726067708,음봉,42.834798431396486,40.825319862365724,41.17417449951172,True,True,0,1.1650003705705905,0.11565417413168418,False,77.46654615550739,0.8407343326587764,0.38231956641181525,48.34093400635188
2023-02-01,46.65999984741211,47.79999923706055,46.470001220703125,47.33000183105469,43.99104309082031,21874600.0,0.0098145282619201,0.009766678605889,1.329998016357422,77.68400894913069,WFC,,,,21874600.0,962286471.194458,1.1642210923843912,-4.2284723560007675,0.9814528261920197,3.023338213671398,7.108043874612989,음봉,43.20472106933594,41.08277854919434,41.201903343200684,True,True,0,1.2021429879324768,0.11244099701754119,False,77.68400894913069,0.9475764967207354,0.3913293843790193,48.10686557142241
2023-02-02,47.31999969482422,47.56999969482422,46.43000030517578,47.22999954223633,44.1781120300293,19058000.0,0.004252432451369,0.004243416411522,1.1399993896484375,77.97957177723976,WFC,,,,19058000.0,841946459.0682983,1.0171942662170632,-12.876121163358413,0.42524324513690814,2.580461991842347,7.56735091989343,음봉,43.524688720703125,41.309624099731444,41.21416091918945,True,True,1,1.2300000871930794,0.11635200329897209,False,77.97957177723976,1.0354090307036543,0.38332953468955056,50.655488668426415
2023-02-03,47.0,48.040000915527344,46.95000076293945,47.58000183105469,44.50550079345703,17346900.0,0.007410655376246,0.00738333137914,1.0900001525878906,74.87617898894278,WFC,,,,17346900.0,772032471.7140198,0.9352958786394523,-8.978381781928846,0.7410655376246078,2.4491357992945826,6.38752504419513,음봉,43.85251007080078,41.56352825164795,41.22676296234131,True,True,1,1.0292857033865783,0.12351805775188088,False,74.87617898894278,1.1185406435197933,0.37316891800455154,35.969205997090604
2023-02-06,47.2599983215332,47.7599983215332,47.150001525878906,47.68000030517578,44.59903717041016,15948900.0,0.0021016812592946,0.0020994758167876,0.6099967956542969,76.2362778991204,WFC,,,,15948900.0,711305583.9271547,0.8607972156513212,-8.059076837936463,0.21016812592946632,1.367735346670236,6.189117028160986,음봉,44.16743621826172,41.80444965362549,41.239219919840494,True,True,1,0.9878570011683863,0.12504369040195634,False,76.2362778991204,1.1783869384059784,0.3464121703125891,37.66370543905309
2023-02-07,47.43999862670898,48.40999984741211,47.34999847412109,48.130001068115234,45.01995468139648,21764800.0,0.0094378160985406,0.009393558159797,1.0600013732910227,85.72844452125409,WFC,,,,21764800.0,979850309.6496581,1.1800701562089726,36.46583776937595,0.9437816098540663,2.3545145275969044,6.370006252475083,음봉,44.45872955322265,42.08547019958496,41.2774361928304,True,True,1,0.9699998583112439,0.1342102189689717,False,85.72844452125409,1.2454236154649294,0.3307590778972319,42.444048942117504
2023-02-08,47.70000076293945,48.61000061035156,47.61000061035156,48.25,45.132205963134766,18070500.0,0.0024933672753044,0.0024902639924652,1.0,91.42994890765476,WFC,,,,18070500.0,815561527.8568268,0.9794670444669915,-16.973737410865255,0.249336727530447,2.215712657202769,5.953018168297817,음봉,44.68696212768555,42.373497772216794,41.28685131072998,True,True,1,0.9928569793701166,0.12761175136579123,False,91.42994890765476,1.2927068850319543,0.3024338779714053,40.55054211065487
2023-02-09,48.470001220703125,48.630001068115234,47.4900016784668,47.56999969482422,44.49614715576172,17362100.0,-0.0140932355022175,-0.014193488183395,1.1399993896484375,80.49501828570271,WFC,,,,17362100.0,772546556.5330505,0.9390345257426751,-3.9202014332752277,-1.4093235502217527,2.5620182027396528,7.395595199345591,음봉,44.75056915283203,42.6120626449585,41.29186166127523,True,True,0,0.9899997711181641,0.12493428503856437,False,80.49501828570271,1.2642807453862446,0.21920619066055624,13.15436854767488
2023-02-10,47.40999984741211,47.709999084472656,46.97999954223633,47.5099983215332,44.44002151489258,18929000.0,-0.0012613595660916,-0.0012621557496553,0.7299995422363281,75.61486030126153,WFC,,,,18929000.0,841205167.2554016,1.0232446753011404,9.024829945686296,-0.12613595660916355,1.642662441087463,6.54855055528798,음봉,44.73747329711914,42.843638801574706,41.30647055308024,True,True,0,0.9485710688999721,0.12165562480246718,False,75.61486030126153,1.2231245364732786,0.14243998539807223,8.913533295241525
2023-02-13,47.34000015258789,48.150001525878906,47.130001068115234,48.130001068115234,45.01995468139648,16451700.0,0.0130497949086174,0.012965379940585,1.020000457763672,86.40138735046935,WFC,,,,16451700.0,740654788.4319304,0.894425389235695,-13.087326324686988,1.3049794908617462,2.2656630042881076,6.525601336001789,음봉,44.82165679931641,43.039614868164065,41.333223533630374,True,True,1,0.9621423993791852,0.12110167953831255,False,86.40138735046935,1.2232033771147357,0.1140150608316235,21.52076977235363
2023-02-14,47.93000030517578,48.84000015258789,47.75,48.5,45.36605072021485,16844400.0,0.0076876141095136,0.007658214980804,1.0900001525878906,84.98186173202046,WFC,,,,16844400.0,764163904.751587,0.9167500313589463,2.3869873630080862,0.7687614109513685,2.4026780715611045,6.463901717301855,음봉,44.89087600708008,43.25754299163818,41.37349026997884,True,True,1,0.9407138824462896,0.12589745111851622,False,84.98186173202046,1.2369343080402544,0.10219679340571375,5.599208035742246
2023-02-15,47.91999816894531,48.2599983215332,47.70000076293945,47.970001220703125,44.87028884887695,12854000.0,-0.0109280367911106,-0.0109881863979841,0.55999755859375,74.550775376247,WFC,,,,12854000.0,576762692.8634644,0.7002248617258192,-23.689772268528408,-1.0928036791110651,1.248036446745018,5.629644653182115,음봉,44.83849258422852,43.48507251739502,41.408902168273926,True,True,1,0.9278564453125006,0.12523871041305848,False,74.550775376247,1.1940480868861059,0.047448457801252175,-31.013627161662654
2023-02-16,47.59999847412109,47.810001373291016,47.18999862670898,47.220001220703125,44.16876220703125,12631700.0,-0.01563454704311,-0.0157580555986476,0.6200027465820384,62.815269256987015,WFC,,,,12631700.0,557926553.5705566,0.6919708825104288,-1.729422747782794,-1.563454704311007,1.4037132027289183,6.0835570603028435,음봉,44.77301559448242,43.697508811950684,41.42472171783447,True,True,0,0.9321425301688068,0.10399806775004879,False,62.815269256987015,1.0908781463259558,-0.04457718620711826,-54.16633093959934
2023-02-17,47.09000015258789,47.56999969482422,47.02000045776367,47.4900016784668,44.42131423950195,13463800.0,0.0057178879337147,0.0057016028604964,0.5499992370605469,63.49446757452538,WFC,,,,13463800.0,598079690.6578064,0.7383559481950953,6.587395204129298,0.5717887933714749,1.238142649483919,6.613809850192285,음봉,44.769274139404295,43.87749481201172,41.439483578999834,True,True,0,0.9114281790597109,0.09234433138223222,False,63.49446757452538,1.0177619374080962,-0.09415471609998227,-58.94560623524892
2023-02-21,47.06999969482422,47.06999969482422,45.970001220703125,46.2400016784668,43.2520866394043,13652700.0,-0.026321319396217,-0.0266739264781876,1.0999984741210938,47.31827953598142,WFC,,,,13652700.0,590507763.261795,0.7472180655574924,1.4030214352560133,-2.632131939621707,2.54322637261841,5.962645411708473,음봉,44.41570053100586,43.94743423461914,41.4305757522583,True,True,0,0.9314280918666304,0.0921973715123235,False,47.31827953598142,0.8556070143175702,-0.20504771135240651,-94.70089173566132
2023-02-22,45.95000076293945,46.22999954223633,45.68999862670898,46.0099983215332,43.03694534301758,13402900.0,-0.0049741252527391,-0.004986537390546,0.5400009155273509,41.47150188396162,WFC,,,,13402900.0,576819874.7379303,0.7317108615274682,-1.8296747163564664,-0.49741252527391033,1.2547380192143724,6.237650789030959,음봉,43.9498794555664,44.03357086181641,41.41467412312826,False,True,0,0.8749997275216254,0.07323096346674045,False,41.47150188396162,0.7016497829614465,-0.2872039541668242,-84.22387296943116
2023-02-23,46.119998931884766,46.43999862670898,45.790000915527344,46.25,43.26144027709961,14783600.0,0.0052163305804522,0.005202772656062,0.6499977111816335,41.86050607803077,WFC,,,,14783600.0,639559828.4805298,0.8049071182373271,10.301501913764932,0.5216330580452233,1.5024874507604153,7.163737027092212,음봉,43.628109741210935,44.08957138061523,41.40081017812093,False,True,0,0.8399996076311395,0.0632298491394994,False,41.860506078030774,0.5909404393703426,-0.31833063820634255,-77.09705311751401
2023-02-24,45.84000015258789,46.7599983215332,45.70000076293945,46.619998931884766,43.6075325012207,16040300.0,0.0080000162247093,0.0079681857451185,1.05999755859375,42.05297767310653,WFC,,,,16040300.0,699477903.5793304,0.870054430335172,8.500635839714278,0.8000016224709361,2.4307671124571826,5.9604115326997995,음봉,43.51586380004883,44.141034317016604,41.39984022776286,False,True,0,0.8378565652029865,0.056628865089427,False,42.05297767310653,0.5250764821918636,-0.3073556763078572,-66.11000370570375
2023-02-27,46.93999862670898,47.43000030517578,46.720001220703125,46.77999877929688,43.75718688964844,15468200.0,0.003431847202626,0.0034259718533782,0.7099990844726562,42.62289821159948,WFC,,,,15468200.0,676844918.24646,0.8357202398512593,-3.566641521667302,0.3431847202626015,1.6225885047482784,7.641950677660995,음봉,43.38303833007812,44.185573959350585,41.392224884033205,False,True,0,0.8449995858328693,0.052995674318129835,False,42.62289821159948,0.47942813097569825,-0.2824032220192182,-61.35907304112327
2023-02-28,46.66999816894531,47.02999877929688,46.540000915527344,46.77000045776367,43.747840881347656,18627200.0,-0.0002135879604041,-0.000213610773561,0.4899978637695383,37.98591931889346,WFC,,,,18627200.0,814899781.6650391,0.9946970167657269,20.422544316727233,-0.021358796040416017,1.120050393111981,6.656760834837748,음봉,43.4821891784668,44.2217456817627,41.37856725056966,False,True,0,0.8042850494384776,0.052668779608078864,False,37.98591931889346,0.4374546342783532,-0.25950137497325065,-61.65577157361599
2023-03-01,46.5,46.91999816894531,46.25,46.68000030517578,43.66365051269531,13382200.0,-0.0019244462573749,-0.0019263003832326,0.6699981689453125,36.05678509934426,WFC,,,,13382200.0,584315703.8909912,0.7140742949173745,-28.157747809654698,-0.19244462573749788,1.5344529398670157,6.290959881006962,음봉,43.607530212402345,44.22675380706787,41.38023662567139,False,True,0,0.7807134900774285,0.05266281552920709,False,36.05678509934426,0.39286813726653236,-0.24327029758805718,-64.32848039488721
2023-03-02,46.459999084472656,46.619998931884766,45.380001068115234,45.79999923706055,42.840518951416016,19115000.0,-0.0188516432230047,-0.019031600701058,1.2399978637695312,34.81986900708833,WFC,,,,19115000.0,818896519.7563171,1.0150159773491827,42.838995083020734,-1.88516432230047,2.894451080706494,6.404294049954203,음봉,43.523345947265625,44.169227600097656,41.38259372711182,False,True,0,0.7878562382289351,0.057178535963197406,True,34.81986900708833,0.28779565024903775,-0.2786742276844415,-73.39545631949971
2023-03-03,46.02000045776367,46.97999954223633,45.90999984741211,46.84999847412109,43.82266616821289,14947200.0,0.0229256610525818,0.0226668167362878,1.0699996948242188,45.16125753007547,WFC,,,,14947200.0,655026155.7495117,0.8014517603070335,-21.803818990321734,2.292566105258187,2.441658138090081,7.421668981072332,음봉,43.56637268066406,44.151455307006835,41.43663902282715,False,True,0,0.8121419634137845,0.05720155204936209,False,45.16125753007547,0.2805421047775525,-0.22874221852474141,-45.00969109764084
2023-03-06,46.880001068115234,47.18000030517578,46.5099983215332,46.630001068115234,43.61688995361328,14236000.0,-0.0046956571243232,-0.0047067163560591,0.6700019836425781,38.31779856702828,WFC,,,,14236000.0,620930045.3796387,0.76445290741556,-4.758081781203172,-0.46956571243232936,1.5361067337793401,6.976606325518381,음봉,43.53831329345703,44.10702476501465,41.49128239949544,False,True,0,0.7871420724051349,0.05725917316468073,False,38.31779856702828,0.2552468699269568,-0.20322996270026966,-50.95698211060861
2023-03-07,46.18999862670898,46.27000045776367,44.119998931884766,44.45000076293945,41.57775115966797,24056800.0,-0.046751127742348,-0.047879263295096,2.1500015258789062,25.39484012146484,WFC,,,,24056800.0,1000227644.0979004,1.2981934416312997,68.98567013205957,-4.675112774234802,5.171038514378553,5.89934008553156,음봉,43.104295349121095,43.95596046447754,41.526656532287596,False,True,0,0.8628564562116361,0.08618397870314651,True,25.39484012146484,0.06985352720875682,-0.3108986443347757,-61.4069600728294
2023-03-08,44.2599983215332,44.560001373291016,43.59999847412109,43.84000015258789,41.00716781616211,14852000.0,-0.0137232853531372,-0.0138183200944908,0.960002899169929,25.150394131267163,WFC,,,,14852000.0,609038456.4056396,0.8138228711749801,-38.26277809184929,-1.3723285353137271,2.3410612102588666,6.4511597839065375,음봉,42.57299880981445,43.75532112121582,41.55050703684489,False,False,0,0.8914282662527917,0.09961949295212079,False,25.150394131267163,-0.12171033881547544,-0.40197000828720636,-61.58738414337426
2023-03-09,43.43999862670898,43.52999877929688,40.83000183105469,41.130001068115234,38.472286224365234,33599800.0,-0.061815573393435,-0.0638087324511236,2.6999969482421946,20.35048956636139,WFC,,,,33599800.0,1292661122.681427,1.8289670603387325,126.23081066523025,-6.181557339343502,7.018030933997978,5.932696501873556,음봉,41.6993522644043,43.422325134277344,41.533348910013835,False,False,0,1.0399992806570886,0.15876083269450988,True,20.35048956636139,-0.4726217529799115,-0.6023051379613139,-34.980954806576676
2023-03-10,40.58000183105469,42.36000061035156,39.72999954223633,41.36000061035156,38.68742370605469,55435400.0,0.0055920118818726,0.0055764346285715,2.6300010681152344,20.039060117419552,WFC,,,,55435400.0,2144652808.114624,2.9380540666593644,64.98729159102137,0.5592011881872638,6.79807755641178,5.4785296470231515,음봉,40.67230377197266,43.131888961791994,41.514199574788414,False,False,0,1.1885708400181376,0.15982987672894172,True,20.039060117419552,-0.725004380888727,-0.6837502126961035,-13.53994458285794
2023-03-13,39.79999923706055,40.54999923706055,38.209999084472656,38.40999984741211,35.92803955078125,78806900.0,-0.0713250945898883,-0.0739965417668131,2.34000015258789,17.183521229170026,WFC,,,,78806900.0,2831377420.074463,3.970807713172891,42.15988339580845,-7.132509458988833,6.513019307052638,2.8758067207037574,음봉,39.13453369140625,42.70628986358643,41.452778307596844,False,False,0,1.2771423884800517,0.22099815272131454,True,17.183521229170026,-1.1345997127947811,-0.874676435681726,-24.75010012544643
2023-03-14,41.5,41.59999847412109,39.369998931884766,40.16999816894531,37.57430648803711,52855100.0,0.0458212292638178,0.044802442110532,2.229999542236321,28.306032022280576,WFC,,,,52855100.0,1985993726.8558502,2.5869807222088292,-32.9308728042849,4.582122926381782,5.93490539325405,15.508668212589932,음봉,38.33384475708008,42.33400745391846,41.42561092376709,False,False,0,1.397856576102121,0.22294159558853702,True,28.306032022280576,-1.311251687666072,-0.8410627284424135,-6.894712714442226
2023-03-15,38.29999923706055,38.97999954223633,38.08000183105469,38.84999847412109,36.3396110534668,47324600.0,-0.0328600990936031,-0.0334121188057011,0.8999977111816406,24.55289501215897,WFC,,,,47324600.0,1719757557.2608948,2.2654346972419512,-10.46351250872669,-3.28600990936031,2.4766300053609984,1.931353674496915,음봉,37.400333404541016,41.88268547058105,41.39041277567546,False,False,0,1.4157137189592643,0.21350706616883142,False,24.55289501215897,-1.533205415605977,-0.8504131651058545,-18.613808145583562
2023-03-16,38.630001068115234,40.060001373291016,38.150001525878906,39.29999923706055,36.76053237915039,40388800.0,0.0115829892913352,0.0115164200251307,1.9099998474121087,24.965731127851768,WFC,,,,40388800.0,1484713790.1550293,1.9204403837236264,-14.655802690355547,1.1582989291335277,5.195789407270421,6.3027367334189845,음봉,37.05798263549805,41.47719764709473,41.36501833597819,False,False,0,1.4764281681605758,0.20476973302258802,False,24.965731127851768,-1.6560505905401968,-0.7786066720320595,-14.111975050651845
2023-03-17,38.7599983215332,38.7599983215332,37.52999877929688,37.7599983215332,35.32004165649414,47403800.0,-0.0391857959998767,-0.0399742248117714,1.229999542236321,21.812462101139587,WFC,,,,47403800.0,1674304190.676117,2.2116645548106253,17.3686764647625,-3.9185795999876705,3.482440802869683,5.439164813393337,음봉,36.38450622558594,41.034761619567874,41.30585651397705,False,False,0,1.5135710580008375,0.22179421114677003,False,21.812462101139587,-1.8483353796545074,-0.7767131689170959,-22.901106459684875
2023-03-20,38.119998931884766,38.45000076293945,37.45000076293945,37.47999954223633,35.05813217163086,34283700.0,-0.0074153220828697,-0.0074429522595131,1.0,21.45047009897785,WFC,,,,34283700.0,1201922485.932541,1.5790507168982464,-27.677317008341106,-0.7415322082869769,2.8524052425394264,7.927389504864327,음봉,36.21052474975586,40.566602516174314,41.25534191131592,False,False,0,1.549999782017299,0.21605294633898717,False,21.450470098977846,-1.9988152687257,-0.7417544463906305,-24.582412166885366
2023-03-21,38.59999847412109,38.959999084472656,38.36000061035156,38.47999954223633,35.99351501464844,34664700.0,0.0266809092520476,0.0263311808692475,0.5999984741210938,26.13500785972795,WFC,,,,34664700.0,1247704399.9282837,1.5909827104860597,1.1113152897732848,2.668090925204769,1.6669627122466637,10.102838009596859,음봉,35.89436645507813,40.203673934936525,41.21824830373128,False,False,0,1.5449998038155692,0.21800331011454535,False,26.13500785972795,-2.019316661361543,-0.6098046712211789,-14.969021755537092
2023-03-22,38.709999084472656,38.709999084472656,37.18999862670898,37.20000076293945,34.796226501464844,22994400.0,-0.0332640063827144,-0.0338298367121378,1.520000457763679,25.54034765143548,WFC,,,,22994400.0,800118350.6652832,1.0511162830790448,-33.66623683458966,-3.326400638271443,4.368291078056094,7.547148614739848,음봉,35.585689544677734,39.79163799285889,41.16801586151123,False,False,0,1.5649999891008655,0.22684262629168359,False,25.540347651435482,-2.1078770451181086,-0.5586920439821952,-23.961678909462535
2023-03-23,37.4900016784668,37.63999938964844,36.5099983215332,36.61000061035156,34.24435043334961,30239900.0,-0.0158602274902424,-0.015987346783859,1.1300010681152344,20.09343234147326,WFC,,,,30239900.0,1035545732.6694489,1.377499352324722,31.509845875517527,-1.5860227490242407,3.299817499282329,7.741572715905132,음봉,35.08245315551758,39.340783500671385,41.10393822987874,False,False,0,1.5692858014787952,0.24347038575629332,False,20.09343234147326,-2.197264872069127,-0.5184638967465702,-21.233809437494926
2023-03-24,36.0,36.47999954223633,35.25,36.22999954223633,33.8889045715332,35694800.0,-0.0103796935061803,-0.0104339382136013,1.229999542236328,19.907371459845905,WFC,,,,35694800.0,1209657670.8999634,1.6079344617089462,18.038750128141956,-1.0379693506180399,3.6295051663296665,5.126829811146346,음봉,34.79622573852539,38.85485210418701,41.03300711313884,False,False,0,1.6092856270926343,0.25566334855793266,False,19.907371459845905,-2.270612669944093,-0.473449355697229,-12.351137676295604
2023-03-27,37.02000045776367,37.68999862670898,36.959999084472656,37.470001220703125,35.04877853393555,27454600.0,0.0342257732159523,0.0336531015899352,0.729999542236321,28.64134456633917,WFC,,,,27454600.0,962250195.1377869,1.2278973621827673,-23.085155260710245,3.4225773215952326,2.0828102227000804,9.239295060781044,음봉,34.79435501098633,38.41943168640137,40.980167897542316,False,False,0,1.5078569139753069,0.2585608677859689,False,28.64134456633917,-2.209677407233478,-0.3300112743892911,-2.161347329568898
2023-03-28,37.36000061035156,37.59000015258789,36.869998931884766,37.18000030517578,34.77751922607422,15270000.0,-0.007739479639745,-0.0077695848453073,0.720001220703125,29.21345997725664,WFC,,,,15270000.0,531052718.5821533,0.6804804651438823,-44.3809052034996,-0.7739479639745084,2.0703064414189405,6.5943013511247,음봉,34.55115585327148,37.97091560363769,40.91955458323161,False,False,0,1.4907139369419637,0.2616150134585644,False,29.213459977256633,-2.1583935147712623,-0.22298190554165997,-5.706290381432921
2023-03-29,37.59999847412109,38.0099983215332,37.29999923706055,37.970001220703125,35.51647186279297,20789100.0,0.0212479973604535,0.0210254062211967,0.7099990844726562,38.794297543202426,WFC,,,,20789100.0,738355485.2027893,0.9196046744118543,36.14341846758349,2.1247997360453574,1.999069860360907,8.115815362502143,음봉,34.69520492553711,37.56355667114258,40.87187678019206,False,False,0,1.3485712323869967,0.2644521040338838,False,38.794297543202426,-2.034668961169217,-0.07940588155169159,3.7478458497599587
2023-03-30,38.29999923706055,38.5,37.16999816894531,37.380001068115234,34.964603424072266,22340400.0,-0.0155383800748193,-0.0156603659948304,1.3300018310546875,36.237889768869486,WFC,,,,22340400.0,781123226.335144,0.9810274793185082,7.462083495678029,-1.5538380074819336,3.8038521842321655,7.837285710756646,음봉,34.83925552368164,37.16976089477539,40.80725568135579,False,False,0,1.255714144025529,0.2672538471474532,False,36.237889768869486,-1.9585703520493851,-0.002645817945487794,-4.494435346572844
2023-03-31,37.72999954223633,37.95000076293945,37.310001373291016,37.380001068115234,34.964603424072266,30287900.0,0.0,0.0,0.6399993896484375,45.52565759239884,WFC,,,,30287900.0,1059004412.0479584,1.3129190303925702,35.57456446616891,0.0,1.8304208455795432,7.909130513003776,음봉,35.054395294189455,36.72685775756836,40.729312388102215,False,False,0,1.1342855181012825,0.2648738818412914,False,45.52565759239884,-1.8766290445959655,0.06343639160634562,-4.494435346572844
2023-04-03,37.52000045776367,38.15999984741211,37.400001525878906,37.720001220703125,35.28263092041016,21541000.0,0.0090956986550272,0.0090545819235455,0.7599983215332031,37.85930553697431,WFC,,,,21541000.0,760023152.6565553,0.926415754193857,-28.879189379257063,0.909569865502724,2.1540296222455515,7.308525718704645,음봉,35.101165771484375,36.3101448059082,40.660232607523604,False,False,0,1.0292854309082027,0.21175477622671654,False,37.85930553697431,-1.7656742137539823,0.13951297795866324,0.6783973200372954
2023-04-04,37.70000076293945,37.79999923706055,36.38999938964844,36.810001373291016,34.43143081665039,21942700.0,-0.0241251879906544,-0.0244209671797479,1.4099998474121094,39.46280347592796,WFC,,,,21942700.0,755518556.9805145,0.9398432128509251,1.8648159324079705,-2.412518799065444,4.095095132469082,6.851444406122501,음봉,35.03194808959961,35.95282878875732,40.571079635620116,False,False,0,1.0657141549246647,0.1979889617713428,False,39.46280347592796,-1.7265241498471795,0.14293043349237267,-17.0180654811236
2023-04-05,36.5,37.0099983215332,36.27000045776367,36.88999938964844,34.50625991821289,15486900.0,0.0021732788846611,0.0021709207301061,0.7399978637695312,37.05691467179711,WFC,,,,15486900.0,534394996.7273712,0.6648928688544029,-29.421174240180104,0.21732788846611228,2.144532225525114,6.007793269948249,음봉,34.8299057006836,35.627783393859865,40.489524904886885,False,False,0,0.9821425846644806,0.1346847509842127,False,37.05691467179711,-1.670206260908408,0.15939865794491537,-20.046907421078934
2023-04-06,37.11000061035156,38.09999847412109,37.060001373291016,37.900001525878906,35.45100021362305,23484900.0,0.0273788088784292,0.0270107128683192,1.039997100830071,50.79729741028139,WFC,,,,23484900.0,832563194.9169159,1.0006953572374981,51.64364721151424,2.737880887842925,2.933618500361586,7.545705325091986,음봉,34.92718505859375,35.47671909332276,40.42418066660563,False,False,0,0.9685709817068913,0.13525825547449333,False,50.79729741028139,-1.531684970956043,0.23833595831782461,5.41779685241128
2023-04-10,37.70000076293945,38.709999084472656,37.61000061035156,38.630001068115234,36.133827209472656,27005800.0,0.0192611489587031,0.0190780010520088,1.0999984741210938,56.229722092982655,WFC,,,,27005800.0,975822910.8535767,1.1416418961437702,14.992186468752266,1.9261148958703123,3.0442346108101273,6.34396924138734,음봉,35.16102981567383,35.349039268493655,40.36433029174805,False,False,0,0.9757137298583979,0.104257484581446,False,56.229722092982655,-1.351231265814981,0.33503173076710935,23.822841713673483
2023-04-11,38.77000045776367,39.540000915527344,38.709999084472656,39.369998931884766,36.82600784301758,25116100.0,0.0191560287686178,0.0189748620171469,0.8300018310546875,54.96100223461401,WFC,,,,25116100.0,924925695.5860138,1.058992220362624,-6.997385746765506,1.9156028768617883,2.253846886126867,7.295582704286387,음봉,35.469705200195314,35.39393768310547,40.31462211608887,True,False,0,0.9921425410679403,0.10412523041376809,False,54.96100223461401,-1.1392348221787643,0.43762253952266095,36.73677171753818
2023-04-12,39.41999816894531,39.84999847412109,38.88999938964844,39.18999862670898,36.65763473510742,20252900.0,-0.0045721249131293,-0.0045826090449523,0.9599990844726491,62.64293868515322,WFC,,,,20252900.0,742423410.5266571,0.8528540032110711,-19.36287879089509,-0.4572124913129305,2.6188244042740907,7.043908579462191,음봉,35.91494598388672,35.348104095458986,40.24057547251383,True,False,0,0.9521424429757239,0.08309082896080108,False,62.64293868515322,-0.9735894823862026,0.4826143034521784,30.60076526169666
2023-04-13,39.31999969482422,39.68000030517578,39.040000915527344,39.65999984741211,37.09727096557617,22397800.0,0.0119930332015585,0.0119216866533944,0.6399993896484375,69.67744685419116,WFC,,,,22397800.0,830897255.632782,0.9405823771328577,10.59058208947854,1.1993033201558534,1.7251926435298028,7.262784352987785,음봉,36.43314819335937,35.38598709106445,40.175405184427895,True,False,0,0.9171423230852385,0.09066770938977521,False,69.67744685419116,-0.797644636729153,0.5268473192873826,40.158077789995936
2023-04-14,39.75,40.5099983215332,39.119998931884766,39.63999938964844,37.07856369018555,40963100.0,-0.0005042763228589,-0.0005044035129249,1.3899993896484375,73.07175684744023,WFC,,,,40963100.0,1518852912.2974396,1.6975643169052106,82.88894444990133,-0.05042763228589875,3.7487951293441317,7.150739031141634,음봉,36.758660888671876,35.40188865661621,40.12138627370199,True,False,0,0.9285708836146748,0.09062698392062656,False,73.07175684744023,-0.6521984618241135,0.5378347953539377,19.069897165066713
2023-04-17,39.83000183105469,41.29999923706055,39.560001373291016,41.29999923706055,38.63129806518555,31445100.0,0.0418768749505527,0.0410237741139142,1.7399978637695312,74.51988198741543,WFC,,,,31445100.0,1214765030.789566,1.311932415631127,-23.235546137865537,4.18768749505527,4.504114412188531,7.420562899520912,음봉,37.258155059814456,35.56745147705078,40.099907302856444,True,False,0,1.000713620867047,0.13333520667659537,True,74.51988198741543,-0.40694759445607787,0.6264685301775788,46.94429782251264
2023-04-18,41.209999084472656,42.060001373291016,41.13999938964844,41.869998931884766,39.16446685791016,27892300.0,0.0138014723663946,0.0137070993793763,0.920001983642578,78.98642340505756,WFC,,,,27892300.0,1092387058.9408877,1.161843983898296,-11.298421693682004,1.3801472366394618,2.349073171301865,6.675160164009684,음봉,37.72584686279298,35.77276821136475,40.072288513183594,True,False,0,1.0149993896484364,0.14747425346582355,False,78.98642340505756,-0.16762991610757894,0.6926289668208621,49.990776208415646
2023-04-19,41.970001220703125,42.40999984741211,41.790000915527344,42.2400016784668,39.510555267333984,23310500.0,0.0088367961366471,0.008797980158651,0.6199989318847656,77.83573427424902,WFC,,,,23310500.0,921010798.5591888,0.9690477276106065,-16.426755771306055,0.8836796136647118,1.569198224853499,7.163468796783377,음봉,38.29643096923828,35.94862022399902,40.033242797851564,True,False,0,1.00857080732073,0.15638015202730396,False,77.83573427424902,0.04938819407514217,0.7277176616028666,52.777770874597095
2023-04-20,41.869998931884766,42.04999923706055,41.45000076293945,41.66999816894531,38.977386474609375,19265500.0,-0.013494338136154,-0.0135862141909335,0.5999984741210938,78.03913917067686,WFC,,,,19265500.0,750918839.1265869,0.800521960317218,-17.352695137384444,-1.3494338136154083,1.5393501935075724,5.97167933628483,음봉,38.672454071044925,36.15767822265625,39.99429569244385,True,False,0,0.9564277103969019,0.1554759866267707,False,78.03913917067686,0.17632181609126008,0.6837210268951875,44.09423918527005
2023-04-21,41.209999084472656,41.400001525878906,40.209999084472656,41.2400016784668,38.57517623901367,23975300.0,-0.0103190663093255,-0.0103726770011664,1.19000244140625,73.8861106288132,WFC,,,,23975300.0,924851422.8832245,0.9957392905431909,24.44680906283252,-1.0319066309325553,3.08489178126611,5.7279689886792395,음봉,38.97177658081055,36.374219512939455,39.93485813140869,True,False,0,0.995713642665317,0.1545504143065113,False,73.8861106288132,0.24167672262512951,0.5992607467432456,37.54358323123529
2023-04-24,41.130001068115234,41.59999847412109,41.040000915527344,41.45000076293945,38.771602630615234,17327800.0,0.0050920413269013,0.0050791207273866,0.5599975585937429,73.45908620129788,WFC,,,,17327800.0,671826576.0627747,0.7207794986051237,-27.72645180665101,0.5092041326901331,1.4443497833425947,6.622976427305849,음봉,38.999837493896486,36.618354415893556,39.87141361236572,True,False,0,0.981427873883927,0.13870433370646193,False,73.45908620129788,0.30579590032073867,0.5307039395510837,40.74271044829531
2023-04-25,40.70000076293945,41.060001373291016,40.38999938964844,40.54999923706055,37.92976379394531,20728000.0,-0.0217127686129017,-0.0219519594417114,0.6700019836425781,73.55167764551794,WFC,,,,20728000.0,786208143.9208984,0.858232556085358,19.62280266392733,-2.1712768612901723,1.7664280412669744,4.973738513459067,음봉,38.75289688110352,36.762403678894046,39.78913644154866,True,False,0,0.9285708836146748,0.13816083668107942,False,73.55167764551794,0.28539163490265196,0.4082397393063976,27.03197884644537
2023-04-26,40.2400016784668,40.45000076293945,39.2400016784668,39.459999084472656,36.91019058227539,26915600.0,-0.0268805578966635,-0.0272484478004615,1.2099990844726562,64.35752744028025,WFC,,,,26915600.0,993459925.6362915,1.107418025776972,29.85140872250096,-2.688055789666355,3.2782249708938345,6.090831192811871,음봉,38.2328239440918,36.8690372467041,39.68723284403483,True,False,0,0.9621423993791838,0.1377612443931565,False,64.35752744028025,0.18481958516948538,0.24613415165858482,-2.8002024998752204
2023-04-27,39.52999877929688,39.77999877929688,39.31999969482422,39.65999984741211,37.09727096557617,21695800.0,0.0050685293234604,0.0050557275678697,0.4599990844726633,60.81079456183666,WFC,,,,21695800.0,804854971.4149475,0.8897653659403801,-19.393214344097842,0.5068529323460469,1.2399809271671554,7.09779103194213,음봉,37.85680084228515,36.94807720184326,39.5794625600179,True,False,0,0.9207139696393689,0.1374665431961966,False,60.81079456183666,0.11884140487068606,0.1441247770878284,-10.681869297324704
2023-04-28,39.25,39.91999816894531,38.959999084472656,39.75,37.181453704833984,20193000.0,0.0022692434528654,0.0022666726084546,0.9599990844726562,57.46665238382914,WFC,,,,20193000.0,750805094.6617126,0.8270405601641341,-6.926686271075511,0.22692434528654992,2.5819299376878484,5.802930993014066,음봉,37.57805633544922,37.058919715881345,39.4659694035848,True,False,0,0.9107140132359091,0.13705538341709864,False,57.46665238382914,0.07251021255606105,0.07823486781856269,-41.31202876899744
2023-05-01,40.4900016784668,41.18000030517578,40.18999862670898,40.38999938964844,37.78009796142578,26564300.0,0.0161006146059847,0.0159723743771318,0.990001678466804,56.89188913633767,WFC,,,,26564300.0,1003601856.2767029,1.0829639008344554,31.552022978259785,1.6100614605984775,2.620431740218395,8.89838251053284,음봉,37.37975540161133,37.19969444274902,39.359335835774736,True,False,0,0.922142573765346,0.13653672501263298,False,56.89188913633767,0.0831396155413131,0.0710914166430518,-31.531286473973907
2023-05-02,40.0099983215332,40.0099983215332,38.31999969482422,38.84000015258789,36.33025360107422,36239500.0,-0.0383758761512974,-0.0391316283188023,1.6899986267089844,48.00457765292519,WFC,,,,36239500.0,1316590225.3761292,1.464699135963655,36.42181423941153,-3.837587615129745,4.6517666660576635,5.902314923545709,음봉,37.05985336303711,37.252075576782225,39.22308171590169,False,False,0,0.9742853982107985,0.13634473709296388,True,48.004577652925185,-0.02513706460417353,-0.029748210801947873,-48.649046931966886
2023-05-03,39.02999877929688,39.66999816894531,38.61000061035156,38.650001525878906,36.152530670166016,25202700.0,-0.0048918714650246,-0.0049038758334592,1.05999755859375,44.05179586009718,WFC,,,,25202700.0,911141384.720993,1.0164523314698237,-30.455166324038686,-0.48918714650246775,2.9320148242581725,7.431121202365724,음봉,36.908321380615234,37.33813056945801,39.08230660756429,False,False,0,1.004285267421178,0.13402640337903063,False,44.05179586009718,-0.12386008696035589,-0.10277698652650417,-52.99435070404013
2023-05-04,37.68000030517578,38.08000183105469,36.400001525878906,36.720001220703125,34.615936279296875,53247000.0,-0.0425030934870951,-0.0434327887284768,1.6800003051757812,36.9830055575428,WFC,,,,53247000.0,1843194759.0637207,2.1015137013445306,111.27498244235738,-4.250309348709513,4.853256868803971,4.225069743928804,음봉,36.412054443359374,37.343614387512204,38.90890630086263,False,False,0,1.0249996185302739,0.13106977105231363,True,36.9830055575428,-0.32237300361119026,-0.2410319225418708,-29.684954156973888
2023-05-05,37.459999084472656,38.27999877929688,37.33000183105469,37.93999862670898,35.76602935791016,27039700.0,0.033224381664382,0.032684380165124,0.9499969482421946,34.1813867151221,WFC,,,,27039700.0,967102704.0290835,1.0607420943163812,-49.218359719796425,3.322438166438202,2.6561431763520305,8.216050498327155,음봉,36.12896957397461,37.35936584472656,38.75280335744222,False,False,0,0.9685709817068927,0.1310145094105768,False,34.1813867151221,-0.3824839832788953,-0.24091432176766067,-10.548624709216408
2023-05-08,38.43000030517578,38.77999877929688,38.150001525878906,38.380001068115234,36.18081665039063,22735400.0,0.0115972418500722,0.0115305092876866,0.6299972534179759,33.30966109145538,WFC,,,,22735400.0,822585338.8732911,0.8881353191313632,-15.918445840745276,1.159724185007227,1.7412466377017888,7.448327351653429,음봉,35.809113311767575,37.36171531677246,38.61421451568604,False,False,0,0.9478563581194211,0.13100627063125797,False,33.30966109145538,-0.39213224335311736,-0.20045006547350613,-3.6470039384696227
2023-05-09,37.93999862670898,38.66999816894531,37.77000045776367,38.540000915527344,36.33164978027344,18999100.0,0.0041688702424902,0.0041602045786113,0.8999977111816406,31.8202820772931,WFC,,,,18999100.0,690268647.3403931,0.7434555113657185,-16.43384325765106,0.41688702424902413,2.477172703757322,4.862195326647918,음봉,35.80939254760742,37.33699741363525,38.479074986775714,False,False,0,0.9678562709263409,0.13109299962748538,False,31.8202820772931,-0.38319040549066585,-0.15320658208884366,-1.2097658990232345
2023-05-10,39.20000076293945,39.22999954223633,37.900001525878906,38.27999877929688,36.086544036865234,17941600.0,-0.0067463422357794,-0.006769201672291,1.329998016357422,32.90441168176841,WFC,,,,17941600.0,647450338.4918213,0.7021305976150113,-5.566053128832415,-0.6746342235779412,3.685578799118931,7.8949098100780715,음봉,35.79619522094727,37.30844287872314,38.33018480936686,False,False,0,1.0199990953717928,0.13119333347542336,False,32.90441168176841,-0.39137044475361193,-0.12910929708143176,-6.028032172588752
2023-05-11,37.7599983215332,38.47999954223633,37.40999984741211,38.33000183105469,36.1336784362793,18536200.0,0.0013061488893453,0.001305296618932,1.0699996948242188,34.928767549085634,WFC,,,,18536200.0,669781090.2305603,0.7248711404998405,3.314085700271985,0.13061488893453266,2.9612254858334794,4.637335963672232,음봉,36.09974365234375,37.2602632522583,38.17631193796794,False,False,0,1.0114274706159334,0.1313629738711106,False,34.928767549085634,-0.3895592363054661,-0.10183847090662873,-5.121600882662785
2023-05-12,38.459999084472656,38.52999877929688,37.18000030517578,37.4900016784668,35.34181213378906,17658600.0,-0.0219149097672596,-0.0221586084040213,1.3499984741211009,30.277908293378005,WFC,,,,17658600.0,624086923.7457275,0.6910969531997497,-4.734519480799737,-2.1914909767259627,3.819833768032553,6.43809528635663,음봉,36.01490020751953,37.17342567443848,38.01750399271647,False,False,0,1.0678561074393162,0.13166983938751683,False,30.277908293378005,-0.44686959870222864,-0.12731906664271303,-22.137859044505877
2023-05-15,37.59999847412109,39.09999847412109,37.459999084472656,38.77000045776367,36.548465728759766,24405800.0,0.0341423804303759,0.0335724652820569,1.6399993896484304,42.37703968960719,WFC,,,,24405800.0,891994544.8829651,0.9504627521300433,38.209144552795806,3.4142380430375985,4.487190794326353,6.3895601385223015,음봉,36.08843002319336,37.06928405761719,37.89049905141194,False,False,0,1.1371416364397342,0.13203974968681215,False,42.37703968960719,-0.39042108190770364,-0.056696439878550386,3.1059464601515665
2023-05-16,38.68000030517578,38.77000045776367,38.31999969482422,38.38999938964844,36.19023895263672,21821200.0,-0.0098014176239732,-0.0098497677100234,0.4500007629394531,45.71394571526289,WFC,,,,21821200.0,789714442.2332764,0.8472013590860594,-10.590105630628788,-0.9801417623973241,1.2434313117644318,5.832076761402118,음봉,36.06014785766602,36.920572662353514,37.75331446329753,False,False,0,1.0828560420445055,0.13257158909206096,False,45.71394571526289,-0.3703222878487864,-0.02927811665570651,-4.388339473028966
2023-05-17,38.9900016784668,40.61000061035156,38.88999938964844,40.459999084472656,38.141632080078125,29241600.0,0.0539204267204551,0.0525169507990122,1.720001220703125,55.138013753518415,WFC,,,,29241600.0,1115322348.6328125,1.1239452607865832,34.00546257767676,5.392042672045516,4.509511331586422,7.736237192283295,음봉,36.47116546630859,36.85212650299072,37.66814022064209,False,True,0,1.1728561946323954,0.1183500277781405,False,55.138013753518415,-0.1946884841850931,0.11708454960638948,36.435794957575446
2023-05-18,40.31999969482422,40.31999969482422,39.56999969482422,40.209999084472656,37.905948638916016,27213900.0,-0.0061791650831116,-0.0061983351344135,0.75,53.51199339030278,WFC,,,,27213900.0,1031568695.6645966,1.0367836332811962,-6.934299080761653,-0.6179165083111671,1.978581270038484,5.711259576340687,음봉,36.825619506835935,36.79855461120606,37.58262360890706,True,True,0,1.1578562600272058,0.1129301516112499,False,53.51199339030278,-0.07366593833974378,0.19048567636139102,31.505177774514625
2023-05-19,40.33000183105469,40.459999084472656,39.619998931884766,40.02999877929688,37.73626708984375,19774900.0,-0.0044763831315399,-0.0044864321345153,0.8400001525878906,49.77830995394095,WFC,,,,19774900.0,746230908.0749512,0.7505114582306702,-27.33529556586891,-0.4476383131539974,2.225975745263808,6.394914991390101,음봉,37.304510498046874,36.75660915374756,37.49053738911947,True,True,0,1.147141865321569,0.1130590238597856,False,49.77830995394095,0.008455943389051868,0.21808604647214933,31.74028158089788
2023-05-22,40.20000076293945,41.22999954223633,40.09999847412109,40.97999954223633,38.631832122802734,27519400.0,0.0237322104708128,0.0234549792046764,1.1300010681152417,62.3325177676803,WFC,,,,27519400.0,1063124840.9202576,1.035783820579232,39.163282747321105,2.3732210470812865,2.925051715184509,6.528821908192363,음봉,37.72118377685547,36.749620628356936,37.40760904947917,True,True,0,1.1071420397077303,0.10927720544704324,False,62.3325177676803,0.14414117024008277,0.2830170186585442,46.20769179128937
2023-05-23,41.0099983215332,42.119998931884766,40.97999954223633,41.209999084472656,38.8486557006836,26116600.0,0.0056125626450131,0.0055968709018394,1.1399993896484375,64.38632880164307,WFC,,,,26116600.0,1014594801.4724734,0.9755747269557793,-5.09749485817278,0.5612562645013197,2.934462902479216,6.155975702034431,음봉,38.25286712646484,36.79556522369385,37.32580019632975,True,True,0,1.1128564562116365,0.1150334121966726,False,64.38632880164307,0.2661010929857781,0.3239815531233916,42.80865883319574
2023-05-24,40.88999938964844,41.290000915527344,40.68000030517578,40.869998931884766,38.528133392333984,21193700.0,-0.0082505379547528,-0.0082847620176433,0.6100006103515625,73.98834871883152,WFC,,,,21193700.0,816553700.6771088,0.788684261869266,-18.849697127497457,-0.8250537954752835,1.5832602221859404,5.254605731258073,음봉,38.33016738891602,36.876462364196776,37.23880507151286,True,True,0,1.0364279065813353,0.1147810595166053,False,73.98834871883152,0.33305251677305847,0.3127463815285375,27.290151051242827
2023-05-25,40.619998931884766,41.290000915527344,40.52000045776367,40.900001525878906,38.55642318725586,17691800.0,0.0007342633143889,0.0007339938749664,0.7700004577636719,69.83908719342347,WFC,,,,17691800.0,682132527.7442932,0.6577259221282453,-16.523306454276508,0.07342633143889721,1.9970744019071298,5.42944948370378,음봉,38.460262298583984,36.94941997528076,37.15368461608887,True,True,0,1.023571014404298,0.11455442126610983,False,69.83908719342347,0.38396860148023393,0.2909299729885704,27.862819123839472
2023-05-26,40.900001525878906,41.52000045776367,40.7599983215332,41.22999954223633,38.86751174926758,17399400.0,0.0080683978516591,0.0080360223586963,0.7600021362304688,69.38769330546069,WFC,,,,17399400.0,676271383.9302063,0.6461190729704724,-1.652743078714436,0.8068397851659137,1.9553660680241263,6.0783084759731425,음봉,38.68651123046875,37.03372287750244,37.08746782938639,True,True,0,1.0328570774623331,0.1148028105095933,False,69.38769330546069,0.4443005918645184,0.2810095706982838,34.16016018644145
2023-05-30,41.2400016784668,41.41999816894531,40.34000015258789,40.97999954223633,38.631832122802734,14752600.0,-0.0060636664365139,-0.0060821251178589,1.079998016357422,66.3977487255269,WFC,,,,14752600.0,569919966.5748596,0.5490853380794776,-15.212018805246153,-0.6063666436513904,2.795616870885978,6.104043769264252,음봉,38.68651123046875,37.07630958557129,37.000953928629556,True,True,0,1.045714242117746,0.11467094534201584,False,66.3977487255269,0.46770533672834347,0.2435314524496871,29.389316219186078
2023-05-31,40.290000915527344,40.470001220703125,39.29999923706055,39.810001373291016,37.52887344360352,27221100.0,-0.0285505143968614,-0.0289660078076557,1.170001983642578,59.16164118549021,WFC,,,,27221100.0,1021577216.8956759,1.0049412331260335,84.51730542412864,-2.8550514396861404,3.117604863361533,4.292234412941194,음봉,38.42255477905274,37.13624057769776,36.89948698679607,True,True,0,1.0342859540666858,0.11448588774287494,False,59.161641185490204,0.39272710445786174,0.1348425761433643,7.062211243167085
2023-06-01,40.209999084472656,40.52999877929688,39.68000030517578,40.060001373291016,37.76454925537109,17079400.0,0.0062798530875627,0.0062602169752182,0.8499984741211009,60.11692884075932,WFC,,,,17079400.0,644995842.5521849,0.6312857169258443,-37.256760380734065,0.6279853087562737,2.250784110709886,7.14416766306133,음봉,38.26983795166016,37.216841506958005,36.83593362172444,True,True,0,1.0185715811593201,0.1142379443773012,False,60.11692884075932,0.3483083022848632,0.0723390191762926,11.83297798980828
2023-06-02,40.619998931884766,41.54999923706055,40.380001068115234,41.2400016784668,38.87693786621094,16906100.0,0.0294558953508929,0.0290304057238088,1.1699981689453125,71.09104878985785,WFC,,,,16906100.0,657257399.2599487,0.6241628967867472,-1.0146726465800948,2.945589535089299,3.0094915730546554,7.561190939165151,음봉,38.33394088745117,37.42989158630371,36.80042978922526,True,True,1,1.0057144165039067,0.09444659288608367,False,71.09104878985785,0.3982754740706227,0.09784495276964167,30.406412620918132
2023-06-05,41.15999984741211,41.15999984741211,40.43999862670898,40.45000076293945,38.132205963134766,18443900.0,-0.0191561358468882,-0.01934199196875,0.7200012207031321,59.99999036535535,WFC,,,,18443900.0,703306593.5634613,0.6792625259385688,9.096125067283412,-1.9156135846888245,1.8881709109596512,5.8725355095043295,음봉,38.18687973022461,37.54820041656494,36.79476178487142,True,True,0,0.9400002615792425,0.0941490056301687,False,59.99999036535535,0.37347597851128,0.058436365768239185,-4.941941299828239
2023-06-06,40.400001525878906,41.619998931884766,40.2599983215332,41.2599983215332,38.89579391479492,18825100.0,0.0200247515813372,0.0198268932579718,1.3600006103515625,66.25139486871622,WFC,,,,18825100.0,732217210.0254059,0.6954284416891648,2.0668079961396524,2.002475158133721,3.496523591550228,5.947192158084395,음봉,38.239672088623045,37.68394927978515,36.798234621683754,True,True,1,1.0050002506801075,0.09431022620849153,False,66.25139486871622,0.41070303678370124,0.07653073923252829,0.1793970887832531
2023-06-07,41.45000076293945,42.13999938964844,40.9900016784668,42.06999969482422,39.65937423706055,17781800.0,0.0196314368576284,0.0194412255843577,1.1499977111816406,60.63402089134332,WFC,,,,17781800.0,705215060.8085632,0.6557607492338701,-5.5420688336316974,1.963143685762847,2.8996869802020244,6.566794481017083,음봉,38.66577224731445,37.85033550262451,36.86042353312175,True,True,1,0.9642857142857159,0.1140693218682859,False,60.63402089134332,0.4961015493227805,0.12954340141728599,12.65404861589627
2023-06-08,41.70000076293945,42.400001525878906,41.560001373291016,42.369998931884766,39.94218444824219,17157300.0,0.0071309801685515,0.0071056749588837,0.8400001525878906,64.17323524585507,WFC,,,,17157300.0,685300041.2338257,0.6388794763044912,-3.5120179059487833,0.7130980168551515,2.1030400920519963,5.145382561210457,음봉,39.10129928588867,38.04311752319336,36.89988816579183,True,True,1,0.9707142966134222,0.12092521890847834,False,64.17323524585507,0.5799159956590785,0.17068627820286708,20.715636678656292
2023-06-09,42.33000183105469,42.470001220703125,42.02999877929688,42.130001068115234,39.71593475341797,11098900.0,-0.00566442967378,-0.0056805333966075,0.4400024414062429,63.67182848501773,WFC,,,,11098900.0,440803188.2347107,0.42440703071729524,-35.31091721890973,-0.5664429673780003,1.1078738147246456,5.978184257565275,음봉,39.26909866333008,38.22223033905029,36.95616022745768,True,True,1,0.9421430315290189,0.12035855243520649,False,63.67182848501773,0.6209254466698155,0.16935658337088322,13.120985996339337
2023-06-12,42.11000061035156,42.7599983215332,41.40999984741211,41.83000183105469,39.43313217163086,19433400.0,-0.0071206326514263,-0.0071461053492807,1.3499984741210938,56.045549416961485,WFC,,,,19433400.0,766319830.7441711,0.7708879991038765,75.09302723693338,-0.7120632651426373,3.423513172236201,6.027973083845294,음봉,39.529283905029295,38.42679634094238,37.00070355733236,True,True,0,0.9578571319580084,0.09763877952031887,False,56.045549416961485,0.6234195348499654,0.13748053724082643,3.847773693576092
2023-06-13,41.68000030517578,43.34000015258789,41.52999877929688,42.650001525878906,40.20614242553711,18864000.0,0.0196030650200891,0.0194133996158239,1.8100013732910083,59.44880698048246,WFC,,,,18864000.0,758448670.715332,0.7646668075338371,-2.930007101176324,1.9603065020089128,4.5018031178772775,5.6979195154103754,음봉,39.79135360717773,38.60968017578125,37.08213857014974,True,True,1,1.0057144165039062,0.10401286554607236,True,59.44880698048246,0.6799337320565684,0.1551957875579435,22.42928176065235
2023-06-14,42.75,42.9900016784668,41.9900016784668,42.08000183105469,39.66880798339844,14826100.0,-0.0133644863625956,-0.0134545948467547,1.0,57.70706448478415,WFC,,,,14826100.0,588133714.0426636,0.6138226569072178,-21.405322307039864,-1.3364486362595684,2.5208723196787366,6.327037166458298,음봉,39.79324035644531,38.78360862731934,37.15898316701253,True,True,0,1.033571515764509,0.06903094056203184,False,57.70706448478415,0.673598418448897,0.11908837916021764,9.128927296041214
2023-06-15,41.81999969482422,42.41999816894531,41.619998931884766,42.36000061035156,39.932762145996094,14188200.0,0.0066539474215641,0.0066319076271548,0.7999992370605469,59.01234604906948,WFC,,,,14188200.0,566574015.8798218,0.5977040070714245,-4.302547534415657,0.665394742156411,2.0033656428165707,5.42287963965558,음봉,39.79135589599609,38.873165130615234,37.224637285868326,True,True,1,1.0357142857142858,0.06887190618355532,False,59.01234604906948,0.6820146909184928,0.10200372130385071,15.662444691623342
2023-06-16,42.58000183105469,42.7400016784668,42.060001373291016,42.18000030517578,39.76307678222656,36422100.0,-0.0042492769007351,-0.0042583307350936,0.6800003051757812,55.974855252274615,WFC,,,,36422100.0,1448254758.869934,1.5456983554080763,156.7069818581638,-0.4249276900735177,1.7101300005027027,6.6292426138221,음봉,39.800784301757815,38.96602153778076,37.30741812388102,True,True,0,1.0299998692103796,0.06870778376329116,False,55.974855252274615,0.667300235020825,0.06983141232494638,11.46231287686651
2023-06-20,42.119998931884766,42.13999938964844,41.34000015258789,41.88999938964844,39.489688873291016,16679600.0,-0.0068754213974142,-0.0068991660058236,0.7999992370605469,55.69462803429713,WFC,,,,16679600.0,658672214.5309448,0.7163516970063152,-54.20472734960368,-0.6875421397414261,2.0258433527482893,5.927413923642117,음봉,39.812095642089844,39.05369262695312,37.39484043121338,True,True,0,1.0099999564034599,0.06855354261906221,False,55.69462803429713,0.6263585319947964,0.023111767439134123,4.695286961481009
2023-06-21,41.84999847412109,41.959999084472656,41.52999877929688,41.650001525878906,39.26344299316406,11686500.0,-0.0057292393681018,-0.0057457144164361,0.4300003051757741,63.031206206277886,WFC,,,,11686500.0,458852226.5396118,0.5098964298360913,-29.935370152761454,-0.5729239368101879,1.0951670877427613,5.977027594224665,음봉,39.623555755615236,39.08527317047119,37.4844160715739,True,True,0,0.9571426936558309,0.06849815198314274,False,63.031206206277886,0.5690956057734482,-0.02732092702577127,-11.381347797220691
2023-06-22,41.54999923706055,41.630001068115234,40.91999816894531,41.060001373291016,38.707252502441406,11504400.0,-0.0141656066896499,-0.0142668965891366,0.7100028991699219,56.75679961677824,WFC,,,,11504400.0,445303715.6890869,0.5059775010250066,-1.55820818893595,-1.4165606689649946,1.8342890628187558,5.823626431066129,음봉,39.431244659423825,39.07820301055908,37.545390637715656,True,True,0,0.9471430097307467,0.06851054489916485,False,56.75679961677824,0.4733775975848431,-0.09843114817150111,-50.41379532427385
2023-06-23,40.52999877929688,40.7400016784668,40.29999923706055,40.61000061035156,38.28303909301758,18952000.0,-0.0109595329556669,-0.0110200310637142,0.44000244140625,45.277360682640655,WFC,,,,18952000.0,725540156.8908691,0.8401526153125606,64.73697020270505,-1.0959532955666984,1.1493404176642334,4.709056207852801,음봉,39.10130004882812,39.06594829559326,37.60381596883138,True,True,0,0.8950004577636709,0.06853203617831004,False,45.277360682640655,0.3591498536928981,-0.17012711365075694,-64.18694977978807
2023-06-26,40.77999877929688,41.220001220703125,40.459999084472656,40.59000015258789,38.2641830444336,13618500.0,-0.0004925431478457,-0.0004926644870668,0.7600021362304688,51.186436958041135,WFC,,,,13618500.0,521100776.790619,0.6132418389274841,-28.14214858590123,-0.04925431478457476,1.9861972104511671,6.522365374944131,음봉,38.80152130126953,39.051336288452156,37.64961115519206,False,True,0,0.8978576660156234,0.06855767910624047,False,51.186436958041135,0.26405812051509514,-0.21217507746284792,-64.79915878544051
2023-06-27,40.619998931884766,41.060001373291016,40.34000015258789,40.90999984741211,38.56584548950195,11749600.0,0.0078836766152319,0.0078527628067617,0.720001220703125,46.76520087065141,WFC,,,,11749600.0,453133258.16345215,0.5350917566317673,-13.723244116459233,0.7883676615231927,1.8669400646204353,6.156712883992625,음봉,38.61675262451172,39.03625297546387,37.70963185628256,False,True,0,0.8521434238978779,0.0685841692750679,False,46.76520087065141,0.21061108164318654,-0.2124976930678052,-57.04451399014704
2023-06-28,40.91999816894531,40.93999862670898,40.380001068115234,40.619998931884766,38.29246520996094,13959600.0,-0.0070886629366243,-0.0071139068756613,0.5599975585937429,35.173825146243786,WFC,,,,13959600.0,534547497.3449707,0.6363407520465431,18.809150949819564,-0.7088662936624357,1.4624223212666703,6.1042423666925325,음봉,38.4225570678711,39.019284629821776,37.7650962193807,False,True,0,0.8100005558558853,0.06861399452432286,False,35.173825146243786,0.14452838123435896,-0.2228643147813062,-66.03728363520463
2023-06-29,41.47999954223633,42.5099983215332,41.369998931884766,42.45000076293945,40.01760482788086,23956300.0,0.0450516729194849,0.0440663319641157,1.1399993896484375,50.623091347441736,WFC,,,,23956300.0,958673746.5381622,1.0895380096682303,71.61165076363221,4.5051672919484975,2.8487446826257403,8.324181571486351,음봉,38.684627532958984,39.143721199035646,37.844012451171885,False,True,0,0.8314290727887814,0.06237509095650759,False,50.623091347441736,0.22872511389645211,-0.11093406569537045,-9.289286978083066
2023-06-30,42.95000076293945,43.220001220703125,42.619998931884766,42.68000030517578,40.23442077636719,20062200.0,0.0054180141320019,0.0054033894939833,0.6000022888183594,54.29020006918965,WFC,,,,20062200.0,807190996.4996338,0.9139365572930868,-16.25501433860822,0.5418014132001936,1.4912661279587438,7.327764736722949,음봉,39.074903869628905,39.26721477508545,37.94072895050049,False,True,0,0.8428576333182184,0.053536132503246715,False,54.29020006918965,0.3093805201189852,-0.024222927578269937,-2.1571855573597287
2023-07-03,42.880001068115234,43.59999847412109,42.7400016784668,43.400001525878906,40.91316604614258,9249100.0,0.0168697661524201,0.016729051985831,0.8599967956542898,61.493406388971536,WFC,,,,9249100.0,378409964.0773773,0.42785312551880633,-53.897877600661936,1.6869766152420196,2.1020049992815775,6.57541537991272,음봉,39.6047004699707,39.36902618408203,38.047510719299325,True,True,1,0.8078575134277324,0.07063827461732418,False,61.493406388971536,0.42319129557320423,0.07167027830075923,18.580816692194357
2023-07-05,43.22999954223633,43.619998931884766,42.77000045776367,43.47999954223633,40.988582611083984,15722200.0,0.001843332409336,0.0018416355570722,0.8499984741210938,56.814460828611246,WFC,,,,15722200.0,644430693.5279846,0.7304122945412941,69.98626893427469,0.1843332409336096,2.0737444916947196,5.662806670793419,음봉,40.08924789428711,39.51184501647949,38.139803759257006,True,True,1,0.7392858777727385,0.06895146418786818,False,56.814460828611246,0.5135527254477807,0.12962536654026857,20.740464979467273
2023-07-06,43.220001220703125,43.310001373291016,42.2400016784668,42.88999938964844,40.43238830566406,14978600.0,-0.013569493502552,-0.0136624005041448,1.0699996948242188,56.62843064533222,WFC,,,,14978600.0,605620571.4752197,0.6994586238380738,-4.729617992392921,-1.35694935025521,2.6463925077468784,5.444000420291988,음봉,40.517232513427736,39.58867473602295,38.21144644419353,True,True,0,0.7442858559744684,0.06881765011879441,False,56.62843064533222,0.5341274883023672,0.12016010351588396,3.9876229148426208
2023-07-07,42.59000015258789,43.43000030517578,42.59000015258789,42.77000045776367,40.31926345825195,13506500.0,-0.0027978769534191,-0.0028017983271978,0.8400001525878906,53.44533151611726,WFC,,,,13506500.0,544572131.89888,0.6316428841313095,-9.828021310402846,-0.2797876953419154,2.083371769570289,5.336345284905107,음봉,40.57756423950195,39.62166919708252,38.2696673711141,True,True,0,0.7471430642264215,0.06876034306124061,False,53.44533151611726,0.5351361894541213,0.09693504373411044,0.5802476795837843
2023-07-10,42.709999084472656,42.9900016784668,42.27999877929688,42.31999969482422,39.895050048828125,16675800.0,-0.0105213581062331,-0.0105770989185374,0.7100028991699148,51.12536302032915,WFC,,,,16675800.0,665281875.604248,0.7838196906891216,23.464998334135423,-1.0521358106233114,1.7796766724215964,5.929512151669533,음봉,40.50969009399414,39.61931247711182,38.323624293009445,True,True,0,0.7492861066545738,0.06876443320979576,False,51.12536302032915,0.4959876783289019,0.04622922608711272,-12.197265826973588
2023-07-11,42.34999847412109,42.93000030517578,42.06999969482422,42.7400016784668,40.29098510742188,15401100.0,0.00992441563826,0.009875492051092,0.8600006103515625,56.69293646752648,WFC,,,,15401100.0,620525490.7379152,0.7302268072086044,-7.644011081927104,0.9924415638260076,2.134474022063919,6.153516344228958,음봉,40.38525390625,39.64806499481201,38.37685286204021,True,True,0,0.7535719190325035,0.06871456569209301,False,56.69293646752648,0.49124804974733394,0.03319167800443579,-0.2715099538327528
2023-07-12,43.310001373291016,43.84999847412109,43.0099983215332,43.2599983215332,40.78118896484375,13998300.0,0.0121665890301492,0.0120931709840863,0.8400001525878835,62.14178991518681,WFC,,,,13998300.0,570867317.4865723,0.6693148798570497,-9.108440306211897,1.2166589030149222,2.0597735718593753,7.493031649188964,음봉,40.34377517700195,39.715467834472655,38.438563283284516,True,True,1,0.7828576224190827,0.06859794722814848,False,62.14178991518681,0.5210409783766607,0.05038768530700999,13.554643132307726
2023-07-13,43.470001220703125,43.7599983215332,43.29999923706055,43.709999084472656,41.20540237426758,18034800.0,0.0104021834623195,0.0103484530398532,0.4599990844726562,70.41601120320338,WFC,,,,18034800.0,743131190.7394409,0.8637702371005103,28.835644328239862,1.040218346231958,1.1163562493444348,6.59326597411694,음봉,40.49837799072266,39.76543083190918,38.48146502176921,True,True,1,0.7650002070835639,0.07396422642235878,False,70.41601120320338,0.5722856134861445,0.08130585633319498,25.50431920533934
2023-07-14,44.75,45.310001373291016,43.29999923706055,43.560001373291016,41.064002990722656,30897600.0,-0.0034315739052999,-0.0034374752595235,2.0100021362304688,73.82879787983053,WFC,,,,30897600.0,1268779138.8061523,1.4703283988491165,71.32211058620001,-0.34315739052999117,4.894803209235535,8.602264318491384,음봉,40.647325897216795,39.83519058227539,38.51312395731609,True,True,1,0.8771430424281509,0.07383469959204032,True,73.82879787983053,0.594633047850543,0.08292263255807486,14.567457953910488
2023-07-17,43.560001373291016,45.130001068115234,43.54999923706055,44.7400016784668,42.17638397216797,25173900.0,0.0270889562738592,0.026728544794028,1.5800018310546875,78.23134307815121,WFC,,,,25173900.0,1061744072.4769592,1.2124136121615974,-18.52473978561442,2.708895627385921,3.7461766093966813,6.078312392321482,음봉,41.10359268188476,39.94737167358399,38.55755443572999,True,True,1,0.9357144492013093,0.09793387559265608,True,78.23134307815121,0.694102220896923,0.1459134444835638,36.94936355207329
2023-07-18,44.77000045776367,45.70000076293945,44.59999847412109,45.59999847412109,42.98710250854492,24183200.0,0.0192220968234722,0.0190396861575239,1.1000022888183665,79.72121186011255,WFC,,,,24183200.0,1039565697.3846436,1.1712019040063466,-3.935425182431007,1.9222096823472201,2.5589123821492956,6.149451995000852,음봉,41.642816162109376,40.1085729598999,38.62438303629558,True,True,1,0.9628573826381123,0.11775336581616211,False,79.72121186011255,0.828796616118332,0.22448627176397817,49.005668984645126
2023-07-19,45.93000030517578,46.56999969482422,45.540000915527344,46.2599983215332,43.609283447265625,18932700.0,0.0144736654115504,0.0143699217521851,1.029998779296875,84.14046027105199,WFC,,,,18932700.0,825641480.7220459,0.9232772577933925,-21.711353336200332,1.4473665411550485,2.361879622586318,6.846001765403644,음봉,42.20843505859375,40.31455268859863,38.70828482309978,True,True,1,0.9964288984026217,0.1325848867558854,False,84.14046027105199,0.9745141047382688,0.29616300830713194,43.063157439135416
2023-07-20,46.369998931884766,47.2400016784668,46.209999084472656,47.130001068115234,44.42943954467773,18927200.0,0.0188069152386756,0.0186322517313379,1.0300025939941406,82.05483825906487,WFC,,,,18927200.0,840924888.1500243,0.9261514488893182,-0.029050267526553597,1.8806915238675614,2.31828851443958,6.330568324878638,음봉,42.85324249267578,40.572852516174315,38.80258210500082,True,True,1,0.9885719844273149,0.15195521433417467,False,82.05483825906487,1.1430002120860365,0.37171929252391966,45.63711691636801
2023-07-21,47.18000030517578,47.209999084472656,45.95000076293945,45.959999084472656,43.326473236083984,16215400.0,-0.0248251231592649,-0.0251384632052339,1.2599983215332031,69.90288735178355,WFC,,,,16215400.0,702556094.1123962,0.7953410155219033,-14.327528636037023,-2.4825123159264995,2.9081488231629873,6.190851806114102,음봉,43.30573654174805,40.80381355285645,38.892527262369796,True,True,1,1.0357145581926608,0.1510951051733872,False,69.90288735178355,1.1739934372474892,0.3221700141482977,24.303153949169364
2023-07-24,45.970001220703125,46.83000183105469,45.959999084472656,46.41999816894531,43.76011657714844,12053200.0,0.0100087385073219,0.0099589828031873,0.8700027465820312,68.92228009226983,WFC,,,,12053200.0,527449437.12768555,0.5967301597954109,-25.668191965662267,1.000873850732198,1.988117981925915,6.1014151099136935,음봉,43.62248306274414,41.07766742706299,39.00669269561768,True,True,1,1.0364292689732137,0.1500877943274428,False,68.92228009226983,1.2194896672196052,0.29413299529633086,32.690836244775085
2023-07-25,46.38999938964844,46.63999938964844,45.43000030517578,45.47999954223633,42.87397766113281,13537400.0,-0.0202499212828506,-0.0204577615582816,1.2099990844726562,61.31218560732119,WFC,,,,13537400.0,580402185.1898193,0.6722122625727055,12.31374240865497,-2.0249921282850636,2.822222593938548,6.009771038574716,음봉,43.599858093261716,41.30815715789795,39.10297114054363,True,True,0,1.0621435982840397,0.1485656770225448,False,61.31218560732119,1.1705483991997099,0.1961533818211484,15.550825103207075
2023-07-26,46.47999954223633,46.83000183105469,46.11000061035156,46.43999862670898,43.77897644042969,19520900.0,0.0211083465697958,0.0208886516423101,0.720001220703125,69.27253267346399,WFC,,,,19520900.0,854605021.1959839,0.9702516734602296,44.19977248216054,2.1108346569795877,1.644627808242239,8.41074721269106,음봉,43.63379669189453,41.568813705444335,39.212929852803555,True,True,1,1.0371437072753902,0.14763409844224207,False,69.27253267346399,1.19105815281236,0.17333050834703867,33.05563036556887
2023-07-27,46.560001373291016,47.16999816894531,45.58000183105469,45.77000045776367,43.14736557006836,19509600.0,-0.0144272644478283,-0.0145323493775374,1.589996337890625,65.36885075980837,WFC,,,,19509600.0,841787843.3258057,0.9753891185059423,-0.05788667530698399,-1.442726444782838,3.685036889004452,6.352421091081208,음봉,43.37738189697266,41.81155872344971,39.3023843129476,True,True,0,1.0907148633684425,0.1084482290134408,False,65.36885075980837,1.1431688230748023,0.10035294288758467,20.838790365126155
2023-07-28,46.04999923706055,46.22999954223633,45.56999969482422,46.13999938964844,43.49616241455078,12616400.0,0.0080838503086821,0.0080513510195526,0.6599998474121094,69.73138017034023,WFC,,,,12616400.0,548764983.4869385,0.6353389745155622,-35.33234920244392,0.8083850308682194,1.5173748918854493,6.727255832754168,음봉,43.411319732666016,41.985486602783205,39.42181612650554,True,True,1,1.0871432168143136,0.1079989744729794,False,69.73138017034023,1.120445377705508,0.06210359801463228,27.585341828471506
2023-07-31,46.34000015258789,46.68000030517578,45.86000061035156,46.15999984741211,43.515018463134766,11696600.0,0.0004335106257022,0.0004334166871189,0.8199996948242188,68.42670294618466,WFC,,,,11696600.0,508977764.9559021,0.593047186508685,-7.290510763767799,0.04335106257022936,1.8844061746610759,6.538134815051546,음봉,43.362300109863284,42.14951648712158,39.54452425638836,True,True,1,1.0842860085623605,0.1075786835475336,False,68.42670294618466,1.0913776864604188,0.02642872541563457,11.939000964946295
2023-08-01,46.0099983215332,46.15999984741211,45.34000015258789,45.709999084472656,43.09080123901367,12699200.0,-0.0097487543175578,-0.0097965845334726,0.8199996948242188,63.30072798545877,WFC,,,,12699200.0,547218703.0944824,0.6511474745386602,8.571721696903367,-0.974875431755784,1.9029576411816753,5.733606342169302,음봉,43.40566482543945,42.25839824676514,39.68577200571697,True,True,0,1.0828574044363843,0.10730149944092374,False,63.30072798545877,1.0223258114928058,-0.034098519641582836,-5.309590568989822
2023-08-02,45.09999847412109,45.16999816894531,44.560001373291016,45.09999847412109,42.5157585144043,13911700.0,-0.0133449067567753,-0.0134347502219916,0.6099967956542969,57.41730028252517,WFC,,,,13911700.0,591466477.7248383,0.7265205325790131,9.547845533576925,-1.3344906756775354,1.4347545874022936,4.6627056757726795,음봉,43.153021240234374,42.334757041931155,39.798267491658535,True,True,0,1.0935715266636445,0.10710796075570816,False,57.41730028252517,0.910702548953978,-0.11657742574432861,-19.904574535652873
2023-08-03,44.709999084472656,45.38999938964844,44.5099983215332,45.150001525878906,42.89578628540039,12145400.0,0.008938515606333,0.0088988035448627,0.8800010681152344,60.09610188970108,WFC,,,,12145400.0,520986482.7507019,0.6412182305177093,-12.69650725648196,0.8938515606333075,2.0514860416831744,5.1610053465821455,음봉,43.10270538330078,42.45792694091797,39.91018365224203,True,True,0,1.0128571646554134,0.1067972419416379,False,60.09610188970108,0.8431856549194947,-0.14727545582304946,-17.729336553252725
2023-08-04,45.09999847412109,45.70000076293945,44.709999084472656,44.84999847412109,42.61075973510742,10840800.0,-0.0066446281785486,-0.0066668019994767,0.9900016784667968,52.63437464574325,WFC,,,,10840800.0,461934724.13635254,0.5934305176571911,-10.741515306206463,-0.6644628178548606,2.3233607769990656,5.138528465372603,음봉,42.92562484741211,42.572501754760744,40.0148354848226,True,True,0,0.9707142966134212,0.10650981992954023,False,52.63437464574325,0.757941689428435,-0.18601553705128737,-69.56909344459753
2023-08-07,45.18000030517578,45.459999084472656,44.91999816894531,45.060001373291016,42.81028366088867,10860300.0,0.0046824775484315,0.0046715488527382,0.5400009155273438,48.84177563750816,WFC,,,,10860300.0,464932523.64234924,0.6029747093916326,0.17987602390967528,0.46824775484315406,1.261381306895396,6.029558229048746,음봉,42.78467788696289,42.71826343536377,40.126897811889656,True,True,1,0.9307141985212054,0.09687787153421314,False,48.84177563750816,0.6984340331723615,-0.19641855464588875,-62.2605337216029
2023-08-08,43.97999954223633,44.54999923706055,43.380001068115234,44.47999954223633,42.25923538208008,14520000.0,-0.0128718670302114,-0.0129554273365416,1.1699981689453125,41.07353556163476,WFC,,,,14520000.0,613604097.7478027,0.8120442038387544,33.697964144636884,-1.2871867030211481,2.7686212454318264,2.7323245288755342,음봉,42.61836471557617,42.81667594909668,40.228990427653,False,True,0,0.9407141549246651,0.08520630102559248,False,41.073535561634756,0.5998935961075489,-0.2359671933685611,-29.035375876095486
2023-08-09,44.220001220703125,44.25,43.56999969482422,43.720001220703125,41.53718566894531,11973800.0,-0.017086199184781,-0.017233852593263,0.6800003051757812,30.625172171116773,WFC,,,,11973800.0,497357953.7628174,0.6738480726196824,-17.53581267217631,-1.7086199184781048,1.6370880554966771,4.639851670043478,음봉,42.42265014648437,42.854475784301755,40.33224665323894,False,True,0,0.9157139914376395,0.07853174008927864,False,30.625172171116773,0.4582537484009137,-0.302085632860157,-48.11530949362108
2023-08-10,44.0,44.38999938964844,43.619998931884766,43.66999816894531,41.48967742919922,11982200.0,-0.0011437520135508,-0.0011444065970535,0.7700004577636719,35.66904194001357,WFC,,,,11982200.0,497137612.8921509,0.6779297133368963,0.07015316774958702,-0.11437520135508805,1.8558844162566763,5.929179580637731,음봉,42.14142837524414,42.86868953704834,40.414600181579594,False,True,0,0.8807141440255302,0.07850570172075275,False,35.66904194001357,0.3382702617176818,-0.3376552956347112,-49.87665131727938
2023-08-11,43.5099983215332,43.84999847412109,43.380001068115234,43.72999954223633,41.546688079833984,7316000.0,0.001374092404841,0.0013731492038039,0.4699974060058522,31.652178862457035,WFC,,,,7316000.0,303955569.9920654,0.4181384949724912,-38.942765101567325,0.13740924048410985,1.1312511964918344,4.8694543257936775,음봉,41.92861404418945,42.89282379150391,40.50387433369955,False,True,0,0.8521423339843744,0.06853738820666799,False,31.652178862457035,0.2449590318971957,-0.3447732203641579,-48.372411363579175
2023-08-14,43.52999877929688,43.90999984741211,43.27000045776367,43.7400016784668,41.556182861328125,10677000.0,0.0002285328129139,0.0002285067032684,0.6399993896484375,37.21881178740987,WFC,,,,10677000.0,443695364.4104004,0.61412271060114,45.94040459267359,0.022853281291390637,1.5400822346559075,4.773691456830132,음봉,41.67779388427734,42.86181373596192,40.56078351338705,False,True,0,0.8114280700683588,0.06858697426077398,False,37.21881178740987,0.16981780555421722,-0.3359315573657091,-43.94406672398497
2023-08-15,43.130001068115234,43.2599983215332,42.52000045776367,42.72999954223633,40.59660720825195,13835900.0,-0.0230910441480693,-0.0233618187412165,0.7399978637695312,19.45779317061028,WFC,,,,13835900.0,561690597.6726532,0.8035718434196771,29.58602603727638,-2.3091044148069395,1.8228071621194837,3.7872058943404374,음봉,41.34526824951172,42.742288970947264,40.60562782287598,False,False,0,0.8128564017159593,0.0896730715341666,False,19.457793170610273,0.03246388318194704,-0.3786283837903834,-41.3633160482342
2023-08-16,42.65999984741211,42.72999954223633,42.13999938964844,42.220001220703125,40.1120719909668,10076700.0,-0.011935362351824,-0.0120071606534162,0.5900001525878906,20.0230567527653,WFC,,,,10076700.0,404197315.8313751,0.5916480077391251,-27.169898597127762,-1.193536235182402,1.470879272256886,5.08267261984577,음봉,41.060245513916016,42.56742839813232,40.645224571228034,False,False,0,0.741428102765764,0.10142420428433394,False,20.0230567527653,-0.11417192955049416,-0.4202113572182597,-44.66799536858875
2023-08-17,42.470001220703125,42.75,42.2599983215332,42.470001220703125,40.349586486816406,12686000.0,0.0059212721771912,0.0059038103420393,0.4900016784667969,18.225592224273257,WFC,,,,12686000.0,511874854.1717529,0.7565243788560742,25.894390028481553,0.5921272177191295,1.2143908305650102,5.878353105936117,음봉,40.832227325439455,42.36343574523926,40.673853810628266,False,False,0,0.7292853764125274,0.08655824025970255,False,18.225592224273257,-0.20880940789644598,-0.41187906845136923,-39.43639959870065
2023-08-18,42.09999847412109,42.790000915527344,42.04999923706055,42.5,40.37808990478516,10797300.0,0.0007064116500443,0.0007061622587763,0.7400016784667969,18.38461165828677,WFC,,,,10797300.0,435974350.1289368,0.6540563315629461,-14.888065584108467,0.07064116500443696,1.8326812392854177,4.338116297366764,음봉,40.598507690429685,42.216016578674314,40.699344380696616,False,False,0,0.7235712323869973,0.0868605033501728,False,18.384611658286772,-0.27830220906576386,-0.38509749569654966,-40.679053138446406
2023-08-21,42.650001525878906,42.869998931884766,42.119998931884766,42.4900016784668,40.36859130859375,12600400.0,-0.0002352413453388,-0.0002352690189241,0.75,20.06165458830803,WFC,,,,12600400.0,508660397.9248047,0.7685827891717888,16.699545256684534,-0.023524134533881025,1.8578800391291794,5.6265950827567535,음봉,40.36098937988281,42.046440315246585,40.73001867930095,False,False,0,0.7185712541852673,0.08721081789492709,False,20.06165458830803,-0.3303343235348706,-0.34970368813252506,-46.06595138510032
2023-08-22,42.459999084472656,42.56999969482422,41.43000030517578,41.5,39.428016662597656,13634500.0,-0.0232996648014285,-0.0235753933337492,1.1399993896484375,18.568711493969985,WFC,,,,13634500.0,537581293.1861877,0.8429921393219485,8.20688232119615,-2.3299664801428532,2.8913434814738417,5.180779680646629,음봉,40.127271270751955,41.874142265319826,40.744545237223306,False,False,0,0.7564285823277059,0.10390564540435965,True,18.568711493969985,-0.4423673271609587,-0.36938935340689055,-46.88485779757092
2023-08-23,41.560001373291016,41.63999938964844,41.220001220703125,41.61000061035156,39.53252029418945,11927400.0,0.0026504917172496,0.0026469853584281,0.4199981689453125,13.72951696401843,WFC,,,,11927400.0,471520182.5569153,0.7478598805874427,-12.520444460742963,0.26504917172496256,1.0624118215074803,5.407283680885247,음봉,40.01136093139648,41.66181945800781,40.755628712972005,False,False,0,0.7235712323869973,0.09809945541760412,False,13.72951696401843,-0.516764777314684,-0.3550294428484926,-37.66698881561301
2023-08-24,41.45000076293945,42.18000030517578,41.38999938964844,41.43000030517578,39.361515045166016,10363300.0,-0.0043256854799761,-0.0043350683253469,0.7900009155273438,14.075677390076592,WFC,,,,10363300.0,407915188.86756897,0.6568696467376295,-13.113503362006806,-0.4325685479976138,2.0070388922297435,4.8503876162730615,음봉,39.81374664306641,41.472526931762694,40.76779009501139,False,False,0,0.7092854636056077,0.1001507196511745,False,14.075677390076592,-0.5828057649376888,-0.33685634437719786,-43.83224320506707
2023-08-25,41.63999938964844,41.79999923706055,40.77000045776367,41.22999954223633,39.17150115966797,12534700.0,-0.0048274027379284,-0.0048390922817892,1.029998779296875,9.684086311815804,WFC,,,,12534700.0,491003015.5860901,0.7986459491746,20.95278530969864,-0.4827402737928477,2.629459553001225,5.788609360864127,음봉,39.57242889404297,41.256293869018556,40.79516722361247,False,False,0,0.7442853110177171,0.10528132549318892,False,9.684086311815804,-0.6430634211499893,-0.3176912004715986,-42.288354875951654
2023-08-28,41.40999984741211,42.06999969482422,41.290000915527344,41.880001068115234,39.78904724121094,10314500.0,0.0157651880387676,0.0156422083102316,0.779998779296875,23.02896009396524,WFC,,,,10314500.0,410404127.7694702,0.6619292544955095,-17.712430293505232,1.5765188038767697,1.9603354022737254,5.7146104220508125,음봉,39.456520080566406,41.06999530792236,40.828908856709795,False,False,0,0.7164282117571145,0.09542976691282148,False,23.02896009396524,-0.6336825422057757,-0.24664825722190797,-27.09816314895976
2023-08-29,41.869998931884766,42.369998931884766,41.650001525878906,42.0,39.90306091308594,14404800.0,0.0028654536808538,0.0028613560942188,0.7199974060058594,29.42581158289892,WFC,,,,14404800.0,574795611.8408203,0.9247503817451191,39.655824324979406,0.2865453680853891,1.8043663556891225,5.22996109471682,음봉,39.55152893066406,40.91060829162598,40.84601090749105,False,False,0,0.7192851475306915,0.09103470423085223,False,29.425811582898916,-0.6100162895249213,-0.17838560363284278,-23.948613272832077
2023-08-30,42.060001373291016,42.130001068115234,41.470001220703125,41.540000915527344,39.46601867675781,12536300.0,-0.0109525992825477,-0.0110130205833081,0.6599998474121094,26.79733302075121,WFC,,,,12536300.0,494757849.93743896,0.8170234384512421,-12.971370654226366,-1.095259928254777,1.6723243680031858,5.4054511379544925,음봉,39.538228607177736,40.75812129974365,40.86824111938476,False,False,0,0.7114279610770085,0.09137528931579694,False,26.79733302075121,-0.6193863692168051,-0.15020454665978128,-41.52809026984736
2023-08-31,41.68000030517578,41.709999084472656,41.11000061035156,41.290000915527344,39.2285041809082,21534900.0,-0.0060182025908147,-0.0060363849588466,0.5999984741210938,24.476851431854698,WFC,,,,21534900.0,844781914.6854401,1.3970465211685652,71.78034986399496,-0.6018202590814759,1.529496183066552,5.6098428538012595,음봉,39.511626434326175,40.574757194519044,40.873786290486656,False,False,0,0.7207137516566685,0.08968094334553998,False,24.476851431854698,-0.6386160909324374,-0.13554741470033083,-49.0922476589417
2023-09-01,41.54999923706055,41.9900016784668,41.5099983215332,41.650001525878906,39.57052993774414,12890300.0,0.0087188069995898,0.0086810176947582,0.4800033569335937,29.62959484367852,WFC,,,,12890300.0,510076002.0565033,0.8397125891605799,-40.14228066998221,0.8718806999589823,1.2130324200580016,5.917878095597061,음봉,39.59143218994141,40.42274570465088,40.87230555216471,False,False,0,0.7092854636056083,0.09001819242580643,False,29.629594843678518,-0.6191203300112491,-0.09284132302331405,-48.17154815561527
2023-09-05,41.650001525878906,42.27999877929688,41.310001373291016,41.540000915527344,39.46601867675781,14337200.0,-0.0026411387755168,-0.0026446327359114,0.9699974060058664,35.93376395935478,WFC,,,,14337200.0,565832202.9724121,0.9379508777132881,11.224719362621505,-0.264113877551686,2.457804051507009,5.255101691603257,음봉,39.52682647705078,40.25553245544434,40.86436945597331,False,False,0,0.7257140023367751,0.07670335067185306,False,35.93376395935478,-0.6051274517612413,-0.06307875581864497,-62.09441564244999
2023-09-06,41.209999084472656,41.400001525878906,40.59999847412109,41.02000045776367,38.97198486328125,18775400.0,-0.0125179541803518,-0.0125969638206022,0.8000030517578196,35.849033376105055,WFC,,,,18775400.0,731714604.6020508,1.2283648009703545,30.95583517004714,-1.2517954180351842,2.0527644526300968,4.418941829422238,음봉,39.34061126708984,40.091169929504396,40.8519702911377,False,False,0,0.7407142094203414,0.06445803409057115,False,35.849033376105055,-0.6266784359536928,-0.0677037920088771,-71.7186468078379
2023-09-07,40.72999954223633,41.02000045776367,40.29999923706055,40.43000030517578,38.41144180297852,13801000.0,-0.014383230986802,-0.0144876723326042,0.720001220703125,27.72928309991903,WFC,,,,13801000.0,530116308.3229066,0.9066669920170283,-26.494242466205776,-1.4383230986802054,1.8744446625986695,4.5109703422148515,음봉,39.129695892333984,39.934882736206056,40.83494211832682,False,False,0,0.7571427481515077,0.0787467207334127,False,27.72928309991903,-0.6811371613029209,-0.09773001388648417,-73.48473378753442
2023-09-08,40.45000076293945,41.119998931884766,40.33000183105469,41.0,38.95298385620117,13921200.0,0.01409845680879,0.0139999978999058,0.7899971008300781,35.35158195213944,WFC,,,,13921200.0,542272278.8589478,0.9176603310913823,0.8709513803347502,1.4098456808790072,2.0280785260159564,5.307165949190836,음봉,39.07459182739258,39.80804805755615,40.814056142171225,False,False,0,0.7607138497488849,0.07899762012452365,False,35.35158195213944,-0.6728420710909333,-0.07154793893959721,-52.413056062697606
2023-09-11,41.380001068115234,41.720001220703125,41.209999084472656,41.33000183105469,39.26650619506836,15053800.0,0.008048737422134,0.0080165190975199,0.5100021362304688,39.33822091237266,WFC,,,,15053800.0,591110130.9593201,0.9882298879319776,8.135792891417415,0.8048737422134078,1.2988222932207856,6.230632346096101,음봉,39.01378707885742,39.69403896331787,40.80735111236572,False,False,0,0.7435711451939184,0.07922451684132537,False,39.33822091237266,-0.6336650238517834,-0.025896713360357815,-45.528318659915605
2023-09-12,41.40999984741211,42.970001220703125,41.27000045776367,42.540000915527344,40.41610336303711,18393900.0,0.029276787760484,0.028856407814969,1.7000007629394531,59.18737678740291,WFC,,,,18393900.0,743409763.6493683,1.2088052361378632,22.187753258313524,2.9276787760484035,4.206246078869155,5.4588346661026845,음봉,39.20380401611328,39.63703498840332,40.815406799316406,False,False,0,0.7835712432861338,0.05512938608835772,True,59.18737678740291,-0.5040437452497954,0.08297965219330405,4.348465907061471
2023-09-13,42.709999084472656,42.880001068115234,42.119998931884766,42.25,40.14057540893555,15274200.0,-0.0068172815084778,-0.0068406253268077,0.7600021362304688,55.47951515651536,WFC,,,,15274200.0,613115176.9111633,1.0075586167382697,-16.96051408347332,-0.6817281508477824,1.8933513744830062,5.675697384358554,음봉,39.43752212524414,39.6142333984375,40.82169844309489,False,False,0,0.8078572409493593,0.05060457790248836,False,55.47951515651536,-0.4187239621110379,0.13463954826564928,-5.97092545629889
2023-09-14,42.810001373291016,43.38999938964844,42.70000076293945,43.04999923706055,40.900634765625,20764500.0,0.0189349392465425,0.0187579045540971,0.6899986267089844,62.53866755505448,WFC,,,,20764500.0,849281230.5908203,1.3612606986869118,35.94492673920728,1.8934939246542548,1.6870120247837688,6.650193568877534,음봉,39.935360717773435,39.65366153717041,40.845214207967125,True,True,0,0.8007142203194765,0.06277334465855483,False,62.53866755505448,-0.28647467949308236,0.21351106470688386,19.438042035739638
2023-09-15,42.66999816894531,43.310001373291016,42.61000061035156,42.95000076293945,40.80562210083008,47371800.0,-0.0023230119859845,-0.0023257143642439,0.7000007629394531,63.52191252163036,WFC,,,,47371800.0,1933035769.0361023,3.0019013703485804,128.13840930434154,-0.23230119859845022,1.7154517610582232,4.326004751416173,음봉,40.30588836669922,39.6764633178711,40.87091719309489,True,False,0,0.7771429334368035,0.0627372692647556,False,63.521912521630355,-0.1871752583430677,0.2502483886855188,16.363198666707817
2023-09-18,42.9900016784668,43.59999847412109,42.77000045776367,43.43000030517578,41.261661529541016,15849700.0,0.0111758969777269,0.0111139080679537,0.8299980163574148,62.52013245419728,WFC,,,,15849700.0,653984956.7447662,1.0256015451025173,-66.54190889938741,1.1175896977726918,2.0115477312109284,5.353133870227857,음봉,40.70491943359375,39.720641899108884,40.91349067687988,True,True,0,0.7807143075125563,0.07175663811783556,False,62.52013245419728,-0.0708643014953978,0.29324747642655097,29.141288327601718
2023-09-19,43.54999923706055,43.7400016784668,42.900001525878906,43.220001220703125,41.06214904785156,15318100.0,-0.004835299265557,-0.0048470271455297,0.8400001525878906,59.71332631748548,WFC,,,,15318100.0,628994105.329895,0.9925908501550742,-3.35400670044228,-0.4835299265557036,2.0456799560320156,5.54591749990778,음봉,40.83412857055664,39.75531978607178,40.959809176127116,True,True,0,0.7892859322684157,0.07169404602704424,False,59.713326317485475,0.005154561330193985,0.2954130714017142,22.155502031546636
2023-09-20,43.400001525878906,43.720001220703125,42.81999969482422,42.869998931884766,40.7296142578125,16788100.0,-0.0080983289416134,-0.0081312985271151,0.9000015258789062,60.77789679322075,WFC,,,,16788100.0,683772837.121582,1.082166345695186,9.59649042635835,-0.8098328941613442,2.2096981331127474,5.6934489115582805,음봉,40.95193634033203,39.82039966583252,41.000899696350096,True,False,0,0.8064289093017584,0.07157687392595646,False,60.77789679322075,0.038127766203771785,0.2627090210202336,12.488799879349195
2023-09-21,42.75,43.16999816894531,42.290000915527344,42.31999969482422,40.20707321166992,14990500.0,-0.012829511294533,-0.0129125202147719,0.8799972534179688,57.95972446319972,WFC,,,,14990500.0,602724130.979538,0.962858044424552,-10.707584539048497,-1.2829511294533025,2.188662797675493,4.960483370647101,음봉,40.81322402954102,39.85412731170654,41.02825349171956,True,False,0,0.826428822108678,0.07151630003764464,False,57.95972446319972,0.021842783250562547,0.19713923045361947,-2.701336030233672
2023-09-22,42.33000183105469,42.38999938964844,41.150001525878906,41.22999954223633,39.17150115966797,16780300.0,-0.025755967029736,-0.0260934595239131,1.2399978637695312,47.08335726621938,WFC,,,,16780300.0,657309540.9095764,1.080210814830649,11.939561722424209,-2.5755967029736038,3.1655612551460406,5.279987946918243,음봉,40.4863998413086,39.84462661743164,41.04290409088135,True,False,0,0.8807141440255306,0.07153335263820866,False,47.08335726621938,-0.0737747634764716,0.08121734698126826,-32.805153386206776
2023-09-25,40.880001068115234,41.619998931884766,40.77000045776367,41.560001373291016,39.48502731323242,10624000.0,0.0080039351130936,0.007972073523594,0.8499984741210938,50.13482135561616,WFC,,,,10624000.0,419488930.17578125,0.686005743977981,-36.68766351018754,0.8003935113093608,2.1527108677882008,4.3615890580327905,음봉,40.131072998046875,39.86030292510986,41.03402779897054,True,False,0,0.8721427917480469,0.07150521991560196,False,50.134821355616154,-0.12283742443436552,0.025723748818699488,-23.691027483543586
2023-09-26,41.04999923706055,41.310001373291016,40.36000061035156,40.650001525878906,38.62046051025391,15219400.0,-0.0218960669855931,-0.0221393436178036,0.9500007629394532,47.6312685912642,WFC,,,,15219400.0,587780236.6897584,0.9792542418303665,43.25489457831326,-2.18960669855931,2.459837998791401,3.9634566070153476,음봉,39.64273529052734,39.80187358856201,41.00712846120199,False,False,0,0.8828569139753064,0.07161018991280776,False,47.631268591264195,-0.22884526645454173,-0.06422727456118135,-48.82376554709796
2023-09-27,40.630001068115234,41.20000076293945,40.459999084472656,40.86000061035156,38.819969177246094,11815500.0,0.0051658800634759,0.0051525826805242,0.7400016784667969,52.89363741839323,WFC,,,,11815500.0,458677345.8137512,0.7619072233009311,-22.36553346386848,0.5165880063475958,1.9062397373064914,5.203305531087022,음봉,39.260806274414065,39.74771900177002,40.97224184672038,False,False,0,0.884285518101283,0.07170775576921957,False,52.89363741839323,-0.29337669897292784,-0.10300696566365394,-44.28248449789744
2023-09-28,40.84000015258789,41.20000076293945,40.720001220703125,40.90999984741211,38.86747741699219,12454600.0,0.001223809311367,0.0012230610671616,0.4799995422363281,49.34877334639563,WFC,,,,12454600.0,484078884.2376709,0.812686168557228,5.4089966569336845,0.12238093113670079,1.2349644847969492,5.203587272619001,음봉,38.99288711547852,39.71779193878174,40.936890093485516,False,False,0,0.8621428353445866,0.07176178703377128,False,49.34877334639563,-0.33680235832839145,-0.11714610001529399,-44.15747697356912
2023-09-29,41.20000076293945,41.38999938964844,40.58000183105469,40.86000061035156,38.819969177246094,13124500.0,-0.0012223134328065,-0.0012230610671616,0.80999755859375,46.45550125995533,WFC,,,,13124500.0,509492685.46676636,0.8625967553546413,5.378735567581461,-0.12223134328065433,2.086548690689124,6.001221331970278,음봉,38.92258071899414,39.69736518859863,40.91001644134521,False,False,0,0.8835710797991067,0.0717987129125914,False,46.455501259955334,-0.3707769383920194,-0.12089654406313755,-45.563045752651945
2023-10-02,40.70000076293945,40.7599983215332,39.43999862670898,39.61000061035156,37.63237380981445,15102000.0,-0.0305923830595861,-0.0310700982256072,1.319999694824226,28.03594969931551,WFC,,,,15102000.0,568324109.2758179,0.9865424725828218,15.067240656786929,-3.0592383059586115,3.5076174080731852,4.842949712580709,음봉,38.552050018310545,39.60045738220215,40.86523494720459,False,False,0,0.8564281463623047,0.09164762125595279,True,28.03594969931551,-0.4879067732980431,-0.19042110317532895,-42.03775660474418
2023-10-03,39.380001068115234,39.470001220703125,38.470001220703125,38.66999816894531,36.73931503295898,19252900.0,-0.0237311305783896,-0.0240172495421935,1.0,25.546489151397665,WFC,,,,19252900.0,707338358.3980559,1.2531135348729956,27.485763475036418,-2.3731130578389603,2.7218798148601744,4.64394637216588,음봉,38.175820922851564,39.464122200012206,40.81263936360677,False,False,0,0.8735708509172712,0.11459387019079927,False,25.546489151397665,-0.6453561273092063,-0.2782963657491937,-32.840342265901164
2023-10-04,38.5099983215332,39.11000061035156,38.38999938964844,38.970001220703125,37.02433776855469,14343500.0,0.0077579763079418,0.0077280379507629,0.720001220703125,20.0880272983532,WFC,,,,14343500.0,531058588.78326416,0.9341883661544127,-25.499535134966678,0.7757976307941838,1.9446700848614031,4.819587101680418,음봉,37.81669464111328,39.36673984527588,40.75819524129232,False,False,0,0.8757138933454242,0.114877343522891,False,20.088027298353197,-0.7386225411187652,-0.29725022364700204,-25.526374520400065
2023-10-05,38.7599983215332,39.41999816894531,38.59999847412109,39.29999923706055,37.33786010742188,11820600.0,0.0084680066616471,0.0084323542219093,0.8199996948242259,24.1135179927614,WFC,,,,11820600.0,441355909.1857911,0.7712167033169147,-17.589151880642795,0.8468006661647154,2.1961614630968884,4.687890878233715,음봉,37.51077117919922,39.31306076049805,40.70080642700195,False,False,0,0.8842852456229079,0.11503420006223769,False,24.113517992761402,-0.7782668378278004,-0.2695156162848298,-19.66614639447077
2023-10-06,38.88999938964844,39.88999938964844,38.7599983215332,39.68999862670898,37.70838165283203,13976800.0,0.0099234810014325,0.0098745665984092,1.1300010681152344,23.132096130959084,WFC,,,,13976800.0,527042508.68530273,0.9144506182891287,18.24103683400167,0.9923481001432588,2.9966840754895334,4.157011884883105,음봉,37.28845367431641,39.25083065032959,40.64252274831136,False,False,0,0.9057140350341807,0.11521658068512912,False,23.132096130959084,-0.770900772221502,-0.2097196405428251,-12.740512994564593
2023-10-09,39.11000061035156,39.79999923706055,39.09999847412109,39.70000076293945,37.71788787841797,12096600.0,0.0002520984770297,0.0002520667055483,0.7000007629394602,23.9644622473744,WFC,,,,12096600.0,456258202.5100708,0.7941614240024627,-13.452292370213492,0.025209847702978294,1.8558853698167919,3.7169957873656583,음봉,37.30555648803711,39.17339973449707,40.586754163106285,False,False,0,0.8957140786307214,0.11544432005475255,False,23.9644622473744,-0.7555861128282686,-0.15552398491967334,-12.609967736117515
2023-10-10,39.91999816894531,40.380001068115234,39.720001220703125,39.81999969482422,37.8318977355957,14429700.0,0.0030226999333906,0.0030181407609766,0.6599998474121094,26.64626494082084,WFC,,,,14429700.0,545902934.7553253,0.9469075366590693,19.287237736223407,0.302269993339066,1.744559186601737,5.8383711665556515,음봉,37.52407302856445,39.044189453125,40.51434605916341,False,False,0,0.8785711015973787,0.11582636392058795,False,26.646264940820842,-0.7258819766874396,-0.10065587902307538,-11.675769802912578
2023-10-11,40.0099983215332,40.209999084472656,39.25,39.68999862670898,37.70838165283203,14835900.0,-0.0032648661620655,-0.003270207466525,0.9599990844726562,28.477897867625742,WFC,,,,14835900.0,559437779.3632507,0.9768180408242437,2.8150273394457193,-0.32648661620655606,2.5458506634175775,5.757312522781917,음봉,37.66088180541992,38.922579765319824,40.426367378234865,False,False,0,0.884285518101285,0.1161882517512744,False,28.477897867625742,-0.7041904808809036,-0.06317150657323145,-17.040443420410156
2023-10-12,39.68999862670898,40.0099983215332,39.31999969482422,39.7400016784668,37.755889892578125,14878100.0,0.0012598854064724,0.0012590924168345,0.6899986267089844,35.30572195172944,WFC,,,,14878100.0,561735905.4107666,0.9962762417655933,0.2844451634211653,0.1259885406472483,1.8275257944446466,5.25511010289703,음봉,37.74448776245117,38.76534252166748,40.32881081899007,False,False,0,0.8449998583112459,0.11665952632958991,False,35.30572195172944,-0.6753809253731831,-0.027489560852408612,-19.631875756591572
2023-10-13,40.83000183105469,41.63999938964844,40.470001220703125,40.959999084472656,38.914981842041016,28077900.0,0.0306996326337614,0.0302378266365253,1.1699981689453125,44.96643707524239,WFC,,,,28077900.0,1092650968.6626434,1.8743835748383777,88.7196617847709,3.069963263376141,3.0065494407640414,8.142072527552468,음봉,37.98580780029297,38.670810508728025,40.23690319061279,False,False,0,0.8678569793701187,0.11694470421201392,False,44.96643707524239,-0.552649512122251,0.0761934819188188,16.153306227463943
2023-10-16,41.470001220703125,42.16999816894531,41.400001525878906,41.650001525878906,39.57052993774414,18419000.0,0.01684564824838,0.0167053339140984,0.7699966430664062,58.71075691302981,WFC,,,,18419000.0,728849590.9233093,1.237145155435153,-34.40036469963922,1.6845648248380085,1.9458840816077854,6.565644535138509,음봉,38.356336212158205,38.58625392913818,40.17430413564046,False,False,0,0.8549995422363297,0.1120304143240042,False,58.71075691302981,-0.3978999868453812,0.1847544057565509,31.230976966487166
2023-10-17,41.43000030517578,42.369998931884766,41.43000030517578,41.97999954223633,39.884056091308594,16982300.0,0.0079232235215884,0.0078919996070315,0.9399986267089844,59.5563327011412,WFC,,,,16982300.0,677323005.7594299,1.1430234256336798,-7.8000977251750925,0.7923223521588474,2.356828063216534,4.699129302430682,음봉,38.76676788330078,38.52734928131103,40.109703127543135,True,False,0,0.869285038539343,0.10357056219253448,False,59.5563327011412,-0.24711237516924456,0.26843361394615006,37.53911742463816
2023-10-18,41.70000076293945,41.93999862670898,41.34999847412109,41.52999877929688,39.45651626586914,16053200.0,-0.0107195673494356,-0.0107774358331374,0.5900001525878906,54.95200741455779,WFC,,,,16053200.0,633403346.9192505,1.0838165499655945,-5.4709903841058,-1.0719567349435688,1.4953173985566872,4.5530591659823285,음봉,39.1163948059082,38.463694381713864,40.05274543762207,True,False,0,0.8771422249930261,0.09015665901192169,False,54.95200741455779,-0.16026357859000484,0.2842259284203118,26.796909519779398
2023-10-19,41.47999954223633,42.220001220703125,41.15999984741211,41.18000030517578,39.12399673461914,16120300.0,-0.0084274934210964,-0.0084632055276861,1.0600013732910156,52.43905499357636,WFC,,,,16120300.0,630690564.5610809,1.0884576718782824,0.41798519921261157,-0.8427493421096499,2.7093381601094606,5.1283880784922475,음봉,39.39001617431641,38.40954055786133,39.975162442525225,True,False,0,0.8949996403285451,0.08187395664398225,False,52.439054993576356,-0.1169190586508293,0.26205635868758986,18.442146467139448
2023-10-20,41.04999923706055,41.09000015258789,39.93999862670898,40.27000045776367,38.259422302246094,17498900.0,-0.0220983157277493,-0.0223461413295173,1.1500015258789134,55.30545835052038,WFC,,,,17498900.0,669497804.9247742,1.1746859874967195,8.551950025743938,-2.209831572774934,3.0057995042214745,4.922816335727708,음봉,39.25890426635742,38.36393661499024,39.89369672139485,True,False,0,0.8828569139753084,0.08197128177718987,False,55.30545835052038,-0.15059616659547004,0.18270340059435936,-3.280831719115565
2023-10-23,40.2599983215332,40.380001068115234,39.41999816894531,39.47999954223633,37.50887680053711,13785800.0,-0.019617272204994,-0.0198122449915235,0.960002899169922,56.67217014205852,WFC,,,,13785800.0,517089873.7968445,0.9251839251011544,-21.21904805444914,-1.9617272204994096,2.559401883119505,5.2289760244750525,음봉,38.84657363891601,38.26512908935547,39.79390862782796,True,False,0,0.8799999782017315,0.0821829465413829,False,56.67217014205852,-0.2351377451317731,0.07852945764644503,-22.138761066696826
2023-10-24,39.619998931884766,39.83000183105469,39.2400016784668,39.27999877929688,37.3188591003418,15097800.0,-0.0050659394896247,-0.0050788148633976,0.5900001525878906,52.596298122158885,WFC,,,,15097800.0,563432670.9251404,1.0180307498006562,9.517039272294681,-0.5065939489624749,1.580970498057072,5.62832670936557,음봉,38.333534240722656,38.200049018859865,39.69063930511474,True,False,0,0.8707141876220719,0.08232295871654553,False,52.596298122158885,-0.3138524993267211,-0.00014823723880236228,-33.982472631826866
2023-10-25,39.06999969482422,39.209999084472656,38.58000183105469,39.02999877929688,37.08134078979492,13849000.0,-0.0063645651628374,-0.0063849053579551,0.6299972534179688,47.70798865395581,WFC,,,,13849000.0,513539488.5978699,0.9395174351190282,-8.271403780683272,-0.6364565162837454,1.6989602856845698,4.692374409876811,음봉,37.858499145507814,38.1131175994873,39.5904816309611,False,False,0,0.857142584664482,0.0825107274455008,False,47.70798865395581,-0.3908942659979999,-0.06175200312806489,-39.54253793311693
2023-10-26,39.02000045776367,39.97999954223633,38.97999954223633,39.650001525878906,37.67038345336914,15480300.0,0.01588515007894,0.0157603015057595,1.0,49.673244208375785,WFC,,,,15480300.0,583148836.9731903,1.0469562433717083,11.779189833200942,1.5885150078940091,2.654605311458709,5.2281272108215795,음봉,37.56777648925781,38.053262901306155,39.509725379943845,False,False,0,0.8478567940848224,0.0826405101319623,False,49.673244208375785,-0.3998108306433963,-0.05653485421876897,-24.00050325859943
2023-10-27,39.380001068115234,39.40999984741211,38.619998931884766,38.7599983215332,36.82482147216797,13582800.0,-0.0224463332646418,-0.0227020865986206,0.7900009155273438,43.28574034326147,WFC,,,,13582800.0,500184185.0921631,0.9167690963564028,-12.25751438925602,-2.244633326464185,2.145294624508697,4.53836000066835,음봉,37.28085632324219,37.953505516052246,39.40854263305664,False,False,0,0.8542853764125284,0.0828577233009363,False,43.28574034326147,-0.4696927321492055,-0.10113340457966247,-46.31086283686873
2023-10-30,39.09999847412109,39.59000015258789,38.68999862670898,39.43000030517578,37.461368560791016,14141900.0,0.0172858160114679,0.0171381159418995,0.9000015258789134,47.41721593682959,WFC,,,,14141900.0,529774928.04985046,0.9530324313962752,4.116235238684229,1.7285816011467947,2.4024790349514915,6.178378905849377,음봉,37.27135467529297,37.94495525360107,39.322719446818034,False,False,0,0.8714283534458716,0.08287639390617473,False,47.417215936829585,-0.4683122008217282,-0.07980229860174809,-29.515412294607586
2023-10-31,39.63999938964844,39.810001373291016,39.2400016784668,39.77000045776367,37.78439712524414,11919200.0,0.0086229782003004,0.0085860126737305,0.5699996948242188,50.51552899478702,WFC,,,,11919200.0,450359786.21520996,0.8049588001218196,-15.717124290229744,0.8622978200300446,1.5085583949767354,5.81567335246179,음봉,37.364462280273436,37.99720935821533,39.23895467122396,False,False,0,0.8435712541852689,0.08051208682985009,False,50.51552899478702,-0.43612503636865085,-0.03809210731893653,-20.992224654638786
2023-11-01,39.959999084472656,39.97999954223633,39.27999877929688,39.61000061035156,37.63237380981445,19850300.0,-0.0040234416054271,-0.0040315574229296,0.700000762939446,49.17403586499075,WFC,,,,19850300.0,747013909.8369598,1.3296009099263884,66.54053963353246,-0.4023441605427114,1.8601025980372439,5.757937468254519,음봉,37.47466888427734,38.02761116027832,39.1618403116862,False,False,0,0.8442856924874447,0.08044772011175247,False,49.17403586499075,-0.418064302642037,-0.016025098873858057,-25.00339699554616
2023-11-02,39.7400016784668,40.540000915527344,39.38999938964844,40.5099983215332,38.83055877685547,19998500.0,0.0318392077283344,0.0313428484554906,1.1500015258789062,49.43839100329337,WFC,,,,19998500.0,776552929.6989441,1.3266110873204058,0.7465882127726031,3.1839207728334484,2.9615889188912523,5.6005711446846815,음봉,37.70670394897461,38.10224609375,39.1167298634847,False,False,0,0.8428573608398443,0.08029013858168425,False,49.43839100329337,-0.3035681828057548,0.0787768167699393,6.611006265569563
2023-11-03,41.16999816894531,41.86000061035156,41.06999969482422,41.619998931884766,39.89453887939453,16147500.0,0.0274005869617626,0.0270319103587926,0.7900009155273438,52.04432102028074,WFC,,,,16147500.0,644197066.5550232,1.0652227293169823,-19.256444233317495,2.740058696176262,1.9802232027686828,6.024737901748252,음봉,38.320647430419925,38.211553955078124,39.09014422098796,True,True,0,0.844286237444197,0.08033479640308144,False,52.04432102028074,-0.12552787352571215,0.2054537008399856,34.684381369366655
2023-11-06,41.790000915527344,41.790000915527344,41.150001525878906,41.34000015258789,39.62614822387695,15148600.0,-0.0067275036397576,-0.0067502353012888,0.6399993896484375,48.363419649034135,WFC,,,,15148600.0,600280668.9842224,0.9986696777246413,-6.186096919027717,-0.6727503639757604,1.6150936145310293,4.751181714026067,음봉,38.75360336303711,38.30696697235108,39.058135223388675,True,True,0,0.8228577205113007,0.08013470263626458,False,48.363419649034135,-0.00601716642707828,0.2599715263508956,28.740290336238374
2023-11-07,41.18000030517578,41.20000076293945,40.7400016784668,41.040000915527344,39.33858489990234,13796900.0,-0.0072569083008008,-0.0072833677467394,0.4599990844726562,49.23812007020676,WFC,,,,13796900.0,542750522.0054625,0.9078271152246964,-8.92293677303513,-0.7256908300800835,1.1693330750029045,3.921279637172876,음봉,39.06444091796875,38.382301330566406,39.02117525736491,True,True,0,0.8135719299316412,0.07997741930033622,False,49.23812007020676,0.06474562572831388,0.2645874548050302,20.840197693574762
2023-11-08,41.06999969482422,41.18999862670898,40.43000030517578,40.97999954223633,39.28107070922852,19418700.0,-0.0014620299845599,-0.0014630997932531,0.759998321533196,51.05214097503444,WFC,,,,19418700.0,762787327.7812959,1.2678903053158137,40.7468344338221,-0.14620299845599094,1.9347698721324451,4.401314382119985,음봉,39.39418029785156,38.46093578338623,38.999249649047854,True,True,0,0.7921431405203683,0.07981390324237955,False,51.05214097503444,0.1148606912580945,0.25176201626784867,21.374059118525697
2023-11-09,41.29999923706055,41.380001068115234,40.27000045776367,40.400001525878906,38.7251205444336,14006500.0,-0.0141531316422164,-0.0142542423658844,1.1100006103515625,53.25396029997852,WFC,,,,14006500.0,542403400.9056093,0.9082181536280166,-27.871072728864444,-1.4153131642216432,2.8663580506558692,5.13969831111988,음봉,39.373092651367195,38.509397315979,38.97613379160563,True,False,0,0.7892859322684147,0.07971346271765258,False,53.253960299978516,0.10846637684613114,0.19629416148470819,4.424352664241604
2023-11-10,40.630001068115234,40.95000076293945,40.36000061035156,40.88999938964844,39.19480514526367,14706600.0,0.0121286801493916,0.012055717079669,0.5900001525878906,62.26128344584136,WFC,,,,14706600.0,576422321.3493347,0.9496757320117161,4.998393602970053,1.2128680149391613,1.5053019153972926,4.91897893899634,음봉,39.23314590454102,38.52338848114014,38.95688743591309,True,True,0,0.7628571646554124,0.07968451188371971,False,62.261283445841364,0.13968821973094236,0.18201280349561552,18.744010457856884
2023-11-13,40.7400016784668,41.060001373291016,40.52999877929688,40.77000045776367,39.07978057861328,12159700.0,-0.0029346890799453,-0.0029390037234357,0.5300025939941335,62.94792444447189,WFC,,,,12159700.0,475198407.9017639,0.7865615687920549,-17.318074877945953,-0.29346890799453185,1.3562066781003923,3.9423503382050815,음봉,39.12387237548828,38.4988510131836,38.935248947143556,True,True,0,0.7585716247558584,0.07973529927361636,False,62.947924444471894,0.1533821400961486,0.1565653790886574,15.23716260850957
2023-11-14,41.5,42.380001068115234,41.459999084472656,42.08000183105469,40.33547592163086,20183800.0,0.0321315863197237,0.0316261650549194,0.920001983642578,70.81130348398534,WFC,,,,20183800.0,814123178.9070129,1.2921981005518353,65.98929249899257,3.2131586319723793,2.2808754889370357,6.1930220322455005,음봉,39.32325057983399,38.52142200469971,38.93469702402751,True,True,0,0.7792862483433305,0.09113512084352915,False,70.81130348398534,0.2625324795392814,0.21257257482543213,45.62436210384493
2023-11-15,42.06999969482422,43.02999877929688,42.06999969482422,42.84000015258789,41.063961029052734,17268100.0,0.0180606548150634,0.0178994986864425,0.9599990844726634,71.32278003457262,WFC,,,,17268100.0,709096585.4457855,1.100406544114062,-14.445743616167416,1.806065481506347,2.3378141329168525,4.300243727292132,음봉,39.67982864379883,38.60179424285889,38.96196276346843,True,True,0,0.7764290400913778,0.10981716368453476,False,71.32278003457262,0.4031700762245123,0.2825681372085304,55.41864357664635
2023-11-16,42.81999969482422,42.959999084472656,41.9900016784668,42.52999877929688,40.76681518554688,16931200.0,-0.0072361709893408,-0.0072624790646155,0.9699974060058594,76.60195584369326,WFC,,,,16931200.0,690231101.2695314,1.0722846934792394,-1.9509963458631763,-0.7236170989340818,2.3793798990453245,4.276349922816963,음봉,40.08816757202148,38.68393516540527,38.982534344991045,True,True,0,0.7892859322684147,0.10958397946741968,False,76.60195584369326,0.4850577547583512,0.2915646525938954,47.852914419819015
2023-11-17,42.83000183105469,42.9900016784668,42.43999862670898,42.959999084472656,41.17898941040039,13893800.0,0.0101105328679105,0.0100597633482938,0.5500030517578196,75.87126698466241,WFC,,,,13893800.0,572132643.070221,0.8787778482894135,-17.93966168966169,1.0110532867910527,1.3356399941638875,5.060946350891963,음봉,40.48500442504883,38.82991352081299,39.01282558441162,True,True,0,0.7642860412597651,0.11213437124701735,False,75.87126698466241,0.5765670392987232,0.3064591497074139,51.16066530786835
2023-11-20,42.86000061035156,42.95000076293945,42.5099983215332,42.790000915527344,41.01603317260742,10369100.0,-0.0039572665605973,-0.0039651172582933,0.44000244140625,73.00171273232404,WFC,,,,10369100.0,425299349.5700836,0.6579989860873579,-25.368869567720854,-0.3957266560597361,1.0727571814529002,4.082206057069012,음봉,40.87225494384766,39.0052713394165,39.04356778462728,True,True,0,0.7550005231584817,0.11163024352127371,False,73.00171273232404,0.6286924251483086,0.2868676284455994,46.29425048828106
2023-11-21,42.63999938964844,42.72999954223633,42.150001525878906,42.59999847412109,40.83391571044922,16078400.0,-0.0044401529858287,-0.0044500397417579,0.5799980163574219,72.69030724168127,WFC,,,,16078400.0,656544030.3588867,1.0160496327407091,55.06070922259405,-0.44401529858287825,1.4203830474406425,3.959344898632426,음봉,40.97194290161133,39.181024169921876,39.06098225911458,True,True,0,0.7464288984026227,0.11112950798195288,False,72.69030724168127,0.6478389279050347,0.24481130496186038,39.668037442727055
2023-11-22,42.65999984741211,42.83000183105469,42.400001525878906,42.77999877929688,41.006446838378906,11862200.0,0.0042251918516238,0.00421629079218,0.4300003051757812,68.04454477697884,WFC,,,,11862200.0,486426673.68621826,0.7484880377101183,-26.222758483431186,0.4225191851623844,1.048616347742994,4.4719790037074585,음봉,40.96044006347656,39.37727947235108,39.079372024536134,True,True,1,0.695000239780971,0.11057564150133123,False,68.04454477697884,0.6692201362483772,0.21295401064416225,26.682856104279445
2023-11-24,42.79999923706055,43.11000061035156,42.72999954223633,42.91999816894531,41.14064025878906,5287200.0,0.0032724956868137,0.0032671527261741,0.3800010681152344,62.21805467450245,WFC,,,,5287200.0,217518793.17626953,0.3360542039312136,-55.42816678187857,0.3272495686813759,0.9236634766131356,4.3738303046608085,음봉,41.035205078125,39.55079231262207,39.107282384236655,True,True,1,0.6657145363943917,0.11009053633655909,False,62.218054674502454,0.6890502431455587,0.18622729403307503,30.656329374913533
2023-11-27,42.63999938964844,43.02999877929688,42.52000045776367,43.02000045776367,41.23650360107422,15715000.0,0.0023301373455089,0.0023274267853195,0.5099983215332102,66.34248430382873,WFC,,,,15715000.0,648031654.0908813,0.9934320070849555,197.22726584959904,0.23301373455089092,1.2367642185840526,3.644472038908194,음봉,41.04670791625976,39.77137641906738,39.140749041239424,True,True,1,0.6564287458147327,0.09492090493688095,False,66.34248430382873,0.7043814454479076,0.1612467970683391,34.031798992328966
2023-11-28,42.970001220703125,43.45000076293945,42.790000915527344,43.369998931884766,41.57199478149414,15332900.0,0.0081357814344662,0.008102864381468,0.6599998474121094,72.44711188609055,WFC,,,,15332900.0,637419238.7851715,0.968375530203093,-2.431434934775689,0.8135781434466249,1.5876068754485404,4.203793891933525,음봉,41.15790023803711,39.97690773010254,39.17410678863526,True,True,1,0.6707145145961222,0.09854741638041103,False,72.44711188609055,0.7351287614111897,0.15359529042529696,40.943213798166546
2023-11-29,43.68999862670898,44.13999938964844,43.630001068115234,43.77999877929688,41.96499252319336,16746000.0,0.0094534251667461,0.0094090211702721,0.5099983215332031,75.27085641054379,WFC,,,,16746000.0,702745764.793396,1.053177687684606,9.216130021065805,0.9453425166746188,1.215294679848532,5.0947852186243185,음봉,41.384115600585936,40.1859375,39.21575635274251,True,True,1,0.6528573717389798,0.10781429980024496,False,75.27085641054379,0.7821912503338027,0.1605262234783279,43.79825667301135
2023-11-30,43.810001373291016,44.75,43.47999954223633,44.59000015258789,42.74141693115234,23247500.0,0.0185017168186045,0.0183326423176715,1.270000457763672,86.30855902147934,WFC,,,,23247500.0,993631090.106964,1.4595701192197648,38.82419682312195,1.8501716818604574,2.9713578747503444,4.39654278283965,음봉,41.731109619140625,40.441389656066896,39.27858022054036,True,True,1,0.6642859322684161,0.0993115325876598,True,86.30855902147934,0.8720867001207964,0.20033733861225722,54.246392981651056
2023-12-01,44.5099983215332,45.2400016784668,44.380001068115234,45.02000045776367,43.15359115600586,18116100.0,0.0096434384830397,0.0095972373180709,0.8600006103515625,86.16469633799056,WFC,,,,18116100.0,781774772.7413177,1.1315077486440517,-22.07291106570599,0.9643438483039724,1.9928830656121947,4.137863265576077,음봉,42.13369979858398,40.657541275024414,39.35761604309082,True,True,1,0.6835716792515356,0.1089212596899614,False,86.16469633799056,0.9654592932456936,0.23496794538972343,55.70256394473464
2023-12-04,44.709999084472656,45.33000183105469,44.52000045776367,45.119998931884766,43.24943923950195,13424000.0,0.0022210917082101,0.0022186287303476,0.8100013732910156,88.22500855039216,WFC,,,,13424000.0,580580472.3510742,0.8392051390339861,-25.90016615055116,0.22210917082101655,1.8728598278592232,3.6066707005685323,음봉,42.53628692626953,40.825286293029784,39.4292236328125,True,True,1,0.7035715920584558,0.11082148114270057,False,88.22500855039216,1.0352580746538251,0.2438133814382839,46.238730879706026
2023-12-05,44.95000076293945,44.970001220703125,44.40999984741211,44.4900016784668,42.64556121826172,14531700.0,-0.0139626786348869,-0.0140610738127672,0.5600013732910156,74.05196169002993,WFC,,,,14531700.0,619712501.9554138,0.9122950356543568,8.251638855780685,-1.3962678634886982,1.313152781422915,3.9319851386287783,음봉,42.751000213623044,40.976256942749025,39.48554121653239,True,True,0,0.6778572627476299,0.11041317662053941,False,74.05196169002993,1.0299733111036602,0.19082289431049504,19.62753023490082
2023-12-06,44.79999923706055,45.25,44.43000030517578,44.5,42.65514755249024,18923800.0,0.0002247909033126,0.0002247656416231,0.8199996948242188,69.48368605630999,WFC,,,,18923800.0,807197481.2538148,1.1819955866987062,30.22426832373364,0.022479090331262164,1.9223932910210892,5.051963105309663,음봉,42.88903121948242,41.14208507537842,39.52285861968994,True,True,0,0.6678573063441695,0.10996814300439872,False,69.48368605630999,1.0148599610685949,0.14056763542034367,19.91454621665445
2023-12-07,44.790000915527344,45.43999862670898,44.650001525878906,45.400001525878906,43.51782989501953,18787800.0,0.020224577619095,0.0200227771977793,0.789997100830071,79.5876870662336,WFC,,,,18787800.0,817604284.501648,1.1678660261531508,-0.7186717255519559,2.022457761909502,1.8153412124083963,5.004913792432697,음봉,43.04431381225586,41.35392303466797,39.579146194458005,True,True,1,0.6550001416887561,0.11589491392553226,False,79.5876870662336,1.0602716262734404,0.14878344050015124,41.57536700550647
2023-12-08,45.36000061035156,46.34000015258789,45.119998931884766,46.09999847412109,44.18880844116211,20238400.0,0.0154184743991421,0.015300817573978,1.220001220703125,80.66411199117005,WFC,,,,20238400.0,894310780.7556152,1.2516337992580426,7.720967862123285,1.5418474399142124,2.760882820199984,4.233140116995727,음봉,43.25135726928711,41.62710742950439,39.63394908905029,True,True,1,0.7028571537562779,0.12273319425811605,True,80.66411199117005,1.1372930528211072,0.18064389363825428,48.65889220790927
2023-12-11,45.900001525878906,46.220001220703125,45.56999969482422,46.0,44.09295272827149,21116900.0,-0.0021692305421235,-0.0021715867307235,0.6500015258789062,81.78227496965984,WFC,,,,21116900.0,931106473.4676362,1.302482585539612,4.340758162700609,-0.21692305421235902,1.4741619366809577,3.872458084031095,음봉,43.42005996704101,41.87201480865478,39.688737932840986,True,True,1,0.7178570883614677,0.12201533377115667,False,81.78227496965984,1.1770302611640986,0.17630488158499658,46.37116561345194
2023-12-12,45.93999862670898,46.7599983215332,45.810001373291016,46.470001220703125,44.54347610473633,19787100.0,0.0102175823706169,0.010165735741589,0.9499969482421876,86.30397498396562,WFC,,,,19787100.0,881386216.0320282,1.215092349323992,-6.297325838546374,1.0217582370616984,2.1327409338427765,4.18898210292276,음봉,43.799642944335936,42.145199584960935,39.74343484242757,True,True,1,0.7442855834960938,0.09984530206394013,False,86.30397498396562,1.230689138060626,0.18397100678521916,49.16229711438938
2023-12-13,46.5,47.77999877929688,46.34999847412109,47.7599983215332,45.77998733520508,26549100.0,0.0277596482942037,0.0273813345350051,1.4300003051757957,88.66462285342458,WFC,,,,26549100.0,1215417461.7610931,1.621194307206599,34.17377988689601,2.7759648294203743,3.123636305762184,4.39239158314282,음봉,44.4246109008789,42.41742515563965,39.82206548055013,True,True,1,0.8157141549246661,0.11818662097625379,True,88.66462285342458,1.3573436937512966,0.24850044998071175,61.97695661034297
2023-12-14,48.43999862670898,50.54999923706055,48.43999862670898,50.5099983215332,48.41598129272461,41115400.0,0.0575796130789323,0.0559829133399771,2.1100006103515696,91.93372702171332,WFC,,,,41115400.0,1990642437.2428894,2.525988836098954,54.865513331902015,5.7579613078932335,4.358066394636178,5.810423825649106,음봉,45.40424118041992,42.785026168823244,39.950171597798665,True,True,1,0.9392855507986901,0.17878138199554383,True,91.93372702171332,1.651384887057496,0.434033314629529,73.4244300280853
2023-12-15,50.09999847412109,50.77000045776367,49.91999816894531,50.310001373291016,48.22427749633789,44099200.0,-0.0039595148392773,-0.0039673744719067,0.8500022888183594,89.83612803386268,WFC,,,,44099200.0,2126652058.166504,2.6366671649121307,7.257134796207754,-0.3959514839277367,1.762602433769812,3.478225859380716,음봉,46.211334991455075,43.15789928436279,40.083791669209795,True,True,1,0.9635715484619151,0.17568198888268333,False,89.83612803386268,1.847647229827139,0.5042365259193373,68.09870792658764
2023-12-18,50.40999984741211,50.47999954223633,49.52999877929688,49.65999984741211,47.60122299194336,20531700.0,-0.0129199344550438,-0.0130041227323747,0.950000762939446,83.2804532721065,WFC,,,,20531700.0,977334030.1036835,1.221535122259083,-53.4420125535157,-1.2919934455043802,1.9957486451561053,4.532410778451166,음봉,46.91298904418945,43.47901096343994,40.224287033081055,True,True,1,0.9842858995710105,0.17438449988319418,False,83.2804532721065,1.9306558600815507,0.469796124938999,56.53255050941115
2023-12-19,49.66999816894531,50.31999969482422,49.310001373291016,50.09000015258789,48.01340103149414,20556400.0,0.0086589800354612,0.008621706082892,1.0099983215332031,83.31578124579764,WFC,,,,20556400.0,986982676.9638062,1.2186678315209647,0.12030177725175228,0.8658980035461283,2.1035758763906354,4.346054674587036,음봉,47.606974029541014,43.82887935638428,40.36642659505208,True,True,1,1.0200001852852962,0.17299245825163811,False,83.31578124579764,2.0065696349734523,0.4365679198647203,62.18656954626562
2023-12-20,49.83000183105469,50.56999969482422,49.290000915527344,49.34000015258789,47.29448318481445,20481500.0,-0.0149732747781836,-0.0150865059732301,1.279998779296875,75.2390454001233,WFC,,,,20481500.0,968661957.3497772,1.2079856359996497,-0.36436340993558636,-1.4973274778183665,2.7064441624089115,3.7835286826878956,음봉,47.90987319946289,44.151907730102536,40.51099363962809,True,True,0,1.0207143511090966,0.16781912345984365,False,75.2390454001233,1.9858297769915438,0.3326624495062491,45.61005313115635
2023-12-21,49.619998931884766,49.83000183105469,49.130001068115234,49.45000076293945,47.39992904663086,11127700.0,0.0022295594478609,0.0022270776683605,0.7000007629394531,74.36738814641382,WFC,,,,11127700.0,527452190.4521942,0.6597960994159345,-45.66950662793252,0.22295594478609626,1.4767970691492174,4.917097281690987,음봉,47.70666275024414,44.471581840515135,40.65399297078451,True,True,0,1.0092857905796602,0.16359528338853604,False,74.36738814641382,1.9553616974413117,0.24175549596481338,47.0114608849617
2023-12-22,49.65999984741211,49.86000061035156,49.09000015258789,49.18000030517578,47.1411247253418,10450400.0,-0.0054600149513822,-0.0054749753137349,0.7700004577636719,71.92223721645854,WFC,,,,10450400.0,492643609.8297119,0.6197381225406982,-6.08661268725792,-0.5460014951382264,1.6333943287308552,4.768088995571806,음봉,47.49003219604492,44.771606063842775,40.79188709259033,True,True,0,1.006428582327707,0.1603578321807956,False,71.92223721645854,1.8885620117941002,0.1399646482540815,42.94221094074264
2023-12-26,49.15999984741211,49.66999816894531,49.02999877929688,49.63999938964844,47.58205032348633,8856600.0,0.0093533109511809,0.0093098395954773,0.6399993896484304,78.32777243408029,WFC,,,,8856600.0,421415186.894989,0.528386011344518,-15.251090867335225,0.9353310951180971,1.3450437408589957,4.282619758932098,음봉,47.48619766235352,45.08888339996338,40.937921778361,True,True,1,1.0121427263532365,0.151788777968186,False,78.32777243408029,1.849877553525964,0.08102415198875623,49.71687606385827
2023-12-27,49.40999984741211,49.56999969482422,49.150001525878906,49.33000183105469,47.28490447998047,12536700.0,-0.0062449146576433,-0.0062644957010469,0.4199981689453125,75.7188115203106,WFC,,,,12536700.0,592796661.9941711,0.7474308286929549,41.55206286836935,-0.6244914657643319,0.8882288619682668,3.8416787664644034,음봉,47.34049835205078,45.374528884887695,41.09879728953044,True,True,0,0.9835711887904576,0.142172027524451,False,75.7188115203106,1.7747840496626992,0.004744518500393147,43.053977352412645
2023-12-28,49.13999938964844,49.650001525878906,49.09000015258789,49.47999954223633,47.428688049316406,9872600.0,0.0030407922130162,0.0030361783551972,0.5600013732910156,73.61109703689037,WFC,,,,9872600.0,468244465.63568115,0.5900404564714891,-21.250408799763896,0.304079221301623,1.1807228838139598,3.9232286288182747,음봉,47.367339324951175,45.64771366119385,41.276953506469724,True,True,1,0.9671429225376679,0.126412028372156,False,73.61109703689037,1.7071945629970458,-0.050275974532208334,40.86174325541451
2023-12-29,49.34999847412109,49.58000183105469,49.209999084472656,49.220001220703125,47.179466247558594,11733600.0,-0.0052546636225457,-0.0052685179218724,0.3700027465820312,69.02438231295888,WFC,,,,11733600.0,553584985.1623535,0.7021905053120473,18.850150922755905,-0.5254663622545785,0.7842452999374021,4.050945754196067,음봉,47.323246765136716,45.86961612701416,41.446205647786456,True,True,0,0.9064287458147327,0.12580048759258083,False,69.02438231295888,1.6149036868310631,-0.11405348055855313,30.951275319132392
2024-01-02,49.04999923706055,49.7599983215332,48.81999969482422,49.33000183105469,47.28490447998047,14916000.0,0.0022348330917654,0.0022323395666752,0.9399986267089844,70.28014315206973,WFC,,,,14916000.0,705301635.2233887,0.8927971351688296,27.1221108611168,0.22348330917654202,1.9879465487911938,3.964718421541592,음봉,47.352002716064455,46.07618179321289,41.611989720662436,True,True,0,0.9271428244454525,0.12523650723404525,False,70.28014315206973,1.5326035865884577,-0.1570828646409268,29.735955220368027
2024-01-03,49.09000015258789,49.09000015258789,48.31999969482422,48.68000030517578,46.66184997558594,21653600.0,-0.0131766049069279,-0.0132641865687771,0.7700004577636719,63.17039724239864,WFC,,,,21653600.0,1010397034.6313477,1.2931267278161769,45.170286940198444,-1.3176604906927958,1.6501713030378045,3.817488250127829,음봉,47.167962646484376,46.24680233001709,41.76121419270833,True,True,0,0.9142859322684157,0.12477446620601322,False,63.17039724239864,1.4009555295054952,-0.2309847373791114,7.055460667640916
2024-01-04,48.81999969482422,49.86000061035156,48.77000045776367,49.27999877929688,47.23697662353516,15917500.0,0.0123254146213691,0.0122500751272089,1.0900001525878906,59.87013852889481,WFC,,,,15917500.0,751894575.405121,0.9491576294364584,-26.490283370894453,1.2325414621369157,2.30751464318911,4.625083918377544,음봉,47.15837707519531,46.47637310028076,41.91986567179362,True,True,1,0.8900002070835653,0.12395187825444941,False,59.87013852889481,1.3277262084990582,-0.24337124670843902,-44.205009552310095
2024-01-05,49.400001525878906,50.470001220703125,49.290000915527344,49.91999816894531,47.85044479370117,15074800.0,0.0129870329139643,0.0129034245073852,1.1800003051757812,44.72276842859157,WFC,,,,15074800.0,721335885.1760864,0.8961473433074227,-5.294173079943453,1.2987032913964303,2.4660174221225035,4.57909260277688,음봉,47.24272842407227,46.73613796234131,42.08684145609538,True,True,1,0.8235716138567233,0.10480436791015708,False,44.722768428591564,1.3041596576554184,-0.21355023804166318,-19.165500200076917
2024-01-08,49.380001068115234,49.9900016784668,49.150001525878906,49.91999816894531,47.85044479370117,15119700.0,0.0,0.0,0.8400001525878906,46.38219293789649,WFC,,,,15119700.0,723484370.1473236,0.8978482263667559,0.2978480643192505,0.0,1.7554698941867823,3.196535123149799,음봉,47.37692413330078,46.95276870727539,42.25587584177653,True,True,1,0.822857175554547,0.09207185611150678,False,46.38219293789649,1.270833617448524,-0.19750102259884628,-20.86910671657986
2024-01-09,49.43999862670898,49.459999084472656,49.04999923706055,49.290000915527344,47.24656677246094,13625200.0,-0.0126201130176271,-0.012700423040378,0.4099998474121094,46.55498878354653,WFC,,,,13625200.0,643743921.5881348,0.8079367187412495,-9.884455379405676,-1.262011301762711,0.8677875990157448,3.32192070493992,음봉,47.369256591796876,47.10565662384033,42.41405378977458,True,True,0,0.7842856815883087,0.09177302418209406,False,46.554988783546534,1.1820684319174077,-0.22901296650397018,-47.7081298828125
2024-01-10,49.0,49.119998931884766,48.61000061035156,49.08000183105469,47.04527282714844,11849800.0,-0.0042604988904682,-0.0042696006771669,0.5099983215332031,40.194192763170605,WFC,,,,11849800.0,557477073.9471436,0.7043708052408979,-13.030267445615474,-0.42604988904682006,1.084058590555985,3.7112394557335393,음봉,47.44594116210938,47.25327262878418,42.54955863952637,True,True,0,0.7485713958740229,0.08195210559086985,False,40.194192763170605,1.0829945566539507,-0.2624694734139419,-56.65452745225694
2024-01-11,48.88999938964844,49.08000183105469,48.34000015258789,49.040000915527344,47.006927490234375,21049200.0,-0.0008150731117013,-0.0008154054643968,0.7400016784667969,46.62170701472751,WFC,,,,21049200.0,989458218.1274414,1.2439054383944883,77.6333777785279,-0.08150731117013699,1.5742396237672227,3.9211730565955243,음봉,47.39993133544922,47.37644519805908,42.67349859873454,True,True,0,0.7100001743861603,0.055639336098342866,False,46.62170701472751,0.9899718690252897,-0.28439372883408254,-61.07308245063076
2024-01-12,47.95000076293945,48.77999877929688,47.0,47.400001525878906,45.43491363525391,30454100.0,-0.0334421741413974,-0.0340141519542315,1.779998779296882,32.8307954235631,WFC,,,,30454100.0,1383679403.3393862,1.773773486611008,44.68055793094274,-3.3442174141397496,3.9176893645853514,2.0062431710751576,음봉,46.91682510375977,47.359191513061525,42.76601289113363,False,True,0,0.7871428898402623,0.06294591529605244,True,32.8307954235631,0.7804063006109416,-0.3951674377987444,-45.103337584099
2024-01-16,46.77000045776367,47.060001373291016,46.220001220703125,46.81999969482422,44.87896347045898,25209900.0,-0.0122361884355726,-0.0123116669340024,0.8400001525878906,31.210179377369244,WFC,,,,25209900.0,1131394181.1939237,1.4722330806263153,-17.220013068847873,-1.2236188435572615,1.8717013220254302,2.9384601305235813,음봉,46.32252883911133,47.18234062194824,42.856387011210124,False,True,0,0.7921428680419922,0.07090182432201643,False,31.210179377369244,0.5629739327173482,-0.4900798445538703,-31.55382941750936
2024-01-17,46.2400016784668,47.060001373291016,46.209999084472656,46.66999816894531,44.73517608642578,17445600.0,-0.0032038927130713,-0.0032090361663161,0.8500022888183594,25.12563986505089,WFC,,,,17445600.0,780431987.9333496,1.0197257945053688,-30.79861482988826,-0.320389271307131,1.9000758758078966,3.032686369647789,음봉,45.8202507019043,47.00788555145264,42.94990666707357,False,True,0,0.8071430751255585,0.06973776647494956,False,25.125639865050886,0.374735061906712,-0.5426549722916052,-34.620240809360155
2024-01-18,46.54999923706055,46.619998931884766,46.119998931884766,46.43999862670898,44.51472091674805,17901300.0,-0.004928004960835,-0.0049401876178915,0.5,25.46693720409968,WFC,,,,17901300.0,796871373.5469818,1.0454708314240686,2.6121199614802526,-0.49280049608350085,1.123223935145198,4.056814590667156,음봉,45.31414031982422,46.85356044769287,43.054161643981935,False,True,0,0.8128574916294647,0.07467266268167616,False,25.46693720409968,0.2053978127000775,-0.5695937771985917,-36.902923459674284
2024-01-19,46.630001068115234,48.18000030517578,46.380001068115234,48.119998931884766,46.12506484985352,25606900.0,0.0361755369895986,0.0355365667330692,1.7999992370605469,40.83553101234837,WFC,,,,25606900.0,1181119923.1037142,1.4823644509231408,43.04491852547021,3.6175536989598633,3.9024318836621927,4.751866591106365,음봉,45.13776779174805,46.75914363861084,43.197764778137206,False,True,0,0.9014287676130027,0.07133842960713867,True,40.83553101234837,0.19884594758419638,-0.4609165138515784,0.11645782306319702
2024-01-22,48.22999954223633,48.93000030517578,48.15999984741211,48.52999877929688,46.51807022094727,19372200.0,0.0085204296703551,0.0084843356887095,0.7700004577636719,45.44252084079202,WFC,,,,19372200.0,901157359.9342347,1.1181012970063213,-24.34773439971257,0.8520429670355156,1.6552717129201495,4.563537632380131,음봉,45.35439910888672,46.72032299041748,43.35108496348063,False,True,0,0.9300000326974056,0.07139770582573444,False,45.44252084079202,0.22279752505833983,-0.349571949101948,9.151059301411074
2024-01-23,48.650001525878906,49.220001220703125,48.400001525878906,49.119998931884766,47.08361053466797,16422100.0,0.0121574328220097,0.0120841247957877,0.8199996948242188,48.69565131413724,WFC,,,,16422100.0,773211760.5613708,0.9487669376929861,-15.228523347890278,1.2157432822009762,1.7415820186951203,4.583017512991363,음봉,45.795328521728514,46.70450706481934,43.51778945922852,False,True,0,0.9214286804199224,0.07142188380927789,False,48.69565131413724,0.2841383298712614,-0.23058491543122117,22.151979212980137
2024-01-24,49.369998931884766,50.09000015258789,49.25,49.4900016784668,47.43827438354492,17776000.0,0.007532639167844,0.0075044105103268,0.8400001525878906,55.21239080830664,WFC,,,,17776000.0,843262765.4418945,1.023242631162444,8.24437800281328,0.753263916784408,1.7707224040157423,4.856017563762053,음봉,46.33594818115235,46.71936454772949,43.68058764139811,False,True,0,0.9264286586216522,0.07139917054191264,False,55.21239080830664,0.35725159418073105,-0.1259773208974012,30.30516685126284
2024-01-25,49.68000030517578,49.93999862670898,49.5,49.880001068115234,47.81210708618164,17979600.0,0.0078804026388952,0.007849514434226,0.4399986267089772,53.96828989807049,WFC,,,,17979600.0,859642560.5667114,1.0322444831869009,1.1453645364536413,0.7880402638895223,0.9202661282337481,4.725563800036653,음봉,46.995425415039065,46.73086738586426,43.86370906829834,True,True,1,0.8799999782017299,0.07138159558241276,False,53.96828989807049,0.44028423515567994,-0.034355743937961924,38.899017562506195
2024-01-26,49.84000015258789,50.5,49.77000045776367,50.31999969482422,48.233863830566406,19211100.0,0.0088211285820252,0.0087824497216723,0.7299995422363281,52.7174080548678,WFC,,,,19211100.0,926625581.4353943,1.0975840078933956,6.849429353267045,0.8821128582025217,1.5134585626410428,4.241379830324063,음봉,47.41718521118164,46.77831535339355,44.04325065612793,True,True,1,0.8478570665631976,0.07950570442140885,False,52.717408054867796,0.533965227093752,0.04746019840008808,48.26174390846123
2024-01-29,50.15999984741211,50.66999816894531,49.9900016784668,50.34999847412109,48.26261901855469,16725200.0,0.0005961618187855,0.0005959841849239,0.6799964904785156,52.90934656090782,WFC,,,,16725200.0,807201955.6091309,0.9544799988477624,-12.939914945005748,0.05961618187855233,1.4089506626590016,3.993327226721336,음봉,47.76609497070312,46.820011901855466,44.2178876876831,True,True,1,0.8364282335553851,0.08004906341465737,False,52.90934656090782,0.6035708029862477,0.09365261943406689,47.09055925148082
2024-01-30,50.630001068115234,51.27000045776367,50.619998931884766,51.18999862670898,49.06779098510742,14736800.0,0.016683138688416,0.0165455038085657,0.6500015258789062,62.49996727229503,WFC,,,,14736800.0,723102222.189331,0.8401270155658407,-11.888647071484948,1.6683138688416088,1.3247010163473394,4.905208415337761,음봉,48.16293106079102,46.91442813873291,44.40847797393799,True,True,1,0.8535712105887276,0.09705052899494528,False,62.49996727229503,0.7154570286898618,0.16443107611014485,57.238663686018654
2024-01-31,51.0099983215332,51.43999862670898,50.15999984741211,50.18000030517578,48.09967041015625,20394400.0,-0.0197302661382291,-0.0199275065542634,1.279998779296868,56.54763596807908,WFC,,,,20394400.0,980963918.2128906,1.156118700810747,38.390966831333806,-1.9730266138229147,2.661138357876556,3.9582122965659106,음봉,48.29521026611328,46.9551664352417,44.56296316782633,True,True,0,0.9085712432861323,0.09696632796816404,False,56.54763596807908,0.7177348288468508,0.13336710101370708,37.211872026938124
2024-02-01,49.81999969482422,49.970001220703125,47.880001068115234,48.72999954223633,47.03786087036133,27566100.0,-0.0220751936705728,-0.0223224970468689,2.09000015258789,50.17042796355291,WFC,,,,27566100.0,1296650376.5384674,1.5409726401857402,35.16504530655473,-2.207519367057287,4.443229589772448,3.5765926668485464,음봉,48.14036102294922,46.97396697998047,44.68201853434245,True,True,0,1.0049997057233533,0.0969275188169613,True,50.17042796355291,0.6266373605093136,0.033815706140935875,17.25304494602779
2024-02-02,48.5,49.56999969482422,48.060001373291016,49.15999984741211,47.45293045043945,19329000.0,0.0088241593558449,0.008785453989903,1.5099983215332031,62.74280070818624,WFC,,,,19329000.0,917217692.6765442,1.081010518690672,-29.881267208636697,0.8824159355844907,3.182097095373842,3.108430320988447,음봉,47.98417434692383,46.984764671325685,44.81246490478516,True,True,0,0.9857139587402334,0.09690524365099282,True,62.74280070818624,0.5812344972823311,-0.009269725668837325,25.055105169488762
2024-02-05,48.61000061035156,48.91999816894531,48.2400016784668,48.70000076293945,47.008907318115234,14202700.0,-0.0093571277497385,-0.0094011806909589,0.6799964904785156,63.64240533546007,WFC,,,,14202700.0,667653407.9669952,0.7984205414735688,-26.521289254488078,-0.9357127749738514,1.4465269015441973,2.4383534355598346,음봉,47.73343200683594,46.942687797546384,44.94030361175537,True,True,0,0.9742851257324209,0.09699210424413228,False,63.64240533546007,0.5036180497563194,-0.06950893855587925,16.70880521093415
2024-02-06,48.52000045776367,49.119998931884766,48.0099983215332,48.290000915527344,46.61314392089844,13926600.0,-0.008418902284595,-0.0084545414116208,1.1100006103515625,61.6523656552287,WFC,,,,13926600.0,649162610.1287842,0.7844538663761228,-1.943996564033601,-0.8418902284595076,2.3813038919563354,3.2144825860824175,음봉,47.24250259399414,46.88082275390625,45.06250483194987,True,True,0,0.9928564344133639,0.0971200973212442,False,61.6523656552287,0.40549733639236507,-0.13410372153586692,9.269643182375537
2024-02-07,48.45000076293945,48.59999847412109,47.45000076293945,48.47999954223633,46.79653930664063,15839600.0,0.0039344135648393,0.0039266940011357,1.1499977111816335,64.22358056672232,WFC,,,,15839600.0,741238464.001465,0.8916579464704002,13.736303189579658,0.39344135648393674,2.4574417856972683,3.9406413889569962,음봉,46.981876373291016,46.85832138061524,45.197028477986656,True,True,0,1.0392848423549093,0.09716673440724083,False,64.22358056672232,0.3386309126890197,-0.16077611619136983,8.23198497038723
2024-02-08,48.18000030517578,48.5,48.060001373291016,48.34999847412109,46.67105865478516,10839200.0,-0.0026814087903646,-0.0026850102062679,0.4399986267089844,54.176571003370334,WFC,,,,10839200.0,505876938.9709473,0.6117874808858296,-31.56897901462158,-0.26814087903646033,0.9427654726316594,2.9563318549472952,음봉,46.90851593017578,46.83961067199707,45.32163270314535,True,True,0,0.9421419416155119,0.0972055489581901,False,54.176571003370334,0.2723737946801066,-0.18162658736022635,-19.522369052558574
2024-02-09,48.220001220703125,48.27000045776367,47.470001220703125,48.060001373291016,46.3911247253418,16594000.0,-0.0059980197045448,-0.0060160800785986,0.7999992370605469,49.01183845913547,WFC,,,,16594000.0,769814323.6923218,0.9389768601055415,53.09247914975275,-0.5998019704544832,1.7244661382903186,3.318850290873248,음봉,46.69615478515625,46.80882053375244,45.443488438924156,False,True,0,0.9442847115652887,0.09726948930653556,False,49.01183845913547,0.19502806061860412,-0.20717785713738307,-26.5382607648138
2024-02-12,48.0,49.290000915527344,47.880001068115234,48.91999816894531,47.22126770019531,14101900.0,0.0178944351913943,0.0177362145110161,1.4099998474121094,51.029147877193566,WFC,,,,14101900.0,665909594.9813843,0.7978922066502177,-15.01807882367121,1.7894435191394331,2.9859423858844805,3.468066972257158,음봉,46.738626861572264,46.898138236999515,45.55825163523356,False,True,0,0.9864275796072809,0.09708423915146605,False,51.029147877193566,0.19842924063715373,-0.16302134169506682,-5.732661283383409
2024-02-13,48.400001525878906,48.709999084472656,47.59000015258789,48.2400016784668,46.56488037109375,13660100.0,-0.0139002479405873,-0.0139977610794265,1.1199989318847656,43.75222740031209,WFC,,,,13660100.0,636080922.3571777,0.7736220525528406,-3.132911167998642,-1.3900247940587307,2.4052438725474135,2.4961926756547417,음봉,46.728974151611325,46.98243408203125,45.649933624267575,False,True,0,1.0064274924142005,0.09691005068851313,False,43.75222740031209,0.14647129855085694,-0.1719834270250909,-22.18348034425992
2024-02-14,48.59999847412109,48.720001220703125,47.959999084472656,48.52999877929688,46.84480667114258,12683400.0,0.0060115326790917,0.0059935355075549,0.7600021362304688,42.98624310993786,WFC,,,,12683400.0,594151420.9327698,0.7179699093074127,-7.150020863683282,0.6011532679091713,1.6223829069587061,4.370500013762914,음봉,46.73862762451172,47.08791561126709,45.75123348236084,False,True,0,1.0292848859514498,0.09669296271143347,False,42.98624310993786,0.12642462371732677,-0.15362408148689688,-15.167779845002771
2024-02-15,48.72999954223633,52.45000076293945,48.619998931884766,52.040000915527344,50.23292541503906,46473600.0,0.072326453766403,0.0698305440566082,3.830001831054688,60.1350718874865,WFC,,,,46473600.0,2334504882.5683594,2.5700243841143626,266.4127915227778,7.232645376640301,7.624484935747016,4.024336965094297,양봉,47.4510009765625,47.37382583618164,45.90213241577148,True,True,1,1.250713620867047,0.08671160694072912,True,60.135071887486504,0.3795550817088156,0.07960510120367353,55.65849304199219
2024-02-16,51.93999862670898,52.31999969482422,51.31999969482422,51.90999984741211,50.1074333190918,24359700.0,-0.0024982040148052,-0.0025013297333286,1.0,59.26219878658524,WFC,,,,24359700.0,1220602043.4230804,1.3387756038491623,-47.583789506300356,-0.2498204014805272,1.9957118809735215,3.3983153431053017,음봉,48.1942626953125,47.572944259643556,46.05365575154622,True,True,1,1.2735710144042958,0.08075600006443769,False,59.26219878658524,0.5635404860800364,0.21087240445991545,53.148651123046875
2024-02-20,51.5,52.2400016784668,51.27000045776367,51.77000045776367,49.9723014831543,19839100.0,-0.0026968421047823,-0.0027004851347098,0.970001220703125,54.86882556975311,WFC,,,,19839100.0,991405486.3544464,1.0875707694438894,-18.557699807468897,-0.2696842104782382,1.9410777408963507,2.7791618701363636,음봉,48.744469451904294,47.7456558227539,46.20596218109131,True,True,1,1.2964281354631686,0.08046387935185505,False,54.86882556975311,0.6904867335202525,0.27025492152010516,50.44601440429688
2024-02-21,51.63999938964844,52.68000030517578,51.130001068115234,52.65999984741211,50.831390380859375,18562500.0,0.0171913014251441,0.0170452030400224,1.5499992370605469,64.87903192293945,WFC,,,,18562500.0,943557683.9447021,1.013470913910166,-6.434767706196354,1.7191301425144134,3.0492953772206888,3.3372445474746106,음봉,49.59777145385742,47.933044815063475,46.36971124013265,True,True,1,1.3157138824462886,0.09263475067459467,False,64.87903192293945,0.8506085575878402,0.34430139647015423,64.6537268428527
2024-02-22,52.83000183105469,53.90999984741211,52.75,53.369998931884766,51.51674270629883,20467900.0,0.0134828561702597,0.0133927712959662,1.1599998474121094,75.43863374201702,WFC,,,,20467900.0,1054439538.0382538,1.1078060396103995,10.264781144781153,1.3482856170259794,2.2516948597184485,3.931844939161633,음봉,50.53215866088867,48.13696823120117,46.54264628092448,True,True,1,1.249285289219447,0.10647986712288902,False,75.43863374201702,1.021038564711887,0.41178512287536073,62.95267058371963
2024-02-23,53.52999877929688,54.02000045776367,53.41999816894531,53.86000061035156,51.98971939086914,20863500.0,0.0091810285302156,0.0091391390847018,0.6000022888183594,75.5991397012545,WFC,,,,20863500.0,1084687510.5113983,1.1245943838407553,1.9327825521914699,0.9181028530215629,1.1540787214245605,3.9079646096334,음봉,50.88351745605469,48.345848846435544,46.721866544087725,True,True,1,1.184285572596958,0.11580300685816003,False,75.5991397012545,1.180660914763834,0.4571259783418462,69.09769922068692
2024-02-26,53.75,54.560001373291016,53.68000030517578,54.130001068115234,52.25035095214844,18099900.0,0.00501313652647,0.005000612596229,0.8800010681152344,80.2002251587914,WFC,,,,18099900.0,945726127.1987915,0.9704502520861222,-13.24609964771012,0.5013136526470063,1.684201258133464,3.3858244086618674,음봉,51.31210098266602,48.54667320251465,46.89983914693197,True,True,1,1.1985716138567237,0.12069264154032992,False,80.2002251587914,1.3130574569890499,0.47161801645364954,67.51546803273236
2024-02-27,54.27999877929688,54.88999938964844,54.2400016784668,54.810001373291016,52.90673828125,19548200.0,0.0125623525419511,0.0124841008598996,0.6499977111816406,85.20519298724793,WFC,,,,19548200.0,1034231501.2695312,1.0355346416193851,8.00170166686003,1.256235254195115,1.2285726398899892,3.884467357946022,음봉,51.89898834228516,48.778879165649414,47.08220157623291,True,True,1,1.1657142639160152,0.13357448279575404,False,85.20519298724793,1.4541847062734305,0.4901962125904241,73.34325975170624
2024-02-28,54.7400016784668,55.41999816894531,54.56999969482422,54.720001220703125,52.81986618041992,20045200.0,-0.0016419855703118,-0.0016433351060995,0.8499984741210938,84.06118237665216,WFC,,,,20045200.0,1058784781.5597534,1.05801016633374,2.5424335744467452,-0.16419855703118102,1.6092401128350156,3.4650848961265495,음봉,52.29668350219727,48.966482925415036,47.25017573038737,True,True,1,1.1442857469831194,0.13306272304328415,False,84.06118237665216,1.5412526148343133,0.4618112969210453,67.29392469640756
2024-02-29,55.040000915527344,55.70000076293945,54.93999862670898,55.59000015258789,53.6596565246582,28335600.0,0.0158991380510082,0.0157740706565007,0.7600021362304759,86.56565442860963,WFC,,,,28335600.0,1520478563.420105,1.4794708144892008,41.35852972282641,1.5899138051008288,1.4163380562848595,4.203219159101951,음봉,52.72526626586914,49.24448223114014,47.42527681986491,True,True,1,1.1671431405203687,0.14760093862292845,False,86.56565442860963,1.6588959026792693,0.463563667812801,75.20845259091193
2024-03-01,55.400001525878906,55.75,54.900001525878906,55.060001373291016,53.14805603027344,17761000.0,-0.0095341738564739,-0.0095799150606078,0.8499984741210938,84.51676040468635,WFC,,,,17761000.0,943962623.1536865,0.9265657191311202,-37.319132116489506,-0.9534173856473926,1.5993030368541228,3.243302536647738,음봉,52.95693359375,49.54999198913574,47.590253766377764,True,True,1,1.1707145145961222,0.14669087738520914,False,84.51676040468635,1.6913503377330343,0.39681448229325267,68.11343114728426
2024-03-04,54.869998931884766,56.560001373291016,54.72999954223633,55.810001373291016,53.87200927734375,19483500.0,0.0136214435887918,0.0135295056699837,1.8300018310546875,84.3469390489054,WFC,,,,19483500.0,1049615292.755127,1.0196040237236887,9.698215190586112,1.3621443588791804,3.396943710848943,3.2398981829749327,음봉,53.28126525878906,49.87094593048096,47.77736123402914,True,True,1,1.2007146562848778,0.15000486580764175,False,84.3469390489054,1.755254210117144,0.36857468374188973,70.03353701063863
2024-03-05,55.709999084472656,57.09999847412109,55.43000030517578,56.59999847412109,54.634578704833984,21786100.0,0.0141552067153163,0.0140559572777308,1.6699981689453054,91.22286411802465,WFC,,,,21786100.0,1190274395.1213837,1.1366378475068941,11.818205147945694,1.4155206715316337,3.0566688872399896,3.411771403710917,음봉,53.62683334350586,50.25222949981689,47.97701841990153,True,True,1,1.2400003160749162,0.16404155719145208,False,91.22286411802465,1.8461501988205313,0.36757653795622147,73.02604011025066
2024-03-06,56.81999969482422,57.38999938964844,56.27000045776367,57.11000061035156,55.12686920166016,25418600.0,0.0090106029642107,0.0089702497049715,1.1199989318847656,91.40925429533472,WFC,,,,25418600.0,1401247837.489319,1.3131115190296285,16.673475289289954,0.9010602964210745,2.031675203225647,4.000069263455072,음봉,54.088233947753906,50.67791576385498,48.17050240834554,True,True,1,1.265714372907366,0.17237773781038096,False,91.40925429533472,1.9355972928640668,0.36561890559980537,74.19464002439327
2024-03-07,57.04999923706055,57.68000030517578,56.869998931884766,57.0,55.02069091796875,18116300.0,-0.0019260713555671,-0.0019279286161946,0.8100013732910156,85.63218912924725,WFC,,,,18116300.0,996771342.8771973,0.9331357330972574,-28.7281754305902,-0.1926071355567105,1.472175939227408,3.4885529747124977,음봉,54.36044082641602,51.08912334442139,48.351033782958986,True,True,1,1.0500000544956751,0.1709902990001541,False,85.63218912924725,1.9751487736252002,0.3241363090887508,59.399851954785056
2024-03-08,57.209999084472656,57.540000915527344,56.880001068115234,57.06999969482422,55.0882568359375,17872500.0,0.0012280092605432,0.0012272558738853,0.6599998474121094,87.3913862751083,WFC,,,,17872500.0,984564870.300293,0.9213700103734856,-1.3457494079917032,0.1228009260543228,1.198077204326332,3.9790633850236117,음봉,54.74848098754883,51.50998325347901,48.53428885142009,True,True,1,1.025714329310826,0.16959323075936644,False,87.3913862751083,1.989017456867174,0.27040399386457925,60.43139280728555
2024-03-11,56.77999877929688,57.34999847412109,56.52000045776367,57.09000015258789,55.10756301879883,16622000.0,0.0003504591353984,0.0003503977389398,0.8299980163574148,89.23303439343715,WFC,,,,16622000.0,915997912.4984741,0.8584251016954696,-6.99678276682053,0.03504591353984399,1.5061417542167084,3.0709665553544134,음봉,54.995591735839845,51.94580516815186,48.71035696665446,True,True,1,1.0157141004289894,0.16482541377211718,False,89.23303439343715,1.978756463089944,0.20811440006987936,60.72614372499699
2024-03-12,57.25,58.11000061035156,57.09999847412109,57.61000061035156,55.6095085144043,23622800.0,0.0091084683863491,0.0090672364721097,1.010002136230476,88.61155552267415,WFC,,,,23622800.0,1313652297.7340698,1.216598536798508,42.11767536999158,0.9108468386349156,1.8162399978213426,3.8877367530665854,음봉,55.19057769775391,52.365217208862305,48.874182319641115,True,True,1,0.9771428789411273,0.17272205913393654,False,88.61155552267415,1.9882085278644581,0.17405317187551472,53.3490333729037
2024-03-13,57.619998931884766,58.43999862670898,57.619998931884766,57.81999969482422,55.81221771240234,17444900.0,0.0036452254913479,0.0036385977584107,0.8199996948242116,87.64805516381763,WFC,,,,17444900.0,973638556.7710875,0.9011353270670943,-26.152276614118563,0.36452254913479365,1.469211811380853,3.6153716714825848,음봉,55.32764739990235,52.82758407592773,48.997452926635745,True,True,1,0.9528571537562774,0.1697486492732874,False,87.64805516381763,1.9891268789911933,0.13997721840179977,47.65377142062498
2024-03-14,57.869998931884766,58.130001068115234,57.119998931884766,57.369998931884766,55.37784194946289,24851100.0,-0.0077828077926909,-0.0078132519045827,1.0100021362304688,79.89778867529222,WFC,,,,24851100.0,1376200288.0702972,1.2784025228051508,42.45481487426124,-0.7782807792690916,1.823838020181761,3.686972680580579,음봉,55.399077606201175,53.25423583984375,49.11667900085449,True,True,0,0.9821428571428567,0.1096610652119945,False,79.89778867529222,1.9325272142663437,0.06670204294156012,35.668954684425906
2024-03-15,56.86000061035156,58.29999923706055,56.86000061035156,57.5099983215332,55.512977600097656,40782800.0,0.0024402476853122,0.0024372751158178,1.4399986267089844,79.44247536586306,WFC,,,,40782800.0,2263974662.8692627,2.0738653947018575,64.10863100627336,0.2440247685312258,2.5939855669108463,2.6764471288738028,음봉,55.484021759033205,53.51823844909668,49.248541577657065,True,True,1,1.022142682756696,0.10912011303964378,False,79.44247536586306,1.8769396973471828,0.008891620817919277,30.308972537792826
2024-03-18,57.59999847412109,57.83000183105469,57.11000061035156,57.77000045776367,55.763954162597656,16376500.0,0.0045210430668658,0.0045108538507071,0.720001220703125,77.81953379191489,WFC,,,,16376500.0,913218395.3437805,0.8497370164293386,-59.844591347332695,0.45210430668658486,1.2911588346187415,3.7595188805360698,음봉,55.615299987792966,53.80106449127197,49.37771746317546,True,True,1,1.0271429334368019,0.10854648108673456,False,77.81953379191489,1.832019520161552,-0.028822845094169436,30.851545149961073
2024-03-19,57.650001525878906,57.93999862670898,56.91999816894531,57.0099983215332,55.03034210205078,14504800.0,-0.0131556678783537,-0.0132429702026317,1.0200004577636648,69.11511962309636,WFC,,,,14504800.0,798204106.1218262,0.7714219071596427,-11.429182059658661,-1.315566787835376,1.853523744904455,3.3821980374309097,음봉,55.49946670532226,54.0539665222168,49.50664844512939,True,True,0,1.0392859322684143,0.09214545484827251,False,69.11511962309636,1.7174261740019858,-0.11473295300298858,8.095488785198574
2024-03-20,56.619998931884766,57.5099983215332,56.27999877929688,57.29999923706055,55.31027221679688,22841600.0,0.0050868321739121,0.005073937951806,1.229999542236321,65.80398917422418,WFC,,,,22841600.0,1263375113.8671877,1.2124412366283734,57.47614582758811,0.5086832173912148,2.223817553121333,2.8886915274596188,음봉,55.399077606201175,54.27791061401367,49.63848749796549,True,True,0,1.072857175554546,0.07913854747744263,False,65.80398917422418,1.630403861531903,-0.16140421237845715,15.64077675892569
2024-03-21,57.59000015258789,58.119998931884766,57.45000076293945,57.84999847412109,55.84117126464844,18141700.0,0.0095985614710161,0.0095527879533767,0.6699981689453125,75.69056792725547,WFC,,,,18141700.0,1013053776.7318726,0.9649318202214825,-20.57605421686747,0.959856147101612,1.1998282875729551,4.121708037984832,음봉,55.49174346923828,54.49413204193115,49.783488273620605,True,True,1,1.060000010899133,0.07067645138041197,False,75.69056792725547,1.5859948072995493,-0.1646506132886485,29.9507276716769
2024-03-22,57.810001373291016,58.02000045776367,57.119998931884766,57.130001068115234,55.14617156982422,13736600.0,-0.0124460085468193,-0.0125241088121805,0.9000015258789062,62.22219457503674,WFC,,,,13736600.0,757520900.3860474,0.7348150560846762,-24.281627410882113,-1.244600854681932,1.6320290244253035,3.525767930818801,음봉,55.418382263183595,54.651954650878906,49.90955696105957,True,True,0,0.9935714176722915,0.06570341967526047,False,62.22219457503674,1.4776858027463575,-0.21836769427347225,-9.429531349605181
2024-03-25,57.08000183105469,57.33000183105469,56.369998931884766,56.72999954223633,54.760066986083984,15028200.0,-0.0070014757643033,-0.0070261011055444,0.960002899169922,51.29743101087293,WFC,,,,15028200.0,822945238.6802673,0.8012532289365183,9.402617823915671,-0.7001475764303322,1.7531076056095485,3.506735293096309,음봉,55.21760482788086,54.77744045257568,50.03414300282796,True,True,0,0.9428574698311927,0.055156010563221766,False,51.29743101087293,1.3451882306442542,-0.28069221310046033,-69.5822463487869
2024-03-26,57.13999938964844,57.150001525878906,56.59000015258789,56.68000030517578,54.71179962158203,11445900.0,-0.000881433627797,-0.0008818223188374,0.5600013732910156,45.27471515749493,WFC,,,,11445900.0,626225787.2886658,0.6097433045000606,-23.83718609015052,-0.08814336277970236,1.0235477121284697,4.346109372308216,음봉,55.15389633178711,54.86769351959229,50.155528195699056,True,True,0,0.9028576442173534,0.055065283237205165,False,45.27471515749493,1.2221994230752742,-0.3229448165355524,-72.60181798594647
2024-03-27,56.380001068115234,57.63999938964844,56.380001068115234,57.61000061035156,55.6095085144043,13762800.0,0.0164079576806344,0.0162748017136585,1.2599983215332031,55.67968985151231,WFC,,,,13762800.0,765342543.7820435,0.7301396000105765,20.24218279034413,1.640795768063441,2.265796543062111,3.049070690548354,음봉,55.21374359130859,55.00717563629151,50.29602890014648,True,True,1,0.9350002833775096,0.048959343998716265,False,55.67968985151231,1.1835245775631762,-0.28929572963812045,-31.041218160080074
2024-03-28,57.65999984741211,58.08000183105469,57.560001373291016,57.959999084472656,55.94735336303711,14619000.0,0.0060753072209818,0.0060569269483683,0.5200004577636719,57.87610557570376,WFC,,,,14619000.0,817894358.8142395,0.7742048885691932,6.221117795797371,0.6075307220981818,0.9294460354352027,3.6873034626383765,음봉,55.23498001098633,55.12156047821045,50.44040304819743,True,True,1,0.9250003269740498,0.05078407266554499,False,57.87610557570376,1.1666868993171278,-0.24490672630733523,-15.400251840680292
2024-04-01,57.880001068115234,57.880001068115234,57.2599983215332,57.61000061035156,55.6095085144043,11039500.0,-0.0060386207447663,-0.0060569269483682,0.6200027465820312,54.34784045340037,WFC,,,,11039500.0,613901169.2447662,0.5840658981671197,-24.48525890963814,-0.6038620744766354,1.1149221835352754,3.454404165532829,음봉,55.32764739990235,55.24463310241699,50.58953069051107,True,True,1,0.9100006648472367,0.03756643802567967,False,54.34784045340037,1.1132488227454758,-0.23867584230318983,-31.041218160080074
2024-04-02,57.36000061035156,58.0,57.18999862670898,57.34999847412109,55.3585319519043,14632900.0,-0.0045131951208485,-0.0045234103330327,0.8100013732910227,47.727231901660765,WFC,,,,14632900.0,810055862.1990204,0.7723012032053418,32.55038724579917,-0.4513195120848579,1.4631915708941758,3.147828748556271,음봉,55.447340393066405,55.31895923614502,50.72488994598389,True,True,0,0.8957148960658472,0.0237310078918724,False,47.727231901660765,1.038673865200792,-0.25060063987829895,-42.660504281821986
2024-04-03,57.20000076293945,57.959999084472656,56.84999847412109,57.130001068115234,55.14617156982422,13226500.0,-0.0038360912869687,-0.0038434679562438,1.1100006103515696,43.9790113715992,WFC,,,,13226500.0,729390838.26828,0.6990630886212559,-9.611218555446976,-0.38360912869687125,2.0128334909815533,3.326440832345466,음봉,55.53421478271484,55.344538879394534,50.8464853922526,True,True,0,0.9164292471749442,0.022324763499205705,False,43.9790113715992,0.9514690233665064,-0.2702443853700678,-56.13004715493577
2024-04-04,57.72999954223633,58.0,56.540000915527344,56.68000030517578,54.71179962158203,12361900.0,-0.0078767380559174,-0.0079079234243819,1.4599990844726562,43.979041703478856,WFC,,,,12361900.0,676341795.7420349,0.6584993160076696,-6.5368767247571125,-0.7876738055917487,2.668526889210082,4.685416773022138,음봉,55.35467300415039,55.323785400390626,50.96084130605062,True,True,0,0.9485718863351005,0.022333138134223805,True,43.979041703478856,0.8376524360483302,-0.30724877815059526,-77.63360407606038
2024-04-05,56.630001068115234,57.619998931884766,56.56999969482422,57.400001525878906,55.40679931640625,11081000.0,0.0127029214836877,0.0126229161980828,1.0499992370605469,49.12838543689077,WFC,,,,11081000.0,613962743.2250977,0.5926915108703791,-10.36167579417403,1.270292148368779,1.895072897216852,3.5060105129068626,음봉,55.24656219482422,55.3430908203125,51.09684518178304,False,True,0,0.9207147870744977,0.022325347629511046,False,49.128385436890774,0.7943755705166708,-0.28042051494580367,-47.456488612922854
2024-04-08,57.380001068115234,57.97999954223633,57.310001373291016,57.790000915527344,55.78325653076172,15308800.0,0.0067944226881915,0.0067714446214386,0.6699981689453125,50.1552541565772,WFC,,,,15308800.0,853974717.578125,0.8186619960406972,38.15359624582619,0.6794422688191526,1.201073961280553,3.5612989309142584,음봉,55.2813117980957,55.37784080505371,51.24247824350993,False,True,0,0.9171431405203683,0.02231133831679337,False,50.1552541565772,0.7814472562678958,-0.23467906335566302,-26.996859094631926
2024-04-09,57.70000076293945,57.9900016784668,56.869998931884766,57.58000183105469,55.58054733276367,10643800.0,-0.0036338717135716,-0.0036404902642278,1.1200027465820312,54.83869236245255,WFC,,,,10643800.0,591588229.70047,0.5713646173691557,-30.472669314381275,-0.3633871713571657,2.0150984478013787,3.436056536284762,음봉,55.325714874267575,55.40149002075195,51.385371907552084,False,True,0,0.9242861611502516,0.022301814283194766,False,54.83869236245255,0.7462423189817713,-0.21590720051343004,-38.01366242005257
2024-04-10,56.790000915527344,57.29999923706055,56.41999816894531,56.93999862670898,54.962772369384766,16475200.0,-0.0111149492587803,-0.0111771818785813,0.8800010681152344,47.115379134718175,WFC,,,,16475200.0,905522667.3400879,0.8822546753171356,54.78682425449557,-1.1114949258780316,1.601085662493638,2.176037554151112,음봉,55.28903503417969,55.36915321350098,51.54416955312093,False,True,0,0.8992862701416026,0.022314839034847402,False,47.115379134718175,0.6608747235281527,-0.24101983677363892,-80.41294642857143
2024-04-11,56.97999954223633,57.0,55.630001068115234,56.68999862670898,54.721458435058594,18995600.0,-0.0043904978574295,-0.0044001643974728,1.3699989318847656,40.23574511797236,WFC,,,,18995600.0,1039466935.848999,1.0110819807366656,15.29814509080314,-0.43904978574295095,2.5035862914922666,3.6701699821372067,음봉,55.290966796875,55.31461524963379,51.70821113586426,False,True,0,0.9492863246372778,0.02233684055975167,False,40.23574511797236,0.5672098294968464,-0.2677477846439561,-37.0833612299203
2024-04-12,55.970001220703125,57.0,55.34000015258789,56.470001220703125,54.509090423583984,27876700.0,-0.0038808909255706,-0.0038884411234189,1.6599998474121094,43.93383434613471,WFC,,,,27876700.0,1519533561.0111237,1.4752877438943255,46.75345869569796,-0.3880890925570646,3.045363322910799,2.2816328755679196,음봉,55.11142501831055,55.27117767333984,51.87110970815023,False,True,0,1.0035719190325065,0.02602193403501286,True,43.93383434613471,0.4704206856282198,-0.29162954281006614,-30.325154014827188
2024-04-15,57.61000061035156,57.97999954223633,56.7400016784668,56.970001220703125,54.99173355102539,19407500.0,0.0088543603221196,0.0088153903409941,1.2399978637695312,52.16606317927997,WFC,,,,19407500.0,1067252068.8915253,1.0367016933373014,-30.380927441196416,0.8854360322119614,2.2548804769338098,5.688794589435918,음봉,54.953120422363284,55.24511547088623,52.04572658538818,False,True,0,1.0235715593610502,0.02603421003275989,False,52.16606317927997,0.42772926187316074,-0.26745677325210027,-12.710452124882533
2024-04-16,56.900001525878906,56.959999084472656,55.65999984741211,56.40999984741211,54.45117568969727,25620000.0,-0.0098298021615658,-0.0098784336210174,1.2999992370605469,47.76860454254782,WFC,,,,25620000.0,1395039121.1700442,1.368082698287697,32.01082055906221,-0.9829802161565815,2.3874585270093998,3.4700996888612066,음봉,54.72724609375,55.17947654724121,52.18449509938558,False,True,0,1.0764285496303023,0.027114749304642336,False,47.76860454254782,0.34628573282097364,-0.27912024184343,-32.43882913925699
2024-04-17,56.880001068115234,57.630001068115234,56.650001525878906,57.18000030517578,55.194435119628906,18867700.0,0.0136500161937231,0.0135576939077211,0.979999542236328,46.349707967244015,WFC,,,,18867700.0,1041392043.5066223,1.0063035717672046,-26.35558157689305,1.3650016193723191,1.7755404872108365,4.460556356504017,음봉,54.77357864379883,55.18768119812012,52.329101181030275,False,True,0,1.0564286368233826,0.027110718204822883,False,46.349707967244015,0.3378217744661214,-0.23006736015862583,-5.312589189377328
2024-04-18,57.630001068115234,59.130001068115234,57.220001220703125,58.7400016784668,56.70027160644531,24468500.0,0.0272823969219477,0.0269168658084924,1.9099998474121087,55.49296809468124,WFC,,,,24468500.0,1387370595.8023071,1.297805312470323,29.68459324665964,2.7282396921947782,3.3685902964792733,4.4127020110043,음봉,55.169341278076175,55.25718116760254,52.48937886555989,False,True,0,1.1557143075125569,0.04070232808159769,True,55.49296809468124,0.4474643556211433,-0.09633982320288315,35.89105871411518
2024-04-19,59.0,60.84999847412109,58.86000061035156,60.34999847412109,58.25436019897461,34334300.0,0.0274088385910418,0.0270399418863656,1.989997863769524,66.38751117977074,WFC,,,,34334300.0,2000122679.379654,1.8078027181968146,40.320411958232015,2.7408838591041818,3.4160496432755467,4.055938937148353,음봉,55.9183952331543,55.37784061431885,52.669646962483725,True,True,1,1.2535711015973778,0.06867700992107592,True,66.38751117977074,0.6522402330740391,0.0867488434000101,52.89221296125145
2024-04-22,60.400001525878906,61.4900016784668,60.34000015258789,61.09999847412109,58.97832107543945,21753400.0,0.012427582656338,0.0123509941382616,1.1500015258789062,71.18644219167662,WFC,,,,21753400.0,1282979009.6824646,1.1431061102098181,-36.64236637997571,1.2427582656338032,1.9498715882534767,3.6832287224091154,음봉,56.71571273803711,55.56944808959961,52.855750528971356,True,True,1,1.2778568267822266,0.08146824453686596,False,71.18644219167662,0.8629961017585543,0.23800376966762027,59.159675124334285
2024-04-23,61.16999816894531,61.7599983215332,60.810001373291016,60.93999862670898,58.82386779785156,21731200.0,-0.0026188144181034,-0.0026222495111397,0.9499969482421876,71.67227607836935,WFC,,,,21731200.0,1278313235.8886719,1.1369049482558646,-0.10205301240265863,-0.261881441810341,1.6149855217049913,3.7160723695448614,음봉,57.59025115966797,55.772638130187985,53.032250595092776,True,True,1,1.2664279937744136,0.08117144064755613,False,71.67227607836935,1.0059624485071197,0.3047760931329484,54.265866649554006
2024-04-24,60.59999847412109,60.95000076293945,60.04999923706055,60.59999847412109,58.49568176269531,19731600.0,-0.0055791305033539,-0.0055947519818798,0.9000015258789062,72.58061138170521,WFC,,,,19731600.0,1154213394.2687988,1.0306187480812035,-9.201516713297009,-0.5579130503353902,1.538577718488731,3.0194047803405306,음봉,58.25050048828125,55.961832237243655,53.20280164082845,True,True,1,1.2264281681605742,0.08089701864209656,False,72.58061138170521,1.0803290769329053,0.30331417724698706,49.1539331797947
2024-04-25,60.61000061035156,60.959999084472656,59.59999847412109,59.93000030517578,57.84894943237305,24002500.0,-0.0110560696248642,-0.0111176422171691,1.3600006103515696,64.65816355267938,WFC,,,,24002500.0,1388519408.750534,1.247466759545963,21.644975572178637,-1.1056069624864273,2.3509512682532745,3.614487059461239,음봉,58.4802360534668,56.07380428314209,53.34915428161621,True,True,0,1.2485711233956474,0.08073547788701063,False,64.65816355267938,1.0746909038854255,0.23814080335960564,39.080217996344544
2024-04-26,59.77999877929688,60.43000030517578,59.380001068115234,59.90999984741211,57.82963943481445,18785900.0,-0.0003338003152705,-0.0003338560389965,1.0499992370605469,62.83289276957122,WFC,,,,18785900.0,1086381823.4584808,0.9766903012104569,-21.733569419852095,-0.03338003152705271,1.8156766103376896,3.338088877795928,음봉,58.39529190063477,56.167918586730956,53.51132043202718,True,True,0,1.2757140568324499,0.08060019847008659,False,62.832892769571224,1.0564859433861713,0.1759486742882811,38.779439132387864
2024-04-29,59.86000061035156,60.29999923706055,59.36000061035156,59.79999923706055,57.72345733642578,15338400.0,-0.0018361189768156,-0.0018378067094992,0.9399986267089844,63.60289826575769,WFC,,,,15338400.0,885385478.0090332,0.7983663846428524,-18.351529604650295,-0.18361189768156816,1.6284517076488556,3.510935214849008,음봉,58.14431915283203,56.273616027832034,53.689413706461586,True,True,0,1.2628566196986608,0.08044880896765416,False,63.60289826575769,1.0217127050223027,0.11294034873952996,37.125511894490906
2024-04-30,59.59999847412109,59.9900016784668,59.29999923706055,59.31999969482422,57.26012802124024,18007700.0,-0.0080267076257256,-0.008059095069499,0.69000244140625,64.87496628520796,WFC,,,,18007700.0,1031123207.3680879,0.9347777741614801,17.40272779429406,-0.802670762572566,1.2050312586627443,3.2509160474543055,음봉,57.83157119750977,56.36869583129883,53.85286699930827,True,True,0,1.2492852892194475,0.08031311207360725,False,64.87496628520796,0.9458645221295683,0.029673732677436226,29.908542309877205
2024-05-01,59.58000183105469,60.150001525878906,59.33000183105469,59.52000045776367,57.45318603515625,16365400.0,0.0033715959182696,0.0033659248322501,0.8199996948242188,67.79867016887351,WFC,,,,16365400.0,940244370.7397461,0.8523557750932633,-9.11998756087674,0.3371595918269632,1.4272484285248372,4.051464587983291,음봉,57.62307205200195,56.48404655456543,54.02693831125895,True,True,0,1.2099996294294084,0.0801490980531788,False,67.79867016887351,0.8910608640259383,-0.020103940340955084,32.91567734069178
2024-05-02,60.119998931884766,60.150001525878906,59.31999969482422,59.83000183105469,57.75242233276367,15329500.0,0.0052083499324879,0.0051948333902525,0.8300018310546875,70.8955121172442,WFC,,,,15329500.0,885315758.1501007,0.8065625005480734,-6.3298177863052585,0.5208349932487977,1.4371723254693978,4.641714551907814,음봉,57.60376663208008,56.63607769012451,54.212592951456706,True,True,1,1.1507140568324499,0.07993394970802449,False,70.8955121172442,0.8618396870983247,-0.039460093814854935,34.30201653702946
2024-05-03,60.02999877929688,60.2599983215332,59.119998931884766,59.93999862670898,57.85859680175781,17298500.0,0.001838441829892,0.0018367539640898,1.1399993896484375,69.41171122350993,WFC,,,,17298500.0,1000866936.7752075,0.9117076118751952,12.84451547669525,0.18384418298920124,1.9703198014885195,3.9436898999838363,음봉,57.60955810546875,56.75866756439209,54.39696057637533,True,True,1,1.1435713086809431,0.0797613048369429,False,69.41171122350993,0.8375938259255307,-0.05096476399011918,36.04258203789934
2024-05-06,60.470001220703125,60.880001068115234,59.84000015258789,60.18999862670898,58.09991455078125,16240100.0,0.0041708192448957,0.0041621454877271,1.0400009155273438,75.7492907803328,WFC,,,,16240100.0,943548422.2961426,0.854468846554335,-6.118449576552876,0.4170819244895707,1.7900214201147377,4.513425079928615,음봉,57.68484954833984,56.87450046539307,54.587441507975264,True,True,1,1.125,0.07959885974729312,False,75.7492907803328,0.8283029707871705,-0.04820449530278337,28.374049591095552
2024-05-07,60.27999877929688,60.61000061035156,60.060001373291016,60.2599983215332,58.16748428344727,16268200.0,0.0011629919456588,0.001162316194404,0.5499992370605469,73.19275441243435,WFC,,,,16268200.0,946280267.8199769,0.8542766988818432,0.17302849120386377,0.11629919456588311,0.9455441366183688,3.7523019532329367,음봉,57.86632080078125,57.00384731292725,54.78371416727702,True,True,1,1.0942856924874442,0.0794182427878955,False,73.19275441243435,0.8169746387884516,-0.04762626184120178,20.86968431259379
2024-05-08,60.150001525878906,61.43000030517578,60.09999847412109,61.22999954223633,59.10380554199219,18718400.0,0.0160969873474718,0.0159688045879446,1.3300018310546946,70.57848324514995,WFC,,,,18718400.0,1106328673.6572266,0.9805887760817533,15.061285206722319,1.6096987347471892,2.2502812109276995,3.408291190265209,음봉,58.19644470214844,57.21089897155762,54.9817564646403,True,True,1,1.052857262747629,0.0813241871030198,False,70.57848324514995,0.8734812068353364,0.0071042449645464245,8.40707324356072
2024-05-09,60.7400016784668,61.369998931884766,60.47999954223633,61.27999877929688,59.492130279541016,14224300.0,0.006570215470693,0.0065487256820315,0.8899993896484375,63.240572528242055,WFC,,,,14224300.0,846233908.7352753,0.7430676566265195,-24.00899649542696,0.657021547069303,1.4959951601439003,2.7683431235440863,음봉,58.544386291503905,57.44943256378174,55.19721062978109,True,True,1,0.9742859431675512,0.08774594221182522,False,63.240572528242055,0.9387760046613209,0.05791923423242484,14.095887639800017
2024-05-10,61.459999084472656,61.970001220703125,61.459999084472656,61.88999938964844,60.0843391418457,14428200.0,0.0099544067345045,0.009905187987219,0.5100021362304688,62.174368724617175,WFC,,,,14428200.0,866908862.0063782,0.7550752706482892,1.4334624550944586,0.995440673450454,0.8488104279993289,3.3077800302074216,음봉,58.98953475952148,57.72819499969482,55.4178695042928,True,True,1,0.9285717010498057,0.09758080002636857,False,62.174368724617175,1.0264763281030014,0.11649564613928409,33.836471421247985
2024-05-13,61.959999084472656,62.16999816894531,61.209999084472656,61.2599983215332,59.47271347045898,15203500.0,-0.0101794524184216,-0.0102316173531124,0.9599990844726562,56.4890062558703,WFC,,,,15203500.0,904193399.248123,0.7949218544139004,5.373504664476503,-1.0179452418421664,1.6141840996535373,3.1217118627184015,음봉,59.264094543457034,57.95224399566651,55.571865971883135,True,True,1,0.929286139351982,0.09720354318927946,False,56.4890062558703,1.0346990199412431,0.09977467038202048,11.564413993563557
2024-05-14,61.560001373291016,61.9900016784668,61.02000045776367,61.88999938964844,60.0843391418457,14499600.0,0.0102841393253483,0.0102316173531122,0.970001220703125,65.03551491756511,WFC,,,,14499600.0,871198883.821106,0.7575902938187884,-4.629854967606139,1.028413932534833,1.6143994168150353,3.509656413892779,음봉,59.647465515136716,58.23390216827393,55.7381477355957,True,True,1,0.9342861175537119,0.08397005593214114,False,65.03551491756511,1.0781405098973096,0.1145729282704695,31.617719710983454
2024-05-15,62.20000076293945,62.54999923706055,61.869998931884766,62.34000015258789,60.52120971679688,17489600.0,0.0072709558129586,0.0072446498497753,0.6800003051757812,76.33726521677997,WFC,,,,17489600.0,1058491749.4628907,0.9101869218941362,20.62125851747634,0.7270955812958668,1.1235735510869274,3.521153184524749,음봉,59.930946350097656,58.500240898132326,55.91396287282308,True,True,1,0.8857146671840128,0.06531491241215652,False,76.33726521677997,1.1347394380937814,0.13693748517355286,40.85162274760518
2024-05-16,62.45000076293945,62.47999954223633,60.970001220703125,61.060001373291016,59.27854919433594,21104100.0,-0.0205326451383879,-0.0207463705229164,1.5099983215332031,61.50566675814903,WFC,,,,21104100.0,1251020430.052185,1.1218005091628815,20.66656756015004,-2.053264513838793,2.5472929787517193,3.1869671065204432,음봉,59.88823013305664,58.62915477752686,56.05474885304769,True,True,0,0.9185717446463454,0.05562218503628584,True,61.505666758149026,1.0670222098110074,0.05537620551262301,4.622456219957872
2024-05-17,61.40999984741211,61.630001068115234,60.88999938964844,61.08000183105469,59.2979736328125,15795800.0,0.0003276807334282,0.000327627057822,0.7400016784667969,62.677780726456,WFC,,,,15795800.0,936658931.9091797,0.8457458905741825,-25.152932368591884,0.03276807334282594,1.2479375485055655,3.5956525286887953,음봉,59.73095703125,58.68133544921875,56.18443603515625,True,True,0,0.9042862483433319,0.05557272462516967,False,62.677780726456,1.0033571319202323,-0.006631097902521699,5.188766329238373
2024-05-20,60.97999954223633,61.790000915527344,60.59000015258789,60.70000076293945,58.92905807495117,15029000.0,-0.0062213855762718,-0.0062408190394885,1.2000007629394531,63.64545398971231,WFC,,,,15029000.0,885644813.8084412,0.8079926180185579,-4.854454981703993,-0.6221385576271832,2.0363481143940674,2.8365655795244242,음봉,59.62222595214844,58.67887229919434,56.30009167989095,True,True,0,0.9407146998814179,0.05557505738912122,False,63.64545398971231,0.9126136545192054,-0.0778996602428389,-5.5667883365919515
2024-05-21,60.81999969482422,61.70000076293945,60.77999877929688,61.459999084472656,59.666873931884766,18422100.0,0.0125204081150451,0.012442675958432,0.920001983642571,66.6190504283456,WFC,,,,18422100.0,1099189118.2605743,0.9905319335156291,22.57701776565306,1.2520408115045178,1.5418974097634779,3.2088441282532987,음봉,59.53873291015625,58.721022605895996,56.42370039621989,True,True,1,0.9478577205113002,0.05553516527536095,False,66.6190504283456,0.889975287256469,-0.08043042200446027,15.943876132453394
2024-05-22,61.29999923706055,61.45000076293945,60.5099983215332,60.93000030517578,59.15234756469727,10340500.0,-0.0086233169811253,-0.0086607129188919,0.94000244140625,60.180709522065776,WFC,,,,10340500.0,611664849.9927522,0.560842609304654,-43.86904858838027,-0.8623316981125395,1.5891211086392336,2.737072009236053,음봉,59.26496047973633,58.7538558959961,56.527793884277344,True,True,0,0.9557149069649833,0.055504130679172564,False,60.180709522065776,0.8210516678048236,-0.11948323316488463,0.9431087444422049
2024-05-23,60.75,60.77999877929688,59.36000061035156,59.68000030517578,57.938812255859375,13056100.0,-0.0205154209224005,-0.0207287853890605,1.4199981689453196,50.50243043675226,WFC,,,,13056100.0,756454926.6937256,0.7129217904971012,26.261786180552193,-2.051542092240055,2.4508582652239554,2.700911292751841,음봉,58.997013092041016,58.75834903717041,56.61310965220134,True,True,0,0.9757148197719034,0.05549988638199632,False,50.50243043675226,0.6608887314290897,-0.22371693563249495,-44.5513782543029
2024-05-24,60.040000915527344,60.38999938964844,59.869998931884766,60.209999084472656,58.453346252441406,9913000.0,0.0088806445377207,0.0088414435298809,0.5200004577636719,52.14046436409841,WFC,,,,9913000.0,579448021.4004517,0.5451628114775234,-24.073804581766378,0.888064453772075,0.8895991266572753,3.626564953366773,음봉,58.828087615966794,58.789534378051755,56.69300448099772,True,True,0,0.9385719299316412,0.05547044605908836,False,52.14046436409841,0.5689189008742588,-0.25254941294986066,-28.421778941187863
2024-05-28,59.970001220703125,60.18000030517578,59.18999862670898,59.47999954223633,57.74464797973633,11276300.0,-0.0121241694127216,-0.0121982666755939,0.990001678466804,47.62373741488079,WFC,,,,11276300.0,651145974.0139008,0.6246475949938287,13.752648037929994,-1.2124169412721653,1.714447508302785,2.59464182206399,음봉,58.59120559692383,58.79059391021728,56.7696143468221,False,True,0,0.9700006757463738,0.05546944636308383,False,47.623737414880786,0.43384502440184747,-0.3100986315378177,-43.01638048873499
2024-05-29,58.869998931884766,58.93999862670898,58.41999816894531,58.75,57.035945892333984,12835000.0,-0.0122730350291691,-0.012348970670409,0.5200004577636648,38.07389526495297,WFC,,,,12835000.0,732056365.5281067,0.7155276594505833,13.822796484662515,-1.22730350291691,0.9117065556259256,1.9488402674882426,음봉,58.06501998901367,58.779384803771975,56.8223466237386,False,True,0,0.9121434347970145,0.059293982679438355,False,38.07389526495297,0.26653917091242363,-0.38192358802179327,-33.51215299425948
2024-05-30,58.81999969482422,59.38999938964844,58.59999847412109,59.209999084472656,57.482521057128906,13580800.0,0.0078297143636034,0.007799221215102,0.7900009155273509,38.48720168852135,WFC,,,,13580800.0,780658621.9726562,0.7671204676869292,5.810673938449562,0.7829714363603468,1.37433240748472,3.1279463758836745,음봉,57.7310546875,58.78085155487061,56.86981232961019,False,True,0,0.9050006866455084,0.05929250312424416,False,38.48720168852135,0.16804583251075655,-0.3843335411387683,-22.699197805395073
2024-05-31,59.27000045776367,59.9900016784668,58.970001220703125,59.91999816894531,58.17180633544922,25386600.0,0.0119912151666985,0.0119198901622789,1.020000457763672,39.16386807627155,WFC,,,,25386600.0,1476784378.7155151,1.4242412126100747,86.93007775683317,1.1991215166698543,1.7534275141497462,3.1096050899686225,음봉,57.777653503417966,58.80182075500488,56.92056128184001,False,True,0,0.9414291381835943,0.0592713589428479,False,39.16386807627155,0.14394935502491535,-0.3267440148996876,-6.009485939657601
2024-06-03,60.20000076293945,60.20000076293945,58.59999847412109,59.34000015258789,57.608734130859375,13206500.0,-0.0096794691459789,-0.0097266197158094,1.6000022888183665,39.3805373202837,WFC,,,,13206500.0,760809747.2991943,0.7450769735426366,-47.97846107789149,-0.9679469145978947,2.7773606085214957,3.4865591344965274,음봉,57.60873107910156,58.78932762145996,56.96369533538818,False,True,0,0.9871436527797164,0.05928395451134002,True,39.3805373202837,0.07851245913538918,-0.313744728631371,-19.643191967893742
2024-06-04,58.81999969482422,59.47999954223633,58.34000015258789,58.70000076293945,56.98741149902344,12520700.0,-0.0107852158394001,-0.0108437978737739,1.1399993896484375,32.37565784017846,WFC,,,,12520700.0,713522283.1558228,0.712296027534505,-5.192897436868204,-1.0785215839400175,2.0004407283316827,2.1025727821295814,음봉,57.45728378295898,58.73370246887207,56.99534791310628,False,False,0,0.999286379132953,0.060166447358674546,False,32.37565784017846,-0.02321469156992606,-0.332377503469349,-32.12800350843492
2024-06-05,58.86000061035156,58.91999816894531,58.130001068115234,58.68000030517578,56.96799087524414,11199100.0,-0.0003407879612083,-0.0003408460426216,0.7899971008300781,28.77024673287597,WFC,,,,11199100.0,637990226.6109467,0.6453980137048329,-10.555320389435096,-0.03407879612083997,1.3867385679093296,3.2859697643228007,음봉,57.44369277954102,58.67372779846191,57.02635504404704,False,False,0,1.00714329310826,0.060558941367381235,False,28.770246732875975,-0.10420011932919238,-0.3306903449828923,-26.712887367296723
2024-06-06,58.77999877929688,59.0,57.5,57.72999954223633,56.04570388793945,18587400.0,-0.016189564931725,-0.0163220477770945,1.5,29.915511917204043,WFC,,,,18587400.0,1041743916.4466858,1.0707202892008418,65.97226562848802,-1.6189564931725076,2.676387119696407,3.180747427131335,음봉,57.15632934570313,58.52082271575928,57.03362496693929,False,False,0,1.0064291272844597,0.07647715157039657,True,29.915511917204043,-0.2400355261696916,-0.37322060145871316,-33.899669037291545
2024-06-07,57.56999969482422,58.68000030517578,57.56999969482422,58.36000061035156,56.657325744628906,14466700.0,0.0109129123957896,0.0108537962645542,1.1100006103515625,34.71902502686527,WFC,,,,14466700.0,819644534.349823,0.83595215180137,-22.169319001043718,1.091291239578962,1.9591475519947041,2.7197371094357523,음봉,56.853433227539064,58.37908248901367,57.04771010080973,False,False,0,1.0328576224190857,0.0766628326113154,False,34.71902502686527,-0.2949334828339403,-0.3424948464983695,-19.642752343504082
2024-06-10,57.900001525878906,58.130001068115234,57.369998931884766,57.93000030517578,56.2398681640625,12787500.0,-0.0073681130388683,-0.0073953916609914,0.7600021362304688,34.5250602463592,WFC,,,,12787500.0,719167314.1479492,0.7415282903932892,-11.607346526851325,-0.7368113038868307,1.3513583175789041,2.193318807264399,음봉,56.57966003417969,58.18685894012451,57.06207720438639,False,False,0,1.0014291490827298,0.07691609257449036,False,34.5250602463592,-0.3678850965296405,-0.33235716815525573,-26.10000669553971
2024-06-11,57.75,57.75,56.5099983215332,57.130001068115234,55.46321487426758,19197800.0,-0.0138096570128734,-0.0139058973845217,1.2400016784667969,25.91769263852805,WFC,,,,19197800.0,1064771706.5132141,1.117804969478653,50.129423264907146,-1.38096570128734,2.2357190820579382,2.685162475011775,음봉,56.274820709228514,57.98638401031494,57.06124782562256,False,False,0,1.0242862701416031,0.08722728497140914,False,25.917692638528052,-0.48280374466200016,-0.35782065303009225,-21.189937852897934
2024-06-12,58.27999877929688,58.45000076293945,57.15999984741211,57.29999923706055,55.62825012207031,16929800.0,0.002975580268415,0.0029711619919025,1.2900009155273438,28.968649475594106,WFC,,,,16929800.0,941775148.916626,0.9862186294969207,-11.81385367073311,0.29755802684150456,2.3189672741755727,5.078652421095345,음봉,56.00687255859375,57.763579559326175,57.05898609161377,False,False,0,1.0492861611502526,0.0875637362004978,False,28.968649475594106,-0.5541724806143478,-0.34335151118595186,-20.64983852307799
2024-06-13,57.45000076293945,57.619998931884766,56.68999862670898,57.27000045776367,55.59912872314453,15963700.0,-0.0005235001795288,-0.0005236372535887,0.9300003051757884,33.73816422456581,WFC,,,,15963700.0,887567811.1976624,0.9376453893144873,-5.706505688194785,-0.05235001795288463,1.6726886311595246,3.2748659842283403,음봉,55.91755752563476,57.51747550964355,57.068465868631996,False,False,0,1.0142863137381433,0.07308490194275633,False,33.73816422456581,-0.6060958755840318,-0.3162199249245087,-23.476014114376
2024-06-14,56.9900016784668,57.61000061035156,56.619998931884766,57.400001525878906,55.72533416748047,15375400.0,0.0022699176629974,0.0022673452918773,0.9900016784667968,29.957175127942108,WFC,,,,15375400.0,856799302.9586792,0.9250022130719932,-3.6852358789002504,0.2269917662997445,1.776573785078404,2.5016092648647565,음봉,55.73115921020508,57.33981475830078,57.07538356781006,False,False,0,1.0478578295026522,0.07331134701666692,False,29.957175127942108,-0.629801851860158,-0.2719407209605079,-21.26459715169459
2024-06-17,57.209999084472656,58.25,57.06999969482422,58.2400016784668,56.540828704833984,18361100.0,0.0146341794003885,0.014528133145023,1.1800003051757812,41.29213700175386,WFC,,,,18361100.0,1038151809.9323273,1.10253595336892,19.418681790392455,1.463417940038858,2.0869879911662785,2.6642548477683077,음봉,55.791351318359375,57.20195751190185,57.08704452514648,False,False,0,1.0614291599818648,0.07348802804069325,False,41.29213700175386,-0.5761439858276773,-0.17462628394242175,0.8355111897712424
2024-06-18,58.209999084472656,59.04999923706055,57.900001525878906,59.04999923706055,57.32719421386719,15547400.0,0.0139079233015553,0.0138120956234001,1.1499977111816406,52.08334583993909,WFC,,,,15547400.0,891288819.3206787,0.9326538274433755,-15.324245279422255,1.3907923301555325,2.0060247618109686,2.952150539484338,음봉,56.164147186279294,57.121864318847656,57.1233949025472,False,True,0,1.1064289637974345,0.0735910689845984,False,52.08334583993909,-0.4648085916533944,-0.050632711814510956,22.14621549200258
2024-06-20,58.7400016784668,59.20000076293945,58.59000015258789,58.959999084472656,57.23981857299805,11985500.0,-0.001524156939256,-0.0015253196480276,0.6100006103515625,48.16986278357591,WFC,,,,11985500.0,686047845.5066681,0.7264931813677289,-22.90993992564673,-0.1524156939256005,1.0656927739448154,2.464462955101085,음봉,56.48646087646485,57.00051155090332,57.164724095662436,False,True,0,1.093571799142021,0.06472104530386852,False,48.16986278357591,-0.37925317906021405,0.027938160622935526,19.778313512082967
2024-06-21,58.29999923706055,58.459999084472656,57.31999969482422,58.09999847412109,56.4049072265625,62732600.0,-0.0145861983362295,-0.0146936228167463,1.1399993896484375,36.962741038224976,WFC,,,,62732600.0,3538426483.0810547,3.6460702160406266,423.4041133035752,-1.4586198336229539,2.021099662604503,1.8521733480172542,음봉,56.64761657714844,56.86313953399658,57.19294255574544,False,False,0,1.1021431514195044,0.05258470430367511,False,36.962741038224976,-0.3745032261281054,0.026150490844035423,-2.8479952693650032
2024-06-24,58.4900016784668,59.459999084472656,58.27000045776367,59.0099983215332,57.288352966308594,16198300.0,0.015662568793838,0.0155411766642164,1.1899986267089844,47.74275114198205,WFC,,,,16198300.0,927973927.8541565,0.9393252422242567,-74.17881611793548,1.5662568793838094,2.0772086560226737,3.6966543416675863,음봉,56.96022033691406,56.830616569519044,57.220923296610515,True,True,0,1.0728571755545484,0.05261479742202159,False,47.74275114198205,-0.2960396059750252,0.0836912887976925,26.2072163253563
2024-06-25,58.77000045776367,59.0,57.18000030517578,57.20000076293945,55.53116607666016,26726900.0,-0.0306726725183011,-0.0311529248739759,1.8199996948242188,41.15559732026275,WFC,,,,26726900.0,1484175922.6142886,1.5333580181863498,64.99817882123433,-3.067267251830119,3.277438280895685,2.5862979379533537,음봉,56.758287811279295,56.68450756072998,57.21398684183757,True,False,0,1.1214286259242472,0.0477836286798424,True,41.15559732026275,-0.3713660417133724,0.006691882447476316,-33.180745482170906
2024-06-26,57.220001220703125,57.79999923706055,56.83000183105469,57.0099983215332,55.346710205078125,30425700.0,-0.0033216639342202,-0.003327192906854,0.9699974060058594,40.346781685166384,WFC,,,,30425700.0,1683962400.6866455,1.7159052934989698,13.839240615260273,-0.3321663934220287,1.7525836719322496,3.0412383952311455,음봉,56.36219100952148,56.56461067199707,57.20960687001546,False,False,0,1.1342857905796602,0.04994458720405705,False,40.346781685166384,-0.4408648168287215,-0.050245514134298175,-39.43348527462581
2024-06-27,56.40999984741211,57.470001220703125,56.33000183105469,57.41999816894531,55.744747161865234,13832200.0,0.0071917003795212,0.0071659634236609,1.1399993896484375,48.08876739620418,WFC,,,,13832200.0,771072491.6923523,0.7800402539120456,-54.537775630470286,0.7191700379521215,2.045034640372908,1.9211433496121804,음봉,56.06317672729492,56.500050735473636,57.21604379018148,False,False,0,1.1085714612688342,0.05000165652236049,False,48.08876739620418,-0.4585390877670932,-0.054335828058135915,-18.698248650229736
2024-06-28,58.09000015258789,59.45000076293945,58.09000015258789,59.38999938964844,57.65727615356445,31074500.0,0.0343086853752485,0.0337332667126348,1.3600006103515625,55.4497519938827,WFC,,,,31074500.0,1791671027.8339386,1.7269489438203833,124.65334509333297,3.430868537524856,2.35876666585729,4.20712822306428,음봉,56.31365051269531,56.50878849029541,57.25789553324382,False,True,0,1.126428604125977,0.04999392494242315,False,55.4497519938827,-0.31459451907593206,0.07168699250642019,42.40496764207627
2024-07-01,59.61000061035156,60.61000061035156,59.56999969482422,60.59000015258789,58.822265625,14470200.0,0.0202054198386463,0.0200039990182063,1.0400009155273438,63.013746557977846,WFC,,,,14470200.0,851169948.046875,0.8017473719370928,-53.43384447054659,2.020541983864632,1.7680395416210113,3.386778889079361,음봉,56.6204330444336,56.54131145477295,57.326403299967446,True,True,0,1.1464285169328967,0.061469310323690504,False,63.013746557977846,-0.10529867957004768,0.22478626560984366,58.23047908333155
2024-07-02,60.4900016784668,61.18000030517578,60.13999938964844,60.970001220703125,59.19117736816406,9543700.0,0.0062716343759339,0.0062520495204424,1.0400009155273438,69.5918494179158,WFC,,,,9543700.0,564902839.4485474,0.5311631950195922,-34.04583212395129,0.6271634375933921,1.7570201536263201,2.835212203655743,음봉,57.35243530273438,56.62043361663818,57.38947626749675,True,True,0,1.1321427481515072,0.06789893537580084,False,69.5918494179158,0.08930838422195819,0.33551466352147963,58.99332860363159
2024-07-03,61.0,61.13999938964844,60.15999984741211,60.65999984741211,58.89021682739258,6698800.0,-0.0050845506738197,-0.0050975209857486,0.979999542236328,66.90139926401962,WFC,,,,6698800.0,394493784.4833374,0.3749902037251968,-29.80919349937655,-0.5084550673819743,1.664112640489523,3.055899058376919,음봉,58.061136627197264,56.71557388305664,57.44125893910726,True,True,0,1.1099997929164347,0.067785035041926,False,66.90139926401962,0.21675229836530008,0.3703668621318572,52.787954676663006
2024-07-05,60.5,60.65999984741211,59.11000061035156,59.619998931884766,57.88056182861328,11436300.0,-0.017144698273715,-0.0172933703554209,1.5499992370605469,60.73057722174536,WFC,,,,11436300.0,661939469.2405701,0.6407163098480377,70.72162178300592,-1.7144698273715009,2.6779270761921046,2.7335324258114073,음봉,58.48829956054688,56.7612024307251,57.47959251403809,True,True,0,1.1542854309082031,0.06773054478149867,False,60.73057722174536,0.23358912808078713,0.3097629534778754,31.97031928632891
2024-07-08,59.970001220703125,60.40999984741211,58.65999984741211,59.0099983215332,57.288352966308594,12480000.0,-0.0102315672756985,-0.0102842695529451,1.75,57.04282873730443,WFC,,,,12480000.0,714958645.0195312,0.6983205986457781,9.126203404947407,-1.0231567275698517,3.054722137027013,3.6099155330882233,음봉,58.4145149230957,56.82333488464356,57.51835219065348,True,False,0,1.2085710253034319,0.06765648603501623,False,57.04282873730443,0.1968766594622835,0.2184403878874974,19.759823438451214
2024-07-09,59.08000183105469,60.41999816894531,58.91999816894531,59.880001068115234,58.13298034667969,12233800.0,0.0147434397506212,0.0146358118237539,1.5,57.15531325807253,WFC,,,,12233800.0,711187254.96521,0.6864191448329224,-1.9727564102564155,1.4743439750621201,2.580290896930891,3.127422542239548,음봉,58.27665786743164,56.897117614746094,57.575210889180504,True,True,0,1.2314281463623047,0.06756875083052648,False,57.15531325807253,0.23324740345786665,0.20384890550646442,37.1748264508832
2024-07-10,59.540000915527344,59.9900016784668,59.380001068115234,59.720001220703125,57.97764587402344,12097200.0,-0.0026720541718299,-0.0026756304807265,0.6100006103515625,53.09897408458568,WFC,,,,12097200.0,701367177.6672363,0.6778772824838234,-1.1165786591247229,-0.26720541718299184,1.052130698229798,2.4203482437280877,음봉,58.03395156860351,56.98400650024414,57.63302014668783,True,True,0,1.192856924874442,0.06746572238772762,False,53.09897408458568,0.24669355659343495,0.17383604691362614,33.97205281115748
2024-07-11,59.400001525878906,60.709999084472656,59.27999877929688,60.15999984741211,58.4048080444336,16852800.0,0.0073677046380655,0.0073406956837807,1.430000305175774,55.37633746065829,WFC,,,,16852800.0,984284549.0112306,0.9440444608365999,39.31157623251662,0.7367704638065575,2.448429081537001,2.4532828651684655,음봉,57.93686981201172,57.13108615875244,57.68990472157796,True,True,0,1.2514283316476,0.06729203699021515,False,55.37633746065829,0.28849258410735956,0.17250805954204063,42.77952301325013
2024-07-12,56.20000076293945,56.91999816894531,55.59999847412109,56.540000915527344,54.890419006347656,53042800.0,-0.0601729404779867,-0.0620593998762432,1.319999694824226,44.39655099410431,WFC,,,,53042800.0,2911541517.2698975,2.883993881442066,214.74176397987276,-6.017294047798671,2.404790706136854,-3.775044136463491,음봉,57.33884124755859,57.09419460296631,57.697225443522136,True,False,0,1.2642854963030135,0.07532741974423021,False,44.39655099410431,0.0376033224649035,-0.06270496168033236,-12.716473744226539
2024-07-15,57.04999923706055,58.2400016784668,57.040000915527344,57.72999954223633,56.04570388793945,27277300.0,0.0210471135492369,0.0208286826323369,1.2000007629394531,45.492988496746,WFC,,,,27277300.0,1528775478.6624908,1.4838636393073166,-48.57492440067266,2.104711354923694,2.1411110570380094,3.934348233820463,음봉,57.090311431884764,57.116523361206056,57.71141325632731,False,False,0,1.2649999346051897,0.0752979717378511,False,45.492988496745994,-0.06723138852360222,-0.13403173813507047,7.98754959788467
2024-07-16,58.040000915527344,60.619998931884766,57.52999877929688,60.2400016784668,58.48247528076172,25577300.0,0.0434782904626278,0.0425596427788138,3.0900001525878835,60.20132932629671,WFC,,,,25577300.0,1495823814.9986267,1.3840116611645292,-6.2322883863139005,4.3478290462627855,5.283634349868847,3.5583405849900407,양봉,57.16021041870117,57.25438041687012,57.74111665089925,False,True,0,1.35571425301688,0.07511666933608419,True,60.20132932629671,0.045785645753547044,-0.01681176308633696,51.65727349046059
2024-07-17,60.15999984741211,61.0,59.88999938964844,60.90999984741211,59.13292694091797,17371100.0,0.0111221636401943,0.0110607671995609,1.1100006103515625,62.67878065094014,WFC,,,,17371100.0,1027203987.1833801,0.9466736861172402,-32.083918161807546,1.112216364019436,1.8771277996447018,2.868422649002044,음봉,57.391266632080075,57.383985328674314,57.75575942993164,True,True,0,1.365714481898716,0.07494701417448174,False,62.67878065094014,0.18569786321102555,0.09848036349691323,63.31410945306288
2024-07-18,60.619998931884766,60.81999969482422,58.9900016784668,59.2400016784668,57.51165008544922,17739000.0,-0.0274174971431505,-0.0278003712453735,1.8299980163574217,55.46874612586748,WFC,,,,17739000.0,1020199160.8657837,0.9676679448179458,2.1178854534255276,-2.741749714315056,3.181960548234073,2.514795170637484,음봉,57.2126350402832,57.39320812225342,57.7313149134318,False,False,0,1.4150000980922148,0.07493497057448592,False,55.468746125867476,0.16386685578891047,0.0613194848598385,34.258978208378196
2024-07-19,59.29999923706055,59.77000045776367,59.11000061035156,59.22999954223633,57.50193786621094,12362800.0,-0.000168873945085,-0.0001688882058952,0.6599998474121094,49.455019757725296,WFC,,,,12362800.0,710884957.4523926,0.6815384958673564,-30.307232651220474,-0.016887394508502407,1.1477871388399519,3.1095424126316122,음봉,57.73493881225586,57.406314086914065,57.70928274790446,True,False,0,1.3650000435965397,0.07491786278605156,False,49.455019757725296,0.1441205976609652,0.033258581385514546,34.08492415728041
2024-07-22,59.2599983215332,59.38999938964844,58.540000915527344,59.13999938964844,57.41456604003906,13638600.0,-0.0015194588115475,-0.0015206143597745,0.8499984741210938,44.65732893665472,WFC,,,,13638600.0,783054300.3936768,0.7657383620899392,10.319668683469763,-0.15194588115475804,1.4804578920414244,3.0573934037018433,음봉,58.00871124267578,57.45679702758789,57.691264152526855,True,False,0,1.3514284406389503,0.07485203812790672,False,44.657328936654714,0.12003765034289415,0.007340507253954798,32.51912133467882
2024-07-23,59.20000076293945,59.90999984741211,59.040000915527344,59.66999816894531,57.92910003662109,10927800.0,0.0089617327460631,0.008921814731615,0.8699989318847656,45.262380108199736,WFC,,,,10927800.0,633037619.3801879,0.6195175574761206,-19.875940345783295,0.8961732746063156,1.5018340200948705,3.1097243191828468,음봉,57.89803619384766,57.488834381103516,57.69259999593099,True,True,0,1.3392854418073377,0.07481032461548844,False,45.262380108199736,0.14084674091399307,0.022519678260042975,42.04153750177302
2024-07-24,59.77000045776367,60.209999084472656,59.369998931884766,59.43999862670898,57.705810546875,10777100.0,-0.0038545306176849,-0.003861978465625,0.8400001525878906,45.52786555235761,WFC,,,,10777100.0,621901290.8447266,0.6170565894655181,-1.379051593184355,-0.3854530617684926,1.4556595681219142,3.1778508901032843,음봉,57.612612915039065,57.59756660461426,57.690536181131996,True,True,0,1.3292854854038778,0.07466909828568806,False,45.52786555235761,0.13773280139977118,0.015524590996656859,38.99650884656311
2024-07-25,59.560001373291016,60.72999954223633,59.45000076293945,59.70000076293945,57.95823287963867,14119600.0,0.0043742966327215,0.0043647572059439,1.279998779296875,50.31106154468998,WFC,,,,14119600.0,818347064.9673462,0.8125801301009103,31.014837015523653,0.4374296632721597,2.2084848272635167,3.2131787229811777,음봉,57.70192947387695,57.728142738342285,57.69444910685221,False,True,0,1.3099997384207585,0.07450020315584999,False,50.31106154468998,0.15385975509029493,0.025321235749744486,43.67099516946442
2024-07-26,59.84999847412109,60.45000076293945,59.56999969482422,60.38999938964844,58.62809371948242,12538900.0,0.0115576477501453,0.0114913683399169,0.8800010681152344,55.33230636275382,WFC,,,,12538900.0,735131804.3392181,0.7292477524612494,-11.195076347771893,1.155764775014534,1.5009887108487128,3.2640153098025384,음봉,57.92716064453125,57.87231006622314,57.71724853515625,True,True,1,1.2478569575718466,0.07431461361910487,False,55.33230636275382,0.21817763759786146,0.07171129460584882,56.07582203170725
2024-07-29,60.7400016784668,60.83000183105469,59.34999847412109,59.59000015258789,57.85143661499024,8986200.0,-0.0132471833078565,-0.0133357099287946,1.4800033569336009,48.87333098651969,WFC,,,,8986200.0,519864579.7096253,0.5273980642435055,-28.333426377114424,-1.324718330785657,2.558282807708371,3.602211542284168,음봉,58.01453475952148,57.882018089294434,57.72388604482015,True,True,0,1.2464286259242467,0.07430214950663326,False,48.87333098651969,0.2041272336474549,0.0461287125243538,41.693287123705154
2024-07-30,60.459999084472656,60.72999954223633,59.88999938964844,60.0099983215332,58.259185791015625,11503900.0,0.0070482117624668,0.0070234892164604,0.8400001525878906,51.10434375609751,WFC,,,,11503900.0,670207847.4212646,0.6775817419923574,28.01740446462353,0.7048211762466838,1.4418329765216704,4.509071203957784,음봉,58.08055191040039,57.85386409759521,57.73233210245768,True,True,1,1.262857164655413,0.07433830788832606,False,51.10434375609751,0.22331984592027965,0.05225705983774284,49.244195657180384
2024-07-31,59.81999969482422,60.119998931884766,59.20000076293945,59.34000015258789,57.608734130859375,11535800.0,-0.0111647914629208,-0.0112275855733578,0.9199981689453124,46.93114780713077,WFC,,,,11535800.0,664562835.1867676,0.6835969186962627,0.27729726440597346,-1.116479146292082,1.5969768869691159,2.679086366581685,음봉,58.061136627197264,57.77474193572998,57.72816772460938,True,False,0,1.2264284406389514,0.07343188030661878,False,46.93114780713077,0.1839239556267529,0.010288935635372864,37.19879794684582
2024-08-01,59.2599983215332,59.34000015258789,56.52000045776367,56.880001068115234,55.22050857543945,17752700.0,-0.0414559630835668,-0.0423397739770247,2.8199996948242188,51.39348161537004,WFC,,,,17752700.0,980313122.587204,1.0506315653311717,53.89223114131661,-4.14559630835668,5.106797759697701,2.8663434730625204,음봉,57.51359176635742,57.59125652313232,57.68017762502034,False,False,0,1.333571297781808,0.07366583385563485,True,51.393481615370035,-0.039551489401695505,-0.17054920751446043,-29.006518194319675
2024-08-02,55.18000030517578,55.56999969482422,52.79999923706055,53.2599983215332,51.70611953735352,27642600.0,-0.0636428227256319,-0.0657582756430722,2.770000457763672,34.72317643020631,WFC,,,,27642600.0,1429291579.9232485,1.6172246662162106,55.70927239236849,-6.364282272563193,5.357200429172738,-0.07335729298532544,음봉,56.12919692993164,57.28253440856933,57.57248821258545,False,False,0,1.4457141331263952,0.12965221389459705,True,34.72317643020631,-0.4945384822553365,-0.500428960294481,-13.339995096718763
2024-08-05,51.29999923706055,52.400001525878906,50.150001525878906,52.119998931884766,50.59938049316406,28594000.0,-0.0214044112010751,-0.0216368078023819,2.25,19.38159445791422,WFC,,,,28594000.0,1446838685.8215332,1.6555204831627244,3.4417891225861474,-2.140441120107517,4.446694758059287,-0.7854395261659242,음봉,54.678785705566405,56.94808578491211,57.43074779510498,False,False,0,1.3857141222272606,0.14984781894134874,True,19.38159445791422,-0.9336608820930365,-0.7516410881057449,4.14174221643435
2024-08-06,52.27999877929688,52.959999084472656,52.04999923706055,52.36000061035156,50.83238220214844,18723500.0,0.0046048332353763,0.0045942634265305,0.9099998474121094,16.67968278644183,WFC,,,,18723500.0,951760108.1619263,1.0815749884675023,-34.51947961110723,0.46048332353763044,1.7901971302333497,3.321420676997952,음봉,53.193424987792966,56.583055877685545,57.28641866048177,False,False,0,1.371428353445871,0.15081452062611644,False,16.67968278644183,-1.24847560737917,-0.8531646507135027,6.389331992236305
2024-08-07,53.150001525878906,53.4900016784668,52.150001525878906,52.290000915527344,50.76441955566406,18407500.0,-0.0013369951109925,-0.0013378896864067,1.3400001525878906,19.05611986046129,WFC,,,,18407500.0,934446052.9708862,1.0612393651630332,-1.6877186423478463,-0.13369951109925005,2.639644389351399,4.55933643737931,음봉,51.824562072753906,56.22239456176758,57.131086667378746,False,False,0,1.3364285060337617,0.1517819814376405,False,19.056119860461294,-1.486319200329973,-0.8728065949314443,5.7529776425885935
2024-08-08,52.970001220703125,53.31999969482422,52.650001525878906,52.7599983215332,51.22071075439453,16176000.0,0.0089884057125904,0.008948250435868,0.6699981689453125,22.326825224919915,WFC,,,,16176000.0,828546217.1630859,0.9347625128576074,-12.122776042374028,0.8988405712590408,1.308061053970887,4.344739257031402,음봉,51.02460250854492,55.863189697265625,56.99355328877767,False,False,0,1.3371426718575619,0.1527579519536745,False,22.326825224919915,-1.619326487212298,-0.8046511054510154,10.025367021728773
2024-08-09,52.29999923706055,52.83000183105469,52.06999969482422,52.7599983215332,51.612003326416016,11669000.0,0.0076393428802217,0.0076103108636742,0.7600021362304688,25.102423160941555,WFC,,,,11669000.0,602260466.8159485,0.675900719648955,-27.862265084075176,0.7639342880221722,1.4725298133147353,2.107132967836486,음봉,51.00577926635742,55.699268913269044,56.85234769185384,False,False,0,1.3307143620082316,0.15320751267026037,False,25.102423160941555,-1.6738663901387625,-0.6873528067019837,13.68915504457981
2024-08-12,52.90999984741211,53.470001220703125,51.68000030517578,52.060001373291016,50.9272346496582,18090100.0,-0.013267624440521,-0.0133564256987892,1.7900009155273438,20.38904868916272,WFC,,,,18090100.0,921278767.5357819,1.0443125976572163,55.02699460107978,-1.3267624440521097,3.5148205627916562,2.514912108307476,음봉,51.07135009765625,55.44334545135498,56.69244810740153,False,False,0,1.3964287894112728,0.15391471020162537,False,20.38904868916272,-1.7521471043650934,-0.6125068167426515,7.2774634978486965
2024-08-13,52.36000061035156,52.959999084472656,51.810001373291016,52.869998931884766,51.7196044921875,12268600.0,0.0155588625217963,0.0154390644370284,1.1499977111816406,25.846843008666028,WFC,,,,12268600.0,634527139.6728516,0.7101565323140592,-32.180584960834935,1.555886252179639,2.2235237923278266,2.813359041679235,음봉,51.24879455566406,55.10520191192627,56.56646569569906,False,False,0,1.4185714721679692,0.1548591811965943,False,25.846843008666028,-1.730301669618548,-0.47252910559688477,14.696656567958403
2024-08-14,53.02999877929688,53.77999877929688,52.720001220703125,53.65999984741211,52.49241638183594,13217200.0,0.0149423395100629,0.0148318025156244,1.059997558593757,28.83528958895438,WFC,,,,13217200.0,693802765.802002,0.7659678747095829,7.731933553950743,1.4942339510062963,2.0193346613789154,2.5336510206827345,음봉,51.59439392089844,54.77317638397217,56.453039741516115,False,False,0,1.4028570992606038,0.1465811142672335,False,28.83528958895438,-1.6318189512597598,-0.29923710979047713,21.93272274366735
2024-08-15,54.5,55.16999816894531,54.43000030517578,54.56999969482422,53.38261795043945,16549400.0,0.0169586700320305,0.0168164771374173,0.7399978637695312,30.029273416264004,WFC,,,,16549400.0,883450297.5090027,0.9599069087170146,25.211088581545262,1.6958670032030554,1.3862150118912246,3.8245212480992796,음봉,52.02677536010742,54.56672477722168,56.36059907277425,False,False,0,1.3928568703787678,0.14713569962457895,False,30.029273416264004,-1.4650506684261373,-0.10597506156548353,30.267943185300698
2024-08-16,54.77999877929688,55.43000030517578,54.61000061035156,55.33000183105469,54.12608337402344,19173900.0,0.0139271068397996,0.0138310158392558,0.8199996948242188,35.780790579418266,WFC,,,,19173900.0,1037808110.005188,1.114114401056234,15.858580975745351,1.3927106839799697,1.5149806594314907,2.6176701003213454,음봉,52.5295913696289,54.397932052612305,56.268252563476565,False,False,0,1.345713751656669,0.14759225072293541,False,35.780790579418266,-1.258388240183109,0.08054989334203588,37.58112092268098
2024-08-19,55.34999847412109,56.459999084472656,55.2599983215332,56.45000076293945,55.221710205078125,12792900.0,0.0202421228871052,0.0200399745066169,1.2000007629394531,38.984754046109714,WFC,,,,12792900.0,706445816.482544,0.7454059121371968,-33.27961447592821,2.024212288710525,2.173059759436973,2.2612297506178676,음봉,53.38848648071289,54.28828926086426,56.202741940816246,False,False,0,1.371428080967495,0.14789033391232972,False,38.984754046109714,-0.9947321946073302,0.27536475113425185,50.869709114909654
2024-08-20,56.02999877929688,56.720001220703125,55.91999816894531,56.150001525878906,54.92824172973633,12533500.0,-0.0053143677414541,-0.0053285392243127,0.8000030517578125,40.020961413106,WFC,,,,12533500.0,688443117.7196503,0.7319808430479107,-2.027687232761921,-0.5314367741454107,1.4564512290309073,1.4637152149344839,음봉,54.03021392822266,54.13824634552002,56.15256576538086,False,False,0,1.3628570011683878,0.1483002086007306,False,40.020961413105994,-0.8002386789315494,0.3758866134480261,51.99391640789124
2024-08-21,56.43999862670898,56.45000076293945,55.20000076293945,55.459999084472656,54.25325012207031,13691700.0,-0.0122886075798162,-0.0123647368425997,1.25,45.87254825677871,WFC,,,,13691700.0,742819224.6963501,0.8031438899434609,9.240834563370171,-1.2288607579816202,2.3040094320386126,2.7522397392782993,음봉,54.382380676269534,53.96561832427979,56.082564163208005,True,False,0,1.2507141658238008,0.14877459900623696,False,45.87254825677871,-0.6925836746240961,0.3868332942043835,62.45431943359001
2024-08-22,55.70000076293945,56.369998931884766,55.65999984741211,55.959999084472656,54.74237060546875,15683000.0,0.0090155056572263,0.008975108604462,0.7099990844726562,67.46555428039764,WFC,,,,15683000.0,858524598.2055664,0.9153983644868472,14.543847732567915,0.9015505657226308,1.2969827148876294,2.666661697896326,음봉,54.65433120727539,53.80482521057129,56.03252620697022,True,False,0,1.103571210588728,0.14921920468837283,False,67.46555428039764,-0.5613277361106981,0.4144713861742252,69.8990759955083
2024-08-23,56.41999816894531,57.400001525878906,56.31999969482422,56.70000076293945,55.466270446777344,17074400.0,0.0132237576360325,0.0131370869913177,1.0800018310546875,79.28589595386337,WFC,,,,17074400.0,947053288.1164551,0.992916214947642,8.872027035643693,1.3223757636032563,1.9471325949182092,3.0645869824807477,음봉,54.92236862182617,53.64673404693603,56.00636494954427,True,False,0,1.0199999128069202,0.142782322799929,False,79.28589595386337,-0.39434799368258666,0.4651609028818693,66.1935198177482
2024-08-26,57.02000045776367,57.150001525878906,56.540000915527344,56.720001220703125,55.48583984375,9478800.0,0.000352816167646,0.0003527539426575,0.6100006103515625,78.73980575570755,WFC,,,,9478800.0,525939178.7109375,0.5514353548940911,-44.485311343297575,0.03528161676460417,1.0993806925683107,2.8012159434393733,음봉,54.97519454956055,53.52845420837402,55.97308692932129,True,False,0,0.998571395874024,0.14309782359927103,False,78.73980575570755,-0.2574683234327395,0.4816324585053732,66.53564206943281
2024-08-27,56.709999084472656,56.91999816894531,56.15999984741211,56.2599983215332,55.03584289550781,7638500.0,-0.0081101223214679,-0.0081431882640808,0.7599983215332031,75.19159260339161,WFC,,,,7638500.0,420391285.9573364,0.445872492968754,-19.41490484027514,-0.8110122321467905,1.3809152028000218,2.206255225062701,음봉,54.99671478271485,53.36728706359863,55.92082087198893,True,False,0,0.9571426936558319,0.13134176427859554,False,75.19159260339161,-0.18318949704624998,0.4447290279134902,58.66856423361948
2024-08-28,56.060001373291016,57.36000061035156,56.02999877929688,57.06999969482422,55.828224182128906,11905200.0,0.014397549759082,0.014294889239589,1.3300018310546804,76.1375754805828,WFC,,,,11905200.0,664646174.533081,0.6955263628638941,55.85782548929763,1.439754975908203,2.3823108302993905,1.8608935993361484,음봉,55.311709594726565,53.27826156616211,55.89114570617676,True,False,0,1.0042858123779297,0.09814216033440865,False,76.1375754805828,-0.05969630254523395,0.45457777793160503,72.52138097346786
2024-08-29,57.310001373291016,57.77000045776367,56.5099983215332,57.34999847412109,56.10212326049805,9283300.0,0.004906104078747,0.0048941083689328,1.2600021362304688,75.815460790945,WFC,,,,9283300.0,520812840.8641815,0.5445195818268252,-22.023149548096633,0.4906104078747031,2.2459081100726292,2.6541721734298673,음봉,55.58366012573242,53.32234230041504,55.87639090220134,True,True,0,1.0400000980922155,0.1031976940609969,False,75.815460790945,0.05958742364364866,0.4590892032963901,72.61285458988247
2024-08-30,57.45000076293945,58.58000183105469,57.380001068115234,58.470001220703125,57.19776153564453,20377300.0,0.0195293548883903,0.0193411040346138,1.2000007629394531,84.42529532419587,WFC,,,,20377300.0,1165535946.1402893,1.2008478719808908,119.50491743237856,1.952935488839036,2.097985534261924,2.402542763279795,음봉,55.92995834350586,53.59692440032959,55.88022041320801,True,True,0,0.9978572300502232,0.12311118811959092,False,84.42529532419587,0.23976561940283148,0.5114139192444583,79.58286260047387
2024-09-03,58.619998931884766,58.95000076293945,57.900001525878906,58.369998931884766,57.09993743896485,15933600.0,-0.001710278410436,-0.0017117426062497,1.0499992370605469,81.97670253333885,WFC,,,,15933600.0,909807563.1774904,0.936588478978895,-21.807108890775517,-0.1710278410436028,1.838879837973395,2.4865263221077694,음봉,56.252777862548825,53.92195224761963,55.89779097239177,True,True,0,0.9907144818987165,0.11930840245615304,False,81.97670253333885,0.37039486911545083,0.5136345351656622,70.30395730477854
2024-09-04,58.4900016784668,59.0,57.720001220703125,58.119998931884766,56.855377197265625,10985800.0,-0.0042830211847542,-0.0042922195940391,1.279998779296875,77.66745754052423,WFC,,,,10985800.0,624601802.8137207,0.6466793447594388,-31.052618366219807,-0.428302118475421,2.2513240477779024,2.4344409150847333,음봉,56.61668472290039,54.22310199737549,55.90109182993571,True,True,0,1.006428854806082,0.11864577537987141,False,77.66745754052423,0.4490096196195239,0.4737994285357881,53.07170796612348
2024-09-05,58.619998931884766,58.68000030517578,56.540000915527344,56.86000061035156,55.6227912902832,18301000.0,-0.0216793198417423,-0.0219177688704015,2.139999389648437,63.614718273483234,WFC,,,,18301000.0,1017952703.4034729,1.0701872284417182,66.58777694842432,-2.1679319841742317,3.847342680952935,3.1037024492803953,음봉,56.57559814453125,54.466020584106445,55.890807215372725,True,False,0,1.1064289637974325,0.1151273182571394,True,63.614718273483234,0.4071595128236183,0.34555945739190597,23.0704059394584
2024-09-06,56.68000030517578,56.77999877929688,53.68999862670898,54.0,52.82502365112305,21853800.0,-0.0502989435492228,-0.0516080213291135,3.090000152587905,43.672707183058414,WFC,,,,21853800.0,1154427501.8669128,1.2740813689706236,19.413146822578,-5.029894354922282,5.849500746077209,1.9006759466191385,음봉,55.92017822265625,54.546236228942874,55.84683736165365,True,False,0,1.2685718536376958,0.11495801212878393,True,43.672707183058414,0.14654722987017976,0.06795773955077394,-16.289543349964102
2024-09-09,54.72999954223633,55.08000183105469,54.43000030517578,54.59000015258789,53.40218353271485,17134800.0,0.0109258802306193,0.0108666240279518,0.6500015258789062,40.68138801754876,WFC,,,,17134800.0,915035734.3963624,0.996502201874582,-21.59349861351344,1.0925880230619356,1.217181551163928,3.6061997883701506,음봉,55.16106262207031,54.635745239257815,55.809736251831055,True,False,0,1.2292861938476567,0.11476967795582883,False,40.681388017548755,-0.013264992486242022,-0.07348358624451827,-5.420245189423461
2024-09-10,56.0,56.09999847412109,53.380001068115234,53.95000076293945,52.77610778808594,24650000.0,-0.0117237854936281,-0.0117930509680616,2.7199974060058523,39.3410913493348,WFC,,,,24650000.0,1300931056.9763184,1.4180326970699741,43.859280528515065,-1.172378549362818,5.153842373006302,4.864625929937292,음봉,54.29629669189453,54.7281888961792,55.76268590291341,False,False,0,1.3664286477225167,0.1000975393841232,True,39.3410913493348,-0.18826619484431006,-0.19878783088206903,-10.74543407122625
2024-09-11,53.720001220703125,53.86000061035156,52.43000030517578,53.72999954223633,52.56089401245117,17322000.0,-0.0040778637276345,-0.0040862008868434,1.4300003051757812,41.21829545369069,WFC,,,,17322000.0,910459806.0836792,0.9981869041832553,-29.728194726166322,-0.4077863727634523,2.720654456214211,1.7884862529219498,음봉,53.43740005493164,54.770253372192386,55.70994523366292,False,False,0,1.3792858123779297,0.08591059679482078,False,41.21829545369069,-0.3403979657470515,-0.2807356814278483,1.9922939627913134
2024-09-12,53.72999954223633,54.34000015258789,50.220001220703125,51.56999969482422,50.44789505004883,42594200.0,-0.040200970742655,-0.0410313609594775,4.119998931884766,30.92966629613683,WFC,,,,42594200.0,2148787731.34079,2.3982093291410043,145.89654774275488,-4.0200970742655056,8.166840118497229,2.224287755661474,음봉,52.40242080688476,54.668027305603026,55.6083963394165,False,False,0,1.6228572300502233,0.12347009428130393,True,30.92966629613683,-0.6242686668368833,-0.45168510601414413,2.595602061848503
2024-09-13,51.86000061035156,53.040000915527344,51.75,52.77999877929688,51.631568908691406,24762000.0,0.0234632952964295,0.0231922635283549,1.2900009155273438,33.6394375806437,WFC,,,,24762000.0,1278500909.3170166,1.3833140512510562,-41.86532438688836,2.3463295296429543,2.4984732069805284,2.7991367308820303,음봉,52.16372985839844,54.580474853515625,55.513469250996906,False,False,0,1.637857164655413,0.12366815246131799,False,33.6394375806437,-0.7451361884618564,-0.45804210211129365,16.077082964028875
2024-09-16,52.810001373291016,53.93000030517578,52.810001373291016,53.790000915527344,52.619590759277344,18066200.0,0.0191360028654798,0.0189552123272812,1.1199989318847656,38.70470200208658,WFC,,,,18066200.0,950636050.5752563,1.0068548754858475,-27.040626766820132,1.9136002865479895,2.1284827869690317,2.282387480193804,음봉,52.00721130371094,54.50515022277832,55.436465454101565,False,False,0,1.674285616193499,0.12383905847442023,False,38.704702002086584,-0.7525248262869653,-0.372344591949122,27.330180776703756
2024-09-17,53.970001220703125,55.06999969482422,53.970001220703125,54.5099983215332,53.32392501831055,15885200.0,0.0133853997887474,0.0132966068005176,1.0999984741210938,43.38626163268639,WFC,,,,15885200.0,847061213.7008667,0.8872479510983596,-12.072267549346293,1.338539978874742,2.0628610398491345,2.566364431839848,음봉,52.11677474975586,54.41026096343994,55.385115750630696,False,False,0,1.6985713413783483,0.12405502870370651,False,43.38626163268639,-0.6935516549018601,-0.25069713645121344,35.35221217714101
2024-09-18,54.459999084472656,55.18999862670898,54.09999847412109,54.2599983215332,53.07936096191406,20109000.0,-0.00458638512286,-0.0045969348562264,1.0900001525878906,38.91079241733702,WFC,,,,20109000.0,1067372869.5831299,1.1186390481863517,26.589529876866514,-0.4586385122860026,2.053529154900709,2.1305147094329615,음봉,52.22046813964844,54.31781692504883,55.314965883890785,False,False,0,1.681428364345006,0.12426615920351874,False,38.91079241733702,-0.6589532641001199,-0.17287899651957855,32.566744177154916
2024-09-19,55.0099983215332,56.0099983215332,54.650001525878906,55.79999923706055,54.58585357666016,21399000.0,0.028381890577527,0.0279865869367053,1.3599967956542969,44.43648796978235,WFC,,,,21399000.0,1168082680.686951,1.1805870266495693,6.415038042667454,2.8381890577527047,2.491482145175806,3.637265642674989,음봉,53.0480598449707,54.33444709777832,55.299210675557454,False,False,0,1.6885708400181367,0.12422812499497575,False,44.43648796978235,-0.5041607748130232,-0.014469205785985484,49.7249767989907
2024-09-20,55.34999847412109,56.290000915527344,54.880001068115234,56.290000915527344,55.065189361572266,45276000.0,0.0087813188491945,0.0087429873063818,1.4099998474121094,41.80448729319577,WFC,,,,45276000.0,2493131513.534546,2.5366639029802904,111.57998037291463,0.878131884919453,2.5606011052712194,1.3998954809559974,음봉,53.73478393554687,54.3505880355835,55.294518661499026,False,False,0,1.7035707746233264,0.12419123195459347,False,41.80448729319577,-0.3389015735858436,0.12063199635295535,55.18438285315065
2024-09-23,56.2599983215332,56.52000045776367,54.900001525878906,55.11000061035156,53.91086959838867,14759300.0,-0.020962785683057,-0.0211856245929395,1.6199989318847656,38.66480348909197,WFC,,,,14759300.0,795686697.6634979,0.8279741337973419,-67.40149306475838,-2.0962785683057095,3.004957894304093,2.1698081379789924,음봉,53.99303970336914,54.27281799316406,55.26395403544108,False,False,0,1.744285038539342,0.12436919134079022,False,38.66480348909197,-0.2976453534642616,0.12951057317962994,42.03723110290821
2024-09-24,55.119998931884766,55.18999862670898,53.790000915527344,54.15999984741211,52.981544494628906,16365600.0,-0.0172381768404555,-0.017388484063607,1.3999977111816335,36.87002762266642,WFC,,,,16365600.0,867074764.5812988,0.9266344556847351,10.88330747393169,-1.7238176840455588,2.6424252530493155,2.242830328101836,음봉,53.924563598632815,54.14760322570801,55.18602517445882,False,False,0,1.7528563908168249,0.12465679150117996,False,36.87002762266642,-0.3360643305525173,0.07287327687309941,32.64235901625891
2024-09-25,54.27999877929688,54.33000183105469,53.40999984741211,53.61000061035156,52.44350814819336,10555700.0,-0.0101551653800898,-0.0102070808445172,0.920001983642578,38.691716403775054,WFC,,,,10555700.0,553577938.9598846,0.6085402189250673,-35.50068436232097,-1.015516538008987,1.754272389716689,2.450767143641139,음봉,53.797393035888675,54.01798648834229,55.079712549845375,False,False,0,1.6657137189592635,0.12495590680804815,False,38.691716403775054,-0.40525515413444424,0.002945962632938004,33.894935289684454
2024-09-26,54.040000915527344,57.11000061035156,53.31999969482422,56.38999938964844,55.16301727294922,34463400.0,0.0518559726605465,0.0505561968253951,3.790000915527344,58.36248443523542,WFC,,,,34463400.0,1901105129.484558,1.9500135258300244,226.4909006508332,5.185597266054653,6.870546795463055,3.0442142863949164,양봉,53.91282577514649,53.984726142883304,55.012576548258465,False,True,0,1.7157137734549377,0.12503289296551381,True,58.36248443523542,-0.2379052976539029,0.13623665529078355,71.74189390600674
2024-09-27,56.619998931884766,56.619998931884766,55.79999923706055,55.900001525878906,54.68368148803711,13530400.0,-0.0086894410169831,-0.0087274143476209,0.8199996948242188,54.61593571433869,WFC,,,,13530400.0,739892084.0057373,0.7778354786846857,-60.73979932334013,-0.8689441016983102,1.4995327170933181,2.6412290896386845,음봉,53.836524200439456,53.913804054260254,54.94246762593587,False,False,0,1.7278564998081742,0.12519737020972332,False,54.61593571433869,-0.1423171787216333,0.18545981937844253,64.78491527938645
2024-09-30,55.65999984741211,56.52000045776367,55.47999954223633,56.4900016784668,55.26084518432617,16284200.0,0.0105545874122487,0.0104992766026474,1.0400009155273438,58.981633237830245,WFC,,,,16284200.0,899878655.1506042,0.9345988699412068,20.352687281972436,1.0554587412248795,1.881985177856677,1.7853925207807826,음봉,54.106519317626955,53.81695823669433,54.898805681864424,True,True,0,1.6078567504882808,0.12360494919945925,False,58.981633237830245,-0.01976280573771305,0.24641135388989022,73.16174760764756
2024-10-01,56.0,56.02999877929688,55.20000076293945,55.38999938964844,54.18477249145508,11069400.0,-0.0194726064952821,-0.0196646954344041,0.829998016357429,55.52595846541684,WFC,,,,11069400.0,599792920.6169128,0.6344241302566327,-32.02367939475074,-1.9472606495282152,1.5317920112856789,1.337574214090155,음봉,54.347164916992185,53.67119998931885,54.847079340616865,True,False,0,1.5649994441441126,0.11938399269052966,False,55.525958465416835,-0.009359761882620887,0.2054515181959859,57.54385518101266
2024-10-02,55.33000183105469,55.810001373291016,54.91999816894531,55.29999923706055,54.09673309326172,9007200.0,-0.0016247996281103,-0.0016261210465802,0.8900032043457031,64.4015370536713,WFC,,,,9007200.0,487260094.31762695,0.515150755876467,-18.629736029053067,-0.16247996281103516,1.6452069347909695,2.1135630675208827,음봉,54.67780990600586,53.53326778411865,54.779808553059894,True,False,0,1.3342854636056083,0.09666692235383352,False,64.4015370536713,-0.008125650890413283,0.1653485033505548,43.78232884394758
2024-10-03,55.08000183105469,55.209999084472656,54.40999984741211,54.97999954223633,53.78369522094727,8135300.0,-0.0057866317319896,-0.005803439155668,0.7999992370605469,59.12104342303912,WFC,,,,8135300.0,437546495.73097235,0.46668251643875114,-9.68003375077715,-0.5786631731989678,1.4874382166827562,1.8176120471042727,음봉,54.40194549560547,53.44131298065186,54.70990937550862,True,False,0,1.2992853437151228,0.09006047692016561,False,59.12104342303912,-0.03203783692569573,0.11314905385221788,22.644046986433146
2024-10-04,55.9900016784668,57.130001068115234,55.97999954223633,56.959999084472656,55.72061538696289,14582800.0,0.0360131478147534,0.0353798346976436,1.1500015258789062,62.16423281753391,WFC,,,,14582800.0,812562590.0650024,0.8349454845860018,79.25337725713864,3.60131478147534,2.0638708275070043,4.102184590433698,음봉,54.60933227539063,53.58609256744385,54.66517283121745,True,True,0,1.3014283861432756,0.09839717890006214,False,62.16423281753391,0.10410479793595329,0.1994333509710935,63.008263171964686
2024-10-07,57.22999954223633,57.630001068115234,56.79999923706055,57.15999984741211,55.916259765625,11177800.0,0.0035111668689122,0.003505017113529,0.8300018310546875,60.5915092119393,WFC,,,,11177800.0,625020768.4082031,0.6406053080439381,-23.34942535041281,0.35111668689122855,1.484365790082652,2.7088432975680887,음봉,54.74041519165039,53.71179637908936,54.6822701772054,True,True,0,1.2821429116385323,0.10180938051264045,False,60.591509211939304,0.22518983496657086,0.2564147104013689,60.238033493208334
2024-10-08,58.27999877929688,58.27999877929688,57.27000045776367,57.29999923706055,56.05321502685547,12073000.0,0.0024492922417294,0.0024462976143017,1.0099983215332102,62.25807080572204,WFC,,,,12073000.0,676730465.0192261,0.6919249001228838,8.008731592978947,0.2449292241729406,1.8018561844299446,4.227283841193203,음봉,55.11410369873047,53.87565174102783,54.682395362854,True,True,0,1.2764284951346265,0.10404180359154766,False,62.258070805722035,0.32841596931987027,0.2877126758037346,55.10515799463781
2024-10-09,57.31999969482422,57.72999954223633,57.06999969482422,57.540000915527344,56.287994384765625,12415300.0,0.0041885083272685,0.0041797609434182,0.6599998474121094,57.837844864049806,WFC,,,,12415300.0,698832336.6851807,0.7144267428976246,2.8352522156879,0.4188508327268581,1.1725410624876318,2.2599679025758377,음봉,55.55235595703125,54.06200675964355,54.64582068125407,True,True,0,1.2264287131173275,0.10802594436942618,False,57.837844864049806,0.42427735134653943,0.306859246264323,59.83861366492484
2024-10-10,57.720001220703125,58.38999938964844,57.34999847412109,57.75,56.49342727661133,12744000.0,0.0036496751055195,0.0036430312018178,1.0400009155273509,56.746791163816255,WFC,,,,12744000.0,719952237.2131348,0.7613664866628197,2.647539729205084,0.3649675105519501,1.8409237422172091,2.544071522870023,음봉,56.094302368164065,54.36428337097168,54.601829020182294,True,True,0,1.2000002179827018,0.08943111297436797,False,56.746791163816255,0.5109351622400737,0.3148136457262858,62.592263763383414
2024-10-11,59.959999084472656,61.720001220703125,59.91999816894531,60.9900016784668,59.66292572021485,37049200.0,0.0561038442239407,0.0545865177825483,1.8000030517578125,72.8260714894478,WFC,,,,37049200.0,2210463667.5933843,2.1931123051088504,190.7187696170747,5.610384422394077,3.016954046468995,6.136239160863432,음봉,56.882764434814455,54.765851211547854,54.63768361409505,True,True,1,1.212857655116491,0.13182334269095072,False,72.8260714894478,0.8258443182732904,0.503778241407602,75.51101039504825
2024-10-14,61.27000045776367,63.34999847412109,60.93999862670898,62.15999984741211,60.80746841430664,30758800.0,0.019183482544236,0.0190017994095366,2.4099998474121094,80.53430899333122,WFC,,,,30758800.0,1870364759.461975,1.8119332052883497,-16.978504259201276,1.9183482544236075,3.963328700007333,2.693590229022771,음봉,57.86100616455078,55.175245094299314,54.69277578989665,True,True,1,1.2850006648472392,0.15158900067989806,True,80.53430899333122,1.1544592358533805,0.6659145271901534,74.65074407523822
2024-10-15,62.90999984741211,63.81999969482422,62.22999954223633,63.02999877929688,61.65853500366211,24693400.0,0.01399608652603,0.0138990457197587,1.5900001525878906,85.096846481662,WFC,,,,24693400.0,1522558868.25943,1.4447421605434374,-19.719234820604182,1.3996086526030016,2.57871866805375,3.4576861821973006,음봉,58.98207015991211,55.59197559356689,54.76350860595703,True,True,1,1.3328576769147615,0.16576181646861843,False,85.096846481662,1.4666561871156745,0.7824891827619579,79.41462198893228
2024-10-16,63.2400016784668,64.08000183105469,63.119998931884766,63.88999938964844,62.49982833862305,17412600.0,0.0136443938363273,0.0135521472467447,0.960002899169922,82.60867943479,WFC,,,,17412600.0,1088284510.9291077,1.0190717049658335,-29.48480160690711,1.3644393836327318,1.5360088574462027,2.564878770977544,음봉,60.2244369506836,56.06299896240235,54.8396874109904,True,True,1,1.13071496146066,0.17937535230988588,False,82.60867943479,1.7616526265104753,0.8619884977254068,83.65901583986638
2024-10-17,64.48999786376953,64.72000122070312,63.5,64.37999725341797,62.97916030883789,15073500.0,0.0076693325878884,0.0076400727637087,1.220001220703125,86.86951986767323,WFC,,,,15073500.0,949316372.915268,0.8799600991313269,-13.43337583129458,0.7669332587888489,1.9371506617752123,3.1842799861205675,음봉,61.521583557128906,56.48266429901123,54.92757657368978,True,True,1,1.159286499023439,0.18652895169516578,False,86.86951986767323,2.010936687745641,0.8890180471684579,83.11502735222676
2024-10-18,64.41000366210938,64.77999877929688,63.83000183105469,64.36000061035156,62.95960235595703,19234000.0,-0.0003105464217838,-0.0003105946513091,0.9499969482421876,86.0018359628227,WFC,,,,19234000.0,1210964991.7144775,1.1170498001465565,27.60141971008725,-0.031054642178385272,1.5088992190121446,2.2719314551907317,음봉,62.18091888427735,56.877384948730466,55.010932731628415,True,True,1,1.1528576442173564,0.18523446832412244,False,86.0018359628227,2.1817678769422955,0.8478793890920897,82.44554859361993
2024-10-21,64.4800033569336,64.69000244140625,63.91999816894531,64.0199966430664,62.626991271972656,15603400.0,-0.0052829286008491,-0.0052969326113833,0.7700042724609375,92.42870480963352,WFC,,,,15603400.0,977193995.6130981,0.9023069075047812,-18.87594884059478,-0.5282928600849113,1.2295086460676519,2.4148834237875505,음봉,62.544823455810544,57.31319103240967,55.07758102416992,True,True,1,1.1485723767961784,0.18382595648333022,False,92.42870480963352,2.2642134472264743,0.7442599675010146,79.23811254498455
2024-10-22,64.0199966430664,65.20999908447266,64.0,64.80999755859375,63.39980316162109,26164900.0,0.0123399172457816,0.0122644010744995,1.2099990844726562,93.7442242235348,WFC,,,,26164900.0,1658849509.7434995,1.4919795592692582,67.68717074483766,1.233991724578165,1.9085218315080292,2.224289148818106,음봉,62.89307708740235,57.834103965759276,55.170053799947105,True,True,1,1.1714292253766752,0.18944349894163504,False,93.7442242235348,2.364653364461226,0.6757599077886127,83.23892545621834
2024-10-23,64.7699966430664,65.05000305175781,63.86000061035156,64.55999755859375,63.15524291992188,18380900.0,-0.0038574290376858,-0.0038648881051372,1.19000244140625,94.35183222707792,WFC,,,,18380900.0,1160850204.5867922,1.044091910644953,-29.74977928446124,-0.3857429037685822,1.8842496464072218,2.1611951664145908,음봉,63.02416000366211,58.3696907043457,55.25165475209554,True,True,1,1.1992865971156539,0.16474488428217562,False,94.35183222707792,2.3968889115100467,0.5663963638699465,77.73828530382647
2024-10-24,64.61000061035156,65.56999969482422,64.33000183105469,65.43000030517578,64.00631713867188,18393300.0,0.0134759076111721,0.0133859151534418,1.2399978637695312,93.70482976210371,WFC,,,,18393300.0,1177287393.0267334,1.0393102285396014,0.06746133214370342,1.3475907611172122,1.9373054398412481,2.303463058916978,음봉,63.229591369628906,58.811855697631835,55.35828113555908,True,True,1,1.2057149069649842,0.17381906754110862,False,93.70482976210371,2.4627216691094276,0.5057832971754617,82.17009721170437
2024-10-25,65.8499984741211,65.94999694824219,64.25,64.52999877929688,63.12589645385742,14855500.0,-0.0137552154876681,-0.0138506950364595,1.6999969482421875,85.4667534899782,WFC,,,,14855500.0,937766754.7702789,0.8350117945076379,-19.234177662518416,-1.3755215487668115,2.6930262281262323,2.880467769227872,음봉,63.26285018920898,59.23396644592285,55.49003760019938,True,True,0,1.26785741533552,0.17258040497857355,False,85.4667534899782,2.416001847139597,0.36725078016450485,68.19705666803274
2024-10-28,65.0,65.75,64.80999755859375,65.61000061035156,64.18240356445312,16158900.0,0.0167365086271364,0.0165979966019772,0.94000244140625,86.67251769937403,WFC,,,,16158900.0,1037117040.9576416,0.9045178592863997,8.773854801252057,1.6736508627136493,1.4645796810371594,2.968834743618215,음봉,63.57393264770508,59.6800443649292,55.697975667317706,True,True,1,1.2628577096121656,0.17424096201940195,False,86.67251769937403,2.43614498294135,0.3099151327730061,80.09466294475818
2024-10-29,65.48999786376953,66.0,65.23999786376953,65.30000305175781,63.8791389465332,13205500.0,-0.0047250430192347,-0.0047362413239071,0.7600021362304688,84.03498227933497,WFC,,,,13205500.0,843555969.3584442,0.7381019977057036,-18.27723421767571,-0.4725043019234709,1.1897501261978343,2.037309646721623,음봉,63.6697998046875,60.16476268768311,55.91930497487386,True,True,1,1.2700007302420484,0.17283718706721782,False,84.03498227933497,2.399972256764606,0.21899392527700945,75.48137942956838
2024-10-30,65.12999725341797,66.4000015258789,65.12999725341797,65.41000366210938,63.98676300048828,16021700.0,0.0016848075244901,0.0016833898284328,1.2700042724609375,83.89372151054798,WFC,,,,16021700.0,1025176720.7649231,0.8968867401449424,21.32596266707054,0.1684807524490184,1.9847921865515312,1.9581640070817692,음봉,63.83610382080078,60.659264183044435,56.13854465484619,True,True,1,1.2864295414515905,0.17142819787801702,False,83.89372151054798,2.352867085212111,0.1375110029796116,62.758684024315144
2024-10-31,65.0999984741211,65.75,64.62999725341797,64.91999816894531,63.50741195678711,12963200.0,-0.0074914094919524,-0.007519611034524,1.1200027465820312,72.98229435043791,WFC,,,,12963200.0,823259282.6782227,0.7352639150052858,-19.08973454751992,-0.7491409491952483,1.7635780014844948,1.7397902650964192,음봉,63.73632278442383,61.145450019836424,56.350927861531574,True,True,0,1.2378580910818917,0.13838786327919925,False,72.98229435043791,2.2509091942109336,0.02844248958274731,47.022197194592145
2024-11-01,65.22000122070312,65.58000183105469,64.62000274658203,64.68000030517578,63.27264022827149,13313900.0,-0.0036967610753114,-0.0037036109833953,0.9599990844726562,66.53535207764666,WFC,,,,13313900.0,842405604.7351838,0.7656887907052108,2.7053505307331527,-0.3696761075311472,1.5172420196300096,2.696676200695011,음봉,63.76567153930664,61.523051261901855,56.55179335276286,True,True,0,1.134286608014788,0.13435848237824533,False,66.53535207764666,2.1266480397932597,-0.07665493186794148,25.00336187189044
2024-11-04,64.55999755859375,64.6500015258789,63.04999923706055,63.70000076293945,62.313961029052734,12607400.0,-0.015151559912153,-0.0152675175800525,1.6000022888183594,54.333762465343234,WFC,,,,12607400.0,785617032.2776794,0.729128485929599,-5.30648420072255,-1.5151559912153,2.567646579347424,2.0346192693679335,음봉,63.39198303222656,61.84293632507324,56.73015931447347,True,True,0,1.1350010463169642,0.1314489417977685,False,54.333762465343234,1.9285812956275592,-0.21977734082691347,-21.971274779857957
2024-11-05,64.0,64.5,63.619998931884766,64.06999969482422,62.67591094970703,13447200.0,0.005808488413785,0.0057916841850039,0.8800010681152344,51.24307956474037,WFC,,,,13447200.0,842815509.7229004,0.7812544005719049,6.661167250979583,0.5808488413785007,1.404049904948925,2.7057162521913525,음봉,63.151337432861325,62.17407112121582,56.92597058614095,True,True,0,1.129286629813058,0.1269726919489702,False,51.24307956474037,1.7802961615826618,-0.2944499798974487,-11.166806918375782
2024-11-06,73.30000305175781,74.2699966430664,69.94999694824219,72.47000122070312,70.89313507080078,63689100.0,0.1311065766190058,0.1231964248951209,4.319999694824219,76.69958489925955,WFC,,,,63689100.0,4515119968.837738,3.544881689833245,373.62350526503656,13.110657661900582,6.093678450684748,16.95083795523269,음봉,64.53261184692383,62.904328155517575,57.24552942911784,True,True,1,1.350715092250279,0.2289144199837766,True,76.69958489925955,2.2993351327563047,0.17967119302095558,69.90318758489148
2024-11-07,71.63999938964844,71.66999816894531,69.73999786376953,69.81999969482422,68.30079650878906,18681200.0,-0.0365668489540313,-0.0372521749089041,1.9300003051757808,65.35426974769277,WFC,,,,18681200.0,1275940839.7399902,1.0333779552821694,-70.6681363058985,-3.6566848954031395,2.8257361609647194,1.0535072515861583,음봉,65.49128875732421,63.494696617126465,57.509002431233725,True,True,1,1.42071533203125,0.17686846223243152,False,65.35426974769277,2.4729901094098565,0.2826609357396057,46.79856047843523
2024-11-08,70.01000213623047,70.12999725341797,69.36000061035156,70.04000091552734,68.91079711914062,14270900.0,0.008931090727076,0.0088914444179561,0.7699966430664062,67.78041965046688,WFC,,,,14270900.0,983419094.607544,0.7920718869523283,-23.608226452262173,0.8931090727076096,1.117381709770605,2.5024680747631733,음봉,66.61892013549804,63.95709018707275,57.767805417378746,True,True,1,1.4207147870744978,0.15769427012695292,False,67.78041965046688,2.6295233721788875,0.3513553588069094,52.235287317828615
2024-11-11,71.0199966430664,73.25,71.0199966430664,72.55999755859375,71.39016723632812,17117800.0,0.0359794142694487,0.0353472732435873,2.2300033569335938,70.61802110402398,WFC,,,,17117800.0,1222042604.7180176,0.9460406126193208,19.948987099622318,3.597941426944873,3.1236841756532794,3.0607678507609823,양봉,68.43416137695313,64.48622512817383,58.05554014841716,True,True,1,1.4935722351074219,0.15091024809287987,False,70.61802110402398,2.9199818253242427,0.5134510495618114,74.3330653071563
2024-11-12,72.77999877929688,73.37000274658203,72.11000061035156,72.5999984741211,71.42952728271484,17848200.0,0.0005513370805874,0.0005511851501398,1.2600021362304688,71.5791570231095,WFC,,,,17848200.0,1274888488.847351,0.9824161618449113,4.266903457219962,0.05513370805874107,1.7639793852245966,1.9468108799463775,음봉,70.18488464355468,64.97477474212647,58.325670433044436,True,True,1,1.4985722133091517,0.14029392621736972,False,71.5791570231095,3.1174126760721137,0.5687055202477458,74.68386794072597
2024-11-13,72.75,73.95999908447266,72.66000366210938,72.7699966430664,71.5967788696289,18823000.0,0.0023414908830641,0.0023387538649224,1.2999954223632812,70.527951028237,WFC,,,,18823000.0,1347666168.663025,1.0340179415365405,5.461615176880574,0.23414908830641235,1.8157177499988544,1.8486370658156324,음봉,70.32561340332032,65.42962226867675,58.60347938537598,True,True,1,1.5028577532087053,0.1418748499335316,False,70.527951028237,3.249910903094829,0.5609629978163686,76.17452414020546
2024-11-14,72.8499984741211,73.47000122070312,72.51000213623047,72.80000305175781,71.62630462646484,13654800.0,0.0004123894580467,0.0004123044488846,0.9599990844726562,74.09792730211868,WFC,,,,13654800.0,978042864.4134521,0.7537366703323153,-27.456834723476597,0.04123894580467802,1.3402884449771697,1.7503854562705736,음봉,70.99071502685547,65.8619794845581,58.89303029378255,True,True,1,1.4500007629394531,0.14139179645512273,False,74.09792730211868,3.319039364662558,0.5040731675072778,76.43767711402106
2024-11-15,73.0,74.41000366210938,72.88999938964844,74.33999633789062,73.14147186279297,18837000.0,0.0211537820390121,0.020933146879809,1.5200042724609375,74.7544440804549,WFC,,,,18837000.0,1377765905.4794312,1.0343135246883937,37.95148958607961,2.1153782039012192,2.078170200501752,1.9178643665885793,양봉,71.83684997558593,66.3710729598999,59.19968198140462,True,True,1,1.4914294651576452,0.1631359920952612,False,74.7544440804549,3.4562440714707066,0.5130222994523406,88.83335118673641
2024-11-18,74.5,74.69999694824219,73.72000122070312,74.08999633789062,72.89550018310547,18439600.0,-0.0033629577505484,-0.0033686252027999,0.9799957275390624,74.99187410004468,WFC,,,,18439600.0,1344163865.1763916,1.0073076739985038,-2.1096777618516804,-0.3362957750548401,1.3443843928327828,1.8573978655440675,음봉,72.1379165649414,66.88449840545654,59.49016914367676,True,True,1,1.507143293108259,0.1618837113512226,False,74.99187410004468,3.504731567354213,0.44920783626867733,84.51075433770457
2024-11-19,73.62000274658203,74.16000366210938,73.12999725341797,73.43000030517578,72.24613952636719,15412900.0,-0.0089081034509285,-0.0089480178221798,1.0300064086914062,72.2261390513107,WFC,,,,15412900.0,1113522523.9059448,0.8407121526685595,-16.414130458361353,-0.8908103450928517,1.4256905842221395,0.9938920257858055,음봉,72.30123901367188,67.32681522369384,59.76950747172038,True,True,0,1.4900005885532923,0.16082018431683942,False,72.2261390513107,3.4509795351886083,0.3163646432824576,78.93684202598776
2024-11-20,73.66999816894531,73.77999877929688,72.43000030517578,73.58000183105469,72.39373016357422,14415400.0,0.0020428861413857,0.0020408022870611,1.3499984741210938,74.34799595547511,WFC,,,,14415400.0,1043584577.7999878,0.7871664259816089,-6.471851501015379,0.20428861413857025,1.8648002680215003,1.970843912093696,음봉,72.46062927246093,67.78873958587647,60.05880559285482,True,True,0,1.5064288548060827,0.15972432737185904,False,74.34799595547511,3.381312329648722,0.19735795019405655,80.20371469726196
2024-11-21,73.94000244140625,76.04000091552734,73.94000244140625,74.83000183105469,73.62357330322266,20068200.0,0.0169882548788353,0.0168455682080294,2.0999984741210938,76.89443549869036,WFC,,,,20068200.0,1477492593.763733,1.093006614856129,39.21361876881668,1.6988254878835374,2.8523452202898882,2.1359201609562275,음봉,72.8600830078125,68.269602394104,60.355394744873045,True,True,1,1.587857382638114,0.16566102449055217,False,76.89443549869036,3.3863034324068337,0.16187924236173368,81.39778829813132
2024-11-22,74.56999969482422,76.08000183105469,74.55000305175781,75.95999908447266,74.7353515625,14997400.0,0.0151008462289439,0.0149879634488662,1.529998779296875,82.01928634657014,WFC,,,,14997400.0,1120835961.5234375,0.8129489686707426,-25.267836676931665,1.510084622894392,2.0472222948163443,1.2854936933088732,양봉,73.17885894775391,68.85007514953614,60.66594854990641,True,True,1,1.5828571319580078,0.18041215650773262,False,82.01928634657014,3.440312352032521,0.1727105295899367,89.20826680831458
2024-11-25,76.19999694824219,77.30999755859375,75.97000122070312,76.9000015258789,75.66020202636719,28636600.0,0.0123750065334709,0.0122990620406243,1.339996337890625,82.52637751137263,WFC,,,,28636600.0,2166650941.3482666,1.5247280497674502,90.94376358568819,1.23750065334709,1.771071583213118,1.959775869278313,음봉,73.73179931640625,69.42396507263183,60.97365589141846,True,True,1,1.6157139369419642,0.1922425632611379,False,82.52637751137263,3.517198438862195,0.19967729313568805,79.24784697444008
2024-11-26,77.5,78.12999725341797,76.36000061035156,77.3499984741211,76.10294342041016,19139100.0,0.0058517077959781,0.0058346530544791,1.7699966430664062,71.37769451742248,WFC,,,,19139100.0,1456541844.417572,1.0128506077162616,-33.165599268069535,0.58517077959781,2.3257926218287484,2.4316588171303755,음봉,74.50316009521484,70.03515529632568,61.290372657775876,True,True,1,1.4335708618164062,0.19688658264574227,False,71.37769451742248,3.5726731942921504,0.20412163885251466,76.8864924867399
2024-11-27,77.37000274658203,77.79000091552734,76.43000030517578,77.20999908447266,75.96519470214844,19793900.0,-0.0018100314136441,-0.0018116714998738,1.3600006103515625,89.38312879683613,WFC,,,,19793900.0,1503647467.414856,1.0383354967132141,3.42126850269866,-0.18100314136441087,1.7902943784768568,1.6649281476175604,음봉,75.21745300292969,70.63407688140869,61.608869616190596,True,True,1,1.3928565979003906,0.1952171388111786,False,89.38312879683613,3.564433595587701,0.15670563211845234,75.3158109475329
2024-11-29,77.69000244140625,78.04000091552734,76.13999938964844,76.16999816894531,74.94197082519531,9785000.0,-0.0134696406816974,-0.0135611792151978,1.9000015258789065,79.72842265822081,WFC,,,,9785000.0,733307184.5245361,0.5178625642797102,-50.56557828421888,-1.3469640681697426,2.5352969837298835,2.2705236865654106,음봉,75.48113250732422,71.2058048248291,61.930855941772464,True,True,0,1.4735712323869978,0.19364969506740656,False,79.72842265822081,3.435733046924568,0.02240406676425577,55.16137616667489
2024-12-02,76.94999694824219,76.94999694824219,74.80000305175781,75.27999877929688,74.06632232666016,18274500.0,-0.0116843537592257,-0.0117531522563541,2.149993896484375,65.66824166959243,WFC,,,,18274500.0,1353525007.358551,0.9652637243996789,86.7603474706183,-1.1684353759225719,2.9027955337138227,2.6794413076360963,음봉,75.34732666015626,71.74548892974853,62.28487758636474,True,True,0,1.4678562709263392,0.1921930228234874,False,65.66824166959243,3.2258933288930933,-0.14994852101377543,32.497056598225974
2024-12-03,75.80999755859375,75.8499984741211,74.0199966430664,74.13999938964844,72.94469451904297,15047900.0,-0.0151435601550511,-0.0152593947823853,1.8300018310546875,57.873182907316576,WFC,,,,15047900.0,1097664468.6531067,0.7921360904502258,-17.656297025910415,-1.514356015505114,2.508752477641738,2.354207927650754,음봉,74.80422515869141,72.27702560424805,62.610586102803545,True,True,0,1.5085705348423548,0.1857717906686237,False,57.873182907316576,2.935252091321857,-0.3524718068680097,9.029727884782696
2024-12-04,74.05000305175781,74.25,72.70999908447266,73.05999755859375,71.8821029663086,14301100.0,-0.0145670848269434,-0.0146742265754015,1.5400009155273438,51.35640358283789,WFC,,,,14301100.0,1027993142.7314758,0.7553483376949689,-4.962818732181895,-1.4567084826943466,2.142398249323824,1.5152692598175068,음봉,73.96005706787109,72.73733520507812,62.929019355773924,True,True,0,1.5257137843540736,0.1072646789935795,False,51.35640358283789,2.589326415612618,-0.5587179860617995,-9.612239161569248
2024-12-05,73.4000015258789,74.61000061035156,73.0999984741211,73.66000366210938,72.47244262695312,17766700.0,0.0082126097635348,0.0081790697926373,1.5100021362304688,53.818834925647984,WFC,,,,17766700.0,1287596146.420288,0.9416191343244558,24.233100950276555,0.8212609763534884,2.083553529447186,2.111650184026693,음봉,73.26150665283203,72.81630058288575,63.260878499348955,True,True,0,1.564999716622489,0.10714835619450376,False,53.818834925647984,2.33588665497318,-0.64972619736099,0.7446025351019261
2024-12-06,73.98999786376953,74.72000122070312,73.7300033569336,74.33000183105469,73.13163757324219,14798100.0,0.0090958014163013,0.0090546837585539,0.9899978637695312,49.951898856991455,WFC,,,,14798100.0,1082209285.9725952,0.7858307581652728,-16.70878666268919,0.9095801416301397,1.3537203549941526,2.0939755606526425,음봉,72.89944000244141,73.0578426361084,63.63894087473552,False,True,0,1.527142116001674,0.0984445480698448,False,49.951898856991455,2.163288300843135,-0.6578596411928284,12.30943234597315
2024-12-09,74.30999755859375,74.55000305175781,72.41999816894531,72.62000274658203,71.44921112060547,15517500.0,-0.0230054530223222,-0.0232742083493236,2.1300048828125,43.79752434948082,WFC,,,,15517500.0,1108713133.5639954,0.8304259438808146,4.861434913941665,-2.3005453022322264,2.9811454170110787,1.6112862017774745,음봉,72.37601776123047,73.18476333618165,63.96923491160075,False,True,0,1.609285627092634,0.06439559232341048,False,43.79752434948082,1.869198154794816,-0.761559829792918,-17.001527215297273
2024-12-10,73.5,73.5,71.9000015258789,72.05000305175781,70.8884048461914,12277100.0,-0.0078490198228701,-0.0078799855189646,1.5999984741210938,44.13272959737089,WFC,,,,12277100.0,870304035.1371765,0.659842176829892,-20.882229740615433,-0.7849019822870118,2.257066550718211,2.8702750488494866,음봉,71.96475982666016,73.1596752166748,64.27371514638266,False,True,0,1.6499993460518974,0.07127613072057809,False,44.13272959737089,1.5727475608744044,-0.8464083389706638,-16.237518032570065
2024-12-11,72.58999633789062,72.91999816894531,71.44999694824219,71.5999984741211,70.4456558227539,11867400.0,-0.0062457185261559,-0.006265304621524,1.470001220703125,41.79106301004858,WFC,,,,11867400.0,836006775.9109497,0.6549920124121902,-3.337107297325914,-0.6245718526155963,2.0867166378601807,2.4003805634944255,음봉,71.67747039794922,73.11048164367676,64.5590773264567,False,True,0,1.6585709708077567,0.07737997986702556,False,41.79106301004858,1.287243639997314,-0.9055298078782035,-15.035046101870686
2024-12-12,71.87999725341797,72.05999755859375,70.79000091552734,70.80000305175781,69.65855407714844,12446700.0,-0.0111731764920447,-0.011236065312553,1.2699966430664062,32.644319812879004,WFC,,,,12446700.0,867019125.0320435,0.6944576206100342,4.881439911016727,-1.1173176492044745,1.8231739947686194,2.0360963552855034,음봉,71.11469268798828,73.01357040405273,64.83539721171061,False,True,0,1.5992851257324219,0.08826289835709791,False,32.644319812879004,0.9861000454726963,-0.9653387219222569,-15.414814753219108
2024-12-13,70.8499984741211,71.05000305175781,70.0199966430664,70.44000244140625,69.30435180664062,16794500.0,-0.0050848352395532,-0.0050978070058063,1.0300064086914062,24.53881349093936,WFC,,,,16794500.0,1163931936.416626,0.938097558099482,34.931347264736836,-0.5084835239553276,1.4862074052220091,1.7104064429087982,음봉,70.34923553466797,72.89747276306153,65.08070551554361,False,True,0,1.5635713849748885,0.09326237736480901,False,24.53881349093936,0.7106682726795839,-0.9926163957722955,-8.824226665437434
2024-12-16,70.47000122070312,72.29000091552734,69.81999969482422,71.9800033569336,70.81952667236328,24602500.0,0.0218626222773137,0.0216270622739755,2.470001220703125,28.49654746080604,WFC,,,,24602500.0,1742337404.9568176,1.3636923925345736,46.49141087856143,2.1862622277313726,3.4877403687407336,1.68192816710077,양봉,70.22329864501953,72.78137550354003,65.3432778040568,False,True,0,1.6442860194614954,0.09341114490806583,True,28.496547460806042,0.607644015219222,-0.8765125225861259,12.028005670175027
2024-12-17,71.05000305175781,71.54000091552734,70.37999725341797,70.80999755859375,69.66838073730469,15595900.0,-0.0162546403392981,-0.0163881962520411,1.160003662109375,23.10860680435394,WFC,,,,15595900.0,1086541099.1409302,0.8679116599711486,-36.60847474850117,-1.6254640339298132,1.665036060595906,0.32544185230268236,음봉,69.97929382324219,72.62001953125,65.6059029897054,False,True,0,1.600715092250279,0.09361869712585175,False,23.10860680435394,0.4281729809055008,-0.8447868455198777,-1.8445125912835574
2024-12-18,70.61000061035156,71.5,68.61000061035156,68.76000213623047,67.65143585205078,21201200.0,-0.0289506496908419,-0.0293779877710332,2.889999389648437,19.971638835505782,WFC,,,,21201200.0,1434291621.786499,1.180052724768281,35.940856250681264,-2.8950649690841934,4.271896602414581,1.3515742192966953,음봉,69.42044982910156,72.39028434753418,65.85040117899577,False,True,0,1.710000719342913,0.11674919700252923,True,19.971638835505786,0.12178641923311773,-0.9209387257538086,-10.165055432444262
2024-12-19,69.4000015258789,70.69000244140625,68.66999816894531,68.8499984741211,67.73998260498047,16444600.0,0.0013088673110106,0.0013080114908803,2.020004272460937,22.10369971092406,WFC,,,,16444600.0,1113956917.9458618,0.9392258621916664,-22.43552251759334,0.1308867311010653,2.981997034514178,2.584668975322449,음봉,69.03673553466797,72.1575969696045,66.10534241994222,False,True,0,1.7185723440987724,0.11712567939200454,False,22.10369971092406,-0.11258435300280212,-0.9242475983917827,-10.431875148654335
2024-12-20,69.16999816894531,71.04000091552734,68.7699966430664,70.33999633789062,69.2059555053711,50113400.0,0.0216411762155197,0.0214103305381949,2.270004272460937,31.997074579018587,WFC,,,,50113400.0,3468145730.622864,2.773315650044457,204.74076596572735,2.1641176215519753,3.2800707047311293,2.1110362137289718,양봉,69.01705627441406,71.93671607971191,66.33939139048259,False,True,0,1.727144513811384,0.11748531249319744,False,31.997074579018587,-0.17798145768065865,-0.7917157624557114,8.231423630686614
2024-12-23,69.72000122070312,70.69000244140625,69.62000274658203,70.54000091552734,69.40274047851562,11817000.0,0.0028434687695231,0.002839433759342,1.0699996948242188,35.915543805977435,WFC,,,,11817000.0,820132184.2346191,0.6565856919597972,-76.41948061795847,0.28434687695231275,1.5417254238763798,0.7427767040831277,음봉,68.73369903564453,71.67008552551269,66.58470904032389,False,True,0,1.672858646937779,0.11792238709343883,False,35.915543805977435,-0.2114922802095549,-0.6601812679876862,12.974464631329214
2024-12-24,70.66999816894531,71.58999633789062,70.54000091552734,71.58999633789062,70.43580627441406,4442700.0,0.0148850865077616,0.0147753908211299,1.0499954223632812,44.23531544002136,WFC,,,,4442700.0,312925156.53533936,0.24818694751179127,-62.4041634932724,1.4885086507761658,1.4907125763174434,1.8259476235264527,음봉,68.8871841430664,71.40886573791504,66.83762505849202,False,True,0,1.6378582545689173,0.11835375735245698,False,44.23531544002136,-0.15292722262964276,-0.48129296832621915,29.882250109258912
2024-12-26,71.43000030517578,71.83999633789062,71.11000061035156,71.76000213623047,70.60307312011719,6964300.0,0.0023747416910577,0.0023719264481104,0.7299957275390625,42.288959915003645,WFC,,,,6964300.0,491700982.1304321,0.3987774848012693,56.758277623967416,0.237474169105778,1.033943276515909,1.4114895297547856,음봉,69.47751159667969,71.1338722229004,67.11126340230307,False,True,0,1.5821435110909599,0.11687482475361684,False,42.288959915003645,-0.09195693372741687,-0.3362581435391946,32.619841418492854
2024-12-27,71.18000030517578,71.73999786376953,70.62999725341797,71.11000061035156,69.96355438232422,7219500.0,-0.0090579447824452,-0.0090992173832859,1.1100006103515625,36.910594220761006,WFC,,,,7219500.0,505101880.8631897,0.415775155425992,3.6644027396866896,-0.905794478244526,1.5865411929843234,0.8171417468996939,음봉,69.92222595214844,70.83379020690919,67.37571042378744,False,True,0,1.5907151358468192,0.10292453575967768,False,36.910594220761006,-0.09415598636326195,-0.27076575694003174,22.787091172511587
2024-12-30,70.41000366210938,70.80000305175781,69.7699966430664,70.41000366210938,69.27484130859375,8443800.0,-0.009843883430606,-0.0098926547813767,1.0300064086914062,40.21259015609772,WFC,,,,8443800.0,584942905.0415039,0.48979374242580215,16.95823810513193,-0.9843883430606049,1.4868405170401031,0.6381169220555616,음봉,69.93600311279297,70.5504337310791,67.63389619191487,False,True,0,1.512143816266741,0.09092625141131441,False,40.21259015609772,-0.14974596241414417,-0.2610845863927312,13.595925996424013
2024-12-31,70.52999877929688,70.91999816894531,70.05999755859375,70.23999786376953,69.10757446289062,7031500.0,-0.0024145395722815,-0.0024174592737246,0.8600006103515625,41.689589244961255,WFC,,,,7031500.0,485929909.8358154,0.4093934785126057,-16.72588171202539,-0.24145395722815488,1.2444375555582052,1.81185181660953,음봉,69.87696990966796,70.30249633789063,67.85701217651368,False,True,0,1.459286825997489,0.07795173723067023,False,41.689589244961255,-0.2049360799184683,-0.25301976311764424,11.544643489343624
2025-01-02,70.4800033569336,71.20999908447266,69.76000213623047,70.19000244140625,69.05838775634766,8303300.0,-0.0007117411792448,-0.0007119945872457,1.4499969482421875,43.279321101731256,WFC,,,,8303300.0,573412511.0572815,0.4837559051360766,18.08717912252009,-0.07117411792448847,2.0996681146945946,1.9859312162372813,음봉,69.60148620605469,70.10818099975586,68.07604764302572,False,True,0,1.457857949393136,0.07816779216123851,False,43.279321101731256,-0.2497644724461594,-0.23827852451626824,12.184432304678188
2025-01-03,70.3499984741211,71.41999816894531,69.73999786376953,71.30999755859375,70.16031646728516,9152800.0,0.0159564789555373,0.0158305125651327,1.6800003051757812,52.3588549867472,WFC,,,,9152800.0,642163344.5617676,0.5327470612251347,10.230872062914752,1.5956478955537312,2.394516430037974,1.8703169299730953,음봉,69.51293487548828,70.02209167480468,68.31116600036621,False,True,0,1.4871439252580916,0.07826389629493587,False,52.3588549867472,-0.19413696859739105,-0.1461208165339999,42.12814479262768
2025-01-06,71.93000030517578,73.25,71.52999877929688,72.02999877929688,70.86872100830078,15565600.0,0.0100969405026265,0.0100463069429856,1.720001220703125,57.11729010858254,WFC,,,,15565600.0,1103114163.7268066,0.9051880048416616,70.0638056113976,1.009694050262655,2.4270244985819103,2.522343009549858,음봉,69.6939682006836,69.94190559387206,68.55417811075846,False,True,0,1.5364292689732142,0.07835362326289766,False,57.11729010858254,-0.09183087577335414,-0.03505177896797038,48.679325324660375
2025-01-07,72.97000122070312,73.12999725341797,71.51000213623047,71.58999633789062,70.43580627441406,13522000.0,-0.0061086855770405,-0.0061274199305958,1.6199951171875,48.06351680287568,WFC,,,,13522000.0,952432972.442627,0.7846484539389788,-13.128951020198388,-0.6108685577040585,2.299959641089487,2.965031938640776,음봉,69.92616119384766,69.80711402893067,68.78655109405517,True,True,1,1.4757145472935267,0.05440384295189095,False,48.063516802875675,-0.04516453252298902,0.009291651425915787,39.349265177399886
2025-01-08,71.51000213623047,72.08000183105469,71.05999755859375,71.56999969482422,70.41613006591797,16544700.0,-0.0002793495174803,-0.0002793885428247,1.0200042724609375,54.26010138110236,WFC,,,,16544700.0,1165013747.101593,0.9561103247862933,22.35394172459695,-0.027934951748032066,1.4485378158471516,1.5250707255786888,음봉,70.18787231445313,69.75545997619629,68.96577116648356,True,True,1,1.465714590890067,0.04640452511165757,False,54.26010138110236,-0.009657499229390965,0.03583894777561107,38.925208904030754
2025-01-10,70.9000015258789,70.93000030517578,69.33999633789062,69.95999908447266,68.83209228515625,14466600.0,-0.0224953825107808,-0.0227522633596359,1.5900039672851562,57.07548938294816,WFC,,,,14466600.0,995766346.2524414,0.8344477819050712,-12.560517869770981,-2.249538251078087,2.3099747726658064,0.6871599724494595,음봉,70.14261322021484,69.65264434814453,69.09951489766439,True,False,0,1.3728577750069755,0.04619042372848124,False,57.07548938294816,-0.10809052973843336,-0.05007526618674505,3.539171428095484
2025-01-13,69.9000015258789,70.61000061035156,69.55999755859375,70.52999877929688,69.39289855957031,10439800.0,0.0081474535466794,0.008114442231257,1.0500030517578125,59.37500811357447,WFC,,,,10439800.0,724447982.3822021,0.6034510552751094,-27.835151314061356,0.8147453546679451,1.5131275296944655,1.5514699688316065,음봉,69.98912963867187,69.60000648498536,69.22842095692953,True,True,0,1.3035719735281808,0.046225357133322355,False,59.37500811357447,-0.13924194166845894,-0.06498134249341649,13.90405021772709
2025-01-14,71.45999908447266,71.45999908447266,70.29000091552734,71.19000244140625,70.04226684570312,21909800.0,0.0093578492844677,0.0093143358635676,1.1699981689453125,55.22763885669811,WFC,,,,21909800.0,1534612058.1359863,1.2842901281175603,109.86800513419799,0.9357849284467701,1.670417337466696,2.9788358287524797,음봉,69.82383880615234,69.61919212341309,69.35412826538087,True,True,1,1.2250001089913505,0.046212618361712074,False,55.22763885669811,-0.11026005705981845,-0.028799566307820795,17.960865730587013
2025-01-15,75.36000061035156,76.81999969482422,73.6500015258789,75.94999694824219,74.72551727294922,33482900.0,0.0668632047212702,0.0647227585910001,3.1699981689453125,71.31599578853971,WFC,,,,33482900.0,2502027022.2984314,1.9577103295533305,52.821568430565314,6.6863204721270275,4.242189662423197,7.592178271961031,음봉,70.68178100585938,69.89025039672852,69.54990088144937,True,True,1,1.375,0.10121699923441063,True,71.31599578853971,0.2872956992322173,0.295004951987372,71.99891066982586
2025-01-16,75.8499984741211,76.44000244140625,74.69000244140625,75.94999694824219,74.72551727294922,22897900.0,0.0,0.0,1.75,68.72853630150539,WFC,,,,22897900.0,1711057421.964264,1.341051072544158,-31.613151787927574,0.0,2.3419041632161486,1.5048155465615485,음봉,71.54365844726563,70.0855499267578,69.74599946339926,True,True,1,1.4250003269740514,0.1009349491912546,False,68.72853630150539,0.5954969818059652,0.4825649876488958,71.99891066982586
2025-01-17,75.9800033569336,77.25,75.5,77.08000183105469,75.8373031616211,20673700.0,0.0148782628644892,0.0147686672360632,1.75,71.11111521397567,WFC,,,,20673700.0,1567837654.372406,1.2071278056173331,-9.71355451809991,1.4878262864489233,2.307571507745308,1.6787921044455607,음봉,72.9447006225586,70.39399604797363,69.96617132822672,True,True,1,1.4978577750069755,0.11628644158788244,False,71.11111521397567,0.9188684053483342,0.6447491289530118,82.14037693628349
2025-01-21,77.69000244140625,78.29000091552734,77.33000183105469,77.8499984741211,76.59488677978516,21057700.0,0.0099895906971998,0.0099400245596622,0.9599990844726562,76.49370014801664,WFC,,,,21057700.0,1612912147.342682,1.222767595691061,1.8574323899447132,0.9989590697199846,1.2533461760087337,2.4429920402585594,음봉,74.38509826660156,70.84116859436035,70.18608938852945,True,True,1,1.4871433803013392,0.12499658532608712,False,76.49370014801664,1.222184670765273,0.7584523154959604,81.06018694138156
2025-01-22,77.56999969482422,77.80999755859375,76.86000061035156,77.54000091552734,76.28988647460938,11669500.0,-0.0039819930284991,-0.0039899422723116,0.9499969482421876,78.91321218921023,WFC,,,,11669500.0,890264830.2154541,0.6823761641782691,-44.583216590605815,-0.3981993028499109,1.2452462471003458,1.2730783424780951,음봉,75.6346221923828,71.2686637878418,70.40500011444092,True,True,1,1.4814284188406808,0.10892296953592125,False,78.91321218921023,1.4215670803426974,0.7662677800587078,77.65236404553765
2025-01-23,77.70999908447266,78.30000305175781,77.02999877929688,77.43000030517578,76.1816635131836,12981800.0,-0.0014185754682148,-0.0014195825989677,1.2700042724609375,79.29916963856306,WFC,,,,12981800.0,988975119.3954468,0.7609648120949962,11.245554651013334,-0.14185754682148888,1.66707343196983,1.8614690301524042,음봉,75.92585144042968,71.61744918823243,70.60792255401611,True,True,1,1.510714394705636,0.10839250186397902,False,79.29916963856306,1.552945004537861,0.7181165634030969,76.35783536528254
2025-01-24,77.0,77.6500015258789,77.0,77.31999969482422,76.07342529296875,10393200.0,-0.0014207909780824,-0.0014218012586291,0.6500015258789062,78.9131625602256,WFC,,,,10393200.0,790646323.7548828,0.6183000581310362,-19.940224005915972,-0.14207909780824535,0.8544396724291893,1.0741908867279977,음봉,76.1954330444336,71.95098342895508,70.82371470133464,True,True,0,1.4535718645368303,0.1078900402006867,False,78.9131625602256,1.6295446597216312,0.6357729748694936,75.1498204198548
2025-01-27,77.4000015258789,78.04000091552734,76.88999938964844,77.94000244140625,76.68343353271484,10637100.0,0.008018677184534,0.0079866984304287,1.1500015258789062,78.02195353129879,WFC,,,,10637100.0,815689350.8308411,0.6374713553383947,2.346726705923108,0.8018677184534084,1.499674014190158,1.7438103093180528,음봉,76.36465911865234,72.26336479187012,71.03206520080566,True,True,1,1.4157148088727678,0.10864898514166473,False,78.02195353129879,1.7196499510308598,0.5807026129429775,81.95794299416045
2025-01-28,77.87000274658203,78.1500015258789,77.16999816894531,77.87999725341797,76.62440490722656,11562000.0,-0.0007697702459175,-0.0007700666711625,0.9800033569335938,76.18619187751784,WFC,,,,11562000.0,885931369.5373535,0.6974318652309237,8.695039061398324,-0.07697702459175115,1.2789702681804034,1.547360569556358,음봉,76.37056274414063,72.56443138122559,71.24448630015056,True,True,1,1.3628578186035156,0.10819820534816388,False,76.18619187751784,1.7659392780742849,0.5015935519891219,81.29914186405723
2025-01-29,77.75,78.9800033569336,77.61000061035156,78.37000274658203,77.10650634765625,9175400.0,0.0062917479230462,0.0062720375091834,1.3700027465820312,80.21394439767838,WFC,,,,9175400.0,707483038.3422852,0.5564962113408314,-20.6417574814046,0.6291747923046209,1.7767667236860538,1.4689772718447318,음봉,76.53388671875,72.92157897949218,71.46314868927001,True,True,1,1.345001220703125,0.11347003422439636,False,80.21394439767838,1.8205394152727905,0.4449549513501019,80.56539787184369
2025-01-30,79.1500015258789,79.23999786376953,78.08000183105469,78.81999969482422,77.54924774169922,11276000.0,0.0057419459785501,0.0057255238401063,1.1599960327148438,81.11590353907494,WFC,,,,11276000.0,874445317.5354004,0.6871295577389612,22.893824792379625,0.5741945978550156,1.4958185494958698,2.6502240537380684,음봉,76.80740356445312,73.33529930114746,71.69717928568522,True,True,1,1.3550006321498327,0.11886711501300948,False,81.11590353907494,1.8778888144229455,0.40184348040020534,82.92171857094527
2025-01-31,78.69000244140625,79.29000091552734,78.30999755859375,78.80000305175781,77.52957153320312,14980600.0,-0.0002537253302782,-0.0002537575239955,0.9800033569335938,93.93637374106432,WFC,,,,14980600.0,1161439499.3103027,0.9113133552936886,32.85384888258247,-0.025372533027823163,1.2640381438376627,1.4710067897842842,음봉,77.0986328125,73.75639915466309,71.93479480743409,True,True,1,1.311429159981864,0.11818846305475918,False,93.93637374106432,1.8998506254506111,0.3390442331422965,81.90720683493147
2025-02-03,77.2300033569336,78.51000213623047,77.0199966430664,78.13999938964844,76.88021087646484,12395200.0,-0.0083756513017769,-0.0084109241626836,1.4900054931640625,87.48767125590079,WFC,,,,12395200.0,952945589.855957,0.7566857006311934,-17.25832076151823,-0.8375651301776976,1.9380871568605365,-0.38639214733856353,음봉,77.13798828125,74.14749031066894,72.17756563822428,True,True,0,1.342857905796596,0.11756507765831521,False,87.48767125590079,1.8436056030635228,0.22623936860416638,73.22455512152779
2025-02-04,79.83999633789062,79.8499984741211,78.44000244140625,79.47000122070312,78.18876647949219,14665200.0,0.0170207077752426,0.0168774784867016,1.4099960327148438,88.26245185740476,WFC,,,,14665200.0,1146653898.1750488,0.8937875840682101,18.313540725442113,1.7020707775242672,1.8033230298941545,3.849866471076308,음봉,77.45086059570312,74.5489128112793,72.43611323038736,True,True,1,1.3600006103515625,0.12551053853759578,False,88.26245185740476,1.8829154415708302,0.21243936568917876,73.20592238194736
2025-02-05,79.66000366210938,80.3499984741211,79.18000030517578,80.05000305175781,78.75941467285156,17931000.0,0.007298339890156,0.007271835886272,1.1699981689453125,80.87346882528871,WFC,,,,17931000.0,1412235064.4989014,1.0879660573597798,22.269045086326813,0.7298339890156047,1.4855343628507334,1.8816477722577607,음봉,77.78144226074218,74.94344749450684,72.56721789042155,True,True,1,1.2171434674944197,0.13246418092019266,False,80.87346882528871,1.9377778154662337,0.21384139166766558,71.89779300063219
2025-02-06,80.5,81.5,79.91000366210938,81.41999816894531,80.1073226928711,16988900.0,0.0171142462855828,0.0169694473211385,1.589996337890625,84.14478779429987,WFC,,,,16988900.0,1360935294.4969177,1.0264724806676986,-5.254029334671795,1.711424628558289,1.9848327024816697,2.210002873152914,음봉,78.29305725097656,75.4270233154297,72.76399332682291,True,True,1,1.2057146344866072,0.14948528938445238,False,84.14478779429987,2.066203644867713,0.2738137768553157,76.78871154785156
2025-02-07,81.2699966430664,81.30000305175781,79.08999633789062,80.66999816894531,79.76126861572266,17951400.0,-0.0043198806989867,-0.0043292383426066,2.2100067138671875,77.5748074724907,WFC,,,,17951400.0,1431826437.4282837,1.079961738044643,5.665463920559888,-0.43198806989867,2.770776784550224,1.4513953420375403,음봉,78.73939666748046,75.89428024291992,72.94483451843261,True,True,1,1.238572256905692,0.1485649560365479,True,77.5748074724907,2.115670238445432,0.25862429634642803,62.52733592688935
2025-02-10,80.45999908447266,80.56999969482422,78.25,79.0999984741211,78.2089614868164,18357400.0,-0.019461916238883,-0.0196537929362232,2.3199996948242188,60.20293992823797,WFC,,,,18357400.0,1435713189.5980835,1.1543570904979328,2.261662043071855,-1.9461916238883048,2.9664115859859597,0.8760272759907749,음봉,79.00514678955078,76.36312370300293,73.05848108927408,True,True,0,1.3357151576450892,0.14030887703038586,True,60.20293992823797,2.0064851463392017,0.11955136339215788,29.072436506657635
2025-02-11,78.7699966430664,79.97000122070312,77.80999755859375,79.63999938964844,78.74287414550781,16682800.0,0.0068267452800969,0.0068035485667312,2.160003662109375,65.06978113247166,WFC,,,,16682800.0,1313651620.7946777,1.051150947321257,-9.122206848464376,0.6826745280096969,2.7431100090630873,0.7173540545536755,음봉,79.1159683227539,76.8306224822998,73.18037020365396,True,True,0,1.4221442086356026,0.13100317974759024,True,65.06978113247166,1.9406666663642511,0.04298630673376569,40.192505651709084
2025-02-12,79.19999694824219,79.72000122070312,78.83000183105469,79.25,78.35726928710938,13440500.0,-0.0048970127466503,-0.0049090424025582,0.8899993896484375,62.925191343470026,WFC,,,,13440500.0,1053160877.8533936,0.8475638051508565,-19.434986932649203,-0.4897012746650331,1.135822365615352,0.5805259303713812,음봉,79.03553924560546,77.24637260437012,73.29304504394531,True,True,0,1.395001002720424,0.06967065557221266,False,62.925191343470026,1.8362231202282828,-0.04916579152176226,31.82797620820797
2025-02-13,79.43000030517578,79.66000366210938,78.61000061035156,78.8499984741211,77.9617691040039,10093400.0,-0.0050473961982558,-0.0050601773282033,1.0500030517578125,60.84830198470686,WFC,,,,10093400.0,786899320.274353,0.6410011842536602,-24.903091402849597,-0.5047396198255893,1.3468178875688022,1.3690255260629434,음봉,78.60642852783204,77.40818519592285,73.39863611857096,True,True,0,1.4235725402832031,0.06952501736477008,False,60.84830198470686,1.7019186393300885,-0.1467762179359653,23.248797667159845
2025-02-14,79.2300033569336,80.33999633789062,78.88999938964844,79.9800033569336,79.07904815673828,17521300.0,0.0143311146678044,0.0142293949303043,1.4499969482421875,63.00455079344832,WFC,,,,17521300.0,1385567726.4686584,1.113091355234593,73.59165395208751,1.4331114667804457,1.8336044528105944,1.6267386791054161,음봉,78.46998443603516,77.6258617401123,73.49759572347006,True,True,1,1.4450007847377233,0.05500769248199553,False,63.00455079344832,1.6664269204476057,-0.14581434945475835,45.96093684807469
2025-02-18,79.98999786376953,80.94999694824219,79.48999786376953,80.77999877929688,79.87003326416016,15318300.0,0.0100024611557552,0.0099527676380755,1.4599990844726562,66.32177231294328,WFC,,,,15318300.0,1223473130.5503845,0.976590733562602,-12.573267965276546,1.0002461155755205,1.8279685444024942,1.151948244528318,음봉,78.80219879150391,77.82749824523925,73.61383794148763,True,True,1,1.4792861938476562,0.05183126132605835,False,66.32177231294328,1.6827279251009912,-0.1036106758410984,63.61684119461243
2025-02-19,80.31999969482422,80.6500015258789,79.97000122070312,80.3499984741211,79.44487762451172,13917400.0,-0.0053230933088795,-0.0053373114488366,0.6800003051757812,61.82705286643817,WFC,,,,13917400.0,1105666139.8513794,0.8870431450024392,-9.145270689306251,-0.532309330887959,0.8559397729703038,0.5633732856675479,음봉,78.94259948730469,77.96999778747559,73.73381690979004,True,True,1,1.4300003051757812,0.051736533466342015,False,61.82705286643817,1.642407431280816,-0.11514493572901885,54.12676706351978
2025-02-20,80.11000061035156,80.27999877929688,78.0199966430664,78.62999725341797,77.74425506591797,14807100.0,-0.021406321080027,-0.0216387594572201,2.2600021362304688,50.874976893215845,WFC,,,,14807100.0,1151166959.186554,0.947612717073626,6.392717030479833,-2.1406321080027046,2.9069699546471353,0.837213179411618,음봉,78.8199966430664,78.04271621704102,73.8229923248291,True,True,0,1.5085721697126115,0.05168832654009449,True,50.874976893215845,1.4564382085848138,-0.2408913267400168,16.166470539149152
2025-02-21,78.91000366210938,79.44999694824219,77.33000183105469,77.5,76.62698364257812,18205400.0,-0.0143711123399732,-0.0144753769124084,2.1199951171875,46.31330890996052,WFC,,,,18205400.0,1395024888.0065918,1.1653716006995032,22.950476460616876,-1.4371112339973235,2.766643049759191,1.4994659029184711,음봉,78.55303955078125,78.06498222351074,73.87304916381837,True,True,0,1.5900001525878906,0.051673583788858654,False,46.31330890996052,1.20501117459834,-0.39385468858119244,-8.772605044592757
2025-02-24,77.97000122070312,78.5199966430664,76.41000366210938,77.22000122070312,76.35013580322266,12989700.0,-0.0036129288430144,-0.0036194712333074,2.1099929809570312,47.76691128070103,WFC,,,,12989700.0,991765359.0431213,0.8335543817236967,-28.64919199797862,-0.3612928843014451,2.763574627287003,1.752669248197767,음봉,78.00725708007812,78.07881774902344,73.89996223449707,False,True,0,1.6342849731445312,0.04812043775721015,False,47.76691128070103,0.9722071331549529,-0.5013269840196639,-1.1761866789776305
2025-02-25,77.87000274658203,78.04000091552734,74.93000030517578,76.0,75.14388275146484,15683000.0,-0.0157989640629676,-0.0159250979832127,3.1100006103515625,37.06105214561426,WFC,,,,15683000.0,1178481513.1912231,1.0050868311549461,20.734120110549135,-1.5798964062967658,4.138727593618972,1.990653883414865,음봉,77.06202697753906,78.00184020996093,73.8913569132487,False,True,0,1.755713871547154,0.0636323441606755,True,37.06105214561426,0.6825062061498954,-0.6328223288197772,3.2554407340012053
2025-02-26,76.3499984741211,77.7699966430664,76.2699966430664,76.44999694824219,75.58880615234375,13466800.0,0.0059209530381929,0.0059034930815759,1.5,36.381278838087255,WFC,,,,13466800.0,1017939334.6923828,0.8688906729442475,-14.131224893196459,0.5920953038192955,1.9844208109026868,1.6050750619919734,음봉,76.29081268310547,77.9500602722168,73.88278795878092,False,True,0,1.7792854309082031,0.06367461325973259,False,36.381278838087255,0.4832471619152159,-0.6656650984435655,10.027486724040026
2025-02-27,76.98999786376953,77.91999816894531,76.37999725341797,76.62000274658203,75.75689697265625,13744400.0,0.0022237528129989,0.0022212839341523,1.5400009155273438,29.20607182892222,WFC,,,,13744400.0,1041233094.7509766,0.8879411378952743,2.061365729052178,0.22237528129989137,2.032819422478712,1.8537026614784486,음봉,75.89334106445312,77.8825798034668,73.87931632995605,False,True,0,1.775714329310826,0.06372978339869158,False,29.20607182892222,0.3350343902814643,-0.6511022960618537,12.981103782477312
2025-02-28,77.04000091552734,78.41999816894531,76.58999633789062,78.31999969482422,77.437744140625,24698800.0,0.0221873814152582,0.021944822739806,1.8300018310546875,40.15088550152548,WFC,,,,24698800.0,1912619354.9804688,1.602106922898166,79.70082360816042,2.2187381415258223,2.363191039929379,1.6937123801866096,양봉,76.0554931640625,77.87700462341309,73.92091255187988,False,True,0,1.7485711233956474,0.06373434578548277,False,40.15088550152548,0.34917989154276086,-0.5095654358404458,41.65689757215294
2025-03-03,78.86000061035156,78.9800033569336,76.31999969482422,77.02999877929688,76.16227722167969,18013400.0,-0.0164708687359111,-0.016608021597697,2.660003662109375,41.11586601288791,WFC,,,,18013400.0,1371941564.505005,1.169809091870556,-27.067711791665992,-1.6470868735911193,3.4925474383691375,1.8366450178917666,음봉,76.0179214477539,77.80863990783692,73.95584513346354,False,True,0,1.7728571210588728,0.06379034445641724,True,41.115866012887906,0.2545366423980795,-0.48336694798810176,20.46972763553272
2025-03-04,75.47000122070312,75.6500015258789,71.33999633789062,73.30000305175781,72.47428894042969,28858200.0,-0.0484227680130369,-0.0496344268726023,4.310005187988281,28.638808900591613,WFC,,,,28858200.0,2091477525.100708,1.8567332557237732,60.20407030321871,-4.842276801303691,5.946943738255776,-0.9089486636036472,음봉,75.48400268554687,77.58834381103516,73.94800504048665,False,False,0,1.9264286586216517,0.09837861433196081,True,28.638808900591613,-0.11671324922407678,-0.6836934716882065,11.803252138373868
2025-03-05,73.20999908447266,74.62999725341797,72.44000244140625,74.16000366210938,73.3246078491211,20422000.0,0.0117326975003553,0.0116644030712471,2.1899948120117188,33.37689612818652,WFC,,,,20422000.0,1497435141.494751,1.299828785651092,-29.233285513302974,1.1732697500355327,2.9867119323952434,1.0151326143367703,양봉,75.03116302490234,77.3451358795166,73.97204678853353,False,False,0,2.0192854745047435,0.09868796098996667,False,33.376896128186516,-0.3384167755939842,-0.7243175984464911,20.65152325893417
2025-03-06,73.79000091552734,73.88999938964844,71.62999725341797,72.6500015258789,71.83161163330078,19460400.0,-0.0203614619923018,-0.0205716141229231,2.2600021362304688,31.12060377074758,WFC,,,,19460400.0,1397871895.0286865,1.2371422015265825,-4.708647536969934,-2.036146199230182,3.1462500768710897,0.634702428090556,음봉,74.24610595703125,76.99874572753906,73.96136627197265,False,False,0,2.1057139805385043,0.10747851775214638,False,31.12060377074758,-0.6273589314125587,-0.8106078034120525,5.1156635191115924
2025-03-07,72.25,72.25,68.0999984741211,71.05000305175781,70.24964141845703,21256900.0,-0.0220233150680188,-0.0222694487693375,4.150001525878906,23.564235029248,WFC,,,,21256900.0,1493289602.6679993,1.3429357882437223,9.231567696450238,-2.20233150680188,5.907505635734898,0.5824571622241815,음봉,72.80848541259766,76.50586166381837,73.91333300272623,False,False,0,2.298571450369699,0.12574712102422947,True,23.564235029247996,-0.9727857779654983,-0.9248277199719935,16.728740852889228
2025-03-10,69.55000305175781,69.55000305175781,65.5199966430664,66.77999877929688,66.0277328491211,27582900.0,-0.0600986493893574,-0.0619803553842118,4.030006408691406,15.618862670101862,WFC,,,,27582900.0,1821236352.4040222,1.7196856055575491,29.759748599278346,-6.009864938935749,6.1035056555709835,-0.9959315842363848,음봉,70.78157653808594,75.81918487548828,73.82297503153482,False,False,0,2.4821434020996094,0.18256989227424636,True,15.618862670101862,-1.569123896574041,-1.216932670864429,3.3558231473637496
2025-03-11,66.83000183105469,68.01000213623047,65.79000091552734,67.27999877929688,66.52210998535156,24310700.0,0.007487416497552,0.0074595249319699,2.220001220703125,18.012765335455484,WFC,,,,24310700.0,1617199059.2208862,1.5059242938721926,-11.863147094757986,0.7487416497552024,3.3372381320916884,1.2150485066128889,음봉,69.59114074707031,75.23484230041504,73.75020345052083,False,False,0,2.5921434674944197,0.18398789698749327,False,18.012765335455484,-1.9790211251113874,-1.30146391952142,6.789384805204941
2025-03-12,68.80000305175781,69.48999786376953,67.69999694824219,68.93000030517578,68.15351867675781,18462300.0,0.0245243076589947,0.0242284147784504,1.7900009155273438,26.178793261645424,WFC,,,,18462300.0,1258270707.8659058,1.139540067138449,-24.056896757394895,2.4524307658994715,2.6264247984275864,3.4242646045169813,음봉,68.55692291259766,74.70537452697754,73.71200116475423,False,False,0,2.5585719517299106,0.18529189503012725,False,26.178793261645424,-2.147471865817792,-1.1759317281822597,18.90539824836116
2025-03-13,69.62999725341797,69.72000122070312,68.30999755859375,68.45999908447266,67.68881225585938,17471500.0,-0.0068185242658191,-0.0068418766153126,1.410003662109375,27.055848061561264,WFC,,,,17471500.0,1182625083.328247,1.076324880399057,-5.366611960589962,-0.6818524265819192,2.083067519015774,2.1664010975909824,음봉,67.72836303710938,74.17195167541504,73.67917213439941,False,False,0,2.5078582763671875,0.18662445981756762,False,27.055848061561264,-2.292046925692844,-1.0564054304458494,16.11303514847837
2025-03-14,69.45999908447266,71.06999969482422,69.25,70.8499984741211,70.05189514160156,15762300.0,0.0349109816967962,0.0343154149960113,1.8199996948242188,35.39662923614205,WFC,,,,15762300.0,1104178986.7904663,0.9677322499161904,-9.782789113699453,3.4910981696796295,2.5980734584629097,2.6166611136834677,양봉,67.68881378173828,73.77645797729492,73.69163118998209,False,False,0,2.4871444702148438,0.18762489816601252,False,35.39662923614205,-2.1906897546446515,-0.7640386075181254,33.6693628381787
2025-03-17,70.47000122070312,71.55999755859375,70.08000183105469,70.83999633789062,70.04199981689453,11185000.0,-0.0001412570593133,-0.0001412670370313,1.4799957275390625,37.47572735527061,WFC,,,,11185000.0,783419767.9519653,0.6871641973854302,-29.03954372141122,-0.014125705931333776,2.1130118092117627,0.5968519170772052,음봉,68.49166717529297,73.32460556030273,73.67867240905761,False,False,0,2.370715550013951,0.1887811098234282,False,37.47572735527061,-2.0871031108696343,-0.5283615709944862,33.59584634656479
2025-03-18,71.01000213623047,71.4800033569336,70.38999938964844,71.11000061035156,70.30896759033203,11102100.0,0.0038115384217385,0.0038042929143521,1.0900039672851562,36.9246361115908,WFC,,,,11102100.0,780577189.0846252,0.6829666568695325,-0.7411712114439029,0.3811538421738536,1.5503057499524986,1.3820312410646645,음봉,69.24903869628906,72.84655227661133,73.68934885660808,False,False,0,2.341430119105748,0.1841836621785934,False,36.9246361115908,-1.9608642586250227,-0.3216981749998995,35.57926120743894
2025-03-19,71.13999938964844,73.83000183105469,70.83000183105469,72.76000213623047,71.94038391113281,14453200.0,0.0232035311669847,0.0229384223779723,3.0,41.18724604918418,WFC,,,,14453200.0,1039768756.7443848,0.8911532435405817,30.18437953180029,2.3203531166984703,4.170119530785196,1.1819712730793657,양봉,70.00641174316407,72.47132759094238,73.76083132425944,False,False,0,2.445715767996652,0.1616711409363119,False,41.18724604918418,-1.709471670635864,-0.05624446960859242,47.699733028006555
2025-03-20,71.83999633789062,73.37000274658203,71.77999877929688,72.5199966430664,71.70307159423828,12388300.0,-0.0032987357585925,-0.0033041885823136,1.5900039672851562,35.81216040674367,WFC,,,,12388300.0,888279161.8309021,0.7730773059575348,-14.286801538759587,-0.3298735758592519,2.2174837589704057,-0.13954272660845846,음봉,70.80926361083985,72.1692684173584,73.82688280741374,False,False,0,2.4285730634416853,0.1581006921882491,False,35.81216040674367,-1.5119614042355494,0.11301263743337797,45.936640914166524
2025-03-21,71.95999908447266,72.77999877929688,71.1500015258789,72.5199966430664,71.70307159423828,32647100.0,0.0,0.0,1.6299972534179688,38.22456052411129,WFC,,,,32647100.0,2340897348.6442566,2.0034656961925075,163.53171944496015,0.0,2.2732600112893175,0.3583214561411069,음봉,71.13949890136719,71.9230728149414,73.86850140889486,False,False,0,2.3550011771065846,0.15864187728549847,False,38.22456052411129,-1.3399865641300437,0.2279899820311071,61.03723564499608
2025-03-24,73.63999938964844,74.52999877929688,73.33999633789062,74.27999877929688,73.44325256347656,10688900.0,0.0242692667210384,0.023979447832768,1.19000244140625,52.85215094814189,WFC,,,,10688900.0,785027582.3257446,0.6627356921476827,-67.25926651984403,2.4269266721038463,1.6203019336292848,2.7013177432217543,음봉,71.81974945068359,71.7777286529541,73.93584327697754,True,False,0,2.1321438380650113,0.15896311440379235,False,52.85215094814189,-1.051160084289009,0.4134531694977137,86.97316563741033
2025-03-25,74.47000122070312,74.66000366210938,73.83000183105469,74.23999786376953,73.40370178222656,9499100.0,-0.00053852164589,-0.0005386667007507,0.8300018310546875,50.24448269047459,WFC,,,,9499100.0,697269103.5995483,0.5930190143773915,-11.131173460318644,-0.05385216458900777,1.1307356589687119,1.3980163206131835,음봉,72.4386962890625,71.69071960449219,73.98530820210775,True,False,0,2.035001482282366,0.1591560435500071,False,50.24448269047459,-0.8160475474843452,0.5188525650419022,86.25491340143022
2025-03-26,74.38999938964844,75.37999725341797,73.12000274658203,73.47000122070312,72.64237976074219,10848100.0,-0.0103717115485953,-0.0104258725692902,2.259994506835937,52.62484753906187,WFC,,,,10848100.0,788031799.8825073,0.7046533308808003,14.201345390615948,-1.0371711548595397,3.1111239943949314,1.3436619454806433,음봉,72.57909545898437,71.54339828491212,74.01929664611816,True,False,0,2.0350009373256137,0.15948377579249237,False,52.62484753906187,-0.6832751223855951,0.5212999921125219,72.2351184258378
2025-03-27,73.56999969482422,73.56999969482422,72.22000122070312,72.27999877929688,71.46578216552734,10457600.0,-0.016197123484805,-0.0163297307430874,1.3499984741210938,54.04336338676391,WFC,,,,10457600.0,747360563.5742188,0.6802412995799167,-3.5997087047501375,-1.6197123484805065,1.8890137814405492,1.2769679863700458,음봉,72.5316375732422,71.32884254455567,74.04433377583821,True,False,0,1.835000719342913,0.1599634998195383,False,54.04336338676391,-0.6653241687511695,0.43140075659755794,60.302080673491346
2025-03-28,72.2699966430664,72.55000305175781,69.94999694824219,70.69000244140625,69.8936996459961,13555200.0,-0.0219976955669501,-0.0222432526790836,2.600006103515625,65.60254163284762,WFC,,,,13555200.0,947423077.4414062,0.8735140027251487,29.620563035495717,-2.1997695566950193,3.7199434522487294,1.1253140358505558,음봉,72.16976318359374,70.95164031982422,74.0546480814616,True,False,0,1.7328578404017858,0.14283735128427968,True,65.60254163284762,-0.7690862816355093,0.2621109149705745,42.79145252907763
2025-03-31,69.9000015258789,72.06999969482422,69.55999755859375,71.79000091552734,70.9813003540039,14855300.0,0.0155607832110244,0.0154409556985621,2.5100021362304688,67.17434780232406,WFC,,,,14855300.0,1054448511.1488342,0.949629116724201,9.59115321057602,1.5560783211024498,3.5361456097766246,0.009016377605894134,양봉,71.67737274169922,70.69259147644043,74.08587684631348,True,False,0,1.7535721915108817,0.10489811675424042,False,67.17434780232406,-0.7548566978532705,0.22107239900225062,42.72530306477137
2025-04-01,70.83999633789062,71.62999725341797,70.11000061035156,71.30999755859375,70.50670623779297,10661000.0,-0.0066861851479755,-0.0067086378216779,1.5199966430664062,59.9497924794528,WFC,,,,10661000.0,751671995.2011108,0.6791357691134752,-28.23436753212658,-0.6686185147975587,2.155818537232503,-0.19907217169671163,음봉,71.0979736328125,70.59421234130859,74.11001548767089,True,False,0,1.734286172049386,0.10504430134446358,False,59.949792479452796,-0.7729651677176008,0.1623711433103363,31.0708454599705
2025-04-02,70.55999755859375,72.47000122070312,70.22000122070312,72.26000213623047,71.44600677490234,8854100.0,0.0133221446190021,0.0132341851946571,2.25,65.27326781927249,WFC,,,,8854100.0,632590088.5856628,0.5637972361409068,-16.948691492355316,1.3322144619002163,3.1492312888652347,0.07558333617379515,양봉,70.85869903564453,70.50028228759766,74.13144365946452,True,False,0,1.7942859104701452,0.10518425563325723,False,65.27326781927249,-0.7034140380958291,0.1855378183456864,35.82394386356197
2025-04-03,67.77999877929688,68.72000122070312,65.41000366210938,65.66999816894531,64.93023681640625,25880300.0,-0.0911985183304179,-0.0956286006583242,3.30999755859375,34.43510100284075,WFC,,,,25880300.0,1680414007.8796387,1.6171556921298325,192.29735376831073,-9.119851833041793,5.097775275258808,-5.131158704440384,음봉,69.55158996582031,70.15521354675293,74.03246892293295,False,False,0,1.900714329310826,0.12134544699799192,True,34.43510100284075,-1.1606828188351983,-0.21738476991494626,-4.812107864556351
2025-04-04,62.75,63.56999969482422,59.709999084472656,60.97999954223633,60.29307556152344,31050800.0,-0.0714175934394731,-0.0740961497738083,3.8600006103515625,26.876208613963414,WFC,,,,31050800.0,1872148230.645752,1.8974297891954188,19.978516477784257,-7.141759343947318,6.4020628810232,-3.357814360928618,음봉,67.63146514892578,69.65738525390626,73.86342341105143,False,False,0,2.070714678083147,0.1887836724565496,True,26.876208613963414,-1.8756306779938825,-0.7458661032589042,3.72097348553823
2025-04-07,60.68999862670898,64.33000183105469,58.41999816894531,62.16999816894531,61.469669342041016,41305800.0,0.0195145755886507,0.0193266077312052,5.910003662109375,29.90107749083124,WFC,,,,41305800.0,2539053867.908478,2.4477469667776224,33.02652427634716,1.9514575588650773,9.614503746919198,0.6583228032222656,양봉,65.7291389465332,69.42948207855224,73.71431573232015,False,False,0,2.4150003705705916,0.18940335730972424,True,29.90107749083124,-2.320540970592674,-0.9526211166861565,17.981552698830985
2025-04-08,64.69000244140625,65.62999725341797,60.880001068115234,62.08000183105469,61.38068389892578,27374200.0,-0.0014476317193132,-0.001448680550447,4.749996185302734,24.17794014707266,WFC,,,,27374200.0,1680247117.1859741,1.6043518522136306,-33.72795103835296,-0.14476317193132804,7.738584654945273,5.238897709773019,음봉,63.903934478759766,69.17241077423095,73.59012559254964,False,False,0,2.5400000980922153,0.19010725309073667,True,24.17794014707266,-2.6497710531838976,-1.0254809594219039,17.456874350253106
2025-04-09,60.63999938964844,67.19000244140625,59.43000030517578,66.33000183105469,65.58280944824219,42744800.0,0.0684600640200743,0.0662184193369504,7.760002136230469,37.46457493674431,WFC,,,,42744800.0,2803324073.3032227,2.438891818219527,56.14995141410526,6.846006402007432,11.832372235219117,-1.2067061854459173,양봉,62.73129501342773,69.04387531280517,73.52662410736085,False,False,0,2.9807142530168806,0.1904611660683281,True,37.464574936744306,-2.542305734434592,-0.7344125125380785,42.23355935115954
2025-04-10,64.94999694824219,65.0,61.4900016784668,63.11000061035156,62.39908218383789,29026000.0,-0.0485451491204701,-0.0497630438399186,3.509998321533203,33.142254671988,WFC,,,,29026000.0,1811195759.4680786,1.6376261094113185,-32.09466414628213,-4.854514912047014,5.625080047158666,-0.9649060559069436,음봉,62.22506408691406,68.77938880920411,73.39923769632975,False,False,0,3.1150000435965404,0.19119357164443657,False,33.142254671988,-2.6831096598178448,-0.700173150337065,23.46158154298215
2025-04-11,61.540000915527344,63.619998931884766,59.650001525878906,62.5099983215332,61.80583572387695,33867000.0,-0.0095072946459875,-0.0095527774804307,3.9699974060058594,27.999986153893417,WFC,,,,33867000.0,2093178238.4605408,1.87812153428766,16.67815062357887,-0.9507294645987541,6.423337472115376,-1.3767530518791176,양봉,62.52761611938477,68.36708583831788,73.18390967051188,False,False,0,3.313571112496512,0.192346607153216,False,27.999986153893417,-2.8101738812424344,-0.6617898974093235,19.9636659062763
2025-04-14,63.15999984741211,64.01000213623047,62.400001525878906,63.09999847412109,62.389190673828125,28057800.0,0.0094385092138769,0.0093942447945627,1.6100006103515625,29.597061127950724,WFC,,,,28057800.0,1750503434.0881348,1.532205864494145,-17.15298077774825,0.94385092138769,2.580576207132861,2.190997189302648,음봉,62.71152038574219,67.98444538116455,72.97830422719319,False,False,0,3.3692853110177174,0.19342920175673672,False,29.597061127950724,-2.831165410496453,-0.5462251413306736,23.403258957229053
2025-04-15,63.43999862670898,65.41999816894531,63.29999923706055,64.54000091552734,63.81296920776367,20903300.0,0.022820916869704,0.0225644148218965,2.1199989318847656,34.036455398533235,WFC,,,,20903300.0,1333901639.2406464,1.1425031887351198,-25.499148186956923,2.2820916869704,3.3222070030661426,1.6842788655081233,양봉,63.197977447509764,67.65964546203614,72.77789866129557,False,False,0,3.359285627092634,0.19435775804252028,False,34.036455398533235,-2.701769997256207,-0.33346378247234165,35.597164987780374
2025-04-16,63.88999938964844,64.9800033569336,63.369998931884766,63.97999954223633,63.25928115844727,17351000.0,-0.0086767322723017,-0.0087145942852268,1.610004425048828,34.82077123974375,WFC,,,,17351000.0,1097611787.3802187,0.9618075184807652,-16.9939674596834,-0.8676732272301702,2.5450880812512007,0.12071242388670092,음봉,62.733271789550784,67.22559032440185,72.55563856760661,False,False,0,3.3778574807303294,0.19561266682071535,False,34.82077123974375,-2.613771270050421,-0.1963720442132444,34.24827542266728
2025-04-17,64.37999725341797,65.70999908447266,64.06999969482422,64.70999908447266,63.98106002807617,18961800.0,0.011409849375636,0.0113452479746789,1.6399993896484375,38.70845212203846,WFC,,,,18961800.0,1213196064.0403748,1.0547509348980393,9.283614777246264,1.140984937563605,2.563257609249945,1.7716231902218544,음봉,63.04966735839844,66.83948974609375,72.35049146016439,False,False,0,3.3092855725969588,0.19674263002167294,False,38.70845212203846,-2.4574620295620946,-0.03205024297993431,39.580502855727914
2025-04-21,64.19999694824219,65.16000366210938,63.400001525878906,64.01000213623047,63.288944244384766,17859100.0,-0.0108175104224232,-0.0108764450912511,1.7600021362304688,35.084366872331515,WFC,,,,17859100.0,1130283584.154892,0.9958880967504147,-5.815376177367126,-1.0817510422423293,2.780899819460368,0.34219020452293497,음봉,63.3462890625,66.41878337860108,72.1356128056844,False,False,0,3.25571414402553,0.19798882685029537,False,35.084366872331515,-2.362203775119994,0.050566409169733095,34.65441293858149
2025-04-22,64.70999908447266,66.41000366210938,64.70999908447266,66.2300033569336,65.48394012451172,17536600.0,0.0346821377150987,0.0340942662296342,1.7000045776367188,40.869896609148405,WFC,,,,17536600.0,1148365664.3875122,0.9809616481347753,-1.805802084091579,3.468213771509876,2.5960633621072824,2.2453445179945026,양봉,63.96523895263672,66.02081775665283,71.95912138621013,False,False,0,3.2685718536376953,0.1985832146010034,False,40.869896609148405,-2.0855521519985842,0.2617744258329142,50.27715602298484
2025-04-23,67.44000244140625,69.5,67.44000244140625,67.94000244140625,67.17467498779297,20678800.0,0.0258190765562742,0.025491392559983,2.05999755859375,42.44227612423862,WFC,,,,20678800.0,1389091669.1375732,1.1475502022889972,17.91795444955122,2.5819076556274245,3.0666282478748044,2.9870870829935674,음봉,64.63758010864258,65.70936641693115,71.80064207712809,False,False,0,3.255000250680106,0.18793826318247286,False,42.44227612423862,-1.7101618923454396,0.5097317483888473,79.01331563240646
2025-04-24,67.69999694824219,69.8499984741211,67.5,69.55999755859375,68.77642059326172,18420900.0,0.02384448612159,0.0235646460621637,2.3499984741210938,58.2380450161108,WFC,,,,18420900.0,1266923566.1064148,1.017375881271094,-10.918912122560299,2.384448612159007,3.416866498503605,0.7820238215438788,양봉,65.74100799560547,65.51606845855713,71.669842338562,True,False,0,3.186428887503488,0.17053383798619293,False,58.2380450161108,-1.2687891119262815,0.7608836230464044,90.60736787230677
2025-04-25,69.06999969482422,70.19000244140625,69.0,69.7300033569336,68.94451141357422,17775900.0,0.0024440181513163,0.0024410363962751,1.19000244140625,72.91775718387264,WFC,,,,17775900.0,1225550740.436554,0.9754397520448945,-3.501457583505696,0.24440181513163406,1.7260292618042326,0.42686010558575516,음봉,66.73369827270508,65.39000492095947,71.53380908966065,True,False,0,2.9957147325788225,0.1705601831175892,False,72.91775718387264,-0.8951161374769185,0.9076452779966138,89.41809196496054
2025-04-28,69.80999755859375,70.55999755859375,68.66999816894531,69.43000030517578,68.64788818359375,16694100.0,-0.0043023472630203,-0.0043116289907167,1.8899993896484373,69.94504671019035,WFC,,,,16694100.0,1146014710.1257324,0.9112691071535949,-6.085767809224851,-0.43023472630203674,2.753179215934178,1.2553372665559697,음봉,67.80548706054688,65.32771434783936,71.38545309702555,True,False,0,2.708571570260184,0.1707228138121409,False,69.94504671019035,-0.6158139093172963,0.9495580049249888,82.82021700937257
2025-04-29,68.94999694824219,71.33999633789062,68.94999694824219,71.0999984741211,70.299072265625,24563600.0,0.0240529479598159,0.0237682322725633,2.389999389648437,72.80079191698528,WFC,,,,24563600.0,1726798291.5039062,1.3258994185260449,47.13940853355376,2.405294795981594,3.399759502682804,0.4400845716338276,양봉,68.76851348876953,65.29360294342041,71.26494477589925,True,False,0,2.5400003705705916,0.17081200470807806,False,72.80079191698528,-0.2582511666448113,1.045696598077979,91.2600804449777
2025-04-30,69.66999816894531,71.41000366210938,69.33000183105469,71.01000213623047,70.21009063720703,23953000.0,-0.0012657582177152,-0.001266559966266,2.0800018310546875,64.98079318988167,WFC,,,,23953000.0,1681742301.03302,1.2767745565459445,-2.485791984888208,-0.12657582177152404,2.9625397320772215,-0.8948540519890951,양봉,69.37559661865234,65.27877216339111,71.15377610524496,True,False,0,2.1342860630580356,0.1708508117380548,False,64.98079318988167,0.01773536698996736,1.0573465053702062,89.79665980497039
2025-05-01,70.76000213623047,72.47000122070312,70.43000030517578,71.80999755859375,71.0010757446289,19672500.0,0.0112659747372936,0.0112029862866022,2.040000915527344,82.95453715100106,WFC,,,,19672500.0,1396768662.5862122,1.0412127413706413,-17.870412891913332,1.1265974737293627,2.87319719332797,0.7832371302082015,양봉,69.82052764892578,65.25652561187744,71.0339812596639,True,False,0,2.0292862483433316,0.1640908718737623,False,82.95453715100106,0.29686054730169076,1.0691773485455436,88.54192269078396
2025-05-02,73.0,74.16000366210938,72.87000274658203,73.80000305175781,72.96866607666016,18347400.0,0.0277121200122112,0.0273350889161318,1.2900009155273438,88.69091550474579,WFC,,,,18347400.0,1338785303.9749146,0.9683397947336396,-6.735798703774309,2.771212001221124,1.7678833736279098,2.8153436189624332,음봉,70.62535858154297,65.65844707489013,70.93746878306071,True,True,0,1.837857927594866,0.193053461966271,False,88.69091550474579,0.6691241133797377,1.1531527316988723,89.8695801952372
2025-05-05,73.3499984741211,74.88999938964844,73.04000091552734,73.8499984741211,73.01809692382812,16070400.0,0.0006774256653676,0.0006771963161737,1.8499984741210933,88.25625433871411,WFC,,,,16070400.0,1173430024.8046875,0.845560813911681,-12.410477778867845,0.06774256653676591,2.5336163938249405,0.5225974626702281,음봉,71.49940032958985,66.29469814300538,70.81931502024332,True,True,0,1.8550006321498327,0.1755406292038481,False,88.25625433871411,0.9571014579342858,1.1529040610027363,83.84898670253821
2025-05-06,73.13999938964844,74.19000244140625,72.55999755859375,73.4800033569336,72.65226745605469,18095100.0,-0.0050101205479933,-0.0050227132802917,1.6300048828125,84.43764031534675,WFC,,,,18095100.0,1314650044.8440552,0.9493729676809324,12.59893966547192,-0.5010120547993324,2.2435705586180696,0.16694829221238147,음봉,71.97003936767578,66.85382804870605,70.7008316675822,True,True,0,1.8200010572160994,0.17407250062665014,False,84.43764031534675,1.142634616974476,1.0707497760343412,80.57524440386914
2025-05-07,73.5999984741211,74.30000305175781,72.9800033569336,73.18000030517578,72.35564422607422,14310300.0,-0.0040827800751007,-0.0040911373767776,1.3199996948242188,86.1635246832715,WFC,,,,14310300.0,1035430975.5683899,0.7530713243905778,-20.916159623323438,-0.4082780075100767,1.8243216668763225,1.304475484732341,음봉,72.39915008544922,67.40257606506347,70.60327637990316,True,True,0,1.7992864336286272,0.1663476658388845,False,86.1635246832715,1.251311625033452,0.9435414272746536,77.94294486715621
2025-05-08,73.69000244140625,73.98999786376953,72.62999725341797,73.30999755859375,72.48417663574219,19957500.0,0.0017763978338216,0.001774821905231,1.3600006103515625,85.47854407264548,WFC,,,,19957500.0,1446602955.2078247,1.0476541191784599,39.46248506320622,0.17763978338216635,1.8762724134758837,1.8441660351511033,음봉,72.69577026367188,67.74764442443848,70.4989647547404,True,True,0,1.7792865208217077,0.16550038448136206,False,85.47854407264548,1.3324507651667403,0.8197444539263535,79.0615909382165
2025-05-09,73.13999938964844,73.23999786376953,72.02999877929688,72.44999694824219,72.02686309814453,11136900.0,-0.0063091499251735,-0.0063291367223777,1.2099990844726562,87.18687101054891,WFC,,,,11136900.0,802155971.6377258,0.5879618052808776,-44.19691845170989,-0.6309149925173507,1.6799275054140557,0.9047805801837054,음봉,72.50740966796874,68.22903347015381,70.39345798492431,True,True,0,1.7400005885532923,0.1643326987015854,False,87.18687101054891,1.3443558404466671,0.6653196233650241,71.87488992462788
2025-05-12,74.98999786376953,75.25,74.06999969482422,74.87999725341797,74.44267272949219,20425500.0,0.0335403976715722,0.0329901875920868,1.1800003051757812,87.42324855643864,WFC,,,,20425500.0,1520528811.8362427,1.0764787977495784,83.40381973439645,3.354039767157224,1.5851127611492872,4.11393005077481,음봉,72.79232482910156,68.86087532043457,70.33480637868246,True,True,0,1.702857426234654,0.17504108101407145,False,87.42324855643864,1.5310770427769427,0.6816326605562395,89.66289983510343
2025-05-13,75.44000244140625,76.58000183105469,74.97000122070312,75.98999786376953,75.54618835449219,13635100.0,0.0148236970078965,0.0147148998774217,1.6100006103515625,86.77440436491844,WFC,,,,13635100.0,1030079832.8323364,0.7204432605138882,-33.24471861153949,1.4823697007896541,2.1311473754265555,1.3397285123522267,양봉,73.37110900878906,69.51872520446777,70.27592538197835,True,True,0,1.6707147870744978,0.17674241234871307,False,86.77440436491844,1.747950148103783,0.7188046127064638,88.6143913206412
2025-05-14,76.23999786376953,76.48999786376953,75.83000183105469,76.27999877929688,75.8344955444336,14067100.0,0.0038163035915002,0.0038090399791835,0.6599960327148438,85.049176352918,WFC,,,,14067100.0,1066771432.2731018,0.7428786187812237,3.168293595206495,0.3816303591500203,0.8703111004781896,0.918391151677592,음봉,74.06687927246094,70.11980152130127,70.2086664199829,True,True,0,1.5500003269740514,0.17933899003074294,False,85.049176352918,1.9209441785619674,0.7134389145317186,90.57514612550396
2025-05-15,76.05999755859375,76.5199966430664,75.31999969482422,75.58999633789062,75.14852142333984,15303900.0,-0.009045673953113,-0.0090868344661482,1.1999969482421875,79.30096135829695,WFC,,,,15303900.0,1150065457.0106506,0.804679002045028,8.79214621350528,-0.9045673953113065,1.596833744049539,0.29736073608880037,음봉,74.59974822998046,70.71426353454589,70.13706048329671,True,True,1,1.5507142203194755,0.17741189221209913,False,79.30096135829695,1.9798681280523738,0.6178902912176998,81.90291093578193
2025-05-16,75.55999755859375,76.3499984741211,75.37000274658203,76.18000030517578,75.7350845336914,13864600.0,0.0078053845803196,0.0077750801557429,0.9799957275390624,82.57989664869324,WFC,,,,13864600.0,1050036653.0258179,0.7312322564355687,-9.404792242500282,0.7805384580319652,1.29397852207203,0.5475505405301412,양봉,75.34139251708984,71.30196475982666,70.1035743077596,True,True,1,1.4857139587402344,0.17594958767696273,False,82.57989664869324,2.050262375025298,0.5506276305524991,88.92638588912887
2025-05-19,75.5999984741211,76.41000366210938,75.43000030517578,76.05999755859375,75.61577606201172,12720500.0,-0.0015753395195143,-0.0015765816715274,0.9800033569335938,78.4474995448374,WFC,,,,12720500.0,961870479.3968201,0.6723535425789554,-8.251951011929659,-0.1575339519514385,1.2960302835877835,-0.1783665528361803,양봉,75.57601318359374,71.91830635070801,70.0867208480835,True,True,1,1.3849999564034599,0.14392101184151396,False,78.4474995448374,2.0725322645136686,0.4583180160326956,86.70033422009699
2025-05-20,75.4800033569336,75.87000274658203,75.06999969482422,75.5199966430664,75.07893371582031,10655600.0,-0.0070996077029104,-0.0071249298403506,0.8000030517578125,74.85974325673003,WFC,,,,10655600.0,800011086.1022949,0.5647568939089292,-16.232852482213744,-0.7099607702910404,1.0655492988031599,-0.17955605582461945,음봉,75.48256225585938,72.39805603027344,70.06553414662679,True,True,0,1.2935714721679688,0.11961399285388959,False,74.85974325673003,2.0235365518580863,0.32745784270169054,75.59239442595333
2025-05-21,74.94000244140625,75.12999725341797,73.08999633789062,73.19000244140625,72.76254272460938,17711300.0,-0.030852742261613,-0.0313387098671894,2.040000915527344,57.78168451549974,WFC,,,,17711300.0,1288719222.958374,0.9364277416655212,66.21588648222532,-3.0852742261613053,2.8036415979143414,-0.18504694664408572,음봉,74.86817169189453,72.67744941711426,70.0258451461792,True,True,0,1.2935714721679688,0.09888359344580307,True,57.78168451549974,1.777306024958861,0.06498185264197232,16.099856131513906
2025-05-22,73.13999938964844,73.88999938964844,72.4800033569336,73.38999938964844,72.96137237548828,9717000.0,0.0027325824996444,0.0027288557835814,1.4099960327148438,49.961810166165726,WFC,,,,9717000.0,708965655.3726196,0.5174410928549006,-45.136720624685935,0.2732582499644476,1.9325240011364406,0.5187513395012253,음봉,74.43074188232421,72.88669700622559,69.9820545832316,True,True,0,1.302142551967076,0.09859971237585376,False,49.961810166165726,1.5799972250371894,-0.10586155782375939,20.46973563746483
2025-05-23,71.9000015258789,73.19000244140625,71.9000015258789,72.83000183105469,72.40464782714844,9260900.0,-0.0076304012686976,-0.007659661721489,1.2900009155273438,46.95000660023943,WFC,,,,9260900.0,670532203.062439,0.49471248871195456,-4.693835545950398,-0.7630401268697629,1.7816548443229254,-1.4547024199971705,양봉,73.76465454101563,73.0597038269043,69.92618376413981,True,True,0,1.2621427263532365,0.09836622631083497,False,46.950006600239426,1.3629938169684408,-0.2582919727140065,10.783039922271472
2025-05-27,73.61000061035156,74.08999633789062,73.05000305175781,73.98999786376953,73.55786895751953,11014100.0,0.0159274461651159,0.015801935351578,1.0399932861328125,54.17560483459612,WFC,,,,11014100.0,810173724.4850159,0.5907060678258458,18.931205390404827,1.5927446165115988,1.4138436864360764,1.6647450396840031,음봉,73.35307312011719,73.30520286560059,69.86151917775472,True,True,1,1.219999040876116,0.0767258623857637,False,54.175604834596115,1.2694390567508123,-0.28147738634530817,35.4245154601193
2025-05-28,74.19999694824219,74.36000061035156,73.33000183105469,73.7300033569336,73.29939270019531,8711100.0,-0.0035139171510459,-0.0035201054589721,1.029998779296875,54.3668570871804,WFC,,,,8711100.0,638518339.7506714,0.4690911450043952,-20.909561380412377,-0.35139171510459866,1.405194151484601,0.8729562177684785,음봉,72.99716491699219,73.4552188873291,69.81380443572998,False,True,0,1.1992846897670202,0.07656916679880404,False,54.3668570871804,1.1610554371156923,-0.31188880478434267,29.90151886889343
2025-05-29,74.41000366210938,75.08000183105469,73.33000183105469,74.51000213623047,74.07483673095703,14016600.0,0.0105791330895932,0.010523565621327,1.75,56.94446387423883,WFC,,,,14016600.0,1038277356.5231323,0.7546157786333635,60.90505217481146,1.057913308959324,2.362475676262473,1.5151707551747604,음봉,73.25962371826172,73.6484561920166,69.84048023223878,False,True,0,1.2271417890276228,0.06562825685311004,False,56.94446387423883,1.1247668778940607,-0.27854189120477946,46.470834685051116
2025-05-30,74.19999694824219,74.80000305175781,73.7300033569336,74.77999877929688,74.34325408935547,17042000.0,0.0036235970303024,0.0036170476194322,1.0699996948242188,60.28243559211364,WFC,,,,17042000.0,1266957736.190796,0.9235380106143829,21.58440706020004,0.3623597030302461,1.439269383524903,0.1689645536982329,양봉,73.53600006103515,73.81556510925293,69.85745766957601,False,True,0,1.217141832624163,0.05158305623825358,False,60.28243559211364,1.1049300252947205,-0.23870299504329595,52.20624795204567
2025-06-02,74.26000213623047,74.75,73.2699966430664,74.72000122070312,74.28360748291016,11237500.0,-0.0008023136352576,-0.0008026356610976,1.4800033569335938,49.10714362187325,WFC,,,,11237500.0,834762039.0892029,0.6125515342762801,-34.0599694871494,-0.08023136352576232,1.9923687164413582,-0.11198319759441373,양봉,73.9117919921875,73.88131217956543,69.8983242670695,True,True,1,1.2385706220354353,0.051537152413248584,False,49.10714362187325,1.0720384026552097,-0.21727569414624548,50.93174789743355
2025-06-03,74.72000122070312,75.83000183105469,74.37000274658203,75.6500015258789,75.20817565917969,13193500.0,0.012446463056903,0.0123696426073903,1.4599990844726562,48.06378868795287,WFC,,,,13193500.0,992259065.5593872,0.729053591314129,17.40600667408232,1.2446463056903,1.9412770907898669,0.5874697696842017,양봉,74.24185333251953,73.99081611633301,69.98096650441488,True,True,1,1.227856227329799,0.051460879148872526,False,48.06378868795287,1.1078063772964128,-0.14520617560403393,71.60557639971465
2025-06-04,77.69999694824219,78.80000305175781,75.37999725341797,75.37999725341797,74.93975067138672,29578000.0,-0.0035690931928649,-0.0035754776015344,3.420005798339844,44.86300289798193,WFC,,,,29578000.0,2216567945.3582764,1.621415753144308,124.18615227195211,-0.3569093192864914,4.563673841585999,3.313231928872557,음봉,74.5699249267578,74.10519027709961,70.12950013478597,True,True,1,1.424999782017299,0.05138145428209929,True,44.86300289798193,1.101792325612493,-0.12097618183036296,44.05432569988622
2025-06-05,75.61000061035156,75.76000213623047,74.18000030517578,74.9000015258789,74.46255493164062,20138400.0,-0.0063677252121989,-0.00638808565354,1.5800018310546875,45.96492834248407,WFC,,,,20138400.0,1499556716.2353516,1.1033020119847379,-31.914260599093925,-0.6367725212198971,2.1218743199252126,0.8943850666169305,음봉,74.64746856689453,74.21053581237793,70.26184088389078,True,True,0,1.4521429879324776,0.0513085157600219,False,45.964928342484065,1.0464575272409178,-0.14104878416155064,37.138446943101314
2025-06-06,76.1500015258789,76.76000213623047,75.83000183105469,76.33000183105469,75.88420867919922,10988000.0,0.0190921967271164,0.0189122277994654,0.9300003051757812,50.79872439472496,WFC,,,,10988000.0,833815684.967041,0.6074125772390245,-45.4375720017479,1.9092196727116484,1.225551826081973,2.266168003216408,음봉,74.95565948486328,74.38053741455079,70.39068571726482,True,True,1,1.4485718863351005,0.05185960891296396,False,50.798724394724964,1.1045868869859135,-0.06633553953324411,57.74211988761573
2025-06-09,76.55000305175781,76.69999694824219,75.93000030517578,76.45999908447266,76.01344299316406,13453200.0,0.0017030462096689,0.0017015976708586,0.7699966430664062,52.12768302449961,WFC,,,,13453200.0,1022624051.2756348,0.7530240403948147,22.435384055333095,0.17030462096689902,1.0129743013162191,0.8773819799231775,음봉,75.30162658691407,74.57986640930176,70.52942956288656,True,True,1,1.4335714067731584,0.04838832971636335,False,52.12768302449961,1.1478512379059964,-0.01845695089052901,59.61508054537996
2025-06-10,76.16000366210938,76.3499984741211,75.12999725341797,75.44999694824219,75.00933837890625,14892900.0,-0.0132095662914271,-0.013297588629526,1.220001220703125,49.6453680132989,WFC,,,,14892900.0,1117106575.543213,0.840643257563214,10.701543127285706,-1.320956629142711,1.62646578022105,0.19280888113237127,음봉,75.26185913085938,74.60819969177246,70.61205361684164,True,True,0,1.463571275983538,0.04836995371721308,False,49.6453680132989,1.0885673699634708,-0.06219265506644378,45.06284297714389
2025-06-11,75.54000091552734,75.72000122070312,74.56999969482422,74.93000030517578,74.49237823486328,16442400.0,-0.0068919437928057,-0.0069158029244829,1.1500015258789062,60.7940647473452,WFC,,,,16442400.0,1224833479.888916,0.9297888892389494,10.404286606369473,-0.6891943792805777,1.5437841469541005,0.7074619615233455,음봉,75.1723846435547,74.55550918579101,70.68622659047445,True,True,0,1.3999998910086495,0.04840413814387038,False,60.794064747345196,0.9884755830767347,-0.12982755356254394,37.5706686333546
2025-06-12,74.33000183105469,74.5199966430664,73.16999816894531,74.01000213623047,73.5777587890625,14522500.0,-0.0122780271951732,-0.0123540248795142,1.3499984741210938,53.530806660682266,WFC,,,,14522500.0,1068533002.0141602,0.8234014514231686,-11.676519242932903,-1.2278027195173236,1.8347915135487576,-0.21797720472374413,음봉,74.99542541503907,74.44267234802246,70.74070644378662,True,True,0,1.395714351109096,0.04847750694849271,False,53.530806660682266,0.8258303175252166,-0.2339782552912495,24.31531727769995
2025-06-13,72.91999816894531,73.79000091552734,71.93000030517578,72.36000061035156,71.93739318847656,21168300.0,-0.0222943132215897,-0.0225465880013779,1.8600006103515625,47.61904391651802,WFC,,,,21168300.0,1522792320.2316284,1.1943961483494825,45.76209330349457,-2.22943132215897,2.585582445944831,-0.8939666428314273,음봉,74.20606231689453,74.2821159362793,70.74065659840902,False,True,0,1.4364286150251115,0.05487255920636426,False,47.619043916518024,0.5581351434136081,-0.4013387435222864,0.10761106761506556
2025-06-16,73.4000015258789,73.72000122070312,72.93000030517578,73.1500015258789,72.7227783203125,16231500.0,0.0109176201280773,0.0108584531655279,0.7900009155273438,45.578956126823535,WFC,,,,16231500.0,1180399776.3061523,0.9117223450431903,-23.321664942390274,1.0917620128077399,1.0863183912580046,2.033168387920727,음봉,73.54792938232421,74.13150062561036,70.75765171051026,False,True,0,1.418572017124721,0.05498404551761278,False,45.578956126823535,0.40469374807760516,-0.44382411108663145,11.539704486015559
2025-06-17,72.77999877929688,73.20999908447266,72.30000305175781,72.5,72.07657623291016,14156800.0,-0.0088858278290208,-0.008925542235751,0.9099960327148438,43.781586353686464,WFC,,,,14156800.0,1020373674.4140625,0.7930267440275478,-12.781936358315615,-0.8885827829020809,1.2625405926250695,0.07868299356268202,음봉,72.961376953125,73.95454063415528,70.76387678782145,False,True,0,1.4100003923688615,0.05511561250648903,False,43.781586353686464,0.22831535161896,-0.4961620060362213,2.133564325098699
2025-06-18,72.6500015258789,75.13999938964844,72.56999969482422,74.73999786376953,74.3034896850586,23498300.0,0.0308964932650563,0.0304288054896772,2.5699996948242188,51.01320102557445,WFC,,,,23498300.0,1746005691.6664124,1.3058109394739086,65.98595727848102,3.089649326505639,3.458787340564181,0.7955778741706159,양봉,72.92359924316406,73.91576843261718,70.77821407318115,False,True,0,1.4685717991420202,0.055144523166302375,True,51.01320102557445,0.2651707824666971,-0.3674452601507874,34.54859433737013
2025-06-20,75.23999786376953,75.77999877929688,75.06999969482422,75.4000015258789,74.95964050292969,27677500.0,0.0088306864274105,0.0087919239484089,0.7099990844726562,52.64057910951584,WFC,,,,27677500.0,2074695450.0198364,1.51758455764538,17.78511637012039,0.8830686427410583,0.9471751461306795,1.2603824970810977,음봉,73.1999755859375,74.0256233215332,70.80414638519287,False,True,0,1.4428574698311942,0.05506268805036626,False,52.64057910951584,0.3433667461523129,-0.2313994371721373,44.09954856657394
2025-06-23,75.12999725341797,77.02999877929688,74.81999969482422,77.01000213623047,76.56023406982422,17375700.0,0.0213527380355029,0.021127962411769,2.209999084472656,58.615510586844,WFC,,,,17375700.0,1330287659.1270447,0.9655601853730306,-37.22084725860356,2.135273803550297,2.8866148481953435,0.2272646311339008,양봉,74.12454376220703,74.20556640625,70.8694439570109,False,True,0,1.4950000217982702,0.0622977642410165,False,58.615510586844,0.5284010564143813,-0.03709210152805509,67.3978444470357
2025-06-24,77.72000122070312,78.75,77.72000122070312,78.11000061035156,77.65380859375,16342300.0,0.0142838450954632,0.0141827921266305,1.029998779296875,59.13819526957839,WFC,,,,16342300.0,1269041836.1816406,0.9036285398371061,-5.947386292350809,1.428384509546321,1.3263982771088125,1.5148427443693278,음봉,75.11074981689453,74.46802444458008,70.97257773081462,True,True,1,1.4642857142857142,0.0767633551166334,False,59.13819526957839,0.7545860073156092,0.15127427949853822,83.31595342406423
2025-06-25,78.27999877929688,79.30999755859375,77.98999786376953,79.06999969482422,78.60820007324219,13954500.0,0.0122903370327287,0.0122154240200887,1.3199996948242188,63.03888363112751,WFC,,,,13954500.0,1096938127.922058,0.7685923903597656,-14.611162443474912,1.2290337032728749,1.679213737999758,0.8063869588455371,양봉,76.41707458496094,74.72054100036621,71.11781940460205,True,True,1,1.3142852783203125,0.0892767476714727,False,63.03888363112751,0.9993309614305872,0.3168153868908129,90.49054543988439
2025-06-26,79.44000244140625,80.0999984741211,79.19000244140625,79.95999908447266,79.49300384521484,18214800.0,0.0112558711578214,0.0111929952158084,0.9099960327148438,67.37639154549638,WFC,,,,18214800.0,1447949166.4398193,0.9968231989607272,30.529936579597972,1.125587115782145,1.1447498379690704,1.0581623385207157,양봉,77.4549774169922,75.03022155761718,71.25968112945557,True,True,1,1.266427721296038,0.1007008975834648,False,67.37639154549638,1.2502769561631624,0.4542091052987104,92.57044351351907
2025-06-27,80.0,80.1500015258789,78.95999908447266,79.5,79.03569030761719,21324200.0,-0.0057528778065566,-0.005769489348168,1.19000244140625,61.66298578715576,WFC,,,,21324200.0,1685372867.2576904,1.1560755113285839,17.070733689088,-0.5752877806556644,1.5056519868107758,0.6377871388183495,음봉,78.27018737792969,75.2782642364502,71.40183086395264,True,True,1,1.2849993024553572,0.1003690870581977,False,61.662985787155755,1.3961580435536831,0.4800721541513848,86.44390446737181
2025-06-30,80.4800033569336,81.0999984741211,79.91000366210938,80.12000274658203,79.6520767211914,21685800.0,0.0077988363380538,0.0077685826080618,1.1899948120117188,62.9971957497486,WFC,,,,21685800.0,1727319005.3604126,1.1675106203138355,1.6957259826863469,0.7798836338053894,1.4939909428565106,1.8274187821918833,음봉,78.88855590820313,75.543705368042,71.53859869639079,True,True,1,1.3149991716657365,0.10212212248697114,False,62.9971957497486,1.5437121359703525,0.5021009972544435,84.21022854908355
2025-07-01,80.05000305175781,81.51000213623047,79.91000366210938,81.48999786376953,81.01406860351562,20967100.0,0.0170992639286937,0.0169547169530487,1.5999984741210938,70.91416776146562,WFC,,,,20967100.0,1698630077.8167725,1.1229524648717992,-3.3141502734508332,1.7099263928693764,1.974963733708421,0.49958060975519814,양봉,79.56060791015625,75.88022842407227,71.80666255950928,True,True,1,1.342141832624163,0.119618451387787,False,70.91416776146562,1.7503739581235749,0.5670102555261327,94.82324177530721
2025-07-02,81.91999816894531,82.4000015258789,81.25,82.36000061035156,81.87899017333984,15195100.0,0.0106761897622642,0.0106196016556155,1.1500015258789062,75.11835627469863,WFC,,,,15195100.0,1244159443.5829163,0.8106917949250384,-27.52884280611052,1.0676189762264254,1.4045135674540254,1.1182373395703946,음봉,80.21476593017579,76.21376914978028,72.16642780303955,True,True,1,1.342141832624163,0.13044358120283234,False,75.11835627469863,1.9613378020401484,0.6223792795541649,95.02376989690481
2025-07-03,82.63999938964844,83.94999694824219,82.5,83.5999984741211,83.11174774169922,11237300.0,0.0150558472417601,0.0149436328931648,1.4499969482421875,81.73394598388668,WFC,,,,11237300.0,933951642.8977966,0.5983269493189661,-26.04655448137887,1.5055847241760123,1.7446353706200408,0.9294316096199018,양봉,80.93851470947266,76.6223690032959,72.52712910970052,True,True,1,1.3492845807756697,0.1458367145075088,False,81.73394598388668,2.2026110720770617,0.6909220396728624,93.02621097630254
2025-07-07,82.97000122070312,83.58999633789062,81.5,82.33999633789062,81.85910034179688,18156000.0,-0.0150718452437724,-0.0151865798040298,2.089996337890625,83.89942818771792,WFC,,,,18156000.0,1486233825.805664,0.9730636078610522,61.569060183496035,-1.5071845243772475,2.5531630926359967,-0.17054932046023624,음봉,81.5031967163086,76.99219627380371,72.86843605041504,True,True,1,1.3657128470284599,0.14513619683589524,False,83.89942818771792,2.2666155671613524,0.6039412278057221,82.05238024136405
2025-07-08,82.30000305175781,82.41999816894531,81.02999877929688,81.58999633789062,81.11347961425781,18303400.0,-0.0091085868819199,-0.0091503236949865,1.3899993896484375,78.74656281039259,WFC,,,,18303400.0,1484652462.7716064,0.9917179541052928,0.8118528310200546,-0.9108586881919956,1.7136478378916797,0.5386117219954525,음봉,81.79547729492188,77.25365982055663,73.12728055318196,True,True,0,1.4085698808942522,0.1446449861298253,False,78.74656281039259,2.231451446102767,0.45502168539770915,75.65219896947455
2025-07-09,82.43000030517578,82.5199966430664,81.45999908447266,81.79000091552734,81.31231689453125,16135400.0,0.0024513469428142,0.0024483472930186,1.05999755859375,82.64226811407012,WFC,,,,16135400.0,1312006758.0200195,0.8935950259750204,-11.84479386343521,0.24513469428142365,1.303612538760461,1.6230603065961378,음봉,81.855126953125,77.518603515625,73.44250113169352,True,True,0,1.4192842755998885,0.1441506173543271,False,82.64226811407012,2.1943332260803743,0.33432277230025287,76.821786552552
2025-07-10,81.61000061035156,82.73999786376953,81.61000061035156,82.36000061035156,81.87899017333984,14348100.0,0.0069690952176852,0.0069449233128328,1.1299972534179688,80.33436552180916,WFC,,,,14348100.0,1174807938.9060974,0.8038168415458804,-11.076886845073563,0.6969095217685295,1.3800820589332339,0.3660991682310968,양봉,81.855126953125,77.86208610534668,73.77705370585123,True,True,1,1.3164269583565849,0.14351470801981672,False,80.33436552180916,2.185450059117855,0.2603516842701865,77.31645785405875
2025-07-11,81.75,82.68000030517578,81.43000030517578,82.55000305175781,82.06787872314453,12583100.0,0.0023069232950334,0.0023042664328225,1.25,79.56985083854522,WFC,,,,12583100.0,1032668324.7612,0.7243654180851563,-12.301280308891071,0.23069232950334584,1.5231294136611804,-0.15753757229634655,양봉,81.64635314941407,78.24086112976075,74.1050318400065,True,True,1,1.3549984523228236,0.14281993311257446,False,79.56985083854522,2.1686529316060756,0.1948436454067255,79.38533634943808
2025-07-14,82.19999694824219,83.5199966430664,82.12000274658203,83.43000030517578,82.94274139404297,20194200.0,0.0106602325356768,0.0106038128671568,1.399993896484375,78.25701014129722,WFC,,,,20194200.0,1674962308.2595825,1.1719679378485146,60.486684521302394,1.0660232535676828,1.6879040564059822,0.1609865237815592,양봉,81.86308135986329,78.70911026000977,74.42386137644449,True,True,1,1.2971409388950892,0.14197028166509565,False,78.25701014129722,2.200568410218594,0.18140729921539478,83.83216300218717
2025-07-15,80.75,81.08000183105469,77.72000122070312,78.86000061035156,78.39942932128906,53938000.0,-0.0547764879288185,-0.0563338587447628,3.3600006103515625,52.52865795095134,WFC,,,,53938000.0,4228708418.7316895,3.0734595298171143,167.0964930524606,-5.477648792881851,4.285746260450352,-2.643680878144273,음봉,81.32027130126953,79.03221206665039,74.67619717915854,True,True,0,1.4635696411132812,0.13962878198933304,True,52.52865795095134,1.8380662590518142,-0.14487588156110798,10.905755482023762
2025-07-16,78.88999938964844,80.08000183105469,78.20999908447266,79.91000366210938,79.44329833984375,30567500.0,0.0133147527678652,0.013226890497569,1.8700027465820312,52.81502291973567,WFC,,,,30567500.0,2428383022.003174,1.737832346750594,-43.32845118469354,1.3314752767865201,2.353883569363529,0.6257316827511173,양봉,80.94646759033203,79.36823806762695,74.93390115102132,True,True,0,1.5028555733816964,0.13903762736154446,False,52.81502291973567,1.616379580739732,-0.29325004789855247,27.661288939942054
2025-07-17,79.45999908447266,80.6500015258789,79.0999984741211,79.70999908447266,79.24446105957031,21837600.0,-0.0025028829923808,-0.0025060204402209,1.5500030517578125,49.121565687752295,WFC,,,,21837600.0,1730508842.8344727,1.2404716712421255,-28.55941768217879,-0.2502882992380884,1.9559765200404748,0.02102221959297756,음봉,80.41956176757813,79.72663230895996,75.19982643127442,True,True,0,1.5485703604561942,0.11048074904890623,False,49.121565687752295,1.4084114932570202,-0.4009745083050116,24.469677115964426
2025-07-18,79.8499984741211,80.7699966430664,78.87999725341797,80.63999938964844,80.16902923583984,21236000.0,0.0116672908605499,0.0115997528387628,1.8899993896484373,53.87753333448185,WFC,,,,21236000.0,1702469504.852295,1.2020873098001075,-2.7548814888082918,1.1667290860549961,2.3575181184849705,0.7641384728398639,양봉,80.03979187011718,80.01990928649903,75.44457791646322,True,True,1,1.5985701424734933,0.10187598700696048,False,53.87753333448185,1.3031779858631864,-0.4049664125590766,39.31026797195124
2025-07-21,80.75,81.45999908447266,80.16999816894531,80.27999877929688,79.8111343383789,14506600.0,-0.0044642538505498,-0.004474248388299,1.2900009155273438,50.55398835476514,WFC,,,,14506600.0,1157788201.3931274,0.8244625231472941,-31.688641928800156,-0.44642538505498264,1.6163169791047802,0.7246822990098416,음봉,79.41347045898438,80.26248397827149,75.65518557230631,False,True,0,1.6057134355817522,0.08162610159995315,False,50.55398835476514,1.1773290297217045,-0.42465229496044676,33.56556262843231
2025-07-22,80.27999877929688,82.58999633789062,80.27999877929688,82.37999725341797,81.89886474609375,22437000.0,0.0261583853559004,0.025822106526405,2.30999755859375,52.93339781621569,WFC,,,,22437000.0,1837564828.3081055,1.2699312392460251,54.66753064122538,2.6158385355900426,2.820548936490512,0.5874674565206689,양봉,80.11335754394531,80.52941551208497,75.87389297485352,False,True,0,1.6564276559012276,0.06777572037797978,False,52.93339781621569,1.2318551617964175,-0.2961009303085871,67.0765070819934
2025-07-23,83.0,83.93000030517578,82.61000061035156,83.69999694824219,83.2111587524414,19379200.0,0.0160233479476923,0.0158963291557246,1.3199996948242188,54.28934995258894,WFC,,,,19379200.0,1612565687.6953125,1.0950474088082063,-13.628381690956903,1.6023347947692335,1.5863253373881063,1.3445061263303648,양봉,80.86692962646484,80.80728302001953,76.1116704305013,True,True,1,1.6685703822544642,0.05954573958340199,False,54.28934995258894,1.365221252540266,-0.13018787165179102,88.14063077868862
2025-07-24,83.83999633789062,84.83000183105469,83.12000274658203,83.87000274658203,83.38017272949219,19031200.0,0.0020311455769244,0.002029085589698,1.7099990844726562,50.9278398365369,WFC,,,,19031200.0,1586824743.2495117,1.0769747333939474,-1.7957397622192839,0.2031145576924409,2.050846176608863,0.7557130496404351,음봉,81.69407196044922,81.04588165283204,76.35720850626628,True,True,1,1.6871419634137834,0.06145584830008546,False,50.9278398365369,1.4676348744827692,-0.02221939976743048,79.60859385227519
2025-07-25,84.12000274658203,84.45999908447266,83.2300033569336,84.31999969482422,83.8275375366211,14072400.0,0.0053653619617732,0.0053510196854135,1.2299957275390625,57.20523700397618,WFC,,,,14072400.0,1179654639.2303467,0.7994792786841074,-26.056160410273655,0.5365361961773285,1.4672931636596431,0.8872972948737493,음봉,82.42577362060547,81.26260833740234,76.58268292744954,True,True,1,1.6257133483886719,0.06679712018096351,False,57.20523700397618,1.566835504499494,0.061584984199435144,85.9006440453171
2025-07-28,84.31999969482422,84.5,82.70999908447266,83.06999969482422,82.5848388671875,10627100.0,-0.0148244682589024,-0.0149354488733427,1.7900009155273438,55.19663542013596,WFC,,,,10627100.0,877637341.1254883,0.6076627295331304,-24.48267530769449,-1.482446825890249,2.167469162718854,0.5874706244209869,음봉,82.98051452636719,81.44006576538087,76.78892873128255,True,True,0,1.654284885951451,0.06665156964595001,False,55.19663542013596,1.527568463167455,0.017854354293916908,68.42246454102381
2025-07-29,83.62999725341797,83.69999694824219,82.19999694824219,82.6500015258789,82.16729736328125,12478200.0,-0.0050559098937971,-0.0050687342503464,1.5,52.97373147255752,WFC,,,,12478200.0,1025299969.9584961,0.7162502302838318,17.418674897196794,-0.5055909893797117,1.8255437967834596,1.265557214334809,음봉,83.0342010498047,81.56582679748536,76.97503242492675,True,True,0,1.685713631766183,0.06654880393487751,False,52.97373147255752,1.4460873454228533,-0.050901410760548105,62.54987005350233
2025-07-30,82.98999786376953,83.08999633789062,81.30999755859375,81.77999877929688,81.30237579345703,15579100.0,-0.010526348043312,-0.0105821419275018,1.779998779296875,48.03522443436467,WFC,,,,15579100.0,1266617842.7238464,0.9016228660961161,24.850539340610034,-1.0526348043312095,2.189356414157978,1.0012505301846863,음봉,82.6524444580078,81.58024215698242,77.11392758687337,True,True,0,1.7321423121861048,0.06653704465459767,False,48.03522443436467,1.2967726425267614,-0.16017289092531217,50.38501076270332
2025-07-31,81.3499984741211,81.93000030517578,80.33000183105469,80.62999725341797,80.15908813476562,14813900.0,-0.0140621678952636,-0.0141619769709901,1.5999984741210938,43.893119522910105,WFC,,,,14813900.0,1187468715.7196045,0.8645964787134011,-4.911708635287015,-1.40621678952636,1.9960287864441935,0.05857477127734197,음봉,82.0082275390625,81.4942470550537,77.23294410705566,True,True,0,1.7571422031947546,0.06660725648112381,False,43.893119522910105,1.0738077185669397,-0.3065102519081073,34.3050169434781
2025-08-01,79.19000244140625,79.3499984741211,77.4000015258789,77.77999877929688,77.32573699951172,16071300.0,-0.0353465988845881,-0.0359864119886715,1.9499969482421875,34.03051985968639,WFC,,,,16071300.0,1242725117.0402527,0.9411229689939096,8.487974132402677,-3.534659888458813,2.521795489973152,-1.2089529907452565,음봉,80.70786743164062,81.20494651794434,77.31083526611329,False,True,0,1.7964281354631697,0.08006655771483864,False,34.03051985968639,0.6608606622982052,-0.5755658465414735,-0.999522521088652
2025-08-04,78.5199966430664,78.52999877929688,76.91000366210938,77.58000183105469,77.12690734863281,13892100.0,-0.0025713256490547,-0.0025746371847606,1.6199951171875,45.19520280788762,WFC,,,,13892100.0,1071454709.5779419,0.8168936561635314,-13.55957514326781,-0.2571325649054712,2.100427947752033,1.5444529724459384,음봉,79.61628112792968,80.96833686828613,77.39035631815592,False,False,0,1.6721420288085938,0.08275617910848802,False,45.19520280788762,0.31393441344434336,-0.7379936763162682,2.738683543816047
2025-08-05,78.33999633789062,78.3499984741211,76.16000366210938,77.95999908447266,77.50468444824219,15765100.0,0.0048981232697653,0.0048861664919349,2.1899948120117188,42.29247453250957,WFC,,,,15765100.0,1221869100.794983,0.9272954453533149,13.482482849965095,0.4898123269765353,2.825628963723093,1.572847960536455,음봉,78.68375854492187,80.78789710998535,77.47403144836426,False,True,0,1.6949986049107142,0.0829410150243914,False,42.29247453250957,0.06868456358816388,-0.7865948209379581,15.509585583873198
2025-08-06,77.91000366210938,78.81999969482422,77.55999755859375,77.61000061035156,77.15673065185547,14157000.0,-0.004489455042154,-0.0044995629093306,1.2600021362304688,41.79688366535345,WFC,,,,14157000.0,1092307835.8383179,0.8357807741494024,-10.20037931887524,-0.44894550421540336,1.6330424132611536,0.5229609239140386,음봉,77.85462951660156,80.58011779785156,77.55952924092611,False,False,0,1.6742842538016183,0.08315488201193638,False,41.79688366535345,-0.15200248274696548,-0.8058254938184699,11.496276819483384
2025-08-07,78.27999877929688,78.30000305175781,76.77999877929688,77.05000305175781,76.60000610351562,13105600.0,-0.0072155020519452,-0.0072416596898204,1.5200042724609375,35.559147426046806,WFC,,,,13105600.0,1003889039.9902344,0.7745841567141719,-7.4267146994419715,-0.7215502051945211,1.9843396231677004,1.455826494916933,음봉,77.14281311035157,80.31616859436035,77.59548479715983,False,False,0,1.6478560311453683,0.08998849869953797,False,35.559147426046806,-0.3675842923329924,-0.8171258427235975,5.075000395989419
2025-08-08,77.11000061035156,78.18000030517578,76.3499984741211,77.8499984741211,77.8499984741211,14123000.0,0.016318436958298,0.0161867222528611,1.8300018310546875,42.59919752901587,WFC,,,,14123000.0,1099475528.4500122,0.8393099152633267,7.7630936393602745,1.6318436958298044,2.350676771898739,0.6657891203647448,양봉,77.24766540527344,80.10527458190919,77.63388163248698,False,True,0,1.6864275251116072,0.09022541238174246,False,42.59919752901587,-0.43258393361467995,-0.705700387204228,19.492447161811835
2025-08-11,78.01000213623047,78.08999633789062,77.2300033569336,77.58999633789062,77.58999633789062,14408100.0,-0.0033397834467125,-0.0033453729721208,0.8599929809570312,31.137446963138714,WFC,,,,14408100.0,1117924426.235962,0.8536189430724347,2.0186929122707697,-0.33397834467125964,1.1083812624657372,0.205528150604349,음봉,77.340283203125,79.83763732910157,77.6631399790446,False,False,0,1.5828557695661272,0.09052787225294011,False,31.137446963138714,-0.499320758208583,-0.6179497694385048,16.493575291668204
2025-08-12,78.22000122070312,79.55999755859375,78.1500015258789,79.4800033569336,79.4800033569336,14365200.0,0.0243589007378262,0.0240669542121771,1.4099960327148438,34.45282726154856,WFC,,,,14365200.0,1141746144.2230225,0.8559555277616676,-0.2977491827513723,2.4358900737826206,1.7740261363386567,0.8119666355813975,양봉,77.73534698486328,79.89166603088378,77.73533134460449,False,True,0,1.5892840794154577,0.09046665055540982,False,34.45282726154856,-0.395147388400261,-0.4110211197041462,38.292968811873344
2025-08-13,79.68000030517578,79.72000122070312,77.0999984741211,77.88999938964844,77.88999938964844,14415100.0,-0.0200050817832087,-0.0202078928240342,2.6200027465820312,29.54550364231521,WFC,,,,14415100.0,1122792130.2017212,0.8582956521147415,0.3473672486286272,-2.00050817832087,3.3637216165265866,0.2516317813224405,음봉,77.88200073242187,79.81400108337402,77.77124659220378,False,True,0,1.6542843409946986,0.09055468132158367,True,29.54550364231521,-0.4358648950472599,-0.36139090108091604,20.743363155679965
2025-08-14,78.27999877929688,79.58000183105469,77.70999908447266,79.41000366210938,79.41000366210938,16051500.0,0.0195147552236718,0.0193267839278085,1.8700027465820312,34.75986753272595,WFC,,,,16051500.0,1274649673.7823486,0.9539401693018356,11.351985071210047,1.9514755223671854,2.3548704953332047,0.5007053443375278,양봉,78.44400024414062,79.82227821350098,77.83448371887206,False,True,0,1.6999991280691964,0.0905452913004307,False,34.75986753272595,-0.34154505208094577,-0.21365684649168148,38.96884205133835
2025-08-15,79.54000091552734,79.6500015258789,77.01000213623047,77.0999984741211,77.0999984741211,15380400.0,-0.029089599313172,-0.0295210902452178,2.639999389648437,32.37564677796338,WFC,,,,15380400.0,1185828816.531372,0.9139907580802185,-4.180917671245677,-2.908959931317201,3.424123789748924,0.16370387535946831,음봉,78.29400024414062,79.66882667541503,77.86816813151042,False,False,0,1.7607133047921317,0.09071969218966557,True,32.37564677796338,-0.44802940603997854,-0.2561129603605714,12.466785795957025
2025-08-18,76.98999786376953,77.5999984741211,76.91000366210938,77.44000244140625,77.44000244140625,11660900.0,0.0044099088717788,0.0044002137163679,0.6899948120117188,34.7337843764321,WFC,,,,11660900.0,903020124.4689941,0.6944003652367233,-24.18337624509116,0.4409908871778834,0.89100566923896,-0.14267264919400047,양봉,78.26400146484374,79.5502700805664,77.94612579345703,False,False,0,1.7028557913643974,0.09085489497126303,False,34.7337843764321,-0.4992287468678569,-0.24584984095075973,18.470420376780194
2025-08-19,77.16000366210938,77.7699966430664,77.02999877929688,77.52999877929688,77.52999877929688,10118500.0,0.0011621427563708,0.0011614679912094,0.7399978637695312,37.17571178323051,WFC,,,,10118500.0,784487292.6483154,0.604036890410881,-13.22710939978904,0.1162142756370832,0.9544664973826049,-0.3615686602137334,양봉,77.8740005493164,79.33182678222656,78.02226956685384,False,False,0,1.6285700116838728,0.09110506749007222,False,37.17571178323051,-0.5264737790025009,-0.218475898468323,23.743430056129633
2025-08-20,77.47000122070312,78.4800033569336,76.58999633789062,78.16000366210938,78.16000366210938,12101900.0,0.0081259498611101,0.0080931121025813,1.8900070190429688,42.95832029935684,WFC,,,,12101900.0,945884548.3184814,0.7214497927352148,19.60171962247368,0.8125949861110149,2.418125550778616,-0.07738624988830951,양봉,77.9280014038086,79.07926902770996,78.11819216410319,False,True,0,1.649284907749721,0.09139603238584425,False,42.95832029935684,-0.4915631009462942,-0.146852176329693,56.179813808356336
2025-08-21,77.87999725341797,78.06999969482422,77.08000183105469,77.83000183105469,77.83000183105469,9102700.0,-0.0042221317245749,-0.0042310700909036,0.9899978637695312,52.15658022073827,WFC,,,,9102700.0,708463157.6675415,0.5471104811512758,-24.782885332055294,-0.42221317245749734,1.2720003089791982,-0.35824769136640733,음봉,77.61200103759765,78.80176048278808,78.18939437866212,False,False,0,1.5807135445731026,0.09171789296108568,False,52.15658022073827,-0.48493450379611147,-0.11217886334360816,46.91009309582183
2025-08-22,78.33999633789062,79.30999755859375,78.12999725341797,79.0999984741211,79.0999984741211,11282600.0,0.0163175717999233,0.0161858709854714,1.1800003051757812,57.73004950373714,WFC,,,,11282600.0,892453642.7841187,0.6771202500263636,23.947839651971403,1.6317571799923325,1.4917829683167925,0.6552672424998535,양봉,78.01200103759766,78.56538352966308,78.28607114156087,False,True,0,1.5492853437151228,0.07617645959065733,False,57.73004950373714,-0.37290456579798104,-0.00011914027638215696,82.58418056817597
2025-08-25,78.87999725341797,80.5,78.87000274658203,80.19000244140625,80.19000244140625,12017000.0,0.0137800757055863,0.0136859937811039,1.6299972534179688,59.96429533970952,WFC,,,,12017000.0,963643259.3383789,0.719306406623307,6.509137964653533,1.378007570558637,2.032668916064675,-0.27813049930096034,양봉,78.56200103759765,78.44564170837403,78.38799057006835,True,True,1,1.5092855181012834,0.07097005185402569,False,59.964295339709516,-0.1939303142405322,0.14308408902485337,92.53018205750907
2025-08-26,79.81999969482422,81.62999725341797,79.77999877929688,81.51000213623047,81.51000213623047,14936600.0,0.0164609010429788,0.0163268890503593,1.8499984741210933,65.06661512365042,WFC,,,,14936600.0,1217482297.90802,0.8907464134425584,24.29558125988183,1.6460901042978815,2.2696582328989856,-0.4614075761531336,양봉,79.35800170898438,78.41277694702148,78.5074363708496,True,True,0,1.5514281136648995,0.06261729559753017,False,65.06661512365042,0.05380083074618369,0.3126521872092554,97.72736467936306
2025-08-27,81.26000213623047,83.20999908447266,81.23999786376953,82.5,82.5,15567700.0,0.0121457224613357,0.0120725550260685,1.970001220703125,69.82522147261471,WFC,,,,15567700.0,1284335250.0,0.9223954544449936,4.225191810719986,1.2145722461335717,2.3878802675189394,-0.3067108249882835,양봉,80.2260009765625,78.47265815734863,78.64437624613444,True,True,0,1.5835707528250558,0.07518534525304424,False,69.82522147261471,0.3262532573385215,0.46808369104127456,89.65016003932585
2025-08-28,82.87999725341797,83.12999725341797,81.91999816894531,81.9800033569336,81.9800033569336,13963200.0,-0.0063029896129261,-0.0063229373162427,1.2099990844726562,64.5936316502325,WFC,,,,13963200.0,1144703182.8735352,0.8273694302938667,-10.30659635013521,-0.6302989612926191,1.4759685715117974,0.4606027314157197,음봉,81.05600128173828,78.56370391845704,78.757240041097,True,True,0,1.5392848423549108,0.07509821459802997,False,64.5936316502325,0.49451393619230544,0.5090754959160467,81.42001182440414
2025-08-29,81.97000122070312,82.80999755859375,81.80000305175781,82.18000030517578,82.18000030517578,12041200.0,0.0024395820938358,0.0024366111443752,1.0099945068359375,66.28813947532146,WFC,,,,12041200.0,989545819.6746826,0.7168557424815467,-13.764753065199953,0.24395820938358792,1.2290028024888278,-0.012200702391923973,양봉,81.67200164794922,78.80641708374023,78.87791086832682,True,True,0,1.5499992370605469,0.07486692219765557,False,66.28813947532146,0.636660789442459,0.5209778793329601,84.44111250816817
2025-09-02,81.70999908447266,81.81999969482422,80.44000244140625,81.77999877929688,81.77999877929688,13326000.0,-0.0048673828716658,-0.0048792671589425,1.3799972534179688,59.12695601416644,WFC,0.8875752687454224,0.0,Wells Fargo & Co (WFC) Unveils New Note Program to Optimize Financial Operations,13326000.0,1089800263.7329102,0.7917818368658064,10.670032887087654,-0.4867382871665882,1.68745081195492,-0.5719167911386875,양봉,81.99000091552735,79.03907165527343,78.99986826578775,True,True,0,1.5478564671107702,0.07464654850979302,False,59.12695601416644,0.7088650594180024,0.4745457194468028,78.3987958930364
2025-09-03,81.7300033569336,82.01000213623047,80.0199966430664,80.51000213623047,80.51000213623047,11174000.0,-0.0155294284913576,-0.0156512731642081,1.9900054931640625,60.66775805885441,WFC,,,,11174000.0,899618763.8702393,0.6651848496350687,-16.14888188503677,-1.5529428491357633,2.471749398039745,-0.0611340463555227,음봉,81.79000091552734,79.18933753967285,79.07696482340495,True,True,0,1.502856663295201,0.07450490280372093,False,60.66775805885441,0.6560468485910604,0.33738200689588865,59.21456453116699
2025-09-04,80.75,82.12999725341797,80.22000122070312,81.83000183105469,81.83000183105469,10822300.0,0.0163954745969407,0.0162625200699978,1.909996032714844,60.01654719424006,WFC,0.0,0.0,Here's How Much $1000 Invested In Wells Fargo 5 Years Ago Would Be Worth Today,10822300.0,885588828.8162231,0.6558719840975755,-3.1474852335779513,1.6395474596940796,2.3341023951804383,0.2980969536722063,양봉,81.65600128173828,79.42300109863281,79.17390747070313,True,True,1,1.5057133265904017,0.07428570835742365,False,60.01654719424006,0.712487863073406,0.31505841710258725,79.15412868777926
2025-09-05,81.63999938964844,82.0199966430664,78.69999694824219,78.95999908447266,78.95999908447266,20661400.0,-0.0350727444991069,-0.0357025633852137,3.3199996948242188,57.357597706352806,WFC,0.0,0.0,"Chelsea FCW vs. Manchester City WFC, Women’s Super League: Preview, team news, how to watch",20661400.0,1631424125.0839233,1.2515287060605775,90.91505502527188,-3.507274449910691,4.204660249897458,-0.2321916621712009,음봉,81.0520004272461,79.54100074768067,79.2397518157959,True,False,0,1.5542847769601005,0.06788953464401018,True,57.357597706352806,0.519642423261601,0.09777038183262587,35.80063086538273
2025-09-08,78.98999786376953,79.79000091552734,78.55999755859375,79.13999938964844,79.13999938964844,17107000.0,0.0022796391497321,0.0022770447145748,1.2300033569335938,56.81088754097439,WFC,0.0,0.0,How Is Citigroup’s Stock Performance Compared to Other Banking Stocks?,17107000.0,1353847969.5587158,1.0301662732359276,-17.203093691618186,0.2279639149732171,1.5542119868836883,0.03799237543655722,양봉,80.44400024414062,79.60550079345703,79.31721216837565,True,False,0,1.5928568158830916,0.06783452741399933,False,56.810887540974385,0.3769898389414408,-0.035905761990027485,38.519667579811845
2025-09-09,79.30999755859375,81.45999908447266,79.0,80.76000213623047,80.76000213623047,17157300.0,0.0204700879337373,0.0202633916512506,2.459999084472656,61.52749059395453,WFC,1.0,0.0,"Wells Fargo says US consumer finances are strong, with good credit",17157300.0,1385623584.651947,1.029550073879471,0.2940316829368017,2.047008793373739,3.0460611929194763,0.21480688685416943,양봉,80.24000091552735,79.76400108337403,79.43691622416178,True,True,1,1.7157140459333147,0.06769973236716782,False,61.52749059395453,0.3901598015069254,-0.018188639539634344,62.99099800967388
2025-09-10,80.66000366210938,81.23999786376953,79.91000366210938,80.30000305175781,80.30000305175781,16460200.0,-0.005695877566926,-0.0057121609390558,1.3299942016601562,57.73121371350955,WFC,0.9999998807907104,0.0,JPMorgan Chase’s Profit Engine That Remains Undervalued,16460200.0,1321754110.232544,0.9862472217017784,-4.062993594563247,-0.5695877566926022,1.656281632770177,-0.12382178241205437,음봉,80.19800109863282,79.80500106811523,79.57629305521647,True,True,1,1.675713130405971,0.06766495148931698,False,57.73121371350955,0.35933679904039195,-0.03920931360493429,52.5285915733113
2025-09-11,80.19999694824219,81.38999938964844,79.77999877929688,81.25,81.25,17785800.0,0.0118305966642349,0.0117611622526755,1.6100006103515625,61.82572679786841,WFC,0.9999983310699464,0.0,Wall Street Bullish on Wells Fargo & Company (WFC),17785800.0,1445096250.0,1.0643134797953338,8.053365086693965,1.1830596664234916,1.9815392127403846,-0.12454059740342166,양봉,80.08200073242188,79.9730010986328,79.71841341654459,True,True,1,1.719999040876116,0.06752280709359577,False,61.82572679786841,0.4068759491153884,0.006663869176049664,61.41735476371413
2025-09-12,81.0999984741211,81.63999938964844,80.79000091552734,81.45999908447266,81.45999908447266,10498300.0,0.0025846041165864,0.0025812697714391,0.8499984741210938,58.805976437686034,WFC,0.9959916472434998,0.0,Promising Bank Stocks To Keep An Eye On – September 9th,10498300.0,855191508.3885193,0.6306354230213196,-40.973698118723924,0.2584604116586453,1.0434550499315125,-0.18461726262019232,양봉,80.58200073242188,80.07550086975098,79.87480379740397,True,True,1,1.696427481515067,0.06743637526117292,False,58.805976437686034,0.45623702273192634,0.044819954234070036,62.3656037474261
2025-09-15,81.61000061035156,81.81999969482422,81.12999725341797,81.41000366210938,81.41000366210938,9563200.0,-0.0006137419951531,-0.0006139304118682,0.69000244140625,54.935285868073045,WFC,0.994602620601654,0.0,"Wells Fargo & Company (WFC)’s CEO Has “Done So Much Good,” Says Jim Cramer",9563200.0,778540147.0214844,0.5808915458270899,-8.907156396749949,-0.061374199515318306,0.8475646853795654,0.1841413301801749,음봉,81.03600158691407,80.29100112915039,79.99324569702148,True,True,1,1.6292849949428014,0.06302073068505645,False,54.935285868073045,0.48572270742549506,0.05944451114211091,61.29043372683495
2025-09-16,81.55999755859375,81.61000061035156,80.08000183105469,81.38999938964844,81.38999938964844,10705900.0,-0.0002457225348369,-0.0002457527295654,1.529998779296875,49.45749161007274,WFC,,,,10705900.0,871353194.4656372,0.6537849630903758,11.948929228710048,-0.024572253483690076,1.8798363321912832,0.18424504328352784,음봉,81.16200103759766,80.4885009765625,80.10041834513346,True,True,1,1.6064278738839286,0.06174796598771721,False,49.45749161007274,0.5016929434144402,0.060331797704844814,60.860234460241024
2025-09-17,81.22000122070312,82.72000122070312,80.54000091552734,82.4800033569336,82.4800033569336,14746100.0,0.0133923574819905,0.0133034725688222,2.180000305175781,49.9104092734093,WFC,0.0,0.0,Wells Fargo & Company $WFC Shares Sold by Thurston Springer Miller Herd & Titak Inc.,14746100.0,1216258377.5016785,0.8999966867874898,37.738069662522534,1.3392357481990524,2.6430652478780745,-0.2088686204940968,양봉,81.5980010986328,80.73600120544434,80.19908116658529,True,True,1,1.6214278084891183,0.057842822275304816,False,49.9104092734093,0.5954398214978909,0.12326294063063642,85.77693785799309
2025-09-18,82.56999969482422,83.5199966430664,81.94000244140625,83.5,83.5,13021100.0,0.0123665931323055,0.0122907514481352,1.5799942016601562,56.51799811424336,WFC,0.0,0.0,Multi-club ownership group Mercury 13 acquires majority stake in Bristol City Women,13021100.0,1087261850.0,0.8028641151839347,-11.69800828693689,1.2366593132305592,1.8922086247427021,0.10911291734696511,양봉,82.04800109863281,81.00300102233886,80.29651769002278,True,True,1,1.6478560311453683,0.0699973840152126,False,56.517998114243355,0.7434698448392396,0.21703437117758806,99.59684179924537
2025-09-19,83.83000183105469,84.93000030517578,82.93000030517578,84.63999938964844,84.63999938964844,36482400.0,0.0136526873011788,0.0135603290420314,2.0,59.76190231104077,WFC,0.0,0.0,Here's How Much $100 Invested In Wells Fargo 5 Years Ago Would Be Worth Today,36482400.0,3087870313.73291,2.230238458078799,180.17909393215626,1.3652687301178856,2.362948977342032,0.39521177371818866,양봉,82.68400115966797,81.34350090026855,80.39704767862956,True,True,1,1.7185707092285156,0.06982734013550465,False,59.761902311040764,0.9419153147813262,0.3323838728957397,95.44739732360476
2025-09-22,83.87999725341797,85.27999877929688,83.73999786376953,85.16000366210938,85.16000366210938,14545000.0,0.0061437178191252,0.0061249221291299,1.5400009155273438,63.28618144041995,WFC,0.0,0.0,"30,589 Shares in Wells Fargo & Company $WFC Acquired by Kingstone Capital Partners Texas LLC",14545000.0,1238652253.2653809,0.8916125456565445,-60.131460649518665,0.6143717819125261,1.8083617300412862,-0.897923135291773,양봉,83.43400115966797,81.64650115966796,80.4914976755778,True,True,1,1.7299995422363281,0.07593717415412554,False,63.28618144041995,1.128140279464688,0.41488707006328107,98.21435869955178
2025-09-23,85.1500015258789,86.66000366210938,83.66999816894531,84.37000274658203,84.37000274658203,14818500.0,-0.0092766660586564,-0.0093199622964239,2.9900054931640625,65.7679692730013,WFC,0.0,0.0,"Almaty to Host the WFC 2025, First-Ever Global CSD Forum in Central Asia",14818500.0,1250236885.7002258,0.9097270133423764,1.8803712616019208,-0.9276666058656402,3.543920108838911,-0.011745110146019222,음봉,84.03000183105469,81.85550117492676,80.58040288289388,True,True,1,1.8014281136648995,0.07574328528497054,True,65.7679692730013,1.198166714038166,0.387930803709407,71.72840506214655
2025-09-24,84.6500015258789,85.37000274658203,83.66000366210938,84.11000061035156,84.11000061035156,9478700.0,-0.0030816893180793,-0.003086447500614,1.7099990844726562,60.19676726814642,WFC,0.0,0.0,Here’s What Lifted Wells Fargo (WFC) in the First Half of 2025,9478700.0,797253462.7853394,0.5844588609769212,-36.03468637176503,-0.3081689318079395,2.0330508525310886,0.33187006066349595,음봉,84.35600128173829,81.98550109863281,80.65470161437989,True,True,0,1.787142617361886,0.07562318330137169,False,60.19676726814642,1.2186354970498456,0.32671966937686925,68.51850456444667
2025-09-25,83.69000244140625,84.66000366210938,83.55999755859375,84.31999969482422,84.31999969482422,8502500.0,0.0024967195690022,0.0024936079428615,1.100006103515625,81.45538686920968,WFC,,,,8502500.0,716930797.4052429,0.5292975140015093,-10.298880648190156,0.24967195690022148,1.3045613229326734,-0.4993439138004508,양봉,84.52000122070312,82.07650108337403,80.7098004659017,True,True,0,1.6285716465541296,0.07553933824906474,False,81.45538686920968,1.237536772563402,0.2764967559123406,71.11108390067102
